variable,min,max,mean,median,std
total_cap,311.1111111111111,311.1111111111111,311.11111111111103,311.1111111111111,6.139790967464725e-14
market_cost,6725.246634634011,6725.246634634011,6725.24663463401,6725.246634634011,9.82366554794356e-13
lambda_e_avg,5.0,5.0,5.0,5.0,0.0
ls_total,0.0,0.0,0.0,0.0,0.0
rd_volume,132.22222222222223,211.1111111111112,143.49206349206347,132.22222222222223,29.817197315172404
rd_cost,654.9055555555556,852.1277777777782,683.0801587301588,654.9055555555556,74.54299328793107
curtailment,0.0,0.0,0.0,0.0,0.0
lambda_c_z1,11.564989182752065,11.564989182752065,11.564989182752063,11.564989182752065,1.9186846773327266e-15
lambda_c_z2,11.564989182752065,11.564989182752065,11.564989182752063,11.564989182752065,1.9186846773327266e-15
lambda_c_z3,11.564989182752065,11.564989182752065,11.564989182752063,11.564989182752065,1.9186846773327266e-15
c_NL0 0 coal,11.11111111111111,11.11111111111111,11.111111111111112,11.11111111111111,1.9186846773327266e-15
c_NL0 1 coal,155.55555555555554,155.55555555555554,155.55555555555551,155.55555555555554,3.0698954837323625e-14
c_NL0 10 coal,144.44444444444446,144.44444444444446,144.44444444444446,144.44444444444446,0.0
