run_id,generator,type,bus,zone,cm_offer,lambda_c_z,mu_cm_bud
1,NL0 0 Invest,investable,NL0 0,1,1000.0,59329.06935279719,59329.06935292875
1,NL0 1 Invest,investable,NL0 1,3,1000.0,53935.51759343677,53935.51759357159
1,NL0 10 Invest,investable,NL0 10,1,35.5312178697568,59329.06935279719,59329.06935292875
1,NL0 11 Invest,investable,NL0 11,3,1000.0,53935.51759343677,53935.51759357159
1,NL0 12 Invest,investable,NL0 12,2,1000.0,48541.96583407945,48541.96583421443
1,NL0 13 Invest,investable,NL0 13,3,1000.0,53935.51759343677,53935.51759357159
1,NL0 14 Invest,investable,NL0 14,2,1000.0,48541.96583407945,48541.96583421443
1,NL0 15 Invest,investable,NL0 15,2,0.0,48541.96583407945,48541.96583421443
1,NL0 16 Invest,investable,NL0 16,1,0.0,59329.06935279719,59329.06935292875
1,NL0 17 Invest,investable,NL0 17,1,0.0,59329.06935279719,59329.06935292875
1,NL0 18 Invest,investable,NL0 18,1,0.0,59329.06935279719,59329.06935292875
1,NL0 19 Invest,investable,NL0 19,2,0.0,48541.96583407945,48541.96583421443
1,NL0 2 Invest,investable,NL0 2,2,0.0,48541.96583407945,48541.96583421443
1,NL0 20 Invest,investable,NL0 20,1,1000.0,59329.06935279719,59329.06935292875
1,NL0 21 Invest,investable,NL0 21,1,0.0,59329.06935279719,59329.06935292875
1,NL0 22 Invest,investable,NL0 22,3,0.0,53935.51759343677,53935.51759357159
1,NL0 23 Invest,investable,NL0 23,1,0.0,59329.06935279719,59329.06935292875
1,NL0 24 Invest,investable,NL0 24,1,1000.0,59329.06935279719,59329.06935292875
1,NL0 25 Invest,investable,NL0 25,2,0.0,48541.96583407945,48541.96583421443
1,NL0 26 Invest,investable,NL0 26,2,1000.0,48541.96583407945,48541.96583421443
1,NL0 27 Invest,investable,NL0 27,1,0.0,59329.06935279719,59329.06935292875
1,NL0 28 Invest,investable,NL0 28,2,1000.0,48541.96583407945,48541.96583421443
1,NL0 3 Invest,investable,NL0 3,1,0.0,59329.06935279719,59329.06935292875
1,NL0 30 Invest,investable,NL0 30,1,0.0,59329.06935279719,59329.06935292875
1,NL0 31 Invest,investable,NL0 31,2,987.3248031843468,48541.96583407945,48541.96583421443
1,NL0 33 Invest,investable,NL0 33,1,0.0,59329.06935279719,59329.06935292875
1,NL0 4 Invest,investable,NL0 4,2,1000.0,48541.96583407945,48541.96583421443
1,NL0 5 Invest,investable,NL0 5,3,678.1047541590506,53935.51759343677,53935.51759357159
1,NL0 6 Invest,investable,NL0 6,3,1000.0,53935.51759343677,53935.51759357159
1,NL0 7 Invest,investable,NL0 7,3,0.0,53935.51759343677,53935.51759357159
1,NL0 8 Invest,investable,NL0 8,1,0.0,59329.06935279719,59329.06935292875
1,NL0 9 Invest,investable,NL0 9,3,1000.0,53935.51759343677,53935.51759357159
1,NL0 1 biomass,legacy,NL0 1,3,71.0,53935.51759343677,53935.51759343677
1,NL0 1 waste,legacy,NL0 1,3,31.0,53935.51759343677,53935.51759343677
1,NL0 10 waste,legacy,NL0 10,1,150.0,59329.06935279719,59329.06935279719
1,NL0 11 biomass,legacy,NL0 11,3,20.0,53935.51759343677,53935.51759343677
1,NL0 11 waste,legacy,NL0 11,3,50.0,53935.51759343677,53935.51759343677
1,NL0 13 biomass,legacy,NL0 13,3,77.0,53935.51759343677,53935.51759343677
1,NL0 19 biomass,legacy,NL0 19,2,49.0,48541.96583407945,48541.96583407945
1,NL0 19 waste,legacy,NL0 19,2,36.0,48541.96583407945,48541.96583407945
1,NL0 22 biomass,legacy,NL0 22,3,500.0,53935.51759343677,53935.51759343677
1,NL0 25 waste,legacy,NL0 25,2,54.0,48541.96583407945,48541.96583407945
1,NL0 27 biomass,legacy,NL0 27,1,22.0,59329.06935279719,59329.06935279719
1,NL0 27 waste,legacy,NL0 27,1,71.2,59329.06935279719,59329.06935279719
1,NL0 3 biomass,legacy,NL0 3,1,22.0,59329.06935279719,59329.06935279719
1,NL0 3 waste,legacy,NL0 3,1,108.0,59329.06935279719,59329.06935279719
1,NL0 30 biomass,legacy,NL0 30,1,60.0,59329.06935279719,59329.06935279719
1,NL0 7 nuclear,legacy,NL0 7,3,515.0,53935.51759343677,53935.51759343677
1,NL0 7 waste,legacy,NL0 7,3,39.0,53935.51759343677,53935.51759343677
1,NL0 8 biomass,legacy,NL0 8,1,36.0,59329.06935279719,59329.06935279719
1,NL0 8 waste,legacy,NL0 8,1,157.0,59329.06935279719,59329.06935279719
1,NL0 9 biomass,legacy,NL0 9,3,20.0,53935.51759343677,53935.51759343677
1,NL0 0 0 solar,legacy,NL0 0,1,0.0,59329.06935279719,59329.069352797116
1,NL0 1 0 solar,legacy,NL0 1,3,0.0,53935.51759343677,53935.5175934367
1,NL0 10 0 solar,legacy,NL0 10,1,0.0,59329.06935279719,59329.069352797116
1,NL0 11 0 solar,legacy,NL0 11,3,0.0,53935.51759343677,53935.5175934367
1,NL0 12 0 solar,legacy,NL0 12,2,0.0,48541.96583407945,48541.96583407938
1,NL0 13 0 solar,legacy,NL0 13,3,0.0,53935.51759343677,53935.5175934367
1,NL0 14 0 solar,legacy,NL0 14,2,0.0,48541.96583407945,48541.96583407938
1,NL0 15 0 solar,legacy,NL0 15,2,0.0,48541.96583407945,48541.96583407938
1,NL0 16 0 solar,legacy,NL0 16,1,0.0,59329.06935279719,59329.069352797116
1,NL0 17 0 solar,legacy,NL0 17,1,0.0,59329.06935279719,59329.069352797116
1,NL0 18 0 solar,legacy,NL0 18,1,0.0,59329.06935279719,59329.069352797116
1,NL0 19 0 solar,legacy,NL0 19,2,0.0,48541.96583407945,48541.96583407938
1,NL0 2 0 solar,legacy,NL0 2,2,0.0,48541.96583407945,48541.96583407938
1,NL0 20 0 solar,legacy,NL0 20,1,0.0,59329.06935279719,59329.069352797116
1,NL0 21 0 solar,legacy,NL0 21,1,0.0,59329.06935279719,59329.069352797116
1,NL0 22 0 solar,legacy,NL0 22,3,0.0,53935.51759343677,53935.5175934367
1,NL0 23 0 solar,legacy,NL0 23,1,0.0,59329.06935279719,59329.069352797116
1,NL0 24 0 solar,legacy,NL0 24,1,0.0,59329.06935279719,59329.069352797116
1,NL0 25 0 solar,legacy,NL0 25,2,0.0,48541.96583407945,48541.96583407938
1,NL0 26 0 solar,legacy,NL0 26,2,0.0,48541.96583407945,48541.96583407938
1,NL0 27 0 solar,legacy,NL0 27,1,0.0,59329.06935279719,59329.069352797116
1,NL0 28 0 solar,legacy,NL0 28,2,0.0,48541.96583407945,48541.96583407938
1,NL0 3 0 solar,legacy,NL0 3,1,0.0,59329.06935279719,59329.069352797116
1,NL0 30 0 solar,legacy,NL0 30,1,0.0,59329.06935279719,59329.069352797116
1,NL0 31 0 solar,legacy,NL0 31,2,0.0,48541.96583407945,48541.96583407938
1,NL0 4 0 solar,legacy,NL0 4,2,0.0,48541.96583407945,48541.96583407938
1,NL0 5 0 solar,legacy,NL0 5,3,0.0,53935.51759343677,53935.5175934367
1,NL0 6 0 solar,legacy,NL0 6,3,0.0,53935.51759343677,53935.5175934367
1,NL0 7 0 solar,legacy,NL0 7,3,0.0,53935.51759343677,53935.5175934367
1,NL0 8 0 solar,legacy,NL0 8,1,0.0,59329.06935279719,59329.069352797116
1,NL0 9 0 solar,legacy,NL0 9,3,0.0,53935.51759343677,53935.5175934367
1,NL0 20 0 offwind-ac,legacy,NL0 20,1,0.0,59329.06935279719,59329.069352797116
1,NL0 27 0 offwind-ac,legacy,NL0 27,1,0.0,59329.06935279719,59329.069352797116
1,NL0 31 0 offwind-ac,legacy,NL0 31,2,0.0,48541.96583407945,48541.96583407938
1,NL0 32 0 offwind-ac,legacy,NL0 32,1,0.0,59329.06935279719,59329.069352797116
1,NL0 7 0 offwind-ac,legacy,NL0 7,3,0.0,53935.51759343677,53935.5175934367
1,NL0 0 0 onwind,legacy,NL0 0,1,0.0,59329.06935279719,59329.069352797116
1,NL0 1 0 onwind,legacy,NL0 1,3,0.0,53935.51759343677,53935.5175934367
1,NL0 10 0 onwind,legacy,NL0 10,1,0.0,59329.06935279719,59329.069352797116
1,NL0 11 0 onwind,legacy,NL0 11,3,0.0,53935.51759343677,53935.5175934367
1,NL0 12 0 onwind,legacy,NL0 12,2,0.0,48541.96583407945,48541.96583407938
1,NL0 13 0 onwind,legacy,NL0 13,3,0.0,53935.51759343677,53935.5175934367
1,NL0 14 0 onwind,legacy,NL0 14,2,0.0,48541.96583407945,48541.96583407938
1,NL0 15 0 onwind,legacy,NL0 15,2,0.0,48541.96583407945,48541.96583407938
1,NL0 17 0 onwind,legacy,NL0 17,1,0.0,59329.06935279719,59329.069352797116
1,NL0 19 0 onwind,legacy,NL0 19,2,0.0,48541.96583407945,48541.96583407938
1,NL0 2 0 onwind,legacy,NL0 2,2,0.0,48541.96583407945,48541.96583407938
1,NL0 20 0 onwind,legacy,NL0 20,1,0.0,59329.06935279719,59329.069352797116
1,NL0 21 0 onwind,legacy,NL0 21,1,0.0,59329.06935279719,59329.069352797116
1,NL0 22 0 onwind,legacy,NL0 22,3,0.0,53935.51759343677,53935.5175934367
1,NL0 23 0 onwind,legacy,NL0 23,1,0.0,59329.06935279719,59329.069352797116
1,NL0 24 0 onwind,legacy,NL0 24,1,0.0,59329.06935279719,59329.069352797116
1,NL0 27 0 onwind,legacy,NL0 27,1,0.0,59329.06935279719,59329.069352797116
1,NL0 3 0 onwind,legacy,NL0 3,1,0.0,59329.06935279719,59329.069352797116
1,NL0 30 0 onwind,legacy,NL0 30,1,0.0,59329.06935279719,59329.069352797116
1,NL0 31 0 onwind,legacy,NL0 31,2,0.0,48541.96583407945,48541.96583407938
1,NL0 4 0 onwind,legacy,NL0 4,2,0.0,48541.96583407945,48541.96583407938
1,NL0 5 0 onwind,legacy,NL0 5,3,0.0,53935.51759343677,53935.5175934367
1,NL0 6 0 onwind,legacy,NL0 6,3,0.0,53935.51759343677,53935.5175934367
1,NL0 7 0 onwind,legacy,NL0 7,3,0.0,53935.51759343677,53935.5175934367
1,NL0 8 0 onwind,legacy,NL0 8,1,0.0,59329.06935279719,59329.069352797116
1,NL0 9 0 onwind,legacy,NL0 9,3,0.0,53935.51759343677,53935.5175934367
2,NL0 0 Invest,investable,NL0 0,1,0.0,59329.06935279719,59329.06935292875
2,NL0 1 Invest,investable,NL0 1,3,0.0,53935.51759343677,53935.51759357159
2,NL0 10 Invest,investable,NL0 10,1,0.0,59329.06935279719,59329.06935292875
2,NL0 11 Invest,investable,NL0 11,3,0.0,53935.51759343677,53935.51759357159
2,NL0 12 Invest,investable,NL0 12,2,987.3248031843468,48541.96583407945,48541.96583421443
2,NL0 13 Invest,investable,NL0 13,3,678.1047541590506,53935.51759343677,53935.51759357159
2,NL0 14 Invest,investable,NL0 14,2,0.0,48541.96583407945,48541.96583421443
2,NL0 15 Invest,investable,NL0 15,2,1000.0,48541.96583407945,48541.96583421443
2,NL0 16 Invest,investable,NL0 16,1,1000.0,59329.06935279719,59329.06935292875
2,NL0 17 Invest,investable,NL0 17,1,0.0,59329.06935279719,59329.06935292875
2,NL0 18 Invest,investable,NL0 18,1,0.0,59329.06935279719,59329.06935292875
2,NL0 19 Invest,investable,NL0 19,2,1000.0,48541.96583407945,48541.96583421443
2,NL0 2 Invest,investable,NL0 2,2,1000.0,48541.96583407945,48541.96583421443
2,NL0 20 Invest,investable,NL0 20,1,0.0,59329.06935279719,59329.06935292875
2,NL0 21 Invest,investable,NL0 21,1,0.0,59329.06935279719,59329.06935292875
2,NL0 22 Invest,investable,NL0 22,3,1000.0,53935.51759343677,53935.51759357159
2,NL0 23 Invest,investable,NL0 23,1,0.0,59329.06935279719,59329.06935292875
2,NL0 24 Invest,investable,NL0 24,1,0.0,59329.06935279719,59329.06935292875
2,NL0 25 Invest,investable,NL0 25,2,1000.0,48541.96583407945,48541.96583421443
2,NL0 26 Invest,investable,NL0 26,2,0.0,48541.96583407945,48541.96583421443
2,NL0 27 Invest,investable,NL0 27,1,0.0,59329.06935279719,59329.06935292875
2,NL0 28 Invest,investable,NL0 28,2,0.0,48541.96583407945,48541.96583421443
2,NL0 3 Invest,investable,NL0 3,1,1000.0,59329.06935279719,59329.06935292875
2,NL0 30 Invest,investable,NL0 30,1,0.0,59329.06935279719,59329.06935292875
2,NL0 31 Invest,investable,NL0 31,2,1000.0,48541.96583407945,48541.96583421443
2,NL0 33 Invest,investable,NL0 33,1,35.5312178697568,59329.06935279719,59329.06935292875
2,NL0 4 Invest,investable,NL0 4,2,0.0,48541.96583407945,48541.96583421443
2,NL0 5 Invest,investable,NL0 5,3,1000.0,53935.51759343677,53935.51759357159
2,NL0 6 Invest,investable,NL0 6,3,1000.0,53935.51759343677,53935.51759357159
2,NL0 7 Invest,investable,NL0 7,3,1000.0,53935.51759343677,53935.51759357159
2,NL0 8 Invest,investable,NL0 8,1,1000.0,59329.06935279719,59329.06935292875
2,NL0 9 Invest,investable,NL0 9,3,1000.0,53935.51759343677,53935.51759357159
2,NL0 1 biomass,legacy,NL0 1,3,71.0,53935.51759343677,53935.51759343677
2,NL0 1 waste,legacy,NL0 1,3,31.0,53935.51759343677,53935.51759343677
2,NL0 10 waste,legacy,NL0 10,1,150.0,59329.06935279719,59329.06935279719
2,NL0 11 biomass,legacy,NL0 11,3,20.0,53935.51759343677,53935.51759343677
2,NL0 11 waste,legacy,NL0 11,3,50.0,53935.51759343677,53935.51759343677
2,NL0 13 biomass,legacy,NL0 13,3,77.0,53935.51759343677,53935.51759343677
2,NL0 19 biomass,legacy,NL0 19,2,49.0,48541.96583407945,48541.96583407945
2,NL0 19 waste,legacy,NL0 19,2,36.0,48541.96583407945,48541.96583407945
2,NL0 22 biomass,legacy,NL0 22,3,500.0,53935.51759343677,53935.51759343677
2,NL0 25 waste,legacy,NL0 25,2,54.0,48541.96583407945,48541.96583407945
2,NL0 27 biomass,legacy,NL0 27,1,22.0,59329.06935279719,59329.06935279719
2,NL0 27 waste,legacy,NL0 27,1,71.2,59329.06935279719,59329.06935279719
2,NL0 3 biomass,legacy,NL0 3,1,22.0,59329.06935279719,59329.06935279719
2,NL0 3 waste,legacy,NL0 3,1,108.0,59329.06935279719,59329.06935279719
2,NL0 30 biomass,legacy,NL0 30,1,60.0,59329.06935279719,59329.06935279719
2,NL0 7 nuclear,legacy,NL0 7,3,515.0,53935.51759343677,53935.51759343677
2,NL0 7 waste,legacy,NL0 7,3,39.0,53935.51759343677,53935.51759343677
2,NL0 8 biomass,legacy,NL0 8,1,36.0,59329.06935279719,59329.06935279719
2,NL0 8 waste,legacy,NL0 8,1,157.0,59329.06935279719,59329.06935279719
2,NL0 9 biomass,legacy,NL0 9,3,20.0,53935.51759343677,53935.51759343677
2,NL0 0 0 solar,legacy,NL0 0,1,0.0,59329.06935279719,59329.069352797116
2,NL0 1 0 solar,legacy,NL0 1,3,0.0,53935.51759343677,53935.5175934367
2,NL0 10 0 solar,legacy,NL0 10,1,0.0,59329.06935279719,59329.069352797116
2,NL0 11 0 solar,legacy,NL0 11,3,0.0,53935.51759343677,53935.5175934367
2,NL0 12 0 solar,legacy,NL0 12,2,0.0,48541.96583407945,48541.96583407938
2,NL0 13 0 solar,legacy,NL0 13,3,0.0,53935.51759343677,53935.5175934367
2,NL0 14 0 solar,legacy,NL0 14,2,0.0,48541.96583407945,48541.96583407938
2,NL0 15 0 solar,legacy,NL0 15,2,0.0,48541.96583407945,48541.96583407938
2,NL0 16 0 solar,legacy,NL0 16,1,0.0,59329.06935279719,59329.069352797116
2,NL0 17 0 solar,legacy,NL0 17,1,0.0,59329.06935279719,59329.069352797116
2,NL0 18 0 solar,legacy,NL0 18,1,0.0,59329.06935279719,59329.069352797116
2,NL0 19 0 solar,legacy,NL0 19,2,0.0,48541.96583407945,48541.96583407938
2,NL0 2 0 solar,legacy,NL0 2,2,0.0,48541.96583407945,48541.96583407938
2,NL0 20 0 solar,legacy,NL0 20,1,0.0,59329.06935279719,59329.069352797116
2,NL0 21 0 solar,legacy,NL0 21,1,0.0,59329.06935279719,59329.069352797116
2,NL0 22 0 solar,legacy,NL0 22,3,0.0,53935.51759343677,53935.5175934367
2,NL0 23 0 solar,legacy,NL0 23,1,0.0,59329.06935279719,59329.069352797116
2,NL0 24 0 solar,legacy,NL0 24,1,0.0,59329.06935279719,59329.069352797116
2,NL0 25 0 solar,legacy,NL0 25,2,0.0,48541.96583407945,48541.96583407938
2,NL0 26 0 solar,legacy,NL0 26,2,0.0,48541.96583407945,48541.96583407938
2,NL0 27 0 solar,legacy,NL0 27,1,0.0,59329.06935279719,59329.069352797116
2,NL0 28 0 solar,legacy,NL0 28,2,0.0,48541.96583407945,48541.96583407938
2,NL0 3 0 solar,legacy,NL0 3,1,0.0,59329.06935279719,59329.069352797116
2,NL0 30 0 solar,legacy,NL0 30,1,0.0,59329.06935279719,59329.069352797116
2,NL0 31 0 solar,legacy,NL0 31,2,0.0,48541.96583407945,48541.96583407938
2,NL0 4 0 solar,legacy,NL0 4,2,0.0,48541.96583407945,48541.96583407938
2,NL0 5 0 solar,legacy,NL0 5,3,0.0,53935.51759343677,53935.5175934367
2,NL0 6 0 solar,legacy,NL0 6,3,0.0,53935.51759343677,53935.5175934367
2,NL0 7 0 solar,legacy,NL0 7,3,0.0,53935.51759343677,53935.5175934367
2,NL0 8 0 solar,legacy,NL0 8,1,0.0,59329.06935279719,59329.069352797116
2,NL0 9 0 solar,legacy,NL0 9,3,0.0,53935.51759343677,53935.5175934367
2,NL0 20 0 offwind-ac,legacy,NL0 20,1,0.0,59329.06935279719,59329.069352797116
2,NL0 27 0 offwind-ac,legacy,NL0 27,1,0.0,59329.06935279719,59329.069352797116
2,NL0 31 0 offwind-ac,legacy,NL0 31,2,0.0,48541.96583407945,48541.96583407938
2,NL0 32 0 offwind-ac,legacy,NL0 32,1,0.0,59329.06935279719,59329.069352797116
2,NL0 7 0 offwind-ac,legacy,NL0 7,3,0.0,53935.51759343677,53935.5175934367
2,NL0 0 0 onwind,legacy,NL0 0,1,0.0,59329.06935279719,59329.069352797116
2,NL0 1 0 onwind,legacy,NL0 1,3,0.0,53935.51759343677,53935.5175934367
2,NL0 10 0 onwind,legacy,NL0 10,1,0.0,59329.06935279719,59329.069352797116
2,NL0 11 0 onwind,legacy,NL0 11,3,0.0,53935.51759343677,53935.5175934367
2,NL0 12 0 onwind,legacy,NL0 12,2,0.0,48541.96583407945,48541.96583407938
2,NL0 13 0 onwind,legacy,NL0 13,3,0.0,53935.51759343677,53935.5175934367
2,NL0 14 0 onwind,legacy,NL0 14,2,0.0,48541.96583407945,48541.96583407938
2,NL0 15 0 onwind,legacy,NL0 15,2,0.0,48541.96583407945,48541.96583407938
2,NL0 17 0 onwind,legacy,NL0 17,1,0.0,59329.06935279719,59329.069352797116
2,NL0 19 0 onwind,legacy,NL0 19,2,0.0,48541.96583407945,48541.96583407938
2,NL0 2 0 onwind,legacy,NL0 2,2,0.0,48541.96583407945,48541.96583407938
2,NL0 20 0 onwind,legacy,NL0 20,1,0.0,59329.06935279719,59329.069352797116
2,NL0 21 0 onwind,legacy,NL0 21,1,0.0,59329.06935279719,59329.069352797116
2,NL0 22 0 onwind,legacy,NL0 22,3,0.0,53935.51759343677,53935.5175934367
2,NL0 23 0 onwind,legacy,NL0 23,1,0.0,59329.06935279719,59329.069352797116
2,NL0 24 0 onwind,legacy,NL0 24,1,0.0,59329.06935279719,59329.069352797116
2,NL0 27 0 onwind,legacy,NL0 27,1,0.0,59329.06935279719,59329.069352797116
2,NL0 3 0 onwind,legacy,NL0 3,1,0.0,59329.06935279719,59329.069352797116
2,NL0 30 0 onwind,legacy,NL0 30,1,0.0,59329.06935279719,59329.069352797116
2,NL0 31 0 onwind,legacy,NL0 31,2,0.0,48541.96583407945,48541.96583407938
2,NL0 4 0 onwind,legacy,NL0 4,2,0.0,48541.96583407945,48541.96583407938
2,NL0 5 0 onwind,legacy,NL0 5,3,0.0,53935.51759343677,53935.5175934367
2,NL0 6 0 onwind,legacy,NL0 6,3,0.0,53935.51759343677,53935.5175934367
2,NL0 7 0 onwind,legacy,NL0 7,3,0.0,53935.51759343677,53935.5175934367
2,NL0 8 0 onwind,legacy,NL0 8,1,0.0,59329.06935279719,59329.069352797116
2,NL0 9 0 onwind,legacy,NL0 9,3,0.0,53935.51759343677,53935.5175934367
3,NL0 0 Invest,investable,NL0 0,1,1000.0,59329.06935279719,59329.06935292875
3,NL0 1 Invest,investable,NL0 1,3,0.0,53935.51759343677,53935.51759357159
3,NL0 10 Invest,investable,NL0 10,1,0.0,59329.06935279719,59329.06935292875
3,NL0 11 Invest,investable,NL0 11,3,0.0,53935.51759343677,53935.51759357159
3,NL0 12 Invest,investable,NL0 12,2,987.3248031843468,48541.96583407945,48541.96583421443
3,NL0 13 Invest,investable,NL0 13,3,678.1047541590506,53935.51759343677,53935.51759357159
3,NL0 14 Invest,investable,NL0 14,2,0.0,48541.96583407945,48541.96583421443
3,NL0 15 Invest,investable,NL0 15,2,1000.0,48541.96583407945,48541.96583421443
3,NL0 16 Invest,investable,NL0 16,1,1000.0,59329.06935279719,59329.06935292875
3,NL0 17 Invest,investable,NL0 17,1,0.0,59329.06935279719,59329.06935292875
3,NL0 18 Invest,investable,NL0 18,1,0.0,59329.06935279719,59329.06935292875
3,NL0 19 Invest,investable,NL0 19,2,1000.0,48541.96583407945,48541.96583421443
3,NL0 2 Invest,investable,NL0 2,2,1000.0,48541.96583407945,48541.96583421443
3,NL0 20 Invest,investable,NL0 20,1,0.0,59329.06935279719,59329.06935292875
3,NL0 21 Invest,investable,NL0 21,1,0.0,59329.06935279719,59329.06935292875
3,NL0 22 Invest,investable,NL0 22,3,1000.0,53935.51759343677,53935.51759357159
3,NL0 23 Invest,investable,NL0 23,1,0.0,59329.06935279719,59329.06935292875
3,NL0 24 Invest,investable,NL0 24,1,0.0,59329.06935279719,59329.06935292875
3,NL0 25 Invest,investable,NL0 25,2,1000.0,48541.96583407945,48541.96583421443
3,NL0 26 Invest,investable,NL0 26,2,0.0,48541.96583407945,48541.96583421443
3,NL0 27 Invest,investable,NL0 27,1,0.0,59329.06935279719,59329.06935292875
3,NL0 28 Invest,investable,NL0 28,2,0.0,48541.96583407945,48541.96583421443
3,NL0 3 Invest,investable,NL0 3,1,35.5312178697568,59329.06935279719,59329.06935292875
3,NL0 30 Invest,investable,NL0 30,1,0.0,59329.06935279719,59329.06935292875
3,NL0 31 Invest,investable,NL0 31,2,1000.0,48541.96583407945,48541.96583421443
3,NL0 33 Invest,investable,NL0 33,1,0.0,59329.06935279719,59329.06935292875
3,NL0 4 Invest,investable,NL0 4,2,0.0,48541.96583407945,48541.96583421443
3,NL0 5 Invest,investable,NL0 5,3,1000.0,53935.51759343677,53935.51759357159
3,NL0 6 Invest,investable,NL0 6,3,1000.0,53935.51759343677,53935.51759357159
3,NL0 7 Invest,investable,NL0 7,3,1000.0,53935.51759343677,53935.51759357159
3,NL0 8 Invest,investable,NL0 8,1,1000.0,59329.06935279719,59329.06935292875
3,NL0 9 Invest,investable,NL0 9,3,1000.0,53935.51759343677,53935.51759357159
3,NL0 1 biomass,legacy,NL0 1,3,71.0,53935.51759343677,53935.51759343677
3,NL0 1 waste,legacy,NL0 1,3,31.0,53935.51759343677,53935.51759343677
3,NL0 10 waste,legacy,NL0 10,1,150.0,59329.06935279719,59329.06935279719
3,NL0 11 biomass,legacy,NL0 11,3,20.0,53935.51759343677,53935.51759343677
3,NL0 11 waste,legacy,NL0 11,3,50.0,53935.51759343677,53935.51759343677
3,NL0 13 biomass,legacy,NL0 13,3,77.0,53935.51759343677,53935.51759343677
3,NL0 19 biomass,legacy,NL0 19,2,49.0,48541.96583407945,48541.96583407945
3,NL0 19 waste,legacy,NL0 19,2,36.0,48541.96583407945,48541.96583407945
3,NL0 22 biomass,legacy,NL0 22,3,500.0,53935.51759343677,53935.51759343677
3,NL0 25 waste,legacy,NL0 25,2,54.0,48541.96583407945,48541.96583407945
3,NL0 27 biomass,legacy,NL0 27,1,22.0,59329.06935279719,59329.06935279719
3,NL0 27 waste,legacy,NL0 27,1,71.2,59329.06935279719,59329.06935279719
3,NL0 3 biomass,legacy,NL0 3,1,22.0,59329.06935279719,59329.06935279719
3,NL0 3 waste,legacy,NL0 3,1,108.0,59329.06935279719,59329.06935279719
3,NL0 30 biomass,legacy,NL0 30,1,60.0,59329.06935279719,59329.06935279719
3,NL0 7 nuclear,legacy,NL0 7,3,515.0,53935.51759343677,53935.51759343677
3,NL0 7 waste,legacy,NL0 7,3,39.0,53935.51759343677,53935.51759343677
3,NL0 8 biomass,legacy,NL0 8,1,36.0,59329.06935279719,59329.06935279719
3,NL0 8 waste,legacy,NL0 8,1,157.0,59329.06935279719,59329.06935279719
3,NL0 9 biomass,legacy,NL0 9,3,20.0,53935.51759343677,53935.51759343677
3,NL0 0 0 solar,legacy,NL0 0,1,0.0,59329.06935279719,59329.069352797116
3,NL0 1 0 solar,legacy,NL0 1,3,0.0,53935.51759343677,53935.5175934367
3,NL0 10 0 solar,legacy,NL0 10,1,0.0,59329.06935279719,59329.069352797116
3,NL0 11 0 solar,legacy,NL0 11,3,0.0,53935.51759343677,53935.5175934367
3,NL0 12 0 solar,legacy,NL0 12,2,0.0,48541.96583407945,48541.96583407938
3,NL0 13 0 solar,legacy,NL0 13,3,0.0,53935.51759343677,53935.5175934367
3,NL0 14 0 solar,legacy,NL0 14,2,0.0,48541.96583407945,48541.96583407938
3,NL0 15 0 solar,legacy,NL0 15,2,0.0,48541.96583407945,48541.96583407938
3,NL0 16 0 solar,legacy,NL0 16,1,0.0,59329.06935279719,59329.069352797116
3,NL0 17 0 solar,legacy,NL0 17,1,0.0,59329.06935279719,59329.069352797116
3,NL0 18 0 solar,legacy,NL0 18,1,0.0,59329.06935279719,59329.069352797116
3,NL0 19 0 solar,legacy,NL0 19,2,0.0,48541.96583407945,48541.96583407938
3,NL0 2 0 solar,legacy,NL0 2,2,0.0,48541.96583407945,48541.96583407938
3,NL0 20 0 solar,legacy,NL0 20,1,0.0,59329.06935279719,59329.069352797116
3,NL0 21 0 solar,legacy,NL0 21,1,0.0,59329.06935279719,59329.069352797116
3,NL0 22 0 solar,legacy,NL0 22,3,0.0,53935.51759343677,53935.5175934367
3,NL0 23 0 solar,legacy,NL0 23,1,0.0,59329.06935279719,59329.069352797116
3,NL0 24 0 solar,legacy,NL0 24,1,0.0,59329.06935279719,59329.069352797116
3,NL0 25 0 solar,legacy,NL0 25,2,0.0,48541.96583407945,48541.96583407938
3,NL0 26 0 solar,legacy,NL0 26,2,0.0,48541.96583407945,48541.96583407938
3,NL0 27 0 solar,legacy,NL0 27,1,0.0,59329.06935279719,59329.069352797116
3,NL0 28 0 solar,legacy,NL0 28,2,0.0,48541.96583407945,48541.96583407938
3,NL0 3 0 solar,legacy,NL0 3,1,0.0,59329.06935279719,59329.069352797116
3,NL0 30 0 solar,legacy,NL0 30,1,0.0,59329.06935279719,59329.069352797116
3,NL0 31 0 solar,legacy,NL0 31,2,0.0,48541.96583407945,48541.96583407938
3,NL0 4 0 solar,legacy,NL0 4,2,0.0,48541.96583407945,48541.96583407938
3,NL0 5 0 solar,legacy,NL0 5,3,0.0,53935.51759343677,53935.5175934367
3,NL0 6 0 solar,legacy,NL0 6,3,0.0,53935.51759343677,53935.5175934367
3,NL0 7 0 solar,legacy,NL0 7,3,0.0,53935.51759343677,53935.5175934367
3,NL0 8 0 solar,legacy,NL0 8,1,0.0,59329.06935279719,59329.069352797116
3,NL0 9 0 solar,legacy,NL0 9,3,0.0,53935.51759343677,53935.5175934367
3,NL0 20 0 offwind-ac,legacy,NL0 20,1,0.0,59329.06935279719,59329.069352797116
3,NL0 27 0 offwind-ac,legacy,NL0 27,1,0.0,59329.06935279719,59329.069352797116
3,NL0 31 0 offwind-ac,legacy,NL0 31,2,0.0,48541.96583407945,48541.96583407938
3,NL0 32 0 offwind-ac,legacy,NL0 32,1,0.0,59329.06935279719,59329.069352797116
3,NL0 7 0 offwind-ac,legacy,NL0 7,3,0.0,53935.51759343677,53935.5175934367
3,NL0 0 0 onwind,legacy,NL0 0,1,0.0,59329.06935279719,59329.069352797116
3,NL0 1 0 onwind,legacy,NL0 1,3,0.0,53935.51759343677,53935.5175934367
3,NL0 10 0 onwind,legacy,NL0 10,1,0.0,59329.06935279719,59329.069352797116
3,NL0 11 0 onwind,legacy,NL0 11,3,0.0,53935.51759343677,53935.5175934367
3,NL0 12 0 onwind,legacy,NL0 12,2,0.0,48541.96583407945,48541.96583407938
3,NL0 13 0 onwind,legacy,NL0 13,3,0.0,53935.51759343677,53935.5175934367
3,NL0 14 0 onwind,legacy,NL0 14,2,0.0,48541.96583407945,48541.96583407938
3,NL0 15 0 onwind,legacy,NL0 15,2,0.0,48541.96583407945,48541.96583407938
3,NL0 17 0 onwind,legacy,NL0 17,1,0.0,59329.06935279719,59329.069352797116
3,NL0 19 0 onwind,legacy,NL0 19,2,0.0,48541.96583407945,48541.96583407938
3,NL0 2 0 onwind,legacy,NL0 2,2,0.0,48541.96583407945,48541.96583407938
3,NL0 20 0 onwind,legacy,NL0 20,1,0.0,59329.06935279719,59329.069352797116
3,NL0 21 0 onwind,legacy,NL0 21,1,0.0,59329.06935279719,59329.069352797116
3,NL0 22 0 onwind,legacy,NL0 22,3,0.0,53935.51759343677,53935.5175934367
3,NL0 23 0 onwind,legacy,NL0 23,1,0.0,59329.06935279719,59329.069352797116
3,NL0 24 0 onwind,legacy,NL0 24,1,0.0,59329.06935279719,59329.069352797116
3,NL0 27 0 onwind,legacy,NL0 27,1,0.0,59329.06935279719,59329.069352797116
3,NL0 3 0 onwind,legacy,NL0 3,1,0.0,59329.06935279719,59329.069352797116
3,NL0 30 0 onwind,legacy,NL0 30,1,0.0,59329.06935279719,59329.069352797116
3,NL0 31 0 onwind,legacy,NL0 31,2,0.0,48541.96583407945,48541.96583407938
3,NL0 4 0 onwind,legacy,NL0 4,2,0.0,48541.96583407945,48541.96583407938
3,NL0 5 0 onwind,legacy,NL0 5,3,0.0,53935.51759343677,53935.5175934367
3,NL0 6 0 onwind,legacy,NL0 6,3,0.0,53935.51759343677,53935.5175934367
3,NL0 7 0 onwind,legacy,NL0 7,3,0.0,53935.51759343677,53935.5175934367
3,NL0 8 0 onwind,legacy,NL0 8,1,0.0,59329.06935279719,59329.069352797116
3,NL0 9 0 onwind,legacy,NL0 9,3,0.0,53935.51759343677,53935.5175934367
4,NL0 0 Invest,investable,NL0 0,1,0.0,59329.06935279719,59329.06935292875
4,NL0 1 Invest,investable,NL0 1,3,1000.0,53935.51759343677,53935.51759357159
4,NL0 10 Invest,investable,NL0 10,1,1000.0,59329.06935279719,59329.06935292875
4,NL0 11 Invest,investable,NL0 11,3,1000.0,53935.51759343677,53935.51759357159
4,NL0 12 Invest,investable,NL0 12,2,1000.0,48541.96583407945,48541.96583421443
4,NL0 13 Invest,investable,NL0 13,3,1000.0,53935.51759343677,53935.51759357159
4,NL0 14 Invest,investable,NL0 14,2,1000.0,48541.96583407945,48541.96583421443
4,NL0 15 Invest,investable,NL0 15,2,0.0,48541.96583407945,48541.96583421443
4,NL0 16 Invest,investable,NL0 16,1,0.0,59329.06935279719,59329.06935292875
4,NL0 17 Invest,investable,NL0 17,1,0.0,59329.06935279719,59329.06935292875
4,NL0 18 Invest,investable,NL0 18,1,0.0,59329.06935279719,59329.06935292875
4,NL0 19 Invest,investable,NL0 19,2,0.0,48541.96583407945,48541.96583421443
4,NL0 2 Invest,investable,NL0 2,2,0.0,48541.96583407945,48541.96583421443
4,NL0 20 Invest,investable,NL0 20,1,1000.0,59329.06935279719,59329.06935292875
4,NL0 21 Invest,investable,NL0 21,1,0.0,59329.06935279719,59329.06935292875
4,NL0 22 Invest,investable,NL0 22,3,0.0,53935.51759343677,53935.51759357159
4,NL0 23 Invest,investable,NL0 23,1,0.0,59329.06935279719,59329.06935292875
4,NL0 24 Invest,investable,NL0 24,1,1000.0,59329.06935279719,59329.06935292875
4,NL0 25 Invest,investable,NL0 25,2,0.0,48541.96583407945,48541.96583421443
4,NL0 26 Invest,investable,NL0 26,2,1000.0,48541.96583407945,48541.96583421443
4,NL0 27 Invest,investable,NL0 27,1,35.5312178697568,59329.06935279719,59329.06935292875
4,NL0 28 Invest,investable,NL0 28,2,1000.0,48541.96583407945,48541.96583421443
4,NL0 3 Invest,investable,NL0 3,1,0.0,59329.06935279719,59329.06935292875
4,NL0 30 Invest,investable,NL0 30,1,0.0,59329.06935279719,59329.06935292875
4,NL0 31 Invest,investable,NL0 31,2,987.3248031843468,48541.96583407945,48541.96583421443
4,NL0 33 Invest,investable,NL0 33,1,0.0,59329.06935279719,59329.06935292875
4,NL0 4 Invest,investable,NL0 4,2,1000.0,48541.96583407945,48541.96583421443
4,NL0 5 Invest,investable,NL0 5,3,678.1047541590506,53935.51759343677,53935.51759357159
4,NL0 6 Invest,investable,NL0 6,3,1000.0,53935.51759343677,53935.51759357159
4,NL0 7 Invest,investable,NL0 7,3,0.0,53935.51759343677,53935.51759357159
4,NL0 8 Invest,investable,NL0 8,1,0.0,59329.06935279719,59329.06935292875
4,NL0 9 Invest,investable,NL0 9,3,1000.0,53935.51759343677,53935.51759357159
4,NL0 1 biomass,legacy,NL0 1,3,71.0,53935.51759343677,53935.51759343677
4,NL0 1 waste,legacy,NL0 1,3,31.0,53935.51759343677,53935.51759343677
4,NL0 10 waste,legacy,NL0 10,1,150.0,59329.06935279719,59329.06935279719
4,NL0 11 biomass,legacy,NL0 11,3,20.0,53935.51759343677,53935.51759343677
4,NL0 11 waste,legacy,NL0 11,3,50.0,53935.51759343677,53935.51759343677
4,NL0 13 biomass,legacy,NL0 13,3,77.0,53935.51759343677,53935.51759343677
4,NL0 19 biomass,legacy,NL0 19,2,49.0,48541.96583407945,48541.96583407945
4,NL0 19 waste,legacy,NL0 19,2,36.0,48541.96583407945,48541.96583407945
4,NL0 22 biomass,legacy,NL0 22,3,500.0,53935.51759343677,53935.51759343677
4,NL0 25 waste,legacy,NL0 25,2,54.0,48541.96583407945,48541.96583407945
4,NL0 27 biomass,legacy,NL0 27,1,22.0,59329.06935279719,59329.06935279719
4,NL0 27 waste,legacy,NL0 27,1,71.2,59329.06935279719,59329.06935279719
4,NL0 3 biomass,legacy,NL0 3,1,22.0,59329.06935279719,59329.06935279719
4,NL0 3 waste,legacy,NL0 3,1,108.0,59329.06935279719,59329.06935279719
4,NL0 30 biomass,legacy,NL0 30,1,60.0,59329.06935279719,59329.06935279719
4,NL0 7 nuclear,legacy,NL0 7,3,515.0,53935.51759343677,53935.51759343677
4,NL0 7 waste,legacy,NL0 7,3,39.0,53935.51759343677,53935.51759343677
4,NL0 8 biomass,legacy,NL0 8,1,36.0,59329.06935279719,59329.06935279719
4,NL0 8 waste,legacy,NL0 8,1,157.0,59329.06935279719,59329.06935279719
4,NL0 9 biomass,legacy,NL0 9,3,20.0,53935.51759343677,53935.51759343677
4,NL0 0 0 solar,legacy,NL0 0,1,0.0,59329.06935279719,59329.069352797116
4,NL0 1 0 solar,legacy,NL0 1,3,0.0,53935.51759343677,53935.5175934367
4,NL0 10 0 solar,legacy,NL0 10,1,0.0,59329.06935279719,59329.069352797116
4,NL0 11 0 solar,legacy,NL0 11,3,0.0,53935.51759343677,53935.5175934367
4,NL0 12 0 solar,legacy,NL0 12,2,0.0,48541.96583407945,48541.96583407938
4,NL0 13 0 solar,legacy,NL0 13,3,0.0,53935.51759343677,53935.5175934367
4,NL0 14 0 solar,legacy,NL0 14,2,0.0,48541.96583407945,48541.96583407938
4,NL0 15 0 solar,legacy,NL0 15,2,0.0,48541.96583407945,48541.96583407938
4,NL0 16 0 solar,legacy,NL0 16,1,0.0,59329.06935279719,59329.069352797116
4,NL0 17 0 solar,legacy,NL0 17,1,0.0,59329.06935279719,59329.069352797116
4,NL0 18 0 solar,legacy,NL0 18,1,0.0,59329.06935279719,59329.069352797116
4,NL0 19 0 solar,legacy,NL0 19,2,0.0,48541.96583407945,48541.96583407938
4,NL0 2 0 solar,legacy,NL0 2,2,0.0,48541.96583407945,48541.96583407938
4,NL0 20 0 solar,legacy,NL0 20,1,0.0,59329.06935279719,59329.069352797116
4,NL0 21 0 solar,legacy,NL0 21,1,0.0,59329.06935279719,59329.069352797116
4,NL0 22 0 solar,legacy,NL0 22,3,0.0,53935.51759343677,53935.5175934367
4,NL0 23 0 solar,legacy,NL0 23,1,0.0,59329.06935279719,59329.069352797116
4,NL0 24 0 solar,legacy,NL0 24,1,0.0,59329.06935279719,59329.069352797116
4,NL0 25 0 solar,legacy,NL0 25,2,0.0,48541.96583407945,48541.96583407938
4,NL0 26 0 solar,legacy,NL0 26,2,0.0,48541.96583407945,48541.96583407938
4,NL0 27 0 solar,legacy,NL0 27,1,0.0,59329.06935279719,59329.069352797116
4,NL0 28 0 solar,legacy,NL0 28,2,0.0,48541.96583407945,48541.96583407938
4,NL0 3 0 solar,legacy,NL0 3,1,0.0,59329.06935279719,59329.069352797116
4,NL0 30 0 solar,legacy,NL0 30,1,0.0,59329.06935279719,59329.069352797116
4,NL0 31 0 solar,legacy,NL0 31,2,0.0,48541.96583407945,48541.96583407938
4,NL0 4 0 solar,legacy,NL0 4,2,0.0,48541.96583407945,48541.96583407938
4,NL0 5 0 solar,legacy,NL0 5,3,0.0,53935.51759343677,53935.5175934367
4,NL0 6 0 solar,legacy,NL0 6,3,0.0,53935.51759343677,53935.5175934367
4,NL0 7 0 solar,legacy,NL0 7,3,0.0,53935.51759343677,53935.5175934367
4,NL0 8 0 solar,legacy,NL0 8,1,0.0,59329.06935279719,59329.069352797116
4,NL0 9 0 solar,legacy,NL0 9,3,0.0,53935.51759343677,53935.5175934367
4,NL0 20 0 offwind-ac,legacy,NL0 20,1,0.0,59329.06935279719,59329.069352797116
4,NL0 27 0 offwind-ac,legacy,NL0 27,1,0.0,59329.06935279719,59329.069352797116
4,NL0 31 0 offwind-ac,legacy,NL0 31,2,0.0,48541.96583407945,48541.96583407938
4,NL0 32 0 offwind-ac,legacy,NL0 32,1,0.0,59329.06935279719,59329.069352797116
4,NL0 7 0 offwind-ac,legacy,NL0 7,3,0.0,53935.51759343677,53935.5175934367
4,NL0 0 0 onwind,legacy,NL0 0,1,0.0,59329.06935279719,59329.069352797116
4,NL0 1 0 onwind,legacy,NL0 1,3,0.0,53935.51759343677,53935.5175934367
4,NL0 10 0 onwind,legacy,NL0 10,1,0.0,59329.06935279719,59329.069352797116
4,NL0 11 0 onwind,legacy,NL0 11,3,0.0,53935.51759343677,53935.5175934367
4,NL0 12 0 onwind,legacy,NL0 12,2,0.0,48541.96583407945,48541.96583407938
4,NL0 13 0 onwind,legacy,NL0 13,3,0.0,53935.51759343677,53935.5175934367
4,NL0 14 0 onwind,legacy,NL0 14,2,0.0,48541.96583407945,48541.96583407938
4,NL0 15 0 onwind,legacy,NL0 15,2,0.0,48541.96583407945,48541.96583407938
4,NL0 17 0 onwind,legacy,NL0 17,1,0.0,59329.06935279719,59329.069352797116
4,NL0 19 0 onwind,legacy,NL0 19,2,0.0,48541.96583407945,48541.96583407938
4,NL0 2 0 onwind,legacy,NL0 2,2,0.0,48541.96583407945,48541.96583407938
4,NL0 20 0 onwind,legacy,NL0 20,1,0.0,59329.06935279719,59329.069352797116
4,NL0 21 0 onwind,legacy,NL0 21,1,0.0,59329.06935279719,59329.069352797116
4,NL0 22 0 onwind,legacy,NL0 22,3,0.0,53935.51759343677,53935.5175934367
4,NL0 23 0 onwind,legacy,NL0 23,1,0.0,59329.06935279719,59329.069352797116
4,NL0 24 0 onwind,legacy,NL0 24,1,0.0,59329.06935279719,59329.069352797116
4,NL0 27 0 onwind,legacy,NL0 27,1,0.0,59329.06935279719,59329.069352797116
4,NL0 3 0 onwind,legacy,NL0 3,1,0.0,59329.06935279719,59329.069352797116
4,NL0 30 0 onwind,legacy,NL0 30,1,0.0,59329.06935279719,59329.069352797116
4,NL0 31 0 onwind,legacy,NL0 31,2,0.0,48541.96583407945,48541.96583407938
4,NL0 4 0 onwind,legacy,NL0 4,2,0.0,48541.96583407945,48541.96583407938
4,NL0 5 0 onwind,legacy,NL0 5,3,0.0,53935.51759343677,53935.5175934367
4,NL0 6 0 onwind,legacy,NL0 6,3,0.0,53935.51759343677,53935.5175934367
4,NL0 7 0 onwind,legacy,NL0 7,3,0.0,53935.51759343677,53935.5175934367
4,NL0 8 0 onwind,legacy,NL0 8,1,0.0,59329.06935279719,59329.069352797116
4,NL0 9 0 onwind,legacy,NL0 9,3,0.0,53935.51759343677,53935.5175934367
5,NL0 0 Invest,investable,NL0 0,1,0.0,59329.06935279719,59329.06935292875
5,NL0 1 Invest,investable,NL0 1,3,1000.0,53935.51759343677,53935.51759357159
5,NL0 10 Invest,investable,NL0 10,1,1000.0,59329.06935279719,59329.06935292875
5,NL0 11 Invest,investable,NL0 11,3,1000.0,53935.51759343677,53935.51759357159
5,NL0 12 Invest,investable,NL0 12,2,987.3248031843468,48541.96583407945,48541.96583421443
5,NL0 13 Invest,investable,NL0 13,3,1000.0,53935.51759343677,53935.51759357159
5,NL0 14 Invest,investable,NL0 14,2,0.0,48541.96583407945,48541.96583421443
5,NL0 15 Invest,investable,NL0 15,2,1000.0,48541.96583407945,48541.96583421443
5,NL0 16 Invest,investable,NL0 16,1,0.0,59329.06935279719,59329.06935292875
5,NL0 17 Invest,investable,NL0 17,1,0.0,59329.06935279719,59329.06935292875
5,NL0 18 Invest,investable,NL0 18,1,0.0,59329.06935279719,59329.06935292875
5,NL0 19 Invest,investable,NL0 19,2,1000.0,48541.96583407945,48541.96583421443
5,NL0 2 Invest,investable,NL0 2,2,1000.0,48541.96583407945,48541.96583421443
5,NL0 20 Invest,investable,NL0 20,1,1000.0,59329.06935279719,59329.06935292875
5,NL0 21 Invest,investable,NL0 21,1,0.0,59329.06935279719,59329.06935292875
5,NL0 22 Invest,investable,NL0 22,3,1000.0,53935.51759343677,53935.51759357159
5,NL0 23 Invest,investable,NL0 23,1,0.0,59329.06935279719,59329.06935292875
5,NL0 24 Invest,investable,NL0 24,1,1000.0,59329.06935279719,59329.06935292875
5,NL0 25 Invest,investable,NL0 25,2,1000.0,48541.96583407945,48541.96583421443
5,NL0 26 Invest,investable,NL0 26,2,0.0,48541.96583407945,48541.96583421443
5,NL0 27 Invest,investable,NL0 27,1,35.5312178697568,59329.06935279719,59329.06935292875
5,NL0 28 Invest,investable,NL0 28,2,0.0,48541.96583407945,48541.96583421443
5,NL0 3 Invest,investable,NL0 3,1,0.0,59329.06935279719,59329.06935292875
5,NL0 30 Invest,investable,NL0 30,1,0.0,59329.06935279719,59329.06935292875
5,NL0 31 Invest,investable,NL0 31,2,1000.0,48541.96583407945,48541.96583421443
5,NL0 33 Invest,investable,NL0 33,1,0.0,59329.06935279719,59329.06935292875
5,NL0 4 Invest,investable,NL0 4,2,0.0,48541.96583407945,48541.96583421443
5,NL0 5 Invest,investable,NL0 5,3,678.1047541590506,53935.51759343677,53935.51759357159
5,NL0 6 Invest,investable,NL0 6,3,0.0,53935.51759343677,53935.51759357159
5,NL0 7 Invest,investable,NL0 7,3,1000.0,53935.51759343677,53935.51759357159
5,NL0 8 Invest,investable,NL0 8,1,0.0,59329.06935279719,59329.06935292875
5,NL0 9 Invest,investable,NL0 9,3,0.0,53935.51759343677,53935.51759357159
5,NL0 1 biomass,legacy,NL0 1,3,71.0,53935.51759343677,53935.51759343677
5,NL0 1 waste,legacy,NL0 1,3,31.0,53935.51759343677,53935.51759343677
5,NL0 10 waste,legacy,NL0 10,1,150.0,59329.06935279719,59329.06935279719
5,NL0 11 biomass,legacy,NL0 11,3,20.0,53935.51759343677,53935.51759343677
5,NL0 11 waste,legacy,NL0 11,3,50.0,53935.51759343677,53935.51759343677
5,NL0 13 biomass,legacy,NL0 13,3,77.0,53935.51759343677,53935.51759343677
5,NL0 19 biomass,legacy,NL0 19,2,49.0,48541.96583407945,48541.96583407945
5,NL0 19 waste,legacy,NL0 19,2,36.0,48541.96583407945,48541.96583407945
5,NL0 22 biomass,legacy,NL0 22,3,500.0,53935.51759343677,53935.51759343677
5,NL0 25 waste,legacy,NL0 25,2,54.0,48541.96583407945,48541.96583407945
5,NL0 27 biomass,legacy,NL0 27,1,22.0,59329.06935279719,59329.06935279719
5,NL0 27 waste,legacy,NL0 27,1,71.2,59329.06935279719,59329.06935279719
5,NL0 3 biomass,legacy,NL0 3,1,22.0,59329.06935279719,59329.06935279719
5,NL0 3 waste,legacy,NL0 3,1,108.0,59329.06935279719,59329.06935279719
5,NL0 30 biomass,legacy,NL0 30,1,60.0,59329.06935279719,59329.06935279719
5,NL0 7 nuclear,legacy,NL0 7,3,515.0,53935.51759343677,53935.51759343677
5,NL0 7 waste,legacy,NL0 7,3,39.0,53935.51759343677,53935.51759343677
5,NL0 8 biomass,legacy,NL0 8,1,36.0,59329.06935279719,59329.06935279719
5,NL0 8 waste,legacy,NL0 8,1,157.0,59329.06935279719,59329.06935279719
5,NL0 9 biomass,legacy,NL0 9,3,20.0,53935.51759343677,53935.51759343677
5,NL0 0 0 solar,legacy,NL0 0,1,0.0,59329.06935279719,59329.069352797116
5,NL0 1 0 solar,legacy,NL0 1,3,0.0,53935.51759343677,53935.5175934367
5,NL0 10 0 solar,legacy,NL0 10,1,0.0,59329.06935279719,59329.069352797116
5,NL0 11 0 solar,legacy,NL0 11,3,0.0,53935.51759343677,53935.5175934367
5,NL0 12 0 solar,legacy,NL0 12,2,0.0,48541.96583407945,48541.96583407938
5,NL0 13 0 solar,legacy,NL0 13,3,0.0,53935.51759343677,53935.5175934367
5,NL0 14 0 solar,legacy,NL0 14,2,0.0,48541.96583407945,48541.96583407938
5,NL0 15 0 solar,legacy,NL0 15,2,0.0,48541.96583407945,48541.96583407938
5,NL0 16 0 solar,legacy,NL0 16,1,0.0,59329.06935279719,59329.069352797116
5,NL0 17 0 solar,legacy,NL0 17,1,0.0,59329.06935279719,59329.069352797116
5,NL0 18 0 solar,legacy,NL0 18,1,0.0,59329.06935279719,59329.069352797116
5,NL0 19 0 solar,legacy,NL0 19,2,0.0,48541.96583407945,48541.96583407938
5,NL0 2 0 solar,legacy,NL0 2,2,0.0,48541.96583407945,48541.96583407938
5,NL0 20 0 solar,legacy,NL0 20,1,0.0,59329.06935279719,59329.069352797116
5,NL0 21 0 solar,legacy,NL0 21,1,0.0,59329.06935279719,59329.069352797116
5,NL0 22 0 solar,legacy,NL0 22,3,0.0,53935.51759343677,53935.5175934367
5,NL0 23 0 solar,legacy,NL0 23,1,0.0,59329.06935279719,59329.069352797116
5,NL0 24 0 solar,legacy,NL0 24,1,0.0,59329.06935279719,59329.069352797116
5,NL0 25 0 solar,legacy,NL0 25,2,0.0,48541.96583407945,48541.96583407938
5,NL0 26 0 solar,legacy,NL0 26,2,0.0,48541.96583407945,48541.96583407938
5,NL0 27 0 solar,legacy,NL0 27,1,0.0,59329.06935279719,59329.069352797116
5,NL0 28 0 solar,legacy,NL0 28,2,0.0,48541.96583407945,48541.96583407938
5,NL0 3 0 solar,legacy,NL0 3,1,0.0,59329.06935279719,59329.069352797116
5,NL0 30 0 solar,legacy,NL0 30,1,0.0,59329.06935279719,59329.069352797116
5,NL0 31 0 solar,legacy,NL0 31,2,0.0,48541.96583407945,48541.96583407938
5,NL0 4 0 solar,legacy,NL0 4,2,0.0,48541.96583407945,48541.96583407938
5,NL0 5 0 solar,legacy,NL0 5,3,0.0,53935.51759343677,53935.5175934367
5,NL0 6 0 solar,legacy,NL0 6,3,0.0,53935.51759343677,53935.5175934367
5,NL0 7 0 solar,legacy,NL0 7,3,0.0,53935.51759343677,53935.5175934367
5,NL0 8 0 solar,legacy,NL0 8,1,0.0,59329.06935279719,59329.069352797116
5,NL0 9 0 solar,legacy,NL0 9,3,0.0,53935.51759343677,53935.5175934367
5,NL0 20 0 offwind-ac,legacy,NL0 20,1,0.0,59329.06935279719,59329.069352797116
5,NL0 27 0 offwind-ac,legacy,NL0 27,1,0.0,59329.06935279719,59329.069352797116
5,NL0 31 0 offwind-ac,legacy,NL0 31,2,0.0,48541.96583407945,48541.96583407938
5,NL0 32 0 offwind-ac,legacy,NL0 32,1,0.0,59329.06935279719,59329.069352797116
5,NL0 7 0 offwind-ac,legacy,NL0 7,3,0.0,53935.51759343677,53935.5175934367
5,NL0 0 0 onwind,legacy,NL0 0,1,0.0,59329.06935279719,59329.069352797116
5,NL0 1 0 onwind,legacy,NL0 1,3,0.0,53935.51759343677,53935.5175934367
5,NL0 10 0 onwind,legacy,NL0 10,1,0.0,59329.06935279719,59329.069352797116
5,NL0 11 0 onwind,legacy,NL0 11,3,0.0,53935.51759343677,53935.5175934367
5,NL0 12 0 onwind,legacy,NL0 12,2,0.0,48541.96583407945,48541.96583407938
5,NL0 13 0 onwind,legacy,NL0 13,3,0.0,53935.51759343677,53935.5175934367
5,NL0 14 0 onwind,legacy,NL0 14,2,0.0,48541.96583407945,48541.96583407938
5,NL0 15 0 onwind,legacy,NL0 15,2,0.0,48541.96583407945,48541.96583407938
5,NL0 17 0 onwind,legacy,NL0 17,1,0.0,59329.06935279719,59329.069352797116
5,NL0 19 0 onwind,legacy,NL0 19,2,0.0,48541.96583407945,48541.96583407938
5,NL0 2 0 onwind,legacy,NL0 2,2,0.0,48541.96583407945,48541.96583407938
5,NL0 20 0 onwind,legacy,NL0 20,1,0.0,59329.06935279719,59329.069352797116
5,NL0 21 0 onwind,legacy,NL0 21,1,0.0,59329.06935279719,59329.069352797116
5,NL0 22 0 onwind,legacy,NL0 22,3,0.0,53935.51759343677,53935.5175934367
5,NL0 23 0 onwind,legacy,NL0 23,1,0.0,59329.06935279719,59329.069352797116
5,NL0 24 0 onwind,legacy,NL0 24,1,0.0,59329.06935279719,59329.069352797116
5,NL0 27 0 onwind,legacy,NL0 27,1,0.0,59329.06935279719,59329.069352797116
5,NL0 3 0 onwind,legacy,NL0 3,1,0.0,59329.06935279719,59329.069352797116
5,NL0 30 0 onwind,legacy,NL0 30,1,0.0,59329.06935279719,59329.069352797116
5,NL0 31 0 onwind,legacy,NL0 31,2,0.0,48541.96583407945,48541.96583407938
5,NL0 4 0 onwind,legacy,NL0 4,2,0.0,48541.96583407945,48541.96583407938
5,NL0 5 0 onwind,legacy,NL0 5,3,0.0,53935.51759343677,53935.5175934367
5,NL0 6 0 onwind,legacy,NL0 6,3,0.0,53935.51759343677,53935.5175934367
5,NL0 7 0 onwind,legacy,NL0 7,3,0.0,53935.51759343677,53935.5175934367
5,NL0 8 0 onwind,legacy,NL0 8,1,0.0,59329.06935279719,59329.069352797116
5,NL0 9 0 onwind,legacy,NL0 9,3,0.0,53935.51759343677,53935.5175934367
6,NL0 0 Invest,investable,NL0 0,1,0.0,59329.06935279719,59329.06935292875
6,NL0 1 Invest,investable,NL0 1,3,0.0,53935.51759343677,53935.51759357159
6,NL0 10 Invest,investable,NL0 10,1,0.0,59329.06935279719,59329.06935292875
6,NL0 11 Invest,investable,NL0 11,3,678.1047541590506,53935.51759343677,53935.51759357159
6,NL0 12 Invest,investable,NL0 12,2,1000.0,48541.96583407945,48541.96583421443
6,NL0 13 Invest,investable,NL0 13,3,0.0,53935.51759343677,53935.51759357159
6,NL0 14 Invest,investable,NL0 14,2,1000.0,48541.96583407945,48541.96583421443
6,NL0 15 Invest,investable,NL0 15,2,0.0,48541.96583407945,48541.96583421443
6,NL0 16 Invest,investable,NL0 16,1,1000.0,59329.06935279719,59329.06935292875
6,NL0 17 Invest,investable,NL0 17,1,0.0,59329.06935279719,59329.06935292875
6,NL0 18 Invest,investable,NL0 18,1,0.0,59329.06935279719,59329.06935292875
6,NL0 19 Invest,investable,NL0 19,2,0.0,48541.96583407945,48541.96583421443
6,NL0 2 Invest,investable,NL0 2,2,0.0,48541.96583407945,48541.96583421443
6,NL0 20 Invest,investable,NL0 20,1,0.0,59329.06935279719,59329.06935292875
6,NL0 21 Invest,investable,NL0 21,1,0.0,59329.06935279719,59329.06935292875
6,NL0 22 Invest,investable,NL0 22,3,1000.0,53935.51759343677,53935.51759357159
6,NL0 23 Invest,investable,NL0 23,1,0.0,59329.06935279719,59329.06935292875
6,NL0 24 Invest,investable,NL0 24,1,0.0,59329.06935279719,59329.06935292875
6,NL0 25 Invest,investable,NL0 25,2,0.0,48541.96583407945,48541.96583421443
6,NL0 26 Invest,investable,NL0 26,2,1000.0,48541.96583407945,48541.96583421443
6,NL0 27 Invest,investable,NL0 27,1,0.0,59329.06935279719,59329.06935292875
6,NL0 28 Invest,investable,NL0 28,2,1000.0,48541.96583407945,48541.96583421443
6,NL0 3 Invest,investable,NL0 3,1,1000.0,59329.06935279719,59329.06935292875
6,NL0 30 Invest,investable,NL0 30,1,0.0,59329.06935279719,59329.06935292875
6,NL0 31 Invest,investable,NL0 31,2,987.3248031843468,48541.96583407945,48541.96583421443
6,NL0 33 Invest,investable,NL0 33,1,35.5312178697568,59329.06935279719,59329.06935292875
6,NL0 4 Invest,investable,NL0 4,2,1000.0,48541.96583407945,48541.96583421443
6,NL0 5 Invest,investable,NL0 5,3,1000.0,53935.51759343677,53935.51759357159
6,NL0 6 Invest,investable,NL0 6,3,1000.0,53935.51759343677,53935.51759357159
6,NL0 7 Invest,investable,NL0 7,3,1000.0,53935.51759343677,53935.51759357159
6,NL0 8 Invest,investable,NL0 8,1,1000.0,59329.06935279719,59329.06935292875
6,NL0 9 Invest,investable,NL0 9,3,1000.0,53935.51759343677,53935.51759357159
6,NL0 1 biomass,legacy,NL0 1,3,71.0,53935.51759343677,53935.51759343677
6,NL0 1 waste,legacy,NL0 1,3,31.0,53935.51759343677,53935.51759343677
6,NL0 10 waste,legacy,NL0 10,1,150.0,59329.06935279719,59329.06935279719
6,NL0 11 biomass,legacy,NL0 11,3,20.0,53935.51759343677,53935.51759343677
6,NL0 11 waste,legacy,NL0 11,3,50.0,53935.51759343677,53935.51759343677
6,NL0 13 biomass,legacy,NL0 13,3,77.0,53935.51759343677,53935.51759343677
6,NL0 19 biomass,legacy,NL0 19,2,49.0,48541.96583407945,48541.96583407945
6,NL0 19 waste,legacy,NL0 19,2,36.0,48541.96583407945,48541.96583407945
6,NL0 22 biomass,legacy,NL0 22,3,500.0,53935.51759343677,53935.51759343677
6,NL0 25 waste,legacy,NL0 25,2,54.0,48541.96583407945,48541.96583407945
6,NL0 27 biomass,legacy,NL0 27,1,22.0,59329.06935279719,59329.06935279719
6,NL0 27 waste,legacy,NL0 27,1,71.2,59329.06935279719,59329.06935279719
6,NL0 3 biomass,legacy,NL0 3,1,22.0,59329.06935279719,59329.06935279719
6,NL0 3 waste,legacy,NL0 3,1,108.0,59329.06935279719,59329.06935279719
6,NL0 30 biomass,legacy,NL0 30,1,60.0,59329.06935279719,59329.06935279719
6,NL0 7 nuclear,legacy,NL0 7,3,515.0,53935.51759343677,53935.51759343677
6,NL0 7 waste,legacy,NL0 7,3,39.0,53935.51759343677,53935.51759343677
6,NL0 8 biomass,legacy,NL0 8,1,36.0,59329.06935279719,59329.06935279719
6,NL0 8 waste,legacy,NL0 8,1,157.0,59329.06935279719,59329.06935279719
6,NL0 9 biomass,legacy,NL0 9,3,20.0,53935.51759343677,53935.51759343677
6,NL0 0 0 solar,legacy,NL0 0,1,0.0,59329.06935279719,59329.069352797116
6,NL0 1 0 solar,legacy,NL0 1,3,0.0,53935.51759343677,53935.5175934367
6,NL0 10 0 solar,legacy,NL0 10,1,0.0,59329.06935279719,59329.069352797116
6,NL0 11 0 solar,legacy,NL0 11,3,0.0,53935.51759343677,53935.5175934367
6,NL0 12 0 solar,legacy,NL0 12,2,0.0,48541.96583407945,48541.96583407938
6,NL0 13 0 solar,legacy,NL0 13,3,0.0,53935.51759343677,53935.5175934367
6,NL0 14 0 solar,legacy,NL0 14,2,0.0,48541.96583407945,48541.96583407938
6,NL0 15 0 solar,legacy,NL0 15,2,0.0,48541.96583407945,48541.96583407938
6,NL0 16 0 solar,legacy,NL0 16,1,0.0,59329.06935279719,59329.069352797116
6,NL0 17 0 solar,legacy,NL0 17,1,0.0,59329.06935279719,59329.069352797116
6,NL0 18 0 solar,legacy,NL0 18,1,0.0,59329.06935279719,59329.069352797116
6,NL0 19 0 solar,legacy,NL0 19,2,0.0,48541.96583407945,48541.96583407938
6,NL0 2 0 solar,legacy,NL0 2,2,0.0,48541.96583407945,48541.96583407938
6,NL0 20 0 solar,legacy,NL0 20,1,0.0,59329.06935279719,59329.069352797116
6,NL0 21 0 solar,legacy,NL0 21,1,0.0,59329.06935279719,59329.069352797116
6,NL0 22 0 solar,legacy,NL0 22,3,0.0,53935.51759343677,53935.5175934367
6,NL0 23 0 solar,legacy,NL0 23,1,0.0,59329.06935279719,59329.069352797116
6,NL0 24 0 solar,legacy,NL0 24,1,0.0,59329.06935279719,59329.069352797116
6,NL0 25 0 solar,legacy,NL0 25,2,0.0,48541.96583407945,48541.96583407938
6,NL0 26 0 solar,legacy,NL0 26,2,0.0,48541.96583407945,48541.96583407938
6,NL0 27 0 solar,legacy,NL0 27,1,0.0,59329.06935279719,59329.069352797116
6,NL0 28 0 solar,legacy,NL0 28,2,0.0,48541.96583407945,48541.96583407938
6,NL0 3 0 solar,legacy,NL0 3,1,0.0,59329.06935279719,59329.069352797116
6,NL0 30 0 solar,legacy,NL0 30,1,0.0,59329.06935279719,59329.069352797116
6,NL0 31 0 solar,legacy,NL0 31,2,0.0,48541.96583407945,48541.96583407938
6,NL0 4 0 solar,legacy,NL0 4,2,0.0,48541.96583407945,48541.96583407938
6,NL0 5 0 solar,legacy,NL0 5,3,0.0,53935.51759343677,53935.5175934367
6,NL0 6 0 solar,legacy,NL0 6,3,0.0,53935.51759343677,53935.5175934367
6,NL0 7 0 solar,legacy,NL0 7,3,0.0,53935.51759343677,53935.5175934367
6,NL0 8 0 solar,legacy,NL0 8,1,0.0,59329.06935279719,59329.069352797116
6,NL0 9 0 solar,legacy,NL0 9,3,0.0,53935.51759343677,53935.5175934367
6,NL0 20 0 offwind-ac,legacy,NL0 20,1,0.0,59329.06935279719,59329.069352797116
6,NL0 27 0 offwind-ac,legacy,NL0 27,1,0.0,59329.06935279719,59329.069352797116
6,NL0 31 0 offwind-ac,legacy,NL0 31,2,0.0,48541.96583407945,48541.96583407938
6,NL0 32 0 offwind-ac,legacy,NL0 32,1,0.0,59329.06935279719,59329.069352797116
6,NL0 7 0 offwind-ac,legacy,NL0 7,3,0.0,53935.51759343677,53935.5175934367
6,NL0 0 0 onwind,legacy,NL0 0,1,0.0,59329.06935279719,59329.069352797116
6,NL0 1 0 onwind,legacy,NL0 1,3,0.0,53935.51759343677,53935.5175934367
6,NL0 10 0 onwind,legacy,NL0 10,1,0.0,59329.06935279719,59329.069352797116
6,NL0 11 0 onwind,legacy,NL0 11,3,0.0,53935.51759343677,53935.5175934367
6,NL0 12 0 onwind,legacy,NL0 12,2,0.0,48541.96583407945,48541.96583407938
6,NL0 13 0 onwind,legacy,NL0 13,3,0.0,53935.51759343677,53935.5175934367
6,NL0 14 0 onwind,legacy,NL0 14,2,0.0,48541.96583407945,48541.96583407938
6,NL0 15 0 onwind,legacy,NL0 15,2,0.0,48541.96583407945,48541.96583407938
6,NL0 17 0 onwind,legacy,NL0 17,1,0.0,59329.06935279719,59329.069352797116
6,NL0 19 0 onwind,legacy,NL0 19,2,0.0,48541.96583407945,48541.96583407938
6,NL0 2 0 onwind,legacy,NL0 2,2,0.0,48541.96583407945,48541.96583407938
6,NL0 20 0 onwind,legacy,NL0 20,1,0.0,59329.06935279719,59329.069352797116
6,NL0 21 0 onwind,legacy,NL0 21,1,0.0,59329.06935279719,59329.069352797116
6,NL0 22 0 onwind,legacy,NL0 22,3,0.0,53935.51759343677,53935.5175934367
6,NL0 23 0 onwind,legacy,NL0 23,1,0.0,59329.06935279719,59329.069352797116
6,NL0 24 0 onwind,legacy,NL0 24,1,0.0,59329.06935279719,59329.069352797116
6,NL0 27 0 onwind,legacy,NL0 27,1,0.0,59329.06935279719,59329.069352797116
6,NL0 3 0 onwind,legacy,NL0 3,1,0.0,59329.06935279719,59329.069352797116
6,NL0 30 0 onwind,legacy,NL0 30,1,0.0,59329.06935279719,59329.069352797116
6,NL0 31 0 onwind,legacy,NL0 31,2,0.0,48541.96583407945,48541.96583407938
6,NL0 4 0 onwind,legacy,NL0 4,2,0.0,48541.96583407945,48541.96583407938
6,NL0 5 0 onwind,legacy,NL0 5,3,0.0,53935.51759343677,53935.5175934367
6,NL0 6 0 onwind,legacy,NL0 6,3,0.0,53935.51759343677,53935.5175934367
6,NL0 7 0 onwind,legacy,NL0 7,3,0.0,53935.51759343677,53935.5175934367
6,NL0 8 0 onwind,legacy,NL0 8,1,0.0,59329.06935279719,59329.069352797116
6,NL0 9 0 onwind,legacy,NL0 9,3,0.0,53935.51759343677,53935.5175934367
7,NL0 0 Invest,investable,NL0 0,1,0.0,59329.06935279719,59329.06935292875
7,NL0 1 Invest,investable,NL0 1,3,1000.0,53935.51759343677,53935.51759357159
7,NL0 10 Invest,investable,NL0 10,1,0.0,59329.06935279719,59329.06935292875
7,NL0 11 Invest,investable,NL0 11,3,1000.0,53935.51759343677,53935.51759357159
7,NL0 12 Invest,investable,NL0 12,2,1000.0,48541.96583407945,48541.96583421443
7,NL0 13 Invest,investable,NL0 13,3,1000.0,53935.51759343677,53935.51759357159
7,NL0 14 Invest,investable,NL0 14,2,1000.0,48541.96583407945,48541.96583421443
7,NL0 15 Invest,investable,NL0 15,2,0.0,48541.96583407945,48541.96583421443
7,NL0 16 Invest,investable,NL0 16,1,1000.0,59329.06935279719,59329.06935292875
7,NL0 17 Invest,investable,NL0 17,1,0.0,59329.06935279719,59329.06935292875
7,NL0 18 Invest,investable,NL0 18,1,0.0,59329.06935279719,59329.06935292875
7,NL0 19 Invest,investable,NL0 19,2,987.3248031843468,48541.96583407945,48541.96583421443
7,NL0 2 Invest,investable,NL0 2,2,0.0,48541.96583407945,48541.96583421443
7,NL0 20 Invest,investable,NL0 20,1,0.0,59329.06935279719,59329.06935292875
7,NL0 21 Invest,investable,NL0 21,1,0.0,59329.06935279719,59329.06935292875
7,NL0 22 Invest,investable,NL0 22,3,0.0,53935.51759343677,53935.51759357159
7,NL0 23 Invest,investable,NL0 23,1,0.0,59329.06935279719,59329.06935292875
7,NL0 24 Invest,investable,NL0 24,1,0.0,59329.06935279719,59329.06935292875
7,NL0 25 Invest,investable,NL0 25,2,1000.0,48541.96583407945,48541.96583421443
7,NL0 26 Invest,investable,NL0 26,2,0.0,48541.96583407945,48541.96583421443
7,NL0 27 Invest,investable,NL0 27,1,0.0,59329.06935279719,59329.06935292875
7,NL0 28 Invest,investable,NL0 28,2,1000.0,48541.96583407945,48541.96583421443
7,NL0 3 Invest,investable,NL0 3,1,1000.0,59329.06935279719,59329.06935292875
7,NL0 30 Invest,investable,NL0 30,1,0.0,59329.06935279719,59329.06935292875
7,NL0 31 Invest,investable,NL0 31,2,1000.0,48541.96583407945,48541.96583421443
7,NL0 33 Invest,investable,NL0 33,1,35.5312178697568,59329.06935279719,59329.06935292875
7,NL0 4 Invest,investable,NL0 4,2,0.0,48541.96583407945,48541.96583421443
7,NL0 5 Invest,investable,NL0 5,3,678.1047541590506,53935.51759343677,53935.51759357159
7,NL0 6 Invest,investable,NL0 6,3,1000.0,53935.51759343677,53935.51759357159
7,NL0 7 Invest,investable,NL0 7,3,0.0,53935.51759343677,53935.51759357159
7,NL0 8 Invest,investable,NL0 8,1,1000.0,59329.06935279719,59329.06935292875
7,NL0 9 Invest,investable,NL0 9,3,1000.0,53935.51759343677,53935.51759357159
7,NL0 1 biomass,legacy,NL0 1,3,71.0,53935.51759343677,53935.51759343677
7,NL0 1 waste,legacy,NL0 1,3,31.0,53935.51759343677,53935.51759343677
7,NL0 10 waste,legacy,NL0 10,1,150.0,59329.06935279719,59329.06935279719
7,NL0 11 biomass,legacy,NL0 11,3,20.0,53935.51759343677,53935.51759343677
7,NL0 11 waste,legacy,NL0 11,3,50.0,53935.51759343677,53935.51759343677
7,NL0 13 biomass,legacy,NL0 13,3,77.0,53935.51759343677,53935.51759343677
7,NL0 19 biomass,legacy,NL0 19,2,49.0,48541.96583407945,48541.96583407945
7,NL0 19 waste,legacy,NL0 19,2,36.0,48541.96583407945,48541.96583407945
7,NL0 22 biomass,legacy,NL0 22,3,500.0,53935.51759343677,53935.51759343677
7,NL0 25 waste,legacy,NL0 25,2,54.0,48541.96583407945,48541.96583407945
7,NL0 27 biomass,legacy,NL0 27,1,22.0,59329.06935279719,59329.06935279719
7,NL0 27 waste,legacy,NL0 27,1,71.2,59329.06935279719,59329.06935279719
7,NL0 3 biomass,legacy,NL0 3,1,22.0,59329.06935279719,59329.06935279719
7,NL0 3 waste,legacy,NL0 3,1,108.0,59329.06935279719,59329.06935279719
7,NL0 30 biomass,legacy,NL0 30,1,60.0,59329.06935279719,59329.06935279719
7,NL0 7 nuclear,legacy,NL0 7,3,515.0,53935.51759343677,53935.51759343677
7,NL0 7 waste,legacy,NL0 7,3,39.0,53935.51759343677,53935.51759343677
7,NL0 8 biomass,legacy,NL0 8,1,36.0,59329.06935279719,59329.06935279719
7,NL0 8 waste,legacy,NL0 8,1,157.0,59329.06935279719,59329.06935279719
7,NL0 9 biomass,legacy,NL0 9,3,20.0,53935.51759343677,53935.51759343677
7,NL0 0 0 solar,legacy,NL0 0,1,0.0,59329.06935279719,59329.069352797116
7,NL0 1 0 solar,legacy,NL0 1,3,0.0,53935.51759343677,53935.5175934367
7,NL0 10 0 solar,legacy,NL0 10,1,0.0,59329.06935279719,59329.069352797116
7,NL0 11 0 solar,legacy,NL0 11,3,0.0,53935.51759343677,53935.5175934367
7,NL0 12 0 solar,legacy,NL0 12,2,0.0,48541.96583407945,48541.96583407938
7,NL0 13 0 solar,legacy,NL0 13,3,0.0,53935.51759343677,53935.5175934367
7,NL0 14 0 solar,legacy,NL0 14,2,0.0,48541.96583407945,48541.96583407938
7,NL0 15 0 solar,legacy,NL0 15,2,0.0,48541.96583407945,48541.96583407938
7,NL0 16 0 solar,legacy,NL0 16,1,0.0,59329.06935279719,59329.069352797116
7,NL0 17 0 solar,legacy,NL0 17,1,0.0,59329.06935279719,59329.069352797116
7,NL0 18 0 solar,legacy,NL0 18,1,0.0,59329.06935279719,59329.069352797116
7,NL0 19 0 solar,legacy,NL0 19,2,0.0,48541.96583407945,48541.96583407938
7,NL0 2 0 solar,legacy,NL0 2,2,0.0,48541.96583407945,48541.96583407938
7,NL0 20 0 solar,legacy,NL0 20,1,0.0,59329.06935279719,59329.069352797116
7,NL0 21 0 solar,legacy,NL0 21,1,0.0,59329.06935279719,59329.069352797116
7,NL0 22 0 solar,legacy,NL0 22,3,0.0,53935.51759343677,53935.5175934367
7,NL0 23 0 solar,legacy,NL0 23,1,0.0,59329.06935279719,59329.069352797116
7,NL0 24 0 solar,legacy,NL0 24,1,0.0,59329.06935279719,59329.069352797116
7,NL0 25 0 solar,legacy,NL0 25,2,0.0,48541.96583407945,48541.96583407938
7,NL0 26 0 solar,legacy,NL0 26,2,0.0,48541.96583407945,48541.96583407938
7,NL0 27 0 solar,legacy,NL0 27,1,0.0,59329.06935279719,59329.069352797116
7,NL0 28 0 solar,legacy,NL0 28,2,0.0,48541.96583407945,48541.96583407938
7,NL0 3 0 solar,legacy,NL0 3,1,0.0,59329.06935279719,59329.069352797116
7,NL0 30 0 solar,legacy,NL0 30,1,0.0,59329.06935279719,59329.069352797116
7,NL0 31 0 solar,legacy,NL0 31,2,0.0,48541.96583407945,48541.96583407938
7,NL0 4 0 solar,legacy,NL0 4,2,0.0,48541.96583407945,48541.96583407938
7,NL0 5 0 solar,legacy,NL0 5,3,0.0,53935.51759343677,53935.5175934367
7,NL0 6 0 solar,legacy,NL0 6,3,0.0,53935.51759343677,53935.5175934367
7,NL0 7 0 solar,legacy,NL0 7,3,0.0,53935.51759343677,53935.5175934367
7,NL0 8 0 solar,legacy,NL0 8,1,0.0,59329.06935279719,59329.069352797116
7,NL0 9 0 solar,legacy,NL0 9,3,0.0,53935.51759343677,53935.5175934367
7,NL0 20 0 offwind-ac,legacy,NL0 20,1,0.0,59329.06935279719,59329.069352797116
7,NL0 27 0 offwind-ac,legacy,NL0 27,1,0.0,59329.06935279719,59329.069352797116
7,NL0 31 0 offwind-ac,legacy,NL0 31,2,0.0,48541.96583407945,48541.96583407938
7,NL0 32 0 offwind-ac,legacy,NL0 32,1,0.0,59329.06935279719,59329.069352797116
7,NL0 7 0 offwind-ac,legacy,NL0 7,3,0.0,53935.51759343677,53935.5175934367
7,NL0 0 0 onwind,legacy,NL0 0,1,0.0,59329.06935279719,59329.069352797116
7,NL0 1 0 onwind,legacy,NL0 1,3,0.0,53935.51759343677,53935.5175934367
7,NL0 10 0 onwind,legacy,NL0 10,1,0.0,59329.06935279719,59329.069352797116
7,NL0 11 0 onwind,legacy,NL0 11,3,0.0,53935.51759343677,53935.5175934367
7,NL0 12 0 onwind,legacy,NL0 12,2,0.0,48541.96583407945,48541.96583407938
7,NL0 13 0 onwind,legacy,NL0 13,3,0.0,53935.51759343677,53935.5175934367
7,NL0 14 0 onwind,legacy,NL0 14,2,0.0,48541.96583407945,48541.96583407938
7,NL0 15 0 onwind,legacy,NL0 15,2,0.0,48541.96583407945,48541.96583407938
7,NL0 17 0 onwind,legacy,NL0 17,1,0.0,59329.06935279719,59329.069352797116
7,NL0 19 0 onwind,legacy,NL0 19,2,0.0,48541.96583407945,48541.96583407938
7,NL0 2 0 onwind,legacy,NL0 2,2,0.0,48541.96583407945,48541.96583407938
7,NL0 20 0 onwind,legacy,NL0 20,1,0.0,59329.06935279719,59329.069352797116
7,NL0 21 0 onwind,legacy,NL0 21,1,0.0,59329.06935279719,59329.069352797116
7,NL0 22 0 onwind,legacy,NL0 22,3,0.0,53935.51759343677,53935.5175934367
7,NL0 23 0 onwind,legacy,NL0 23,1,0.0,59329.06935279719,59329.069352797116
7,NL0 24 0 onwind,legacy,NL0 24,1,0.0,59329.06935279719,59329.069352797116
7,NL0 27 0 onwind,legacy,NL0 27,1,0.0,59329.06935279719,59329.069352797116
7,NL0 3 0 onwind,legacy,NL0 3,1,0.0,59329.06935279719,59329.069352797116
7,NL0 30 0 onwind,legacy,NL0 30,1,0.0,59329.06935279719,59329.069352797116
7,NL0 31 0 onwind,legacy,NL0 31,2,0.0,48541.96583407945,48541.96583407938
7,NL0 4 0 onwind,legacy,NL0 4,2,0.0,48541.96583407945,48541.96583407938
7,NL0 5 0 onwind,legacy,NL0 5,3,0.0,53935.51759343677,53935.5175934367
7,NL0 6 0 onwind,legacy,NL0 6,3,0.0,53935.51759343677,53935.5175934367
7,NL0 7 0 onwind,legacy,NL0 7,3,0.0,53935.51759343677,53935.5175934367
7,NL0 8 0 onwind,legacy,NL0 8,1,0.0,59329.06935279719,59329.069352797116
7,NL0 9 0 onwind,legacy,NL0 9,3,0.0,53935.51759343677,53935.5175934367
8,NL0 0 Invest,investable,NL0 0,1,0.0,59329.06935279719,59329.06935292875
8,NL0 1 Invest,investable,NL0 1,3,0.0,53935.51759343677,53935.51759357159
8,NL0 10 Invest,investable,NL0 10,1,1000.0,59329.06935279719,59329.06935292875
8,NL0 11 Invest,investable,NL0 11,3,0.0,53935.51759343677,53935.51759357159
8,NL0 12 Invest,investable,NL0 12,2,0.0,48541.96583407945,48541.96583421443
8,NL0 13 Invest,investable,NL0 13,3,678.1047541590506,53935.51759343677,53935.51759357159
8,NL0 14 Invest,investable,NL0 14,2,0.0,48541.96583407945,48541.96583421443
8,NL0 15 Invest,investable,NL0 15,2,1000.0,48541.96583407945,48541.96583421443
8,NL0 16 Invest,investable,NL0 16,1,0.0,59329.06935279719,59329.06935292875
8,NL0 17 Invest,investable,NL0 17,1,0.0,59329.06935279719,59329.06935292875
8,NL0 18 Invest,investable,NL0 18,1,0.0,59329.06935279719,59329.06935292875
8,NL0 19 Invest,investable,NL0 19,2,1000.0,48541.96583407945,48541.96583421443
8,NL0 2 Invest,investable,NL0 2,2,1000.0,48541.96583407945,48541.96583421443
8,NL0 20 Invest,investable,NL0 20,1,1000.0,59329.06935279719,59329.06935292875
8,NL0 21 Invest,investable,NL0 21,1,0.0,59329.06935279719,59329.06935292875
8,NL0 22 Invest,investable,NL0 22,3,1000.0,53935.51759343677,53935.51759357159
8,NL0 23 Invest,investable,NL0 23,1,0.0,59329.06935279719,59329.06935292875
8,NL0 24 Invest,investable,NL0 24,1,1000.0,59329.06935279719,59329.06935292875
8,NL0 25 Invest,investable,NL0 25,2,987.3248031843468,48541.96583407945,48541.96583421443
8,NL0 26 Invest,investable,NL0 26,2,1000.0,48541.96583407945,48541.96583421443
8,NL0 27 Invest,investable,NL0 27,1,35.5312178697568,59329.06935279719,59329.06935292875
8,NL0 28 Invest,investable,NL0 28,2,0.0,48541.96583407945,48541.96583421443
8,NL0 3 Invest,investable,NL0 3,1,0.0,59329.06935279719,59329.06935292875
8,NL0 30 Invest,investable,NL0 30,1,0.0,59329.06935279719,59329.06935292875
8,NL0 31 Invest,investable,NL0 31,2,0.0,48541.96583407945,48541.96583421443
8,NL0 33 Invest,investable,NL0 33,1,0.0,59329.06935279719,59329.06935292875
8,NL0 4 Invest,investable,NL0 4,2,1000.0,48541.96583407945,48541.96583421443
8,NL0 5 Invest,investable,NL0 5,3,1000.0,53935.51759343677,53935.51759357159
8,NL0 6 Invest,investable,NL0 6,3,1000.0,53935.51759343677,53935.51759357159
8,NL0 7 Invest,investable,NL0 7,3,1000.0,53935.51759343677,53935.51759357159
8,NL0 8 Invest,investable,NL0 8,1,0.0,59329.06935279719,59329.06935292875
8,NL0 9 Invest,investable,NL0 9,3,1000.0,53935.51759343677,53935.51759357159
8,NL0 1 biomass,legacy,NL0 1,3,71.0,53935.51759343677,53935.51759343677
8,NL0 1 waste,legacy,NL0 1,3,31.0,53935.51759343677,53935.51759343677
8,NL0 10 waste,legacy,NL0 10,1,150.0,59329.06935279719,59329.06935279719
8,NL0 11 biomass,legacy,NL0 11,3,20.0,53935.51759343677,53935.51759343677
8,NL0 11 waste,legacy,NL0 11,3,50.0,53935.51759343677,53935.51759343677
8,NL0 13 biomass,legacy,NL0 13,3,77.0,53935.51759343677,53935.51759343677
8,NL0 19 biomass,legacy,NL0 19,2,49.0,48541.96583407945,48541.96583407945
8,NL0 19 waste,legacy,NL0 19,2,36.0,48541.96583407945,48541.96583407945
8,NL0 22 biomass,legacy,NL0 22,3,500.0,53935.51759343677,53935.51759343677
8,NL0 25 waste,legacy,NL0 25,2,54.0,48541.96583407945,48541.96583407945
8,NL0 27 biomass,legacy,NL0 27,1,22.0,59329.06935279719,59329.06935279719
8,NL0 27 waste,legacy,NL0 27,1,71.2,59329.06935279719,59329.06935279719
8,NL0 3 biomass,legacy,NL0 3,1,22.0,59329.06935279719,59329.06935279719
8,NL0 3 waste,legacy,NL0 3,1,108.0,59329.06935279719,59329.06935279719
8,NL0 30 biomass,legacy,NL0 30,1,60.0,59329.06935279719,59329.06935279719
8,NL0 7 nuclear,legacy,NL0 7,3,515.0,53935.51759343677,53935.51759343677
8,NL0 7 waste,legacy,NL0 7,3,39.0,53935.51759343677,53935.51759343677
8,NL0 8 biomass,legacy,NL0 8,1,36.0,59329.06935279719,59329.06935279719
8,NL0 8 waste,legacy,NL0 8,1,157.0,59329.06935279719,59329.06935279719
8,NL0 9 biomass,legacy,NL0 9,3,20.0,53935.51759343677,53935.51759343677
8,NL0 0 0 solar,legacy,NL0 0,1,0.0,59329.06935279719,59329.069352797116
8,NL0 1 0 solar,legacy,NL0 1,3,0.0,53935.51759343677,53935.5175934367
8,NL0 10 0 solar,legacy,NL0 10,1,0.0,59329.06935279719,59329.069352797116
8,NL0 11 0 solar,legacy,NL0 11,3,0.0,53935.51759343677,53935.5175934367
8,NL0 12 0 solar,legacy,NL0 12,2,0.0,48541.96583407945,48541.96583407938
8,NL0 13 0 solar,legacy,NL0 13,3,0.0,53935.51759343677,53935.5175934367
8,NL0 14 0 solar,legacy,NL0 14,2,0.0,48541.96583407945,48541.96583407938
8,NL0 15 0 solar,legacy,NL0 15,2,0.0,48541.96583407945,48541.96583407938
8,NL0 16 0 solar,legacy,NL0 16,1,0.0,59329.06935279719,59329.069352797116
8,NL0 17 0 solar,legacy,NL0 17,1,0.0,59329.06935279719,59329.069352797116
8,NL0 18 0 solar,legacy,NL0 18,1,0.0,59329.06935279719,59329.069352797116
8,NL0 19 0 solar,legacy,NL0 19,2,0.0,48541.96583407945,48541.96583407938
8,NL0 2 0 solar,legacy,NL0 2,2,0.0,48541.96583407945,48541.96583407938
8,NL0 20 0 solar,legacy,NL0 20,1,0.0,59329.06935279719,59329.069352797116
8,NL0 21 0 solar,legacy,NL0 21,1,0.0,59329.06935279719,59329.069352797116
8,NL0 22 0 solar,legacy,NL0 22,3,0.0,53935.51759343677,53935.5175934367
8,NL0 23 0 solar,legacy,NL0 23,1,0.0,59329.06935279719,59329.069352797116
8,NL0 24 0 solar,legacy,NL0 24,1,0.0,59329.06935279719,59329.069352797116
8,NL0 25 0 solar,legacy,NL0 25,2,0.0,48541.96583407945,48541.96583407938
8,NL0 26 0 solar,legacy,NL0 26,2,0.0,48541.96583407945,48541.96583407938
8,NL0 27 0 solar,legacy,NL0 27,1,0.0,59329.06935279719,59329.069352797116
8,NL0 28 0 solar,legacy,NL0 28,2,0.0,48541.96583407945,48541.96583407938
8,NL0 3 0 solar,legacy,NL0 3,1,0.0,59329.06935279719,59329.069352797116
8,NL0 30 0 solar,legacy,NL0 30,1,0.0,59329.06935279719,59329.069352797116
8,NL0 31 0 solar,legacy,NL0 31,2,0.0,48541.96583407945,48541.96583407938
8,NL0 4 0 solar,legacy,NL0 4,2,0.0,48541.96583407945,48541.96583407938
8,NL0 5 0 solar,legacy,NL0 5,3,0.0,53935.51759343677,53935.5175934367
8,NL0 6 0 solar,legacy,NL0 6,3,0.0,53935.51759343677,53935.5175934367
8,NL0 7 0 solar,legacy,NL0 7,3,0.0,53935.51759343677,53935.5175934367
8,NL0 8 0 solar,legacy,NL0 8,1,0.0,59329.06935279719,59329.069352797116
8,NL0 9 0 solar,legacy,NL0 9,3,0.0,53935.51759343677,53935.5175934367
8,NL0 20 0 offwind-ac,legacy,NL0 20,1,0.0,59329.06935279719,59329.069352797116
8,NL0 27 0 offwind-ac,legacy,NL0 27,1,0.0,59329.06935279719,59329.069352797116
8,NL0 31 0 offwind-ac,legacy,NL0 31,2,0.0,48541.96583407945,48541.96583407938
8,NL0 32 0 offwind-ac,legacy,NL0 32,1,0.0,59329.06935279719,59329.069352797116
8,NL0 7 0 offwind-ac,legacy,NL0 7,3,0.0,53935.51759343677,53935.5175934367
8,NL0 0 0 onwind,legacy,NL0 0,1,0.0,59329.06935279719,59329.069352797116
8,NL0 1 0 onwind,legacy,NL0 1,3,0.0,53935.51759343677,53935.5175934367
8,NL0 10 0 onwind,legacy,NL0 10,1,0.0,59329.06935279719,59329.069352797116
8,NL0 11 0 onwind,legacy,NL0 11,3,0.0,53935.51759343677,53935.5175934367
8,NL0 12 0 onwind,legacy,NL0 12,2,0.0,48541.96583407945,48541.96583407938
8,NL0 13 0 onwind,legacy,NL0 13,3,0.0,53935.51759343677,53935.5175934367
8,NL0 14 0 onwind,legacy,NL0 14,2,0.0,48541.96583407945,48541.96583407938
8,NL0 15 0 onwind,legacy,NL0 15,2,0.0,48541.96583407945,48541.96583407938
8,NL0 17 0 onwind,legacy,NL0 17,1,0.0,59329.06935279719,59329.069352797116
8,NL0 19 0 onwind,legacy,NL0 19,2,0.0,48541.96583407945,48541.96583407938
8,NL0 2 0 onwind,legacy,NL0 2,2,0.0,48541.96583407945,48541.96583407938
8,NL0 20 0 onwind,legacy,NL0 20,1,0.0,59329.06935279719,59329.069352797116
8,NL0 21 0 onwind,legacy,NL0 21,1,0.0,59329.06935279719,59329.069352797116
8,NL0 22 0 onwind,legacy,NL0 22,3,0.0,53935.51759343677,53935.5175934367
8,NL0 23 0 onwind,legacy,NL0 23,1,0.0,59329.06935279719,59329.069352797116
8,NL0 24 0 onwind,legacy,NL0 24,1,0.0,59329.06935279719,59329.069352797116
8,NL0 27 0 onwind,legacy,NL0 27,1,0.0,59329.06935279719,59329.069352797116
8,NL0 3 0 onwind,legacy,NL0 3,1,0.0,59329.06935279719,59329.069352797116
8,NL0 30 0 onwind,legacy,NL0 30,1,0.0,59329.06935279719,59329.069352797116
8,NL0 31 0 onwind,legacy,NL0 31,2,0.0,48541.96583407945,48541.96583407938
8,NL0 4 0 onwind,legacy,NL0 4,2,0.0,48541.96583407945,48541.96583407938
8,NL0 5 0 onwind,legacy,NL0 5,3,0.0,53935.51759343677,53935.5175934367
8,NL0 6 0 onwind,legacy,NL0 6,3,0.0,53935.51759343677,53935.5175934367
8,NL0 7 0 onwind,legacy,NL0 7,3,0.0,53935.51759343677,53935.5175934367
8,NL0 8 0 onwind,legacy,NL0 8,1,0.0,59329.06935279719,59329.069352797116
8,NL0 9 0 onwind,legacy,NL0 9,3,0.0,53935.51759343677,53935.5175934367
9,NL0 0 Invest,investable,NL0 0,1,0.0,59329.06935279719,59329.06935292875
9,NL0 1 Invest,investable,NL0 1,3,0.0,53935.51759343677,53935.51759357159
9,NL0 10 Invest,investable,NL0 10,1,1000.0,59329.06935279719,59329.06935292875
9,NL0 11 Invest,investable,NL0 11,3,0.0,53935.51759343677,53935.51759357159
9,NL0 12 Invest,investable,NL0 12,2,0.0,48541.96583407945,48541.96583421443
9,NL0 13 Invest,investable,NL0 13,3,678.1047541590506,53935.51759343677,53935.51759357159
9,NL0 14 Invest,investable,NL0 14,2,1000.0,48541.96583407945,48541.96583421443
9,NL0 15 Invest,investable,NL0 15,2,1000.0,48541.96583407945,48541.96583421443
9,NL0 16 Invest,investable,NL0 16,1,0.0,59329.06935279719,59329.06935292875
9,NL0 17 Invest,investable,NL0 17,1,0.0,59329.06935279719,59329.06935292875
9,NL0 18 Invest,investable,NL0 18,1,0.0,59329.06935279719,59329.06935292875
9,NL0 19 Invest,investable,NL0 19,2,987.3248031843468,48541.96583407945,48541.96583421443
9,NL0 2 Invest,investable,NL0 2,2,1000.0,48541.96583407945,48541.96583421443
9,NL0 20 Invest,investable,NL0 20,1,1000.0,59329.06935279719,59329.06935292875
9,NL0 21 Invest,investable,NL0 21,1,0.0,59329.06935279719,59329.06935292875
9,NL0 22 Invest,investable,NL0 22,3,1000.0,53935.51759343677,53935.51759357159
9,NL0 23 Invest,investable,NL0 23,1,0.0,59329.06935279719,59329.06935292875
9,NL0 24 Invest,investable,NL0 24,1,1000.0,59329.06935279719,59329.06935292875
9,NL0 25 Invest,investable,NL0 25,2,0.0,48541.96583407945,48541.96583421443
9,NL0 26 Invest,investable,NL0 26,2,1000.0,48541.96583407945,48541.96583421443
9,NL0 27 Invest,investable,NL0 27,1,35.5312178697568,59329.06935279719,59329.06935292875
9,NL0 28 Invest,investable,NL0 28,2,0.0,48541.96583407945,48541.96583421443
9,NL0 3 Invest,investable,NL0 3,1,0.0,59329.06935279719,59329.06935292875
9,NL0 30 Invest,investable,NL0 30,1,0.0,59329.06935279719,59329.06935292875
9,NL0 31 Invest,investable,NL0 31,2,0.0,48541.96583407945,48541.96583421443
9,NL0 33 Invest,investable,NL0 33,1,0.0,59329.06935279719,59329.06935292875
9,NL0 4 Invest,investable,NL0 4,2,1000.0,48541.96583407945,48541.96583421443
9,NL0 5 Invest,investable,NL0 5,3,1000.0,53935.51759343677,53935.51759357159
9,NL0 6 Invest,investable,NL0 6,3,1000.0,53935.51759343677,53935.51759357159
9,NL0 7 Invest,investable,NL0 7,3,1000.0,53935.51759343677,53935.51759357159
9,NL0 8 Invest,investable,NL0 8,1,0.0,59329.06935279719,59329.06935292875
9,NL0 9 Invest,investable,NL0 9,3,1000.0,53935.51759343677,53935.51759357159
9,NL0 1 biomass,legacy,NL0 1,3,71.0,53935.51759343677,53935.51759343677
9,NL0 1 waste,legacy,NL0 1,3,31.0,53935.51759343677,53935.51759343677
9,NL0 10 waste,legacy,NL0 10,1,150.0,59329.06935279719,59329.06935279719
9,NL0 11 biomass,legacy,NL0 11,3,20.0,53935.51759343677,53935.51759343677
9,NL0 11 waste,legacy,NL0 11,3,50.0,53935.51759343677,53935.51759343677
9,NL0 13 biomass,legacy,NL0 13,3,77.0,53935.51759343677,53935.51759343677
9,NL0 19 biomass,legacy,NL0 19,2,49.0,48541.96583407945,48541.96583407945
9,NL0 19 waste,legacy,NL0 19,2,36.0,48541.96583407945,48541.96583407945
9,NL0 22 biomass,legacy,NL0 22,3,500.0,53935.51759343677,53935.51759343677
9,NL0 25 waste,legacy,NL0 25,2,54.0,48541.96583407945,48541.96583407945
9,NL0 27 biomass,legacy,NL0 27,1,22.0,59329.06935279719,59329.06935279719
9,NL0 27 waste,legacy,NL0 27,1,71.2,59329.06935279719,59329.06935279719
9,NL0 3 biomass,legacy,NL0 3,1,22.0,59329.06935279719,59329.06935279719
9,NL0 3 waste,legacy,NL0 3,1,108.0,59329.06935279719,59329.06935279719
9,NL0 30 biomass,legacy,NL0 30,1,60.0,59329.06935279719,59329.06935279719
9,NL0 7 nuclear,legacy,NL0 7,3,515.0,53935.51759343677,53935.51759343677
9,NL0 7 waste,legacy,NL0 7,3,39.0,53935.51759343677,53935.51759343677
9,NL0 8 biomass,legacy,NL0 8,1,36.0,59329.06935279719,59329.06935279719
9,NL0 8 waste,legacy,NL0 8,1,157.0,59329.06935279719,59329.06935279719
9,NL0 9 biomass,legacy,NL0 9,3,20.0,53935.51759343677,53935.51759343677
9,NL0 0 0 solar,legacy,NL0 0,1,0.0,59329.06935279719,59329.069352797116
9,NL0 1 0 solar,legacy,NL0 1,3,0.0,53935.51759343677,53935.5175934367
9,NL0 10 0 solar,legacy,NL0 10,1,0.0,59329.06935279719,59329.069352797116
9,NL0 11 0 solar,legacy,NL0 11,3,0.0,53935.51759343677,53935.5175934367
9,NL0 12 0 solar,legacy,NL0 12,2,0.0,48541.96583407945,48541.96583407938
9,NL0 13 0 solar,legacy,NL0 13,3,0.0,53935.51759343677,53935.5175934367
9,NL0 14 0 solar,legacy,NL0 14,2,0.0,48541.96583407945,48541.96583407938
9,NL0 15 0 solar,legacy,NL0 15,2,0.0,48541.96583407945,48541.96583407938
9,NL0 16 0 solar,legacy,NL0 16,1,0.0,59329.06935279719,59329.069352797116
9,NL0 17 0 solar,legacy,NL0 17,1,0.0,59329.06935279719,59329.069352797116
9,NL0 18 0 solar,legacy,NL0 18,1,0.0,59329.06935279719,59329.069352797116
9,NL0 19 0 solar,legacy,NL0 19,2,0.0,48541.96583407945,48541.96583407938
9,NL0 2 0 solar,legacy,NL0 2,2,0.0,48541.96583407945,48541.96583407938
9,NL0 20 0 solar,legacy,NL0 20,1,0.0,59329.06935279719,59329.069352797116
9,NL0 21 0 solar,legacy,NL0 21,1,0.0,59329.06935279719,59329.069352797116
9,NL0 22 0 solar,legacy,NL0 22,3,0.0,53935.51759343677,53935.5175934367
9,NL0 23 0 solar,legacy,NL0 23,1,0.0,59329.06935279719,59329.069352797116
9,NL0 24 0 solar,legacy,NL0 24,1,0.0,59329.06935279719,59329.069352797116
9,NL0 25 0 solar,legacy,NL0 25,2,0.0,48541.96583407945,48541.96583407938
9,NL0 26 0 solar,legacy,NL0 26,2,0.0,48541.96583407945,48541.96583407938
9,NL0 27 0 solar,legacy,NL0 27,1,0.0,59329.06935279719,59329.069352797116
9,NL0 28 0 solar,legacy,NL0 28,2,0.0,48541.96583407945,48541.96583407938
9,NL0 3 0 solar,legacy,NL0 3,1,0.0,59329.06935279719,59329.069352797116
9,NL0 30 0 solar,legacy,NL0 30,1,0.0,59329.06935279719,59329.069352797116
9,NL0 31 0 solar,legacy,NL0 31,2,0.0,48541.96583407945,48541.96583407938
9,NL0 4 0 solar,legacy,NL0 4,2,0.0,48541.96583407945,48541.96583407938
9,NL0 5 0 solar,legacy,NL0 5,3,0.0,53935.51759343677,53935.5175934367
9,NL0 6 0 solar,legacy,NL0 6,3,0.0,53935.51759343677,53935.5175934367
9,NL0 7 0 solar,legacy,NL0 7,3,0.0,53935.51759343677,53935.5175934367
9,NL0 8 0 solar,legacy,NL0 8,1,0.0,59329.06935279719,59329.069352797116
9,NL0 9 0 solar,legacy,NL0 9,3,0.0,53935.51759343677,53935.5175934367
9,NL0 20 0 offwind-ac,legacy,NL0 20,1,0.0,59329.06935279719,59329.069352797116
9,NL0 27 0 offwind-ac,legacy,NL0 27,1,0.0,59329.06935279719,59329.069352797116
9,NL0 31 0 offwind-ac,legacy,NL0 31,2,0.0,48541.96583407945,48541.96583407938
9,NL0 32 0 offwind-ac,legacy,NL0 32,1,0.0,59329.06935279719,59329.069352797116
9,NL0 7 0 offwind-ac,legacy,NL0 7,3,0.0,53935.51759343677,53935.5175934367
9,NL0 0 0 onwind,legacy,NL0 0,1,0.0,59329.06935279719,59329.069352797116
9,NL0 1 0 onwind,legacy,NL0 1,3,0.0,53935.51759343677,53935.5175934367
9,NL0 10 0 onwind,legacy,NL0 10,1,0.0,59329.06935279719,59329.069352797116
9,NL0 11 0 onwind,legacy,NL0 11,3,0.0,53935.51759343677,53935.5175934367
9,NL0 12 0 onwind,legacy,NL0 12,2,0.0,48541.96583407945,48541.96583407938
9,NL0 13 0 onwind,legacy,NL0 13,3,0.0,53935.51759343677,53935.5175934367
9,NL0 14 0 onwind,legacy,NL0 14,2,0.0,48541.96583407945,48541.96583407938
9,NL0 15 0 onwind,legacy,NL0 15,2,0.0,48541.96583407945,48541.96583407938
9,NL0 17 0 onwind,legacy,NL0 17,1,0.0,59329.06935279719,59329.069352797116
9,NL0 19 0 onwind,legacy,NL0 19,2,0.0,48541.96583407945,48541.96583407938
9,NL0 2 0 onwind,legacy,NL0 2,2,0.0,48541.96583407945,48541.96583407938
9,NL0 20 0 onwind,legacy,NL0 20,1,0.0,59329.06935279719,59329.069352797116
9,NL0 21 0 onwind,legacy,NL0 21,1,0.0,59329.06935279719,59329.069352797116
9,NL0 22 0 onwind,legacy,NL0 22,3,0.0,53935.51759343677,53935.5175934367
9,NL0 23 0 onwind,legacy,NL0 23,1,0.0,59329.06935279719,59329.069352797116
9,NL0 24 0 onwind,legacy,NL0 24,1,0.0,59329.06935279719,59329.069352797116
9,NL0 27 0 onwind,legacy,NL0 27,1,0.0,59329.06935279719,59329.069352797116
9,NL0 3 0 onwind,legacy,NL0 3,1,0.0,59329.06935279719,59329.069352797116
9,NL0 30 0 onwind,legacy,NL0 30,1,0.0,59329.06935279719,59329.069352797116
9,NL0 31 0 onwind,legacy,NL0 31,2,0.0,48541.96583407945,48541.96583407938
9,NL0 4 0 onwind,legacy,NL0 4,2,0.0,48541.96583407945,48541.96583407938
9,NL0 5 0 onwind,legacy,NL0 5,3,0.0,53935.51759343677,53935.5175934367
9,NL0 6 0 onwind,legacy,NL0 6,3,0.0,53935.51759343677,53935.5175934367
9,NL0 7 0 onwind,legacy,NL0 7,3,0.0,53935.51759343677,53935.5175934367
9,NL0 8 0 onwind,legacy,NL0 8,1,0.0,59329.06935279719,59329.069352797116
9,NL0 9 0 onwind,legacy,NL0 9,3,0.0,53935.51759343677,53935.5175934367
10,NL0 0 Invest,investable,NL0 0,1,0.0,59329.06935279719,59329.06935292875
10,NL0 1 Invest,investable,NL0 1,3,1000.0,53935.51759343677,53935.51759357159
10,NL0 10 Invest,investable,NL0 10,1,0.0,59329.06935279719,59329.06935292875
10,NL0 11 Invest,investable,NL0 11,3,1000.0,53935.51759343677,53935.51759357159
10,NL0 12 Invest,investable,NL0 12,2,1000.0,48541.96583407945,48541.96583421443
10,NL0 13 Invest,investable,NL0 13,3,1000.0,53935.51759343677,53935.51759357159
10,NL0 14 Invest,investable,NL0 14,2,0.0,48541.96583407945,48541.96583421443
10,NL0 15 Invest,investable,NL0 15,2,0.0,48541.96583407945,48541.96583421443
10,NL0 16 Invest,investable,NL0 16,1,1000.0,59329.06935279719,59329.06935292875
10,NL0 17 Invest,investable,NL0 17,1,0.0,59329.06935279719,59329.06935292875
10,NL0 18 Invest,investable,NL0 18,1,0.0,59329.06935279719,59329.06935292875
10,NL0 19 Invest,investable,NL0 19,2,1000.0,48541.96583407945,48541.96583421443
10,NL0 2 Invest,investable,NL0 2,2,987.3248031843468,48541.96583407945,48541.96583421443
10,NL0 20 Invest,investable,NL0 20,1,0.0,59329.06935279719,59329.06935292875
10,NL0 21 Invest,investable,NL0 21,1,0.0,59329.06935279719,59329.06935292875
10,NL0 22 Invest,investable,NL0 22,3,0.0,53935.51759343677,53935.51759357159
10,NL0 23 Invest,investable,NL0 23,1,0.0,59329.06935279719,59329.06935292875
10,NL0 24 Invest,investable,NL0 24,1,0.0,59329.06935279719,59329.06935292875
10,NL0 25 Invest,investable,NL0 25,2,1000.0,48541.96583407945,48541.96583421443
10,NL0 26 Invest,investable,NL0 26,2,0.0,48541.96583407945,48541.96583421443
10,NL0 27 Invest,investable,NL0 27,1,0.0,59329.06935279719,59329.06935292875
10,NL0 28 Invest,investable,NL0 28,2,1000.0,48541.96583407945,48541.96583421443
10,NL0 3 Invest,investable,NL0 3,1,1000.0,59329.06935279719,59329.06935292875
10,NL0 30 Invest,investable,NL0 30,1,0.0,59329.06935279719,59329.06935292875
10,NL0 31 Invest,investable,NL0 31,2,1000.0,48541.96583407945,48541.96583421443
10,NL0 33 Invest,investable,NL0 33,1,35.5312178697568,59329.06935279719,59329.06935292875
10,NL0 4 Invest,investable,NL0 4,2,0.0,48541.96583407945,48541.96583421443
10,NL0 5 Invest,investable,NL0 5,3,678.1047541590506,53935.51759343677,53935.51759357159
10,NL0 6 Invest,investable,NL0 6,3,1000.0,53935.51759343677,53935.51759357159
10,NL0 7 Invest,investable,NL0 7,3,0.0,53935.51759343677,53935.51759357159
10,NL0 8 Invest,investable,NL0 8,1,1000.0,59329.06935279719,59329.06935292875
10,NL0 9 Invest,investable,NL0 9,3,1000.0,53935.51759343677,53935.51759357159
10,NL0 1 biomass,legacy,NL0 1,3,71.0,53935.51759343677,53935.51759343677
10,NL0 1 waste,legacy,NL0 1,3,31.0,53935.51759343677,53935.51759343677
10,NL0 10 waste,legacy,NL0 10,1,150.0,59329.06935279719,59329.06935279719
10,NL0 11 biomass,legacy,NL0 11,3,20.0,53935.51759343677,53935.51759343677
10,NL0 11 waste,legacy,NL0 11,3,50.0,53935.51759343677,53935.51759343677
10,NL0 13 biomass,legacy,NL0 13,3,77.0,53935.51759343677,53935.51759343677
10,NL0 19 biomass,legacy,NL0 19,2,49.0,48541.96583407945,48541.96583407945
10,NL0 19 waste,legacy,NL0 19,2,36.0,48541.96583407945,48541.96583407945
10,NL0 22 biomass,legacy,NL0 22,3,500.0,53935.51759343677,53935.51759343677
10,NL0 25 waste,legacy,NL0 25,2,54.0,48541.96583407945,48541.96583407945
10,NL0 27 biomass,legacy,NL0 27,1,22.0,59329.06935279719,59329.06935279719
10,NL0 27 waste,legacy,NL0 27,1,71.2,59329.06935279719,59329.06935279719
10,NL0 3 biomass,legacy,NL0 3,1,22.0,59329.06935279719,59329.06935279719
10,NL0 3 waste,legacy,NL0 3,1,108.0,59329.06935279719,59329.06935279719
10,NL0 30 biomass,legacy,NL0 30,1,60.0,59329.06935279719,59329.06935279719
10,NL0 7 nuclear,legacy,NL0 7,3,515.0,53935.51759343677,53935.51759343677
10,NL0 7 waste,legacy,NL0 7,3,39.0,53935.51759343677,53935.51759343677
10,NL0 8 biomass,legacy,NL0 8,1,36.0,59329.06935279719,59329.06935279719
10,NL0 8 waste,legacy,NL0 8,1,157.0,59329.06935279719,59329.06935279719
10,NL0 9 biomass,legacy,NL0 9,3,20.0,53935.51759343677,53935.51759343677
10,NL0 0 0 solar,legacy,NL0 0,1,0.0,59329.06935279719,59329.069352797116
10,NL0 1 0 solar,legacy,NL0 1,3,0.0,53935.51759343677,53935.5175934367
10,NL0 10 0 solar,legacy,NL0 10,1,0.0,59329.06935279719,59329.069352797116
10,NL0 11 0 solar,legacy,NL0 11,3,0.0,53935.51759343677,53935.5175934367
10,NL0 12 0 solar,legacy,NL0 12,2,0.0,48541.96583407945,48541.96583407938
10,NL0 13 0 solar,legacy,NL0 13,3,0.0,53935.51759343677,53935.5175934367
10,NL0 14 0 solar,legacy,NL0 14,2,0.0,48541.96583407945,48541.96583407938
10,NL0 15 0 solar,legacy,NL0 15,2,0.0,48541.96583407945,48541.96583407938
10,NL0 16 0 solar,legacy,NL0 16,1,0.0,59329.06935279719,59329.069352797116
10,NL0 17 0 solar,legacy,NL0 17,1,0.0,59329.06935279719,59329.069352797116
10,NL0 18 0 solar,legacy,NL0 18,1,0.0,59329.06935279719,59329.069352797116
10,NL0 19 0 solar,legacy,NL0 19,2,0.0,48541.96583407945,48541.96583407938
10,NL0 2 0 solar,legacy,NL0 2,2,0.0,48541.96583407945,48541.96583407938
10,NL0 20 0 solar,legacy,NL0 20,1,0.0,59329.06935279719,59329.069352797116
10,NL0 21 0 solar,legacy,NL0 21,1,0.0,59329.06935279719,59329.069352797116
10,NL0 22 0 solar,legacy,NL0 22,3,0.0,53935.51759343677,53935.5175934367
10,NL0 23 0 solar,legacy,NL0 23,1,0.0,59329.06935279719,59329.069352797116
10,NL0 24 0 solar,legacy,NL0 24,1,0.0,59329.06935279719,59329.069352797116
10,NL0 25 0 solar,legacy,NL0 25,2,0.0,48541.96583407945,48541.96583407938
10,NL0 26 0 solar,legacy,NL0 26,2,0.0,48541.96583407945,48541.96583407938
10,NL0 27 0 solar,legacy,NL0 27,1,0.0,59329.06935279719,59329.069352797116
10,NL0 28 0 solar,legacy,NL0 28,2,0.0,48541.96583407945,48541.96583407938
10,NL0 3 0 solar,legacy,NL0 3,1,0.0,59329.06935279719,59329.069352797116
10,NL0 30 0 solar,legacy,NL0 30,1,0.0,59329.06935279719,59329.069352797116
10,NL0 31 0 solar,legacy,NL0 31,2,0.0,48541.96583407945,48541.96583407938
10,NL0 4 0 solar,legacy,NL0 4,2,0.0,48541.96583407945,48541.96583407938
10,NL0 5 0 solar,legacy,NL0 5,3,0.0,53935.51759343677,53935.5175934367
10,NL0 6 0 solar,legacy,NL0 6,3,0.0,53935.51759343677,53935.5175934367
10,NL0 7 0 solar,legacy,NL0 7,3,0.0,53935.51759343677,53935.5175934367
10,NL0 8 0 solar,legacy,NL0 8,1,0.0,59329.06935279719,59329.069352797116
10,NL0 9 0 solar,legacy,NL0 9,3,0.0,53935.51759343677,53935.5175934367
10,NL0 20 0 offwind-ac,legacy,NL0 20,1,0.0,59329.06935279719,59329.069352797116
10,NL0 27 0 offwind-ac,legacy,NL0 27,1,0.0,59329.06935279719,59329.069352797116
10,NL0 31 0 offwind-ac,legacy,NL0 31,2,0.0,48541.96583407945,48541.96583407938
10,NL0 32 0 offwind-ac,legacy,NL0 32,1,0.0,59329.06935279719,59329.069352797116
10,NL0 7 0 offwind-ac,legacy,NL0 7,3,0.0,53935.51759343677,53935.5175934367
10,NL0 0 0 onwind,legacy,NL0 0,1,0.0,59329.06935279719,59329.069352797116
10,NL0 1 0 onwind,legacy,NL0 1,3,0.0,53935.51759343677,53935.5175934367
10,NL0 10 0 onwind,legacy,NL0 10,1,0.0,59329.06935279719,59329.069352797116
10,NL0 11 0 onwind,legacy,NL0 11,3,0.0,53935.51759343677,53935.5175934367
10,NL0 12 0 onwind,legacy,NL0 12,2,0.0,48541.96583407945,48541.96583407938
10,NL0 13 0 onwind,legacy,NL0 13,3,0.0,53935.51759343677,53935.5175934367
10,NL0 14 0 onwind,legacy,NL0 14,2,0.0,48541.96583407945,48541.96583407938
10,NL0 15 0 onwind,legacy,NL0 15,2,0.0,48541.96583407945,48541.96583407938
10,NL0 17 0 onwind,legacy,NL0 17,1,0.0,59329.06935279719,59329.069352797116
10,NL0 19 0 onwind,legacy,NL0 19,2,0.0,48541.96583407945,48541.96583407938
10,NL0 2 0 onwind,legacy,NL0 2,2,0.0,48541.96583407945,48541.96583407938
10,NL0 20 0 onwind,legacy,NL0 20,1,0.0,59329.06935279719,59329.069352797116
10,NL0 21 0 onwind,legacy,NL0 21,1,0.0,59329.06935279719,59329.069352797116
10,NL0 22 0 onwind,legacy,NL0 22,3,0.0,53935.51759343677,53935.5175934367
10,NL0 23 0 onwind,legacy,NL0 23,1,0.0,59329.06935279719,59329.069352797116
10,NL0 24 0 onwind,legacy,NL0 24,1,0.0,59329.06935279719,59329.069352797116
10,NL0 27 0 onwind,legacy,NL0 27,1,0.0,59329.06935279719,59329.069352797116
10,NL0 3 0 onwind,legacy,NL0 3,1,0.0,59329.06935279719,59329.069352797116
10,NL0 30 0 onwind,legacy,NL0 30,1,0.0,59329.06935279719,59329.069352797116
10,NL0 31 0 onwind,legacy,NL0 31,2,0.0,48541.96583407945,48541.96583407938
10,NL0 4 0 onwind,legacy,NL0 4,2,0.0,48541.96583407945,48541.96583407938
10,NL0 5 0 onwind,legacy,NL0 5,3,0.0,53935.51759343677,53935.5175934367
10,NL0 6 0 onwind,legacy,NL0 6,3,0.0,53935.51759343677,53935.5175934367
10,NL0 7 0 onwind,legacy,NL0 7,3,0.0,53935.51759343677,53935.5175934367
10,NL0 8 0 onwind,legacy,NL0 8,1,0.0,59329.06935279719,59329.069352797116
10,NL0 9 0 onwind,legacy,NL0 9,3,0.0,53935.51759343677,53935.5175934367
11,NL0 0 Invest,investable,NL0 0,1,0.0,59329.06935279719,59329.06935292875
11,NL0 1 Invest,investable,NL0 1,3,1000.0,53935.51759343677,53935.51759357159
11,NL0 10 Invest,investable,NL0 10,1,0.0,59329.06935279719,59329.06935292875
11,NL0 11 Invest,investable,NL0 11,3,1000.0,53935.51759343677,53935.51759357159
11,NL0 12 Invest,investable,NL0 12,2,0.0,48541.96583407945,48541.96583421443
11,NL0 13 Invest,investable,NL0 13,3,1000.0,53935.51759343677,53935.51759357159
11,NL0 14 Invest,investable,NL0 14,2,1000.0,48541.96583407945,48541.96583421443
11,NL0 15 Invest,investable,NL0 15,2,1000.0,48541.96583407945,48541.96583421443
11,NL0 16 Invest,investable,NL0 16,1,1000.0,59329.06935279719,59329.06935292875
11,NL0 17 Invest,investable,NL0 17,1,0.0,59329.06935279719,59329.06935292875
11,NL0 18 Invest,investable,NL0 18,1,0.0,59329.06935279719,59329.06935292875
11,NL0 19 Invest,investable,NL0 19,2,0.0,48541.96583407945,48541.96583421443
11,NL0 2 Invest,investable,NL0 2,2,0.0,48541.96583407945,48541.96583421443
11,NL0 20 Invest,investable,NL0 20,1,0.0,59329.06935279719,59329.06935292875
11,NL0 21 Invest,investable,NL0 21,1,0.0,59329.06935279719,59329.06935292875
11,NL0 22 Invest,investable,NL0 22,3,0.0,53935.51759343677,53935.51759357159
11,NL0 23 Invest,investable,NL0 23,1,0.0,59329.06935279719,59329.06935292875
11,NL0 24 Invest,investable,NL0 24,1,0.0,59329.06935279719,59329.06935292875
11,NL0 25 Invest,investable,NL0 25,2,1000.0,48541.96583407945,48541.96583421443
11,NL0 26 Invest,investable,NL0 26,2,1000.0,48541.96583407945,48541.96583421443
11,NL0 27 Invest,investable,NL0 27,1,0.0,59329.06935279719,59329.06935292875
11,NL0 28 Invest,investable,NL0 28,2,987.3248031843468,48541.96583407945,48541.96583421443
11,NL0 3 Invest,investable,NL0 3,1,1000.0,59329.06935279719,59329.06935292875
11,NL0 30 Invest,investable,NL0 30,1,0.0,59329.06935279719,59329.06935292875
11,NL0 31 Invest,investable,NL0 31,2,0.0,48541.96583407945,48541.96583421443
11,NL0 33 Invest,investable,NL0 33,1,35.5312178697568,59329.06935279719,59329.06935292875
11,NL0 4 Invest,investable,NL0 4,2,1000.0,48541.96583407945,48541.96583421443
11,NL0 5 Invest,investable,NL0 5,3,678.1047541590506,53935.51759343677,53935.51759357159
11,NL0 6 Invest,investable,NL0 6,3,1000.0,53935.51759343677,53935.51759357159
11,NL0 7 Invest,investable,NL0 7,3,0.0,53935.51759343677,53935.51759357159
11,NL0 8 Invest,investable,NL0 8,1,1000.0,59329.06935279719,59329.06935292875
11,NL0 9 Invest,investable,NL0 9,3,1000.0,53935.51759343677,53935.51759357159
11,NL0 1 biomass,legacy,NL0 1,3,71.0,53935.51759343677,53935.51759343677
11,NL0 1 waste,legacy,NL0 1,3,31.0,53935.51759343677,53935.51759343677
11,NL0 10 waste,legacy,NL0 10,1,150.0,59329.06935279719,59329.06935279719
11,NL0 11 biomass,legacy,NL0 11,3,20.0,53935.51759343677,53935.51759343677
11,NL0 11 waste,legacy,NL0 11,3,50.0,53935.51759343677,53935.51759343677
11,NL0 13 biomass,legacy,NL0 13,3,77.0,53935.51759343677,53935.51759343677
11,NL0 19 biomass,legacy,NL0 19,2,49.0,48541.96583407945,48541.96583407945
11,NL0 19 waste,legacy,NL0 19,2,36.0,48541.96583407945,48541.96583407945
11,NL0 22 biomass,legacy,NL0 22,3,500.0,53935.51759343677,53935.51759343677
11,NL0 25 waste,legacy,NL0 25,2,54.0,48541.96583407945,48541.96583407945
11,NL0 27 biomass,legacy,NL0 27,1,22.0,59329.06935279719,59329.06935279719
11,NL0 27 waste,legacy,NL0 27,1,71.2,59329.06935279719,59329.06935279719
11,NL0 3 biomass,legacy,NL0 3,1,22.0,59329.06935279719,59329.06935279719
11,NL0 3 waste,legacy,NL0 3,1,108.0,59329.06935279719,59329.06935279719
11,NL0 30 biomass,legacy,NL0 30,1,60.0,59329.06935279719,59329.06935279719
11,NL0 7 nuclear,legacy,NL0 7,3,515.0,53935.51759343677,53935.51759343677
11,NL0 7 waste,legacy,NL0 7,3,39.0,53935.51759343677,53935.51759343677
11,NL0 8 biomass,legacy,NL0 8,1,36.0,59329.06935279719,59329.06935279719
11,NL0 8 waste,legacy,NL0 8,1,157.0,59329.06935279719,59329.06935279719
11,NL0 9 biomass,legacy,NL0 9,3,20.0,53935.51759343677,53935.51759343677
11,NL0 0 0 solar,legacy,NL0 0,1,0.0,59329.06935279719,59329.069352797116
11,NL0 1 0 solar,legacy,NL0 1,3,0.0,53935.51759343677,53935.5175934367
11,NL0 10 0 solar,legacy,NL0 10,1,0.0,59329.06935279719,59329.069352797116
11,NL0 11 0 solar,legacy,NL0 11,3,0.0,53935.51759343677,53935.5175934367
11,NL0 12 0 solar,legacy,NL0 12,2,0.0,48541.96583407945,48541.96583407938
11,NL0 13 0 solar,legacy,NL0 13,3,0.0,53935.51759343677,53935.5175934367
11,NL0 14 0 solar,legacy,NL0 14,2,0.0,48541.96583407945,48541.96583407938
11,NL0 15 0 solar,legacy,NL0 15,2,0.0,48541.96583407945,48541.96583407938
11,NL0 16 0 solar,legacy,NL0 16,1,0.0,59329.06935279719,59329.069352797116
11,NL0 17 0 solar,legacy,NL0 17,1,0.0,59329.06935279719,59329.069352797116
11,NL0 18 0 solar,legacy,NL0 18,1,0.0,59329.06935279719,59329.069352797116
11,NL0 19 0 solar,legacy,NL0 19,2,0.0,48541.96583407945,48541.96583407938
11,NL0 2 0 solar,legacy,NL0 2,2,0.0,48541.96583407945,48541.96583407938
11,NL0 20 0 solar,legacy,NL0 20,1,0.0,59329.06935279719,59329.069352797116
11,NL0 21 0 solar,legacy,NL0 21,1,0.0,59329.06935279719,59329.069352797116
11,NL0 22 0 solar,legacy,NL0 22,3,0.0,53935.51759343677,53935.5175934367
11,NL0 23 0 solar,legacy,NL0 23,1,0.0,59329.06935279719,59329.069352797116
11,NL0 24 0 solar,legacy,NL0 24,1,0.0,59329.06935279719,59329.069352797116
11,NL0 25 0 solar,legacy,NL0 25,2,0.0,48541.96583407945,48541.96583407938
11,NL0 26 0 solar,legacy,NL0 26,2,0.0,48541.96583407945,48541.96583407938
11,NL0 27 0 solar,legacy,NL0 27,1,0.0,59329.06935279719,59329.069352797116
11,NL0 28 0 solar,legacy,NL0 28,2,0.0,48541.96583407945,48541.96583407938
11,NL0 3 0 solar,legacy,NL0 3,1,0.0,59329.06935279719,59329.069352797116
11,NL0 30 0 solar,legacy,NL0 30,1,0.0,59329.06935279719,59329.069352797116
11,NL0 31 0 solar,legacy,NL0 31,2,0.0,48541.96583407945,48541.96583407938
11,NL0 4 0 solar,legacy,NL0 4,2,0.0,48541.96583407945,48541.96583407938
11,NL0 5 0 solar,legacy,NL0 5,3,0.0,53935.51759343677,53935.5175934367
11,NL0 6 0 solar,legacy,NL0 6,3,0.0,53935.51759343677,53935.5175934367
11,NL0 7 0 solar,legacy,NL0 7,3,0.0,53935.51759343677,53935.5175934367
11,NL0 8 0 solar,legacy,NL0 8,1,0.0,59329.06935279719,59329.069352797116
11,NL0 9 0 solar,legacy,NL0 9,3,0.0,53935.51759343677,53935.5175934367
11,NL0 20 0 offwind-ac,legacy,NL0 20,1,0.0,59329.06935279719,59329.069352797116
11,NL0 27 0 offwind-ac,legacy,NL0 27,1,0.0,59329.06935279719,59329.069352797116
11,NL0 31 0 offwind-ac,legacy,NL0 31,2,0.0,48541.96583407945,48541.96583407938
11,NL0 32 0 offwind-ac,legacy,NL0 32,1,0.0,59329.06935279719,59329.069352797116
11,NL0 7 0 offwind-ac,legacy,NL0 7,3,0.0,53935.51759343677,53935.5175934367
11,NL0 0 0 onwind,legacy,NL0 0,1,0.0,59329.06935279719,59329.069352797116
11,NL0 1 0 onwind,legacy,NL0 1,3,0.0,53935.51759343677,53935.5175934367
11,NL0 10 0 onwind,legacy,NL0 10,1,0.0,59329.06935279719,59329.069352797116
11,NL0 11 0 onwind,legacy,NL0 11,3,0.0,53935.51759343677,53935.5175934367
11,NL0 12 0 onwind,legacy,NL0 12,2,0.0,48541.96583407945,48541.96583407938
11,NL0 13 0 onwind,legacy,NL0 13,3,0.0,53935.51759343677,53935.5175934367
11,NL0 14 0 onwind,legacy,NL0 14,2,0.0,48541.96583407945,48541.96583407938
11,NL0 15 0 onwind,legacy,NL0 15,2,0.0,48541.96583407945,48541.96583407938
11,NL0 17 0 onwind,legacy,NL0 17,1,0.0,59329.06935279719,59329.069352797116
11,NL0 19 0 onwind,legacy,NL0 19,2,0.0,48541.96583407945,48541.96583407938
11,NL0 2 0 onwind,legacy,NL0 2,2,0.0,48541.96583407945,48541.96583407938
11,NL0 20 0 onwind,legacy,NL0 20,1,0.0,59329.06935279719,59329.069352797116
11,NL0 21 0 onwind,legacy,NL0 21,1,0.0,59329.06935279719,59329.069352797116
11,NL0 22 0 onwind,legacy,NL0 22,3,0.0,53935.51759343677,53935.5175934367
11,NL0 23 0 onwind,legacy,NL0 23,1,0.0,59329.06935279719,59329.069352797116
11,NL0 24 0 onwind,legacy,NL0 24,1,0.0,59329.06935279719,59329.069352797116
11,NL0 27 0 onwind,legacy,NL0 27,1,0.0,59329.06935279719,59329.069352797116
11,NL0 3 0 onwind,legacy,NL0 3,1,0.0,59329.06935279719,59329.069352797116
11,NL0 30 0 onwind,legacy,NL0 30,1,0.0,59329.06935279719,59329.069352797116
11,NL0 31 0 onwind,legacy,NL0 31,2,0.0,48541.96583407945,48541.96583407938
11,NL0 4 0 onwind,legacy,NL0 4,2,0.0,48541.96583407945,48541.96583407938
11,NL0 5 0 onwind,legacy,NL0 5,3,0.0,53935.51759343677,53935.5175934367
11,NL0 6 0 onwind,legacy,NL0 6,3,0.0,53935.51759343677,53935.5175934367
11,NL0 7 0 onwind,legacy,NL0 7,3,0.0,53935.51759343677,53935.5175934367
11,NL0 8 0 onwind,legacy,NL0 8,1,0.0,59329.06935279719,59329.069352797116
11,NL0 9 0 onwind,legacy,NL0 9,3,0.0,53935.51759343677,53935.5175934367
12,NL0 0 Invest,investable,NL0 0,1,0.0,59329.06935279719,59329.06935292875
12,NL0 1 Invest,investable,NL0 1,3,0.0,53935.51759343677,53935.51759357159
12,NL0 10 Invest,investable,NL0 10,1,1000.0,59329.06935279719,59329.06935292875
12,NL0 11 Invest,investable,NL0 11,3,0.0,53935.51759343677,53935.51759357159
12,NL0 12 Invest,investable,NL0 12,2,1000.0,48541.96583407945,48541.96583421443
12,NL0 13 Invest,investable,NL0 13,3,678.1047541590506,53935.51759343677,53935.51759357159
12,NL0 14 Invest,investable,NL0 14,2,0.0,48541.96583407945,48541.96583421443
12,NL0 15 Invest,investable,NL0 15,2,0.0,48541.96583407945,48541.96583421443
12,NL0 16 Invest,investable,NL0 16,1,0.0,59329.06935279719,59329.06935292875
12,NL0 17 Invest,investable,NL0 17,1,0.0,59329.06935279719,59329.06935292875
12,NL0 18 Invest,investable,NL0 18,1,0.0,59329.06935279719,59329.06935292875
12,NL0 19 Invest,investable,NL0 19,2,1000.0,48541.96583407945,48541.96583421443
12,NL0 2 Invest,investable,NL0 2,2,1000.0,48541.96583407945,48541.96583421443
12,NL0 20 Invest,investable,NL0 20,1,1000.0,59329.06935279719,59329.06935292875
12,NL0 21 Invest,investable,NL0 21,1,0.0,59329.06935279719,59329.06935292875
12,NL0 22 Invest,investable,NL0 22,3,1000.0,53935.51759343677,53935.51759357159
12,NL0 23 Invest,investable,NL0 23,1,0.0,59329.06935279719,59329.06935292875
12,NL0 24 Invest,investable,NL0 24,1,1000.0,59329.06935279719,59329.06935292875
12,NL0 25 Invest,investable,NL0 25,2,987.3248031843468,48541.96583407945,48541.96583421443
12,NL0 26 Invest,investable,NL0 26,2,0.0,48541.96583407945,48541.96583421443
12,NL0 27 Invest,investable,NL0 27,1,35.5312178697568,59329.06935279719,59329.06935292875
12,NL0 28 Invest,investable,NL0 28,2,1000.0,48541.96583407945,48541.96583421443
12,NL0 3 Invest,investable,NL0 3,1,0.0,59329.06935279719,59329.06935292875
12,NL0 30 Invest,investable,NL0 30,1,0.0,59329.06935279719,59329.06935292875
12,NL0 31 Invest,investable,NL0 31,2,1000.0,48541.96583407945,48541.96583421443
12,NL0 33 Invest,investable,NL0 33,1,0.0,59329.06935279719,59329.06935292875
12,NL0 4 Invest,investable,NL0 4,2,0.0,48541.96583407945,48541.96583421443
12,NL0 5 Invest,investable,NL0 5,3,1000.0,53935.51759343677,53935.51759357159
12,NL0 6 Invest,investable,NL0 6,3,1000.0,53935.51759343677,53935.51759357159
12,NL0 7 Invest,investable,NL0 7,3,1000.0,53935.51759343677,53935.51759357159
12,NL0 8 Invest,investable,NL0 8,1,0.0,59329.06935279719,59329.06935292875
12,NL0 9 Invest,investable,NL0 9,3,1000.0,53935.51759343677,53935.51759357159
12,NL0 1 biomass,legacy,NL0 1,3,71.0,53935.51759343677,53935.51759343677
12,NL0 1 waste,legacy,NL0 1,3,31.0,53935.51759343677,53935.51759343677
12,NL0 10 waste,legacy,NL0 10,1,150.0,59329.06935279719,59329.06935279719
12,NL0 11 biomass,legacy,NL0 11,3,20.0,53935.51759343677,53935.51759343677
12,NL0 11 waste,legacy,NL0 11,3,50.0,53935.51759343677,53935.51759343677
12,NL0 13 biomass,legacy,NL0 13,3,77.0,53935.51759343677,53935.51759343677
12,NL0 19 biomass,legacy,NL0 19,2,49.0,48541.96583407945,48541.96583407945
12,NL0 19 waste,legacy,NL0 19,2,36.0,48541.96583407945,48541.96583407945
12,NL0 22 biomass,legacy,NL0 22,3,500.0,53935.51759343677,53935.51759343677
12,NL0 25 waste,legacy,NL0 25,2,54.0,48541.96583407945,48541.96583407945
12,NL0 27 biomass,legacy,NL0 27,1,22.0,59329.06935279719,59329.06935279719
12,NL0 27 waste,legacy,NL0 27,1,71.2,59329.06935279719,59329.06935279719
12,NL0 3 biomass,legacy,NL0 3,1,22.0,59329.06935279719,59329.06935279719
12,NL0 3 waste,legacy,NL0 3,1,108.0,59329.06935279719,59329.06935279719
12,NL0 30 biomass,legacy,NL0 30,1,60.0,59329.06935279719,59329.06935279719
12,NL0 7 nuclear,legacy,NL0 7,3,515.0,53935.51759343677,53935.51759343677
12,NL0 7 waste,legacy,NL0 7,3,39.0,53935.51759343677,53935.51759343677
12,NL0 8 biomass,legacy,NL0 8,1,36.0,59329.06935279719,59329.06935279719
12,NL0 8 waste,legacy,NL0 8,1,157.0,59329.06935279719,59329.06935279719
12,NL0 9 biomass,legacy,NL0 9,3,20.0,53935.51759343677,53935.51759343677
12,NL0 0 0 solar,legacy,NL0 0,1,0.0,59329.06935279719,59329.069352797116
12,NL0 1 0 solar,legacy,NL0 1,3,0.0,53935.51759343677,53935.5175934367
12,NL0 10 0 solar,legacy,NL0 10,1,0.0,59329.06935279719,59329.069352797116
12,NL0 11 0 solar,legacy,NL0 11,3,0.0,53935.51759343677,53935.5175934367
12,NL0 12 0 solar,legacy,NL0 12,2,0.0,48541.96583407945,48541.96583407938
12,NL0 13 0 solar,legacy,NL0 13,3,0.0,53935.51759343677,53935.5175934367
12,NL0 14 0 solar,legacy,NL0 14,2,0.0,48541.96583407945,48541.96583407938
12,NL0 15 0 solar,legacy,NL0 15,2,0.0,48541.96583407945,48541.96583407938
12,NL0 16 0 solar,legacy,NL0 16,1,0.0,59329.06935279719,59329.069352797116
12,NL0 17 0 solar,legacy,NL0 17,1,0.0,59329.06935279719,59329.069352797116
12,NL0 18 0 solar,legacy,NL0 18,1,0.0,59329.06935279719,59329.069352797116
12,NL0 19 0 solar,legacy,NL0 19,2,0.0,48541.96583407945,48541.96583407938
12,NL0 2 0 solar,legacy,NL0 2,2,0.0,48541.96583407945,48541.96583407938
12,NL0 20 0 solar,legacy,NL0 20,1,0.0,59329.06935279719,59329.069352797116
12,NL0 21 0 solar,legacy,NL0 21,1,0.0,59329.06935279719,59329.069352797116
12,NL0 22 0 solar,legacy,NL0 22,3,0.0,53935.51759343677,53935.5175934367
12,NL0 23 0 solar,legacy,NL0 23,1,0.0,59329.06935279719,59329.069352797116
12,NL0 24 0 solar,legacy,NL0 24,1,0.0,59329.06935279719,59329.069352797116
12,NL0 25 0 solar,legacy,NL0 25,2,0.0,48541.96583407945,48541.96583407938
12,NL0 26 0 solar,legacy,NL0 26,2,0.0,48541.96583407945,48541.96583407938
12,NL0 27 0 solar,legacy,NL0 27,1,0.0,59329.06935279719,59329.069352797116
12,NL0 28 0 solar,legacy,NL0 28,2,0.0,48541.96583407945,48541.96583407938
12,NL0 3 0 solar,legacy,NL0 3,1,0.0,59329.06935279719,59329.069352797116
12,NL0 30 0 solar,legacy,NL0 30,1,0.0,59329.06935279719,59329.069352797116
12,NL0 31 0 solar,legacy,NL0 31,2,0.0,48541.96583407945,48541.96583407938
12,NL0 4 0 solar,legacy,NL0 4,2,0.0,48541.96583407945,48541.96583407938
12,NL0 5 0 solar,legacy,NL0 5,3,0.0,53935.51759343677,53935.5175934367
12,NL0 6 0 solar,legacy,NL0 6,3,0.0,53935.51759343677,53935.5175934367
12,NL0 7 0 solar,legacy,NL0 7,3,0.0,53935.51759343677,53935.5175934367
12,NL0 8 0 solar,legacy,NL0 8,1,0.0,59329.06935279719,59329.069352797116
12,NL0 9 0 solar,legacy,NL0 9,3,0.0,53935.51759343677,53935.5175934367
12,NL0 20 0 offwind-ac,legacy,NL0 20,1,0.0,59329.06935279719,59329.069352797116
12,NL0 27 0 offwind-ac,legacy,NL0 27,1,0.0,59329.06935279719,59329.069352797116
12,NL0 31 0 offwind-ac,legacy,NL0 31,2,0.0,48541.96583407945,48541.96583407938
12,NL0 32 0 offwind-ac,legacy,NL0 32,1,0.0,59329.06935279719,59329.069352797116
12,NL0 7 0 offwind-ac,legacy,NL0 7,3,0.0,53935.51759343677,53935.5175934367
12,NL0 0 0 onwind,legacy,NL0 0,1,0.0,59329.06935279719,59329.069352797116
12,NL0 1 0 onwind,legacy,NL0 1,3,0.0,53935.51759343677,53935.5175934367
12,NL0 10 0 onwind,legacy,NL0 10,1,0.0,59329.06935279719,59329.069352797116
12,NL0 11 0 onwind,legacy,NL0 11,3,0.0,53935.51759343677,53935.5175934367
12,NL0 12 0 onwind,legacy,NL0 12,2,0.0,48541.96583407945,48541.96583407938
12,NL0 13 0 onwind,legacy,NL0 13,3,0.0,53935.51759343677,53935.5175934367
12,NL0 14 0 onwind,legacy,NL0 14,2,0.0,48541.96583407945,48541.96583407938
12,NL0 15 0 onwind,legacy,NL0 15,2,0.0,48541.96583407945,48541.96583407938
12,NL0 17 0 onwind,legacy,NL0 17,1,0.0,59329.06935279719,59329.069352797116
12,NL0 19 0 onwind,legacy,NL0 19,2,0.0,48541.96583407945,48541.96583407938
12,NL0 2 0 onwind,legacy,NL0 2,2,0.0,48541.96583407945,48541.96583407938
12,NL0 20 0 onwind,legacy,NL0 20,1,0.0,59329.06935279719,59329.069352797116
12,NL0 21 0 onwind,legacy,NL0 21,1,0.0,59329.06935279719,59329.069352797116
12,NL0 22 0 onwind,legacy,NL0 22,3,0.0,53935.51759343677,53935.5175934367
12,NL0 23 0 onwind,legacy,NL0 23,1,0.0,59329.06935279719,59329.069352797116
12,NL0 24 0 onwind,legacy,NL0 24,1,0.0,59329.06935279719,59329.069352797116
12,NL0 27 0 onwind,legacy,NL0 27,1,0.0,59329.06935279719,59329.069352797116
12,NL0 3 0 onwind,legacy,NL0 3,1,0.0,59329.06935279719,59329.069352797116
12,NL0 30 0 onwind,legacy,NL0 30,1,0.0,59329.06935279719,59329.069352797116
12,NL0 31 0 onwind,legacy,NL0 31,2,0.0,48541.96583407945,48541.96583407938
12,NL0 4 0 onwind,legacy,NL0 4,2,0.0,48541.96583407945,48541.96583407938
12,NL0 5 0 onwind,legacy,NL0 5,3,0.0,53935.51759343677,53935.5175934367
12,NL0 6 0 onwind,legacy,NL0 6,3,0.0,53935.51759343677,53935.5175934367
12,NL0 7 0 onwind,legacy,NL0 7,3,0.0,53935.51759343677,53935.5175934367
12,NL0 8 0 onwind,legacy,NL0 8,1,0.0,59329.06935279719,59329.069352797116
12,NL0 9 0 onwind,legacy,NL0 9,3,0.0,53935.51759343677,53935.5175934367
13,NL0 0 Invest,investable,NL0 0,1,0.0,59329.06935279719,59329.06935292875
13,NL0 1 Invest,investable,NL0 1,3,1000.0,53935.51759343677,53935.51759357159
13,NL0 10 Invest,investable,NL0 10,1,0.0,59329.06935279719,59329.06935292875
13,NL0 11 Invest,investable,NL0 11,3,1000.0,53935.51759343677,53935.51759357159
13,NL0 12 Invest,investable,NL0 12,2,0.0,48541.96583407945,48541.96583421443
13,NL0 13 Invest,investable,NL0 13,3,1000.0,53935.51759343677,53935.51759357159
13,NL0 14 Invest,investable,NL0 14,2,1000.0,48541.96583407945,48541.96583421443
13,NL0 15 Invest,investable,NL0 15,2,1000.0,48541.96583407945,48541.96583421443
13,NL0 16 Invest,investable,NL0 16,1,1000.0,59329.06935279719,59329.06935292875
13,NL0 17 Invest,investable,NL0 17,1,0.0,59329.06935279719,59329.06935292875
13,NL0 18 Invest,investable,NL0 18,1,0.0,59329.06935279719,59329.06935292875
13,NL0 19 Invest,investable,NL0 19,2,987.3248031843468,48541.96583407945,48541.96583421443
13,NL0 2 Invest,investable,NL0 2,2,1000.0,48541.96583407945,48541.96583421443
13,NL0 20 Invest,investable,NL0 20,1,0.0,59329.06935279719,59329.06935292875
13,NL0 21 Invest,investable,NL0 21,1,0.0,59329.06935279719,59329.06935292875
13,NL0 22 Invest,investable,NL0 22,3,0.0,53935.51759343677,53935.51759357159
13,NL0 23 Invest,investable,NL0 23,1,0.0,59329.06935279719,59329.06935292875
13,NL0 24 Invest,investable,NL0 24,1,0.0,59329.06935279719,59329.06935292875
13,NL0 25 Invest,investable,NL0 25,2,0.0,48541.96583407945,48541.96583421443
13,NL0 26 Invest,investable,NL0 26,2,1000.0,48541.96583407945,48541.96583421443
13,NL0 27 Invest,investable,NL0 27,1,0.0,59329.06935279719,59329.06935292875
13,NL0 28 Invest,investable,NL0 28,2,0.0,48541.96583407945,48541.96583421443
13,NL0 3 Invest,investable,NL0 3,1,1000.0,59329.06935279719,59329.06935292875
13,NL0 30 Invest,investable,NL0 30,1,0.0,59329.06935279719,59329.06935292875
13,NL0 31 Invest,investable,NL0 31,2,0.0,48541.96583407945,48541.96583421443
13,NL0 33 Invest,investable,NL0 33,1,35.5312178697568,59329.06935279719,59329.06935292875
13,NL0 4 Invest,investable,NL0 4,2,1000.0,48541.96583407945,48541.96583421443
13,NL0 5 Invest,investable,NL0 5,3,678.1047541590506,53935.51759343677,53935.51759357159
13,NL0 6 Invest,investable,NL0 6,3,1000.0,53935.51759343677,53935.51759357159
13,NL0 7 Invest,investable,NL0 7,3,0.0,53935.51759343677,53935.51759357159
13,NL0 8 Invest,investable,NL0 8,1,1000.0,59329.06935279719,59329.06935292875
13,NL0 9 Invest,investable,NL0 9,3,1000.0,53935.51759343677,53935.51759357159
13,NL0 1 biomass,legacy,NL0 1,3,71.0,53935.51759343677,53935.51759343677
13,NL0 1 waste,legacy,NL0 1,3,31.0,53935.51759343677,53935.51759343677
13,NL0 10 waste,legacy,NL0 10,1,150.0,59329.06935279719,59329.06935279719
13,NL0 11 biomass,legacy,NL0 11,3,20.0,53935.51759343677,53935.51759343677
13,NL0 11 waste,legacy,NL0 11,3,50.0,53935.51759343677,53935.51759343677
13,NL0 13 biomass,legacy,NL0 13,3,77.0,53935.51759343677,53935.51759343677
13,NL0 19 biomass,legacy,NL0 19,2,49.0,48541.96583407945,48541.96583407945
13,NL0 19 waste,legacy,NL0 19,2,36.0,48541.96583407945,48541.96583407945
13,NL0 22 biomass,legacy,NL0 22,3,500.0,53935.51759343677,53935.51759343677
13,NL0 25 waste,legacy,NL0 25,2,54.0,48541.96583407945,48541.96583407945
13,NL0 27 biomass,legacy,NL0 27,1,22.0,59329.06935279719,59329.06935279719
13,NL0 27 waste,legacy,NL0 27,1,71.2,59329.06935279719,59329.06935279719
13,NL0 3 biomass,legacy,NL0 3,1,22.0,59329.06935279719,59329.06935279719
13,NL0 3 waste,legacy,NL0 3,1,108.0,59329.06935279719,59329.06935279719
13,NL0 30 biomass,legacy,NL0 30,1,60.0,59329.06935279719,59329.06935279719
13,NL0 7 nuclear,legacy,NL0 7,3,515.0,53935.51759343677,53935.51759343677
13,NL0 7 waste,legacy,NL0 7,3,39.0,53935.51759343677,53935.51759343677
13,NL0 8 biomass,legacy,NL0 8,1,36.0,59329.06935279719,59329.06935279719
13,NL0 8 waste,legacy,NL0 8,1,157.0,59329.06935279719,59329.06935279719
13,NL0 9 biomass,legacy,NL0 9,3,20.0,53935.51759343677,53935.51759343677
13,NL0 0 0 solar,legacy,NL0 0,1,0.0,59329.06935279719,59329.069352797116
13,NL0 1 0 solar,legacy,NL0 1,3,0.0,53935.51759343677,53935.5175934367
13,NL0 10 0 solar,legacy,NL0 10,1,0.0,59329.06935279719,59329.069352797116
13,NL0 11 0 solar,legacy,NL0 11,3,0.0,53935.51759343677,53935.5175934367
13,NL0 12 0 solar,legacy,NL0 12,2,0.0,48541.96583407945,48541.96583407938
13,NL0 13 0 solar,legacy,NL0 13,3,0.0,53935.51759343677,53935.5175934367
13,NL0 14 0 solar,legacy,NL0 14,2,0.0,48541.96583407945,48541.96583407938
13,NL0 15 0 solar,legacy,NL0 15,2,0.0,48541.96583407945,48541.96583407938
13,NL0 16 0 solar,legacy,NL0 16,1,0.0,59329.06935279719,59329.069352797116
13,NL0 17 0 solar,legacy,NL0 17,1,0.0,59329.06935279719,59329.069352797116
13,NL0 18 0 solar,legacy,NL0 18,1,0.0,59329.06935279719,59329.069352797116
13,NL0 19 0 solar,legacy,NL0 19,2,0.0,48541.96583407945,48541.96583407938
13,NL0 2 0 solar,legacy,NL0 2,2,0.0,48541.96583407945,48541.96583407938
13,NL0 20 0 solar,legacy,NL0 20,1,0.0,59329.06935279719,59329.069352797116
13,NL0 21 0 solar,legacy,NL0 21,1,0.0,59329.06935279719,59329.069352797116
13,NL0 22 0 solar,legacy,NL0 22,3,0.0,53935.51759343677,53935.5175934367
13,NL0 23 0 solar,legacy,NL0 23,1,0.0,59329.06935279719,59329.069352797116
13,NL0 24 0 solar,legacy,NL0 24,1,0.0,59329.06935279719,59329.069352797116
13,NL0 25 0 solar,legacy,NL0 25,2,0.0,48541.96583407945,48541.96583407938
13,NL0 26 0 solar,legacy,NL0 26,2,0.0,48541.96583407945,48541.96583407938
13,NL0 27 0 solar,legacy,NL0 27,1,0.0,59329.06935279719,59329.069352797116
13,NL0 28 0 solar,legacy,NL0 28,2,0.0,48541.96583407945,48541.96583407938
13,NL0 3 0 solar,legacy,NL0 3,1,0.0,59329.06935279719,59329.069352797116
13,NL0 30 0 solar,legacy,NL0 30,1,0.0,59329.06935279719,59329.069352797116
13,NL0 31 0 solar,legacy,NL0 31,2,0.0,48541.96583407945,48541.96583407938
13,NL0 4 0 solar,legacy,NL0 4,2,0.0,48541.96583407945,48541.96583407938
13,NL0 5 0 solar,legacy,NL0 5,3,0.0,53935.51759343677,53935.5175934367
13,NL0 6 0 solar,legacy,NL0 6,3,0.0,53935.51759343677,53935.5175934367
13,NL0 7 0 solar,legacy,NL0 7,3,0.0,53935.51759343677,53935.5175934367
13,NL0 8 0 solar,legacy,NL0 8,1,0.0,59329.06935279719,59329.069352797116
13,NL0 9 0 solar,legacy,NL0 9,3,0.0,53935.51759343677,53935.5175934367
13,NL0 20 0 offwind-ac,legacy,NL0 20,1,0.0,59329.06935279719,59329.069352797116
13,NL0 27 0 offwind-ac,legacy,NL0 27,1,0.0,59329.06935279719,59329.069352797116
13,NL0 31 0 offwind-ac,legacy,NL0 31,2,0.0,48541.96583407945,48541.96583407938
13,NL0 32 0 offwind-ac,legacy,NL0 32,1,0.0,59329.06935279719,59329.069352797116
13,NL0 7 0 offwind-ac,legacy,NL0 7,3,0.0,53935.51759343677,53935.5175934367
13,NL0 0 0 onwind,legacy,NL0 0,1,0.0,59329.06935279719,59329.069352797116
13,NL0 1 0 onwind,legacy,NL0 1,3,0.0,53935.51759343677,53935.5175934367
13,NL0 10 0 onwind,legacy,NL0 10,1,0.0,59329.06935279719,59329.069352797116
13,NL0 11 0 onwind,legacy,NL0 11,3,0.0,53935.51759343677,53935.5175934367
13,NL0 12 0 onwind,legacy,NL0 12,2,0.0,48541.96583407945,48541.96583407938
13,NL0 13 0 onwind,legacy,NL0 13,3,0.0,53935.51759343677,53935.5175934367
13,NL0 14 0 onwind,legacy,NL0 14,2,0.0,48541.96583407945,48541.96583407938
13,NL0 15 0 onwind,legacy,NL0 15,2,0.0,48541.96583407945,48541.96583407938
13,NL0 17 0 onwind,legacy,NL0 17,1,0.0,59329.06935279719,59329.069352797116
13,NL0 19 0 onwind,legacy,NL0 19,2,0.0,48541.96583407945,48541.96583407938
13,NL0 2 0 onwind,legacy,NL0 2,2,0.0,48541.96583407945,48541.96583407938
13,NL0 20 0 onwind,legacy,NL0 20,1,0.0,59329.06935279719,59329.069352797116
13,NL0 21 0 onwind,legacy,NL0 21,1,0.0,59329.06935279719,59329.069352797116
13,NL0 22 0 onwind,legacy,NL0 22,3,0.0,53935.51759343677,53935.5175934367
13,NL0 23 0 onwind,legacy,NL0 23,1,0.0,59329.06935279719,59329.069352797116
13,NL0 24 0 onwind,legacy,NL0 24,1,0.0,59329.06935279719,59329.069352797116
13,NL0 27 0 onwind,legacy,NL0 27,1,0.0,59329.06935279719,59329.069352797116
13,NL0 3 0 onwind,legacy,NL0 3,1,0.0,59329.06935279719,59329.069352797116
13,NL0 30 0 onwind,legacy,NL0 30,1,0.0,59329.06935279719,59329.069352797116
13,NL0 31 0 onwind,legacy,NL0 31,2,0.0,48541.96583407945,48541.96583407938
13,NL0 4 0 onwind,legacy,NL0 4,2,0.0,48541.96583407945,48541.96583407938
13,NL0 5 0 onwind,legacy,NL0 5,3,0.0,53935.51759343677,53935.5175934367
13,NL0 6 0 onwind,legacy,NL0 6,3,0.0,53935.51759343677,53935.5175934367
13,NL0 7 0 onwind,legacy,NL0 7,3,0.0,53935.51759343677,53935.5175934367
13,NL0 8 0 onwind,legacy,NL0 8,1,0.0,59329.06935279719,59329.069352797116
13,NL0 9 0 onwind,legacy,NL0 9,3,0.0,53935.51759343677,53935.5175934367
14,NL0 0 Invest,investable,NL0 0,1,0.0,59329.06935279719,59329.06935292875
14,NL0 1 Invest,investable,NL0 1,3,0.0,53935.51759343677,53935.51759357159
14,NL0 10 Invest,investable,NL0 10,1,1000.0,59329.06935279719,59329.06935292875
14,NL0 11 Invest,investable,NL0 11,3,0.0,53935.51759343677,53935.51759357159
14,NL0 12 Invest,investable,NL0 12,2,1000.0,48541.96583407945,48541.96583421443
14,NL0 13 Invest,investable,NL0 13,3,678.1047541590506,53935.51759343677,53935.51759357159
14,NL0 14 Invest,investable,NL0 14,2,987.3248031843468,48541.96583407945,48541.96583421443
14,NL0 15 Invest,investable,NL0 15,2,0.0,48541.96583407945,48541.96583421443
14,NL0 16 Invest,investable,NL0 16,1,0.0,59329.06935279719,59329.06935292875
14,NL0 17 Invest,investable,NL0 17,1,0.0,59329.06935279719,59329.06935292875
14,NL0 18 Invest,investable,NL0 18,1,0.0,59329.06935279719,59329.06935292875
14,NL0 19 Invest,investable,NL0 19,2,1000.0,48541.96583407945,48541.96583421443
14,NL0 2 Invest,investable,NL0 2,2,0.0,48541.96583407945,48541.96583421443
14,NL0 20 Invest,investable,NL0 20,1,1000.0,59329.06935279719,59329.06935292875
14,NL0 21 Invest,investable,NL0 21,1,0.0,59329.06935279719,59329.06935292875
14,NL0 22 Invest,investable,NL0 22,3,1000.0,53935.51759343677,53935.51759357159
14,NL0 23 Invest,investable,NL0 23,1,0.0,59329.06935279719,59329.06935292875
14,NL0 24 Invest,investable,NL0 24,1,1000.0,59329.06935279719,59329.06935292875
14,NL0 25 Invest,investable,NL0 25,2,1000.0,48541.96583407945,48541.96583421443
14,NL0 26 Invest,investable,NL0 26,2,0.0,48541.96583407945,48541.96583421443
14,NL0 27 Invest,investable,NL0 27,1,35.5312178697568,59329.06935279719,59329.06935292875
14,NL0 28 Invest,investable,NL0 28,2,1000.0,48541.96583407945,48541.96583421443
14,NL0 3 Invest,investable,NL0 3,1,0.0,59329.06935279719,59329.06935292875
14,NL0 30 Invest,investable,NL0 30,1,0.0,59329.06935279719,59329.06935292875
14,NL0 31 Invest,investable,NL0 31,2,1000.0,48541.96583407945,48541.96583421443
14,NL0 33 Invest,investable,NL0 33,1,0.0,59329.06935279719,59329.06935292875
14,NL0 4 Invest,investable,NL0 4,2,0.0,48541.96583407945,48541.96583421443
14,NL0 5 Invest,investable,NL0 5,3,1000.0,53935.51759343677,53935.51759357159
14,NL0 6 Invest,investable,NL0 6,3,1000.0,53935.51759343677,53935.51759357159
14,NL0 7 Invest,investable,NL0 7,3,1000.0,53935.51759343677,53935.51759357159
14,NL0 8 Invest,investable,NL0 8,1,0.0,59329.06935279719,59329.06935292875
14,NL0 9 Invest,investable,NL0 9,3,1000.0,53935.51759343677,53935.51759357159
14,NL0 1 biomass,legacy,NL0 1,3,71.0,53935.51759343677,53935.51759343677
14,NL0 1 waste,legacy,NL0 1,3,31.0,53935.51759343677,53935.51759343677
14,NL0 10 waste,legacy,NL0 10,1,150.0,59329.06935279719,59329.06935279719
14,NL0 11 biomass,legacy,NL0 11,3,20.0,53935.51759343677,53935.51759343677
14,NL0 11 waste,legacy,NL0 11,3,50.0,53935.51759343677,53935.51759343677
14,NL0 13 biomass,legacy,NL0 13,3,77.0,53935.51759343677,53935.51759343677
14,NL0 19 biomass,legacy,NL0 19,2,49.0,48541.96583407945,48541.96583407945
14,NL0 19 waste,legacy,NL0 19,2,36.0,48541.96583407945,48541.96583407945
14,NL0 22 biomass,legacy,NL0 22,3,500.0,53935.51759343677,53935.51759343677
14,NL0 25 waste,legacy,NL0 25,2,54.0,48541.96583407945,48541.96583407945
14,NL0 27 biomass,legacy,NL0 27,1,22.0,59329.06935279719,59329.06935279719
14,NL0 27 waste,legacy,NL0 27,1,71.2,59329.06935279719,59329.06935279719
14,NL0 3 biomass,legacy,NL0 3,1,22.0,59329.06935279719,59329.06935279719
14,NL0 3 waste,legacy,NL0 3,1,108.0,59329.06935279719,59329.06935279719
14,NL0 30 biomass,legacy,NL0 30,1,60.0,59329.06935279719,59329.06935279719
14,NL0 7 nuclear,legacy,NL0 7,3,515.0,53935.51759343677,53935.51759343677
14,NL0 7 waste,legacy,NL0 7,3,39.0,53935.51759343677,53935.51759343677
14,NL0 8 biomass,legacy,NL0 8,1,36.0,59329.06935279719,59329.06935279719
14,NL0 8 waste,legacy,NL0 8,1,157.0,59329.06935279719,59329.06935279719
14,NL0 9 biomass,legacy,NL0 9,3,20.0,53935.51759343677,53935.51759343677
14,NL0 0 0 solar,legacy,NL0 0,1,0.0,59329.06935279719,59329.069352797116
14,NL0 1 0 solar,legacy,NL0 1,3,0.0,53935.51759343677,53935.5175934367
14,NL0 10 0 solar,legacy,NL0 10,1,0.0,59329.06935279719,59329.069352797116
14,NL0 11 0 solar,legacy,NL0 11,3,0.0,53935.51759343677,53935.5175934367
14,NL0 12 0 solar,legacy,NL0 12,2,0.0,48541.96583407945,48541.96583407938
14,NL0 13 0 solar,legacy,NL0 13,3,0.0,53935.51759343677,53935.5175934367
14,NL0 14 0 solar,legacy,NL0 14,2,0.0,48541.96583407945,48541.96583407938
14,NL0 15 0 solar,legacy,NL0 15,2,0.0,48541.96583407945,48541.96583407938
14,NL0 16 0 solar,legacy,NL0 16,1,0.0,59329.06935279719,59329.069352797116
14,NL0 17 0 solar,legacy,NL0 17,1,0.0,59329.06935279719,59329.069352797116
14,NL0 18 0 solar,legacy,NL0 18,1,0.0,59329.06935279719,59329.069352797116
14,NL0 19 0 solar,legacy,NL0 19,2,0.0,48541.96583407945,48541.96583407938
14,NL0 2 0 solar,legacy,NL0 2,2,0.0,48541.96583407945,48541.96583407938
14,NL0 20 0 solar,legacy,NL0 20,1,0.0,59329.06935279719,59329.069352797116
14,NL0 21 0 solar,legacy,NL0 21,1,0.0,59329.06935279719,59329.069352797116
14,NL0 22 0 solar,legacy,NL0 22,3,0.0,53935.51759343677,53935.5175934367
14,NL0 23 0 solar,legacy,NL0 23,1,0.0,59329.06935279719,59329.069352797116
14,NL0 24 0 solar,legacy,NL0 24,1,0.0,59329.06935279719,59329.069352797116
14,NL0 25 0 solar,legacy,NL0 25,2,0.0,48541.96583407945,48541.96583407938
14,NL0 26 0 solar,legacy,NL0 26,2,0.0,48541.96583407945,48541.96583407938
14,NL0 27 0 solar,legacy,NL0 27,1,0.0,59329.06935279719,59329.069352797116
14,NL0 28 0 solar,legacy,NL0 28,2,0.0,48541.96583407945,48541.96583407938
14,NL0 3 0 solar,legacy,NL0 3,1,0.0,59329.06935279719,59329.069352797116
14,NL0 30 0 solar,legacy,NL0 30,1,0.0,59329.06935279719,59329.069352797116
14,NL0 31 0 solar,legacy,NL0 31,2,0.0,48541.96583407945,48541.96583407938
14,NL0 4 0 solar,legacy,NL0 4,2,0.0,48541.96583407945,48541.96583407938
14,NL0 5 0 solar,legacy,NL0 5,3,0.0,53935.51759343677,53935.5175934367
14,NL0 6 0 solar,legacy,NL0 6,3,0.0,53935.51759343677,53935.5175934367
14,NL0 7 0 solar,legacy,NL0 7,3,0.0,53935.51759343677,53935.5175934367
14,NL0 8 0 solar,legacy,NL0 8,1,0.0,59329.06935279719,59329.069352797116
14,NL0 9 0 solar,legacy,NL0 9,3,0.0,53935.51759343677,53935.5175934367
14,NL0 20 0 offwind-ac,legacy,NL0 20,1,0.0,59329.06935279719,59329.069352797116
14,NL0 27 0 offwind-ac,legacy,NL0 27,1,0.0,59329.06935279719,59329.069352797116
14,NL0 31 0 offwind-ac,legacy,NL0 31,2,0.0,48541.96583407945,48541.96583407938
14,NL0 32 0 offwind-ac,legacy,NL0 32,1,0.0,59329.06935279719,59329.069352797116
14,NL0 7 0 offwind-ac,legacy,NL0 7,3,0.0,53935.51759343677,53935.5175934367
14,NL0 0 0 onwind,legacy,NL0 0,1,0.0,59329.06935279719,59329.069352797116
14,NL0 1 0 onwind,legacy,NL0 1,3,0.0,53935.51759343677,53935.5175934367
14,NL0 10 0 onwind,legacy,NL0 10,1,0.0,59329.06935279719,59329.069352797116
14,NL0 11 0 onwind,legacy,NL0 11,3,0.0,53935.51759343677,53935.5175934367
14,NL0 12 0 onwind,legacy,NL0 12,2,0.0,48541.96583407945,48541.96583407938
14,NL0 13 0 onwind,legacy,NL0 13,3,0.0,53935.51759343677,53935.5175934367
14,NL0 14 0 onwind,legacy,NL0 14,2,0.0,48541.96583407945,48541.96583407938
14,NL0 15 0 onwind,legacy,NL0 15,2,0.0,48541.96583407945,48541.96583407938
14,NL0 17 0 onwind,legacy,NL0 17,1,0.0,59329.06935279719,59329.069352797116
14,NL0 19 0 onwind,legacy,NL0 19,2,0.0,48541.96583407945,48541.96583407938
14,NL0 2 0 onwind,legacy,NL0 2,2,0.0,48541.96583407945,48541.96583407938
14,NL0 20 0 onwind,legacy,NL0 20,1,0.0,59329.06935279719,59329.069352797116
14,NL0 21 0 onwind,legacy,NL0 21,1,0.0,59329.06935279719,59329.069352797116
14,NL0 22 0 onwind,legacy,NL0 22,3,0.0,53935.51759343677,53935.5175934367
14,NL0 23 0 onwind,legacy,NL0 23,1,0.0,59329.06935279719,59329.069352797116
14,NL0 24 0 onwind,legacy,NL0 24,1,0.0,59329.06935279719,59329.069352797116
14,NL0 27 0 onwind,legacy,NL0 27,1,0.0,59329.06935279719,59329.069352797116
14,NL0 3 0 onwind,legacy,NL0 3,1,0.0,59329.06935279719,59329.069352797116
14,NL0 30 0 onwind,legacy,NL0 30,1,0.0,59329.06935279719,59329.069352797116
14,NL0 31 0 onwind,legacy,NL0 31,2,0.0,48541.96583407945,48541.96583407938
14,NL0 4 0 onwind,legacy,NL0 4,2,0.0,48541.96583407945,48541.96583407938
14,NL0 5 0 onwind,legacy,NL0 5,3,0.0,53935.51759343677,53935.5175934367
14,NL0 6 0 onwind,legacy,NL0 6,3,0.0,53935.51759343677,53935.5175934367
14,NL0 7 0 onwind,legacy,NL0 7,3,0.0,53935.51759343677,53935.5175934367
14,NL0 8 0 onwind,legacy,NL0 8,1,0.0,59329.06935279719,59329.069352797116
14,NL0 9 0 onwind,legacy,NL0 9,3,0.0,53935.51759343677,53935.5175934367
15,NL0 0 Invest,investable,NL0 0,1,0.0,59329.06935279719,59329.06935292875
15,NL0 1 Invest,investable,NL0 1,3,1000.0,53935.51759343677,53935.51759357159
15,NL0 10 Invest,investable,NL0 10,1,0.0,59329.06935279719,59329.06935292875
15,NL0 11 Invest,investable,NL0 11,3,1000.0,53935.51759343677,53935.51759357159
15,NL0 12 Invest,investable,NL0 12,2,987.3248031843468,48541.96583407945,48541.96583421443
15,NL0 13 Invest,investable,NL0 13,3,1000.0,53935.51759343677,53935.51759357159
15,NL0 14 Invest,investable,NL0 14,2,0.0,48541.96583407945,48541.96583421443
15,NL0 15 Invest,investable,NL0 15,2,1000.0,48541.96583407945,48541.96583421443
15,NL0 16 Invest,investable,NL0 16,1,1000.0,59329.06935279719,59329.06935292875
15,NL0 17 Invest,investable,NL0 17,1,0.0,59329.06935279719,59329.06935292875
15,NL0 18 Invest,investable,NL0 18,1,0.0,59329.06935279719,59329.06935292875
15,NL0 19 Invest,investable,NL0 19,2,1000.0,48541.96583407945,48541.96583421443
15,NL0 2 Invest,investable,NL0 2,2,1000.0,48541.96583407945,48541.96583421443
15,NL0 20 Invest,investable,NL0 20,1,0.0,59329.06935279719,59329.06935292875
15,NL0 21 Invest,investable,NL0 21,1,0.0,59329.06935279719,59329.06935292875
15,NL0 22 Invest,investable,NL0 22,3,0.0,53935.51759343677,53935.51759357159
15,NL0 23 Invest,investable,NL0 23,1,35.5312178697568,59329.06935279719,59329.06935292875
15,NL0 24 Invest,investable,NL0 24,1,0.0,59329.06935279719,59329.06935292875
15,NL0 25 Invest,investable,NL0 25,2,1000.0,48541.96583407945,48541.96583421443
15,NL0 26 Invest,investable,NL0 26,2,0.0,48541.96583407945,48541.96583421443
15,NL0 27 Invest,investable,NL0 27,1,0.0,59329.06935279719,59329.06935292875
15,NL0 28 Invest,investable,NL0 28,2,0.0,48541.96583407945,48541.96583421443
15,NL0 3 Invest,investable,NL0 3,1,1000.0,59329.06935279719,59329.06935292875
15,NL0 30 Invest,investable,NL0 30,1,0.0,59329.06935279719,59329.06935292875
15,NL0 31 Invest,investable,NL0 31,2,1000.0,48541.96583407945,48541.96583421443
15,NL0 33 Invest,investable,NL0 33,1,0.0,59329.06935279719,59329.06935292875
15,NL0 4 Invest,investable,NL0 4,2,0.0,48541.96583407945,48541.96583421443
15,NL0 5 Invest,investable,NL0 5,3,678.1047541590506,53935.51759343677,53935.51759357159
15,NL0 6 Invest,investable,NL0 6,3,1000.0,53935.51759343677,53935.51759357159
15,NL0 7 Invest,investable,NL0 7,3,0.0,53935.51759343677,53935.51759357159
15,NL0 8 Invest,investable,NL0 8,1,1000.0,59329.06935279719,59329.06935292875
15,NL0 9 Invest,investable,NL0 9,3,1000.0,53935.51759343677,53935.51759357159
15,NL0 1 biomass,legacy,NL0 1,3,71.0,53935.51759343677,53935.51759343677
15,NL0 1 waste,legacy,NL0 1,3,31.0,53935.51759343677,53935.51759343677
15,NL0 10 waste,legacy,NL0 10,1,150.0,59329.06935279719,59329.06935279719
15,NL0 11 biomass,legacy,NL0 11,3,20.0,53935.51759343677,53935.51759343677
15,NL0 11 waste,legacy,NL0 11,3,50.0,53935.51759343677,53935.51759343677
15,NL0 13 biomass,legacy,NL0 13,3,77.0,53935.51759343677,53935.51759343677
15,NL0 19 biomass,legacy,NL0 19,2,49.0,48541.96583407945,48541.96583407945
15,NL0 19 waste,legacy,NL0 19,2,36.0,48541.96583407945,48541.96583407945
15,NL0 22 biomass,legacy,NL0 22,3,500.0,53935.51759343677,53935.51759343677
15,NL0 25 waste,legacy,NL0 25,2,54.0,48541.96583407945,48541.96583407945
15,NL0 27 biomass,legacy,NL0 27,1,22.0,59329.06935279719,59329.06935279719
15,NL0 27 waste,legacy,NL0 27,1,71.2,59329.06935279719,59329.06935279719
15,NL0 3 biomass,legacy,NL0 3,1,22.0,59329.06935279719,59329.06935279719
15,NL0 3 waste,legacy,NL0 3,1,108.0,59329.06935279719,59329.06935279719
15,NL0 30 biomass,legacy,NL0 30,1,60.0,59329.06935279719,59329.06935279719
15,NL0 7 nuclear,legacy,NL0 7,3,515.0,53935.51759343677,53935.51759343677
15,NL0 7 waste,legacy,NL0 7,3,39.0,53935.51759343677,53935.51759343677
15,NL0 8 biomass,legacy,NL0 8,1,36.0,59329.06935279719,59329.06935279719
15,NL0 8 waste,legacy,NL0 8,1,157.0,59329.06935279719,59329.06935279719
15,NL0 9 biomass,legacy,NL0 9,3,20.0,53935.51759343677,53935.51759343677
15,NL0 0 0 solar,legacy,NL0 0,1,0.0,59329.06935279719,59329.069352797116
15,NL0 1 0 solar,legacy,NL0 1,3,0.0,53935.51759343677,53935.5175934367
15,NL0 10 0 solar,legacy,NL0 10,1,0.0,59329.06935279719,59329.069352797116
15,NL0 11 0 solar,legacy,NL0 11,3,0.0,53935.51759343677,53935.5175934367
15,NL0 12 0 solar,legacy,NL0 12,2,0.0,48541.96583407945,48541.96583407938
15,NL0 13 0 solar,legacy,NL0 13,3,0.0,53935.51759343677,53935.5175934367
15,NL0 14 0 solar,legacy,NL0 14,2,0.0,48541.96583407945,48541.96583407938
15,NL0 15 0 solar,legacy,NL0 15,2,0.0,48541.96583407945,48541.96583407938
15,NL0 16 0 solar,legacy,NL0 16,1,0.0,59329.06935279719,59329.069352797116
15,NL0 17 0 solar,legacy,NL0 17,1,0.0,59329.06935279719,59329.069352797116
15,NL0 18 0 solar,legacy,NL0 18,1,0.0,59329.06935279719,59329.069352797116
15,NL0 19 0 solar,legacy,NL0 19,2,0.0,48541.96583407945,48541.96583407938
15,NL0 2 0 solar,legacy,NL0 2,2,0.0,48541.96583407945,48541.96583407938
15,NL0 20 0 solar,legacy,NL0 20,1,0.0,59329.06935279719,59329.069352797116
15,NL0 21 0 solar,legacy,NL0 21,1,0.0,59329.06935279719,59329.069352797116
15,NL0 22 0 solar,legacy,NL0 22,3,0.0,53935.51759343677,53935.5175934367
15,NL0 23 0 solar,legacy,NL0 23,1,0.0,59329.06935279719,59329.069352797116
15,NL0 24 0 solar,legacy,NL0 24,1,0.0,59329.06935279719,59329.069352797116
15,NL0 25 0 solar,legacy,NL0 25,2,0.0,48541.96583407945,48541.96583407938
15,NL0 26 0 solar,legacy,NL0 26,2,0.0,48541.96583407945,48541.96583407938
15,NL0 27 0 solar,legacy,NL0 27,1,0.0,59329.06935279719,59329.069352797116
15,NL0 28 0 solar,legacy,NL0 28,2,0.0,48541.96583407945,48541.96583407938
15,NL0 3 0 solar,legacy,NL0 3,1,0.0,59329.06935279719,59329.069352797116
15,NL0 30 0 solar,legacy,NL0 30,1,0.0,59329.06935279719,59329.069352797116
15,NL0 31 0 solar,legacy,NL0 31,2,0.0,48541.96583407945,48541.96583407938
15,NL0 4 0 solar,legacy,NL0 4,2,0.0,48541.96583407945,48541.96583407938
15,NL0 5 0 solar,legacy,NL0 5,3,0.0,53935.51759343677,53935.5175934367
15,NL0 6 0 solar,legacy,NL0 6,3,0.0,53935.51759343677,53935.5175934367
15,NL0 7 0 solar,legacy,NL0 7,3,0.0,53935.51759343677,53935.5175934367
15,NL0 8 0 solar,legacy,NL0 8,1,0.0,59329.06935279719,59329.069352797116
15,NL0 9 0 solar,legacy,NL0 9,3,0.0,53935.51759343677,53935.5175934367
15,NL0 20 0 offwind-ac,legacy,NL0 20,1,0.0,59329.06935279719,59329.069352797116
15,NL0 27 0 offwind-ac,legacy,NL0 27,1,0.0,59329.06935279719,59329.069352797116
15,NL0 31 0 offwind-ac,legacy,NL0 31,2,0.0,48541.96583407945,48541.96583407938
15,NL0 32 0 offwind-ac,legacy,NL0 32,1,0.0,59329.06935279719,59329.069352797116
15,NL0 7 0 offwind-ac,legacy,NL0 7,3,0.0,53935.51759343677,53935.5175934367
15,NL0 0 0 onwind,legacy,NL0 0,1,0.0,59329.06935279719,59329.069352797116
15,NL0 1 0 onwind,legacy,NL0 1,3,0.0,53935.51759343677,53935.5175934367
15,NL0 10 0 onwind,legacy,NL0 10,1,0.0,59329.06935279719,59329.069352797116
15,NL0 11 0 onwind,legacy,NL0 11,3,0.0,53935.51759343677,53935.5175934367
15,NL0 12 0 onwind,legacy,NL0 12,2,0.0,48541.96583407945,48541.96583407938
15,NL0 13 0 onwind,legacy,NL0 13,3,0.0,53935.51759343677,53935.5175934367
15,NL0 14 0 onwind,legacy,NL0 14,2,0.0,48541.96583407945,48541.96583407938
15,NL0 15 0 onwind,legacy,NL0 15,2,0.0,48541.96583407945,48541.96583407938
15,NL0 17 0 onwind,legacy,NL0 17,1,0.0,59329.06935279719,59329.069352797116
15,NL0 19 0 onwind,legacy,NL0 19,2,0.0,48541.96583407945,48541.96583407938
15,NL0 2 0 onwind,legacy,NL0 2,2,0.0,48541.96583407945,48541.96583407938
15,NL0 20 0 onwind,legacy,NL0 20,1,0.0,59329.06935279719,59329.069352797116
15,NL0 21 0 onwind,legacy,NL0 21,1,0.0,59329.06935279719,59329.069352797116
15,NL0 22 0 onwind,legacy,NL0 22,3,0.0,53935.51759343677,53935.5175934367
15,NL0 23 0 onwind,legacy,NL0 23,1,0.0,59329.06935279719,59329.069352797116
15,NL0 24 0 onwind,legacy,NL0 24,1,0.0,59329.06935279719,59329.069352797116
15,NL0 27 0 onwind,legacy,NL0 27,1,0.0,59329.06935279719,59329.069352797116
15,NL0 3 0 onwind,legacy,NL0 3,1,0.0,59329.06935279719,59329.069352797116
15,NL0 30 0 onwind,legacy,NL0 30,1,0.0,59329.06935279719,59329.069352797116
15,NL0 31 0 onwind,legacy,NL0 31,2,0.0,48541.96583407945,48541.96583407938
15,NL0 4 0 onwind,legacy,NL0 4,2,0.0,48541.96583407945,48541.96583407938
15,NL0 5 0 onwind,legacy,NL0 5,3,0.0,53935.51759343677,53935.5175934367
15,NL0 6 0 onwind,legacy,NL0 6,3,0.0,53935.51759343677,53935.5175934367
15,NL0 7 0 onwind,legacy,NL0 7,3,0.0,53935.51759343677,53935.5175934367
15,NL0 8 0 onwind,legacy,NL0 8,1,0.0,59329.06935279719,59329.069352797116
15,NL0 9 0 onwind,legacy,NL0 9,3,0.0,53935.51759343677,53935.5175934367
16,NL0 0 Invest,investable,NL0 0,1,0.0,59329.06935279719,59329.06935292875
16,NL0 1 Invest,investable,NL0 1,3,0.0,53935.51759343677,53935.51759357159
16,NL0 10 Invest,investable,NL0 10,1,1000.0,59329.06935279719,59329.06935292875
16,NL0 11 Invest,investable,NL0 11,3,0.0,53935.51759343677,53935.51759357159
16,NL0 12 Invest,investable,NL0 12,2,1000.0,48541.96583407945,48541.96583421443
16,NL0 13 Invest,investable,NL0 13,3,678.1047541590506,53935.51759343677,53935.51759357159
16,NL0 14 Invest,investable,NL0 14,2,1000.0,48541.96583407945,48541.96583421443
16,NL0 15 Invest,investable,NL0 15,2,0.0,48541.96583407945,48541.96583421443
16,NL0 16 Invest,investable,NL0 16,1,0.0,59329.06935279719,59329.06935292875
16,NL0 17 Invest,investable,NL0 17,1,0.0,59329.06935279719,59329.06935292875
16,NL0 18 Invest,investable,NL0 18,1,0.0,59329.06935279719,59329.06935292875
16,NL0 19 Invest,investable,NL0 19,2,0.0,48541.96583407945,48541.96583421443
16,NL0 2 Invest,investable,NL0 2,2,0.0,48541.96583407945,48541.96583421443
16,NL0 20 Invest,investable,NL0 20,1,1000.0,59329.06935279719,59329.06935292875
16,NL0 21 Invest,investable,NL0 21,1,0.0,59329.06935279719,59329.06935292875
16,NL0 22 Invest,investable,NL0 22,3,1000.0,53935.51759343677,53935.51759357159
16,NL0 23 Invest,investable,NL0 23,1,0.0,59329.06935279719,59329.06935292875
16,NL0 24 Invest,investable,NL0 24,1,1000.0,59329.06935279719,59329.06935292875
16,NL0 25 Invest,investable,NL0 25,2,0.0,48541.96583407945,48541.96583421443
16,NL0 26 Invest,investable,NL0 26,2,1000.0,48541.96583407945,48541.96583421443
16,NL0 27 Invest,investable,NL0 27,1,35.5312178697568,59329.06935279719,59329.06935292875
16,NL0 28 Invest,investable,NL0 28,2,1000.0,48541.96583407945,48541.96583421443
16,NL0 3 Invest,investable,NL0 3,1,0.0,59329.06935279719,59329.06935292875
16,NL0 30 Invest,investable,NL0 30,1,0.0,59329.06935279719,59329.06935292875
16,NL0 31 Invest,investable,NL0 31,2,987.3248031843468,48541.96583407945,48541.96583421443
16,NL0 33 Invest,investable,NL0 33,1,0.0,59329.06935279719,59329.06935292875
16,NL0 4 Invest,investable,NL0 4,2,1000.0,48541.96583407945,48541.96583421443
16,NL0 5 Invest,investable,NL0 5,3,1000.0,53935.51759343677,53935.51759357159
16,NL0 6 Invest,investable,NL0 6,3,1000.0,53935.51759343677,53935.51759357159
16,NL0 7 Invest,investable,NL0 7,3,1000.0,53935.51759343677,53935.51759357159
16,NL0 8 Invest,investable,NL0 8,1,0.0,59329.06935279719,59329.06935292875
16,NL0 9 Invest,investable,NL0 9,3,1000.0,53935.51759343677,53935.51759357159
16,NL0 1 biomass,legacy,NL0 1,3,71.0,53935.51759343677,53935.51759343677
16,NL0 1 waste,legacy,NL0 1,3,31.0,53935.51759343677,53935.51759343677
16,NL0 10 waste,legacy,NL0 10,1,150.0,59329.06935279719,59329.06935279719
16,NL0 11 biomass,legacy,NL0 11,3,20.0,53935.51759343677,53935.51759343677
16,NL0 11 waste,legacy,NL0 11,3,50.0,53935.51759343677,53935.51759343677
16,NL0 13 biomass,legacy,NL0 13,3,77.0,53935.51759343677,53935.51759343677
16,NL0 19 biomass,legacy,NL0 19,2,49.0,48541.96583407945,48541.96583407945
16,NL0 19 waste,legacy,NL0 19,2,36.0,48541.96583407945,48541.96583407945
16,NL0 22 biomass,legacy,NL0 22,3,500.0,53935.51759343677,53935.51759343677
16,NL0 25 waste,legacy,NL0 25,2,54.0,48541.96583407945,48541.96583407945
16,NL0 27 biomass,legacy,NL0 27,1,22.0,59329.06935279719,59329.06935279719
16,NL0 27 waste,legacy,NL0 27,1,71.2,59329.06935279719,59329.06935279719
16,NL0 3 biomass,legacy,NL0 3,1,22.0,59329.06935279719,59329.06935279719
16,NL0 3 waste,legacy,NL0 3,1,108.0,59329.06935279719,59329.06935279719
16,NL0 30 biomass,legacy,NL0 30,1,60.0,59329.06935279719,59329.06935279719
16,NL0 7 nuclear,legacy,NL0 7,3,515.0,53935.51759343677,53935.51759343677
16,NL0 7 waste,legacy,NL0 7,3,39.0,53935.51759343677,53935.51759343677
16,NL0 8 biomass,legacy,NL0 8,1,36.0,59329.06935279719,59329.06935279719
16,NL0 8 waste,legacy,NL0 8,1,157.0,59329.06935279719,59329.06935279719
16,NL0 9 biomass,legacy,NL0 9,3,20.0,53935.51759343677,53935.51759343677
16,NL0 0 0 solar,legacy,NL0 0,1,0.0,59329.06935279719,59329.069352797116
16,NL0 1 0 solar,legacy,NL0 1,3,0.0,53935.51759343677,53935.5175934367
16,NL0 10 0 solar,legacy,NL0 10,1,0.0,59329.06935279719,59329.069352797116
16,NL0 11 0 solar,legacy,NL0 11,3,0.0,53935.51759343677,53935.5175934367
16,NL0 12 0 solar,legacy,NL0 12,2,0.0,48541.96583407945,48541.96583407938
16,NL0 13 0 solar,legacy,NL0 13,3,0.0,53935.51759343677,53935.5175934367
16,NL0 14 0 solar,legacy,NL0 14,2,0.0,48541.96583407945,48541.96583407938
16,NL0 15 0 solar,legacy,NL0 15,2,0.0,48541.96583407945,48541.96583407938
16,NL0 16 0 solar,legacy,NL0 16,1,0.0,59329.06935279719,59329.069352797116
16,NL0 17 0 solar,legacy,NL0 17,1,0.0,59329.06935279719,59329.069352797116
16,NL0 18 0 solar,legacy,NL0 18,1,0.0,59329.06935279719,59329.069352797116
16,NL0 19 0 solar,legacy,NL0 19,2,0.0,48541.96583407945,48541.96583407938
16,NL0 2 0 solar,legacy,NL0 2,2,0.0,48541.96583407945,48541.96583407938
16,NL0 20 0 solar,legacy,NL0 20,1,0.0,59329.06935279719,59329.069352797116
16,NL0 21 0 solar,legacy,NL0 21,1,0.0,59329.06935279719,59329.069352797116
16,NL0 22 0 solar,legacy,NL0 22,3,0.0,53935.51759343677,53935.5175934367
16,NL0 23 0 solar,legacy,NL0 23,1,0.0,59329.06935279719,59329.069352797116
16,NL0 24 0 solar,legacy,NL0 24,1,0.0,59329.06935279719,59329.069352797116
16,NL0 25 0 solar,legacy,NL0 25,2,0.0,48541.96583407945,48541.96583407938
16,NL0 26 0 solar,legacy,NL0 26,2,0.0,48541.96583407945,48541.96583407938
16,NL0 27 0 solar,legacy,NL0 27,1,0.0,59329.06935279719,59329.069352797116
16,NL0 28 0 solar,legacy,NL0 28,2,0.0,48541.96583407945,48541.96583407938
16,NL0 3 0 solar,legacy,NL0 3,1,0.0,59329.06935279719,59329.069352797116
16,NL0 30 0 solar,legacy,NL0 30,1,0.0,59329.06935279719,59329.069352797116
16,NL0 31 0 solar,legacy,NL0 31,2,0.0,48541.96583407945,48541.96583407938
16,NL0 4 0 solar,legacy,NL0 4,2,0.0,48541.96583407945,48541.96583407938
16,NL0 5 0 solar,legacy,NL0 5,3,0.0,53935.51759343677,53935.5175934367
16,NL0 6 0 solar,legacy,NL0 6,3,0.0,53935.51759343677,53935.5175934367
16,NL0 7 0 solar,legacy,NL0 7,3,0.0,53935.51759343677,53935.5175934367
16,NL0 8 0 solar,legacy,NL0 8,1,0.0,59329.06935279719,59329.069352797116
16,NL0 9 0 solar,legacy,NL0 9,3,0.0,53935.51759343677,53935.5175934367
16,NL0 20 0 offwind-ac,legacy,NL0 20,1,0.0,59329.06935279719,59329.069352797116
16,NL0 27 0 offwind-ac,legacy,NL0 27,1,0.0,59329.06935279719,59329.069352797116
16,NL0 31 0 offwind-ac,legacy,NL0 31,2,0.0,48541.96583407945,48541.96583407938
16,NL0 32 0 offwind-ac,legacy,NL0 32,1,0.0,59329.06935279719,59329.069352797116
16,NL0 7 0 offwind-ac,legacy,NL0 7,3,0.0,53935.51759343677,53935.5175934367
16,NL0 0 0 onwind,legacy,NL0 0,1,0.0,59329.06935279719,59329.069352797116
16,NL0 1 0 onwind,legacy,NL0 1,3,0.0,53935.51759343677,53935.5175934367
16,NL0 10 0 onwind,legacy,NL0 10,1,0.0,59329.06935279719,59329.069352797116
16,NL0 11 0 onwind,legacy,NL0 11,3,0.0,53935.51759343677,53935.5175934367
16,NL0 12 0 onwind,legacy,NL0 12,2,0.0,48541.96583407945,48541.96583407938
16,NL0 13 0 onwind,legacy,NL0 13,3,0.0,53935.51759343677,53935.5175934367
16,NL0 14 0 onwind,legacy,NL0 14,2,0.0,48541.96583407945,48541.96583407938
16,NL0 15 0 onwind,legacy,NL0 15,2,0.0,48541.96583407945,48541.96583407938
16,NL0 17 0 onwind,legacy,NL0 17,1,0.0,59329.06935279719,59329.069352797116
16,NL0 19 0 onwind,legacy,NL0 19,2,0.0,48541.96583407945,48541.96583407938
16,NL0 2 0 onwind,legacy,NL0 2,2,0.0,48541.96583407945,48541.96583407938
16,NL0 20 0 onwind,legacy,NL0 20,1,0.0,59329.06935279719,59329.069352797116
16,NL0 21 0 onwind,legacy,NL0 21,1,0.0,59329.06935279719,59329.069352797116
16,NL0 22 0 onwind,legacy,NL0 22,3,0.0,53935.51759343677,53935.5175934367
16,NL0 23 0 onwind,legacy,NL0 23,1,0.0,59329.06935279719,59329.069352797116
16,NL0 24 0 onwind,legacy,NL0 24,1,0.0,59329.06935279719,59329.069352797116
16,NL0 27 0 onwind,legacy,NL0 27,1,0.0,59329.06935279719,59329.069352797116
16,NL0 3 0 onwind,legacy,NL0 3,1,0.0,59329.06935279719,59329.069352797116
16,NL0 30 0 onwind,legacy,NL0 30,1,0.0,59329.06935279719,59329.069352797116
16,NL0 31 0 onwind,legacy,NL0 31,2,0.0,48541.96583407945,48541.96583407938
16,NL0 4 0 onwind,legacy,NL0 4,2,0.0,48541.96583407945,48541.96583407938
16,NL0 5 0 onwind,legacy,NL0 5,3,0.0,53935.51759343677,53935.5175934367
16,NL0 6 0 onwind,legacy,NL0 6,3,0.0,53935.51759343677,53935.5175934367
16,NL0 7 0 onwind,legacy,NL0 7,3,0.0,53935.51759343677,53935.5175934367
16,NL0 8 0 onwind,legacy,NL0 8,1,0.0,59329.06935279719,59329.069352797116
16,NL0 9 0 onwind,legacy,NL0 9,3,0.0,53935.51759343677,53935.5175934367
17,NL0 0 Invest,investable,NL0 0,1,1000.0,59329.06935279719,59329.06935292875
17,NL0 1 Invest,investable,NL0 1,3,0.0,53935.51759343677,53935.51759357159
17,NL0 10 Invest,investable,NL0 10,1,0.0,59329.06935279719,59329.06935292875
17,NL0 11 Invest,investable,NL0 11,3,0.0,53935.51759343677,53935.51759357159
17,NL0 12 Invest,investable,NL0 12,2,987.3248031843468,48541.96583407945,48541.96583421443
17,NL0 13 Invest,investable,NL0 13,3,678.1047541590506,53935.51759343677,53935.51759357159
17,NL0 14 Invest,investable,NL0 14,2,0.0,48541.96583407945,48541.96583421443
17,NL0 15 Invest,investable,NL0 15,2,1000.0,48541.96583407945,48541.96583421443
17,NL0 16 Invest,investable,NL0 16,1,1000.0,59329.06935279719,59329.06935292875
17,NL0 17 Invest,investable,NL0 17,1,0.0,59329.06935279719,59329.06935292875
17,NL0 18 Invest,investable,NL0 18,1,0.0,59329.06935279719,59329.06935292875
17,NL0 19 Invest,investable,NL0 19,2,1000.0,48541.96583407945,48541.96583421443
17,NL0 2 Invest,investable,NL0 2,2,1000.0,48541.96583407945,48541.96583421443
17,NL0 20 Invest,investable,NL0 20,1,35.5312178697568,59329.06935279719,59329.06935292875
17,NL0 21 Invest,investable,NL0 21,1,0.0,59329.06935279719,59329.06935292875
17,NL0 22 Invest,investable,NL0 22,3,1000.0,53935.51759343677,53935.51759357159
17,NL0 23 Invest,investable,NL0 23,1,0.0,59329.06935279719,59329.06935292875
17,NL0 24 Invest,investable,NL0 24,1,0.0,59329.06935279719,59329.06935292875
17,NL0 25 Invest,investable,NL0 25,2,1000.0,48541.96583407945,48541.96583421443
17,NL0 26 Invest,investable,NL0 26,2,0.0,48541.96583407945,48541.96583421443
17,NL0 27 Invest,investable,NL0 27,1,0.0,59329.06935279719,59329.06935292875
17,NL0 28 Invest,investable,NL0 28,2,0.0,48541.96583407945,48541.96583421443
17,NL0 3 Invest,investable,NL0 3,1,0.0,59329.06935279719,59329.06935292875
17,NL0 30 Invest,investable,NL0 30,1,0.0,59329.06935279719,59329.06935292875
17,NL0 31 Invest,investable,NL0 31,2,1000.0,48541.96583407945,48541.96583421443
17,NL0 33 Invest,investable,NL0 33,1,0.0,59329.06935279719,59329.06935292875
17,NL0 4 Invest,investable,NL0 4,2,0.0,48541.96583407945,48541.96583421443
17,NL0 5 Invest,investable,NL0 5,3,1000.0,53935.51759343677,53935.51759357159
17,NL0 6 Invest,investable,NL0 6,3,1000.0,53935.51759343677,53935.51759357159
17,NL0 7 Invest,investable,NL0 7,3,1000.0,53935.51759343677,53935.51759357159
17,NL0 8 Invest,investable,NL0 8,1,1000.0,59329.06935279719,59329.06935292875
17,NL0 9 Invest,investable,NL0 9,3,1000.0,53935.51759343677,53935.51759357159
17,NL0 1 biomass,legacy,NL0 1,3,71.0,53935.51759343677,53935.51759343677
17,NL0 1 waste,legacy,NL0 1,3,31.0,53935.51759343677,53935.51759343677
17,NL0 10 waste,legacy,NL0 10,1,150.0,59329.06935279719,59329.06935279719
17,NL0 11 biomass,legacy,NL0 11,3,20.0,53935.51759343677,53935.51759343677
17,NL0 11 waste,legacy,NL0 11,3,50.0,53935.51759343677,53935.51759343677
17,NL0 13 biomass,legacy,NL0 13,3,77.0,53935.51759343677,53935.51759343677
17,NL0 19 biomass,legacy,NL0 19,2,49.0,48541.96583407945,48541.96583407945
17,NL0 19 waste,legacy,NL0 19,2,36.0,48541.96583407945,48541.96583407945
17,NL0 22 biomass,legacy,NL0 22,3,500.0,53935.51759343677,53935.51759343677
17,NL0 25 waste,legacy,NL0 25,2,54.0,48541.96583407945,48541.96583407945
17,NL0 27 biomass,legacy,NL0 27,1,22.0,59329.06935279719,59329.06935279719
17,NL0 27 waste,legacy,NL0 27,1,71.2,59329.06935279719,59329.06935279719
17,NL0 3 biomass,legacy,NL0 3,1,22.0,59329.06935279719,59329.06935279719
17,NL0 3 waste,legacy,NL0 3,1,108.0,59329.06935279719,59329.06935279719
17,NL0 30 biomass,legacy,NL0 30,1,60.0,59329.06935279719,59329.06935279719
17,NL0 7 nuclear,legacy,NL0 7,3,515.0,53935.51759343677,53935.51759343677
17,NL0 7 waste,legacy,NL0 7,3,39.0,53935.51759343677,53935.51759343677
17,NL0 8 biomass,legacy,NL0 8,1,36.0,59329.06935279719,59329.06935279719
17,NL0 8 waste,legacy,NL0 8,1,157.0,59329.06935279719,59329.06935279719
17,NL0 9 biomass,legacy,NL0 9,3,20.0,53935.51759343677,53935.51759343677
17,NL0 0 0 solar,legacy,NL0 0,1,0.0,59329.06935279719,59329.069352797116
17,NL0 1 0 solar,legacy,NL0 1,3,0.0,53935.51759343677,53935.5175934367
17,NL0 10 0 solar,legacy,NL0 10,1,0.0,59329.06935279719,59329.069352797116
17,NL0 11 0 solar,legacy,NL0 11,3,0.0,53935.51759343677,53935.5175934367
17,NL0 12 0 solar,legacy,NL0 12,2,0.0,48541.96583407945,48541.96583407938
17,NL0 13 0 solar,legacy,NL0 13,3,0.0,53935.51759343677,53935.5175934367
17,NL0 14 0 solar,legacy,NL0 14,2,0.0,48541.96583407945,48541.96583407938
17,NL0 15 0 solar,legacy,NL0 15,2,0.0,48541.96583407945,48541.96583407938
17,NL0 16 0 solar,legacy,NL0 16,1,0.0,59329.06935279719,59329.069352797116
17,NL0 17 0 solar,legacy,NL0 17,1,0.0,59329.06935279719,59329.069352797116
17,NL0 18 0 solar,legacy,NL0 18,1,0.0,59329.06935279719,59329.069352797116
17,NL0 19 0 solar,legacy,NL0 19,2,0.0,48541.96583407945,48541.96583407938
17,NL0 2 0 solar,legacy,NL0 2,2,0.0,48541.96583407945,48541.96583407938
17,NL0 20 0 solar,legacy,NL0 20,1,0.0,59329.06935279719,59329.069352797116
17,NL0 21 0 solar,legacy,NL0 21,1,0.0,59329.06935279719,59329.069352797116
17,NL0 22 0 solar,legacy,NL0 22,3,0.0,53935.51759343677,53935.5175934367
17,NL0 23 0 solar,legacy,NL0 23,1,0.0,59329.06935279719,59329.069352797116
17,NL0 24 0 solar,legacy,NL0 24,1,0.0,59329.06935279719,59329.069352797116
17,NL0 25 0 solar,legacy,NL0 25,2,0.0,48541.96583407945,48541.96583407938
17,NL0 26 0 solar,legacy,NL0 26,2,0.0,48541.96583407945,48541.96583407938
17,NL0 27 0 solar,legacy,NL0 27,1,0.0,59329.06935279719,59329.069352797116
17,NL0 28 0 solar,legacy,NL0 28,2,0.0,48541.96583407945,48541.96583407938
17,NL0 3 0 solar,legacy,NL0 3,1,0.0,59329.06935279719,59329.069352797116
17,NL0 30 0 solar,legacy,NL0 30,1,0.0,59329.06935279719,59329.069352797116
17,NL0 31 0 solar,legacy,NL0 31,2,0.0,48541.96583407945,48541.96583407938
17,NL0 4 0 solar,legacy,NL0 4,2,0.0,48541.96583407945,48541.96583407938
17,NL0 5 0 solar,legacy,NL0 5,3,0.0,53935.51759343677,53935.5175934367
17,NL0 6 0 solar,legacy,NL0 6,3,0.0,53935.51759343677,53935.5175934367
17,NL0 7 0 solar,legacy,NL0 7,3,0.0,53935.51759343677,53935.5175934367
17,NL0 8 0 solar,legacy,NL0 8,1,0.0,59329.06935279719,59329.069352797116
17,NL0 9 0 solar,legacy,NL0 9,3,0.0,53935.51759343677,53935.5175934367
17,NL0 20 0 offwind-ac,legacy,NL0 20,1,0.0,59329.06935279719,59329.069352797116
17,NL0 27 0 offwind-ac,legacy,NL0 27,1,0.0,59329.06935279719,59329.069352797116
17,NL0 31 0 offwind-ac,legacy,NL0 31,2,0.0,48541.96583407945,48541.96583407938
17,NL0 32 0 offwind-ac,legacy,NL0 32,1,0.0,59329.06935279719,59329.069352797116
17,NL0 7 0 offwind-ac,legacy,NL0 7,3,0.0,53935.51759343677,53935.5175934367
17,NL0 0 0 onwind,legacy,NL0 0,1,0.0,59329.06935279719,59329.069352797116
17,NL0 1 0 onwind,legacy,NL0 1,3,0.0,53935.51759343677,53935.5175934367
17,NL0 10 0 onwind,legacy,NL0 10,1,0.0,59329.06935279719,59329.069352797116
17,NL0 11 0 onwind,legacy,NL0 11,3,0.0,53935.51759343677,53935.5175934367
17,NL0 12 0 onwind,legacy,NL0 12,2,0.0,48541.96583407945,48541.96583407938
17,NL0 13 0 onwind,legacy,NL0 13,3,0.0,53935.51759343677,53935.5175934367
17,NL0 14 0 onwind,legacy,NL0 14,2,0.0,48541.96583407945,48541.96583407938
17,NL0 15 0 onwind,legacy,NL0 15,2,0.0,48541.96583407945,48541.96583407938
17,NL0 17 0 onwind,legacy,NL0 17,1,0.0,59329.06935279719,59329.069352797116
17,NL0 19 0 onwind,legacy,NL0 19,2,0.0,48541.96583407945,48541.96583407938
17,NL0 2 0 onwind,legacy,NL0 2,2,0.0,48541.96583407945,48541.96583407938
17,NL0 20 0 onwind,legacy,NL0 20,1,0.0,59329.06935279719,59329.069352797116
17,NL0 21 0 onwind,legacy,NL0 21,1,0.0,59329.06935279719,59329.069352797116
17,NL0 22 0 onwind,legacy,NL0 22,3,0.0,53935.51759343677,53935.5175934367
17,NL0 23 0 onwind,legacy,NL0 23,1,0.0,59329.06935279719,59329.069352797116
17,NL0 24 0 onwind,legacy,NL0 24,1,0.0,59329.06935279719,59329.069352797116
17,NL0 27 0 onwind,legacy,NL0 27,1,0.0,59329.06935279719,59329.069352797116
17,NL0 3 0 onwind,legacy,NL0 3,1,0.0,59329.06935279719,59329.069352797116
17,NL0 30 0 onwind,legacy,NL0 30,1,0.0,59329.06935279719,59329.069352797116
17,NL0 31 0 onwind,legacy,NL0 31,2,0.0,48541.96583407945,48541.96583407938
17,NL0 4 0 onwind,legacy,NL0 4,2,0.0,48541.96583407945,48541.96583407938
17,NL0 5 0 onwind,legacy,NL0 5,3,0.0,53935.51759343677,53935.5175934367
17,NL0 6 0 onwind,legacy,NL0 6,3,0.0,53935.51759343677,53935.5175934367
17,NL0 7 0 onwind,legacy,NL0 7,3,0.0,53935.51759343677,53935.5175934367
17,NL0 8 0 onwind,legacy,NL0 8,1,0.0,59329.06935279719,59329.069352797116
17,NL0 9 0 onwind,legacy,NL0 9,3,0.0,53935.51759343677,53935.5175934367
18,NL0 0 Invest,investable,NL0 0,1,0.0,59329.06935279719,59329.06935292875
18,NL0 1 Invest,investable,NL0 1,3,1000.0,53935.51759343677,53935.51759357159
18,NL0 10 Invest,investable,NL0 10,1,0.0,59329.06935279719,59329.06935292875
18,NL0 11 Invest,investable,NL0 11,3,1000.0,53935.51759343677,53935.51759357159
18,NL0 12 Invest,investable,NL0 12,2,1000.0,48541.96583407945,48541.96583421443
18,NL0 13 Invest,investable,NL0 13,3,1000.0,53935.51759343677,53935.51759357159
18,NL0 14 Invest,investable,NL0 14,2,1000.0,48541.96583407945,48541.96583421443
18,NL0 15 Invest,investable,NL0 15,2,0.0,48541.96583407945,48541.96583421443
18,NL0 16 Invest,investable,NL0 16,1,0.0,59329.06935279719,59329.06935292875
18,NL0 17 Invest,investable,NL0 17,1,35.5312178697568,59329.06935279719,59329.06935292875
18,NL0 18 Invest,investable,NL0 18,1,1000.0,59329.06935279719,59329.06935292875
18,NL0 19 Invest,investable,NL0 19,2,0.0,48541.96583407945,48541.96583421443
18,NL0 2 Invest,investable,NL0 2,2,0.0,48541.96583407945,48541.96583421443
18,NL0 20 Invest,investable,NL0 20,1,0.0,59329.06935279719,59329.06935292875
18,NL0 21 Invest,investable,NL0 21,1,1000.0,59329.06935279719,59329.06935292875
18,NL0 22 Invest,investable,NL0 22,3,0.0,53935.51759343677,53935.51759357159
18,NL0 23 Invest,investable,NL0 23,1,0.0,59329.06935279719,59329.06935292875
18,NL0 24 Invest,investable,NL0 24,1,0.0,59329.06935279719,59329.06935292875
18,NL0 25 Invest,investable,NL0 25,2,0.0,48541.96583407945,48541.96583421443
18,NL0 26 Invest,investable,NL0 26,2,1000.0,48541.96583407945,48541.96583421443
18,NL0 27 Invest,investable,NL0 27,1,0.0,59329.06935279719,59329.06935292875
18,NL0 28 Invest,investable,NL0 28,2,1000.0,48541.96583407945,48541.96583421443
18,NL0 3 Invest,investable,NL0 3,1,0.0,59329.06935279719,59329.06935292875
18,NL0 30 Invest,investable,NL0 30,1,1000.0,59329.06935279719,59329.06935292875
18,NL0 31 Invest,investable,NL0 31,2,987.3248031843468,48541.96583407945,48541.96583421443
18,NL0 33 Invest,investable,NL0 33,1,0.0,59329.06935279719,59329.06935292875
18,NL0 4 Invest,investable,NL0 4,2,1000.0,48541.96583407945,48541.96583421443
18,NL0 5 Invest,investable,NL0 5,3,678.1047541590506,53935.51759343677,53935.51759357159
18,NL0 6 Invest,investable,NL0 6,3,1000.0,53935.51759343677,53935.51759357159
18,NL0 7 Invest,investable,NL0 7,3,0.0,53935.51759343677,53935.51759357159
18,NL0 8 Invest,investable,NL0 8,1,0.0,59329.06935279719,59329.06935292875
18,NL0 9 Invest,investable,NL0 9,3,1000.0,53935.51759343677,53935.51759357159
18,NL0 1 biomass,legacy,NL0 1,3,71.0,53935.51759343677,53935.51759343677
18,NL0 1 waste,legacy,NL0 1,3,31.0,53935.51759343677,53935.51759343677
18,NL0 10 waste,legacy,NL0 10,1,150.0,59329.06935279719,59329.06935279719
18,NL0 11 biomass,legacy,NL0 11,3,20.0,53935.51759343677,53935.51759343677
18,NL0 11 waste,legacy,NL0 11,3,50.0,53935.51759343677,53935.51759343677
18,NL0 13 biomass,legacy,NL0 13,3,77.0,53935.51759343677,53935.51759343677
18,NL0 19 biomass,legacy,NL0 19,2,49.0,48541.96583407945,48541.96583407945
18,NL0 19 waste,legacy,NL0 19,2,36.0,48541.96583407945,48541.96583407945
18,NL0 22 biomass,legacy,NL0 22,3,500.0,53935.51759343677,53935.51759343677
18,NL0 25 waste,legacy,NL0 25,2,54.0,48541.96583407945,48541.96583407945
18,NL0 27 biomass,legacy,NL0 27,1,22.0,59329.06935279719,59329.06935279719
18,NL0 27 waste,legacy,NL0 27,1,71.2,59329.06935279719,59329.06935279719
18,NL0 3 biomass,legacy,NL0 3,1,22.0,59329.06935279719,59329.06935279719
18,NL0 3 waste,legacy,NL0 3,1,108.0,59329.06935279719,59329.06935279719
18,NL0 30 biomass,legacy,NL0 30,1,60.0,59329.06935279719,59329.06935279719
18,NL0 7 nuclear,legacy,NL0 7,3,515.0,53935.51759343677,53935.51759343677
18,NL0 7 waste,legacy,NL0 7,3,39.0,53935.51759343677,53935.51759343677
18,NL0 8 biomass,legacy,NL0 8,1,36.0,59329.06935279719,59329.06935279719
18,NL0 8 waste,legacy,NL0 8,1,157.0,59329.06935279719,59329.06935279719
18,NL0 9 biomass,legacy,NL0 9,3,20.0,53935.51759343677,53935.51759343677
18,NL0 0 0 solar,legacy,NL0 0,1,0.0,59329.06935279719,59329.069352797116
18,NL0 1 0 solar,legacy,NL0 1,3,0.0,53935.51759343677,53935.5175934367
18,NL0 10 0 solar,legacy,NL0 10,1,0.0,59329.06935279719,59329.069352797116
18,NL0 11 0 solar,legacy,NL0 11,3,0.0,53935.51759343677,53935.5175934367
18,NL0 12 0 solar,legacy,NL0 12,2,0.0,48541.96583407945,48541.96583407938
18,NL0 13 0 solar,legacy,NL0 13,3,0.0,53935.51759343677,53935.5175934367
18,NL0 14 0 solar,legacy,NL0 14,2,0.0,48541.96583407945,48541.96583407938
18,NL0 15 0 solar,legacy,NL0 15,2,0.0,48541.96583407945,48541.96583407938
18,NL0 16 0 solar,legacy,NL0 16,1,0.0,59329.06935279719,59329.069352797116
18,NL0 17 0 solar,legacy,NL0 17,1,0.0,59329.06935279719,59329.069352797116
18,NL0 18 0 solar,legacy,NL0 18,1,0.0,59329.06935279719,59329.069352797116
18,NL0 19 0 solar,legacy,NL0 19,2,0.0,48541.96583407945,48541.96583407938
18,NL0 2 0 solar,legacy,NL0 2,2,0.0,48541.96583407945,48541.96583407938
18,NL0 20 0 solar,legacy,NL0 20,1,0.0,59329.06935279719,59329.069352797116
18,NL0 21 0 solar,legacy,NL0 21,1,0.0,59329.06935279719,59329.069352797116
18,NL0 22 0 solar,legacy,NL0 22,3,0.0,53935.51759343677,53935.5175934367
18,NL0 23 0 solar,legacy,NL0 23,1,0.0,59329.06935279719,59329.069352797116
18,NL0 24 0 solar,legacy,NL0 24,1,0.0,59329.06935279719,59329.069352797116
18,NL0 25 0 solar,legacy,NL0 25,2,0.0,48541.96583407945,48541.96583407938
18,NL0 26 0 solar,legacy,NL0 26,2,0.0,48541.96583407945,48541.96583407938
18,NL0 27 0 solar,legacy,NL0 27,1,0.0,59329.06935279719,59329.069352797116
18,NL0 28 0 solar,legacy,NL0 28,2,0.0,48541.96583407945,48541.96583407938
18,NL0 3 0 solar,legacy,NL0 3,1,0.0,59329.06935279719,59329.069352797116
18,NL0 30 0 solar,legacy,NL0 30,1,0.0,59329.06935279719,59329.069352797116
18,NL0 31 0 solar,legacy,NL0 31,2,0.0,48541.96583407945,48541.96583407938
18,NL0 4 0 solar,legacy,NL0 4,2,0.0,48541.96583407945,48541.96583407938
18,NL0 5 0 solar,legacy,NL0 5,3,0.0,53935.51759343677,53935.5175934367
18,NL0 6 0 solar,legacy,NL0 6,3,0.0,53935.51759343677,53935.5175934367
18,NL0 7 0 solar,legacy,NL0 7,3,0.0,53935.51759343677,53935.5175934367
18,NL0 8 0 solar,legacy,NL0 8,1,0.0,59329.06935279719,59329.069352797116
18,NL0 9 0 solar,legacy,NL0 9,3,0.0,53935.51759343677,53935.5175934367
18,NL0 20 0 offwind-ac,legacy,NL0 20,1,0.0,59329.06935279719,59329.069352797116
18,NL0 27 0 offwind-ac,legacy,NL0 27,1,0.0,59329.06935279719,59329.069352797116
18,NL0 31 0 offwind-ac,legacy,NL0 31,2,0.0,48541.96583407945,48541.96583407938
18,NL0 32 0 offwind-ac,legacy,NL0 32,1,0.0,59329.06935279719,59329.069352797116
18,NL0 7 0 offwind-ac,legacy,NL0 7,3,0.0,53935.51759343677,53935.5175934367
18,NL0 0 0 onwind,legacy,NL0 0,1,0.0,59329.06935279719,59329.069352797116
18,NL0 1 0 onwind,legacy,NL0 1,3,0.0,53935.51759343677,53935.5175934367
18,NL0 10 0 onwind,legacy,NL0 10,1,0.0,59329.06935279719,59329.069352797116
18,NL0 11 0 onwind,legacy,NL0 11,3,0.0,53935.51759343677,53935.5175934367
18,NL0 12 0 onwind,legacy,NL0 12,2,0.0,48541.96583407945,48541.96583407938
18,NL0 13 0 onwind,legacy,NL0 13,3,0.0,53935.51759343677,53935.5175934367
18,NL0 14 0 onwind,legacy,NL0 14,2,0.0,48541.96583407945,48541.96583407938
18,NL0 15 0 onwind,legacy,NL0 15,2,0.0,48541.96583407945,48541.96583407938
18,NL0 17 0 onwind,legacy,NL0 17,1,0.0,59329.06935279719,59329.069352797116
18,NL0 19 0 onwind,legacy,NL0 19,2,0.0,48541.96583407945,48541.96583407938
18,NL0 2 0 onwind,legacy,NL0 2,2,0.0,48541.96583407945,48541.96583407938
18,NL0 20 0 onwind,legacy,NL0 20,1,0.0,59329.06935279719,59329.069352797116
18,NL0 21 0 onwind,legacy,NL0 21,1,0.0,59329.06935279719,59329.069352797116
18,NL0 22 0 onwind,legacy,NL0 22,3,0.0,53935.51759343677,53935.5175934367
18,NL0 23 0 onwind,legacy,NL0 23,1,0.0,59329.06935279719,59329.069352797116
18,NL0 24 0 onwind,legacy,NL0 24,1,0.0,59329.06935279719,59329.069352797116
18,NL0 27 0 onwind,legacy,NL0 27,1,0.0,59329.06935279719,59329.069352797116
18,NL0 3 0 onwind,legacy,NL0 3,1,0.0,59329.06935279719,59329.069352797116
18,NL0 30 0 onwind,legacy,NL0 30,1,0.0,59329.06935279719,59329.069352797116
18,NL0 31 0 onwind,legacy,NL0 31,2,0.0,48541.96583407945,48541.96583407938
18,NL0 4 0 onwind,legacy,NL0 4,2,0.0,48541.96583407945,48541.96583407938
18,NL0 5 0 onwind,legacy,NL0 5,3,0.0,53935.51759343677,53935.5175934367
18,NL0 6 0 onwind,legacy,NL0 6,3,0.0,53935.51759343677,53935.5175934367
18,NL0 7 0 onwind,legacy,NL0 7,3,0.0,53935.51759343677,53935.5175934367
18,NL0 8 0 onwind,legacy,NL0 8,1,0.0,59329.06935279719,59329.069352797116
18,NL0 9 0 onwind,legacy,NL0 9,3,0.0,53935.51759343677,53935.5175934367
19,NL0 0 Invest,investable,NL0 0,1,0.0,59329.06935279719,59329.06935292875
19,NL0 1 Invest,investable,NL0 1,3,1000.0,53935.51759343677,53935.51759357159
19,NL0 10 Invest,investable,NL0 10,1,0.0,59329.06935279719,59329.06935292875
19,NL0 11 Invest,investable,NL0 11,3,1000.0,53935.51759343677,53935.51759357159
19,NL0 12 Invest,investable,NL0 12,2,1000.0,48541.96583407945,48541.96583421443
19,NL0 13 Invest,investable,NL0 13,3,1000.0,53935.51759343677,53935.51759357159
19,NL0 14 Invest,investable,NL0 14,2,1000.0,48541.96583407945,48541.96583421443
19,NL0 15 Invest,investable,NL0 15,2,0.0,48541.96583407945,48541.96583421443
19,NL0 16 Invest,investable,NL0 16,1,1000.0,59329.06935279719,59329.06935292875
19,NL0 17 Invest,investable,NL0 17,1,0.0,59329.06935279719,59329.06935292875
19,NL0 18 Invest,investable,NL0 18,1,0.0,59329.06935279719,59329.06935292875
19,NL0 19 Invest,investable,NL0 19,2,0.0,48541.96583407945,48541.96583421443
19,NL0 2 Invest,investable,NL0 2,2,0.0,48541.96583407945,48541.96583421443
19,NL0 20 Invest,investable,NL0 20,1,0.0,59329.06935279719,59329.06935292875
19,NL0 21 Invest,investable,NL0 21,1,0.0,59329.06935279719,59329.06935292875
19,NL0 22 Invest,investable,NL0 22,3,0.0,53935.51759343677,53935.51759357159
19,NL0 23 Invest,investable,NL0 23,1,35.5312178697568,59329.06935279719,59329.06935292875
19,NL0 24 Invest,investable,NL0 24,1,0.0,59329.06935279719,59329.06935292875
19,NL0 25 Invest,investable,NL0 25,2,0.0,48541.96583407945,48541.96583421443
19,NL0 26 Invest,investable,NL0 26,2,1000.0,48541.96583407945,48541.96583421443
19,NL0 27 Invest,investable,NL0 27,1,0.0,59329.06935279719,59329.06935292875
19,NL0 28 Invest,investable,NL0 28,2,1000.0,48541.96583407945,48541.96583421443
19,NL0 3 Invest,investable,NL0 3,1,1000.0,59329.06935279719,59329.06935292875
19,NL0 30 Invest,investable,NL0 30,1,0.0,59329.06935279719,59329.06935292875
19,NL0 31 Invest,investable,NL0 31,2,987.3248031843468,48541.96583407945,48541.96583421443
19,NL0 33 Invest,investable,NL0 33,1,0.0,59329.06935279719,59329.06935292875
19,NL0 4 Invest,investable,NL0 4,2,1000.0,48541.96583407945,48541.96583421443
19,NL0 5 Invest,investable,NL0 5,3,678.1047541590506,53935.51759343677,53935.51759357159
19,NL0 6 Invest,investable,NL0 6,3,1000.0,53935.51759343677,53935.51759357159
19,NL0 7 Invest,investable,NL0 7,3,0.0,53935.51759343677,53935.51759357159
19,NL0 8 Invest,investable,NL0 8,1,1000.0,59329.06935279719,59329.06935292875
19,NL0 9 Invest,investable,NL0 9,3,1000.0,53935.51759343677,53935.51759357159
19,NL0 1 biomass,legacy,NL0 1,3,71.0,53935.51759343677,53935.51759343677
19,NL0 1 waste,legacy,NL0 1,3,31.0,53935.51759343677,53935.51759343677
19,NL0 10 waste,legacy,NL0 10,1,150.0,59329.06935279719,59329.06935279719
19,NL0 11 biomass,legacy,NL0 11,3,20.0,53935.51759343677,53935.51759343677
19,NL0 11 waste,legacy,NL0 11,3,50.0,53935.51759343677,53935.51759343677
19,NL0 13 biomass,legacy,NL0 13,3,77.0,53935.51759343677,53935.51759343677
19,NL0 19 biomass,legacy,NL0 19,2,49.0,48541.96583407945,48541.96583407945
19,NL0 19 waste,legacy,NL0 19,2,36.0,48541.96583407945,48541.96583407945
19,NL0 22 biomass,legacy,NL0 22,3,500.0,53935.51759343677,53935.51759343677
19,NL0 25 waste,legacy,NL0 25,2,54.0,48541.96583407945,48541.96583407945
19,NL0 27 biomass,legacy,NL0 27,1,22.0,59329.06935279719,59329.06935279719
19,NL0 27 waste,legacy,NL0 27,1,71.2,59329.06935279719,59329.06935279719
19,NL0 3 biomass,legacy,NL0 3,1,22.0,59329.06935279719,59329.06935279719
19,NL0 3 waste,legacy,NL0 3,1,108.0,59329.06935279719,59329.06935279719
19,NL0 30 biomass,legacy,NL0 30,1,60.0,59329.06935279719,59329.06935279719
19,NL0 7 nuclear,legacy,NL0 7,3,515.0,53935.51759343677,53935.51759343677
19,NL0 7 waste,legacy,NL0 7,3,39.0,53935.51759343677,53935.51759343677
19,NL0 8 biomass,legacy,NL0 8,1,36.0,59329.06935279719,59329.06935279719
19,NL0 8 waste,legacy,NL0 8,1,157.0,59329.06935279719,59329.06935279719
19,NL0 9 biomass,legacy,NL0 9,3,20.0,53935.51759343677,53935.51759343677
19,NL0 0 0 solar,legacy,NL0 0,1,0.0,59329.06935279719,59329.069352797116
19,NL0 1 0 solar,legacy,NL0 1,3,0.0,53935.51759343677,53935.5175934367
19,NL0 10 0 solar,legacy,NL0 10,1,0.0,59329.06935279719,59329.069352797116
19,NL0 11 0 solar,legacy,NL0 11,3,0.0,53935.51759343677,53935.5175934367
19,NL0 12 0 solar,legacy,NL0 12,2,0.0,48541.96583407945,48541.96583407938
19,NL0 13 0 solar,legacy,NL0 13,3,0.0,53935.51759343677,53935.5175934367
19,NL0 14 0 solar,legacy,NL0 14,2,0.0,48541.96583407945,48541.96583407938
19,NL0 15 0 solar,legacy,NL0 15,2,0.0,48541.96583407945,48541.96583407938
19,NL0 16 0 solar,legacy,NL0 16,1,0.0,59329.06935279719,59329.069352797116
19,NL0 17 0 solar,legacy,NL0 17,1,0.0,59329.06935279719,59329.069352797116
19,NL0 18 0 solar,legacy,NL0 18,1,0.0,59329.06935279719,59329.069352797116
19,NL0 19 0 solar,legacy,NL0 19,2,0.0,48541.96583407945,48541.96583407938
19,NL0 2 0 solar,legacy,NL0 2,2,0.0,48541.96583407945,48541.96583407938
19,NL0 20 0 solar,legacy,NL0 20,1,0.0,59329.06935279719,59329.069352797116
19,NL0 21 0 solar,legacy,NL0 21,1,0.0,59329.06935279719,59329.069352797116
19,NL0 22 0 solar,legacy,NL0 22,3,0.0,53935.51759343677,53935.5175934367
19,NL0 23 0 solar,legacy,NL0 23,1,0.0,59329.06935279719,59329.069352797116
19,NL0 24 0 solar,legacy,NL0 24,1,0.0,59329.06935279719,59329.069352797116
19,NL0 25 0 solar,legacy,NL0 25,2,0.0,48541.96583407945,48541.96583407938
19,NL0 26 0 solar,legacy,NL0 26,2,0.0,48541.96583407945,48541.96583407938
19,NL0 27 0 solar,legacy,NL0 27,1,0.0,59329.06935279719,59329.069352797116
19,NL0 28 0 solar,legacy,NL0 28,2,0.0,48541.96583407945,48541.96583407938
19,NL0 3 0 solar,legacy,NL0 3,1,0.0,59329.06935279719,59329.069352797116
19,NL0 30 0 solar,legacy,NL0 30,1,0.0,59329.06935279719,59329.069352797116
19,NL0 31 0 solar,legacy,NL0 31,2,0.0,48541.96583407945,48541.96583407938
19,NL0 4 0 solar,legacy,NL0 4,2,0.0,48541.96583407945,48541.96583407938
19,NL0 5 0 solar,legacy,NL0 5,3,0.0,53935.51759343677,53935.5175934367
19,NL0 6 0 solar,legacy,NL0 6,3,0.0,53935.51759343677,53935.5175934367
19,NL0 7 0 solar,legacy,NL0 7,3,0.0,53935.51759343677,53935.5175934367
19,NL0 8 0 solar,legacy,NL0 8,1,0.0,59329.06935279719,59329.069352797116
19,NL0 9 0 solar,legacy,NL0 9,3,0.0,53935.51759343677,53935.5175934367
19,NL0 20 0 offwind-ac,legacy,NL0 20,1,0.0,59329.06935279719,59329.069352797116
19,NL0 27 0 offwind-ac,legacy,NL0 27,1,0.0,59329.06935279719,59329.069352797116
19,NL0 31 0 offwind-ac,legacy,NL0 31,2,0.0,48541.96583407945,48541.96583407938
19,NL0 32 0 offwind-ac,legacy,NL0 32,1,0.0,59329.06935279719,59329.069352797116
19,NL0 7 0 offwind-ac,legacy,NL0 7,3,0.0,53935.51759343677,53935.5175934367
19,NL0 0 0 onwind,legacy,NL0 0,1,0.0,59329.06935279719,59329.069352797116
19,NL0 1 0 onwind,legacy,NL0 1,3,0.0,53935.51759343677,53935.5175934367
19,NL0 10 0 onwind,legacy,NL0 10,1,0.0,59329.06935279719,59329.069352797116
19,NL0 11 0 onwind,legacy,NL0 11,3,0.0,53935.51759343677,53935.5175934367
19,NL0 12 0 onwind,legacy,NL0 12,2,0.0,48541.96583407945,48541.96583407938
19,NL0 13 0 onwind,legacy,NL0 13,3,0.0,53935.51759343677,53935.5175934367
19,NL0 14 0 onwind,legacy,NL0 14,2,0.0,48541.96583407945,48541.96583407938
19,NL0 15 0 onwind,legacy,NL0 15,2,0.0,48541.96583407945,48541.96583407938
19,NL0 17 0 onwind,legacy,NL0 17,1,0.0,59329.06935279719,59329.069352797116
19,NL0 19 0 onwind,legacy,NL0 19,2,0.0,48541.96583407945,48541.96583407938
19,NL0 2 0 onwind,legacy,NL0 2,2,0.0,48541.96583407945,48541.96583407938
19,NL0 20 0 onwind,legacy,NL0 20,1,0.0,59329.06935279719,59329.069352797116
19,NL0 21 0 onwind,legacy,NL0 21,1,0.0,59329.06935279719,59329.069352797116
19,NL0 22 0 onwind,legacy,NL0 22,3,0.0,53935.51759343677,53935.5175934367
19,NL0 23 0 onwind,legacy,NL0 23,1,0.0,59329.06935279719,59329.069352797116
19,NL0 24 0 onwind,legacy,NL0 24,1,0.0,59329.06935279719,59329.069352797116
19,NL0 27 0 onwind,legacy,NL0 27,1,0.0,59329.06935279719,59329.069352797116
19,NL0 3 0 onwind,legacy,NL0 3,1,0.0,59329.06935279719,59329.069352797116
19,NL0 30 0 onwind,legacy,NL0 30,1,0.0,59329.06935279719,59329.069352797116
19,NL0 31 0 onwind,legacy,NL0 31,2,0.0,48541.96583407945,48541.96583407938
19,NL0 4 0 onwind,legacy,NL0 4,2,0.0,48541.96583407945,48541.96583407938
19,NL0 5 0 onwind,legacy,NL0 5,3,0.0,53935.51759343677,53935.5175934367
19,NL0 6 0 onwind,legacy,NL0 6,3,0.0,53935.51759343677,53935.5175934367
19,NL0 7 0 onwind,legacy,NL0 7,3,0.0,53935.51759343677,53935.5175934367
19,NL0 8 0 onwind,legacy,NL0 8,1,0.0,59329.06935279719,59329.069352797116
19,NL0 9 0 onwind,legacy,NL0 9,3,0.0,53935.51759343677,53935.5175934367
20,NL0 0 Invest,investable,NL0 0,1,0.0,59329.06935279719,59329.06935292875
20,NL0 1 Invest,investable,NL0 1,3,0.0,53935.51759343677,53935.51759357159
20,NL0 10 Invest,investable,NL0 10,1,1000.0,59329.06935279719,59329.06935292875
20,NL0 11 Invest,investable,NL0 11,3,0.0,53935.51759343677,53935.51759357159
20,NL0 12 Invest,investable,NL0 12,2,987.3248031843468,48541.96583407945,48541.96583421443
20,NL0 13 Invest,investable,NL0 13,3,678.1047541590506,53935.51759343677,53935.51759357159
20,NL0 14 Invest,investable,NL0 14,2,0.0,48541.96583407945,48541.96583421443
20,NL0 15 Invest,investable,NL0 15,2,1000.0,48541.96583407945,48541.96583421443
20,NL0 16 Invest,investable,NL0 16,1,0.0,59329.06935279719,59329.06935292875
20,NL0 17 Invest,investable,NL0 17,1,0.0,59329.06935279719,59329.06935292875
20,NL0 18 Invest,investable,NL0 18,1,0.0,59329.06935279719,59329.06935292875
20,NL0 19 Invest,investable,NL0 19,2,1000.0,48541.96583407945,48541.96583421443
20,NL0 2 Invest,investable,NL0 2,2,1000.0,48541.96583407945,48541.96583421443
20,NL0 20 Invest,investable,NL0 20,1,1000.0,59329.06935279719,59329.06935292875
20,NL0 21 Invest,investable,NL0 21,1,0.0,59329.06935279719,59329.06935292875
20,NL0 22 Invest,investable,NL0 22,3,1000.0,53935.51759343677,53935.51759357159
20,NL0 23 Invest,investable,NL0 23,1,0.0,59329.06935279719,59329.06935292875
20,NL0 24 Invest,investable,NL0 24,1,1000.0,59329.06935279719,59329.06935292875
20,NL0 25 Invest,investable,NL0 25,2,1000.0,48541.96583407945,48541.96583421443
20,NL0 26 Invest,investable,NL0 26,2,0.0,48541.96583407945,48541.96583421443
20,NL0 27 Invest,investable,NL0 27,1,35.5312178697568,59329.06935279719,59329.06935292875
20,NL0 28 Invest,investable,NL0 28,2,0.0,48541.96583407945,48541.96583421443
20,NL0 3 Invest,investable,NL0 3,1,0.0,59329.06935279719,59329.06935292875
20,NL0 30 Invest,investable,NL0 30,1,0.0,59329.06935279719,59329.06935292875
20,NL0 31 Invest,investable,NL0 31,2,1000.0,48541.96583407945,48541.96583421443
20,NL0 33 Invest,investable,NL0 33,1,0.0,59329.06935279719,59329.06935292875
20,NL0 4 Invest,investable,NL0 4,2,0.0,48541.96583407945,48541.96583421443
20,NL0 5 Invest,investable,NL0 5,3,1000.0,53935.51759343677,53935.51759357159
20,NL0 6 Invest,investable,NL0 6,3,1000.0,53935.51759343677,53935.51759357159
20,NL0 7 Invest,investable,NL0 7,3,1000.0,53935.51759343677,53935.51759357159
20,NL0 8 Invest,investable,NL0 8,1,0.0,59329.06935279719,59329.06935292875
20,NL0 9 Invest,investable,NL0 9,3,1000.0,53935.51759343677,53935.51759357159
20,NL0 1 biomass,legacy,NL0 1,3,71.0,53935.51759343677,53935.51759343677
20,NL0 1 waste,legacy,NL0 1,3,31.0,53935.51759343677,53935.51759343677
20,NL0 10 waste,legacy,NL0 10,1,150.0,59329.06935279719,59329.06935279719
20,NL0 11 biomass,legacy,NL0 11,3,20.0,53935.51759343677,53935.51759343677
20,NL0 11 waste,legacy,NL0 11,3,50.0,53935.51759343677,53935.51759343677
20,NL0 13 biomass,legacy,NL0 13,3,77.0,53935.51759343677,53935.51759343677
20,NL0 19 biomass,legacy,NL0 19,2,49.0,48541.96583407945,48541.96583407945
20,NL0 19 waste,legacy,NL0 19,2,36.0,48541.96583407945,48541.96583407945
20,NL0 22 biomass,legacy,NL0 22,3,500.0,53935.51759343677,53935.51759343677
20,NL0 25 waste,legacy,NL0 25,2,54.0,48541.96583407945,48541.96583407945
20,NL0 27 biomass,legacy,NL0 27,1,22.0,59329.06935279719,59329.06935279719
20,NL0 27 waste,legacy,NL0 27,1,71.2,59329.06935279719,59329.06935279719
20,NL0 3 biomass,legacy,NL0 3,1,22.0,59329.06935279719,59329.06935279719
20,NL0 3 waste,legacy,NL0 3,1,108.0,59329.06935279719,59329.06935279719
20,NL0 30 biomass,legacy,NL0 30,1,60.0,59329.06935279719,59329.06935279719
20,NL0 7 nuclear,legacy,NL0 7,3,515.0,53935.51759343677,53935.51759343677
20,NL0 7 waste,legacy,NL0 7,3,39.0,53935.51759343677,53935.51759343677
20,NL0 8 biomass,legacy,NL0 8,1,36.0,59329.06935279719,59329.06935279719
20,NL0 8 waste,legacy,NL0 8,1,157.0,59329.06935279719,59329.06935279719
20,NL0 9 biomass,legacy,NL0 9,3,20.0,53935.51759343677,53935.51759343677
20,NL0 0 0 solar,legacy,NL0 0,1,0.0,59329.06935279719,59329.069352797116
20,NL0 1 0 solar,legacy,NL0 1,3,0.0,53935.51759343677,53935.5175934367
20,NL0 10 0 solar,legacy,NL0 10,1,0.0,59329.06935279719,59329.069352797116
20,NL0 11 0 solar,legacy,NL0 11,3,0.0,53935.51759343677,53935.5175934367
20,NL0 12 0 solar,legacy,NL0 12,2,0.0,48541.96583407945,48541.96583407938
20,NL0 13 0 solar,legacy,NL0 13,3,0.0,53935.51759343677,53935.5175934367
20,NL0 14 0 solar,legacy,NL0 14,2,0.0,48541.96583407945,48541.96583407938
20,NL0 15 0 solar,legacy,NL0 15,2,0.0,48541.96583407945,48541.96583407938
20,NL0 16 0 solar,legacy,NL0 16,1,0.0,59329.06935279719,59329.069352797116
20,NL0 17 0 solar,legacy,NL0 17,1,0.0,59329.06935279719,59329.069352797116
20,NL0 18 0 solar,legacy,NL0 18,1,0.0,59329.06935279719,59329.069352797116
20,NL0 19 0 solar,legacy,NL0 19,2,0.0,48541.96583407945,48541.96583407938
20,NL0 2 0 solar,legacy,NL0 2,2,0.0,48541.96583407945,48541.96583407938
20,NL0 20 0 solar,legacy,NL0 20,1,0.0,59329.06935279719,59329.069352797116
20,NL0 21 0 solar,legacy,NL0 21,1,0.0,59329.06935279719,59329.069352797116
20,NL0 22 0 solar,legacy,NL0 22,3,0.0,53935.51759343677,53935.5175934367
20,NL0 23 0 solar,legacy,NL0 23,1,0.0,59329.06935279719,59329.069352797116
20,NL0 24 0 solar,legacy,NL0 24,1,0.0,59329.06935279719,59329.069352797116
20,NL0 25 0 solar,legacy,NL0 25,2,0.0,48541.96583407945,48541.96583407938
20,NL0 26 0 solar,legacy,NL0 26,2,0.0,48541.96583407945,48541.96583407938
20,NL0 27 0 solar,legacy,NL0 27,1,0.0,59329.06935279719,59329.069352797116
20,NL0 28 0 solar,legacy,NL0 28,2,0.0,48541.96583407945,48541.96583407938
20,NL0 3 0 solar,legacy,NL0 3,1,0.0,59329.06935279719,59329.069352797116
20,NL0 30 0 solar,legacy,NL0 30,1,0.0,59329.06935279719,59329.069352797116
20,NL0 31 0 solar,legacy,NL0 31,2,0.0,48541.96583407945,48541.96583407938
20,NL0 4 0 solar,legacy,NL0 4,2,0.0,48541.96583407945,48541.96583407938
20,NL0 5 0 solar,legacy,NL0 5,3,0.0,53935.51759343677,53935.5175934367
20,NL0 6 0 solar,legacy,NL0 6,3,0.0,53935.51759343677,53935.5175934367
20,NL0 7 0 solar,legacy,NL0 7,3,0.0,53935.51759343677,53935.5175934367
20,NL0 8 0 solar,legacy,NL0 8,1,0.0,59329.06935279719,59329.069352797116
20,NL0 9 0 solar,legacy,NL0 9,3,0.0,53935.51759343677,53935.5175934367
20,NL0 20 0 offwind-ac,legacy,NL0 20,1,0.0,59329.06935279719,59329.069352797116
20,NL0 27 0 offwind-ac,legacy,NL0 27,1,0.0,59329.06935279719,59329.069352797116
20,NL0 31 0 offwind-ac,legacy,NL0 31,2,0.0,48541.96583407945,48541.96583407938
20,NL0 32 0 offwind-ac,legacy,NL0 32,1,0.0,59329.06935279719,59329.069352797116
20,NL0 7 0 offwind-ac,legacy,NL0 7,3,0.0,53935.51759343677,53935.5175934367
20,NL0 0 0 onwind,legacy,NL0 0,1,0.0,59329.06935279719,59329.069352797116
20,NL0 1 0 onwind,legacy,NL0 1,3,0.0,53935.51759343677,53935.5175934367
20,NL0 10 0 onwind,legacy,NL0 10,1,0.0,59329.06935279719,59329.069352797116
20,NL0 11 0 onwind,legacy,NL0 11,3,0.0,53935.51759343677,53935.5175934367
20,NL0 12 0 onwind,legacy,NL0 12,2,0.0,48541.96583407945,48541.96583407938
20,NL0 13 0 onwind,legacy,NL0 13,3,0.0,53935.51759343677,53935.5175934367
20,NL0 14 0 onwind,legacy,NL0 14,2,0.0,48541.96583407945,48541.96583407938
20,NL0 15 0 onwind,legacy,NL0 15,2,0.0,48541.96583407945,48541.96583407938
20,NL0 17 0 onwind,legacy,NL0 17,1,0.0,59329.06935279719,59329.069352797116
20,NL0 19 0 onwind,legacy,NL0 19,2,0.0,48541.96583407945,48541.96583407938
20,NL0 2 0 onwind,legacy,NL0 2,2,0.0,48541.96583407945,48541.96583407938
20,NL0 20 0 onwind,legacy,NL0 20,1,0.0,59329.06935279719,59329.069352797116
20,NL0 21 0 onwind,legacy,NL0 21,1,0.0,59329.06935279719,59329.069352797116
20,NL0 22 0 onwind,legacy,NL0 22,3,0.0,53935.51759343677,53935.5175934367
20,NL0 23 0 onwind,legacy,NL0 23,1,0.0,59329.06935279719,59329.069352797116
20,NL0 24 0 onwind,legacy,NL0 24,1,0.0,59329.06935279719,59329.069352797116
20,NL0 27 0 onwind,legacy,NL0 27,1,0.0,59329.06935279719,59329.069352797116
20,NL0 3 0 onwind,legacy,NL0 3,1,0.0,59329.06935279719,59329.069352797116
20,NL0 30 0 onwind,legacy,NL0 30,1,0.0,59329.06935279719,59329.069352797116
20,NL0 31 0 onwind,legacy,NL0 31,2,0.0,48541.96583407945,48541.96583407938
20,NL0 4 0 onwind,legacy,NL0 4,2,0.0,48541.96583407945,48541.96583407938
20,NL0 5 0 onwind,legacy,NL0 5,3,0.0,53935.51759343677,53935.5175934367
20,NL0 6 0 onwind,legacy,NL0 6,3,0.0,53935.51759343677,53935.5175934367
20,NL0 7 0 onwind,legacy,NL0 7,3,0.0,53935.51759343677,53935.5175934367
20,NL0 8 0 onwind,legacy,NL0 8,1,0.0,59329.06935279719,59329.069352797116
20,NL0 9 0 onwind,legacy,NL0 9,3,0.0,53935.51759343677,53935.5175934367
21,NL0 0 Invest,investable,NL0 0,1,1000.0,59329.06935279719,59329.06935292875
21,NL0 1 Invest,investable,NL0 1,3,0.0,53935.51759343677,53935.51759357159
21,NL0 10 Invest,investable,NL0 10,1,0.0,59329.06935279719,59329.06935292875
21,NL0 11 Invest,investable,NL0 11,3,0.0,53935.51759343677,53935.51759357159
21,NL0 12 Invest,investable,NL0 12,2,987.3248031843468,48541.96583407945,48541.96583421443
21,NL0 13 Invest,investable,NL0 13,3,678.1047541590506,53935.51759343677,53935.51759357159
21,NL0 14 Invest,investable,NL0 14,2,0.0,48541.96583407945,48541.96583421443
21,NL0 15 Invest,investable,NL0 15,2,1000.0,48541.96583407945,48541.96583421443
21,NL0 16 Invest,investable,NL0 16,1,1000.0,59329.06935279719,59329.06935292875
21,NL0 17 Invest,investable,NL0 17,1,0.0,59329.06935279719,59329.06935292875
21,NL0 18 Invest,investable,NL0 18,1,0.0,59329.06935279719,59329.06935292875
21,NL0 19 Invest,investable,NL0 19,2,1000.0,48541.96583407945,48541.96583421443
21,NL0 2 Invest,investable,NL0 2,2,1000.0,48541.96583407945,48541.96583421443
21,NL0 20 Invest,investable,NL0 20,1,1000.0,59329.06935279719,59329.06935292875
21,NL0 21 Invest,investable,NL0 21,1,0.0,59329.06935279719,59329.06935292875
21,NL0 22 Invest,investable,NL0 22,3,1000.0,53935.51759343677,53935.51759357159
21,NL0 23 Invest,investable,NL0 23,1,0.0,59329.06935279719,59329.06935292875
21,NL0 24 Invest,investable,NL0 24,1,35.5312178697568,59329.06935279719,59329.06935292875
21,NL0 25 Invest,investable,NL0 25,2,1000.0,48541.96583407945,48541.96583421443
21,NL0 26 Invest,investable,NL0 26,2,0.0,48541.96583407945,48541.96583421443
21,NL0 27 Invest,investable,NL0 27,1,0.0,59329.06935279719,59329.06935292875
21,NL0 28 Invest,investable,NL0 28,2,0.0,48541.96583407945,48541.96583421443
21,NL0 3 Invest,investable,NL0 3,1,0.0,59329.06935279719,59329.06935292875
21,NL0 30 Invest,investable,NL0 30,1,0.0,59329.06935279719,59329.06935292875
21,NL0 31 Invest,investable,NL0 31,2,1000.0,48541.96583407945,48541.96583421443
21,NL0 33 Invest,investable,NL0 33,1,0.0,59329.06935279719,59329.06935292875
21,NL0 4 Invest,investable,NL0 4,2,0.0,48541.96583407945,48541.96583421443
21,NL0 5 Invest,investable,NL0 5,3,1000.0,53935.51759343677,53935.51759357159
21,NL0 6 Invest,investable,NL0 6,3,1000.0,53935.51759343677,53935.51759357159
21,NL0 7 Invest,investable,NL0 7,3,1000.0,53935.51759343677,53935.51759357159
21,NL0 8 Invest,investable,NL0 8,1,0.0,59329.06935279719,59329.06935292875
21,NL0 9 Invest,investable,NL0 9,3,1000.0,53935.51759343677,53935.51759357159
21,NL0 1 biomass,legacy,NL0 1,3,71.0,53935.51759343677,53935.51759343677
21,NL0 1 waste,legacy,NL0 1,3,31.0,53935.51759343677,53935.51759343677
21,NL0 10 waste,legacy,NL0 10,1,150.0,59329.06935279719,59329.06935279719
21,NL0 11 biomass,legacy,NL0 11,3,20.0,53935.51759343677,53935.51759343677
21,NL0 11 waste,legacy,NL0 11,3,50.0,53935.51759343677,53935.51759343677
21,NL0 13 biomass,legacy,NL0 13,3,77.0,53935.51759343677,53935.51759343677
21,NL0 19 biomass,legacy,NL0 19,2,49.0,48541.96583407945,48541.96583407945
21,NL0 19 waste,legacy,NL0 19,2,36.0,48541.96583407945,48541.96583407945
21,NL0 22 biomass,legacy,NL0 22,3,500.0,53935.51759343677,53935.51759343677
21,NL0 25 waste,legacy,NL0 25,2,54.0,48541.96583407945,48541.96583407945
21,NL0 27 biomass,legacy,NL0 27,1,22.0,59329.06935279719,59329.06935279719
21,NL0 27 waste,legacy,NL0 27,1,71.2,59329.06935279719,59329.06935279719
21,NL0 3 biomass,legacy,NL0 3,1,22.0,59329.06935279719,59329.06935279719
21,NL0 3 waste,legacy,NL0 3,1,108.0,59329.06935279719,59329.06935279719
21,NL0 30 biomass,legacy,NL0 30,1,60.0,59329.06935279719,59329.06935279719
21,NL0 7 nuclear,legacy,NL0 7,3,515.0,53935.51759343677,53935.51759343677
21,NL0 7 waste,legacy,NL0 7,3,39.0,53935.51759343677,53935.51759343677
21,NL0 8 biomass,legacy,NL0 8,1,36.0,59329.06935279719,59329.06935279719
21,NL0 8 waste,legacy,NL0 8,1,157.0,59329.06935279719,59329.06935279719
21,NL0 9 biomass,legacy,NL0 9,3,20.0,53935.51759343677,53935.51759343677
21,NL0 0 0 solar,legacy,NL0 0,1,0.0,59329.06935279719,59329.069352797116
21,NL0 1 0 solar,legacy,NL0 1,3,0.0,53935.51759343677,53935.5175934367
21,NL0 10 0 solar,legacy,NL0 10,1,0.0,59329.06935279719,59329.069352797116
21,NL0 11 0 solar,legacy,NL0 11,3,0.0,53935.51759343677,53935.5175934367
21,NL0 12 0 solar,legacy,NL0 12,2,0.0,48541.96583407945,48541.96583407938
21,NL0 13 0 solar,legacy,NL0 13,3,0.0,53935.51759343677,53935.5175934367
21,NL0 14 0 solar,legacy,NL0 14,2,0.0,48541.96583407945,48541.96583407938
21,NL0 15 0 solar,legacy,NL0 15,2,0.0,48541.96583407945,48541.96583407938
21,NL0 16 0 solar,legacy,NL0 16,1,0.0,59329.06935279719,59329.069352797116
21,NL0 17 0 solar,legacy,NL0 17,1,0.0,59329.06935279719,59329.069352797116
21,NL0 18 0 solar,legacy,NL0 18,1,0.0,59329.06935279719,59329.069352797116
21,NL0 19 0 solar,legacy,NL0 19,2,0.0,48541.96583407945,48541.96583407938
21,NL0 2 0 solar,legacy,NL0 2,2,0.0,48541.96583407945,48541.96583407938
21,NL0 20 0 solar,legacy,NL0 20,1,0.0,59329.06935279719,59329.069352797116
21,NL0 21 0 solar,legacy,NL0 21,1,0.0,59329.06935279719,59329.069352797116
21,NL0 22 0 solar,legacy,NL0 22,3,0.0,53935.51759343677,53935.5175934367
21,NL0 23 0 solar,legacy,NL0 23,1,0.0,59329.06935279719,59329.069352797116
21,NL0 24 0 solar,legacy,NL0 24,1,0.0,59329.06935279719,59329.069352797116
21,NL0 25 0 solar,legacy,NL0 25,2,0.0,48541.96583407945,48541.96583407938
21,NL0 26 0 solar,legacy,NL0 26,2,0.0,48541.96583407945,48541.96583407938
21,NL0 27 0 solar,legacy,NL0 27,1,0.0,59329.06935279719,59329.069352797116
21,NL0 28 0 solar,legacy,NL0 28,2,0.0,48541.96583407945,48541.96583407938
21,NL0 3 0 solar,legacy,NL0 3,1,0.0,59329.06935279719,59329.069352797116
21,NL0 30 0 solar,legacy,NL0 30,1,0.0,59329.06935279719,59329.069352797116
21,NL0 31 0 solar,legacy,NL0 31,2,0.0,48541.96583407945,48541.96583407938
21,NL0 4 0 solar,legacy,NL0 4,2,0.0,48541.96583407945,48541.96583407938
21,NL0 5 0 solar,legacy,NL0 5,3,0.0,53935.51759343677,53935.5175934367
21,NL0 6 0 solar,legacy,NL0 6,3,0.0,53935.51759343677,53935.5175934367
21,NL0 7 0 solar,legacy,NL0 7,3,0.0,53935.51759343677,53935.5175934367
21,NL0 8 0 solar,legacy,NL0 8,1,0.0,59329.06935279719,59329.069352797116
21,NL0 9 0 solar,legacy,NL0 9,3,0.0,53935.51759343677,53935.5175934367
21,NL0 20 0 offwind-ac,legacy,NL0 20,1,0.0,59329.06935279719,59329.069352797116
21,NL0 27 0 offwind-ac,legacy,NL0 27,1,0.0,59329.06935279719,59329.069352797116
21,NL0 31 0 offwind-ac,legacy,NL0 31,2,0.0,48541.96583407945,48541.96583407938
21,NL0 32 0 offwind-ac,legacy,NL0 32,1,0.0,59329.06935279719,59329.069352797116
21,NL0 7 0 offwind-ac,legacy,NL0 7,3,0.0,53935.51759343677,53935.5175934367
21,NL0 0 0 onwind,legacy,NL0 0,1,0.0,59329.06935279719,59329.069352797116
21,NL0 1 0 onwind,legacy,NL0 1,3,0.0,53935.51759343677,53935.5175934367
21,NL0 10 0 onwind,legacy,NL0 10,1,0.0,59329.06935279719,59329.069352797116
21,NL0 11 0 onwind,legacy,NL0 11,3,0.0,53935.51759343677,53935.5175934367
21,NL0 12 0 onwind,legacy,NL0 12,2,0.0,48541.96583407945,48541.96583407938
21,NL0 13 0 onwind,legacy,NL0 13,3,0.0,53935.51759343677,53935.5175934367
21,NL0 14 0 onwind,legacy,NL0 14,2,0.0,48541.96583407945,48541.96583407938
21,NL0 15 0 onwind,legacy,NL0 15,2,0.0,48541.96583407945,48541.96583407938
21,NL0 17 0 onwind,legacy,NL0 17,1,0.0,59329.06935279719,59329.069352797116
21,NL0 19 0 onwind,legacy,NL0 19,2,0.0,48541.96583407945,48541.96583407938
21,NL0 2 0 onwind,legacy,NL0 2,2,0.0,48541.96583407945,48541.96583407938
21,NL0 20 0 onwind,legacy,NL0 20,1,0.0,59329.06935279719,59329.069352797116
21,NL0 21 0 onwind,legacy,NL0 21,1,0.0,59329.06935279719,59329.069352797116
21,NL0 22 0 onwind,legacy,NL0 22,3,0.0,53935.51759343677,53935.5175934367
21,NL0 23 0 onwind,legacy,NL0 23,1,0.0,59329.06935279719,59329.069352797116
21,NL0 24 0 onwind,legacy,NL0 24,1,0.0,59329.06935279719,59329.069352797116
21,NL0 27 0 onwind,legacy,NL0 27,1,0.0,59329.06935279719,59329.069352797116
21,NL0 3 0 onwind,legacy,NL0 3,1,0.0,59329.06935279719,59329.069352797116
21,NL0 30 0 onwind,legacy,NL0 30,1,0.0,59329.06935279719,59329.069352797116
21,NL0 31 0 onwind,legacy,NL0 31,2,0.0,48541.96583407945,48541.96583407938
21,NL0 4 0 onwind,legacy,NL0 4,2,0.0,48541.96583407945,48541.96583407938
21,NL0 5 0 onwind,legacy,NL0 5,3,0.0,53935.51759343677,53935.5175934367
21,NL0 6 0 onwind,legacy,NL0 6,3,0.0,53935.51759343677,53935.5175934367
21,NL0 7 0 onwind,legacy,NL0 7,3,0.0,53935.51759343677,53935.5175934367
21,NL0 8 0 onwind,legacy,NL0 8,1,0.0,59329.06935279719,59329.069352797116
21,NL0 9 0 onwind,legacy,NL0 9,3,0.0,53935.51759343677,53935.5175934367
22,NL0 0 Invest,investable,NL0 0,1,0.0,59329.06935279719,59329.06935292875
22,NL0 1 Invest,investable,NL0 1,3,1000.0,53935.51759343677,53935.51759357159
22,NL0 10 Invest,investable,NL0 10,1,0.0,59329.06935279719,59329.06935292875
22,NL0 11 Invest,investable,NL0 11,3,1000.0,53935.51759343677,53935.51759357159
22,NL0 12 Invest,investable,NL0 12,2,1000.0,48541.96583407945,48541.96583421443
22,NL0 13 Invest,investable,NL0 13,3,1000.0,53935.51759343677,53935.51759357159
22,NL0 14 Invest,investable,NL0 14,2,1000.0,48541.96583407945,48541.96583421443
22,NL0 15 Invest,investable,NL0 15,2,0.0,48541.96583407945,48541.96583421443
22,NL0 16 Invest,investable,NL0 16,1,0.0,59329.06935279719,59329.06935292875
22,NL0 17 Invest,investable,NL0 17,1,0.0,59329.06935279719,59329.06935292875
22,NL0 18 Invest,investable,NL0 18,1,0.0,59329.06935279719,59329.06935292875
22,NL0 19 Invest,investable,NL0 19,2,0.0,48541.96583407945,48541.96583421443
22,NL0 2 Invest,investable,NL0 2,2,0.0,48541.96583407945,48541.96583421443
22,NL0 20 Invest,investable,NL0 20,1,0.0,59329.06935279719,59329.06935292875
22,NL0 21 Invest,investable,NL0 21,1,0.0,59329.06935279719,59329.06935292875
22,NL0 22 Invest,investable,NL0 22,3,0.0,53935.51759343677,53935.51759357159
22,NL0 23 Invest,investable,NL0 23,1,246.69337190151236,59329.06935279719,59329.06935292875
22,NL0 24 Invest,investable,NL0 24,1,0.0,59329.06935279719,59329.06935292875
22,NL0 25 Invest,investable,NL0 25,2,0.0,48541.96583407945,48541.96583421443
22,NL0 26 Invest,investable,NL0 26,2,1000.0,48541.96583407945,48541.96583421443
22,NL0 27 Invest,investable,NL0 27,1,0.0,59329.06935279719,59329.06935292875
22,NL0 28 Invest,investable,NL0 28,2,1000.0,48541.96583407945,48541.96583421443
22,NL0 3 Invest,investable,NL0 3,1,1000.0,59329.06935279719,59329.06935292875
22,NL0 30 Invest,investable,NL0 30,1,0.0,59329.06935279719,59329.06935292875
22,NL0 31 Invest,investable,NL0 31,2,987.3248031843468,48541.96583407945,48541.96583421443
22,NL0 33 Invest,investable,NL0 33,1,788.8378459682444,59329.06935279719,59329.06935292875
22,NL0 4 Invest,investable,NL0 4,2,1000.0,48541.96583407945,48541.96583421443
22,NL0 5 Invest,investable,NL0 5,3,678.1047541590506,53935.51759343677,53935.51759357159
22,NL0 6 Invest,investable,NL0 6,3,1000.0,53935.51759343677,53935.51759357159
22,NL0 7 Invest,investable,NL0 7,3,0.0,53935.51759343677,53935.51759357159
22,NL0 8 Invest,investable,NL0 8,1,1000.0,59329.06935279719,59329.06935292875
22,NL0 9 Invest,investable,NL0 9,3,1000.0,53935.51759343677,53935.51759357159
22,NL0 1 biomass,legacy,NL0 1,3,71.0,53935.51759343677,53935.51759343677
22,NL0 1 waste,legacy,NL0 1,3,31.0,53935.51759343677,53935.51759343677
22,NL0 10 waste,legacy,NL0 10,1,150.0,59329.06935279719,59329.06935279719
22,NL0 11 biomass,legacy,NL0 11,3,20.0,53935.51759343677,53935.51759343677
22,NL0 11 waste,legacy,NL0 11,3,50.0,53935.51759343677,53935.51759343677
22,NL0 13 biomass,legacy,NL0 13,3,77.0,53935.51759343677,53935.51759343677
22,NL0 19 biomass,legacy,NL0 19,2,49.0,48541.96583407945,48541.96583407945
22,NL0 19 waste,legacy,NL0 19,2,36.0,48541.96583407945,48541.96583407945
22,NL0 22 biomass,legacy,NL0 22,3,500.0,53935.51759343677,53935.51759343677
22,NL0 25 waste,legacy,NL0 25,2,54.0,48541.96583407945,48541.96583407945
22,NL0 27 biomass,legacy,NL0 27,1,22.0,59329.06935279719,59329.06935279719
22,NL0 27 waste,legacy,NL0 27,1,71.2,59329.06935279719,59329.06935279719
22,NL0 3 biomass,legacy,NL0 3,1,22.0,59329.06935279719,59329.06935279719
22,NL0 3 waste,legacy,NL0 3,1,108.0,59329.06935279719,59329.06935279719
22,NL0 30 biomass,legacy,NL0 30,1,60.0,59329.06935279719,59329.06935279719
22,NL0 7 nuclear,legacy,NL0 7,3,515.0,53935.51759343677,53935.51759343677
22,NL0 7 waste,legacy,NL0 7,3,39.0,53935.51759343677,53935.51759343677
22,NL0 8 biomass,legacy,NL0 8,1,36.0,59329.06935279719,59329.06935279719
22,NL0 8 waste,legacy,NL0 8,1,157.0,59329.06935279719,59329.06935279719
22,NL0 9 biomass,legacy,NL0 9,3,20.0,53935.51759343677,53935.51759343677
22,NL0 0 0 solar,legacy,NL0 0,1,0.0,59329.06935279719,59329.069352797116
22,NL0 1 0 solar,legacy,NL0 1,3,0.0,53935.51759343677,53935.5175934367
22,NL0 10 0 solar,legacy,NL0 10,1,0.0,59329.06935279719,59329.069352797116
22,NL0 11 0 solar,legacy,NL0 11,3,0.0,53935.51759343677,53935.5175934367
22,NL0 12 0 solar,legacy,NL0 12,2,0.0,48541.96583407945,48541.96583407938
22,NL0 13 0 solar,legacy,NL0 13,3,0.0,53935.51759343677,53935.5175934367
22,NL0 14 0 solar,legacy,NL0 14,2,0.0,48541.96583407945,48541.96583407938
22,NL0 15 0 solar,legacy,NL0 15,2,0.0,48541.96583407945,48541.96583407938
22,NL0 16 0 solar,legacy,NL0 16,1,0.0,59329.06935279719,59329.069352797116
22,NL0 17 0 solar,legacy,NL0 17,1,0.0,59329.06935279719,59329.069352797116
22,NL0 18 0 solar,legacy,NL0 18,1,0.0,59329.06935279719,59329.069352797116
22,NL0 19 0 solar,legacy,NL0 19,2,0.0,48541.96583407945,48541.96583407938
22,NL0 2 0 solar,legacy,NL0 2,2,0.0,48541.96583407945,48541.96583407938
22,NL0 20 0 solar,legacy,NL0 20,1,0.0,59329.06935279719,59329.069352797116
22,NL0 21 0 solar,legacy,NL0 21,1,0.0,59329.06935279719,59329.069352797116
22,NL0 22 0 solar,legacy,NL0 22,3,0.0,53935.51759343677,53935.5175934367
22,NL0 23 0 solar,legacy,NL0 23,1,0.0,59329.06935279719,59329.069352797116
22,NL0 24 0 solar,legacy,NL0 24,1,0.0,59329.06935279719,59329.069352797116
22,NL0 25 0 solar,legacy,NL0 25,2,0.0,48541.96583407945,48541.96583407938
22,NL0 26 0 solar,legacy,NL0 26,2,0.0,48541.96583407945,48541.96583407938
22,NL0 27 0 solar,legacy,NL0 27,1,0.0,59329.06935279719,59329.069352797116
22,NL0 28 0 solar,legacy,NL0 28,2,0.0,48541.96583407945,48541.96583407938
22,NL0 3 0 solar,legacy,NL0 3,1,0.0,59329.06935279719,59329.069352797116
22,NL0 30 0 solar,legacy,NL0 30,1,0.0,59329.06935279719,59329.069352797116
22,NL0 31 0 solar,legacy,NL0 31,2,0.0,48541.96583407945,48541.96583407938
22,NL0 4 0 solar,legacy,NL0 4,2,0.0,48541.96583407945,48541.96583407938
22,NL0 5 0 solar,legacy,NL0 5,3,0.0,53935.51759343677,53935.5175934367
22,NL0 6 0 solar,legacy,NL0 6,3,0.0,53935.51759343677,53935.5175934367
22,NL0 7 0 solar,legacy,NL0 7,3,0.0,53935.51759343677,53935.5175934367
22,NL0 8 0 solar,legacy,NL0 8,1,0.0,59329.06935279719,59329.069352797116
22,NL0 9 0 solar,legacy,NL0 9,3,0.0,53935.51759343677,53935.5175934367
22,NL0 20 0 offwind-ac,legacy,NL0 20,1,0.0,59329.06935279719,59329.069352797116
22,NL0 27 0 offwind-ac,legacy,NL0 27,1,0.0,59329.06935279719,59329.069352797116
22,NL0 31 0 offwind-ac,legacy,NL0 31,2,0.0,48541.96583407945,48541.96583407938
22,NL0 32 0 offwind-ac,legacy,NL0 32,1,0.0,59329.06935279719,59329.069352797116
22,NL0 7 0 offwind-ac,legacy,NL0 7,3,0.0,53935.51759343677,53935.5175934367
22,NL0 0 0 onwind,legacy,NL0 0,1,0.0,59329.06935279719,59329.069352797116
22,NL0 1 0 onwind,legacy,NL0 1,3,0.0,53935.51759343677,53935.5175934367
22,NL0 10 0 onwind,legacy,NL0 10,1,0.0,59329.06935279719,59329.069352797116
22,NL0 11 0 onwind,legacy,NL0 11,3,0.0,53935.51759343677,53935.5175934367
22,NL0 12 0 onwind,legacy,NL0 12,2,0.0,48541.96583407945,48541.96583407938
22,NL0 13 0 onwind,legacy,NL0 13,3,0.0,53935.51759343677,53935.5175934367
22,NL0 14 0 onwind,legacy,NL0 14,2,0.0,48541.96583407945,48541.96583407938
22,NL0 15 0 onwind,legacy,NL0 15,2,0.0,48541.96583407945,48541.96583407938
22,NL0 17 0 onwind,legacy,NL0 17,1,0.0,59329.06935279719,59329.069352797116
22,NL0 19 0 onwind,legacy,NL0 19,2,0.0,48541.96583407945,48541.96583407938
22,NL0 2 0 onwind,legacy,NL0 2,2,0.0,48541.96583407945,48541.96583407938
22,NL0 20 0 onwind,legacy,NL0 20,1,0.0,59329.06935279719,59329.069352797116
22,NL0 21 0 onwind,legacy,NL0 21,1,0.0,59329.06935279719,59329.069352797116
22,NL0 22 0 onwind,legacy,NL0 22,3,0.0,53935.51759343677,53935.5175934367
22,NL0 23 0 onwind,legacy,NL0 23,1,0.0,59329.06935279719,59329.069352797116
22,NL0 24 0 onwind,legacy,NL0 24,1,0.0,59329.06935279719,59329.069352797116
22,NL0 27 0 onwind,legacy,NL0 27,1,0.0,59329.06935279719,59329.069352797116
22,NL0 3 0 onwind,legacy,NL0 3,1,0.0,59329.06935279719,59329.069352797116
22,NL0 30 0 onwind,legacy,NL0 30,1,0.0,59329.06935279719,59329.069352797116
22,NL0 31 0 onwind,legacy,NL0 31,2,0.0,48541.96583407945,48541.96583407938
22,NL0 4 0 onwind,legacy,NL0 4,2,0.0,48541.96583407945,48541.96583407938
22,NL0 5 0 onwind,legacy,NL0 5,3,0.0,53935.51759343677,53935.5175934367
22,NL0 6 0 onwind,legacy,NL0 6,3,0.0,53935.51759343677,53935.5175934367
22,NL0 7 0 onwind,legacy,NL0 7,3,0.0,53935.51759343677,53935.5175934367
22,NL0 8 0 onwind,legacy,NL0 8,1,0.0,59329.06935279719,59329.069352797116
22,NL0 9 0 onwind,legacy,NL0 9,3,0.0,53935.51759343677,53935.5175934367
23,NL0 0 Invest,investable,NL0 0,1,0.0,59329.06935279719,59329.06935292875
23,NL0 1 Invest,investable,NL0 1,3,1000.0,53935.51759343677,53935.51759357159
23,NL0 10 Invest,investable,NL0 10,1,1000.0,59329.06935279719,59329.06935292875
23,NL0 11 Invest,investable,NL0 11,3,1000.0,53935.51759343677,53935.51759357159
23,NL0 12 Invest,investable,NL0 12,2,1000.0,48541.96583407945,48541.96583421443
23,NL0 13 Invest,investable,NL0 13,3,1000.0,53935.51759343677,53935.51759357159
23,NL0 14 Invest,investable,NL0 14,2,1000.0,48541.96583407945,48541.96583421443
23,NL0 15 Invest,investable,NL0 15,2,0.0,48541.96583407945,48541.96583421443
23,NL0 16 Invest,investable,NL0 16,1,0.0,59329.06935279719,59329.06935292875
23,NL0 17 Invest,investable,NL0 17,1,1000.0,59329.06935279719,59329.06935292875
23,NL0 18 Invest,investable,NL0 18,1,0.0,59329.06935279719,59329.06935292875
23,NL0 19 Invest,investable,NL0 19,2,0.0,48541.96583407945,48541.96583421443
23,NL0 2 Invest,investable,NL0 2,2,0.0,48541.96583407945,48541.96583421443
23,NL0 20 Invest,investable,NL0 20,1,0.0,59329.06935279719,59329.06935292875
23,NL0 21 Invest,investable,NL0 21,1,0.0,59329.06935279719,59329.06935292875
23,NL0 22 Invest,investable,NL0 22,3,0.0,53935.51759343677,53935.51759357159
23,NL0 23 Invest,investable,NL0 23,1,0.0,59329.06935279719,59329.06935292875
23,NL0 24 Invest,investable,NL0 24,1,35.5312178697568,59329.06935279719,59329.06935292875
23,NL0 25 Invest,investable,NL0 25,2,0.0,48541.96583407945,48541.96583421443
23,NL0 26 Invest,investable,NL0 26,2,1000.0,48541.96583407945,48541.96583421443
23,NL0 27 Invest,investable,NL0 27,1,1000.0,59329.06935279719,59329.06935292875
23,NL0 28 Invest,investable,NL0 28,2,1000.0,48541.96583407945,48541.96583421443
23,NL0 3 Invest,investable,NL0 3,1,0.0,59329.06935279719,59329.06935292875
23,NL0 30 Invest,investable,NL0 30,1,0.0,59329.06935279719,59329.06935292875
23,NL0 31 Invest,investable,NL0 31,2,987.3248031843468,48541.96583407945,48541.96583421443
23,NL0 33 Invest,investable,NL0 33,1,0.0,59329.06935279719,59329.06935292875
23,NL0 4 Invest,investable,NL0 4,2,1000.0,48541.96583407945,48541.96583421443
23,NL0 5 Invest,investable,NL0 5,3,678.1047541590506,53935.51759343677,53935.51759357159
23,NL0 6 Invest,investable,NL0 6,3,1000.0,53935.51759343677,53935.51759357159
23,NL0 7 Invest,investable,NL0 7,3,0.0,53935.51759343677,53935.51759357159
23,NL0 8 Invest,investable,NL0 8,1,0.0,59329.06935279719,59329.06935292875
23,NL0 9 Invest,investable,NL0 9,3,1000.0,53935.51759343677,53935.51759357159
23,NL0 1 biomass,legacy,NL0 1,3,71.0,53935.51759343677,53935.51759343677
23,NL0 1 waste,legacy,NL0 1,3,31.0,53935.51759343677,53935.51759343677
23,NL0 10 waste,legacy,NL0 10,1,150.0,59329.06935279719,59329.06935279719
23,NL0 11 biomass,legacy,NL0 11,3,20.0,53935.51759343677,53935.51759343677
23,NL0 11 waste,legacy,NL0 11,3,50.0,53935.51759343677,53935.51759343677
23,NL0 13 biomass,legacy,NL0 13,3,77.0,53935.51759343677,53935.51759343677
23,NL0 19 biomass,legacy,NL0 19,2,49.0,48541.96583407945,48541.96583407945
23,NL0 19 waste,legacy,NL0 19,2,36.0,48541.96583407945,48541.96583407945
23,NL0 22 biomass,legacy,NL0 22,3,500.0,53935.51759343677,53935.51759343677
23,NL0 25 waste,legacy,NL0 25,2,54.0,48541.96583407945,48541.96583407945
23,NL0 27 biomass,legacy,NL0 27,1,22.0,59329.06935279719,59329.06935279719
23,NL0 27 waste,legacy,NL0 27,1,71.2,59329.06935279719,59329.06935279719
23,NL0 3 biomass,legacy,NL0 3,1,22.0,59329.06935279719,59329.06935279719
23,NL0 3 waste,legacy,NL0 3,1,108.0,59329.06935279719,59329.06935279719
23,NL0 30 biomass,legacy,NL0 30,1,60.0,59329.06935279719,59329.06935279719
23,NL0 7 nuclear,legacy,NL0 7,3,515.0,53935.51759343677,53935.51759343677
23,NL0 7 waste,legacy,NL0 7,3,39.0,53935.51759343677,53935.51759343677
23,NL0 8 biomass,legacy,NL0 8,1,36.0,59329.06935279719,59329.06935279719
23,NL0 8 waste,legacy,NL0 8,1,157.0,59329.06935279719,59329.06935279719
23,NL0 9 biomass,legacy,NL0 9,3,20.0,53935.51759343677,53935.51759343677
23,NL0 0 0 solar,legacy,NL0 0,1,0.0,59329.06935279719,59329.069352797116
23,NL0 1 0 solar,legacy,NL0 1,3,0.0,53935.51759343677,53935.5175934367
23,NL0 10 0 solar,legacy,NL0 10,1,0.0,59329.06935279719,59329.069352797116
23,NL0 11 0 solar,legacy,NL0 11,3,0.0,53935.51759343677,53935.5175934367
23,NL0 12 0 solar,legacy,NL0 12,2,0.0,48541.96583407945,48541.96583407938
23,NL0 13 0 solar,legacy,NL0 13,3,0.0,53935.51759343677,53935.5175934367
23,NL0 14 0 solar,legacy,NL0 14,2,0.0,48541.96583407945,48541.96583407938
23,NL0 15 0 solar,legacy,NL0 15,2,0.0,48541.96583407945,48541.96583407938
23,NL0 16 0 solar,legacy,NL0 16,1,0.0,59329.06935279719,59329.069352797116
23,NL0 17 0 solar,legacy,NL0 17,1,0.0,59329.06935279719,59329.069352797116
23,NL0 18 0 solar,legacy,NL0 18,1,0.0,59329.06935279719,59329.069352797116
23,NL0 19 0 solar,legacy,NL0 19,2,0.0,48541.96583407945,48541.96583407938
23,NL0 2 0 solar,legacy,NL0 2,2,0.0,48541.96583407945,48541.96583407938
23,NL0 20 0 solar,legacy,NL0 20,1,0.0,59329.06935279719,59329.069352797116
23,NL0 21 0 solar,legacy,NL0 21,1,0.0,59329.06935279719,59329.069352797116
23,NL0 22 0 solar,legacy,NL0 22,3,0.0,53935.51759343677,53935.5175934367
23,NL0 23 0 solar,legacy,NL0 23,1,0.0,59329.06935279719,59329.069352797116
23,NL0 24 0 solar,legacy,NL0 24,1,0.0,59329.06935279719,59329.069352797116
23,NL0 25 0 solar,legacy,NL0 25,2,0.0,48541.96583407945,48541.96583407938
23,NL0 26 0 solar,legacy,NL0 26,2,0.0,48541.96583407945,48541.96583407938
23,NL0 27 0 solar,legacy,NL0 27,1,0.0,59329.06935279719,59329.069352797116
23,NL0 28 0 solar,legacy,NL0 28,2,0.0,48541.96583407945,48541.96583407938
23,NL0 3 0 solar,legacy,NL0 3,1,0.0,59329.06935279719,59329.069352797116
23,NL0 30 0 solar,legacy,NL0 30,1,0.0,59329.06935279719,59329.069352797116
23,NL0 31 0 solar,legacy,NL0 31,2,0.0,48541.96583407945,48541.96583407938
23,NL0 4 0 solar,legacy,NL0 4,2,0.0,48541.96583407945,48541.96583407938
23,NL0 5 0 solar,legacy,NL0 5,3,0.0,53935.51759343677,53935.5175934367
23,NL0 6 0 solar,legacy,NL0 6,3,0.0,53935.51759343677,53935.5175934367
23,NL0 7 0 solar,legacy,NL0 7,3,0.0,53935.51759343677,53935.5175934367
23,NL0 8 0 solar,legacy,NL0 8,1,0.0,59329.06935279719,59329.069352797116
23,NL0 9 0 solar,legacy,NL0 9,3,0.0,53935.51759343677,53935.5175934367
23,NL0 20 0 offwind-ac,legacy,NL0 20,1,0.0,59329.06935279719,59329.069352797116
23,NL0 27 0 offwind-ac,legacy,NL0 27,1,0.0,59329.06935279719,59329.069352797116
23,NL0 31 0 offwind-ac,legacy,NL0 31,2,0.0,48541.96583407945,48541.96583407938
23,NL0 32 0 offwind-ac,legacy,NL0 32,1,0.0,59329.06935279719,59329.069352797116
23,NL0 7 0 offwind-ac,legacy,NL0 7,3,0.0,53935.51759343677,53935.5175934367
23,NL0 0 0 onwind,legacy,NL0 0,1,0.0,59329.06935279719,59329.069352797116
23,NL0 1 0 onwind,legacy,NL0 1,3,0.0,53935.51759343677,53935.5175934367
23,NL0 10 0 onwind,legacy,NL0 10,1,0.0,59329.06935279719,59329.069352797116
23,NL0 11 0 onwind,legacy,NL0 11,3,0.0,53935.51759343677,53935.5175934367
23,NL0 12 0 onwind,legacy,NL0 12,2,0.0,48541.96583407945,48541.96583407938
23,NL0 13 0 onwind,legacy,NL0 13,3,0.0,53935.51759343677,53935.5175934367
23,NL0 14 0 onwind,legacy,NL0 14,2,0.0,48541.96583407945,48541.96583407938
23,NL0 15 0 onwind,legacy,NL0 15,2,0.0,48541.96583407945,48541.96583407938
23,NL0 17 0 onwind,legacy,NL0 17,1,0.0,59329.06935279719,59329.069352797116
23,NL0 19 0 onwind,legacy,NL0 19,2,0.0,48541.96583407945,48541.96583407938
23,NL0 2 0 onwind,legacy,NL0 2,2,0.0,48541.96583407945,48541.96583407938
23,NL0 20 0 onwind,legacy,NL0 20,1,0.0,59329.06935279719,59329.069352797116
23,NL0 21 0 onwind,legacy,NL0 21,1,0.0,59329.06935279719,59329.069352797116
23,NL0 22 0 onwind,legacy,NL0 22,3,0.0,53935.51759343677,53935.5175934367
23,NL0 23 0 onwind,legacy,NL0 23,1,0.0,59329.06935279719,59329.069352797116
23,NL0 24 0 onwind,legacy,NL0 24,1,0.0,59329.06935279719,59329.069352797116
23,NL0 27 0 onwind,legacy,NL0 27,1,0.0,59329.06935279719,59329.069352797116
23,NL0 3 0 onwind,legacy,NL0 3,1,0.0,59329.06935279719,59329.069352797116
23,NL0 30 0 onwind,legacy,NL0 30,1,0.0,59329.06935279719,59329.069352797116
23,NL0 31 0 onwind,legacy,NL0 31,2,0.0,48541.96583407945,48541.96583407938
23,NL0 4 0 onwind,legacy,NL0 4,2,0.0,48541.96583407945,48541.96583407938
23,NL0 5 0 onwind,legacy,NL0 5,3,0.0,53935.51759343677,53935.5175934367
23,NL0 6 0 onwind,legacy,NL0 6,3,0.0,53935.51759343677,53935.5175934367
23,NL0 7 0 onwind,legacy,NL0 7,3,0.0,53935.51759343677,53935.5175934367
23,NL0 8 0 onwind,legacy,NL0 8,1,0.0,59329.06935279719,59329.069352797116
23,NL0 9 0 onwind,legacy,NL0 9,3,0.0,53935.51759343677,53935.5175934367
24,NL0 0 Invest,investable,NL0 0,1,0.0,59329.06935279719,59329.06935292875
24,NL0 1 Invest,investable,NL0 1,3,0.0,53935.51759343677,53935.51759357159
24,NL0 10 Invest,investable,NL0 10,1,0.0,59329.06935279719,59329.06935292875
24,NL0 11 Invest,investable,NL0 11,3,0.0,53935.51759343677,53935.51759357159
24,NL0 12 Invest,investable,NL0 12,2,987.3248031843468,48541.96583407945,48541.96583421443
24,NL0 13 Invest,investable,NL0 13,3,678.1047541590506,53935.51759343677,53935.51759357159
24,NL0 14 Invest,investable,NL0 14,2,0.0,48541.96583407945,48541.96583421443
24,NL0 15 Invest,investable,NL0 15,2,1000.0,48541.96583407945,48541.96583421443
24,NL0 16 Invest,investable,NL0 16,1,0.0,59329.06935279719,59329.06935292875
24,NL0 17 Invest,investable,NL0 17,1,0.0,59329.06935279719,59329.06935292875
24,NL0 18 Invest,investable,NL0 18,1,1000.0,59329.06935279719,59329.06935292875
24,NL0 19 Invest,investable,NL0 19,2,1000.0,48541.96583407945,48541.96583421443
24,NL0 2 Invest,investable,NL0 2,2,1000.0,48541.96583407945,48541.96583421443
24,NL0 20 Invest,investable,NL0 20,1,0.0,59329.06935279719,59329.06935292875
24,NL0 21 Invest,investable,NL0 21,1,1000.0,59329.06935279719,59329.06935292875
24,NL0 22 Invest,investable,NL0 22,3,1000.0,53935.51759343677,53935.51759357159
24,NL0 23 Invest,investable,NL0 23,1,35.5312178697568,59329.06935279719,59329.06935292875
24,NL0 24 Invest,investable,NL0 24,1,0.0,59329.06935279719,59329.06935292875
24,NL0 25 Invest,investable,NL0 25,2,1000.0,48541.96583407945,48541.96583421443
24,NL0 26 Invest,investable,NL0 26,2,0.0,48541.96583407945,48541.96583421443
24,NL0 27 Invest,investable,NL0 27,1,0.0,59329.06935279719,59329.06935292875
24,NL0 28 Invest,investable,NL0 28,2,0.0,48541.96583407945,48541.96583421443
24,NL0 3 Invest,investable,NL0 3,1,0.0,59329.06935279719,59329.06935292875
24,NL0 30 Invest,investable,NL0 30,1,1000.0,59329.06935279719,59329.06935292875
24,NL0 31 Invest,investable,NL0 31,2,1000.0,48541.96583407945,48541.96583421443
24,NL0 33 Invest,investable,NL0 33,1,0.0,59329.06935279719,59329.06935292875
24,NL0 4 Invest,investable,NL0 4,2,0.0,48541.96583407945,48541.96583421443
24,NL0 5 Invest,investable,NL0 5,3,1000.0,53935.51759343677,53935.51759357159
24,NL0 6 Invest,investable,NL0 6,3,1000.0,53935.51759343677,53935.51759357159
24,NL0 7 Invest,investable,NL0 7,3,1000.0,53935.51759343677,53935.51759357159
24,NL0 8 Invest,investable,NL0 8,1,0.0,59329.06935279719,59329.06935292875
24,NL0 9 Invest,investable,NL0 9,3,1000.0,53935.51759343677,53935.51759357159
24,NL0 1 biomass,legacy,NL0 1,3,71.0,53935.51759343677,53935.51759343677
24,NL0 1 waste,legacy,NL0 1,3,31.0,53935.51759343677,53935.51759343677
24,NL0 10 waste,legacy,NL0 10,1,150.0,59329.06935279719,59329.06935279719
24,NL0 11 biomass,legacy,NL0 11,3,20.0,53935.51759343677,53935.51759343677
24,NL0 11 waste,legacy,NL0 11,3,50.0,53935.51759343677,53935.51759343677
24,NL0 13 biomass,legacy,NL0 13,3,77.0,53935.51759343677,53935.51759343677
24,NL0 19 biomass,legacy,NL0 19,2,49.0,48541.96583407945,48541.96583407945
24,NL0 19 waste,legacy,NL0 19,2,36.0,48541.96583407945,48541.96583407945
24,NL0 22 biomass,legacy,NL0 22,3,500.0,53935.51759343677,53935.51759343677
24,NL0 25 waste,legacy,NL0 25,2,54.0,48541.96583407945,48541.96583407945
24,NL0 27 biomass,legacy,NL0 27,1,22.0,59329.06935279719,59329.06935279719
24,NL0 27 waste,legacy,NL0 27,1,71.2,59329.06935279719,59329.06935279719
24,NL0 3 biomass,legacy,NL0 3,1,22.0,59329.06935279719,59329.06935279719
24,NL0 3 waste,legacy,NL0 3,1,108.0,59329.06935279719,59329.06935279719
24,NL0 30 biomass,legacy,NL0 30,1,60.0,59329.06935279719,59329.06935279719
24,NL0 7 nuclear,legacy,NL0 7,3,515.0,53935.51759343677,53935.51759343677
24,NL0 7 waste,legacy,NL0 7,3,39.0,53935.51759343677,53935.51759343677
24,NL0 8 biomass,legacy,NL0 8,1,36.0,59329.06935279719,59329.06935279719
24,NL0 8 waste,legacy,NL0 8,1,157.0,59329.06935279719,59329.06935279719
24,NL0 9 biomass,legacy,NL0 9,3,20.0,53935.51759343677,53935.51759343677
24,NL0 0 0 solar,legacy,NL0 0,1,0.0,59329.06935279719,59329.069352797116
24,NL0 1 0 solar,legacy,NL0 1,3,0.0,53935.51759343677,53935.5175934367
24,NL0 10 0 solar,legacy,NL0 10,1,0.0,59329.06935279719,59329.069352797116
24,NL0 11 0 solar,legacy,NL0 11,3,0.0,53935.51759343677,53935.5175934367
24,NL0 12 0 solar,legacy,NL0 12,2,0.0,48541.96583407945,48541.96583407938
24,NL0 13 0 solar,legacy,NL0 13,3,0.0,53935.51759343677,53935.5175934367
24,NL0 14 0 solar,legacy,NL0 14,2,0.0,48541.96583407945,48541.96583407938
24,NL0 15 0 solar,legacy,NL0 15,2,0.0,48541.96583407945,48541.96583407938
24,NL0 16 0 solar,legacy,NL0 16,1,0.0,59329.06935279719,59329.069352797116
24,NL0 17 0 solar,legacy,NL0 17,1,0.0,59329.06935279719,59329.069352797116
24,NL0 18 0 solar,legacy,NL0 18,1,0.0,59329.06935279719,59329.069352797116
24,NL0 19 0 solar,legacy,NL0 19,2,0.0,48541.96583407945,48541.96583407938
24,NL0 2 0 solar,legacy,NL0 2,2,0.0,48541.96583407945,48541.96583407938
24,NL0 20 0 solar,legacy,NL0 20,1,0.0,59329.06935279719,59329.069352797116
24,NL0 21 0 solar,legacy,NL0 21,1,0.0,59329.06935279719,59329.069352797116
24,NL0 22 0 solar,legacy,NL0 22,3,0.0,53935.51759343677,53935.5175934367
24,NL0 23 0 solar,legacy,NL0 23,1,0.0,59329.06935279719,59329.069352797116
24,NL0 24 0 solar,legacy,NL0 24,1,0.0,59329.06935279719,59329.069352797116
24,NL0 25 0 solar,legacy,NL0 25,2,0.0,48541.96583407945,48541.96583407938
24,NL0 26 0 solar,legacy,NL0 26,2,0.0,48541.96583407945,48541.96583407938
24,NL0 27 0 solar,legacy,NL0 27,1,0.0,59329.06935279719,59329.069352797116
24,NL0 28 0 solar,legacy,NL0 28,2,0.0,48541.96583407945,48541.96583407938
24,NL0 3 0 solar,legacy,NL0 3,1,0.0,59329.06935279719,59329.069352797116
24,NL0 30 0 solar,legacy,NL0 30,1,0.0,59329.06935279719,59329.069352797116
24,NL0 31 0 solar,legacy,NL0 31,2,0.0,48541.96583407945,48541.96583407938
24,NL0 4 0 solar,legacy,NL0 4,2,0.0,48541.96583407945,48541.96583407938
24,NL0 5 0 solar,legacy,NL0 5,3,0.0,53935.51759343677,53935.5175934367
24,NL0 6 0 solar,legacy,NL0 6,3,0.0,53935.51759343677,53935.5175934367
24,NL0 7 0 solar,legacy,NL0 7,3,0.0,53935.51759343677,53935.5175934367
24,NL0 8 0 solar,legacy,NL0 8,1,0.0,59329.06935279719,59329.069352797116
24,NL0 9 0 solar,legacy,NL0 9,3,0.0,53935.51759343677,53935.5175934367
24,NL0 20 0 offwind-ac,legacy,NL0 20,1,0.0,59329.06935279719,59329.069352797116
24,NL0 27 0 offwind-ac,legacy,NL0 27,1,0.0,59329.06935279719,59329.069352797116
24,NL0 31 0 offwind-ac,legacy,NL0 31,2,0.0,48541.96583407945,48541.96583407938
24,NL0 32 0 offwind-ac,legacy,NL0 32,1,0.0,59329.06935279719,59329.069352797116
24,NL0 7 0 offwind-ac,legacy,NL0 7,3,0.0,53935.51759343677,53935.5175934367
24,NL0 0 0 onwind,legacy,NL0 0,1,0.0,59329.06935279719,59329.069352797116
24,NL0 1 0 onwind,legacy,NL0 1,3,0.0,53935.51759343677,53935.5175934367
24,NL0 10 0 onwind,legacy,NL0 10,1,0.0,59329.06935279719,59329.069352797116
24,NL0 11 0 onwind,legacy,NL0 11,3,0.0,53935.51759343677,53935.5175934367
24,NL0 12 0 onwind,legacy,NL0 12,2,0.0,48541.96583407945,48541.96583407938
24,NL0 13 0 onwind,legacy,NL0 13,3,0.0,53935.51759343677,53935.5175934367
24,NL0 14 0 onwind,legacy,NL0 14,2,0.0,48541.96583407945,48541.96583407938
24,NL0 15 0 onwind,legacy,NL0 15,2,0.0,48541.96583407945,48541.96583407938
24,NL0 17 0 onwind,legacy,NL0 17,1,0.0,59329.06935279719,59329.069352797116
24,NL0 19 0 onwind,legacy,NL0 19,2,0.0,48541.96583407945,48541.96583407938
24,NL0 2 0 onwind,legacy,NL0 2,2,0.0,48541.96583407945,48541.96583407938
24,NL0 20 0 onwind,legacy,NL0 20,1,0.0,59329.06935279719,59329.069352797116
24,NL0 21 0 onwind,legacy,NL0 21,1,0.0,59329.06935279719,59329.069352797116
24,NL0 22 0 onwind,legacy,NL0 22,3,0.0,53935.51759343677,53935.5175934367
24,NL0 23 0 onwind,legacy,NL0 23,1,0.0,59329.06935279719,59329.069352797116
24,NL0 24 0 onwind,legacy,NL0 24,1,0.0,59329.06935279719,59329.069352797116
24,NL0 27 0 onwind,legacy,NL0 27,1,0.0,59329.06935279719,59329.069352797116
24,NL0 3 0 onwind,legacy,NL0 3,1,0.0,59329.06935279719,59329.069352797116
24,NL0 30 0 onwind,legacy,NL0 30,1,0.0,59329.06935279719,59329.069352797116
24,NL0 31 0 onwind,legacy,NL0 31,2,0.0,48541.96583407945,48541.96583407938
24,NL0 4 0 onwind,legacy,NL0 4,2,0.0,48541.96583407945,48541.96583407938
24,NL0 5 0 onwind,legacy,NL0 5,3,0.0,53935.51759343677,53935.5175934367
24,NL0 6 0 onwind,legacy,NL0 6,3,0.0,53935.51759343677,53935.5175934367
24,NL0 7 0 onwind,legacy,NL0 7,3,0.0,53935.51759343677,53935.5175934367
24,NL0 8 0 onwind,legacy,NL0 8,1,0.0,59329.06935279719,59329.069352797116
24,NL0 9 0 onwind,legacy,NL0 9,3,0.0,53935.51759343677,53935.5175934367
25,NL0 0 Invest,investable,NL0 0,1,0.0,59329.06935279719,59329.06935292875
25,NL0 1 Invest,investable,NL0 1,3,1000.0,53935.51759343677,53935.51759357159
25,NL0 10 Invest,investable,NL0 10,1,0.0,59329.06935279719,59329.06935292875
25,NL0 11 Invest,investable,NL0 11,3,0.0,53935.51759343677,53935.51759357159
25,NL0 12 Invest,investable,NL0 12,2,1000.0,48541.96583407945,48541.96583421443
25,NL0 13 Invest,investable,NL0 13,3,1000.0,53935.51759343677,53935.51759357159
25,NL0 14 Invest,investable,NL0 14,2,1000.0,48541.96583407945,48541.96583421443
25,NL0 15 Invest,investable,NL0 15,2,0.0,48541.96583407945,48541.96583421443
25,NL0 16 Invest,investable,NL0 16,1,1000.0,59329.06935279719,59329.06935292875
25,NL0 17 Invest,investable,NL0 17,1,0.0,59329.06935279719,59329.06935292875
25,NL0 18 Invest,investable,NL0 18,1,0.0,59329.06935279719,59329.06935292875
25,NL0 19 Invest,investable,NL0 19,2,0.0,48541.96583407945,48541.96583421443
25,NL0 2 Invest,investable,NL0 2,2,0.0,48541.96583407945,48541.96583421443
25,NL0 20 Invest,investable,NL0 20,1,0.0,59329.06935279719,59329.06935292875
25,NL0 21 Invest,investable,NL0 21,1,0.0,59329.06935279719,59329.06935292875
25,NL0 22 Invest,investable,NL0 22,3,678.1047541590506,53935.51759343677,53935.51759357159
25,NL0 23 Invest,investable,NL0 23,1,0.0,59329.06935279719,59329.06935292875
25,NL0 24 Invest,investable,NL0 24,1,0.0,59329.06935279719,59329.06935292875
25,NL0 25 Invest,investable,NL0 25,2,0.0,48541.96583407945,48541.96583421443
25,NL0 26 Invest,investable,NL0 26,2,1000.0,48541.96583407945,48541.96583421443
25,NL0 27 Invest,investable,NL0 27,1,0.0,59329.06935279719,59329.06935292875
25,NL0 28 Invest,investable,NL0 28,2,1000.0,48541.96583407945,48541.96583421443
25,NL0 3 Invest,investable,NL0 3,1,1000.0,59329.06935279719,59329.06935292875
25,NL0 30 Invest,investable,NL0 30,1,0.0,59329.06935279719,59329.06935292875
25,NL0 31 Invest,investable,NL0 31,2,987.3248031843468,48541.96583407945,48541.96583421443
25,NL0 33 Invest,investable,NL0 33,1,35.5312178697568,59329.06935279719,59329.06935292875
25,NL0 4 Invest,investable,NL0 4,2,1000.0,48541.96583407945,48541.96583421443
25,NL0 5 Invest,investable,NL0 5,3,1000.0,53935.51759343677,53935.51759357159
25,NL0 6 Invest,investable,NL0 6,3,1000.0,53935.51759343677,53935.51759357159
25,NL0 7 Invest,investable,NL0 7,3,0.0,53935.51759343677,53935.51759357159
25,NL0 8 Invest,investable,NL0 8,1,1000.0,59329.06935279719,59329.06935292875
25,NL0 9 Invest,investable,NL0 9,3,1000.0,53935.51759343677,53935.51759357159
25,NL0 1 biomass,legacy,NL0 1,3,71.0,53935.51759343677,53935.51759343677
25,NL0 1 waste,legacy,NL0 1,3,31.0,53935.51759343677,53935.51759343677
25,NL0 10 waste,legacy,NL0 10,1,150.0,59329.06935279719,59329.06935279719
25,NL0 11 biomass,legacy,NL0 11,3,20.0,53935.51759343677,53935.51759343677
25,NL0 11 waste,legacy,NL0 11,3,50.0,53935.51759343677,53935.51759343677
25,NL0 13 biomass,legacy,NL0 13,3,77.0,53935.51759343677,53935.51759343677
25,NL0 19 biomass,legacy,NL0 19,2,49.0,48541.96583407945,48541.96583407945
25,NL0 19 waste,legacy,NL0 19,2,36.0,48541.96583407945,48541.96583407945
25,NL0 22 biomass,legacy,NL0 22,3,500.0,53935.51759343677,53935.51759343677
25,NL0 25 waste,legacy,NL0 25,2,54.0,48541.96583407945,48541.96583407945
25,NL0 27 biomass,legacy,NL0 27,1,22.0,59329.06935279719,59329.06935279719
25,NL0 27 waste,legacy,NL0 27,1,71.2,59329.06935279719,59329.06935279719
25,NL0 3 biomass,legacy,NL0 3,1,22.0,59329.06935279719,59329.06935279719
25,NL0 3 waste,legacy,NL0 3,1,108.0,59329.06935279719,59329.06935279719
25,NL0 30 biomass,legacy,NL0 30,1,60.0,59329.06935279719,59329.06935279719
25,NL0 7 nuclear,legacy,NL0 7,3,515.0,53935.51759343677,53935.51759343677
25,NL0 7 waste,legacy,NL0 7,3,39.0,53935.51759343677,53935.51759343677
25,NL0 8 biomass,legacy,NL0 8,1,36.0,59329.06935279719,59329.06935279719
25,NL0 8 waste,legacy,NL0 8,1,157.0,59329.06935279719,59329.06935279719
25,NL0 9 biomass,legacy,NL0 9,3,20.0,53935.51759343677,53935.51759343677
25,NL0 0 0 solar,legacy,NL0 0,1,0.0,59329.06935279719,59329.069352797116
25,NL0 1 0 solar,legacy,NL0 1,3,0.0,53935.51759343677,53935.5175934367
25,NL0 10 0 solar,legacy,NL0 10,1,0.0,59329.06935279719,59329.069352797116
25,NL0 11 0 solar,legacy,NL0 11,3,0.0,53935.51759343677,53935.5175934367
25,NL0 12 0 solar,legacy,NL0 12,2,0.0,48541.96583407945,48541.96583407938
25,NL0 13 0 solar,legacy,NL0 13,3,0.0,53935.51759343677,53935.5175934367
25,NL0 14 0 solar,legacy,NL0 14,2,0.0,48541.96583407945,48541.96583407938
25,NL0 15 0 solar,legacy,NL0 15,2,0.0,48541.96583407945,48541.96583407938
25,NL0 16 0 solar,legacy,NL0 16,1,0.0,59329.06935279719,59329.069352797116
25,NL0 17 0 solar,legacy,NL0 17,1,0.0,59329.06935279719,59329.069352797116
25,NL0 18 0 solar,legacy,NL0 18,1,0.0,59329.06935279719,59329.069352797116
25,NL0 19 0 solar,legacy,NL0 19,2,0.0,48541.96583407945,48541.96583407938
25,NL0 2 0 solar,legacy,NL0 2,2,0.0,48541.96583407945,48541.96583407938
25,NL0 20 0 solar,legacy,NL0 20,1,0.0,59329.06935279719,59329.069352797116
25,NL0 21 0 solar,legacy,NL0 21,1,0.0,59329.06935279719,59329.069352797116
25,NL0 22 0 solar,legacy,NL0 22,3,0.0,53935.51759343677,53935.5175934367
25,NL0 23 0 solar,legacy,NL0 23,1,0.0,59329.06935279719,59329.069352797116
25,NL0 24 0 solar,legacy,NL0 24,1,0.0,59329.06935279719,59329.069352797116
25,NL0 25 0 solar,legacy,NL0 25,2,0.0,48541.96583407945,48541.96583407938
25,NL0 26 0 solar,legacy,NL0 26,2,0.0,48541.96583407945,48541.96583407938
25,NL0 27 0 solar,legacy,NL0 27,1,0.0,59329.06935279719,59329.069352797116
25,NL0 28 0 solar,legacy,NL0 28,2,0.0,48541.96583407945,48541.96583407938
25,NL0 3 0 solar,legacy,NL0 3,1,0.0,59329.06935279719,59329.069352797116
25,NL0 30 0 solar,legacy,NL0 30,1,0.0,59329.06935279719,59329.069352797116
25,NL0 31 0 solar,legacy,NL0 31,2,0.0,48541.96583407945,48541.96583407938
25,NL0 4 0 solar,legacy,NL0 4,2,0.0,48541.96583407945,48541.96583407938
25,NL0 5 0 solar,legacy,NL0 5,3,0.0,53935.51759343677,53935.5175934367
25,NL0 6 0 solar,legacy,NL0 6,3,0.0,53935.51759343677,53935.5175934367
25,NL0 7 0 solar,legacy,NL0 7,3,0.0,53935.51759343677,53935.5175934367
25,NL0 8 0 solar,legacy,NL0 8,1,0.0,59329.06935279719,59329.069352797116
25,NL0 9 0 solar,legacy,NL0 9,3,0.0,53935.51759343677,53935.5175934367
25,NL0 20 0 offwind-ac,legacy,NL0 20,1,0.0,59329.06935279719,59329.069352797116
25,NL0 27 0 offwind-ac,legacy,NL0 27,1,0.0,59329.06935279719,59329.069352797116
25,NL0 31 0 offwind-ac,legacy,NL0 31,2,0.0,48541.96583407945,48541.96583407938
25,NL0 32 0 offwind-ac,legacy,NL0 32,1,0.0,59329.06935279719,59329.069352797116
25,NL0 7 0 offwind-ac,legacy,NL0 7,3,0.0,53935.51759343677,53935.5175934367
25,NL0 0 0 onwind,legacy,NL0 0,1,0.0,59329.06935279719,59329.069352797116
25,NL0 1 0 onwind,legacy,NL0 1,3,0.0,53935.51759343677,53935.5175934367
25,NL0 10 0 onwind,legacy,NL0 10,1,0.0,59329.06935279719,59329.069352797116
25,NL0 11 0 onwind,legacy,NL0 11,3,0.0,53935.51759343677,53935.5175934367
25,NL0 12 0 onwind,legacy,NL0 12,2,0.0,48541.96583407945,48541.96583407938
25,NL0 13 0 onwind,legacy,NL0 13,3,0.0,53935.51759343677,53935.5175934367
25,NL0 14 0 onwind,legacy,NL0 14,2,0.0,48541.96583407945,48541.96583407938
25,NL0 15 0 onwind,legacy,NL0 15,2,0.0,48541.96583407945,48541.96583407938
25,NL0 17 0 onwind,legacy,NL0 17,1,0.0,59329.06935279719,59329.069352797116
25,NL0 19 0 onwind,legacy,NL0 19,2,0.0,48541.96583407945,48541.96583407938
25,NL0 2 0 onwind,legacy,NL0 2,2,0.0,48541.96583407945,48541.96583407938
25,NL0 20 0 onwind,legacy,NL0 20,1,0.0,59329.06935279719,59329.069352797116
25,NL0 21 0 onwind,legacy,NL0 21,1,0.0,59329.06935279719,59329.069352797116
25,NL0 22 0 onwind,legacy,NL0 22,3,0.0,53935.51759343677,53935.5175934367
25,NL0 23 0 onwind,legacy,NL0 23,1,0.0,59329.06935279719,59329.069352797116
25,NL0 24 0 onwind,legacy,NL0 24,1,0.0,59329.06935279719,59329.069352797116
25,NL0 27 0 onwind,legacy,NL0 27,1,0.0,59329.06935279719,59329.069352797116
25,NL0 3 0 onwind,legacy,NL0 3,1,0.0,59329.06935279719,59329.069352797116
25,NL0 30 0 onwind,legacy,NL0 30,1,0.0,59329.06935279719,59329.069352797116
25,NL0 31 0 onwind,legacy,NL0 31,2,0.0,48541.96583407945,48541.96583407938
25,NL0 4 0 onwind,legacy,NL0 4,2,0.0,48541.96583407945,48541.96583407938
25,NL0 5 0 onwind,legacy,NL0 5,3,0.0,53935.51759343677,53935.5175934367
25,NL0 6 0 onwind,legacy,NL0 6,3,0.0,53935.51759343677,53935.5175934367
25,NL0 7 0 onwind,legacy,NL0 7,3,0.0,53935.51759343677,53935.5175934367
25,NL0 8 0 onwind,legacy,NL0 8,1,0.0,59329.06935279719,59329.069352797116
25,NL0 9 0 onwind,legacy,NL0 9,3,0.0,53935.51759343677,53935.5175934367
26,NL0 0 Invest,investable,NL0 0,1,0.0,59329.06935279719,59329.06935292875
26,NL0 1 Invest,investable,NL0 1,3,0.0,53935.51759343677,53935.51759357159
26,NL0 10 Invest,investable,NL0 10,1,1000.0,59329.06935279719,59329.06935292875
26,NL0 11 Invest,investable,NL0 11,3,1000.0,53935.51759343677,53935.51759357159
26,NL0 12 Invest,investable,NL0 12,2,987.3248031843468,48541.96583407945,48541.96583421443
26,NL0 13 Invest,investable,NL0 13,3,0.0,53935.51759343677,53935.51759357159
26,NL0 14 Invest,investable,NL0 14,2,0.0,48541.96583407945,48541.96583421443
26,NL0 15 Invest,investable,NL0 15,2,1000.0,48541.96583407945,48541.96583421443
26,NL0 16 Invest,investable,NL0 16,1,0.0,59329.06935279719,59329.06935292875
26,NL0 17 Invest,investable,NL0 17,1,0.0,59329.06935279719,59329.06935292875
26,NL0 18 Invest,investable,NL0 18,1,0.0,59329.06935279719,59329.06935292875
26,NL0 19 Invest,investable,NL0 19,2,1000.0,48541.96583407945,48541.96583421443
26,NL0 2 Invest,investable,NL0 2,2,1000.0,48541.96583407945,48541.96583421443
26,NL0 20 Invest,investable,NL0 20,1,1000.0,59329.06935279719,59329.06935292875
26,NL0 21 Invest,investable,NL0 21,1,0.0,59329.06935279719,59329.06935292875
26,NL0 22 Invest,investable,NL0 22,3,1000.0,53935.51759343677,53935.51759357159
26,NL0 23 Invest,investable,NL0 23,1,0.0,59329.06935279719,59329.06935292875
26,NL0 24 Invest,investable,NL0 24,1,1000.0,59329.06935279719,59329.06935292875
26,NL0 25 Invest,investable,NL0 25,2,1000.0,48541.96583407945,48541.96583421443
26,NL0 26 Invest,investable,NL0 26,2,0.0,48541.96583407945,48541.96583421443
26,NL0 27 Invest,investable,NL0 27,1,35.5312178697568,59329.06935279719,59329.06935292875
26,NL0 28 Invest,investable,NL0 28,2,0.0,48541.96583407945,48541.96583421443
26,NL0 3 Invest,investable,NL0 3,1,0.0,59329.06935279719,59329.06935292875
26,NL0 30 Invest,investable,NL0 30,1,0.0,59329.06935279719,59329.06935292875
26,NL0 31 Invest,investable,NL0 31,2,1000.0,48541.96583407945,48541.96583421443
26,NL0 33 Invest,investable,NL0 33,1,0.0,59329.06935279719,59329.06935292875
26,NL0 4 Invest,investable,NL0 4,2,0.0,48541.96583407945,48541.96583421443
26,NL0 5 Invest,investable,NL0 5,3,1000.0,53935.51759343677,53935.51759357159
26,NL0 6 Invest,investable,NL0 6,3,1000.0,53935.51759343677,53935.51759357159
26,NL0 7 Invest,investable,NL0 7,3,1000.0,53935.51759343677,53935.51759357159
26,NL0 8 Invest,investable,NL0 8,1,0.0,59329.06935279719,59329.06935292875
26,NL0 9 Invest,investable,NL0 9,3,678.1047541590506,53935.51759343677,53935.51759357159
26,NL0 1 biomass,legacy,NL0 1,3,71.0,53935.51759343677,53935.51759343677
26,NL0 1 waste,legacy,NL0 1,3,31.0,53935.51759343677,53935.51759343677
26,NL0 10 waste,legacy,NL0 10,1,150.0,59329.06935279719,59329.06935279719
26,NL0 11 biomass,legacy,NL0 11,3,20.0,53935.51759343677,53935.51759343677
26,NL0 11 waste,legacy,NL0 11,3,50.0,53935.51759343677,53935.51759343677
26,NL0 13 biomass,legacy,NL0 13,3,77.0,53935.51759343677,53935.51759343677
26,NL0 19 biomass,legacy,NL0 19,2,49.0,48541.96583407945,48541.96583407945
26,NL0 19 waste,legacy,NL0 19,2,36.0,48541.96583407945,48541.96583407945
26,NL0 22 biomass,legacy,NL0 22,3,500.0,53935.51759343677,53935.51759343677
26,NL0 25 waste,legacy,NL0 25,2,54.0,48541.96583407945,48541.96583407945
26,NL0 27 biomass,legacy,NL0 27,1,22.0,59329.06935279719,59329.06935279719
26,NL0 27 waste,legacy,NL0 27,1,71.2,59329.06935279719,59329.06935279719
26,NL0 3 biomass,legacy,NL0 3,1,22.0,59329.06935279719,59329.06935279719
26,NL0 3 waste,legacy,NL0 3,1,108.0,59329.06935279719,59329.06935279719
26,NL0 30 biomass,legacy,NL0 30,1,60.0,59329.06935279719,59329.06935279719
26,NL0 7 nuclear,legacy,NL0 7,3,515.0,53935.51759343677,53935.51759343677
26,NL0 7 waste,legacy,NL0 7,3,39.0,53935.51759343677,53935.51759343677
26,NL0 8 biomass,legacy,NL0 8,1,36.0,59329.06935279719,59329.06935279719
26,NL0 8 waste,legacy,NL0 8,1,157.0,59329.06935279719,59329.06935279719
26,NL0 9 biomass,legacy,NL0 9,3,20.0,53935.51759343677,53935.51759343677
26,NL0 0 0 solar,legacy,NL0 0,1,0.0,59329.06935279719,59329.069352797116
26,NL0 1 0 solar,legacy,NL0 1,3,0.0,53935.51759343677,53935.5175934367
26,NL0 10 0 solar,legacy,NL0 10,1,0.0,59329.06935279719,59329.069352797116
26,NL0 11 0 solar,legacy,NL0 11,3,0.0,53935.51759343677,53935.5175934367
26,NL0 12 0 solar,legacy,NL0 12,2,0.0,48541.96583407945,48541.96583407938
26,NL0 13 0 solar,legacy,NL0 13,3,0.0,53935.51759343677,53935.5175934367
26,NL0 14 0 solar,legacy,NL0 14,2,0.0,48541.96583407945,48541.96583407938
26,NL0 15 0 solar,legacy,NL0 15,2,0.0,48541.96583407945,48541.96583407938
26,NL0 16 0 solar,legacy,NL0 16,1,0.0,59329.06935279719,59329.069352797116
26,NL0 17 0 solar,legacy,NL0 17,1,0.0,59329.06935279719,59329.069352797116
26,NL0 18 0 solar,legacy,NL0 18,1,0.0,59329.06935279719,59329.069352797116
26,NL0 19 0 solar,legacy,NL0 19,2,0.0,48541.96583407945,48541.96583407938
26,NL0 2 0 solar,legacy,NL0 2,2,0.0,48541.96583407945,48541.96583407938
26,NL0 20 0 solar,legacy,NL0 20,1,0.0,59329.06935279719,59329.069352797116
26,NL0 21 0 solar,legacy,NL0 21,1,0.0,59329.06935279719,59329.069352797116
26,NL0 22 0 solar,legacy,NL0 22,3,0.0,53935.51759343677,53935.5175934367
26,NL0 23 0 solar,legacy,NL0 23,1,0.0,59329.06935279719,59329.069352797116
26,NL0 24 0 solar,legacy,NL0 24,1,0.0,59329.06935279719,59329.069352797116
26,NL0 25 0 solar,legacy,NL0 25,2,0.0,48541.96583407945,48541.96583407938
26,NL0 26 0 solar,legacy,NL0 26,2,0.0,48541.96583407945,48541.96583407938
26,NL0 27 0 solar,legacy,NL0 27,1,0.0,59329.06935279719,59329.069352797116
26,NL0 28 0 solar,legacy,NL0 28,2,0.0,48541.96583407945,48541.96583407938
26,NL0 3 0 solar,legacy,NL0 3,1,0.0,59329.06935279719,59329.069352797116
26,NL0 30 0 solar,legacy,NL0 30,1,0.0,59329.06935279719,59329.069352797116
26,NL0 31 0 solar,legacy,NL0 31,2,0.0,48541.96583407945,48541.96583407938
26,NL0 4 0 solar,legacy,NL0 4,2,0.0,48541.96583407945,48541.96583407938
26,NL0 5 0 solar,legacy,NL0 5,3,0.0,53935.51759343677,53935.5175934367
26,NL0 6 0 solar,legacy,NL0 6,3,0.0,53935.51759343677,53935.5175934367
26,NL0 7 0 solar,legacy,NL0 7,3,0.0,53935.51759343677,53935.5175934367
26,NL0 8 0 solar,legacy,NL0 8,1,0.0,59329.06935279719,59329.069352797116
26,NL0 9 0 solar,legacy,NL0 9,3,0.0,53935.51759343677,53935.5175934367
26,NL0 20 0 offwind-ac,legacy,NL0 20,1,0.0,59329.06935279719,59329.069352797116
26,NL0 27 0 offwind-ac,legacy,NL0 27,1,0.0,59329.06935279719,59329.069352797116
26,NL0 31 0 offwind-ac,legacy,NL0 31,2,0.0,48541.96583407945,48541.96583407938
26,NL0 32 0 offwind-ac,legacy,NL0 32,1,0.0,59329.06935279719,59329.069352797116
26,NL0 7 0 offwind-ac,legacy,NL0 7,3,0.0,53935.51759343677,53935.5175934367
26,NL0 0 0 onwind,legacy,NL0 0,1,0.0,59329.06935279719,59329.069352797116
26,NL0 1 0 onwind,legacy,NL0 1,3,0.0,53935.51759343677,53935.5175934367
26,NL0 10 0 onwind,legacy,NL0 10,1,0.0,59329.06935279719,59329.069352797116
26,NL0 11 0 onwind,legacy,NL0 11,3,0.0,53935.51759343677,53935.5175934367
26,NL0 12 0 onwind,legacy,NL0 12,2,0.0,48541.96583407945,48541.96583407938
26,NL0 13 0 onwind,legacy,NL0 13,3,0.0,53935.51759343677,53935.5175934367
26,NL0 14 0 onwind,legacy,NL0 14,2,0.0,48541.96583407945,48541.96583407938
26,NL0 15 0 onwind,legacy,NL0 15,2,0.0,48541.96583407945,48541.96583407938
26,NL0 17 0 onwind,legacy,NL0 17,1,0.0,59329.06935279719,59329.069352797116
26,NL0 19 0 onwind,legacy,NL0 19,2,0.0,48541.96583407945,48541.96583407938
26,NL0 2 0 onwind,legacy,NL0 2,2,0.0,48541.96583407945,48541.96583407938
26,NL0 20 0 onwind,legacy,NL0 20,1,0.0,59329.06935279719,59329.069352797116
26,NL0 21 0 onwind,legacy,NL0 21,1,0.0,59329.06935279719,59329.069352797116
26,NL0 22 0 onwind,legacy,NL0 22,3,0.0,53935.51759343677,53935.5175934367
26,NL0 23 0 onwind,legacy,NL0 23,1,0.0,59329.06935279719,59329.069352797116
26,NL0 24 0 onwind,legacy,NL0 24,1,0.0,59329.06935279719,59329.069352797116
26,NL0 27 0 onwind,legacy,NL0 27,1,0.0,59329.06935279719,59329.069352797116
26,NL0 3 0 onwind,legacy,NL0 3,1,0.0,59329.06935279719,59329.069352797116
26,NL0 30 0 onwind,legacy,NL0 30,1,0.0,59329.06935279719,59329.069352797116
26,NL0 31 0 onwind,legacy,NL0 31,2,0.0,48541.96583407945,48541.96583407938
26,NL0 4 0 onwind,legacy,NL0 4,2,0.0,48541.96583407945,48541.96583407938
26,NL0 5 0 onwind,legacy,NL0 5,3,0.0,53935.51759343677,53935.5175934367
26,NL0 6 0 onwind,legacy,NL0 6,3,0.0,53935.51759343677,53935.5175934367
26,NL0 7 0 onwind,legacy,NL0 7,3,0.0,53935.51759343677,53935.5175934367
26,NL0 8 0 onwind,legacy,NL0 8,1,0.0,59329.06935279719,59329.069352797116
26,NL0 9 0 onwind,legacy,NL0 9,3,0.0,53935.51759343677,53935.5175934367
27,NL0 0 Invest,investable,NL0 0,1,0.0,59329.06935279719,59329.06935292875
27,NL0 1 Invest,investable,NL0 1,3,0.0,53935.51759343677,53935.51759357159
27,NL0 10 Invest,investable,NL0 10,1,0.0,59329.06935279719,59329.06935292875
27,NL0 11 Invest,investable,NL0 11,3,0.0,53935.51759343677,53935.51759357159
27,NL0 12 Invest,investable,NL0 12,2,987.3248031843468,48541.96583407945,48541.96583421443
27,NL0 13 Invest,investable,NL0 13,3,678.1047541590506,53935.51759343677,53935.51759357159
27,NL0 14 Invest,investable,NL0 14,2,0.0,48541.96583407945,48541.96583421443
27,NL0 15 Invest,investable,NL0 15,2,1000.0,48541.96583407945,48541.96583421443
27,NL0 16 Invest,investable,NL0 16,1,0.0,59329.06935279719,59329.06935292875
27,NL0 17 Invest,investable,NL0 17,1,1000.0,59329.06935279719,59329.06935292875
27,NL0 18 Invest,investable,NL0 18,1,1000.0,59329.06935279719,59329.06935292875
27,NL0 19 Invest,investable,NL0 19,2,1000.0,48541.96583407945,48541.96583421443
27,NL0 2 Invest,investable,NL0 2,2,1000.0,48541.96583407945,48541.96583421443
27,NL0 20 Invest,investable,NL0 20,1,0.0,59329.06935279719,59329.06935292875
27,NL0 21 Invest,investable,NL0 21,1,1000.0,59329.06935279719,59329.06935292875
27,NL0 22 Invest,investable,NL0 22,3,1000.0,53935.51759343677,53935.51759357159
27,NL0 23 Invest,investable,NL0 23,1,0.0,59329.06935279719,59329.06935292875
27,NL0 24 Invest,investable,NL0 24,1,0.0,59329.06935279719,59329.06935292875
27,NL0 25 Invest,investable,NL0 25,2,1000.0,48541.96583407945,48541.96583421443
27,NL0 26 Invest,investable,NL0 26,2,0.0,48541.96583407945,48541.96583421443
27,NL0 27 Invest,investable,NL0 27,1,0.0,59329.06935279719,59329.06935292875
27,NL0 28 Invest,investable,NL0 28,2,0.0,48541.96583407945,48541.96583421443
27,NL0 3 Invest,investable,NL0 3,1,0.0,59329.06935279719,59329.06935292875
27,NL0 30 Invest,investable,NL0 30,1,35.5312178697568,59329.06935279719,59329.06935292875
27,NL0 31 Invest,investable,NL0 31,2,1000.0,48541.96583407945,48541.96583421443
27,NL0 33 Invest,investable,NL0 33,1,0.0,59329.06935279719,59329.06935292875
27,NL0 4 Invest,investable,NL0 4,2,0.0,48541.96583407945,48541.96583421443
27,NL0 5 Invest,investable,NL0 5,3,1000.0,53935.51759343677,53935.51759357159
27,NL0 6 Invest,investable,NL0 6,3,1000.0,53935.51759343677,53935.51759357159
27,NL0 7 Invest,investable,NL0 7,3,1000.0,53935.51759343677,53935.51759357159
27,NL0 8 Invest,investable,NL0 8,1,0.0,59329.06935279719,59329.06935292875
27,NL0 9 Invest,investable,NL0 9,3,1000.0,53935.51759343677,53935.51759357159
27,NL0 1 biomass,legacy,NL0 1,3,71.0,53935.51759343677,53935.51759343677
27,NL0 1 waste,legacy,NL0 1,3,31.0,53935.51759343677,53935.51759343677
27,NL0 10 waste,legacy,NL0 10,1,150.0,59329.06935279719,59329.06935279719
27,NL0 11 biomass,legacy,NL0 11,3,20.0,53935.51759343677,53935.51759343677
27,NL0 11 waste,legacy,NL0 11,3,50.0,53935.51759343677,53935.51759343677
27,NL0 13 biomass,legacy,NL0 13,3,77.0,53935.51759343677,53935.51759343677
27,NL0 19 biomass,legacy,NL0 19,2,49.0,48541.96583407945,48541.96583407945
27,NL0 19 waste,legacy,NL0 19,2,36.0,48541.96583407945,48541.96583407945
27,NL0 22 biomass,legacy,NL0 22,3,500.0,53935.51759343677,53935.51759343677
27,NL0 25 waste,legacy,NL0 25,2,54.0,48541.96583407945,48541.96583407945
27,NL0 27 biomass,legacy,NL0 27,1,22.0,59329.06935279719,59329.06935279719
27,NL0 27 waste,legacy,NL0 27,1,71.2,59329.06935279719,59329.06935279719
27,NL0 3 biomass,legacy,NL0 3,1,22.0,59329.06935279719,59329.06935279719
27,NL0 3 waste,legacy,NL0 3,1,108.0,59329.06935279719,59329.06935279719
27,NL0 30 biomass,legacy,NL0 30,1,60.0,59329.06935279719,59329.06935279719
27,NL0 7 nuclear,legacy,NL0 7,3,515.0,53935.51759343677,53935.51759343677
27,NL0 7 waste,legacy,NL0 7,3,39.0,53935.51759343677,53935.51759343677
27,NL0 8 biomass,legacy,NL0 8,1,36.0,59329.06935279719,59329.06935279719
27,NL0 8 waste,legacy,NL0 8,1,157.0,59329.06935279719,59329.06935279719
27,NL0 9 biomass,legacy,NL0 9,3,20.0,53935.51759343677,53935.51759343677
27,NL0 0 0 solar,legacy,NL0 0,1,0.0,59329.06935279719,59329.069352797116
27,NL0 1 0 solar,legacy,NL0 1,3,0.0,53935.51759343677,53935.5175934367
27,NL0 10 0 solar,legacy,NL0 10,1,0.0,59329.06935279719,59329.069352797116
27,NL0 11 0 solar,legacy,NL0 11,3,0.0,53935.51759343677,53935.5175934367
27,NL0 12 0 solar,legacy,NL0 12,2,0.0,48541.96583407945,48541.96583407938
27,NL0 13 0 solar,legacy,NL0 13,3,0.0,53935.51759343677,53935.5175934367
27,NL0 14 0 solar,legacy,NL0 14,2,0.0,48541.96583407945,48541.96583407938
27,NL0 15 0 solar,legacy,NL0 15,2,0.0,48541.96583407945,48541.96583407938
27,NL0 16 0 solar,legacy,NL0 16,1,0.0,59329.06935279719,59329.069352797116
27,NL0 17 0 solar,legacy,NL0 17,1,0.0,59329.06935279719,59329.069352797116
27,NL0 18 0 solar,legacy,NL0 18,1,0.0,59329.06935279719,59329.069352797116
27,NL0 19 0 solar,legacy,NL0 19,2,0.0,48541.96583407945,48541.96583407938
27,NL0 2 0 solar,legacy,NL0 2,2,0.0,48541.96583407945,48541.96583407938
27,NL0 20 0 solar,legacy,NL0 20,1,0.0,59329.06935279719,59329.069352797116
27,NL0 21 0 solar,legacy,NL0 21,1,0.0,59329.06935279719,59329.069352797116
27,NL0 22 0 solar,legacy,NL0 22,3,0.0,53935.51759343677,53935.5175934367
27,NL0 23 0 solar,legacy,NL0 23,1,0.0,59329.06935279719,59329.069352797116
27,NL0 24 0 solar,legacy,NL0 24,1,0.0,59329.06935279719,59329.069352797116
27,NL0 25 0 solar,legacy,NL0 25,2,0.0,48541.96583407945,48541.96583407938
27,NL0 26 0 solar,legacy,NL0 26,2,0.0,48541.96583407945,48541.96583407938
27,NL0 27 0 solar,legacy,NL0 27,1,0.0,59329.06935279719,59329.069352797116
27,NL0 28 0 solar,legacy,NL0 28,2,0.0,48541.96583407945,48541.96583407938
27,NL0 3 0 solar,legacy,NL0 3,1,0.0,59329.06935279719,59329.069352797116
27,NL0 30 0 solar,legacy,NL0 30,1,0.0,59329.06935279719,59329.069352797116
27,NL0 31 0 solar,legacy,NL0 31,2,0.0,48541.96583407945,48541.96583407938
27,NL0 4 0 solar,legacy,NL0 4,2,0.0,48541.96583407945,48541.96583407938
27,NL0 5 0 solar,legacy,NL0 5,3,0.0,53935.51759343677,53935.5175934367
27,NL0 6 0 solar,legacy,NL0 6,3,0.0,53935.51759343677,53935.5175934367
27,NL0 7 0 solar,legacy,NL0 7,3,0.0,53935.51759343677,53935.5175934367
27,NL0 8 0 solar,legacy,NL0 8,1,0.0,59329.06935279719,59329.069352797116
27,NL0 9 0 solar,legacy,NL0 9,3,0.0,53935.51759343677,53935.5175934367
27,NL0 20 0 offwind-ac,legacy,NL0 20,1,0.0,59329.06935279719,59329.069352797116
27,NL0 27 0 offwind-ac,legacy,NL0 27,1,0.0,59329.06935279719,59329.069352797116
27,NL0 31 0 offwind-ac,legacy,NL0 31,2,0.0,48541.96583407945,48541.96583407938
27,NL0 32 0 offwind-ac,legacy,NL0 32,1,0.0,59329.06935279719,59329.069352797116
27,NL0 7 0 offwind-ac,legacy,NL0 7,3,0.0,53935.51759343677,53935.5175934367
27,NL0 0 0 onwind,legacy,NL0 0,1,0.0,59329.06935279719,59329.069352797116
27,NL0 1 0 onwind,legacy,NL0 1,3,0.0,53935.51759343677,53935.5175934367
27,NL0 10 0 onwind,legacy,NL0 10,1,0.0,59329.06935279719,59329.069352797116
27,NL0 11 0 onwind,legacy,NL0 11,3,0.0,53935.51759343677,53935.5175934367
27,NL0 12 0 onwind,legacy,NL0 12,2,0.0,48541.96583407945,48541.96583407938
27,NL0 13 0 onwind,legacy,NL0 13,3,0.0,53935.51759343677,53935.5175934367
27,NL0 14 0 onwind,legacy,NL0 14,2,0.0,48541.96583407945,48541.96583407938
27,NL0 15 0 onwind,legacy,NL0 15,2,0.0,48541.96583407945,48541.96583407938
27,NL0 17 0 onwind,legacy,NL0 17,1,0.0,59329.06935279719,59329.069352797116
27,NL0 19 0 onwind,legacy,NL0 19,2,0.0,48541.96583407945,48541.96583407938
27,NL0 2 0 onwind,legacy,NL0 2,2,0.0,48541.96583407945,48541.96583407938
27,NL0 20 0 onwind,legacy,NL0 20,1,0.0,59329.06935279719,59329.069352797116
27,NL0 21 0 onwind,legacy,NL0 21,1,0.0,59329.06935279719,59329.069352797116
27,NL0 22 0 onwind,legacy,NL0 22,3,0.0,53935.51759343677,53935.5175934367
27,NL0 23 0 onwind,legacy,NL0 23,1,0.0,59329.06935279719,59329.069352797116
27,NL0 24 0 onwind,legacy,NL0 24,1,0.0,59329.06935279719,59329.069352797116
27,NL0 27 0 onwind,legacy,NL0 27,1,0.0,59329.06935279719,59329.069352797116
27,NL0 3 0 onwind,legacy,NL0 3,1,0.0,59329.06935279719,59329.069352797116
27,NL0 30 0 onwind,legacy,NL0 30,1,0.0,59329.06935279719,59329.069352797116
27,NL0 31 0 onwind,legacy,NL0 31,2,0.0,48541.96583407945,48541.96583407938
27,NL0 4 0 onwind,legacy,NL0 4,2,0.0,48541.96583407945,48541.96583407938
27,NL0 5 0 onwind,legacy,NL0 5,3,0.0,53935.51759343677,53935.5175934367
27,NL0 6 0 onwind,legacy,NL0 6,3,0.0,53935.51759343677,53935.5175934367
27,NL0 7 0 onwind,legacy,NL0 7,3,0.0,53935.51759343677,53935.5175934367
27,NL0 8 0 onwind,legacy,NL0 8,1,0.0,59329.06935279719,59329.069352797116
27,NL0 9 0 onwind,legacy,NL0 9,3,0.0,53935.51759343677,53935.5175934367
28,NL0 0 Invest,investable,NL0 0,1,0.0,59329.06935279719,59329.06935292875
28,NL0 1 Invest,investable,NL0 1,3,1000.0,53935.51759343677,53935.51759357159
28,NL0 10 Invest,investable,NL0 10,1,1000.0,59329.06935279719,59329.06935292875
28,NL0 11 Invest,investable,NL0 11,3,1000.0,53935.51759343677,53935.51759357159
28,NL0 12 Invest,investable,NL0 12,2,1000.0,48541.96583407945,48541.96583421443
28,NL0 13 Invest,investable,NL0 13,3,1000.0,53935.51759343677,53935.51759357159
28,NL0 14 Invest,investable,NL0 14,2,1000.0,48541.96583407945,48541.96583421443
28,NL0 15 Invest,investable,NL0 15,2,0.0,48541.96583407945,48541.96583421443
28,NL0 16 Invest,investable,NL0 16,1,0.0,59329.06935279719,59329.06935292875
28,NL0 17 Invest,investable,NL0 17,1,0.0,59329.06935279719,59329.06935292875
28,NL0 18 Invest,investable,NL0 18,1,0.0,59329.06935279719,59329.06935292875
28,NL0 19 Invest,investable,NL0 19,2,0.0,48541.96583407945,48541.96583421443
28,NL0 2 Invest,investable,NL0 2,2,0.0,48541.96583407945,48541.96583421443
28,NL0 20 Invest,investable,NL0 20,1,35.5312178697568,59329.06935279719,59329.06935292875
28,NL0 21 Invest,investable,NL0 21,1,0.0,59329.06935279719,59329.06935292875
28,NL0 22 Invest,investable,NL0 22,3,0.0,53935.51759343677,53935.51759357159
28,NL0 23 Invest,investable,NL0 23,1,0.0,59329.06935279719,59329.06935292875
28,NL0 24 Invest,investable,NL0 24,1,1000.0,59329.06935279719,59329.06935292875
28,NL0 25 Invest,investable,NL0 25,2,0.0,48541.96583407945,48541.96583421443
28,NL0 26 Invest,investable,NL0 26,2,1000.0,48541.96583407945,48541.96583421443
28,NL0 27 Invest,investable,NL0 27,1,1000.0,59329.06935279719,59329.06935292875
28,NL0 28 Invest,investable,NL0 28,2,1000.0,48541.96583407945,48541.96583421443
28,NL0 3 Invest,investable,NL0 3,1,0.0,59329.06935279719,59329.06935292875
28,NL0 30 Invest,investable,NL0 30,1,0.0,59329.06935279719,59329.06935292875
28,NL0 31 Invest,investable,NL0 31,2,987.3248031843468,48541.96583407945,48541.96583421443
28,NL0 33 Invest,investable,NL0 33,1,0.0,59329.06935279719,59329.06935292875
28,NL0 4 Invest,investable,NL0 4,2,1000.0,48541.96583407945,48541.96583421443
28,NL0 5 Invest,investable,NL0 5,3,678.1047541590506,53935.51759343677,53935.51759357159
28,NL0 6 Invest,investable,NL0 6,3,1000.0,53935.51759343677,53935.51759357159
28,NL0 7 Invest,investable,NL0 7,3,0.0,53935.51759343677,53935.51759357159
28,NL0 8 Invest,investable,NL0 8,1,0.0,59329.06935279719,59329.06935292875
28,NL0 9 Invest,investable,NL0 9,3,1000.0,53935.51759343677,53935.51759357159
28,NL0 1 biomass,legacy,NL0 1,3,71.0,53935.51759343677,53935.51759343677
28,NL0 1 waste,legacy,NL0 1,3,31.0,53935.51759343677,53935.51759343677
28,NL0 10 waste,legacy,NL0 10,1,150.0,59329.06935279719,59329.06935279719
28,NL0 11 biomass,legacy,NL0 11,3,20.0,53935.51759343677,53935.51759343677
28,NL0 11 waste,legacy,NL0 11,3,50.0,53935.51759343677,53935.51759343677
28,NL0 13 biomass,legacy,NL0 13,3,77.0,53935.51759343677,53935.51759343677
28,NL0 19 biomass,legacy,NL0 19,2,49.0,48541.96583407945,48541.96583407945
28,NL0 19 waste,legacy,NL0 19,2,36.0,48541.96583407945,48541.96583407945
28,NL0 22 biomass,legacy,NL0 22,3,500.0,53935.51759343677,53935.51759343677
28,NL0 25 waste,legacy,NL0 25,2,54.0,48541.96583407945,48541.96583407945
28,NL0 27 biomass,legacy,NL0 27,1,22.0,59329.06935279719,59329.06935279719
28,NL0 27 waste,legacy,NL0 27,1,71.2,59329.06935279719,59329.06935279719
28,NL0 3 biomass,legacy,NL0 3,1,22.0,59329.06935279719,59329.06935279719
28,NL0 3 waste,legacy,NL0 3,1,108.0,59329.06935279719,59329.06935279719
28,NL0 30 biomass,legacy,NL0 30,1,60.0,59329.06935279719,59329.06935279719
28,NL0 7 nuclear,legacy,NL0 7,3,515.0,53935.51759343677,53935.51759343677
28,NL0 7 waste,legacy,NL0 7,3,39.0,53935.51759343677,53935.51759343677
28,NL0 8 biomass,legacy,NL0 8,1,36.0,59329.06935279719,59329.06935279719
28,NL0 8 waste,legacy,NL0 8,1,157.0,59329.06935279719,59329.06935279719
28,NL0 9 biomass,legacy,NL0 9,3,20.0,53935.51759343677,53935.51759343677
28,NL0 0 0 solar,legacy,NL0 0,1,0.0,59329.06935279719,59329.069352797116
28,NL0 1 0 solar,legacy,NL0 1,3,0.0,53935.51759343677,53935.5175934367
28,NL0 10 0 solar,legacy,NL0 10,1,0.0,59329.06935279719,59329.069352797116
28,NL0 11 0 solar,legacy,NL0 11,3,0.0,53935.51759343677,53935.5175934367
28,NL0 12 0 solar,legacy,NL0 12,2,0.0,48541.96583407945,48541.96583407938
28,NL0 13 0 solar,legacy,NL0 13,3,0.0,53935.51759343677,53935.5175934367
28,NL0 14 0 solar,legacy,NL0 14,2,0.0,48541.96583407945,48541.96583407938
28,NL0 15 0 solar,legacy,NL0 15,2,0.0,48541.96583407945,48541.96583407938
28,NL0 16 0 solar,legacy,NL0 16,1,0.0,59329.06935279719,59329.069352797116
28,NL0 17 0 solar,legacy,NL0 17,1,0.0,59329.06935279719,59329.069352797116
28,NL0 18 0 solar,legacy,NL0 18,1,0.0,59329.06935279719,59329.069352797116
28,NL0 19 0 solar,legacy,NL0 19,2,0.0,48541.96583407945,48541.96583407938
28,NL0 2 0 solar,legacy,NL0 2,2,0.0,48541.96583407945,48541.96583407938
28,NL0 20 0 solar,legacy,NL0 20,1,0.0,59329.06935279719,59329.069352797116
28,NL0 21 0 solar,legacy,NL0 21,1,0.0,59329.06935279719,59329.069352797116
28,NL0 22 0 solar,legacy,NL0 22,3,0.0,53935.51759343677,53935.5175934367
28,NL0 23 0 solar,legacy,NL0 23,1,0.0,59329.06935279719,59329.069352797116
28,NL0 24 0 solar,legacy,NL0 24,1,0.0,59329.06935279719,59329.069352797116
28,NL0 25 0 solar,legacy,NL0 25,2,0.0,48541.96583407945,48541.96583407938
28,NL0 26 0 solar,legacy,NL0 26,2,0.0,48541.96583407945,48541.96583407938
28,NL0 27 0 solar,legacy,NL0 27,1,0.0,59329.06935279719,59329.069352797116
28,NL0 28 0 solar,legacy,NL0 28,2,0.0,48541.96583407945,48541.96583407938
28,NL0 3 0 solar,legacy,NL0 3,1,0.0,59329.06935279719,59329.069352797116
28,NL0 30 0 solar,legacy,NL0 30,1,0.0,59329.06935279719,59329.069352797116
28,NL0 31 0 solar,legacy,NL0 31,2,0.0,48541.96583407945,48541.96583407938
28,NL0 4 0 solar,legacy,NL0 4,2,0.0,48541.96583407945,48541.96583407938
28,NL0 5 0 solar,legacy,NL0 5,3,0.0,53935.51759343677,53935.5175934367
28,NL0 6 0 solar,legacy,NL0 6,3,0.0,53935.51759343677,53935.5175934367
28,NL0 7 0 solar,legacy,NL0 7,3,0.0,53935.51759343677,53935.5175934367
28,NL0 8 0 solar,legacy,NL0 8,1,0.0,59329.06935279719,59329.069352797116
28,NL0 9 0 solar,legacy,NL0 9,3,0.0,53935.51759343677,53935.5175934367
28,NL0 20 0 offwind-ac,legacy,NL0 20,1,0.0,59329.06935279719,59329.069352797116
28,NL0 27 0 offwind-ac,legacy,NL0 27,1,0.0,59329.06935279719,59329.069352797116
28,NL0 31 0 offwind-ac,legacy,NL0 31,2,0.0,48541.96583407945,48541.96583407938
28,NL0 32 0 offwind-ac,legacy,NL0 32,1,0.0,59329.06935279719,59329.069352797116
28,NL0 7 0 offwind-ac,legacy,NL0 7,3,0.0,53935.51759343677,53935.5175934367
28,NL0 0 0 onwind,legacy,NL0 0,1,0.0,59329.06935279719,59329.069352797116
28,NL0 1 0 onwind,legacy,NL0 1,3,0.0,53935.51759343677,53935.5175934367
28,NL0 10 0 onwind,legacy,NL0 10,1,0.0,59329.06935279719,59329.069352797116
28,NL0 11 0 onwind,legacy,NL0 11,3,0.0,53935.51759343677,53935.5175934367
28,NL0 12 0 onwind,legacy,NL0 12,2,0.0,48541.96583407945,48541.96583407938
28,NL0 13 0 onwind,legacy,NL0 13,3,0.0,53935.51759343677,53935.5175934367
28,NL0 14 0 onwind,legacy,NL0 14,2,0.0,48541.96583407945,48541.96583407938
28,NL0 15 0 onwind,legacy,NL0 15,2,0.0,48541.96583407945,48541.96583407938
28,NL0 17 0 onwind,legacy,NL0 17,1,0.0,59329.06935279719,59329.069352797116
28,NL0 19 0 onwind,legacy,NL0 19,2,0.0,48541.96583407945,48541.96583407938
28,NL0 2 0 onwind,legacy,NL0 2,2,0.0,48541.96583407945,48541.96583407938
28,NL0 20 0 onwind,legacy,NL0 20,1,0.0,59329.06935279719,59329.069352797116
28,NL0 21 0 onwind,legacy,NL0 21,1,0.0,59329.06935279719,59329.069352797116
28,NL0 22 0 onwind,legacy,NL0 22,3,0.0,53935.51759343677,53935.5175934367
28,NL0 23 0 onwind,legacy,NL0 23,1,0.0,59329.06935279719,59329.069352797116
28,NL0 24 0 onwind,legacy,NL0 24,1,0.0,59329.06935279719,59329.069352797116
28,NL0 27 0 onwind,legacy,NL0 27,1,0.0,59329.06935279719,59329.069352797116
28,NL0 3 0 onwind,legacy,NL0 3,1,0.0,59329.06935279719,59329.069352797116
28,NL0 30 0 onwind,legacy,NL0 30,1,0.0,59329.06935279719,59329.069352797116
28,NL0 31 0 onwind,legacy,NL0 31,2,0.0,48541.96583407945,48541.96583407938
28,NL0 4 0 onwind,legacy,NL0 4,2,0.0,48541.96583407945,48541.96583407938
28,NL0 5 0 onwind,legacy,NL0 5,3,0.0,53935.51759343677,53935.5175934367
28,NL0 6 0 onwind,legacy,NL0 6,3,0.0,53935.51759343677,53935.5175934367
28,NL0 7 0 onwind,legacy,NL0 7,3,0.0,53935.51759343677,53935.5175934367
28,NL0 8 0 onwind,legacy,NL0 8,1,0.0,59329.06935279719,59329.069352797116
28,NL0 9 0 onwind,legacy,NL0 9,3,0.0,53935.51759343677,53935.5175934367
29,NL0 0 Invest,investable,NL0 0,1,0.0,59329.06935279719,59329.06935292875
29,NL0 1 Invest,investable,NL0 1,3,0.0,53935.51759343677,53935.51759357159
29,NL0 10 Invest,investable,NL0 10,1,0.0,59329.06935279719,59329.06935292875
29,NL0 11 Invest,investable,NL0 11,3,0.0,53935.51759343677,53935.51759357159
29,NL0 12 Invest,investable,NL0 12,2,987.3248031843468,48541.96583407945,48541.96583421443
29,NL0 13 Invest,investable,NL0 13,3,678.1047541590506,53935.51759343677,53935.51759357159
29,NL0 14 Invest,investable,NL0 14,2,0.0,48541.96583407945,48541.96583421443
29,NL0 15 Invest,investable,NL0 15,2,1000.0,48541.96583407945,48541.96583421443
29,NL0 16 Invest,investable,NL0 16,1,0.0,59329.06935279719,59329.06935292875
29,NL0 17 Invest,investable,NL0 17,1,0.0,59329.06935279719,59329.06935292875
29,NL0 18 Invest,investable,NL0 18,1,1000.0,59329.06935279719,59329.06935292875
29,NL0 19 Invest,investable,NL0 19,2,1000.0,48541.96583407945,48541.96583421443
29,NL0 2 Invest,investable,NL0 2,2,1000.0,48541.96583407945,48541.96583421443
29,NL0 20 Invest,investable,NL0 20,1,0.0,59329.06935279719,59329.06935292875
29,NL0 21 Invest,investable,NL0 21,1,0.0,59329.06935279719,59329.06935292875
29,NL0 22 Invest,investable,NL0 22,3,1000.0,53935.51759343677,53935.51759357159
29,NL0 23 Invest,investable,NL0 23,1,35.5312178697568,59329.06935279719,59329.06935292875
29,NL0 24 Invest,investable,NL0 24,1,0.0,59329.06935279719,59329.06935292875
29,NL0 25 Invest,investable,NL0 25,2,1000.0,48541.96583407945,48541.96583421443
29,NL0 26 Invest,investable,NL0 26,2,0.0,48541.96583407945,48541.96583421443
29,NL0 27 Invest,investable,NL0 27,1,0.0,59329.06935279719,59329.06935292875
29,NL0 28 Invest,investable,NL0 28,2,0.0,48541.96583407945,48541.96583421443
29,NL0 3 Invest,investable,NL0 3,1,0.0,59329.06935279719,59329.06935292875
29,NL0 30 Invest,investable,NL0 30,1,1000.0,59329.06935279719,59329.06935292875
29,NL0 31 Invest,investable,NL0 31,2,1000.0,48541.96583407945,48541.96583421443
29,NL0 33 Invest,investable,NL0 33,1,1000.0,59329.06935279719,59329.06935292875
29,NL0 4 Invest,investable,NL0 4,2,0.0,48541.96583407945,48541.96583421443
29,NL0 5 Invest,investable,NL0 5,3,1000.0,53935.51759343677,53935.51759357159
29,NL0 6 Invest,investable,NL0 6,3,1000.0,53935.51759343677,53935.51759357159
29,NL0 7 Invest,investable,NL0 7,3,1000.0,53935.51759343677,53935.51759357159
29,NL0 8 Invest,investable,NL0 8,1,0.0,59329.06935279719,59329.06935292875
29,NL0 9 Invest,investable,NL0 9,3,1000.0,53935.51759343677,53935.51759357159
29,NL0 1 biomass,legacy,NL0 1,3,71.0,53935.51759343677,53935.51759343677
29,NL0 1 waste,legacy,NL0 1,3,31.0,53935.51759343677,53935.51759343677
29,NL0 10 waste,legacy,NL0 10,1,150.0,59329.06935279719,59329.06935279719
29,NL0 11 biomass,legacy,NL0 11,3,20.0,53935.51759343677,53935.51759343677
29,NL0 11 waste,legacy,NL0 11,3,50.0,53935.51759343677,53935.51759343677
29,NL0 13 biomass,legacy,NL0 13,3,77.0,53935.51759343677,53935.51759343677
29,NL0 19 biomass,legacy,NL0 19,2,49.0,48541.96583407945,48541.96583407945
29,NL0 19 waste,legacy,NL0 19,2,36.0,48541.96583407945,48541.96583407945
29,NL0 22 biomass,legacy,NL0 22,3,500.0,53935.51759343677,53935.51759343677
29,NL0 25 waste,legacy,NL0 25,2,54.0,48541.96583407945,48541.96583407945
29,NL0 27 biomass,legacy,NL0 27,1,22.0,59329.06935279719,59329.06935279719
29,NL0 27 waste,legacy,NL0 27,1,71.2,59329.06935279719,59329.06935279719
29,NL0 3 biomass,legacy,NL0 3,1,22.0,59329.06935279719,59329.06935279719
29,NL0 3 waste,legacy,NL0 3,1,108.0,59329.06935279719,59329.06935279719
29,NL0 30 biomass,legacy,NL0 30,1,60.0,59329.06935279719,59329.06935279719
29,NL0 7 nuclear,legacy,NL0 7,3,515.0,53935.51759343677,53935.51759343677
29,NL0 7 waste,legacy,NL0 7,3,39.0,53935.51759343677,53935.51759343677
29,NL0 8 biomass,legacy,NL0 8,1,36.0,59329.06935279719,59329.06935279719
29,NL0 8 waste,legacy,NL0 8,1,157.0,59329.06935279719,59329.06935279719
29,NL0 9 biomass,legacy,NL0 9,3,20.0,53935.51759343677,53935.51759343677
29,NL0 0 0 solar,legacy,NL0 0,1,0.0,59329.06935279719,59329.069352797116
29,NL0 1 0 solar,legacy,NL0 1,3,0.0,53935.51759343677,53935.5175934367
29,NL0 10 0 solar,legacy,NL0 10,1,0.0,59329.06935279719,59329.069352797116
29,NL0 11 0 solar,legacy,NL0 11,3,0.0,53935.51759343677,53935.5175934367
29,NL0 12 0 solar,legacy,NL0 12,2,0.0,48541.96583407945,48541.96583407938
29,NL0 13 0 solar,legacy,NL0 13,3,0.0,53935.51759343677,53935.5175934367
29,NL0 14 0 solar,legacy,NL0 14,2,0.0,48541.96583407945,48541.96583407938
29,NL0 15 0 solar,legacy,NL0 15,2,0.0,48541.96583407945,48541.96583407938
29,NL0 16 0 solar,legacy,NL0 16,1,0.0,59329.06935279719,59329.069352797116
29,NL0 17 0 solar,legacy,NL0 17,1,0.0,59329.06935279719,59329.069352797116
29,NL0 18 0 solar,legacy,NL0 18,1,0.0,59329.06935279719,59329.069352797116
29,NL0 19 0 solar,legacy,NL0 19,2,0.0,48541.96583407945,48541.96583407938
29,NL0 2 0 solar,legacy,NL0 2,2,0.0,48541.96583407945,48541.96583407938
29,NL0 20 0 solar,legacy,NL0 20,1,0.0,59329.06935279719,59329.069352797116
29,NL0 21 0 solar,legacy,NL0 21,1,0.0,59329.06935279719,59329.069352797116
29,NL0 22 0 solar,legacy,NL0 22,3,0.0,53935.51759343677,53935.5175934367
29,NL0 23 0 solar,legacy,NL0 23,1,0.0,59329.06935279719,59329.069352797116
29,NL0 24 0 solar,legacy,NL0 24,1,0.0,59329.06935279719,59329.069352797116
29,NL0 25 0 solar,legacy,NL0 25,2,0.0,48541.96583407945,48541.96583407938
29,NL0 26 0 solar,legacy,NL0 26,2,0.0,48541.96583407945,48541.96583407938
29,NL0 27 0 solar,legacy,NL0 27,1,0.0,59329.06935279719,59329.069352797116
29,NL0 28 0 solar,legacy,NL0 28,2,0.0,48541.96583407945,48541.96583407938
29,NL0 3 0 solar,legacy,NL0 3,1,0.0,59329.06935279719,59329.069352797116
29,NL0 30 0 solar,legacy,NL0 30,1,0.0,59329.06935279719,59329.069352797116
29,NL0 31 0 solar,legacy,NL0 31,2,0.0,48541.96583407945,48541.96583407938
29,NL0 4 0 solar,legacy,NL0 4,2,0.0,48541.96583407945,48541.96583407938
29,NL0 5 0 solar,legacy,NL0 5,3,0.0,53935.51759343677,53935.5175934367
29,NL0 6 0 solar,legacy,NL0 6,3,0.0,53935.51759343677,53935.5175934367
29,NL0 7 0 solar,legacy,NL0 7,3,0.0,53935.51759343677,53935.5175934367
29,NL0 8 0 solar,legacy,NL0 8,1,0.0,59329.06935279719,59329.069352797116
29,NL0 9 0 solar,legacy,NL0 9,3,0.0,53935.51759343677,53935.5175934367
29,NL0 20 0 offwind-ac,legacy,NL0 20,1,0.0,59329.06935279719,59329.069352797116
29,NL0 27 0 offwind-ac,legacy,NL0 27,1,0.0,59329.06935279719,59329.069352797116
29,NL0 31 0 offwind-ac,legacy,NL0 31,2,0.0,48541.96583407945,48541.96583407938
29,NL0 32 0 offwind-ac,legacy,NL0 32,1,0.0,59329.06935279719,59329.069352797116
29,NL0 7 0 offwind-ac,legacy,NL0 7,3,0.0,53935.51759343677,53935.5175934367
29,NL0 0 0 onwind,legacy,NL0 0,1,0.0,59329.06935279719,59329.069352797116
29,NL0 1 0 onwind,legacy,NL0 1,3,0.0,53935.51759343677,53935.5175934367
29,NL0 10 0 onwind,legacy,NL0 10,1,0.0,59329.06935279719,59329.069352797116
29,NL0 11 0 onwind,legacy,NL0 11,3,0.0,53935.51759343677,53935.5175934367
29,NL0 12 0 onwind,legacy,NL0 12,2,0.0,48541.96583407945,48541.96583407938
29,NL0 13 0 onwind,legacy,NL0 13,3,0.0,53935.51759343677,53935.5175934367
29,NL0 14 0 onwind,legacy,NL0 14,2,0.0,48541.96583407945,48541.96583407938
29,NL0 15 0 onwind,legacy,NL0 15,2,0.0,48541.96583407945,48541.96583407938
29,NL0 17 0 onwind,legacy,NL0 17,1,0.0,59329.06935279719,59329.069352797116
29,NL0 19 0 onwind,legacy,NL0 19,2,0.0,48541.96583407945,48541.96583407938
29,NL0 2 0 onwind,legacy,NL0 2,2,0.0,48541.96583407945,48541.96583407938
29,NL0 20 0 onwind,legacy,NL0 20,1,0.0,59329.06935279719,59329.069352797116
29,NL0 21 0 onwind,legacy,NL0 21,1,0.0,59329.06935279719,59329.069352797116
29,NL0 22 0 onwind,legacy,NL0 22,3,0.0,53935.51759343677,53935.5175934367
29,NL0 23 0 onwind,legacy,NL0 23,1,0.0,59329.06935279719,59329.069352797116
29,NL0 24 0 onwind,legacy,NL0 24,1,0.0,59329.06935279719,59329.069352797116
29,NL0 27 0 onwind,legacy,NL0 27,1,0.0,59329.06935279719,59329.069352797116
29,NL0 3 0 onwind,legacy,NL0 3,1,0.0,59329.06935279719,59329.069352797116
29,NL0 30 0 onwind,legacy,NL0 30,1,0.0,59329.06935279719,59329.069352797116
29,NL0 31 0 onwind,legacy,NL0 31,2,0.0,48541.96583407945,48541.96583407938
29,NL0 4 0 onwind,legacy,NL0 4,2,0.0,48541.96583407945,48541.96583407938
29,NL0 5 0 onwind,legacy,NL0 5,3,0.0,53935.51759343677,53935.5175934367
29,NL0 6 0 onwind,legacy,NL0 6,3,0.0,53935.51759343677,53935.5175934367
29,NL0 7 0 onwind,legacy,NL0 7,3,0.0,53935.51759343677,53935.5175934367
29,NL0 8 0 onwind,legacy,NL0 8,1,0.0,59329.06935279719,59329.069352797116
29,NL0 9 0 onwind,legacy,NL0 9,3,0.0,53935.51759343677,53935.5175934367
30,NL0 0 Invest,investable,NL0 0,1,0.0,59329.06935279719,59329.06935292875
30,NL0 1 Invest,investable,NL0 1,3,1000.0,53935.51759343677,53935.51759357159
30,NL0 10 Invest,investable,NL0 10,1,35.5312178697568,59329.06935279719,59329.06935292875
30,NL0 11 Invest,investable,NL0 11,3,1000.0,53935.51759343677,53935.51759357159
30,NL0 12 Invest,investable,NL0 12,2,1000.0,48541.96583407945,48541.96583421443
30,NL0 13 Invest,investable,NL0 13,3,1000.0,53935.51759343677,53935.51759357159
30,NL0 14 Invest,investable,NL0 14,2,1000.0,48541.96583407945,48541.96583421443
30,NL0 15 Invest,investable,NL0 15,2,0.0,48541.96583407945,48541.96583421443
30,NL0 16 Invest,investable,NL0 16,1,0.0,59329.06935279719,59329.06935292875
30,NL0 17 Invest,investable,NL0 17,1,1000.0,59329.06935279719,59329.06935292875
30,NL0 18 Invest,investable,NL0 18,1,0.0,59329.06935279719,59329.06935292875
30,NL0 19 Invest,investable,NL0 19,2,0.0,48541.96583407945,48541.96583421443
30,NL0 2 Invest,investable,NL0 2,2,0.0,48541.96583407945,48541.96583421443
30,NL0 20 Invest,investable,NL0 20,1,0.0,59329.06935279719,59329.06935292875
30,NL0 21 Invest,investable,NL0 21,1,1000.0,59329.06935279719,59329.06935292875
30,NL0 22 Invest,investable,NL0 22,3,0.0,53935.51759343677,53935.51759357159
30,NL0 23 Invest,investable,NL0 23,1,0.0,59329.06935279719,59329.06935292875
30,NL0 24 Invest,investable,NL0 24,1,0.0,59329.06935279719,59329.06935292875
30,NL0 25 Invest,investable,NL0 25,2,0.0,48541.96583407945,48541.96583421443
30,NL0 26 Invest,investable,NL0 26,2,1000.0,48541.96583407945,48541.96583421443
30,NL0 27 Invest,investable,NL0 27,1,1000.0,59329.06935279719,59329.06935292875
30,NL0 28 Invest,investable,NL0 28,2,1000.0,48541.96583407945,48541.96583421443
30,NL0 3 Invest,investable,NL0 3,1,0.0,59329.06935279719,59329.06935292875
30,NL0 30 Invest,investable,NL0 30,1,0.0,59329.06935279719,59329.06935292875
30,NL0 31 Invest,investable,NL0 31,2,987.3248031843468,48541.96583407945,48541.96583421443
30,NL0 33 Invest,investable,NL0 33,1,0.0,59329.06935279719,59329.06935292875
30,NL0 4 Invest,investable,NL0 4,2,1000.0,48541.96583407945,48541.96583421443
30,NL0 5 Invest,investable,NL0 5,3,678.1047541590506,53935.51759343677,53935.51759357159
30,NL0 6 Invest,investable,NL0 6,3,1000.0,53935.51759343677,53935.51759357159
30,NL0 7 Invest,investable,NL0 7,3,0.0,53935.51759343677,53935.51759357159
30,NL0 8 Invest,investable,NL0 8,1,0.0,59329.06935279719,59329.06935292875
30,NL0 9 Invest,investable,NL0 9,3,1000.0,53935.51759343677,53935.51759357159
30,NL0 1 biomass,legacy,NL0 1,3,71.0,53935.51759343677,53935.51759343677
30,NL0 1 waste,legacy,NL0 1,3,31.0,53935.51759343677,53935.51759343677
30,NL0 10 waste,legacy,NL0 10,1,150.0,59329.06935279719,59329.06935279719
30,NL0 11 biomass,legacy,NL0 11,3,20.0,53935.51759343677,53935.51759343677
30,NL0 11 waste,legacy,NL0 11,3,50.0,53935.51759343677,53935.51759343677
30,NL0 13 biomass,legacy,NL0 13,3,77.0,53935.51759343677,53935.51759343677
30,NL0 19 biomass,legacy,NL0 19,2,49.0,48541.96583407945,48541.96583407945
30,NL0 19 waste,legacy,NL0 19,2,36.0,48541.96583407945,48541.96583407945
30,NL0 22 biomass,legacy,NL0 22,3,500.0,53935.51759343677,53935.51759343677
30,NL0 25 waste,legacy,NL0 25,2,54.0,48541.96583407945,48541.96583407945
30,NL0 27 biomass,legacy,NL0 27,1,22.0,59329.06935279719,59329.06935279719
30,NL0 27 waste,legacy,NL0 27,1,71.2,59329.06935279719,59329.06935279719
30,NL0 3 biomass,legacy,NL0 3,1,22.0,59329.06935279719,59329.06935279719
30,NL0 3 waste,legacy,NL0 3,1,108.0,59329.06935279719,59329.06935279719
30,NL0 30 biomass,legacy,NL0 30,1,60.0,59329.06935279719,59329.06935279719
30,NL0 7 nuclear,legacy,NL0 7,3,515.0,53935.51759343677,53935.51759343677
30,NL0 7 waste,legacy,NL0 7,3,39.0,53935.51759343677,53935.51759343677
30,NL0 8 biomass,legacy,NL0 8,1,36.0,59329.06935279719,59329.06935279719
30,NL0 8 waste,legacy,NL0 8,1,157.0,59329.06935279719,59329.06935279719
30,NL0 9 biomass,legacy,NL0 9,3,20.0,53935.51759343677,53935.51759343677
30,NL0 0 0 solar,legacy,NL0 0,1,0.0,59329.06935279719,59329.069352797116
30,NL0 1 0 solar,legacy,NL0 1,3,0.0,53935.51759343677,53935.5175934367
30,NL0 10 0 solar,legacy,NL0 10,1,0.0,59329.06935279719,59329.069352797116
30,NL0 11 0 solar,legacy,NL0 11,3,0.0,53935.51759343677,53935.5175934367
30,NL0 12 0 solar,legacy,NL0 12,2,0.0,48541.96583407945,48541.96583407938
30,NL0 13 0 solar,legacy,NL0 13,3,0.0,53935.51759343677,53935.5175934367
30,NL0 14 0 solar,legacy,NL0 14,2,0.0,48541.96583407945,48541.96583407938
30,NL0 15 0 solar,legacy,NL0 15,2,0.0,48541.96583407945,48541.96583407938
30,NL0 16 0 solar,legacy,NL0 16,1,0.0,59329.06935279719,59329.069352797116
30,NL0 17 0 solar,legacy,NL0 17,1,0.0,59329.06935279719,59329.069352797116
30,NL0 18 0 solar,legacy,NL0 18,1,0.0,59329.06935279719,59329.069352797116
30,NL0 19 0 solar,legacy,NL0 19,2,0.0,48541.96583407945,48541.96583407938
30,NL0 2 0 solar,legacy,NL0 2,2,0.0,48541.96583407945,48541.96583407938
30,NL0 20 0 solar,legacy,NL0 20,1,0.0,59329.06935279719,59329.069352797116
30,NL0 21 0 solar,legacy,NL0 21,1,0.0,59329.06935279719,59329.069352797116
30,NL0 22 0 solar,legacy,NL0 22,3,0.0,53935.51759343677,53935.5175934367
30,NL0 23 0 solar,legacy,NL0 23,1,0.0,59329.06935279719,59329.069352797116
30,NL0 24 0 solar,legacy,NL0 24,1,0.0,59329.06935279719,59329.069352797116
30,NL0 25 0 solar,legacy,NL0 25,2,0.0,48541.96583407945,48541.96583407938
30,NL0 26 0 solar,legacy,NL0 26,2,0.0,48541.96583407945,48541.96583407938
30,NL0 27 0 solar,legacy,NL0 27,1,0.0,59329.06935279719,59329.069352797116
30,NL0 28 0 solar,legacy,NL0 28,2,0.0,48541.96583407945,48541.96583407938
30,NL0 3 0 solar,legacy,NL0 3,1,0.0,59329.06935279719,59329.069352797116
30,NL0 30 0 solar,legacy,NL0 30,1,0.0,59329.06935279719,59329.069352797116
30,NL0 31 0 solar,legacy,NL0 31,2,0.0,48541.96583407945,48541.96583407938
30,NL0 4 0 solar,legacy,NL0 4,2,0.0,48541.96583407945,48541.96583407938
30,NL0 5 0 solar,legacy,NL0 5,3,0.0,53935.51759343677,53935.5175934367
30,NL0 6 0 solar,legacy,NL0 6,3,0.0,53935.51759343677,53935.5175934367
30,NL0 7 0 solar,legacy,NL0 7,3,0.0,53935.51759343677,53935.5175934367
30,NL0 8 0 solar,legacy,NL0 8,1,0.0,59329.06935279719,59329.069352797116
30,NL0 9 0 solar,legacy,NL0 9,3,0.0,53935.51759343677,53935.5175934367
30,NL0 20 0 offwind-ac,legacy,NL0 20,1,0.0,59329.06935279719,59329.069352797116
30,NL0 27 0 offwind-ac,legacy,NL0 27,1,0.0,59329.06935279719,59329.069352797116
30,NL0 31 0 offwind-ac,legacy,NL0 31,2,0.0,48541.96583407945,48541.96583407938
30,NL0 32 0 offwind-ac,legacy,NL0 32,1,0.0,59329.06935279719,59329.069352797116
30,NL0 7 0 offwind-ac,legacy,NL0 7,3,0.0,53935.51759343677,53935.5175934367
30,NL0 0 0 onwind,legacy,NL0 0,1,0.0,59329.06935279719,59329.069352797116
30,NL0 1 0 onwind,legacy,NL0 1,3,0.0,53935.51759343677,53935.5175934367
30,NL0 10 0 onwind,legacy,NL0 10,1,0.0,59329.06935279719,59329.069352797116
30,NL0 11 0 onwind,legacy,NL0 11,3,0.0,53935.51759343677,53935.5175934367
30,NL0 12 0 onwind,legacy,NL0 12,2,0.0,48541.96583407945,48541.96583407938
30,NL0 13 0 onwind,legacy,NL0 13,3,0.0,53935.51759343677,53935.5175934367
30,NL0 14 0 onwind,legacy,NL0 14,2,0.0,48541.96583407945,48541.96583407938
30,NL0 15 0 onwind,legacy,NL0 15,2,0.0,48541.96583407945,48541.96583407938
30,NL0 17 0 onwind,legacy,NL0 17,1,0.0,59329.06935279719,59329.069352797116
30,NL0 19 0 onwind,legacy,NL0 19,2,0.0,48541.96583407945,48541.96583407938
30,NL0 2 0 onwind,legacy,NL0 2,2,0.0,48541.96583407945,48541.96583407938
30,NL0 20 0 onwind,legacy,NL0 20,1,0.0,59329.06935279719,59329.069352797116
30,NL0 21 0 onwind,legacy,NL0 21,1,0.0,59329.06935279719,59329.069352797116
30,NL0 22 0 onwind,legacy,NL0 22,3,0.0,53935.51759343677,53935.5175934367
30,NL0 23 0 onwind,legacy,NL0 23,1,0.0,59329.06935279719,59329.069352797116
30,NL0 24 0 onwind,legacy,NL0 24,1,0.0,59329.06935279719,59329.069352797116
30,NL0 27 0 onwind,legacy,NL0 27,1,0.0,59329.06935279719,59329.069352797116
30,NL0 3 0 onwind,legacy,NL0 3,1,0.0,59329.06935279719,59329.069352797116
30,NL0 30 0 onwind,legacy,NL0 30,1,0.0,59329.06935279719,59329.069352797116
30,NL0 31 0 onwind,legacy,NL0 31,2,0.0,48541.96583407945,48541.96583407938
30,NL0 4 0 onwind,legacy,NL0 4,2,0.0,48541.96583407945,48541.96583407938
30,NL0 5 0 onwind,legacy,NL0 5,3,0.0,53935.51759343677,53935.5175934367
30,NL0 6 0 onwind,legacy,NL0 6,3,0.0,53935.51759343677,53935.5175934367
30,NL0 7 0 onwind,legacy,NL0 7,3,0.0,53935.51759343677,53935.5175934367
30,NL0 8 0 onwind,legacy,NL0 8,1,0.0,59329.06935279719,59329.069352797116
30,NL0 9 0 onwind,legacy,NL0 9,3,0.0,53935.51759343677,53935.5175934367
31,NL0 0 Invest,investable,NL0 0,1,0.0,59329.06935279719,59329.06935292875
31,NL0 1 Invest,investable,NL0 1,3,1000.0,53935.51759343677,53935.51759357159
31,NL0 10 Invest,investable,NL0 10,1,0.0,59329.06935279719,59329.06935292875
31,NL0 11 Invest,investable,NL0 11,3,1000.0,53935.51759343677,53935.51759357159
31,NL0 12 Invest,investable,NL0 12,2,1000.0,48541.96583407945,48541.96583421443
31,NL0 13 Invest,investable,NL0 13,3,1000.0,53935.51759343677,53935.51759357159
31,NL0 14 Invest,investable,NL0 14,2,1000.0,48541.96583407945,48541.96583421443
31,NL0 15 Invest,investable,NL0 15,2,0.0,48541.96583407945,48541.96583421443
31,NL0 16 Invest,investable,NL0 16,1,0.0,59329.06935279719,59329.06935292875
31,NL0 17 Invest,investable,NL0 17,1,1000.0,59329.06935279719,59329.06935292875
31,NL0 18 Invest,investable,NL0 18,1,1000.0,59329.06935279719,59329.06935292875
31,NL0 19 Invest,investable,NL0 19,2,0.0,48541.96583407945,48541.96583421443
31,NL0 2 Invest,investable,NL0 2,2,0.0,48541.96583407945,48541.96583421443
31,NL0 20 Invest,investable,NL0 20,1,0.0,59329.06935279719,59329.06935292875
31,NL0 21 Invest,investable,NL0 21,1,1000.0,59329.06935279719,59329.06935292875
31,NL0 22 Invest,investable,NL0 22,3,0.0,53935.51759343677,53935.51759357159
31,NL0 23 Invest,investable,NL0 23,1,0.0,59329.06935279719,59329.06935292875
31,NL0 24 Invest,investable,NL0 24,1,0.0,59329.06935279719,59329.06935292875
31,NL0 25 Invest,investable,NL0 25,2,0.0,48541.96583407945,48541.96583421443
31,NL0 26 Invest,investable,NL0 26,2,1000.0,48541.96583407945,48541.96583421443
31,NL0 27 Invest,investable,NL0 27,1,35.5312178697568,59329.06935279719,59329.06935292875
31,NL0 28 Invest,investable,NL0 28,2,1000.0,48541.96583407945,48541.96583421443
31,NL0 3 Invest,investable,NL0 3,1,0.0,59329.06935279719,59329.06935292875
31,NL0 30 Invest,investable,NL0 30,1,0.0,59329.06935279719,59329.06935292875
31,NL0 31 Invest,investable,NL0 31,2,987.3248031843468,48541.96583407945,48541.96583421443
31,NL0 33 Invest,investable,NL0 33,1,0.0,59329.06935279719,59329.06935292875
31,NL0 4 Invest,investable,NL0 4,2,1000.0,48541.96583407945,48541.96583421443
31,NL0 5 Invest,investable,NL0 5,3,678.1047541590506,53935.51759343677,53935.51759357159
31,NL0 6 Invest,investable,NL0 6,3,1000.0,53935.51759343677,53935.51759357159
31,NL0 7 Invest,investable,NL0 7,3,0.0,53935.51759343677,53935.51759357159
31,NL0 8 Invest,investable,NL0 8,1,0.0,59329.06935279719,59329.06935292875
31,NL0 9 Invest,investable,NL0 9,3,1000.0,53935.51759343677,53935.51759357159
31,NL0 1 biomass,legacy,NL0 1,3,71.0,53935.51759343677,53935.51759343677
31,NL0 1 waste,legacy,NL0 1,3,31.0,53935.51759343677,53935.51759343677
31,NL0 10 waste,legacy,NL0 10,1,150.0,59329.06935279719,59329.06935279719
31,NL0 11 biomass,legacy,NL0 11,3,20.0,53935.51759343677,53935.51759343677
31,NL0 11 waste,legacy,NL0 11,3,50.0,53935.51759343677,53935.51759343677
31,NL0 13 biomass,legacy,NL0 13,3,77.0,53935.51759343677,53935.51759343677
31,NL0 19 biomass,legacy,NL0 19,2,49.0,48541.96583407945,48541.96583407945
31,NL0 19 waste,legacy,NL0 19,2,36.0,48541.96583407945,48541.96583407945
31,NL0 22 biomass,legacy,NL0 22,3,500.0,53935.51759343677,53935.51759343677
31,NL0 25 waste,legacy,NL0 25,2,54.0,48541.96583407945,48541.96583407945
31,NL0 27 biomass,legacy,NL0 27,1,22.0,59329.06935279719,59329.06935279719
31,NL0 27 waste,legacy,NL0 27,1,71.2,59329.06935279719,59329.06935279719
31,NL0 3 biomass,legacy,NL0 3,1,22.0,59329.06935279719,59329.06935279719
31,NL0 3 waste,legacy,NL0 3,1,108.0,59329.06935279719,59329.06935279719
31,NL0 30 biomass,legacy,NL0 30,1,60.0,59329.06935279719,59329.06935279719
31,NL0 7 nuclear,legacy,NL0 7,3,515.0,53935.51759343677,53935.51759343677
31,NL0 7 waste,legacy,NL0 7,3,39.0,53935.51759343677,53935.51759343677
31,NL0 8 biomass,legacy,NL0 8,1,36.0,59329.06935279719,59329.06935279719
31,NL0 8 waste,legacy,NL0 8,1,157.0,59329.06935279719,59329.06935279719
31,NL0 9 biomass,legacy,NL0 9,3,20.0,53935.51759343677,53935.51759343677
31,NL0 0 0 solar,legacy,NL0 0,1,0.0,59329.06935279719,59329.069352797116
31,NL0 1 0 solar,legacy,NL0 1,3,0.0,53935.51759343677,53935.5175934367
31,NL0 10 0 solar,legacy,NL0 10,1,0.0,59329.06935279719,59329.069352797116
31,NL0 11 0 solar,legacy,NL0 11,3,0.0,53935.51759343677,53935.5175934367
31,NL0 12 0 solar,legacy,NL0 12,2,0.0,48541.96583407945,48541.96583407938
31,NL0 13 0 solar,legacy,NL0 13,3,0.0,53935.51759343677,53935.5175934367
31,NL0 14 0 solar,legacy,NL0 14,2,0.0,48541.96583407945,48541.96583407938
31,NL0 15 0 solar,legacy,NL0 15,2,0.0,48541.96583407945,48541.96583407938
31,NL0 16 0 solar,legacy,NL0 16,1,0.0,59329.06935279719,59329.069352797116
31,NL0 17 0 solar,legacy,NL0 17,1,0.0,59329.06935279719,59329.069352797116
31,NL0 18 0 solar,legacy,NL0 18,1,0.0,59329.06935279719,59329.069352797116
31,NL0 19 0 solar,legacy,NL0 19,2,0.0,48541.96583407945,48541.96583407938
31,NL0 2 0 solar,legacy,NL0 2,2,0.0,48541.96583407945,48541.96583407938
31,NL0 20 0 solar,legacy,NL0 20,1,0.0,59329.06935279719,59329.069352797116
31,NL0 21 0 solar,legacy,NL0 21,1,0.0,59329.06935279719,59329.069352797116
31,NL0 22 0 solar,legacy,NL0 22,3,0.0,53935.51759343677,53935.5175934367
31,NL0 23 0 solar,legacy,NL0 23,1,0.0,59329.06935279719,59329.069352797116
31,NL0 24 0 solar,legacy,NL0 24,1,0.0,59329.06935279719,59329.069352797116
31,NL0 25 0 solar,legacy,NL0 25,2,0.0,48541.96583407945,48541.96583407938
31,NL0 26 0 solar,legacy,NL0 26,2,0.0,48541.96583407945,48541.96583407938
31,NL0 27 0 solar,legacy,NL0 27,1,0.0,59329.06935279719,59329.069352797116
31,NL0 28 0 solar,legacy,NL0 28,2,0.0,48541.96583407945,48541.96583407938
31,NL0 3 0 solar,legacy,NL0 3,1,0.0,59329.06935279719,59329.069352797116
31,NL0 30 0 solar,legacy,NL0 30,1,0.0,59329.06935279719,59329.069352797116
31,NL0 31 0 solar,legacy,NL0 31,2,0.0,48541.96583407945,48541.96583407938
31,NL0 4 0 solar,legacy,NL0 4,2,0.0,48541.96583407945,48541.96583407938
31,NL0 5 0 solar,legacy,NL0 5,3,0.0,53935.51759343677,53935.5175934367
31,NL0 6 0 solar,legacy,NL0 6,3,0.0,53935.51759343677,53935.5175934367
31,NL0 7 0 solar,legacy,NL0 7,3,0.0,53935.51759343677,53935.5175934367
31,NL0 8 0 solar,legacy,NL0 8,1,0.0,59329.06935279719,59329.069352797116
31,NL0 9 0 solar,legacy,NL0 9,3,0.0,53935.51759343677,53935.5175934367
31,NL0 20 0 offwind-ac,legacy,NL0 20,1,0.0,59329.06935279719,59329.069352797116
31,NL0 27 0 offwind-ac,legacy,NL0 27,1,0.0,59329.06935279719,59329.069352797116
31,NL0 31 0 offwind-ac,legacy,NL0 31,2,0.0,48541.96583407945,48541.96583407938
31,NL0 32 0 offwind-ac,legacy,NL0 32,1,0.0,59329.06935279719,59329.069352797116
31,NL0 7 0 offwind-ac,legacy,NL0 7,3,0.0,53935.51759343677,53935.5175934367
31,NL0 0 0 onwind,legacy,NL0 0,1,0.0,59329.06935279719,59329.069352797116
31,NL0 1 0 onwind,legacy,NL0 1,3,0.0,53935.51759343677,53935.5175934367
31,NL0 10 0 onwind,legacy,NL0 10,1,0.0,59329.06935279719,59329.069352797116
31,NL0 11 0 onwind,legacy,NL0 11,3,0.0,53935.51759343677,53935.5175934367
31,NL0 12 0 onwind,legacy,NL0 12,2,0.0,48541.96583407945,48541.96583407938
31,NL0 13 0 onwind,legacy,NL0 13,3,0.0,53935.51759343677,53935.5175934367
31,NL0 14 0 onwind,legacy,NL0 14,2,0.0,48541.96583407945,48541.96583407938
31,NL0 15 0 onwind,legacy,NL0 15,2,0.0,48541.96583407945,48541.96583407938
31,NL0 17 0 onwind,legacy,NL0 17,1,0.0,59329.06935279719,59329.069352797116
31,NL0 19 0 onwind,legacy,NL0 19,2,0.0,48541.96583407945,48541.96583407938
31,NL0 2 0 onwind,legacy,NL0 2,2,0.0,48541.96583407945,48541.96583407938
31,NL0 20 0 onwind,legacy,NL0 20,1,0.0,59329.06935279719,59329.069352797116
31,NL0 21 0 onwind,legacy,NL0 21,1,0.0,59329.06935279719,59329.069352797116
31,NL0 22 0 onwind,legacy,NL0 22,3,0.0,53935.51759343677,53935.5175934367
31,NL0 23 0 onwind,legacy,NL0 23,1,0.0,59329.06935279719,59329.069352797116
31,NL0 24 0 onwind,legacy,NL0 24,1,0.0,59329.06935279719,59329.069352797116
31,NL0 27 0 onwind,legacy,NL0 27,1,0.0,59329.06935279719,59329.069352797116
31,NL0 3 0 onwind,legacy,NL0 3,1,0.0,59329.06935279719,59329.069352797116
31,NL0 30 0 onwind,legacy,NL0 30,1,0.0,59329.06935279719,59329.069352797116
31,NL0 31 0 onwind,legacy,NL0 31,2,0.0,48541.96583407945,48541.96583407938
31,NL0 4 0 onwind,legacy,NL0 4,2,0.0,48541.96583407945,48541.96583407938
31,NL0 5 0 onwind,legacy,NL0 5,3,0.0,53935.51759343677,53935.5175934367
31,NL0 6 0 onwind,legacy,NL0 6,3,0.0,53935.51759343677,53935.5175934367
31,NL0 7 0 onwind,legacy,NL0 7,3,0.0,53935.51759343677,53935.5175934367
31,NL0 8 0 onwind,legacy,NL0 8,1,0.0,59329.06935279719,59329.069352797116
31,NL0 9 0 onwind,legacy,NL0 9,3,0.0,53935.51759343677,53935.5175934367
32,NL0 0 Invest,investable,NL0 0,1,0.0,59329.06935279719,59329.06935292875
32,NL0 1 Invest,investable,NL0 1,3,0.0,53935.51759343677,53935.51759357159
32,NL0 10 Invest,investable,NL0 10,1,0.0,59329.06935279719,59329.06935292875
32,NL0 11 Invest,investable,NL0 11,3,0.0,53935.51759343677,53935.51759357159
32,NL0 12 Invest,investable,NL0 12,2,987.3248031843468,48541.96583407945,48541.96583421443
32,NL0 13 Invest,investable,NL0 13,3,678.1047541590506,53935.51759343677,53935.51759357159
32,NL0 14 Invest,investable,NL0 14,2,0.0,48541.96583407945,48541.96583421443
32,NL0 15 Invest,investable,NL0 15,2,1000.0,48541.96583407945,48541.96583421443
32,NL0 16 Invest,investable,NL0 16,1,0.0,59329.06935279719,59329.06935292875
32,NL0 17 Invest,investable,NL0 17,1,0.0,59329.06935279719,59329.06935292875
32,NL0 18 Invest,investable,NL0 18,1,0.0,59329.06935279719,59329.06935292875
32,NL0 19 Invest,investable,NL0 19,2,1000.0,48541.96583407945,48541.96583421443
32,NL0 2 Invest,investable,NL0 2,2,1000.0,48541.96583407945,48541.96583421443
32,NL0 20 Invest,investable,NL0 20,1,0.0,59329.06935279719,59329.06935292875
32,NL0 21 Invest,investable,NL0 21,1,0.0,59329.06935279719,59329.06935292875
32,NL0 22 Invest,investable,NL0 22,3,1000.0,53935.51759343677,53935.51759357159
32,NL0 23 Invest,investable,NL0 23,1,1000.0,59329.06935279719,59329.06935292875
32,NL0 24 Invest,investable,NL0 24,1,0.0,59329.06935279719,59329.06935292875
32,NL0 25 Invest,investable,NL0 25,2,1000.0,48541.96583407945,48541.96583421443
32,NL0 26 Invest,investable,NL0 26,2,0.0,48541.96583407945,48541.96583421443
32,NL0 27 Invest,investable,NL0 27,1,0.0,59329.06935279719,59329.06935292875
32,NL0 28 Invest,investable,NL0 28,2,0.0,48541.96583407945,48541.96583421443
32,NL0 3 Invest,investable,NL0 3,1,35.5312178697568,59329.06935279719,59329.06935292875
32,NL0 30 Invest,investable,NL0 30,1,1000.0,59329.06935279719,59329.06935292875
32,NL0 31 Invest,investable,NL0 31,2,1000.0,48541.96583407945,48541.96583421443
32,NL0 33 Invest,investable,NL0 33,1,1000.0,59329.06935279719,59329.06935292875
32,NL0 4 Invest,investable,NL0 4,2,0.0,48541.96583407945,48541.96583421443
32,NL0 5 Invest,investable,NL0 5,3,1000.0,53935.51759343677,53935.51759357159
32,NL0 6 Invest,investable,NL0 6,3,1000.0,53935.51759343677,53935.51759357159
32,NL0 7 Invest,investable,NL0 7,3,1000.0,53935.51759343677,53935.51759357159
32,NL0 8 Invest,investable,NL0 8,1,0.0,59329.06935279719,59329.06935292875
32,NL0 9 Invest,investable,NL0 9,3,1000.0,53935.51759343677,53935.51759357159
32,NL0 1 biomass,legacy,NL0 1,3,71.0,53935.51759343677,53935.51759343677
32,NL0 1 waste,legacy,NL0 1,3,31.0,53935.51759343677,53935.51759343677
32,NL0 10 waste,legacy,NL0 10,1,150.0,59329.06935279719,59329.06935279719
32,NL0 11 biomass,legacy,NL0 11,3,20.0,53935.51759343677,53935.51759343677
32,NL0 11 waste,legacy,NL0 11,3,50.0,53935.51759343677,53935.51759343677
32,NL0 13 biomass,legacy,NL0 13,3,77.0,53935.51759343677,53935.51759343677
32,NL0 19 biomass,legacy,NL0 19,2,49.0,48541.96583407945,48541.96583407945
32,NL0 19 waste,legacy,NL0 19,2,36.0,48541.96583407945,48541.96583407945
32,NL0 22 biomass,legacy,NL0 22,3,500.0,53935.51759343677,53935.51759343677
32,NL0 25 waste,legacy,NL0 25,2,54.0,48541.96583407945,48541.96583407945
32,NL0 27 biomass,legacy,NL0 27,1,22.0,59329.06935279719,59329.06935279719
32,NL0 27 waste,legacy,NL0 27,1,71.2,59329.06935279719,59329.06935279719
32,NL0 3 biomass,legacy,NL0 3,1,22.0,59329.06935279719,59329.06935279719
32,NL0 3 waste,legacy,NL0 3,1,108.0,59329.06935279719,59329.06935279719
32,NL0 30 biomass,legacy,NL0 30,1,60.0,59329.06935279719,59329.06935279719
32,NL0 7 nuclear,legacy,NL0 7,3,515.0,53935.51759343677,53935.51759343677
32,NL0 7 waste,legacy,NL0 7,3,39.0,53935.51759343677,53935.51759343677
32,NL0 8 biomass,legacy,NL0 8,1,36.0,59329.06935279719,59329.06935279719
32,NL0 8 waste,legacy,NL0 8,1,157.0,59329.06935279719,59329.06935279719
32,NL0 9 biomass,legacy,NL0 9,3,20.0,53935.51759343677,53935.51759343677
32,NL0 0 0 solar,legacy,NL0 0,1,0.0,59329.06935279719,59329.069352797116
32,NL0 1 0 solar,legacy,NL0 1,3,0.0,53935.51759343677,53935.5175934367
32,NL0 10 0 solar,legacy,NL0 10,1,0.0,59329.06935279719,59329.069352797116
32,NL0 11 0 solar,legacy,NL0 11,3,0.0,53935.51759343677,53935.5175934367
32,NL0 12 0 solar,legacy,NL0 12,2,0.0,48541.96583407945,48541.96583407938
32,NL0 13 0 solar,legacy,NL0 13,3,0.0,53935.51759343677,53935.5175934367
32,NL0 14 0 solar,legacy,NL0 14,2,0.0,48541.96583407945,48541.96583407938
32,NL0 15 0 solar,legacy,NL0 15,2,0.0,48541.96583407945,48541.96583407938
32,NL0 16 0 solar,legacy,NL0 16,1,0.0,59329.06935279719,59329.069352797116
32,NL0 17 0 solar,legacy,NL0 17,1,0.0,59329.06935279719,59329.069352797116
32,NL0 18 0 solar,legacy,NL0 18,1,0.0,59329.06935279719,59329.069352797116
32,NL0 19 0 solar,legacy,NL0 19,2,0.0,48541.96583407945,48541.96583407938
32,NL0 2 0 solar,legacy,NL0 2,2,0.0,48541.96583407945,48541.96583407938
32,NL0 20 0 solar,legacy,NL0 20,1,0.0,59329.06935279719,59329.069352797116
32,NL0 21 0 solar,legacy,NL0 21,1,0.0,59329.06935279719,59329.069352797116
32,NL0 22 0 solar,legacy,NL0 22,3,0.0,53935.51759343677,53935.5175934367
32,NL0 23 0 solar,legacy,NL0 23,1,0.0,59329.06935279719,59329.069352797116
32,NL0 24 0 solar,legacy,NL0 24,1,0.0,59329.06935279719,59329.069352797116
32,NL0 25 0 solar,legacy,NL0 25,2,0.0,48541.96583407945,48541.96583407938
32,NL0 26 0 solar,legacy,NL0 26,2,0.0,48541.96583407945,48541.96583407938
32,NL0 27 0 solar,legacy,NL0 27,1,0.0,59329.06935279719,59329.069352797116
32,NL0 28 0 solar,legacy,NL0 28,2,0.0,48541.96583407945,48541.96583407938
32,NL0 3 0 solar,legacy,NL0 3,1,0.0,59329.06935279719,59329.069352797116
32,NL0 30 0 solar,legacy,NL0 30,1,0.0,59329.06935279719,59329.069352797116
32,NL0 31 0 solar,legacy,NL0 31,2,0.0,48541.96583407945,48541.96583407938
32,NL0 4 0 solar,legacy,NL0 4,2,0.0,48541.96583407945,48541.96583407938
32,NL0 5 0 solar,legacy,NL0 5,3,0.0,53935.51759343677,53935.5175934367
32,NL0 6 0 solar,legacy,NL0 6,3,0.0,53935.51759343677,53935.5175934367
32,NL0 7 0 solar,legacy,NL0 7,3,0.0,53935.51759343677,53935.5175934367
32,NL0 8 0 solar,legacy,NL0 8,1,0.0,59329.06935279719,59329.069352797116
32,NL0 9 0 solar,legacy,NL0 9,3,0.0,53935.51759343677,53935.5175934367
32,NL0 20 0 offwind-ac,legacy,NL0 20,1,0.0,59329.06935279719,59329.069352797116
32,NL0 27 0 offwind-ac,legacy,NL0 27,1,0.0,59329.06935279719,59329.069352797116
32,NL0 31 0 offwind-ac,legacy,NL0 31,2,0.0,48541.96583407945,48541.96583407938
32,NL0 32 0 offwind-ac,legacy,NL0 32,1,0.0,59329.06935279719,59329.069352797116
32,NL0 7 0 offwind-ac,legacy,NL0 7,3,0.0,53935.51759343677,53935.5175934367
32,NL0 0 0 onwind,legacy,NL0 0,1,0.0,59329.06935279719,59329.069352797116
32,NL0 1 0 onwind,legacy,NL0 1,3,0.0,53935.51759343677,53935.5175934367
32,NL0 10 0 onwind,legacy,NL0 10,1,0.0,59329.06935279719,59329.069352797116
32,NL0 11 0 onwind,legacy,NL0 11,3,0.0,53935.51759343677,53935.5175934367
32,NL0 12 0 onwind,legacy,NL0 12,2,0.0,48541.96583407945,48541.96583407938
32,NL0 13 0 onwind,legacy,NL0 13,3,0.0,53935.51759343677,53935.5175934367
32,NL0 14 0 onwind,legacy,NL0 14,2,0.0,48541.96583407945,48541.96583407938
32,NL0 15 0 onwind,legacy,NL0 15,2,0.0,48541.96583407945,48541.96583407938
32,NL0 17 0 onwind,legacy,NL0 17,1,0.0,59329.06935279719,59329.069352797116
32,NL0 19 0 onwind,legacy,NL0 19,2,0.0,48541.96583407945,48541.96583407938
32,NL0 2 0 onwind,legacy,NL0 2,2,0.0,48541.96583407945,48541.96583407938
32,NL0 20 0 onwind,legacy,NL0 20,1,0.0,59329.06935279719,59329.069352797116
32,NL0 21 0 onwind,legacy,NL0 21,1,0.0,59329.06935279719,59329.069352797116
32,NL0 22 0 onwind,legacy,NL0 22,3,0.0,53935.51759343677,53935.5175934367
32,NL0 23 0 onwind,legacy,NL0 23,1,0.0,59329.06935279719,59329.069352797116
32,NL0 24 0 onwind,legacy,NL0 24,1,0.0,59329.06935279719,59329.069352797116
32,NL0 27 0 onwind,legacy,NL0 27,1,0.0,59329.06935279719,59329.069352797116
32,NL0 3 0 onwind,legacy,NL0 3,1,0.0,59329.06935279719,59329.069352797116
32,NL0 30 0 onwind,legacy,NL0 30,1,0.0,59329.06935279719,59329.069352797116
32,NL0 31 0 onwind,legacy,NL0 31,2,0.0,48541.96583407945,48541.96583407938
32,NL0 4 0 onwind,legacy,NL0 4,2,0.0,48541.96583407945,48541.96583407938
32,NL0 5 0 onwind,legacy,NL0 5,3,0.0,53935.51759343677,53935.5175934367
32,NL0 6 0 onwind,legacy,NL0 6,3,0.0,53935.51759343677,53935.5175934367
32,NL0 7 0 onwind,legacy,NL0 7,3,0.0,53935.51759343677,53935.5175934367
32,NL0 8 0 onwind,legacy,NL0 8,1,0.0,59329.06935279719,59329.069352797116
32,NL0 9 0 onwind,legacy,NL0 9,3,0.0,53935.51759343677,53935.5175934367
33,NL0 0 Invest,investable,NL0 0,1,0.0,59329.06935279719,59329.06935292875
33,NL0 1 Invest,investable,NL0 1,3,0.0,53935.51759343677,53935.51759357159
33,NL0 10 Invest,investable,NL0 10,1,1000.0,59329.06935279719,59329.06935292875
33,NL0 11 Invest,investable,NL0 11,3,0.0,53935.51759343677,53935.51759357159
33,NL0 12 Invest,investable,NL0 12,2,1000.0,48541.96583407945,48541.96583421443
33,NL0 13 Invest,investable,NL0 13,3,678.1047541590506,53935.51759343677,53935.51759357159
33,NL0 14 Invest,investable,NL0 14,2,987.3248031843468,48541.96583407945,48541.96583421443
33,NL0 15 Invest,investable,NL0 15,2,0.0,48541.96583407945,48541.96583421443
33,NL0 16 Invest,investable,NL0 16,1,0.0,59329.06935279719,59329.06935292875
33,NL0 17 Invest,investable,NL0 17,1,0.0,59329.06935279719,59329.06935292875
33,NL0 18 Invest,investable,NL0 18,1,0.0,59329.06935279719,59329.06935292875
33,NL0 19 Invest,investable,NL0 19,2,1000.0,48541.96583407945,48541.96583421443
33,NL0 2 Invest,investable,NL0 2,2,0.0,48541.96583407945,48541.96583421443
33,NL0 20 Invest,investable,NL0 20,1,1000.0,59329.06935279719,59329.06935292875
33,NL0 21 Invest,investable,NL0 21,1,0.0,59329.06935279719,59329.06935292875
33,NL0 22 Invest,investable,NL0 22,3,1000.0,53935.51759343677,53935.51759357159
33,NL0 23 Invest,investable,NL0 23,1,0.0,59329.06935279719,59329.06935292875
33,NL0 24 Invest,investable,NL0 24,1,1000.0,59329.06935279719,59329.06935292875
33,NL0 25 Invest,investable,NL0 25,2,1000.0,48541.96583407945,48541.96583421443
33,NL0 26 Invest,investable,NL0 26,2,0.0,48541.96583407945,48541.96583421443
33,NL0 27 Invest,investable,NL0 27,1,35.5312178697568,59329.06935279719,59329.06935292875
33,NL0 28 Invest,investable,NL0 28,2,1000.0,48541.96583407945,48541.96583421443
33,NL0 3 Invest,investable,NL0 3,1,0.0,59329.06935279719,59329.06935292875
33,NL0 30 Invest,investable,NL0 30,1,0.0,59329.06935279719,59329.06935292875
33,NL0 31 Invest,investable,NL0 31,2,1000.0,48541.96583407945,48541.96583421443
33,NL0 33 Invest,investable,NL0 33,1,0.0,59329.06935279719,59329.06935292875
33,NL0 4 Invest,investable,NL0 4,2,0.0,48541.96583407945,48541.96583421443
33,NL0 5 Invest,investable,NL0 5,3,1000.0,53935.51759343677,53935.51759357159
33,NL0 6 Invest,investable,NL0 6,3,1000.0,53935.51759343677,53935.51759357159
33,NL0 7 Invest,investable,NL0 7,3,1000.0,53935.51759343677,53935.51759357159
33,NL0 8 Invest,investable,NL0 8,1,0.0,59329.06935279719,59329.06935292875
33,NL0 9 Invest,investable,NL0 9,3,1000.0,53935.51759343677,53935.51759357159
33,NL0 1 biomass,legacy,NL0 1,3,71.0,53935.51759343677,53935.51759343677
33,NL0 1 waste,legacy,NL0 1,3,31.0,53935.51759343677,53935.51759343677
33,NL0 10 waste,legacy,NL0 10,1,150.0,59329.06935279719,59329.06935279719
33,NL0 11 biomass,legacy,NL0 11,3,20.0,53935.51759343677,53935.51759343677
33,NL0 11 waste,legacy,NL0 11,3,50.0,53935.51759343677,53935.51759343677
33,NL0 13 biomass,legacy,NL0 13,3,77.0,53935.51759343677,53935.51759343677
33,NL0 19 biomass,legacy,NL0 19,2,49.0,48541.96583407945,48541.96583407945
33,NL0 19 waste,legacy,NL0 19,2,36.0,48541.96583407945,48541.96583407945
33,NL0 22 biomass,legacy,NL0 22,3,500.0,53935.51759343677,53935.51759343677
33,NL0 25 waste,legacy,NL0 25,2,54.0,48541.96583407945,48541.96583407945
33,NL0 27 biomass,legacy,NL0 27,1,22.0,59329.06935279719,59329.06935279719
33,NL0 27 waste,legacy,NL0 27,1,71.2,59329.06935279719,59329.06935279719
33,NL0 3 biomass,legacy,NL0 3,1,22.0,59329.06935279719,59329.06935279719
33,NL0 3 waste,legacy,NL0 3,1,108.0,59329.06935279719,59329.06935279719
33,NL0 30 biomass,legacy,NL0 30,1,60.0,59329.06935279719,59329.06935279719
33,NL0 7 nuclear,legacy,NL0 7,3,515.0,53935.51759343677,53935.51759343677
33,NL0 7 waste,legacy,NL0 7,3,39.0,53935.51759343677,53935.51759343677
33,NL0 8 biomass,legacy,NL0 8,1,36.0,59329.06935279719,59329.06935279719
33,NL0 8 waste,legacy,NL0 8,1,157.0,59329.06935279719,59329.06935279719
33,NL0 9 biomass,legacy,NL0 9,3,20.0,53935.51759343677,53935.51759343677
33,NL0 0 0 solar,legacy,NL0 0,1,0.0,59329.06935279719,59329.069352797116
33,NL0 1 0 solar,legacy,NL0 1,3,0.0,53935.51759343677,53935.5175934367
33,NL0 10 0 solar,legacy,NL0 10,1,0.0,59329.06935279719,59329.069352797116
33,NL0 11 0 solar,legacy,NL0 11,3,0.0,53935.51759343677,53935.5175934367
33,NL0 12 0 solar,legacy,NL0 12,2,0.0,48541.96583407945,48541.96583407938
33,NL0 13 0 solar,legacy,NL0 13,3,0.0,53935.51759343677,53935.5175934367
33,NL0 14 0 solar,legacy,NL0 14,2,0.0,48541.96583407945,48541.96583407938
33,NL0 15 0 solar,legacy,NL0 15,2,0.0,48541.96583407945,48541.96583407938
33,NL0 16 0 solar,legacy,NL0 16,1,0.0,59329.06935279719,59329.069352797116
33,NL0 17 0 solar,legacy,NL0 17,1,0.0,59329.06935279719,59329.069352797116
33,NL0 18 0 solar,legacy,NL0 18,1,0.0,59329.06935279719,59329.069352797116
33,NL0 19 0 solar,legacy,NL0 19,2,0.0,48541.96583407945,48541.96583407938
33,NL0 2 0 solar,legacy,NL0 2,2,0.0,48541.96583407945,48541.96583407938
33,NL0 20 0 solar,legacy,NL0 20,1,0.0,59329.06935279719,59329.069352797116
33,NL0 21 0 solar,legacy,NL0 21,1,0.0,59329.06935279719,59329.069352797116
33,NL0 22 0 solar,legacy,NL0 22,3,0.0,53935.51759343677,53935.5175934367
33,NL0 23 0 solar,legacy,NL0 23,1,0.0,59329.06935279719,59329.069352797116
33,NL0 24 0 solar,legacy,NL0 24,1,0.0,59329.06935279719,59329.069352797116
33,NL0 25 0 solar,legacy,NL0 25,2,0.0,48541.96583407945,48541.96583407938
33,NL0 26 0 solar,legacy,NL0 26,2,0.0,48541.96583407945,48541.96583407938
33,NL0 27 0 solar,legacy,NL0 27,1,0.0,59329.06935279719,59329.069352797116
33,NL0 28 0 solar,legacy,NL0 28,2,0.0,48541.96583407945,48541.96583407938
33,NL0 3 0 solar,legacy,NL0 3,1,0.0,59329.06935279719,59329.069352797116
33,NL0 30 0 solar,legacy,NL0 30,1,0.0,59329.06935279719,59329.069352797116
33,NL0 31 0 solar,legacy,NL0 31,2,0.0,48541.96583407945,48541.96583407938
33,NL0 4 0 solar,legacy,NL0 4,2,0.0,48541.96583407945,48541.96583407938
33,NL0 5 0 solar,legacy,NL0 5,3,0.0,53935.51759343677,53935.5175934367
33,NL0 6 0 solar,legacy,NL0 6,3,0.0,53935.51759343677,53935.5175934367
33,NL0 7 0 solar,legacy,NL0 7,3,0.0,53935.51759343677,53935.5175934367
33,NL0 8 0 solar,legacy,NL0 8,1,0.0,59329.06935279719,59329.069352797116
33,NL0 9 0 solar,legacy,NL0 9,3,0.0,53935.51759343677,53935.5175934367
33,NL0 20 0 offwind-ac,legacy,NL0 20,1,0.0,59329.06935279719,59329.069352797116
33,NL0 27 0 offwind-ac,legacy,NL0 27,1,0.0,59329.06935279719,59329.069352797116
33,NL0 31 0 offwind-ac,legacy,NL0 31,2,0.0,48541.96583407945,48541.96583407938
33,NL0 32 0 offwind-ac,legacy,NL0 32,1,0.0,59329.06935279719,59329.069352797116
33,NL0 7 0 offwind-ac,legacy,NL0 7,3,0.0,53935.51759343677,53935.5175934367
33,NL0 0 0 onwind,legacy,NL0 0,1,0.0,59329.06935279719,59329.069352797116
33,NL0 1 0 onwind,legacy,NL0 1,3,0.0,53935.51759343677,53935.5175934367
33,NL0 10 0 onwind,legacy,NL0 10,1,0.0,59329.06935279719,59329.069352797116
33,NL0 11 0 onwind,legacy,NL0 11,3,0.0,53935.51759343677,53935.5175934367
33,NL0 12 0 onwind,legacy,NL0 12,2,0.0,48541.96583407945,48541.96583407938
33,NL0 13 0 onwind,legacy,NL0 13,3,0.0,53935.51759343677,53935.5175934367
33,NL0 14 0 onwind,legacy,NL0 14,2,0.0,48541.96583407945,48541.96583407938
33,NL0 15 0 onwind,legacy,NL0 15,2,0.0,48541.96583407945,48541.96583407938
33,NL0 17 0 onwind,legacy,NL0 17,1,0.0,59329.06935279719,59329.069352797116
33,NL0 19 0 onwind,legacy,NL0 19,2,0.0,48541.96583407945,48541.96583407938
33,NL0 2 0 onwind,legacy,NL0 2,2,0.0,48541.96583407945,48541.96583407938
33,NL0 20 0 onwind,legacy,NL0 20,1,0.0,59329.06935279719,59329.069352797116
33,NL0 21 0 onwind,legacy,NL0 21,1,0.0,59329.06935279719,59329.069352797116
33,NL0 22 0 onwind,legacy,NL0 22,3,0.0,53935.51759343677,53935.5175934367
33,NL0 23 0 onwind,legacy,NL0 23,1,0.0,59329.06935279719,59329.069352797116
33,NL0 24 0 onwind,legacy,NL0 24,1,0.0,59329.06935279719,59329.069352797116
33,NL0 27 0 onwind,legacy,NL0 27,1,0.0,59329.06935279719,59329.069352797116
33,NL0 3 0 onwind,legacy,NL0 3,1,0.0,59329.06935279719,59329.069352797116
33,NL0 30 0 onwind,legacy,NL0 30,1,0.0,59329.06935279719,59329.069352797116
33,NL0 31 0 onwind,legacy,NL0 31,2,0.0,48541.96583407945,48541.96583407938
33,NL0 4 0 onwind,legacy,NL0 4,2,0.0,48541.96583407945,48541.96583407938
33,NL0 5 0 onwind,legacy,NL0 5,3,0.0,53935.51759343677,53935.5175934367
33,NL0 6 0 onwind,legacy,NL0 6,3,0.0,53935.51759343677,53935.5175934367
33,NL0 7 0 onwind,legacy,NL0 7,3,0.0,53935.51759343677,53935.5175934367
33,NL0 8 0 onwind,legacy,NL0 8,1,0.0,59329.06935279719,59329.069352797116
33,NL0 9 0 onwind,legacy,NL0 9,3,0.0,53935.51759343677,53935.5175934367
34,NL0 0 Invest,investable,NL0 0,1,0.0,59329.06935279719,59329.06935292875
34,NL0 1 Invest,investable,NL0 1,3,1000.0,53935.51759343677,53935.51759357159
34,NL0 10 Invest,investable,NL0 10,1,0.0,59329.06935279719,59329.06935292875
34,NL0 11 Invest,investable,NL0 11,3,1000.0,53935.51759343677,53935.51759357159
34,NL0 12 Invest,investable,NL0 12,2,0.0,48541.96583407945,48541.96583421443
34,NL0 13 Invest,investable,NL0 13,3,1000.0,53935.51759343677,53935.51759357159
34,NL0 14 Invest,investable,NL0 14,2,1000.0,48541.96583407945,48541.96583421443
34,NL0 15 Invest,investable,NL0 15,2,1000.0,48541.96583407945,48541.96583421443
34,NL0 16 Invest,investable,NL0 16,1,1000.0,59329.06935279719,59329.06935292875
34,NL0 17 Invest,investable,NL0 17,1,0.0,59329.06935279719,59329.06935292875
34,NL0 18 Invest,investable,NL0 18,1,0.0,59329.06935279719,59329.06935292875
34,NL0 19 Invest,investable,NL0 19,2,0.0,48541.96583407945,48541.96583421443
34,NL0 2 Invest,investable,NL0 2,2,1000.0,48541.96583407945,48541.96583421443
34,NL0 20 Invest,investable,NL0 20,1,0.0,59329.06935279719,59329.06935292875
34,NL0 21 Invest,investable,NL0 21,1,0.0,59329.06935279719,59329.06935292875
34,NL0 22 Invest,investable,NL0 22,3,0.0,53935.51759343677,53935.51759357159
34,NL0 23 Invest,investable,NL0 23,1,35.5312178697568,59329.06935279719,59329.06935292875
34,NL0 24 Invest,investable,NL0 24,1,0.0,59329.06935279719,59329.06935292875
34,NL0 25 Invest,investable,NL0 25,2,987.3248031843468,48541.96583407945,48541.96583421443
34,NL0 26 Invest,investable,NL0 26,2,1000.0,48541.96583407945,48541.96583421443
34,NL0 27 Invest,investable,NL0 27,1,0.0,59329.06935279719,59329.06935292875
34,NL0 28 Invest,investable,NL0 28,2,0.0,48541.96583407945,48541.96583421443
34,NL0 3 Invest,investable,NL0 3,1,1000.0,59329.06935279719,59329.06935292875
34,NL0 30 Invest,investable,NL0 30,1,0.0,59329.06935279719,59329.06935292875
34,NL0 31 Invest,investable,NL0 31,2,0.0,48541.96583407945,48541.96583421443
34,NL0 33 Invest,investable,NL0 33,1,0.0,59329.06935279719,59329.06935292875
34,NL0 4 Invest,investable,NL0 4,2,1000.0,48541.96583407945,48541.96583421443
34,NL0 5 Invest,investable,NL0 5,3,678.1047541590506,53935.51759343677,53935.51759357159
34,NL0 6 Invest,investable,NL0 6,3,1000.0,53935.51759343677,53935.51759357159
34,NL0 7 Invest,investable,NL0 7,3,0.0,53935.51759343677,53935.51759357159
34,NL0 8 Invest,investable,NL0 8,1,1000.0,59329.06935279719,59329.06935292875
34,NL0 9 Invest,investable,NL0 9,3,1000.0,53935.51759343677,53935.51759357159
34,NL0 1 biomass,legacy,NL0 1,3,71.0,53935.51759343677,53935.51759343677
34,NL0 1 waste,legacy,NL0 1,3,31.0,53935.51759343677,53935.51759343677
34,NL0 10 waste,legacy,NL0 10,1,150.0,59329.06935279719,59329.06935279719
34,NL0 11 biomass,legacy,NL0 11,3,20.0,53935.51759343677,53935.51759343677
34,NL0 11 waste,legacy,NL0 11,3,50.0,53935.51759343677,53935.51759343677
34,NL0 13 biomass,legacy,NL0 13,3,77.0,53935.51759343677,53935.51759343677
34,NL0 19 biomass,legacy,NL0 19,2,49.0,48541.96583407945,48541.96583407945
34,NL0 19 waste,legacy,NL0 19,2,36.0,48541.96583407945,48541.96583407945
34,NL0 22 biomass,legacy,NL0 22,3,500.0,53935.51759343677,53935.51759343677
34,NL0 25 waste,legacy,NL0 25,2,54.0,48541.96583407945,48541.96583407945
34,NL0 27 biomass,legacy,NL0 27,1,22.0,59329.06935279719,59329.06935279719
34,NL0 27 waste,legacy,NL0 27,1,71.2,59329.06935279719,59329.06935279719
34,NL0 3 biomass,legacy,NL0 3,1,22.0,59329.06935279719,59329.06935279719
34,NL0 3 waste,legacy,NL0 3,1,108.0,59329.06935279719,59329.06935279719
34,NL0 30 biomass,legacy,NL0 30,1,60.0,59329.06935279719,59329.06935279719
34,NL0 7 nuclear,legacy,NL0 7,3,515.0,53935.51759343677,53935.51759343677
34,NL0 7 waste,legacy,NL0 7,3,39.0,53935.51759343677,53935.51759343677
34,NL0 8 biomass,legacy,NL0 8,1,36.0,59329.06935279719,59329.06935279719
34,NL0 8 waste,legacy,NL0 8,1,157.0,59329.06935279719,59329.06935279719
34,NL0 9 biomass,legacy,NL0 9,3,20.0,53935.51759343677,53935.51759343677
34,NL0 0 0 solar,legacy,NL0 0,1,0.0,59329.06935279719,59329.069352797116
34,NL0 1 0 solar,legacy,NL0 1,3,0.0,53935.51759343677,53935.5175934367
34,NL0 10 0 solar,legacy,NL0 10,1,0.0,59329.06935279719,59329.069352797116
34,NL0 11 0 solar,legacy,NL0 11,3,0.0,53935.51759343677,53935.5175934367
34,NL0 12 0 solar,legacy,NL0 12,2,0.0,48541.96583407945,48541.96583407938
34,NL0 13 0 solar,legacy,NL0 13,3,0.0,53935.51759343677,53935.5175934367
34,NL0 14 0 solar,legacy,NL0 14,2,0.0,48541.96583407945,48541.96583407938
34,NL0 15 0 solar,legacy,NL0 15,2,0.0,48541.96583407945,48541.96583407938
34,NL0 16 0 solar,legacy,NL0 16,1,0.0,59329.06935279719,59329.069352797116
34,NL0 17 0 solar,legacy,NL0 17,1,0.0,59329.06935279719,59329.069352797116
34,NL0 18 0 solar,legacy,NL0 18,1,0.0,59329.06935279719,59329.069352797116
34,NL0 19 0 solar,legacy,NL0 19,2,0.0,48541.96583407945,48541.96583407938
34,NL0 2 0 solar,legacy,NL0 2,2,0.0,48541.96583407945,48541.96583407938
34,NL0 20 0 solar,legacy,NL0 20,1,0.0,59329.06935279719,59329.069352797116
34,NL0 21 0 solar,legacy,NL0 21,1,0.0,59329.06935279719,59329.069352797116
34,NL0 22 0 solar,legacy,NL0 22,3,0.0,53935.51759343677,53935.5175934367
34,NL0 23 0 solar,legacy,NL0 23,1,0.0,59329.06935279719,59329.069352797116
34,NL0 24 0 solar,legacy,NL0 24,1,0.0,59329.06935279719,59329.069352797116
34,NL0 25 0 solar,legacy,NL0 25,2,0.0,48541.96583407945,48541.96583407938
34,NL0 26 0 solar,legacy,NL0 26,2,0.0,48541.96583407945,48541.96583407938
34,NL0 27 0 solar,legacy,NL0 27,1,0.0,59329.06935279719,59329.069352797116
34,NL0 28 0 solar,legacy,NL0 28,2,0.0,48541.96583407945,48541.96583407938
34,NL0 3 0 solar,legacy,NL0 3,1,0.0,59329.06935279719,59329.069352797116
34,NL0 30 0 solar,legacy,NL0 30,1,0.0,59329.06935279719,59329.069352797116
34,NL0 31 0 solar,legacy,NL0 31,2,0.0,48541.96583407945,48541.96583407938
34,NL0 4 0 solar,legacy,NL0 4,2,0.0,48541.96583407945,48541.96583407938
34,NL0 5 0 solar,legacy,NL0 5,3,0.0,53935.51759343677,53935.5175934367
34,NL0 6 0 solar,legacy,NL0 6,3,0.0,53935.51759343677,53935.5175934367
34,NL0 7 0 solar,legacy,NL0 7,3,0.0,53935.51759343677,53935.5175934367
34,NL0 8 0 solar,legacy,NL0 8,1,0.0,59329.06935279719,59329.069352797116
34,NL0 9 0 solar,legacy,NL0 9,3,0.0,53935.51759343677,53935.5175934367
34,NL0 20 0 offwind-ac,legacy,NL0 20,1,0.0,59329.06935279719,59329.069352797116
34,NL0 27 0 offwind-ac,legacy,NL0 27,1,0.0,59329.06935279719,59329.069352797116
34,NL0 31 0 offwind-ac,legacy,NL0 31,2,0.0,48541.96583407945,48541.96583407938
34,NL0 32 0 offwind-ac,legacy,NL0 32,1,0.0,59329.06935279719,59329.069352797116
34,NL0 7 0 offwind-ac,legacy,NL0 7,3,0.0,53935.51759343677,53935.5175934367
34,NL0 0 0 onwind,legacy,NL0 0,1,0.0,59329.06935279719,59329.069352797116
34,NL0 1 0 onwind,legacy,NL0 1,3,0.0,53935.51759343677,53935.5175934367
34,NL0 10 0 onwind,legacy,NL0 10,1,0.0,59329.06935279719,59329.069352797116
34,NL0 11 0 onwind,legacy,NL0 11,3,0.0,53935.51759343677,53935.5175934367
34,NL0 12 0 onwind,legacy,NL0 12,2,0.0,48541.96583407945,48541.96583407938
34,NL0 13 0 onwind,legacy,NL0 13,3,0.0,53935.51759343677,53935.5175934367
34,NL0 14 0 onwind,legacy,NL0 14,2,0.0,48541.96583407945,48541.96583407938
34,NL0 15 0 onwind,legacy,NL0 15,2,0.0,48541.96583407945,48541.96583407938
34,NL0 17 0 onwind,legacy,NL0 17,1,0.0,59329.06935279719,59329.069352797116
34,NL0 19 0 onwind,legacy,NL0 19,2,0.0,48541.96583407945,48541.96583407938
34,NL0 2 0 onwind,legacy,NL0 2,2,0.0,48541.96583407945,48541.96583407938
34,NL0 20 0 onwind,legacy,NL0 20,1,0.0,59329.06935279719,59329.069352797116
34,NL0 21 0 onwind,legacy,NL0 21,1,0.0,59329.06935279719,59329.069352797116
34,NL0 22 0 onwind,legacy,NL0 22,3,0.0,53935.51759343677,53935.5175934367
34,NL0 23 0 onwind,legacy,NL0 23,1,0.0,59329.06935279719,59329.069352797116
34,NL0 24 0 onwind,legacy,NL0 24,1,0.0,59329.06935279719,59329.069352797116
34,NL0 27 0 onwind,legacy,NL0 27,1,0.0,59329.06935279719,59329.069352797116
34,NL0 3 0 onwind,legacy,NL0 3,1,0.0,59329.06935279719,59329.069352797116
34,NL0 30 0 onwind,legacy,NL0 30,1,0.0,59329.06935279719,59329.069352797116
34,NL0 31 0 onwind,legacy,NL0 31,2,0.0,48541.96583407945,48541.96583407938
34,NL0 4 0 onwind,legacy,NL0 4,2,0.0,48541.96583407945,48541.96583407938
34,NL0 5 0 onwind,legacy,NL0 5,3,0.0,53935.51759343677,53935.5175934367
34,NL0 6 0 onwind,legacy,NL0 6,3,0.0,53935.51759343677,53935.5175934367
34,NL0 7 0 onwind,legacy,NL0 7,3,0.0,53935.51759343677,53935.5175934367
34,NL0 8 0 onwind,legacy,NL0 8,1,0.0,59329.06935279719,59329.069352797116
34,NL0 9 0 onwind,legacy,NL0 9,3,0.0,53935.51759343677,53935.5175934367
35,NL0 0 Invest,investable,NL0 0,1,0.0,59329.06935279719,59329.06935292875
35,NL0 1 Invest,investable,NL0 1,3,1000.0,53935.51759343677,53935.51759357159
35,NL0 10 Invest,investable,NL0 10,1,0.0,59329.06935279719,59329.06935292875
35,NL0 11 Invest,investable,NL0 11,3,1000.0,53935.51759343677,53935.51759357159
35,NL0 12 Invest,investable,NL0 12,2,0.0,48541.96583407945,48541.96583421443
35,NL0 13 Invest,investable,NL0 13,3,1000.0,53935.51759343677,53935.51759357159
35,NL0 14 Invest,investable,NL0 14,2,987.3248031843468,48541.96583407945,48541.96583421443
35,NL0 15 Invest,investable,NL0 15,2,1000.0,48541.96583407945,48541.96583421443
35,NL0 16 Invest,investable,NL0 16,1,1000.0,59329.06935279719,59329.06935292875
35,NL0 17 Invest,investable,NL0 17,1,0.0,59329.06935279719,59329.06935292875
35,NL0 18 Invest,investable,NL0 18,1,0.0,59329.06935279719,59329.06935292875
35,NL0 19 Invest,investable,NL0 19,2,1000.0,48541.96583407945,48541.96583421443
35,NL0 2 Invest,investable,NL0 2,2,1000.0,48541.96583407945,48541.96583421443
35,NL0 20 Invest,investable,NL0 20,1,0.0,59329.06935279719,59329.06935292875
35,NL0 21 Invest,investable,NL0 21,1,0.0,59329.06935279719,59329.06935292875
35,NL0 22 Invest,investable,NL0 22,3,0.0,53935.51759343677,53935.51759357159
35,NL0 23 Invest,investable,NL0 23,1,0.0,59329.06935279719,59329.06935292875
35,NL0 24 Invest,investable,NL0 24,1,0.0,59329.06935279719,59329.06935292875
35,NL0 25 Invest,investable,NL0 25,2,0.0,48541.96583407945,48541.96583421443
35,NL0 26 Invest,investable,NL0 26,2,1000.0,48541.96583407945,48541.96583421443
35,NL0 27 Invest,investable,NL0 27,1,0.0,59329.06935279719,59329.06935292875
35,NL0 28 Invest,investable,NL0 28,2,0.0,48541.96583407945,48541.96583421443
35,NL0 3 Invest,investable,NL0 3,1,1000.0,59329.06935279719,59329.06935292875
35,NL0 30 Invest,investable,NL0 30,1,0.0,59329.06935279719,59329.06935292875
35,NL0 31 Invest,investable,NL0 31,2,0.0,48541.96583407945,48541.96583421443
35,NL0 33 Invest,investable,NL0 33,1,35.5312178697568,59329.06935279719,59329.06935292875
35,NL0 4 Invest,investable,NL0 4,2,1000.0,48541.96583407945,48541.96583421443
35,NL0 5 Invest,investable,NL0 5,3,678.1047541590506,53935.51759343677,53935.51759357159
35,NL0 6 Invest,investable,NL0 6,3,1000.0,53935.51759343677,53935.51759357159
35,NL0 7 Invest,investable,NL0 7,3,0.0,53935.51759343677,53935.51759357159
35,NL0 8 Invest,investable,NL0 8,1,1000.0,59329.06935279719,59329.06935292875
35,NL0 9 Invest,investable,NL0 9,3,1000.0,53935.51759343677,53935.51759357159
35,NL0 1 biomass,legacy,NL0 1,3,71.0,53935.51759343677,53935.51759343677
35,NL0 1 waste,legacy,NL0 1,3,31.0,53935.51759343677,53935.51759343677
35,NL0 10 waste,legacy,NL0 10,1,150.0,59329.06935279719,59329.06935279719
35,NL0 11 biomass,legacy,NL0 11,3,20.0,53935.51759343677,53935.51759343677
35,NL0 11 waste,legacy,NL0 11,3,50.0,53935.51759343677,53935.51759343677
35,NL0 13 biomass,legacy,NL0 13,3,77.0,53935.51759343677,53935.51759343677
35,NL0 19 biomass,legacy,NL0 19,2,49.0,48541.96583407945,48541.96583407945
35,NL0 19 waste,legacy,NL0 19,2,36.0,48541.96583407945,48541.96583407945
35,NL0 22 biomass,legacy,NL0 22,3,500.0,53935.51759343677,53935.51759343677
35,NL0 25 waste,legacy,NL0 25,2,54.0,48541.96583407945,48541.96583407945
35,NL0 27 biomass,legacy,NL0 27,1,22.0,59329.06935279719,59329.06935279719
35,NL0 27 waste,legacy,NL0 27,1,71.2,59329.06935279719,59329.06935279719
35,NL0 3 biomass,legacy,NL0 3,1,22.0,59329.06935279719,59329.06935279719
35,NL0 3 waste,legacy,NL0 3,1,108.0,59329.06935279719,59329.06935279719
35,NL0 30 biomass,legacy,NL0 30,1,60.0,59329.06935279719,59329.06935279719
35,NL0 7 nuclear,legacy,NL0 7,3,515.0,53935.51759343677,53935.51759343677
35,NL0 7 waste,legacy,NL0 7,3,39.0,53935.51759343677,53935.51759343677
35,NL0 8 biomass,legacy,NL0 8,1,36.0,59329.06935279719,59329.06935279719
35,NL0 8 waste,legacy,NL0 8,1,157.0,59329.06935279719,59329.06935279719
35,NL0 9 biomass,legacy,NL0 9,3,20.0,53935.51759343677,53935.51759343677
35,NL0 0 0 solar,legacy,NL0 0,1,0.0,59329.06935279719,59329.069352797116
35,NL0 1 0 solar,legacy,NL0 1,3,0.0,53935.51759343677,53935.5175934367
35,NL0 10 0 solar,legacy,NL0 10,1,0.0,59329.06935279719,59329.069352797116
35,NL0 11 0 solar,legacy,NL0 11,3,0.0,53935.51759343677,53935.5175934367
35,NL0 12 0 solar,legacy,NL0 12,2,0.0,48541.96583407945,48541.96583407938
35,NL0 13 0 solar,legacy,NL0 13,3,0.0,53935.51759343677,53935.5175934367
35,NL0 14 0 solar,legacy,NL0 14,2,0.0,48541.96583407945,48541.96583407938
35,NL0 15 0 solar,legacy,NL0 15,2,0.0,48541.96583407945,48541.96583407938
35,NL0 16 0 solar,legacy,NL0 16,1,0.0,59329.06935279719,59329.069352797116
35,NL0 17 0 solar,legacy,NL0 17,1,0.0,59329.06935279719,59329.069352797116
35,NL0 18 0 solar,legacy,NL0 18,1,0.0,59329.06935279719,59329.069352797116
35,NL0 19 0 solar,legacy,NL0 19,2,0.0,48541.96583407945,48541.96583407938
35,NL0 2 0 solar,legacy,NL0 2,2,0.0,48541.96583407945,48541.96583407938
35,NL0 20 0 solar,legacy,NL0 20,1,0.0,59329.06935279719,59329.069352797116
35,NL0 21 0 solar,legacy,NL0 21,1,0.0,59329.06935279719,59329.069352797116
35,NL0 22 0 solar,legacy,NL0 22,3,0.0,53935.51759343677,53935.5175934367
35,NL0 23 0 solar,legacy,NL0 23,1,0.0,59329.06935279719,59329.069352797116
35,NL0 24 0 solar,legacy,NL0 24,1,0.0,59329.06935279719,59329.069352797116
35,NL0 25 0 solar,legacy,NL0 25,2,0.0,48541.96583407945,48541.96583407938
35,NL0 26 0 solar,legacy,NL0 26,2,0.0,48541.96583407945,48541.96583407938
35,NL0 27 0 solar,legacy,NL0 27,1,0.0,59329.06935279719,59329.069352797116
35,NL0 28 0 solar,legacy,NL0 28,2,0.0,48541.96583407945,48541.96583407938
35,NL0 3 0 solar,legacy,NL0 3,1,0.0,59329.06935279719,59329.069352797116
35,NL0 30 0 solar,legacy,NL0 30,1,0.0,59329.06935279719,59329.069352797116
35,NL0 31 0 solar,legacy,NL0 31,2,0.0,48541.96583407945,48541.96583407938
35,NL0 4 0 solar,legacy,NL0 4,2,0.0,48541.96583407945,48541.96583407938
35,NL0 5 0 solar,legacy,NL0 5,3,0.0,53935.51759343677,53935.5175934367
35,NL0 6 0 solar,legacy,NL0 6,3,0.0,53935.51759343677,53935.5175934367
35,NL0 7 0 solar,legacy,NL0 7,3,0.0,53935.51759343677,53935.5175934367
35,NL0 8 0 solar,legacy,NL0 8,1,0.0,59329.06935279719,59329.069352797116
35,NL0 9 0 solar,legacy,NL0 9,3,0.0,53935.51759343677,53935.5175934367
35,NL0 20 0 offwind-ac,legacy,NL0 20,1,0.0,59329.06935279719,59329.069352797116
35,NL0 27 0 offwind-ac,legacy,NL0 27,1,0.0,59329.06935279719,59329.069352797116
35,NL0 31 0 offwind-ac,legacy,NL0 31,2,0.0,48541.96583407945,48541.96583407938
35,NL0 32 0 offwind-ac,legacy,NL0 32,1,0.0,59329.06935279719,59329.069352797116
35,NL0 7 0 offwind-ac,legacy,NL0 7,3,0.0,53935.51759343677,53935.5175934367
35,NL0 0 0 onwind,legacy,NL0 0,1,0.0,59329.06935279719,59329.069352797116
35,NL0 1 0 onwind,legacy,NL0 1,3,0.0,53935.51759343677,53935.5175934367
35,NL0 10 0 onwind,legacy,NL0 10,1,0.0,59329.06935279719,59329.069352797116
35,NL0 11 0 onwind,legacy,NL0 11,3,0.0,53935.51759343677,53935.5175934367
35,NL0 12 0 onwind,legacy,NL0 12,2,0.0,48541.96583407945,48541.96583407938
35,NL0 13 0 onwind,legacy,NL0 13,3,0.0,53935.51759343677,53935.5175934367
35,NL0 14 0 onwind,legacy,NL0 14,2,0.0,48541.96583407945,48541.96583407938
35,NL0 15 0 onwind,legacy,NL0 15,2,0.0,48541.96583407945,48541.96583407938
35,NL0 17 0 onwind,legacy,NL0 17,1,0.0,59329.06935279719,59329.069352797116
35,NL0 19 0 onwind,legacy,NL0 19,2,0.0,48541.96583407945,48541.96583407938
35,NL0 2 0 onwind,legacy,NL0 2,2,0.0,48541.96583407945,48541.96583407938
35,NL0 20 0 onwind,legacy,NL0 20,1,0.0,59329.06935279719,59329.069352797116
35,NL0 21 0 onwind,legacy,NL0 21,1,0.0,59329.06935279719,59329.069352797116
35,NL0 22 0 onwind,legacy,NL0 22,3,0.0,53935.51759343677,53935.5175934367
35,NL0 23 0 onwind,legacy,NL0 23,1,0.0,59329.06935279719,59329.069352797116
35,NL0 24 0 onwind,legacy,NL0 24,1,0.0,59329.06935279719,59329.069352797116
35,NL0 27 0 onwind,legacy,NL0 27,1,0.0,59329.06935279719,59329.069352797116
35,NL0 3 0 onwind,legacy,NL0 3,1,0.0,59329.06935279719,59329.069352797116
35,NL0 30 0 onwind,legacy,NL0 30,1,0.0,59329.06935279719,59329.069352797116
35,NL0 31 0 onwind,legacy,NL0 31,2,0.0,48541.96583407945,48541.96583407938
35,NL0 4 0 onwind,legacy,NL0 4,2,0.0,48541.96583407945,48541.96583407938
35,NL0 5 0 onwind,legacy,NL0 5,3,0.0,53935.51759343677,53935.5175934367
35,NL0 6 0 onwind,legacy,NL0 6,3,0.0,53935.51759343677,53935.5175934367
35,NL0 7 0 onwind,legacy,NL0 7,3,0.0,53935.51759343677,53935.5175934367
35,NL0 8 0 onwind,legacy,NL0 8,1,0.0,59329.06935279719,59329.069352797116
35,NL0 9 0 onwind,legacy,NL0 9,3,0.0,53935.51759343677,53935.5175934367
36,NL0 0 Invest,investable,NL0 0,1,0.0,59329.06935279719,59329.06935292875
36,NL0 1 Invest,investable,NL0 1,3,0.0,53935.51759343677,53935.51759357159
36,NL0 10 Invest,investable,NL0 10,1,1000.0,59329.06935279719,59329.06935292875
36,NL0 11 Invest,investable,NL0 11,3,0.0,53935.51759343677,53935.51759357159
36,NL0 12 Invest,investable,NL0 12,2,1000.0,48541.96583407945,48541.96583421443
36,NL0 13 Invest,investable,NL0 13,3,678.1047541590506,53935.51759343677,53935.51759357159
36,NL0 14 Invest,investable,NL0 14,2,1000.0,48541.96583407945,48541.96583421443
36,NL0 15 Invest,investable,NL0 15,2,0.0,48541.96583407945,48541.96583421443
36,NL0 16 Invest,investable,NL0 16,1,0.0,59329.06935279719,59329.06935292875
36,NL0 17 Invest,investable,NL0 17,1,0.0,59329.06935279719,59329.06935292875
36,NL0 18 Invest,investable,NL0 18,1,0.0,59329.06935279719,59329.06935292875
36,NL0 19 Invest,investable,NL0 19,2,0.0,48541.96583407945,48541.96583421443
36,NL0 2 Invest,investable,NL0 2,2,0.0,48541.96583407945,48541.96583421443
36,NL0 20 Invest,investable,NL0 20,1,1000.0,59329.06935279719,59329.06935292875
36,NL0 21 Invest,investable,NL0 21,1,0.0,59329.06935279719,59329.06935292875
36,NL0 22 Invest,investable,NL0 22,3,1000.0,53935.51759343677,53935.51759357159
36,NL0 23 Invest,investable,NL0 23,1,0.0,59329.06935279719,59329.06935292875
36,NL0 24 Invest,investable,NL0 24,1,1000.0,59329.06935279719,59329.06935292875
36,NL0 25 Invest,investable,NL0 25,2,1000.0,48541.96583407945,48541.96583421443
36,NL0 26 Invest,investable,NL0 26,2,987.3248031843468,48541.96583407945,48541.96583421443
36,NL0 27 Invest,investable,NL0 27,1,35.5312178697568,59329.06935279719,59329.06935292875
36,NL0 28 Invest,investable,NL0 28,2,1000.0,48541.96583407945,48541.96583421443
36,NL0 3 Invest,investable,NL0 3,1,0.0,59329.06935279719,59329.06935292875
36,NL0 30 Invest,investable,NL0 30,1,0.0,59329.06935279719,59329.06935292875
36,NL0 31 Invest,investable,NL0 31,2,1000.0,48541.96583407945,48541.96583421443
36,NL0 33 Invest,investable,NL0 33,1,0.0,59329.06935279719,59329.06935292875
36,NL0 4 Invest,investable,NL0 4,2,0.0,48541.96583407945,48541.96583421443
36,NL0 5 Invest,investable,NL0 5,3,1000.0,53935.51759343677,53935.51759357159
36,NL0 6 Invest,investable,NL0 6,3,1000.0,53935.51759343677,53935.51759357159
36,NL0 7 Invest,investable,NL0 7,3,1000.0,53935.51759343677,53935.51759357159
36,NL0 8 Invest,investable,NL0 8,1,0.0,59329.06935279719,59329.06935292875
36,NL0 9 Invest,investable,NL0 9,3,1000.0,53935.51759343677,53935.51759357159
36,NL0 1 biomass,legacy,NL0 1,3,71.0,53935.51759343677,53935.51759343677
36,NL0 1 waste,legacy,NL0 1,3,31.0,53935.51759343677,53935.51759343677
36,NL0 10 waste,legacy,NL0 10,1,150.0,59329.06935279719,59329.06935279719
36,NL0 11 biomass,legacy,NL0 11,3,20.0,53935.51759343677,53935.51759343677
36,NL0 11 waste,legacy,NL0 11,3,50.0,53935.51759343677,53935.51759343677
36,NL0 13 biomass,legacy,NL0 13,3,77.0,53935.51759343677,53935.51759343677
36,NL0 19 biomass,legacy,NL0 19,2,49.0,48541.96583407945,48541.96583407945
36,NL0 19 waste,legacy,NL0 19,2,36.0,48541.96583407945,48541.96583407945
36,NL0 22 biomass,legacy,NL0 22,3,500.0,53935.51759343677,53935.51759343677
36,NL0 25 waste,legacy,NL0 25,2,54.0,48541.96583407945,48541.96583407945
36,NL0 27 biomass,legacy,NL0 27,1,22.0,59329.06935279719,59329.06935279719
36,NL0 27 waste,legacy,NL0 27,1,71.2,59329.06935279719,59329.06935279719
36,NL0 3 biomass,legacy,NL0 3,1,22.0,59329.06935279719,59329.06935279719
36,NL0 3 waste,legacy,NL0 3,1,108.0,59329.06935279719,59329.06935279719
36,NL0 30 biomass,legacy,NL0 30,1,60.0,59329.06935279719,59329.06935279719
36,NL0 7 nuclear,legacy,NL0 7,3,515.0,53935.51759343677,53935.51759343677
36,NL0 7 waste,legacy,NL0 7,3,39.0,53935.51759343677,53935.51759343677
36,NL0 8 biomass,legacy,NL0 8,1,36.0,59329.06935279719,59329.06935279719
36,NL0 8 waste,legacy,NL0 8,1,157.0,59329.06935279719,59329.06935279719
36,NL0 9 biomass,legacy,NL0 9,3,20.0,53935.51759343677,53935.51759343677
36,NL0 0 0 solar,legacy,NL0 0,1,0.0,59329.06935279719,59329.069352797116
36,NL0 1 0 solar,legacy,NL0 1,3,0.0,53935.51759343677,53935.5175934367
36,NL0 10 0 solar,legacy,NL0 10,1,0.0,59329.06935279719,59329.069352797116
36,NL0 11 0 solar,legacy,NL0 11,3,0.0,53935.51759343677,53935.5175934367
36,NL0 12 0 solar,legacy,NL0 12,2,0.0,48541.96583407945,48541.96583407938
36,NL0 13 0 solar,legacy,NL0 13,3,0.0,53935.51759343677,53935.5175934367
36,NL0 14 0 solar,legacy,NL0 14,2,0.0,48541.96583407945,48541.96583407938
36,NL0 15 0 solar,legacy,NL0 15,2,0.0,48541.96583407945,48541.96583407938
36,NL0 16 0 solar,legacy,NL0 16,1,0.0,59329.06935279719,59329.069352797116
36,NL0 17 0 solar,legacy,NL0 17,1,0.0,59329.06935279719,59329.069352797116
36,NL0 18 0 solar,legacy,NL0 18,1,0.0,59329.06935279719,59329.069352797116
36,NL0 19 0 solar,legacy,NL0 19,2,0.0,48541.96583407945,48541.96583407938
36,NL0 2 0 solar,legacy,NL0 2,2,0.0,48541.96583407945,48541.96583407938
36,NL0 20 0 solar,legacy,NL0 20,1,0.0,59329.06935279719,59329.069352797116
36,NL0 21 0 solar,legacy,NL0 21,1,0.0,59329.06935279719,59329.069352797116
36,NL0 22 0 solar,legacy,NL0 22,3,0.0,53935.51759343677,53935.5175934367
36,NL0 23 0 solar,legacy,NL0 23,1,0.0,59329.06935279719,59329.069352797116
36,NL0 24 0 solar,legacy,NL0 24,1,0.0,59329.06935279719,59329.069352797116
36,NL0 25 0 solar,legacy,NL0 25,2,0.0,48541.96583407945,48541.96583407938
36,NL0 26 0 solar,legacy,NL0 26,2,0.0,48541.96583407945,48541.96583407938
36,NL0 27 0 solar,legacy,NL0 27,1,0.0,59329.06935279719,59329.069352797116
36,NL0 28 0 solar,legacy,NL0 28,2,0.0,48541.96583407945,48541.96583407938
36,NL0 3 0 solar,legacy,NL0 3,1,0.0,59329.06935279719,59329.069352797116
36,NL0 30 0 solar,legacy,NL0 30,1,0.0,59329.06935279719,59329.069352797116
36,NL0 31 0 solar,legacy,NL0 31,2,0.0,48541.96583407945,48541.96583407938
36,NL0 4 0 solar,legacy,NL0 4,2,0.0,48541.96583407945,48541.96583407938
36,NL0 5 0 solar,legacy,NL0 5,3,0.0,53935.51759343677,53935.5175934367
36,NL0 6 0 solar,legacy,NL0 6,3,0.0,53935.51759343677,53935.5175934367
36,NL0 7 0 solar,legacy,NL0 7,3,0.0,53935.51759343677,53935.5175934367
36,NL0 8 0 solar,legacy,NL0 8,1,0.0,59329.06935279719,59329.069352797116
36,NL0 9 0 solar,legacy,NL0 9,3,0.0,53935.51759343677,53935.5175934367
36,NL0 20 0 offwind-ac,legacy,NL0 20,1,0.0,59329.06935279719,59329.069352797116
36,NL0 27 0 offwind-ac,legacy,NL0 27,1,0.0,59329.06935279719,59329.069352797116
36,NL0 31 0 offwind-ac,legacy,NL0 31,2,0.0,48541.96583407945,48541.96583407938
36,NL0 32 0 offwind-ac,legacy,NL0 32,1,0.0,59329.06935279719,59329.069352797116
36,NL0 7 0 offwind-ac,legacy,NL0 7,3,0.0,53935.51759343677,53935.5175934367
36,NL0 0 0 onwind,legacy,NL0 0,1,0.0,59329.06935279719,59329.069352797116
36,NL0 1 0 onwind,legacy,NL0 1,3,0.0,53935.51759343677,53935.5175934367
36,NL0 10 0 onwind,legacy,NL0 10,1,0.0,59329.06935279719,59329.069352797116
36,NL0 11 0 onwind,legacy,NL0 11,3,0.0,53935.51759343677,53935.5175934367
36,NL0 12 0 onwind,legacy,NL0 12,2,0.0,48541.96583407945,48541.96583407938
36,NL0 13 0 onwind,legacy,NL0 13,3,0.0,53935.51759343677,53935.5175934367
36,NL0 14 0 onwind,legacy,NL0 14,2,0.0,48541.96583407945,48541.96583407938
36,NL0 15 0 onwind,legacy,NL0 15,2,0.0,48541.96583407945,48541.96583407938
36,NL0 17 0 onwind,legacy,NL0 17,1,0.0,59329.06935279719,59329.069352797116
36,NL0 19 0 onwind,legacy,NL0 19,2,0.0,48541.96583407945,48541.96583407938
36,NL0 2 0 onwind,legacy,NL0 2,2,0.0,48541.96583407945,48541.96583407938
36,NL0 20 0 onwind,legacy,NL0 20,1,0.0,59329.06935279719,59329.069352797116
36,NL0 21 0 onwind,legacy,NL0 21,1,0.0,59329.06935279719,59329.069352797116
36,NL0 22 0 onwind,legacy,NL0 22,3,0.0,53935.51759343677,53935.5175934367
36,NL0 23 0 onwind,legacy,NL0 23,1,0.0,59329.06935279719,59329.069352797116
36,NL0 24 0 onwind,legacy,NL0 24,1,0.0,59329.06935279719,59329.069352797116
36,NL0 27 0 onwind,legacy,NL0 27,1,0.0,59329.06935279719,59329.069352797116
36,NL0 3 0 onwind,legacy,NL0 3,1,0.0,59329.06935279719,59329.069352797116
36,NL0 30 0 onwind,legacy,NL0 30,1,0.0,59329.06935279719,59329.069352797116
36,NL0 31 0 onwind,legacy,NL0 31,2,0.0,48541.96583407945,48541.96583407938
36,NL0 4 0 onwind,legacy,NL0 4,2,0.0,48541.96583407945,48541.96583407938
36,NL0 5 0 onwind,legacy,NL0 5,3,0.0,53935.51759343677,53935.5175934367
36,NL0 6 0 onwind,legacy,NL0 6,3,0.0,53935.51759343677,53935.5175934367
36,NL0 7 0 onwind,legacy,NL0 7,3,0.0,53935.51759343677,53935.5175934367
36,NL0 8 0 onwind,legacy,NL0 8,1,0.0,59329.06935279719,59329.069352797116
36,NL0 9 0 onwind,legacy,NL0 9,3,0.0,53935.51759343677,53935.5175934367
37,NL0 0 Invest,investable,NL0 0,1,0.0,59329.06935279719,59329.06935292875
37,NL0 1 Invest,investable,NL0 1,3,1000.0,53935.51759343677,53935.51759357159
37,NL0 10 Invest,investable,NL0 10,1,0.0,59329.06935279719,59329.06935292875
37,NL0 11 Invest,investable,NL0 11,3,1000.0,53935.51759343677,53935.51759357159
37,NL0 12 Invest,investable,NL0 12,2,0.0,48541.96583407945,48541.96583421443
37,NL0 13 Invest,investable,NL0 13,3,1000.0,53935.51759343677,53935.51759357159
37,NL0 14 Invest,investable,NL0 14,2,987.3248031843468,48541.96583407945,48541.96583421443
37,NL0 15 Invest,investable,NL0 15,2,1000.0,48541.96583407945,48541.96583421443
37,NL0 16 Invest,investable,NL0 16,1,1000.0,59329.06935279719,59329.06935292875
37,NL0 17 Invest,investable,NL0 17,1,0.0,59329.06935279719,59329.06935292875
37,NL0 18 Invest,investable,NL0 18,1,0.0,59329.06935279719,59329.06935292875
37,NL0 19 Invest,investable,NL0 19,2,1000.0,48541.96583407945,48541.96583421443
37,NL0 2 Invest,investable,NL0 2,2,1000.0,48541.96583407945,48541.96583421443
37,NL0 20 Invest,investable,NL0 20,1,0.0,59329.06935279719,59329.06935292875
37,NL0 21 Invest,investable,NL0 21,1,0.0,59329.06935279719,59329.06935292875
37,NL0 22 Invest,investable,NL0 22,3,0.0,53935.51759343677,53935.51759357159
37,NL0 23 Invest,investable,NL0 23,1,0.0,59329.06935279719,59329.06935292875
37,NL0 24 Invest,investable,NL0 24,1,0.0,59329.06935279719,59329.06935292875
37,NL0 25 Invest,investable,NL0 25,2,0.0,48541.96583407945,48541.96583421443
37,NL0 26 Invest,investable,NL0 26,2,1000.0,48541.96583407945,48541.96583421443
37,NL0 27 Invest,investable,NL0 27,1,0.0,59329.06935279719,59329.06935292875
37,NL0 28 Invest,investable,NL0 28,2,0.0,48541.96583407945,48541.96583421443
37,NL0 3 Invest,investable,NL0 3,1,1000.0,59329.06935279719,59329.06935292875
37,NL0 30 Invest,investable,NL0 30,1,0.0,59329.06935279719,59329.06935292875
37,NL0 31 Invest,investable,NL0 31,2,0.0,48541.96583407945,48541.96583421443
37,NL0 33 Invest,investable,NL0 33,1,35.5312178697568,59329.06935279719,59329.06935292875
37,NL0 4 Invest,investable,NL0 4,2,1000.0,48541.96583407945,48541.96583421443
37,NL0 5 Invest,investable,NL0 5,3,678.1047541590506,53935.51759343677,53935.51759357159
37,NL0 6 Invest,investable,NL0 6,3,1000.0,53935.51759343677,53935.51759357159
37,NL0 7 Invest,investable,NL0 7,3,0.0,53935.51759343677,53935.51759357159
37,NL0 8 Invest,investable,NL0 8,1,1000.0,59329.06935279719,59329.06935292875
37,NL0 9 Invest,investable,NL0 9,3,1000.0,53935.51759343677,53935.51759357159
37,NL0 1 biomass,legacy,NL0 1,3,71.0,53935.51759343677,53935.51759343677
37,NL0 1 waste,legacy,NL0 1,3,31.0,53935.51759343677,53935.51759343677
37,NL0 10 waste,legacy,NL0 10,1,150.0,59329.06935279719,59329.06935279719
37,NL0 11 biomass,legacy,NL0 11,3,20.0,53935.51759343677,53935.51759343677
37,NL0 11 waste,legacy,NL0 11,3,50.0,53935.51759343677,53935.51759343677
37,NL0 13 biomass,legacy,NL0 13,3,77.0,53935.51759343677,53935.51759343677
37,NL0 19 biomass,legacy,NL0 19,2,49.0,48541.96583407945,48541.96583407945
37,NL0 19 waste,legacy,NL0 19,2,36.0,48541.96583407945,48541.96583407945
37,NL0 22 biomass,legacy,NL0 22,3,500.0,53935.51759343677,53935.51759343677
37,NL0 25 waste,legacy,NL0 25,2,54.0,48541.96583407945,48541.96583407945
37,NL0 27 biomass,legacy,NL0 27,1,22.0,59329.06935279719,59329.06935279719
37,NL0 27 waste,legacy,NL0 27,1,71.2,59329.06935279719,59329.06935279719
37,NL0 3 biomass,legacy,NL0 3,1,22.0,59329.06935279719,59329.06935279719
37,NL0 3 waste,legacy,NL0 3,1,108.0,59329.06935279719,59329.06935279719
37,NL0 30 biomass,legacy,NL0 30,1,60.0,59329.06935279719,59329.06935279719
37,NL0 7 nuclear,legacy,NL0 7,3,515.0,53935.51759343677,53935.51759343677
37,NL0 7 waste,legacy,NL0 7,3,39.0,53935.51759343677,53935.51759343677
37,NL0 8 biomass,legacy,NL0 8,1,36.0,59329.06935279719,59329.06935279719
37,NL0 8 waste,legacy,NL0 8,1,157.0,59329.06935279719,59329.06935279719
37,NL0 9 biomass,legacy,NL0 9,3,20.0,53935.51759343677,53935.51759343677
37,NL0 0 0 solar,legacy,NL0 0,1,0.0,59329.06935279719,59329.069352797116
37,NL0 1 0 solar,legacy,NL0 1,3,0.0,53935.51759343677,53935.5175934367
37,NL0 10 0 solar,legacy,NL0 10,1,0.0,59329.06935279719,59329.069352797116
37,NL0 11 0 solar,legacy,NL0 11,3,0.0,53935.51759343677,53935.5175934367
37,NL0 12 0 solar,legacy,NL0 12,2,0.0,48541.96583407945,48541.96583407938
37,NL0 13 0 solar,legacy,NL0 13,3,0.0,53935.51759343677,53935.5175934367
37,NL0 14 0 solar,legacy,NL0 14,2,0.0,48541.96583407945,48541.96583407938
37,NL0 15 0 solar,legacy,NL0 15,2,0.0,48541.96583407945,48541.96583407938
37,NL0 16 0 solar,legacy,NL0 16,1,0.0,59329.06935279719,59329.069352797116
37,NL0 17 0 solar,legacy,NL0 17,1,0.0,59329.06935279719,59329.069352797116
37,NL0 18 0 solar,legacy,NL0 18,1,0.0,59329.06935279719,59329.069352797116
37,NL0 19 0 solar,legacy,NL0 19,2,0.0,48541.96583407945,48541.96583407938
37,NL0 2 0 solar,legacy,NL0 2,2,0.0,48541.96583407945,48541.96583407938
37,NL0 20 0 solar,legacy,NL0 20,1,0.0,59329.06935279719,59329.069352797116
37,NL0 21 0 solar,legacy,NL0 21,1,0.0,59329.06935279719,59329.069352797116
37,NL0 22 0 solar,legacy,NL0 22,3,0.0,53935.51759343677,53935.5175934367
37,NL0 23 0 solar,legacy,NL0 23,1,0.0,59329.06935279719,59329.069352797116
37,NL0 24 0 solar,legacy,NL0 24,1,0.0,59329.06935279719,59329.069352797116
37,NL0 25 0 solar,legacy,NL0 25,2,0.0,48541.96583407945,48541.96583407938
37,NL0 26 0 solar,legacy,NL0 26,2,0.0,48541.96583407945,48541.96583407938
37,NL0 27 0 solar,legacy,NL0 27,1,0.0,59329.06935279719,59329.069352797116
37,NL0 28 0 solar,legacy,NL0 28,2,0.0,48541.96583407945,48541.96583407938
37,NL0 3 0 solar,legacy,NL0 3,1,0.0,59329.06935279719,59329.069352797116
37,NL0 30 0 solar,legacy,NL0 30,1,0.0,59329.06935279719,59329.069352797116
37,NL0 31 0 solar,legacy,NL0 31,2,0.0,48541.96583407945,48541.96583407938
37,NL0 4 0 solar,legacy,NL0 4,2,0.0,48541.96583407945,48541.96583407938
37,NL0 5 0 solar,legacy,NL0 5,3,0.0,53935.51759343677,53935.5175934367
37,NL0 6 0 solar,legacy,NL0 6,3,0.0,53935.51759343677,53935.5175934367
37,NL0 7 0 solar,legacy,NL0 7,3,0.0,53935.51759343677,53935.5175934367
37,NL0 8 0 solar,legacy,NL0 8,1,0.0,59329.06935279719,59329.069352797116
37,NL0 9 0 solar,legacy,NL0 9,3,0.0,53935.51759343677,53935.5175934367
37,NL0 20 0 offwind-ac,legacy,NL0 20,1,0.0,59329.06935279719,59329.069352797116
37,NL0 27 0 offwind-ac,legacy,NL0 27,1,0.0,59329.06935279719,59329.069352797116
37,NL0 31 0 offwind-ac,legacy,NL0 31,2,0.0,48541.96583407945,48541.96583407938
37,NL0 32 0 offwind-ac,legacy,NL0 32,1,0.0,59329.06935279719,59329.069352797116
37,NL0 7 0 offwind-ac,legacy,NL0 7,3,0.0,53935.51759343677,53935.5175934367
37,NL0 0 0 onwind,legacy,NL0 0,1,0.0,59329.06935279719,59329.069352797116
37,NL0 1 0 onwind,legacy,NL0 1,3,0.0,53935.51759343677,53935.5175934367
37,NL0 10 0 onwind,legacy,NL0 10,1,0.0,59329.06935279719,59329.069352797116
37,NL0 11 0 onwind,legacy,NL0 11,3,0.0,53935.51759343677,53935.5175934367
37,NL0 12 0 onwind,legacy,NL0 12,2,0.0,48541.96583407945,48541.96583407938
37,NL0 13 0 onwind,legacy,NL0 13,3,0.0,53935.51759343677,53935.5175934367
37,NL0 14 0 onwind,legacy,NL0 14,2,0.0,48541.96583407945,48541.96583407938
37,NL0 15 0 onwind,legacy,NL0 15,2,0.0,48541.96583407945,48541.96583407938
37,NL0 17 0 onwind,legacy,NL0 17,1,0.0,59329.06935279719,59329.069352797116
37,NL0 19 0 onwind,legacy,NL0 19,2,0.0,48541.96583407945,48541.96583407938
37,NL0 2 0 onwind,legacy,NL0 2,2,0.0,48541.96583407945,48541.96583407938
37,NL0 20 0 onwind,legacy,NL0 20,1,0.0,59329.06935279719,59329.069352797116
37,NL0 21 0 onwind,legacy,NL0 21,1,0.0,59329.06935279719,59329.069352797116
37,NL0 22 0 onwind,legacy,NL0 22,3,0.0,53935.51759343677,53935.5175934367
37,NL0 23 0 onwind,legacy,NL0 23,1,0.0,59329.06935279719,59329.069352797116
37,NL0 24 0 onwind,legacy,NL0 24,1,0.0,59329.06935279719,59329.069352797116
37,NL0 27 0 onwind,legacy,NL0 27,1,0.0,59329.06935279719,59329.069352797116
37,NL0 3 0 onwind,legacy,NL0 3,1,0.0,59329.06935279719,59329.069352797116
37,NL0 30 0 onwind,legacy,NL0 30,1,0.0,59329.06935279719,59329.069352797116
37,NL0 31 0 onwind,legacy,NL0 31,2,0.0,48541.96583407945,48541.96583407938
37,NL0 4 0 onwind,legacy,NL0 4,2,0.0,48541.96583407945,48541.96583407938
37,NL0 5 0 onwind,legacy,NL0 5,3,0.0,53935.51759343677,53935.5175934367
37,NL0 6 0 onwind,legacy,NL0 6,3,0.0,53935.51759343677,53935.5175934367
37,NL0 7 0 onwind,legacy,NL0 7,3,0.0,53935.51759343677,53935.5175934367
37,NL0 8 0 onwind,legacy,NL0 8,1,0.0,59329.06935279719,59329.069352797116
37,NL0 9 0 onwind,legacy,NL0 9,3,0.0,53935.51759343677,53935.5175934367
38,NL0 0 Invest,investable,NL0 0,1,0.0,59329.06935279719,59329.06935292875
38,NL0 1 Invest,investable,NL0 1,3,0.0,53935.51759343677,53935.51759357159
38,NL0 10 Invest,investable,NL0 10,1,1000.0,59329.06935279719,59329.06935292875
38,NL0 11 Invest,investable,NL0 11,3,0.0,53935.51759343677,53935.51759357159
38,NL0 12 Invest,investable,NL0 12,2,1000.0,48541.96583407945,48541.96583421443
38,NL0 13 Invest,investable,NL0 13,3,678.1047541590506,53935.51759343677,53935.51759357159
38,NL0 14 Invest,investable,NL0 14,2,1000.0,48541.96583407945,48541.96583421443
38,NL0 15 Invest,investable,NL0 15,2,0.0,48541.96583407945,48541.96583421443
38,NL0 16 Invest,investable,NL0 16,1,0.0,59329.06935279719,59329.06935292875
38,NL0 17 Invest,investable,NL0 17,1,0.0,59329.06935279719,59329.06935292875
38,NL0 18 Invest,investable,NL0 18,1,0.0,59329.06935279719,59329.06935292875
38,NL0 19 Invest,investable,NL0 19,2,0.0,48541.96583407945,48541.96583421443
38,NL0 2 Invest,investable,NL0 2,2,0.0,48541.96583407945,48541.96583421443
38,NL0 20 Invest,investable,NL0 20,1,1000.0,59329.06935279719,59329.06935292875
38,NL0 21 Invest,investable,NL0 21,1,0.0,59329.06935279719,59329.06935292875
38,NL0 22 Invest,investable,NL0 22,3,1000.0,53935.51759343677,53935.51759357159
38,NL0 23 Invest,investable,NL0 23,1,0.0,59329.06935279719,59329.06935292875
38,NL0 24 Invest,investable,NL0 24,1,1000.0,59329.06935279719,59329.06935292875
38,NL0 25 Invest,investable,NL0 25,2,1000.0,48541.96583407945,48541.96583421443
38,NL0 26 Invest,investable,NL0 26,2,987.3248031843468,48541.96583407945,48541.96583421443
38,NL0 27 Invest,investable,NL0 27,1,35.5312178697568,59329.06935279719,59329.06935292875
38,NL0 28 Invest,investable,NL0 28,2,1000.0,48541.96583407945,48541.96583421443
38,NL0 3 Invest,investable,NL0 3,1,0.0,59329.06935279719,59329.06935292875
38,NL0 30 Invest,investable,NL0 30,1,0.0,59329.06935279719,59329.06935292875
38,NL0 31 Invest,investable,NL0 31,2,1000.0,48541.96583407945,48541.96583421443
38,NL0 33 Invest,investable,NL0 33,1,0.0,59329.06935279719,59329.06935292875
38,NL0 4 Invest,investable,NL0 4,2,0.0,48541.96583407945,48541.96583421443
38,NL0 5 Invest,investable,NL0 5,3,1000.0,53935.51759343677,53935.51759357159
38,NL0 6 Invest,investable,NL0 6,3,1000.0,53935.51759343677,53935.51759357159
38,NL0 7 Invest,investable,NL0 7,3,1000.0,53935.51759343677,53935.51759357159
38,NL0 8 Invest,investable,NL0 8,1,0.0,59329.06935279719,59329.06935292875
38,NL0 9 Invest,investable,NL0 9,3,1000.0,53935.51759343677,53935.51759357159
38,NL0 1 biomass,legacy,NL0 1,3,71.0,53935.51759343677,53935.51759343677
38,NL0 1 waste,legacy,NL0 1,3,31.0,53935.51759343677,53935.51759343677
38,NL0 10 waste,legacy,NL0 10,1,150.0,59329.06935279719,59329.06935279719
38,NL0 11 biomass,legacy,NL0 11,3,20.0,53935.51759343677,53935.51759343677
38,NL0 11 waste,legacy,NL0 11,3,50.0,53935.51759343677,53935.51759343677
38,NL0 13 biomass,legacy,NL0 13,3,77.0,53935.51759343677,53935.51759343677
38,NL0 19 biomass,legacy,NL0 19,2,49.0,48541.96583407945,48541.96583407945
38,NL0 19 waste,legacy,NL0 19,2,36.0,48541.96583407945,48541.96583407945
38,NL0 22 biomass,legacy,NL0 22,3,500.0,53935.51759343677,53935.51759343677
38,NL0 25 waste,legacy,NL0 25,2,54.0,48541.96583407945,48541.96583407945
38,NL0 27 biomass,legacy,NL0 27,1,22.0,59329.06935279719,59329.06935279719
38,NL0 27 waste,legacy,NL0 27,1,71.2,59329.06935279719,59329.06935279719
38,NL0 3 biomass,legacy,NL0 3,1,22.0,59329.06935279719,59329.06935279719
38,NL0 3 waste,legacy,NL0 3,1,108.0,59329.06935279719,59329.06935279719
38,NL0 30 biomass,legacy,NL0 30,1,60.0,59329.06935279719,59329.06935279719
38,NL0 7 nuclear,legacy,NL0 7,3,515.0,53935.51759343677,53935.51759343677
38,NL0 7 waste,legacy,NL0 7,3,39.0,53935.51759343677,53935.51759343677
38,NL0 8 biomass,legacy,NL0 8,1,36.0,59329.06935279719,59329.06935279719
38,NL0 8 waste,legacy,NL0 8,1,157.0,59329.06935279719,59329.06935279719
38,NL0 9 biomass,legacy,NL0 9,3,20.0,53935.51759343677,53935.51759343677
38,NL0 0 0 solar,legacy,NL0 0,1,0.0,59329.06935279719,59329.069352797116
38,NL0 1 0 solar,legacy,NL0 1,3,0.0,53935.51759343677,53935.5175934367
38,NL0 10 0 solar,legacy,NL0 10,1,0.0,59329.06935279719,59329.069352797116
38,NL0 11 0 solar,legacy,NL0 11,3,0.0,53935.51759343677,53935.5175934367
38,NL0 12 0 solar,legacy,NL0 12,2,0.0,48541.96583407945,48541.96583407938
38,NL0 13 0 solar,legacy,NL0 13,3,0.0,53935.51759343677,53935.5175934367
38,NL0 14 0 solar,legacy,NL0 14,2,0.0,48541.96583407945,48541.96583407938
38,NL0 15 0 solar,legacy,NL0 15,2,0.0,48541.96583407945,48541.96583407938
38,NL0 16 0 solar,legacy,NL0 16,1,0.0,59329.06935279719,59329.069352797116
38,NL0 17 0 solar,legacy,NL0 17,1,0.0,59329.06935279719,59329.069352797116
38,NL0 18 0 solar,legacy,NL0 18,1,0.0,59329.06935279719,59329.069352797116
38,NL0 19 0 solar,legacy,NL0 19,2,0.0,48541.96583407945,48541.96583407938
38,NL0 2 0 solar,legacy,NL0 2,2,0.0,48541.96583407945,48541.96583407938
38,NL0 20 0 solar,legacy,NL0 20,1,0.0,59329.06935279719,59329.069352797116
38,NL0 21 0 solar,legacy,NL0 21,1,0.0,59329.06935279719,59329.069352797116
38,NL0 22 0 solar,legacy,NL0 22,3,0.0,53935.51759343677,53935.5175934367
38,NL0 23 0 solar,legacy,NL0 23,1,0.0,59329.06935279719,59329.069352797116
38,NL0 24 0 solar,legacy,NL0 24,1,0.0,59329.06935279719,59329.069352797116
38,NL0 25 0 solar,legacy,NL0 25,2,0.0,48541.96583407945,48541.96583407938
38,NL0 26 0 solar,legacy,NL0 26,2,0.0,48541.96583407945,48541.96583407938
38,NL0 27 0 solar,legacy,NL0 27,1,0.0,59329.06935279719,59329.069352797116
38,NL0 28 0 solar,legacy,NL0 28,2,0.0,48541.96583407945,48541.96583407938
38,NL0 3 0 solar,legacy,NL0 3,1,0.0,59329.06935279719,59329.069352797116
38,NL0 30 0 solar,legacy,NL0 30,1,0.0,59329.06935279719,59329.069352797116
38,NL0 31 0 solar,legacy,NL0 31,2,0.0,48541.96583407945,48541.96583407938
38,NL0 4 0 solar,legacy,NL0 4,2,0.0,48541.96583407945,48541.96583407938
38,NL0 5 0 solar,legacy,NL0 5,3,0.0,53935.51759343677,53935.5175934367
38,NL0 6 0 solar,legacy,NL0 6,3,0.0,53935.51759343677,53935.5175934367
38,NL0 7 0 solar,legacy,NL0 7,3,0.0,53935.51759343677,53935.5175934367
38,NL0 8 0 solar,legacy,NL0 8,1,0.0,59329.06935279719,59329.069352797116
38,NL0 9 0 solar,legacy,NL0 9,3,0.0,53935.51759343677,53935.5175934367
38,NL0 20 0 offwind-ac,legacy,NL0 20,1,0.0,59329.06935279719,59329.069352797116
38,NL0 27 0 offwind-ac,legacy,NL0 27,1,0.0,59329.06935279719,59329.069352797116
38,NL0 31 0 offwind-ac,legacy,NL0 31,2,0.0,48541.96583407945,48541.96583407938
38,NL0 32 0 offwind-ac,legacy,NL0 32,1,0.0,59329.06935279719,59329.069352797116
38,NL0 7 0 offwind-ac,legacy,NL0 7,3,0.0,53935.51759343677,53935.5175934367
38,NL0 0 0 onwind,legacy,NL0 0,1,0.0,59329.06935279719,59329.069352797116
38,NL0 1 0 onwind,legacy,NL0 1,3,0.0,53935.51759343677,53935.5175934367
38,NL0 10 0 onwind,legacy,NL0 10,1,0.0,59329.06935279719,59329.069352797116
38,NL0 11 0 onwind,legacy,NL0 11,3,0.0,53935.51759343677,53935.5175934367
38,NL0 12 0 onwind,legacy,NL0 12,2,0.0,48541.96583407945,48541.96583407938
38,NL0 13 0 onwind,legacy,NL0 13,3,0.0,53935.51759343677,53935.5175934367
38,NL0 14 0 onwind,legacy,NL0 14,2,0.0,48541.96583407945,48541.96583407938
38,NL0 15 0 onwind,legacy,NL0 15,2,0.0,48541.96583407945,48541.96583407938
38,NL0 17 0 onwind,legacy,NL0 17,1,0.0,59329.06935279719,59329.069352797116
38,NL0 19 0 onwind,legacy,NL0 19,2,0.0,48541.96583407945,48541.96583407938
38,NL0 2 0 onwind,legacy,NL0 2,2,0.0,48541.96583407945,48541.96583407938
38,NL0 20 0 onwind,legacy,NL0 20,1,0.0,59329.06935279719,59329.069352797116
38,NL0 21 0 onwind,legacy,NL0 21,1,0.0,59329.06935279719,59329.069352797116
38,NL0 22 0 onwind,legacy,NL0 22,3,0.0,53935.51759343677,53935.5175934367
38,NL0 23 0 onwind,legacy,NL0 23,1,0.0,59329.06935279719,59329.069352797116
38,NL0 24 0 onwind,legacy,NL0 24,1,0.0,59329.06935279719,59329.069352797116
38,NL0 27 0 onwind,legacy,NL0 27,1,0.0,59329.06935279719,59329.069352797116
38,NL0 3 0 onwind,legacy,NL0 3,1,0.0,59329.06935279719,59329.069352797116
38,NL0 30 0 onwind,legacy,NL0 30,1,0.0,59329.06935279719,59329.069352797116
38,NL0 31 0 onwind,legacy,NL0 31,2,0.0,48541.96583407945,48541.96583407938
38,NL0 4 0 onwind,legacy,NL0 4,2,0.0,48541.96583407945,48541.96583407938
38,NL0 5 0 onwind,legacy,NL0 5,3,0.0,53935.51759343677,53935.5175934367
38,NL0 6 0 onwind,legacy,NL0 6,3,0.0,53935.51759343677,53935.5175934367
38,NL0 7 0 onwind,legacy,NL0 7,3,0.0,53935.51759343677,53935.5175934367
38,NL0 8 0 onwind,legacy,NL0 8,1,0.0,59329.06935279719,59329.069352797116
38,NL0 9 0 onwind,legacy,NL0 9,3,0.0,53935.51759343677,53935.5175934367
39,NL0 0 Invest,investable,NL0 0,1,0.0,59329.06935279719,59329.06935292875
39,NL0 1 Invest,investable,NL0 1,3,1000.0,53935.51759343677,53935.51759357159
39,NL0 10 Invest,investable,NL0 10,1,0.0,59329.06935279719,59329.06935292875
39,NL0 11 Invest,investable,NL0 11,3,1000.0,53935.51759343677,53935.51759357159
39,NL0 12 Invest,investable,NL0 12,2,1000.0,48541.96583407945,48541.96583421443
39,NL0 13 Invest,investable,NL0 13,3,1000.0,53935.51759343677,53935.51759357159
39,NL0 14 Invest,investable,NL0 14,2,1000.0,48541.96583407945,48541.96583421443
39,NL0 15 Invest,investable,NL0 15,2,0.0,48541.96583407945,48541.96583421443
39,NL0 16 Invest,investable,NL0 16,1,1000.0,59329.06935279719,59329.06935292875
39,NL0 17 Invest,investable,NL0 17,1,0.0,59329.06935279719,59329.06935292875
39,NL0 18 Invest,investable,NL0 18,1,0.0,59329.06935279719,59329.06935292875
39,NL0 19 Invest,investable,NL0 19,2,0.0,48541.96583407945,48541.96583421443
39,NL0 2 Invest,investable,NL0 2,2,0.0,48541.96583407945,48541.96583421443
39,NL0 20 Invest,investable,NL0 20,1,1000.0,59329.06935279719,59329.06935292875
39,NL0 21 Invest,investable,NL0 21,1,0.0,59329.06935279719,59329.06935292875
39,NL0 22 Invest,investable,NL0 22,3,0.0,53935.51759343677,53935.51759357159
39,NL0 23 Invest,investable,NL0 23,1,0.0,59329.06935279719,59329.06935292875
39,NL0 24 Invest,investable,NL0 24,1,0.0,59329.06935279719,59329.06935292875
39,NL0 25 Invest,investable,NL0 25,2,0.0,48541.96583407945,48541.96583421443
39,NL0 26 Invest,investable,NL0 26,2,1000.0,48541.96583407945,48541.96583421443
39,NL0 27 Invest,investable,NL0 27,1,0.0,59329.06935279719,59329.06935292875
39,NL0 28 Invest,investable,NL0 28,2,1000.0,48541.96583407945,48541.96583421443
39,NL0 3 Invest,investable,NL0 3,1,35.5312178697568,59329.06935279719,59329.06935292875
39,NL0 30 Invest,investable,NL0 30,1,0.0,59329.06935279719,59329.06935292875
39,NL0 31 Invest,investable,NL0 31,2,987.3248031843468,48541.96583407945,48541.96583421443
39,NL0 33 Invest,investable,NL0 33,1,0.0,59329.06935279719,59329.06935292875
39,NL0 4 Invest,investable,NL0 4,2,1000.0,48541.96583407945,48541.96583421443
39,NL0 5 Invest,investable,NL0 5,3,678.1047541590506,53935.51759343677,53935.51759357159
39,NL0 6 Invest,investable,NL0 6,3,1000.0,53935.51759343677,53935.51759357159
39,NL0 7 Invest,investable,NL0 7,3,0.0,53935.51759343677,53935.51759357159
39,NL0 8 Invest,investable,NL0 8,1,1000.0,59329.06935279719,59329.06935292875
39,NL0 9 Invest,investable,NL0 9,3,1000.0,53935.51759343677,53935.51759357159
39,NL0 1 biomass,legacy,NL0 1,3,71.0,53935.51759343677,53935.51759343677
39,NL0 1 waste,legacy,NL0 1,3,31.0,53935.51759343677,53935.51759343677
39,NL0 10 waste,legacy,NL0 10,1,150.0,59329.06935279719,59329.06935279719
39,NL0 11 biomass,legacy,NL0 11,3,20.0,53935.51759343677,53935.51759343677
39,NL0 11 waste,legacy,NL0 11,3,50.0,53935.51759343677,53935.51759343677
39,NL0 13 biomass,legacy,NL0 13,3,77.0,53935.51759343677,53935.51759343677
39,NL0 19 biomass,legacy,NL0 19,2,49.0,48541.96583407945,48541.96583407945
39,NL0 19 waste,legacy,NL0 19,2,36.0,48541.96583407945,48541.96583407945
39,NL0 22 biomass,legacy,NL0 22,3,500.0,53935.51759343677,53935.51759343677
39,NL0 25 waste,legacy,NL0 25,2,54.0,48541.96583407945,48541.96583407945
39,NL0 27 biomass,legacy,NL0 27,1,22.0,59329.06935279719,59329.06935279719
39,NL0 27 waste,legacy,NL0 27,1,71.2,59329.06935279719,59329.06935279719
39,NL0 3 biomass,legacy,NL0 3,1,22.0,59329.06935279719,59329.06935279719
39,NL0 3 waste,legacy,NL0 3,1,108.0,59329.06935279719,59329.06935279719
39,NL0 30 biomass,legacy,NL0 30,1,60.0,59329.06935279719,59329.06935279719
39,NL0 7 nuclear,legacy,NL0 7,3,515.0,53935.51759343677,53935.51759343677
39,NL0 7 waste,legacy,NL0 7,3,39.0,53935.51759343677,53935.51759343677
39,NL0 8 biomass,legacy,NL0 8,1,36.0,59329.06935279719,59329.06935279719
39,NL0 8 waste,legacy,NL0 8,1,157.0,59329.06935279719,59329.06935279719
39,NL0 9 biomass,legacy,NL0 9,3,20.0,53935.51759343677,53935.51759343677
39,NL0 0 0 solar,legacy,NL0 0,1,0.0,59329.06935279719,59329.069352797116
39,NL0 1 0 solar,legacy,NL0 1,3,0.0,53935.51759343677,53935.5175934367
39,NL0 10 0 solar,legacy,NL0 10,1,0.0,59329.06935279719,59329.069352797116
39,NL0 11 0 solar,legacy,NL0 11,3,0.0,53935.51759343677,53935.5175934367
39,NL0 12 0 solar,legacy,NL0 12,2,0.0,48541.96583407945,48541.96583407938
39,NL0 13 0 solar,legacy,NL0 13,3,0.0,53935.51759343677,53935.5175934367
39,NL0 14 0 solar,legacy,NL0 14,2,0.0,48541.96583407945,48541.96583407938
39,NL0 15 0 solar,legacy,NL0 15,2,0.0,48541.96583407945,48541.96583407938
39,NL0 16 0 solar,legacy,NL0 16,1,0.0,59329.06935279719,59329.069352797116
39,NL0 17 0 solar,legacy,NL0 17,1,0.0,59329.06935279719,59329.069352797116
39,NL0 18 0 solar,legacy,NL0 18,1,0.0,59329.06935279719,59329.069352797116
39,NL0 19 0 solar,legacy,NL0 19,2,0.0,48541.96583407945,48541.96583407938
39,NL0 2 0 solar,legacy,NL0 2,2,0.0,48541.96583407945,48541.96583407938
39,NL0 20 0 solar,legacy,NL0 20,1,0.0,59329.06935279719,59329.069352797116
39,NL0 21 0 solar,legacy,NL0 21,1,0.0,59329.06935279719,59329.069352797116
39,NL0 22 0 solar,legacy,NL0 22,3,0.0,53935.51759343677,53935.5175934367
39,NL0 23 0 solar,legacy,NL0 23,1,0.0,59329.06935279719,59329.069352797116
39,NL0 24 0 solar,legacy,NL0 24,1,0.0,59329.06935279719,59329.069352797116
39,NL0 25 0 solar,legacy,NL0 25,2,0.0,48541.96583407945,48541.96583407938
39,NL0 26 0 solar,legacy,NL0 26,2,0.0,48541.96583407945,48541.96583407938
39,NL0 27 0 solar,legacy,NL0 27,1,0.0,59329.06935279719,59329.069352797116
39,NL0 28 0 solar,legacy,NL0 28,2,0.0,48541.96583407945,48541.96583407938
39,NL0 3 0 solar,legacy,NL0 3,1,0.0,59329.06935279719,59329.069352797116
39,NL0 30 0 solar,legacy,NL0 30,1,0.0,59329.06935279719,59329.069352797116
39,NL0 31 0 solar,legacy,NL0 31,2,0.0,48541.96583407945,48541.96583407938
39,NL0 4 0 solar,legacy,NL0 4,2,0.0,48541.96583407945,48541.96583407938
39,NL0 5 0 solar,legacy,NL0 5,3,0.0,53935.51759343677,53935.5175934367
39,NL0 6 0 solar,legacy,NL0 6,3,0.0,53935.51759343677,53935.5175934367
39,NL0 7 0 solar,legacy,NL0 7,3,0.0,53935.51759343677,53935.5175934367
39,NL0 8 0 solar,legacy,NL0 8,1,0.0,59329.06935279719,59329.069352797116
39,NL0 9 0 solar,legacy,NL0 9,3,0.0,53935.51759343677,53935.5175934367
39,NL0 20 0 offwind-ac,legacy,NL0 20,1,0.0,59329.06935279719,59329.069352797116
39,NL0 27 0 offwind-ac,legacy,NL0 27,1,0.0,59329.06935279719,59329.069352797116
39,NL0 31 0 offwind-ac,legacy,NL0 31,2,0.0,48541.96583407945,48541.96583407938
39,NL0 32 0 offwind-ac,legacy,NL0 32,1,0.0,59329.06935279719,59329.069352797116
39,NL0 7 0 offwind-ac,legacy,NL0 7,3,0.0,53935.51759343677,53935.5175934367
39,NL0 0 0 onwind,legacy,NL0 0,1,0.0,59329.06935279719,59329.069352797116
39,NL0 1 0 onwind,legacy,NL0 1,3,0.0,53935.51759343677,53935.5175934367
39,NL0 10 0 onwind,legacy,NL0 10,1,0.0,59329.06935279719,59329.069352797116
39,NL0 11 0 onwind,legacy,NL0 11,3,0.0,53935.51759343677,53935.5175934367
39,NL0 12 0 onwind,legacy,NL0 12,2,0.0,48541.96583407945,48541.96583407938
39,NL0 13 0 onwind,legacy,NL0 13,3,0.0,53935.51759343677,53935.5175934367
39,NL0 14 0 onwind,legacy,NL0 14,2,0.0,48541.96583407945,48541.96583407938
39,NL0 15 0 onwind,legacy,NL0 15,2,0.0,48541.96583407945,48541.96583407938
39,NL0 17 0 onwind,legacy,NL0 17,1,0.0,59329.06935279719,59329.069352797116
39,NL0 19 0 onwind,legacy,NL0 19,2,0.0,48541.96583407945,48541.96583407938
39,NL0 2 0 onwind,legacy,NL0 2,2,0.0,48541.96583407945,48541.96583407938
39,NL0 20 0 onwind,legacy,NL0 20,1,0.0,59329.06935279719,59329.069352797116
39,NL0 21 0 onwind,legacy,NL0 21,1,0.0,59329.06935279719,59329.069352797116
39,NL0 22 0 onwind,legacy,NL0 22,3,0.0,53935.51759343677,53935.5175934367
39,NL0 23 0 onwind,legacy,NL0 23,1,0.0,59329.06935279719,59329.069352797116
39,NL0 24 0 onwind,legacy,NL0 24,1,0.0,59329.06935279719,59329.069352797116
39,NL0 27 0 onwind,legacy,NL0 27,1,0.0,59329.06935279719,59329.069352797116
39,NL0 3 0 onwind,legacy,NL0 3,1,0.0,59329.06935279719,59329.069352797116
39,NL0 30 0 onwind,legacy,NL0 30,1,0.0,59329.06935279719,59329.069352797116
39,NL0 31 0 onwind,legacy,NL0 31,2,0.0,48541.96583407945,48541.96583407938
39,NL0 4 0 onwind,legacy,NL0 4,2,0.0,48541.96583407945,48541.96583407938
39,NL0 5 0 onwind,legacy,NL0 5,3,0.0,53935.51759343677,53935.5175934367
39,NL0 6 0 onwind,legacy,NL0 6,3,0.0,53935.51759343677,53935.5175934367
39,NL0 7 0 onwind,legacy,NL0 7,3,0.0,53935.51759343677,53935.5175934367
39,NL0 8 0 onwind,legacy,NL0 8,1,0.0,59329.06935279719,59329.069352797116
39,NL0 9 0 onwind,legacy,NL0 9,3,0.0,53935.51759343677,53935.5175934367
40,NL0 0 Invest,investable,NL0 0,1,35.5312178697568,59329.06935279719,59329.06935292875
40,NL0 1 Invest,investable,NL0 1,3,0.0,53935.51759343677,53935.51759357159
40,NL0 10 Invest,investable,NL0 10,1,1000.0,59329.06935279719,59329.06935292875
40,NL0 11 Invest,investable,NL0 11,3,0.0,53935.51759343677,53935.51759357159
40,NL0 12 Invest,investable,NL0 12,2,987.3248031843468,48541.96583407945,48541.96583421443
40,NL0 13 Invest,investable,NL0 13,3,678.1047541590506,53935.51759343677,53935.51759357159
40,NL0 14 Invest,investable,NL0 14,2,0.0,48541.96583407945,48541.96583421443
40,NL0 15 Invest,investable,NL0 15,2,1000.0,48541.96583407945,48541.96583421443
40,NL0 16 Invest,investable,NL0 16,1,0.0,59329.06935279719,59329.06935292875
40,NL0 17 Invest,investable,NL0 17,1,0.0,59329.06935279719,59329.06935292875
40,NL0 18 Invest,investable,NL0 18,1,0.0,59329.06935279719,59329.06935292875
40,NL0 19 Invest,investable,NL0 19,2,1000.0,48541.96583407945,48541.96583421443
40,NL0 2 Invest,investable,NL0 2,2,1000.0,48541.96583407945,48541.96583421443
40,NL0 20 Invest,investable,NL0 20,1,0.0,59329.06935279719,59329.06935292875
40,NL0 21 Invest,investable,NL0 21,1,0.0,59329.06935279719,59329.06935292875
40,NL0 22 Invest,investable,NL0 22,3,1000.0,53935.51759343677,53935.51759357159
40,NL0 23 Invest,investable,NL0 23,1,0.0,59329.06935279719,59329.06935292875
40,NL0 24 Invest,investable,NL0 24,1,1000.0,59329.06935279719,59329.06935292875
40,NL0 25 Invest,investable,NL0 25,2,1000.0,48541.96583407945,48541.96583421443
40,NL0 26 Invest,investable,NL0 26,2,0.0,48541.96583407945,48541.96583421443
40,NL0 27 Invest,investable,NL0 27,1,1000.0,59329.06935279719,59329.06935292875
40,NL0 28 Invest,investable,NL0 28,2,0.0,48541.96583407945,48541.96583421443
40,NL0 3 Invest,investable,NL0 3,1,0.0,59329.06935279719,59329.06935292875
40,NL0 30 Invest,investable,NL0 30,1,0.0,59329.06935279719,59329.06935292875
40,NL0 31 Invest,investable,NL0 31,2,1000.0,48541.96583407945,48541.96583421443
40,NL0 33 Invest,investable,NL0 33,1,0.0,59329.06935279719,59329.06935292875
40,NL0 4 Invest,investable,NL0 4,2,0.0,48541.96583407945,48541.96583421443
40,NL0 5 Invest,investable,NL0 5,3,1000.0,53935.51759343677,53935.51759357159
40,NL0 6 Invest,investable,NL0 6,3,1000.0,53935.51759343677,53935.51759357159
40,NL0 7 Invest,investable,NL0 7,3,1000.0,53935.51759343677,53935.51759357159
40,NL0 8 Invest,investable,NL0 8,1,0.0,59329.06935279719,59329.06935292875
40,NL0 9 Invest,investable,NL0 9,3,1000.0,53935.51759343677,53935.51759357159
40,NL0 1 biomass,legacy,NL0 1,3,71.0,53935.51759343677,53935.51759343677
40,NL0 1 waste,legacy,NL0 1,3,31.0,53935.51759343677,53935.51759343677
40,NL0 10 waste,legacy,NL0 10,1,150.0,59329.06935279719,59329.06935279719
40,NL0 11 biomass,legacy,NL0 11,3,20.0,53935.51759343677,53935.51759343677
40,NL0 11 waste,legacy,NL0 11,3,50.0,53935.51759343677,53935.51759343677
40,NL0 13 biomass,legacy,NL0 13,3,77.0,53935.51759343677,53935.51759343677
40,NL0 19 biomass,legacy,NL0 19,2,49.0,48541.96583407945,48541.96583407945
40,NL0 19 waste,legacy,NL0 19,2,36.0,48541.96583407945,48541.96583407945
40,NL0 22 biomass,legacy,NL0 22,3,500.0,53935.51759343677,53935.51759343677
40,NL0 25 waste,legacy,NL0 25,2,54.0,48541.96583407945,48541.96583407945
40,NL0 27 biomass,legacy,NL0 27,1,22.0,59329.06935279719,59329.06935279719
40,NL0 27 waste,legacy,NL0 27,1,71.2,59329.06935279719,59329.06935279719
40,NL0 3 biomass,legacy,NL0 3,1,22.0,59329.06935279719,59329.06935279719
40,NL0 3 waste,legacy,NL0 3,1,108.0,59329.06935279719,59329.06935279719
40,NL0 30 biomass,legacy,NL0 30,1,60.0,59329.06935279719,59329.06935279719
40,NL0 7 nuclear,legacy,NL0 7,3,515.0,53935.51759343677,53935.51759343677
40,NL0 7 waste,legacy,NL0 7,3,39.0,53935.51759343677,53935.51759343677
40,NL0 8 biomass,legacy,NL0 8,1,36.0,59329.06935279719,59329.06935279719
40,NL0 8 waste,legacy,NL0 8,1,157.0,59329.06935279719,59329.06935279719
40,NL0 9 biomass,legacy,NL0 9,3,20.0,53935.51759343677,53935.51759343677
40,NL0 0 0 solar,legacy,NL0 0,1,0.0,59329.06935279719,59329.069352797116
40,NL0 1 0 solar,legacy,NL0 1,3,0.0,53935.51759343677,53935.5175934367
40,NL0 10 0 solar,legacy,NL0 10,1,0.0,59329.06935279719,59329.069352797116
40,NL0 11 0 solar,legacy,NL0 11,3,0.0,53935.51759343677,53935.5175934367
40,NL0 12 0 solar,legacy,NL0 12,2,0.0,48541.96583407945,48541.96583407938
40,NL0 13 0 solar,legacy,NL0 13,3,0.0,53935.51759343677,53935.5175934367
40,NL0 14 0 solar,legacy,NL0 14,2,0.0,48541.96583407945,48541.96583407938
40,NL0 15 0 solar,legacy,NL0 15,2,0.0,48541.96583407945,48541.96583407938
40,NL0 16 0 solar,legacy,NL0 16,1,0.0,59329.06935279719,59329.069352797116
40,NL0 17 0 solar,legacy,NL0 17,1,0.0,59329.06935279719,59329.069352797116
40,NL0 18 0 solar,legacy,NL0 18,1,0.0,59329.06935279719,59329.069352797116
40,NL0 19 0 solar,legacy,NL0 19,2,0.0,48541.96583407945,48541.96583407938
40,NL0 2 0 solar,legacy,NL0 2,2,0.0,48541.96583407945,48541.96583407938
40,NL0 20 0 solar,legacy,NL0 20,1,0.0,59329.06935279719,59329.069352797116
40,NL0 21 0 solar,legacy,NL0 21,1,0.0,59329.06935279719,59329.069352797116
40,NL0 22 0 solar,legacy,NL0 22,3,0.0,53935.51759343677,53935.5175934367
40,NL0 23 0 solar,legacy,NL0 23,1,0.0,59329.06935279719,59329.069352797116
40,NL0 24 0 solar,legacy,NL0 24,1,0.0,59329.06935279719,59329.069352797116
40,NL0 25 0 solar,legacy,NL0 25,2,0.0,48541.96583407945,48541.96583407938
40,NL0 26 0 solar,legacy,NL0 26,2,0.0,48541.96583407945,48541.96583407938
40,NL0 27 0 solar,legacy,NL0 27,1,0.0,59329.06935279719,59329.069352797116
40,NL0 28 0 solar,legacy,NL0 28,2,0.0,48541.96583407945,48541.96583407938
40,NL0 3 0 solar,legacy,NL0 3,1,0.0,59329.06935279719,59329.069352797116
40,NL0 30 0 solar,legacy,NL0 30,1,0.0,59329.06935279719,59329.069352797116
40,NL0 31 0 solar,legacy,NL0 31,2,0.0,48541.96583407945,48541.96583407938
40,NL0 4 0 solar,legacy,NL0 4,2,0.0,48541.96583407945,48541.96583407938
40,NL0 5 0 solar,legacy,NL0 5,3,0.0,53935.51759343677,53935.5175934367
40,NL0 6 0 solar,legacy,NL0 6,3,0.0,53935.51759343677,53935.5175934367
40,NL0 7 0 solar,legacy,NL0 7,3,0.0,53935.51759343677,53935.5175934367
40,NL0 8 0 solar,legacy,NL0 8,1,0.0,59329.06935279719,59329.069352797116
40,NL0 9 0 solar,legacy,NL0 9,3,0.0,53935.51759343677,53935.5175934367
40,NL0 20 0 offwind-ac,legacy,NL0 20,1,0.0,59329.06935279719,59329.069352797116
40,NL0 27 0 offwind-ac,legacy,NL0 27,1,0.0,59329.06935279719,59329.069352797116
40,NL0 31 0 offwind-ac,legacy,NL0 31,2,0.0,48541.96583407945,48541.96583407938
40,NL0 32 0 offwind-ac,legacy,NL0 32,1,0.0,59329.06935279719,59329.069352797116
40,NL0 7 0 offwind-ac,legacy,NL0 7,3,0.0,53935.51759343677,53935.5175934367
40,NL0 0 0 onwind,legacy,NL0 0,1,0.0,59329.06935279719,59329.069352797116
40,NL0 1 0 onwind,legacy,NL0 1,3,0.0,53935.51759343677,53935.5175934367
40,NL0 10 0 onwind,legacy,NL0 10,1,0.0,59329.06935279719,59329.069352797116
40,NL0 11 0 onwind,legacy,NL0 11,3,0.0,53935.51759343677,53935.5175934367
40,NL0 12 0 onwind,legacy,NL0 12,2,0.0,48541.96583407945,48541.96583407938
40,NL0 13 0 onwind,legacy,NL0 13,3,0.0,53935.51759343677,53935.5175934367
40,NL0 14 0 onwind,legacy,NL0 14,2,0.0,48541.96583407945,48541.96583407938
40,NL0 15 0 onwind,legacy,NL0 15,2,0.0,48541.96583407945,48541.96583407938
40,NL0 17 0 onwind,legacy,NL0 17,1,0.0,59329.06935279719,59329.069352797116
40,NL0 19 0 onwind,legacy,NL0 19,2,0.0,48541.96583407945,48541.96583407938
40,NL0 2 0 onwind,legacy,NL0 2,2,0.0,48541.96583407945,48541.96583407938
40,NL0 20 0 onwind,legacy,NL0 20,1,0.0,59329.06935279719,59329.069352797116
40,NL0 21 0 onwind,legacy,NL0 21,1,0.0,59329.06935279719,59329.069352797116
40,NL0 22 0 onwind,legacy,NL0 22,3,0.0,53935.51759343677,53935.5175934367
40,NL0 23 0 onwind,legacy,NL0 23,1,0.0,59329.06935279719,59329.069352797116
40,NL0 24 0 onwind,legacy,NL0 24,1,0.0,59329.06935279719,59329.069352797116
40,NL0 27 0 onwind,legacy,NL0 27,1,0.0,59329.06935279719,59329.069352797116
40,NL0 3 0 onwind,legacy,NL0 3,1,0.0,59329.06935279719,59329.069352797116
40,NL0 30 0 onwind,legacy,NL0 30,1,0.0,59329.06935279719,59329.069352797116
40,NL0 31 0 onwind,legacy,NL0 31,2,0.0,48541.96583407945,48541.96583407938
40,NL0 4 0 onwind,legacy,NL0 4,2,0.0,48541.96583407945,48541.96583407938
40,NL0 5 0 onwind,legacy,NL0 5,3,0.0,53935.51759343677,53935.5175934367
40,NL0 6 0 onwind,legacy,NL0 6,3,0.0,53935.51759343677,53935.5175934367
40,NL0 7 0 onwind,legacy,NL0 7,3,0.0,53935.51759343677,53935.5175934367
40,NL0 8 0 onwind,legacy,NL0 8,1,0.0,59329.06935279719,59329.069352797116
40,NL0 9 0 onwind,legacy,NL0 9,3,0.0,53935.51759343677,53935.5175934367
41,NL0 0 Invest,investable,NL0 0,1,0.0,59329.06935279719,59329.06935292875
41,NL0 1 Invest,investable,NL0 1,3,0.0,53935.51759343677,53935.51759357159
41,NL0 10 Invest,investable,NL0 10,1,1000.0,59329.06935279719,59329.06935292875
41,NL0 11 Invest,investable,NL0 11,3,0.0,53935.51759343677,53935.51759357159
41,NL0 12 Invest,investable,NL0 12,2,987.3248031843468,48541.96583407945,48541.96583421443
41,NL0 13 Invest,investable,NL0 13,3,678.1047541590506,53935.51759343677,53935.51759357159
41,NL0 14 Invest,investable,NL0 14,2,0.0,48541.96583407945,48541.96583421443
41,NL0 15 Invest,investable,NL0 15,2,1000.0,48541.96583407945,48541.96583421443
41,NL0 16 Invest,investable,NL0 16,1,0.0,59329.06935279719,59329.06935292875
41,NL0 17 Invest,investable,NL0 17,1,0.0,59329.06935279719,59329.06935292875
41,NL0 18 Invest,investable,NL0 18,1,0.0,59329.06935279719,59329.06935292875
41,NL0 19 Invest,investable,NL0 19,2,1000.0,48541.96583407945,48541.96583421443
41,NL0 2 Invest,investable,NL0 2,2,1000.0,48541.96583407945,48541.96583421443
41,NL0 20 Invest,investable,NL0 20,1,1000.0,59329.06935279719,59329.06935292875
41,NL0 21 Invest,investable,NL0 21,1,0.0,59329.06935279719,59329.06935292875
41,NL0 22 Invest,investable,NL0 22,3,1000.0,53935.51759343677,53935.51759357159
41,NL0 23 Invest,investable,NL0 23,1,0.0,59329.06935279719,59329.06935292875
41,NL0 24 Invest,investable,NL0 24,1,1000.0,59329.06935279719,59329.06935292875
41,NL0 25 Invest,investable,NL0 25,2,1000.0,48541.96583407945,48541.96583421443
41,NL0 26 Invest,investable,NL0 26,2,0.0,48541.96583407945,48541.96583421443
41,NL0 27 Invest,investable,NL0 27,1,35.5312178697568,59329.06935279719,59329.06935292875
41,NL0 28 Invest,investable,NL0 28,2,0.0,48541.96583407945,48541.96583421443
41,NL0 3 Invest,investable,NL0 3,1,0.0,59329.06935279719,59329.06935292875
41,NL0 30 Invest,investable,NL0 30,1,0.0,59329.06935279719,59329.06935292875
41,NL0 31 Invest,investable,NL0 31,2,1000.0,48541.96583407945,48541.96583421443
41,NL0 33 Invest,investable,NL0 33,1,0.0,59329.06935279719,59329.06935292875
41,NL0 4 Invest,investable,NL0 4,2,0.0,48541.96583407945,48541.96583421443
41,NL0 5 Invest,investable,NL0 5,3,1000.0,53935.51759343677,53935.51759357159
41,NL0 6 Invest,investable,NL0 6,3,1000.0,53935.51759343677,53935.51759357159
41,NL0 7 Invest,investable,NL0 7,3,1000.0,53935.51759343677,53935.51759357159
41,NL0 8 Invest,investable,NL0 8,1,0.0,59329.06935279719,59329.06935292875
41,NL0 9 Invest,investable,NL0 9,3,1000.0,53935.51759343677,53935.51759357159
41,NL0 1 biomass,legacy,NL0 1,3,71.0,53935.51759343677,53935.51759343677
41,NL0 1 waste,legacy,NL0 1,3,31.0,53935.51759343677,53935.51759343677
41,NL0 10 waste,legacy,NL0 10,1,150.0,59329.06935279719,59329.06935279719
41,NL0 11 biomass,legacy,NL0 11,3,20.0,53935.51759343677,53935.51759343677
41,NL0 11 waste,legacy,NL0 11,3,50.0,53935.51759343677,53935.51759343677
41,NL0 13 biomass,legacy,NL0 13,3,77.0,53935.51759343677,53935.51759343677
41,NL0 19 biomass,legacy,NL0 19,2,49.0,48541.96583407945,48541.96583407945
41,NL0 19 waste,legacy,NL0 19,2,36.0,48541.96583407945,48541.96583407945
41,NL0 22 biomass,legacy,NL0 22,3,500.0,53935.51759343677,53935.51759343677
41,NL0 25 waste,legacy,NL0 25,2,54.0,48541.96583407945,48541.96583407945
41,NL0 27 biomass,legacy,NL0 27,1,22.0,59329.06935279719,59329.06935279719
41,NL0 27 waste,legacy,NL0 27,1,71.2,59329.06935279719,59329.06935279719
41,NL0 3 biomass,legacy,NL0 3,1,22.0,59329.06935279719,59329.06935279719
41,NL0 3 waste,legacy,NL0 3,1,108.0,59329.06935279719,59329.06935279719
41,NL0 30 biomass,legacy,NL0 30,1,60.0,59329.06935279719,59329.06935279719
41,NL0 7 nuclear,legacy,NL0 7,3,515.0,53935.51759343677,53935.51759343677
41,NL0 7 waste,legacy,NL0 7,3,39.0,53935.51759343677,53935.51759343677
41,NL0 8 biomass,legacy,NL0 8,1,36.0,59329.06935279719,59329.06935279719
41,NL0 8 waste,legacy,NL0 8,1,157.0,59329.06935279719,59329.06935279719
41,NL0 9 biomass,legacy,NL0 9,3,20.0,53935.51759343677,53935.51759343677
41,NL0 0 0 solar,legacy,NL0 0,1,0.0,59329.06935279719,59329.069352797116
41,NL0 1 0 solar,legacy,NL0 1,3,0.0,53935.51759343677,53935.5175934367
41,NL0 10 0 solar,legacy,NL0 10,1,0.0,59329.06935279719,59329.069352797116
41,NL0 11 0 solar,legacy,NL0 11,3,0.0,53935.51759343677,53935.5175934367
41,NL0 12 0 solar,legacy,NL0 12,2,0.0,48541.96583407945,48541.96583407938
41,NL0 13 0 solar,legacy,NL0 13,3,0.0,53935.51759343677,53935.5175934367
41,NL0 14 0 solar,legacy,NL0 14,2,0.0,48541.96583407945,48541.96583407938
41,NL0 15 0 solar,legacy,NL0 15,2,0.0,48541.96583407945,48541.96583407938
41,NL0 16 0 solar,legacy,NL0 16,1,0.0,59329.06935279719,59329.069352797116
41,NL0 17 0 solar,legacy,NL0 17,1,0.0,59329.06935279719,59329.069352797116
41,NL0 18 0 solar,legacy,NL0 18,1,0.0,59329.06935279719,59329.069352797116
41,NL0 19 0 solar,legacy,NL0 19,2,0.0,48541.96583407945,48541.96583407938
41,NL0 2 0 solar,legacy,NL0 2,2,0.0,48541.96583407945,48541.96583407938
41,NL0 20 0 solar,legacy,NL0 20,1,0.0,59329.06935279719,59329.069352797116
41,NL0 21 0 solar,legacy,NL0 21,1,0.0,59329.06935279719,59329.069352797116
41,NL0 22 0 solar,legacy,NL0 22,3,0.0,53935.51759343677,53935.5175934367
41,NL0 23 0 solar,legacy,NL0 23,1,0.0,59329.06935279719,59329.069352797116
41,NL0 24 0 solar,legacy,NL0 24,1,0.0,59329.06935279719,59329.069352797116
41,NL0 25 0 solar,legacy,NL0 25,2,0.0,48541.96583407945,48541.96583407938
41,NL0 26 0 solar,legacy,NL0 26,2,0.0,48541.96583407945,48541.96583407938
41,NL0 27 0 solar,legacy,NL0 27,1,0.0,59329.06935279719,59329.069352797116
41,NL0 28 0 solar,legacy,NL0 28,2,0.0,48541.96583407945,48541.96583407938
41,NL0 3 0 solar,legacy,NL0 3,1,0.0,59329.06935279719,59329.069352797116
41,NL0 30 0 solar,legacy,NL0 30,1,0.0,59329.06935279719,59329.069352797116
41,NL0 31 0 solar,legacy,NL0 31,2,0.0,48541.96583407945,48541.96583407938
41,NL0 4 0 solar,legacy,NL0 4,2,0.0,48541.96583407945,48541.96583407938
41,NL0 5 0 solar,legacy,NL0 5,3,0.0,53935.51759343677,53935.5175934367
41,NL0 6 0 solar,legacy,NL0 6,3,0.0,53935.51759343677,53935.5175934367
41,NL0 7 0 solar,legacy,NL0 7,3,0.0,53935.51759343677,53935.5175934367
41,NL0 8 0 solar,legacy,NL0 8,1,0.0,59329.06935279719,59329.069352797116
41,NL0 9 0 solar,legacy,NL0 9,3,0.0,53935.51759343677,53935.5175934367
41,NL0 20 0 offwind-ac,legacy,NL0 20,1,0.0,59329.06935279719,59329.069352797116
41,NL0 27 0 offwind-ac,legacy,NL0 27,1,0.0,59329.06935279719,59329.069352797116
41,NL0 31 0 offwind-ac,legacy,NL0 31,2,0.0,48541.96583407945,48541.96583407938
41,NL0 32 0 offwind-ac,legacy,NL0 32,1,0.0,59329.06935279719,59329.069352797116
41,NL0 7 0 offwind-ac,legacy,NL0 7,3,0.0,53935.51759343677,53935.5175934367
41,NL0 0 0 onwind,legacy,NL0 0,1,0.0,59329.06935279719,59329.069352797116
41,NL0 1 0 onwind,legacy,NL0 1,3,0.0,53935.51759343677,53935.5175934367
41,NL0 10 0 onwind,legacy,NL0 10,1,0.0,59329.06935279719,59329.069352797116
41,NL0 11 0 onwind,legacy,NL0 11,3,0.0,53935.51759343677,53935.5175934367
41,NL0 12 0 onwind,legacy,NL0 12,2,0.0,48541.96583407945,48541.96583407938
41,NL0 13 0 onwind,legacy,NL0 13,3,0.0,53935.51759343677,53935.5175934367
41,NL0 14 0 onwind,legacy,NL0 14,2,0.0,48541.96583407945,48541.96583407938
41,NL0 15 0 onwind,legacy,NL0 15,2,0.0,48541.96583407945,48541.96583407938
41,NL0 17 0 onwind,legacy,NL0 17,1,0.0,59329.06935279719,59329.069352797116
41,NL0 19 0 onwind,legacy,NL0 19,2,0.0,48541.96583407945,48541.96583407938
41,NL0 2 0 onwind,legacy,NL0 2,2,0.0,48541.96583407945,48541.96583407938
41,NL0 20 0 onwind,legacy,NL0 20,1,0.0,59329.06935279719,59329.069352797116
41,NL0 21 0 onwind,legacy,NL0 21,1,0.0,59329.06935279719,59329.069352797116
41,NL0 22 0 onwind,legacy,NL0 22,3,0.0,53935.51759343677,53935.5175934367
41,NL0 23 0 onwind,legacy,NL0 23,1,0.0,59329.06935279719,59329.069352797116
41,NL0 24 0 onwind,legacy,NL0 24,1,0.0,59329.06935279719,59329.069352797116
41,NL0 27 0 onwind,legacy,NL0 27,1,0.0,59329.06935279719,59329.069352797116
41,NL0 3 0 onwind,legacy,NL0 3,1,0.0,59329.06935279719,59329.069352797116
41,NL0 30 0 onwind,legacy,NL0 30,1,0.0,59329.06935279719,59329.069352797116
41,NL0 31 0 onwind,legacy,NL0 31,2,0.0,48541.96583407945,48541.96583407938
41,NL0 4 0 onwind,legacy,NL0 4,2,0.0,48541.96583407945,48541.96583407938
41,NL0 5 0 onwind,legacy,NL0 5,3,0.0,53935.51759343677,53935.5175934367
41,NL0 6 0 onwind,legacy,NL0 6,3,0.0,53935.51759343677,53935.5175934367
41,NL0 7 0 onwind,legacy,NL0 7,3,0.0,53935.51759343677,53935.5175934367
41,NL0 8 0 onwind,legacy,NL0 8,1,0.0,59329.06935279719,59329.069352797116
41,NL0 9 0 onwind,legacy,NL0 9,3,0.0,53935.51759343677,53935.5175934367
42,NL0 0 Invest,investable,NL0 0,1,0.0,59329.06935279719,59329.06935292875
42,NL0 1 Invest,investable,NL0 1,3,1000.0,53935.51759343677,53935.51759357159
42,NL0 10 Invest,investable,NL0 10,1,0.0,59329.06935279719,59329.06935292875
42,NL0 11 Invest,investable,NL0 11,3,1000.0,53935.51759343677,53935.51759357159
42,NL0 12 Invest,investable,NL0 12,2,1000.0,48541.96583407945,48541.96583421443
42,NL0 13 Invest,investable,NL0 13,3,1000.0,53935.51759343677,53935.51759357159
42,NL0 14 Invest,investable,NL0 14,2,1000.0,48541.96583407945,48541.96583421443
42,NL0 15 Invest,investable,NL0 15,2,0.0,48541.96583407945,48541.96583421443
42,NL0 16 Invest,investable,NL0 16,1,1000.0,59329.06935279719,59329.06935292875
42,NL0 17 Invest,investable,NL0 17,1,0.0,59329.06935279719,59329.06935292875
42,NL0 18 Invest,investable,NL0 18,1,0.0,59329.06935279719,59329.06935292875
42,NL0 19 Invest,investable,NL0 19,2,0.0,48541.96583407945,48541.96583421443
42,NL0 2 Invest,investable,NL0 2,2,0.0,48541.96583407945,48541.96583421443
42,NL0 20 Invest,investable,NL0 20,1,0.0,59329.06935279719,59329.06935292875
42,NL0 21 Invest,investable,NL0 21,1,0.0,59329.06935279719,59329.06935292875
42,NL0 22 Invest,investable,NL0 22,3,0.0,53935.51759343677,53935.51759357159
42,NL0 23 Invest,investable,NL0 23,1,0.0,59329.06935279719,59329.06935292875
42,NL0 24 Invest,investable,NL0 24,1,0.0,59329.06935279719,59329.06935292875
42,NL0 25 Invest,investable,NL0 25,2,0.0,48541.96583407945,48541.96583421443
42,NL0 26 Invest,investable,NL0 26,2,1000.0,48541.96583407945,48541.96583421443
42,NL0 27 Invest,investable,NL0 27,1,0.0,59329.06935279719,59329.06935292875
42,NL0 28 Invest,investable,NL0 28,2,1000.0,48541.96583407945,48541.96583421443
42,NL0 3 Invest,investable,NL0 3,1,1000.0,59329.06935279719,59329.06935292875
42,NL0 30 Invest,investable,NL0 30,1,0.0,59329.06935279719,59329.06935292875
42,NL0 31 Invest,investable,NL0 31,2,987.3248031843468,48541.96583407945,48541.96583421443
42,NL0 33 Invest,investable,NL0 33,1,35.5312178697568,59329.06935279719,59329.06935292875
42,NL0 4 Invest,investable,NL0 4,2,1000.0,48541.96583407945,48541.96583421443
42,NL0 5 Invest,investable,NL0 5,3,678.1047541590506,53935.51759343677,53935.51759357159
42,NL0 6 Invest,investable,NL0 6,3,1000.0,53935.51759343677,53935.51759357159
42,NL0 7 Invest,investable,NL0 7,3,0.0,53935.51759343677,53935.51759357159
42,NL0 8 Invest,investable,NL0 8,1,1000.0,59329.06935279719,59329.06935292875
42,NL0 9 Invest,investable,NL0 9,3,1000.0,53935.51759343677,53935.51759357159
42,NL0 1 biomass,legacy,NL0 1,3,71.0,53935.51759343677,53935.51759343677
42,NL0 1 waste,legacy,NL0 1,3,31.0,53935.51759343677,53935.51759343677
42,NL0 10 waste,legacy,NL0 10,1,150.0,59329.06935279719,59329.06935279719
42,NL0 11 biomass,legacy,NL0 11,3,20.0,53935.51759343677,53935.51759343677
42,NL0 11 waste,legacy,NL0 11,3,50.0,53935.51759343677,53935.51759343677
42,NL0 13 biomass,legacy,NL0 13,3,77.0,53935.51759343677,53935.51759343677
42,NL0 19 biomass,legacy,NL0 19,2,49.0,48541.96583407945,48541.96583407945
42,NL0 19 waste,legacy,NL0 19,2,36.0,48541.96583407945,48541.96583407945
42,NL0 22 biomass,legacy,NL0 22,3,500.0,53935.51759343677,53935.51759343677
42,NL0 25 waste,legacy,NL0 25,2,54.0,48541.96583407945,48541.96583407945
42,NL0 27 biomass,legacy,NL0 27,1,22.0,59329.06935279719,59329.06935279719
42,NL0 27 waste,legacy,NL0 27,1,71.2,59329.06935279719,59329.06935279719
42,NL0 3 biomass,legacy,NL0 3,1,22.0,59329.06935279719,59329.06935279719
42,NL0 3 waste,legacy,NL0 3,1,108.0,59329.06935279719,59329.06935279719
42,NL0 30 biomass,legacy,NL0 30,1,60.0,59329.06935279719,59329.06935279719
42,NL0 7 nuclear,legacy,NL0 7,3,515.0,53935.51759343677,53935.51759343677
42,NL0 7 waste,legacy,NL0 7,3,39.0,53935.51759343677,53935.51759343677
42,NL0 8 biomass,legacy,NL0 8,1,36.0,59329.06935279719,59329.06935279719
42,NL0 8 waste,legacy,NL0 8,1,157.0,59329.06935279719,59329.06935279719
42,NL0 9 biomass,legacy,NL0 9,3,20.0,53935.51759343677,53935.51759343677
42,NL0 0 0 solar,legacy,NL0 0,1,0.0,59329.06935279719,59329.069352797116
42,NL0 1 0 solar,legacy,NL0 1,3,0.0,53935.51759343677,53935.5175934367
42,NL0 10 0 solar,legacy,NL0 10,1,0.0,59329.06935279719,59329.069352797116
42,NL0 11 0 solar,legacy,NL0 11,3,0.0,53935.51759343677,53935.5175934367
42,NL0 12 0 solar,legacy,NL0 12,2,0.0,48541.96583407945,48541.96583407938
42,NL0 13 0 solar,legacy,NL0 13,3,0.0,53935.51759343677,53935.5175934367
42,NL0 14 0 solar,legacy,NL0 14,2,0.0,48541.96583407945,48541.96583407938
42,NL0 15 0 solar,legacy,NL0 15,2,0.0,48541.96583407945,48541.96583407938
42,NL0 16 0 solar,legacy,NL0 16,1,0.0,59329.06935279719,59329.069352797116
42,NL0 17 0 solar,legacy,NL0 17,1,0.0,59329.06935279719,59329.069352797116
42,NL0 18 0 solar,legacy,NL0 18,1,0.0,59329.06935279719,59329.069352797116
42,NL0 19 0 solar,legacy,NL0 19,2,0.0,48541.96583407945,48541.96583407938
42,NL0 2 0 solar,legacy,NL0 2,2,0.0,48541.96583407945,48541.96583407938
42,NL0 20 0 solar,legacy,NL0 20,1,0.0,59329.06935279719,59329.069352797116
42,NL0 21 0 solar,legacy,NL0 21,1,0.0,59329.06935279719,59329.069352797116
42,NL0 22 0 solar,legacy,NL0 22,3,0.0,53935.51759343677,53935.5175934367
42,NL0 23 0 solar,legacy,NL0 23,1,0.0,59329.06935279719,59329.069352797116
42,NL0 24 0 solar,legacy,NL0 24,1,0.0,59329.06935279719,59329.069352797116
42,NL0 25 0 solar,legacy,NL0 25,2,0.0,48541.96583407945,48541.96583407938
42,NL0 26 0 solar,legacy,NL0 26,2,0.0,48541.96583407945,48541.96583407938
42,NL0 27 0 solar,legacy,NL0 27,1,0.0,59329.06935279719,59329.069352797116
42,NL0 28 0 solar,legacy,NL0 28,2,0.0,48541.96583407945,48541.96583407938
42,NL0 3 0 solar,legacy,NL0 3,1,0.0,59329.06935279719,59329.069352797116
42,NL0 30 0 solar,legacy,NL0 30,1,0.0,59329.06935279719,59329.069352797116
42,NL0 31 0 solar,legacy,NL0 31,2,0.0,48541.96583407945,48541.96583407938
42,NL0 4 0 solar,legacy,NL0 4,2,0.0,48541.96583407945,48541.96583407938
42,NL0 5 0 solar,legacy,NL0 5,3,0.0,53935.51759343677,53935.5175934367
42,NL0 6 0 solar,legacy,NL0 6,3,0.0,53935.51759343677,53935.5175934367
42,NL0 7 0 solar,legacy,NL0 7,3,0.0,53935.51759343677,53935.5175934367
42,NL0 8 0 solar,legacy,NL0 8,1,0.0,59329.06935279719,59329.069352797116
42,NL0 9 0 solar,legacy,NL0 9,3,0.0,53935.51759343677,53935.5175934367
42,NL0 20 0 offwind-ac,legacy,NL0 20,1,0.0,59329.06935279719,59329.069352797116
42,NL0 27 0 offwind-ac,legacy,NL0 27,1,0.0,59329.06935279719,59329.069352797116
42,NL0 31 0 offwind-ac,legacy,NL0 31,2,0.0,48541.96583407945,48541.96583407938
42,NL0 32 0 offwind-ac,legacy,NL0 32,1,0.0,59329.06935279719,59329.069352797116
42,NL0 7 0 offwind-ac,legacy,NL0 7,3,0.0,53935.51759343677,53935.5175934367
42,NL0 0 0 onwind,legacy,NL0 0,1,0.0,59329.06935279719,59329.069352797116
42,NL0 1 0 onwind,legacy,NL0 1,3,0.0,53935.51759343677,53935.5175934367
42,NL0 10 0 onwind,legacy,NL0 10,1,0.0,59329.06935279719,59329.069352797116
42,NL0 11 0 onwind,legacy,NL0 11,3,0.0,53935.51759343677,53935.5175934367
42,NL0 12 0 onwind,legacy,NL0 12,2,0.0,48541.96583407945,48541.96583407938
42,NL0 13 0 onwind,legacy,NL0 13,3,0.0,53935.51759343677,53935.5175934367
42,NL0 14 0 onwind,legacy,NL0 14,2,0.0,48541.96583407945,48541.96583407938
42,NL0 15 0 onwind,legacy,NL0 15,2,0.0,48541.96583407945,48541.96583407938
42,NL0 17 0 onwind,legacy,NL0 17,1,0.0,59329.06935279719,59329.069352797116
42,NL0 19 0 onwind,legacy,NL0 19,2,0.0,48541.96583407945,48541.96583407938
42,NL0 2 0 onwind,legacy,NL0 2,2,0.0,48541.96583407945,48541.96583407938
42,NL0 20 0 onwind,legacy,NL0 20,1,0.0,59329.06935279719,59329.069352797116
42,NL0 21 0 onwind,legacy,NL0 21,1,0.0,59329.06935279719,59329.069352797116
42,NL0 22 0 onwind,legacy,NL0 22,3,0.0,53935.51759343677,53935.5175934367
42,NL0 23 0 onwind,legacy,NL0 23,1,0.0,59329.06935279719,59329.069352797116
42,NL0 24 0 onwind,legacy,NL0 24,1,0.0,59329.06935279719,59329.069352797116
42,NL0 27 0 onwind,legacy,NL0 27,1,0.0,59329.06935279719,59329.069352797116
42,NL0 3 0 onwind,legacy,NL0 3,1,0.0,59329.06935279719,59329.069352797116
42,NL0 30 0 onwind,legacy,NL0 30,1,0.0,59329.06935279719,59329.069352797116
42,NL0 31 0 onwind,legacy,NL0 31,2,0.0,48541.96583407945,48541.96583407938
42,NL0 4 0 onwind,legacy,NL0 4,2,0.0,48541.96583407945,48541.96583407938
42,NL0 5 0 onwind,legacy,NL0 5,3,0.0,53935.51759343677,53935.5175934367
42,NL0 6 0 onwind,legacy,NL0 6,3,0.0,53935.51759343677,53935.5175934367
42,NL0 7 0 onwind,legacy,NL0 7,3,0.0,53935.51759343677,53935.5175934367
42,NL0 8 0 onwind,legacy,NL0 8,1,0.0,59329.06935279719,59329.069352797116
42,NL0 9 0 onwind,legacy,NL0 9,3,0.0,53935.51759343677,53935.5175934367
43,NL0 0 Invest,investable,NL0 0,1,0.0,59329.06935279719,59329.06935292875
43,NL0 1 Invest,investable,NL0 1,3,1000.0,53935.51759343677,53935.51759357159
43,NL0 10 Invest,investable,NL0 10,1,0.0,59329.06935279719,59329.06935292875
43,NL0 11 Invest,investable,NL0 11,3,1000.0,53935.51759343677,53935.51759357159
43,NL0 12 Invest,investable,NL0 12,2,1000.0,48541.96583407945,48541.96583421443
43,NL0 13 Invest,investable,NL0 13,3,1000.0,53935.51759343677,53935.51759357159
43,NL0 14 Invest,investable,NL0 14,2,1000.0,48541.96583407945,48541.96583421443
43,NL0 15 Invest,investable,NL0 15,2,0.0,48541.96583407945,48541.96583421443
43,NL0 16 Invest,investable,NL0 16,1,1000.0,59329.06935279719,59329.06935292875
43,NL0 17 Invest,investable,NL0 17,1,0.0,59329.06935279719,59329.06935292875
43,NL0 18 Invest,investable,NL0 18,1,0.0,59329.06935279719,59329.06935292875
43,NL0 19 Invest,investable,NL0 19,2,0.0,48541.96583407945,48541.96583421443
43,NL0 2 Invest,investable,NL0 2,2,0.0,48541.96583407945,48541.96583421443
43,NL0 20 Invest,investable,NL0 20,1,0.0,59329.06935279719,59329.06935292875
43,NL0 21 Invest,investable,NL0 21,1,0.0,59329.06935279719,59329.06935292875
43,NL0 22 Invest,investable,NL0 22,3,1000.0,53935.51759343677,53935.51759357159
43,NL0 23 Invest,investable,NL0 23,1,0.0,59329.06935279719,59329.06935292875
43,NL0 24 Invest,investable,NL0 24,1,0.0,59329.06935279719,59329.06935292875
43,NL0 25 Invest,investable,NL0 25,2,0.0,48541.96583407945,48541.96583421443
43,NL0 26 Invest,investable,NL0 26,2,1000.0,48541.96583407945,48541.96583421443
43,NL0 27 Invest,investable,NL0 27,1,0.0,59329.06935279719,59329.06935292875
43,NL0 28 Invest,investable,NL0 28,2,1000.0,48541.96583407945,48541.96583421443
43,NL0 3 Invest,investable,NL0 3,1,1000.0,59329.06935279719,59329.06935292875
43,NL0 30 Invest,investable,NL0 30,1,0.0,59329.06935279719,59329.06935292875
43,NL0 31 Invest,investable,NL0 31,2,987.3248031843468,48541.96583407945,48541.96583421443
43,NL0 33 Invest,investable,NL0 33,1,35.5312178697568,59329.06935279719,59329.06935292875
43,NL0 4 Invest,investable,NL0 4,2,1000.0,48541.96583407945,48541.96583421443
43,NL0 5 Invest,investable,NL0 5,3,0.0,53935.51759343677,53935.51759357159
43,NL0 6 Invest,investable,NL0 6,3,0.0,53935.51759343677,53935.51759357159
43,NL0 7 Invest,investable,NL0 7,3,1000.0,53935.51759343677,53935.51759357159
43,NL0 8 Invest,investable,NL0 8,1,1000.0,59329.06935279719,59329.06935292875
43,NL0 9 Invest,investable,NL0 9,3,678.1047541590506,53935.51759343677,53935.51759357159
43,NL0 1 biomass,legacy,NL0 1,3,71.0,53935.51759343677,53935.51759343677
43,NL0 1 waste,legacy,NL0 1,3,31.0,53935.51759343677,53935.51759343677
43,NL0 10 waste,legacy,NL0 10,1,150.0,59329.06935279719,59329.06935279719
43,NL0 11 biomass,legacy,NL0 11,3,20.0,53935.51759343677,53935.51759343677
43,NL0 11 waste,legacy,NL0 11,3,50.0,53935.51759343677,53935.51759343677
43,NL0 13 biomass,legacy,NL0 13,3,77.0,53935.51759343677,53935.51759343677
43,NL0 19 biomass,legacy,NL0 19,2,49.0,48541.96583407945,48541.96583407945
43,NL0 19 waste,legacy,NL0 19,2,36.0,48541.96583407945,48541.96583407945
43,NL0 22 biomass,legacy,NL0 22,3,500.0,53935.51759343677,53935.51759343677
43,NL0 25 waste,legacy,NL0 25,2,54.0,48541.96583407945,48541.96583407945
43,NL0 27 biomass,legacy,NL0 27,1,22.0,59329.06935279719,59329.06935279719
43,NL0 27 waste,legacy,NL0 27,1,71.2,59329.06935279719,59329.06935279719
43,NL0 3 biomass,legacy,NL0 3,1,22.0,59329.06935279719,59329.06935279719
43,NL0 3 waste,legacy,NL0 3,1,108.0,59329.06935279719,59329.06935279719
43,NL0 30 biomass,legacy,NL0 30,1,60.0,59329.06935279719,59329.06935279719
43,NL0 7 nuclear,legacy,NL0 7,3,515.0,53935.51759343677,53935.51759343677
43,NL0 7 waste,legacy,NL0 7,3,39.0,53935.51759343677,53935.51759343677
43,NL0 8 biomass,legacy,NL0 8,1,36.0,59329.06935279719,59329.06935279719
43,NL0 8 waste,legacy,NL0 8,1,157.0,59329.06935279719,59329.06935279719
43,NL0 9 biomass,legacy,NL0 9,3,20.0,53935.51759343677,53935.51759343677
43,NL0 0 0 solar,legacy,NL0 0,1,0.0,59329.06935279719,59329.069352797116
43,NL0 1 0 solar,legacy,NL0 1,3,0.0,53935.51759343677,53935.5175934367
43,NL0 10 0 solar,legacy,NL0 10,1,0.0,59329.06935279719,59329.069352797116
43,NL0 11 0 solar,legacy,NL0 11,3,0.0,53935.51759343677,53935.5175934367
43,NL0 12 0 solar,legacy,NL0 12,2,0.0,48541.96583407945,48541.96583407938
43,NL0 13 0 solar,legacy,NL0 13,3,0.0,53935.51759343677,53935.5175934367
43,NL0 14 0 solar,legacy,NL0 14,2,0.0,48541.96583407945,48541.96583407938
43,NL0 15 0 solar,legacy,NL0 15,2,0.0,48541.96583407945,48541.96583407938
43,NL0 16 0 solar,legacy,NL0 16,1,0.0,59329.06935279719,59329.069352797116
43,NL0 17 0 solar,legacy,NL0 17,1,0.0,59329.06935279719,59329.069352797116
43,NL0 18 0 solar,legacy,NL0 18,1,0.0,59329.06935279719,59329.069352797116
43,NL0 19 0 solar,legacy,NL0 19,2,0.0,48541.96583407945,48541.96583407938
43,NL0 2 0 solar,legacy,NL0 2,2,0.0,48541.96583407945,48541.96583407938
43,NL0 20 0 solar,legacy,NL0 20,1,0.0,59329.06935279719,59329.069352797116
43,NL0 21 0 solar,legacy,NL0 21,1,0.0,59329.06935279719,59329.069352797116
43,NL0 22 0 solar,legacy,NL0 22,3,0.0,53935.51759343677,53935.5175934367
43,NL0 23 0 solar,legacy,NL0 23,1,0.0,59329.06935279719,59329.069352797116
43,NL0 24 0 solar,legacy,NL0 24,1,0.0,59329.06935279719,59329.069352797116
43,NL0 25 0 solar,legacy,NL0 25,2,0.0,48541.96583407945,48541.96583407938
43,NL0 26 0 solar,legacy,NL0 26,2,0.0,48541.96583407945,48541.96583407938
43,NL0 27 0 solar,legacy,NL0 27,1,0.0,59329.06935279719,59329.069352797116
43,NL0 28 0 solar,legacy,NL0 28,2,0.0,48541.96583407945,48541.96583407938
43,NL0 3 0 solar,legacy,NL0 3,1,0.0,59329.06935279719,59329.069352797116
43,NL0 30 0 solar,legacy,NL0 30,1,0.0,59329.06935279719,59329.069352797116
43,NL0 31 0 solar,legacy,NL0 31,2,0.0,48541.96583407945,48541.96583407938
43,NL0 4 0 solar,legacy,NL0 4,2,0.0,48541.96583407945,48541.96583407938
43,NL0 5 0 solar,legacy,NL0 5,3,0.0,53935.51759343677,53935.5175934367
43,NL0 6 0 solar,legacy,NL0 6,3,0.0,53935.51759343677,53935.5175934367
43,NL0 7 0 solar,legacy,NL0 7,3,0.0,53935.51759343677,53935.5175934367
43,NL0 8 0 solar,legacy,NL0 8,1,0.0,59329.06935279719,59329.069352797116
43,NL0 9 0 solar,legacy,NL0 9,3,0.0,53935.51759343677,53935.5175934367
43,NL0 20 0 offwind-ac,legacy,NL0 20,1,0.0,59329.06935279719,59329.069352797116
43,NL0 27 0 offwind-ac,legacy,NL0 27,1,0.0,59329.06935279719,59329.069352797116
43,NL0 31 0 offwind-ac,legacy,NL0 31,2,0.0,48541.96583407945,48541.96583407938
43,NL0 32 0 offwind-ac,legacy,NL0 32,1,0.0,59329.06935279719,59329.069352797116
43,NL0 7 0 offwind-ac,legacy,NL0 7,3,0.0,53935.51759343677,53935.5175934367
43,NL0 0 0 onwind,legacy,NL0 0,1,0.0,59329.06935279719,59329.069352797116
43,NL0 1 0 onwind,legacy,NL0 1,3,0.0,53935.51759343677,53935.5175934367
43,NL0 10 0 onwind,legacy,NL0 10,1,0.0,59329.06935279719,59329.069352797116
43,NL0 11 0 onwind,legacy,NL0 11,3,0.0,53935.51759343677,53935.5175934367
43,NL0 12 0 onwind,legacy,NL0 12,2,0.0,48541.96583407945,48541.96583407938
43,NL0 13 0 onwind,legacy,NL0 13,3,0.0,53935.51759343677,53935.5175934367
43,NL0 14 0 onwind,legacy,NL0 14,2,0.0,48541.96583407945,48541.96583407938
43,NL0 15 0 onwind,legacy,NL0 15,2,0.0,48541.96583407945,48541.96583407938
43,NL0 17 0 onwind,legacy,NL0 17,1,0.0,59329.06935279719,59329.069352797116
43,NL0 19 0 onwind,legacy,NL0 19,2,0.0,48541.96583407945,48541.96583407938
43,NL0 2 0 onwind,legacy,NL0 2,2,0.0,48541.96583407945,48541.96583407938
43,NL0 20 0 onwind,legacy,NL0 20,1,0.0,59329.06935279719,59329.069352797116
43,NL0 21 0 onwind,legacy,NL0 21,1,0.0,59329.06935279719,59329.069352797116
43,NL0 22 0 onwind,legacy,NL0 22,3,0.0,53935.51759343677,53935.5175934367
43,NL0 23 0 onwind,legacy,NL0 23,1,0.0,59329.06935279719,59329.069352797116
43,NL0 24 0 onwind,legacy,NL0 24,1,0.0,59329.06935279719,59329.069352797116
43,NL0 27 0 onwind,legacy,NL0 27,1,0.0,59329.06935279719,59329.069352797116
43,NL0 3 0 onwind,legacy,NL0 3,1,0.0,59329.06935279719,59329.069352797116
43,NL0 30 0 onwind,legacy,NL0 30,1,0.0,59329.06935279719,59329.069352797116
43,NL0 31 0 onwind,legacy,NL0 31,2,0.0,48541.96583407945,48541.96583407938
43,NL0 4 0 onwind,legacy,NL0 4,2,0.0,48541.96583407945,48541.96583407938
43,NL0 5 0 onwind,legacy,NL0 5,3,0.0,53935.51759343677,53935.5175934367
43,NL0 6 0 onwind,legacy,NL0 6,3,0.0,53935.51759343677,53935.5175934367
43,NL0 7 0 onwind,legacy,NL0 7,3,0.0,53935.51759343677,53935.5175934367
43,NL0 8 0 onwind,legacy,NL0 8,1,0.0,59329.06935279719,59329.069352797116
43,NL0 9 0 onwind,legacy,NL0 9,3,0.0,53935.51759343677,53935.5175934367
44,NL0 0 Invest,investable,NL0 0,1,0.0,59329.06935279719,59329.06935292875
44,NL0 1 Invest,investable,NL0 1,3,1000.0,53935.51759343677,53935.51759357159
44,NL0 10 Invest,investable,NL0 10,1,1000.0,59329.06935279719,59329.06935292875
44,NL0 11 Invest,investable,NL0 11,3,678.1047541590506,53935.51759343677,53935.51759357159
44,NL0 12 Invest,investable,NL0 12,2,987.3248031843468,48541.96583407945,48541.96583421443
44,NL0 13 Invest,investable,NL0 13,3,1000.0,53935.51759343677,53935.51759357159
44,NL0 14 Invest,investable,NL0 14,2,0.0,48541.96583407945,48541.96583421443
44,NL0 15 Invest,investable,NL0 15,2,1000.0,48541.96583407945,48541.96583421443
44,NL0 16 Invest,investable,NL0 16,1,0.0,59329.06935279719,59329.06935292875
44,NL0 17 Invest,investable,NL0 17,1,0.0,59329.06935279719,59329.06935292875
44,NL0 18 Invest,investable,NL0 18,1,0.0,59329.06935279719,59329.06935292875
44,NL0 19 Invest,investable,NL0 19,2,1000.0,48541.96583407945,48541.96583421443
44,NL0 2 Invest,investable,NL0 2,2,1000.0,48541.96583407945,48541.96583421443
44,NL0 20 Invest,investable,NL0 20,1,1000.0,59329.06935279719,59329.06935292875
44,NL0 21 Invest,investable,NL0 21,1,0.0,59329.06935279719,59329.06935292875
44,NL0 22 Invest,investable,NL0 22,3,0.0,53935.51759343677,53935.51759357159
44,NL0 23 Invest,investable,NL0 23,1,0.0,59329.06935279719,59329.06935292875
44,NL0 24 Invest,investable,NL0 24,1,1000.0,59329.06935279719,59329.06935292875
44,NL0 25 Invest,investable,NL0 25,2,1000.0,48541.96583407945,48541.96583421443
44,NL0 26 Invest,investable,NL0 26,2,0.0,48541.96583407945,48541.96583421443
44,NL0 27 Invest,investable,NL0 27,1,35.5312178697568,59329.06935279719,59329.06935292875
44,NL0 28 Invest,investable,NL0 28,2,0.0,48541.96583407945,48541.96583421443
44,NL0 3 Invest,investable,NL0 3,1,0.0,59329.06935279719,59329.06935292875
44,NL0 30 Invest,investable,NL0 30,1,0.0,59329.06935279719,59329.06935292875
44,NL0 31 Invest,investable,NL0 31,2,1000.0,48541.96583407945,48541.96583421443
44,NL0 33 Invest,investable,NL0 33,1,0.0,59329.06935279719,59329.06935292875
44,NL0 4 Invest,investable,NL0 4,2,0.0,48541.96583407945,48541.96583421443
44,NL0 5 Invest,investable,NL0 5,3,1000.0,53935.51759343677,53935.51759357159
44,NL0 6 Invest,investable,NL0 6,3,1000.0,53935.51759343677,53935.51759357159
44,NL0 7 Invest,investable,NL0 7,3,0.0,53935.51759343677,53935.51759357159
44,NL0 8 Invest,investable,NL0 8,1,0.0,59329.06935279719,59329.06935292875
44,NL0 9 Invest,investable,NL0 9,3,1000.0,53935.51759343677,53935.51759357159
44,NL0 1 biomass,legacy,NL0 1,3,71.0,53935.51759343677,53935.51759343677
44,NL0 1 waste,legacy,NL0 1,3,31.0,53935.51759343677,53935.51759343677
44,NL0 10 waste,legacy,NL0 10,1,150.0,59329.06935279719,59329.06935279719
44,NL0 11 biomass,legacy,NL0 11,3,20.0,53935.51759343677,53935.51759343677
44,NL0 11 waste,legacy,NL0 11,3,50.0,53935.51759343677,53935.51759343677
44,NL0 13 biomass,legacy,NL0 13,3,77.0,53935.51759343677,53935.51759343677
44,NL0 19 biomass,legacy,NL0 19,2,49.0,48541.96583407945,48541.96583407945
44,NL0 19 waste,legacy,NL0 19,2,36.0,48541.96583407945,48541.96583407945
44,NL0 22 biomass,legacy,NL0 22,3,500.0,53935.51759343677,53935.51759343677
44,NL0 25 waste,legacy,NL0 25,2,54.0,48541.96583407945,48541.96583407945
44,NL0 27 biomass,legacy,NL0 27,1,22.0,59329.06935279719,59329.06935279719
44,NL0 27 waste,legacy,NL0 27,1,71.2,59329.06935279719,59329.06935279719
44,NL0 3 biomass,legacy,NL0 3,1,22.0,59329.06935279719,59329.06935279719
44,NL0 3 waste,legacy,NL0 3,1,108.0,59329.06935279719,59329.06935279719
44,NL0 30 biomass,legacy,NL0 30,1,60.0,59329.06935279719,59329.06935279719
44,NL0 7 nuclear,legacy,NL0 7,3,515.0,53935.51759343677,53935.51759343677
44,NL0 7 waste,legacy,NL0 7,3,39.0,53935.51759343677,53935.51759343677
44,NL0 8 biomass,legacy,NL0 8,1,36.0,59329.06935279719,59329.06935279719
44,NL0 8 waste,legacy,NL0 8,1,157.0,59329.06935279719,59329.06935279719
44,NL0 9 biomass,legacy,NL0 9,3,20.0,53935.51759343677,53935.51759343677
44,NL0 0 0 solar,legacy,NL0 0,1,0.0,59329.06935279719,59329.069352797116
44,NL0 1 0 solar,legacy,NL0 1,3,0.0,53935.51759343677,53935.5175934367
44,NL0 10 0 solar,legacy,NL0 10,1,0.0,59329.06935279719,59329.069352797116
44,NL0 11 0 solar,legacy,NL0 11,3,0.0,53935.51759343677,53935.5175934367
44,NL0 12 0 solar,legacy,NL0 12,2,0.0,48541.96583407945,48541.96583407938
44,NL0 13 0 solar,legacy,NL0 13,3,0.0,53935.51759343677,53935.5175934367
44,NL0 14 0 solar,legacy,NL0 14,2,0.0,48541.96583407945,48541.96583407938
44,NL0 15 0 solar,legacy,NL0 15,2,0.0,48541.96583407945,48541.96583407938
44,NL0 16 0 solar,legacy,NL0 16,1,0.0,59329.06935279719,59329.069352797116
44,NL0 17 0 solar,legacy,NL0 17,1,0.0,59329.06935279719,59329.069352797116
44,NL0 18 0 solar,legacy,NL0 18,1,0.0,59329.06935279719,59329.069352797116
44,NL0 19 0 solar,legacy,NL0 19,2,0.0,48541.96583407945,48541.96583407938
44,NL0 2 0 solar,legacy,NL0 2,2,0.0,48541.96583407945,48541.96583407938
44,NL0 20 0 solar,legacy,NL0 20,1,0.0,59329.06935279719,59329.069352797116
44,NL0 21 0 solar,legacy,NL0 21,1,0.0,59329.06935279719,59329.069352797116
44,NL0 22 0 solar,legacy,NL0 22,3,0.0,53935.51759343677,53935.5175934367
44,NL0 23 0 solar,legacy,NL0 23,1,0.0,59329.06935279719,59329.069352797116
44,NL0 24 0 solar,legacy,NL0 24,1,0.0,59329.06935279719,59329.069352797116
44,NL0 25 0 solar,legacy,NL0 25,2,0.0,48541.96583407945,48541.96583407938
44,NL0 26 0 solar,legacy,NL0 26,2,0.0,48541.96583407945,48541.96583407938
44,NL0 27 0 solar,legacy,NL0 27,1,0.0,59329.06935279719,59329.069352797116
44,NL0 28 0 solar,legacy,NL0 28,2,0.0,48541.96583407945,48541.96583407938
44,NL0 3 0 solar,legacy,NL0 3,1,0.0,59329.06935279719,59329.069352797116
44,NL0 30 0 solar,legacy,NL0 30,1,0.0,59329.06935279719,59329.069352797116
44,NL0 31 0 solar,legacy,NL0 31,2,0.0,48541.96583407945,48541.96583407938
44,NL0 4 0 solar,legacy,NL0 4,2,0.0,48541.96583407945,48541.96583407938
44,NL0 5 0 solar,legacy,NL0 5,3,0.0,53935.51759343677,53935.5175934367
44,NL0 6 0 solar,legacy,NL0 6,3,0.0,53935.51759343677,53935.5175934367
44,NL0 7 0 solar,legacy,NL0 7,3,0.0,53935.51759343677,53935.5175934367
44,NL0 8 0 solar,legacy,NL0 8,1,0.0,59329.06935279719,59329.069352797116
44,NL0 9 0 solar,legacy,NL0 9,3,0.0,53935.51759343677,53935.5175934367
44,NL0 20 0 offwind-ac,legacy,NL0 20,1,0.0,59329.06935279719,59329.069352797116
44,NL0 27 0 offwind-ac,legacy,NL0 27,1,0.0,59329.06935279719,59329.069352797116
44,NL0 31 0 offwind-ac,legacy,NL0 31,2,0.0,48541.96583407945,48541.96583407938
44,NL0 32 0 offwind-ac,legacy,NL0 32,1,0.0,59329.06935279719,59329.069352797116
44,NL0 7 0 offwind-ac,legacy,NL0 7,3,0.0,53935.51759343677,53935.5175934367
44,NL0 0 0 onwind,legacy,NL0 0,1,0.0,59329.06935279719,59329.069352797116
44,NL0 1 0 onwind,legacy,NL0 1,3,0.0,53935.51759343677,53935.5175934367
44,NL0 10 0 onwind,legacy,NL0 10,1,0.0,59329.06935279719,59329.069352797116
44,NL0 11 0 onwind,legacy,NL0 11,3,0.0,53935.51759343677,53935.5175934367
44,NL0 12 0 onwind,legacy,NL0 12,2,0.0,48541.96583407945,48541.96583407938
44,NL0 13 0 onwind,legacy,NL0 13,3,0.0,53935.51759343677,53935.5175934367
44,NL0 14 0 onwind,legacy,NL0 14,2,0.0,48541.96583407945,48541.96583407938
44,NL0 15 0 onwind,legacy,NL0 15,2,0.0,48541.96583407945,48541.96583407938
44,NL0 17 0 onwind,legacy,NL0 17,1,0.0,59329.06935279719,59329.069352797116
44,NL0 19 0 onwind,legacy,NL0 19,2,0.0,48541.96583407945,48541.96583407938
44,NL0 2 0 onwind,legacy,NL0 2,2,0.0,48541.96583407945,48541.96583407938
44,NL0 20 0 onwind,legacy,NL0 20,1,0.0,59329.06935279719,59329.069352797116
44,NL0 21 0 onwind,legacy,NL0 21,1,0.0,59329.06935279719,59329.069352797116
44,NL0 22 0 onwind,legacy,NL0 22,3,0.0,53935.51759343677,53935.5175934367
44,NL0 23 0 onwind,legacy,NL0 23,1,0.0,59329.06935279719,59329.069352797116
44,NL0 24 0 onwind,legacy,NL0 24,1,0.0,59329.06935279719,59329.069352797116
44,NL0 27 0 onwind,legacy,NL0 27,1,0.0,59329.06935279719,59329.069352797116
44,NL0 3 0 onwind,legacy,NL0 3,1,0.0,59329.06935279719,59329.069352797116
44,NL0 30 0 onwind,legacy,NL0 30,1,0.0,59329.06935279719,59329.069352797116
44,NL0 31 0 onwind,legacy,NL0 31,2,0.0,48541.96583407945,48541.96583407938
44,NL0 4 0 onwind,legacy,NL0 4,2,0.0,48541.96583407945,48541.96583407938
44,NL0 5 0 onwind,legacy,NL0 5,3,0.0,53935.51759343677,53935.5175934367
44,NL0 6 0 onwind,legacy,NL0 6,3,0.0,53935.51759343677,53935.5175934367
44,NL0 7 0 onwind,legacy,NL0 7,3,0.0,53935.51759343677,53935.5175934367
44,NL0 8 0 onwind,legacy,NL0 8,1,0.0,59329.06935279719,59329.069352797116
44,NL0 9 0 onwind,legacy,NL0 9,3,0.0,53935.51759343677,53935.5175934367
45,NL0 0 Invest,investable,NL0 0,1,195.00006408425892,59329.06935279719,59329.06935292875
45,NL0 1 Invest,investable,NL0 1,3,962.8848927109842,53935.51759343677,53935.51759357159
45,NL0 10 Invest,investable,NL0 10,1,196.2341423183982,59329.06935279719,59329.06935292875
45,NL0 11 Invest,investable,NL0 11,3,728.700550219571,53935.51759343677,53935.51759357159
45,NL0 12 Invest,investable,NL0 12,2,622.5962928958614,48541.96583407945,48541.96583421443
45,NL0 13 Invest,investable,NL0 13,3,650.3886033516427,53935.51759343677,53935.51759357159
45,NL0 14 Invest,investable,NL0 14,2,467.82999212547463,48541.96583407945,48541.96583421443
45,NL0 15 Invest,investable,NL0 15,2,212.52994059443927,48541.96583407945,48541.96583421443
45,NL0 16 Invest,investable,NL0 16,1,154.3800608226693,59329.06935279719,59329.06935292875
45,NL0 17 Invest,investable,NL0 17,1,168.32293183317535,59329.06935279719,59329.06935292875
45,NL0 18 Invest,investable,NL0 18,1,208.17946352125037,59329.06935279719,59329.06935292875
45,NL0 19 Invest,investable,NL0 19,2,653.9111442926707,48541.96583407945,48541.96583421443
45,NL0 2 Invest,investable,NL0 2,2,536.3937187316602,48541.96583407945,48541.96583421443
45,NL0 20 Invest,investable,NL0 20,1,242.15735926822475,59329.06935279719,59329.06935292875
45,NL0 21 Invest,investable,NL0 21,1,264.2807957821959,59329.06935279719,59329.06935292875
45,NL0 22 Invest,investable,NL0 22,3,704.300759240644,53935.51759343677,53935.51759357159
45,NL0 23 Invest,investable,NL0 23,1,228.21321996075088,59329.06935279719,59329.06935292875
45,NL0 24 Invest,investable,NL0 24,1,250.27852620802048,59329.06935279719,59329.06935292875
45,NL0 25 Invest,investable,NL0 25,2,541.0398150835458,48541.96583407945,48541.96583421443
45,NL0 26 Invest,investable,NL0 26,2,960.6375358193663,48541.96583407945,48541.96583421443
45,NL0 27 Invest,investable,NL0 27,1,226.57616667278793,59329.06935279719,59329.06935292875
45,NL0 28 Invest,investable,NL0 28,2,754.2130789327358,48541.96583407945,48541.96583421443
45,NL0 3 Invest,investable,NL0 3,1,222.34750521119273,59329.06935279719,59329.06935292875
45,NL0 30 Invest,investable,NL0 30,1,232.34793233368646,59329.06935279719,59329.06935292875
45,NL0 31 Invest,investable,NL0 31,2,604.1660616573316,48541.96583407945,48541.96583421443
45,NL0 33 Invest,investable,NL0 33,1,230.1969905307932,59329.06935279719,59329.06935292875
45,NL0 4 Invest,investable,NL0 4,2,634.0072230512613,48541.96583407945,48541.96583421443
45,NL0 5 Invest,investable,NL0 5,3,807.924884627315,53935.51759343677,53935.51759357159
45,NL0 6 Invest,investable,NL0 6,3,823.9050640088934,53935.51759343677,53935.51759357159
45,NL0 7 Invest,investable,NL0 7,3,0.0,53935.51759343677,53935.51759357159
45,NL0 8 Invest,investable,NL0 8,1,217.01605932235242,59329.06935279719,59329.06935292875
45,NL0 9 Invest,investable,NL0 9,3,1000.0,53935.51759343677,53935.51759357159
45,NL0 1 biomass,legacy,NL0 1,3,71.0,53935.51759343677,53935.51759343677
45,NL0 1 waste,legacy,NL0 1,3,31.0,53935.51759343677,53935.51759343677
45,NL0 10 waste,legacy,NL0 10,1,150.0,59329.06935279719,59329.06935279719
45,NL0 11 biomass,legacy,NL0 11,3,20.0,53935.51759343677,53935.51759343677
45,NL0 11 waste,legacy,NL0 11,3,50.0,53935.51759343677,53935.51759343677
45,NL0 13 biomass,legacy,NL0 13,3,77.0,53935.51759343677,53935.51759343677
45,NL0 19 biomass,legacy,NL0 19,2,49.0,48541.96583407945,48541.96583407945
45,NL0 19 waste,legacy,NL0 19,2,36.0,48541.96583407945,48541.96583407945
45,NL0 22 biomass,legacy,NL0 22,3,500.0,53935.51759343677,53935.51759343677
45,NL0 25 waste,legacy,NL0 25,2,54.0,48541.96583407945,48541.96583407945
45,NL0 27 biomass,legacy,NL0 27,1,22.0,59329.06935279719,59329.06935279719
45,NL0 27 waste,legacy,NL0 27,1,71.2,59329.06935279719,59329.06935279719
45,NL0 3 biomass,legacy,NL0 3,1,22.0,59329.06935279719,59329.06935279719
45,NL0 3 waste,legacy,NL0 3,1,108.0,59329.06935279719,59329.06935279719
45,NL0 30 biomass,legacy,NL0 30,1,60.0,59329.06935279719,59329.06935279719
45,NL0 7 nuclear,legacy,NL0 7,3,515.0,53935.51759343677,53935.51759343677
45,NL0 7 waste,legacy,NL0 7,3,39.0,53935.51759343677,53935.51759343677
45,NL0 8 biomass,legacy,NL0 8,1,36.0,59329.06935279719,59329.06935279719
45,NL0 8 waste,legacy,NL0 8,1,157.0,59329.06935279719,59329.06935279719
45,NL0 9 biomass,legacy,NL0 9,3,20.0,53935.51759343677,53935.51759343677
45,NL0 0 0 solar,legacy,NL0 0,1,0.0,59329.06935279719,59329.069352797116
45,NL0 1 0 solar,legacy,NL0 1,3,0.0,53935.51759343677,53935.5175934367
45,NL0 10 0 solar,legacy,NL0 10,1,0.0,59329.06935279719,59329.069352797116
45,NL0 11 0 solar,legacy,NL0 11,3,0.0,53935.51759343677,53935.5175934367
45,NL0 12 0 solar,legacy,NL0 12,2,0.0,48541.96583407945,48541.96583407938
45,NL0 13 0 solar,legacy,NL0 13,3,0.0,53935.51759343677,53935.5175934367
45,NL0 14 0 solar,legacy,NL0 14,2,0.0,48541.96583407945,48541.96583407938
45,NL0 15 0 solar,legacy,NL0 15,2,0.0,48541.96583407945,48541.96583407938
45,NL0 16 0 solar,legacy,NL0 16,1,0.0,59329.06935279719,59329.069352797116
45,NL0 17 0 solar,legacy,NL0 17,1,0.0,59329.06935279719,59329.069352797116
45,NL0 18 0 solar,legacy,NL0 18,1,0.0,59329.06935279719,59329.069352797116
45,NL0 19 0 solar,legacy,NL0 19,2,0.0,48541.96583407945,48541.96583407938
45,NL0 2 0 solar,legacy,NL0 2,2,0.0,48541.96583407945,48541.96583407938
45,NL0 20 0 solar,legacy,NL0 20,1,0.0,59329.06935279719,59329.069352797116
45,NL0 21 0 solar,legacy,NL0 21,1,0.0,59329.06935279719,59329.069352797116
45,NL0 22 0 solar,legacy,NL0 22,3,0.0,53935.51759343677,53935.5175934367
45,NL0 23 0 solar,legacy,NL0 23,1,0.0,59329.06935279719,59329.069352797116
45,NL0 24 0 solar,legacy,NL0 24,1,0.0,59329.06935279719,59329.069352797116
45,NL0 25 0 solar,legacy,NL0 25,2,0.0,48541.96583407945,48541.96583407938
45,NL0 26 0 solar,legacy,NL0 26,2,0.0,48541.96583407945,48541.96583407938
45,NL0 27 0 solar,legacy,NL0 27,1,0.0,59329.06935279719,59329.069352797116
45,NL0 28 0 solar,legacy,NL0 28,2,0.0,48541.96583407945,48541.96583407938
45,NL0 3 0 solar,legacy,NL0 3,1,0.0,59329.06935279719,59329.069352797116
45,NL0 30 0 solar,legacy,NL0 30,1,0.0,59329.06935279719,59329.069352797116
45,NL0 31 0 solar,legacy,NL0 31,2,0.0,48541.96583407945,48541.96583407938
45,NL0 4 0 solar,legacy,NL0 4,2,0.0,48541.96583407945,48541.96583407938
45,NL0 5 0 solar,legacy,NL0 5,3,0.0,53935.51759343677,53935.5175934367
45,NL0 6 0 solar,legacy,NL0 6,3,0.0,53935.51759343677,53935.5175934367
45,NL0 7 0 solar,legacy,NL0 7,3,0.0,53935.51759343677,53935.5175934367
45,NL0 8 0 solar,legacy,NL0 8,1,0.0,59329.06935279719,59329.069352797116
45,NL0 9 0 solar,legacy,NL0 9,3,0.0,53935.51759343677,53935.5175934367
45,NL0 20 0 offwind-ac,legacy,NL0 20,1,0.0,59329.06935279719,59329.069352797116
45,NL0 27 0 offwind-ac,legacy,NL0 27,1,0.0,59329.06935279719,59329.069352797116
45,NL0 31 0 offwind-ac,legacy,NL0 31,2,0.0,48541.96583407945,48541.96583407938
45,NL0 32 0 offwind-ac,legacy,NL0 32,1,0.0,59329.06935279719,59329.069352797116
45,NL0 7 0 offwind-ac,legacy,NL0 7,3,0.0,53935.51759343677,53935.5175934367
45,NL0 0 0 onwind,legacy,NL0 0,1,0.0,59329.06935279719,59329.069352797116
45,NL0 1 0 onwind,legacy,NL0 1,3,0.0,53935.51759343677,53935.5175934367
45,NL0 10 0 onwind,legacy,NL0 10,1,0.0,59329.06935279719,59329.069352797116
45,NL0 11 0 onwind,legacy,NL0 11,3,0.0,53935.51759343677,53935.5175934367
45,NL0 12 0 onwind,legacy,NL0 12,2,0.0,48541.96583407945,48541.96583407938
45,NL0 13 0 onwind,legacy,NL0 13,3,0.0,53935.51759343677,53935.5175934367
45,NL0 14 0 onwind,legacy,NL0 14,2,0.0,48541.96583407945,48541.96583407938
45,NL0 15 0 onwind,legacy,NL0 15,2,0.0,48541.96583407945,48541.96583407938
45,NL0 17 0 onwind,legacy,NL0 17,1,0.0,59329.06935279719,59329.069352797116
45,NL0 19 0 onwind,legacy,NL0 19,2,0.0,48541.96583407945,48541.96583407938
45,NL0 2 0 onwind,legacy,NL0 2,2,0.0,48541.96583407945,48541.96583407938
45,NL0 20 0 onwind,legacy,NL0 20,1,0.0,59329.06935279719,59329.069352797116
45,NL0 21 0 onwind,legacy,NL0 21,1,0.0,59329.06935279719,59329.069352797116
45,NL0 22 0 onwind,legacy,NL0 22,3,0.0,53935.51759343677,53935.5175934367
45,NL0 23 0 onwind,legacy,NL0 23,1,0.0,59329.06935279719,59329.069352797116
45,NL0 24 0 onwind,legacy,NL0 24,1,0.0,59329.06935279719,59329.069352797116
45,NL0 27 0 onwind,legacy,NL0 27,1,0.0,59329.06935279719,59329.069352797116
45,NL0 3 0 onwind,legacy,NL0 3,1,0.0,59329.06935279719,59329.069352797116
45,NL0 30 0 onwind,legacy,NL0 30,1,0.0,59329.06935279719,59329.069352797116
45,NL0 31 0 onwind,legacy,NL0 31,2,0.0,48541.96583407945,48541.96583407938
45,NL0 4 0 onwind,legacy,NL0 4,2,0.0,48541.96583407945,48541.96583407938
45,NL0 5 0 onwind,legacy,NL0 5,3,0.0,53935.51759343677,53935.5175934367
45,NL0 6 0 onwind,legacy,NL0 6,3,0.0,53935.51759343677,53935.5175934367
45,NL0 7 0 onwind,legacy,NL0 7,3,0.0,53935.51759343677,53935.5175934367
45,NL0 8 0 onwind,legacy,NL0 8,1,0.0,59329.06935279719,59329.069352797116
45,NL0 9 0 onwind,legacy,NL0 9,3,0.0,53935.51759343677,53935.5175934367
46,NL0 0 Invest,investable,NL0 0,1,158.44031799454967,59329.06935279719,59329.06935292875
46,NL0 1 Invest,investable,NL0 1,3,460.95162977972575,53935.51759343677,53935.51759357159
46,NL0 10 Invest,investable,NL0 10,1,146.5160756002702,59329.06935279719,59329.06935292875
46,NL0 11 Invest,investable,NL0 11,3,1000.0,53935.51759343677,53935.51759357159
46,NL0 12 Invest,investable,NL0 12,2,453.53123184169823,48541.96583407945,48541.96583421443
46,NL0 13 Invest,investable,NL0 13,3,605.1377191862932,53935.51759343677,53935.51759357159
46,NL0 14 Invest,investable,NL0 14,2,505.47808381079545,48541.96583407945,48541.96583421443
46,NL0 15 Invest,investable,NL0 15,2,555.4607848424241,48541.96583407945,48541.96583421443
46,NL0 16 Invest,investable,NL0 16,1,228.81971780195937,59329.06935279719,59329.06935292875
46,NL0 17 Invest,investable,NL0 17,1,176.43854198379967,59329.06935279719,59329.06935292875
46,NL0 18 Invest,investable,NL0 18,1,232.2569689905386,59329.06935279719,59329.06935292875
46,NL0 19 Invest,investable,NL0 19,2,565.30551291845,48541.96583407945,48541.96583421443
46,NL0 2 Invest,investable,NL0 2,2,554.7570784447015,48541.96583407945,48541.96583421443
46,NL0 20 Invest,investable,NL0 20,1,234.49577771772584,59329.06935279719,59329.06935292875
46,NL0 21 Invest,investable,NL0 21,1,217.12386208128902,59329.06935279719,59329.06935292875
46,NL0 22 Invest,investable,NL0 22,3,1000.0,53935.51759343677,53935.51759357159
46,NL0 23 Invest,investable,NL0 23,1,264.7729660504601,59329.06935279719,59329.06935292875
46,NL0 24 Invest,investable,NL0 24,1,254.35784530743058,59329.06935279719,59329.06935292875
46,NL0 25 Invest,investable,NL0 25,2,648.0088061708122,48541.96583407945,48541.96583421443
46,NL0 26 Invest,investable,NL0 26,2,760.9630526214328,48541.96583407945,48541.96583421443
46,NL0 27 Invest,investable,NL0 27,1,258.10116158690056,59329.06935279719,59329.06935292875
46,NL0 28 Invest,investable,NL0 28,2,728.3956220608183,48541.96583407945,48541.96583421443
46,NL0 3 Invest,investable,NL0 3,1,204.16027470553792,59329.06935279719,59329.06935292875
46,NL0 30 Invest,investable,NL0 30,1,211.2086045236132,59329.06935279719,59329.06935292875
46,NL0 31 Invest,investable,NL0 31,2,609.9146880892233,48541.96583407945,48541.96583421443
46,NL0 33 Invest,investable,NL0 33,1,230.1263303441517,59329.06935279719,59329.06935292875
46,NL0 4 Invest,investable,NL0 4,2,605.5099423839914,48541.96583407945,48541.96583421443
46,NL0 5 Invest,investable,NL0 5,3,29.04633464833762,53935.51759343677,53935.51759357159
46,NL0 6 Invest,investable,NL0 6,3,803.143991868787,53935.51759343677,53935.51759357159
46,NL0 7 Invest,investable,NL0 7,3,1000.0,53935.51759343677,53935.51759357159
46,NL0 8 Invest,investable,NL0 8,1,218.71277318153028,59329.06935279719,59329.06935292875
46,NL0 9 Invest,investable,NL0 9,3,779.825078675907,53935.51759343677,53935.51759357159
46,NL0 1 biomass,legacy,NL0 1,3,71.0,53935.51759343677,53935.51759343677
46,NL0 1 waste,legacy,NL0 1,3,31.0,53935.51759343677,53935.51759343677
46,NL0 10 waste,legacy,NL0 10,1,150.0,59329.06935279719,59329.06935279719
46,NL0 11 biomass,legacy,NL0 11,3,20.0,53935.51759343677,53935.51759343677
46,NL0 11 waste,legacy,NL0 11,3,50.0,53935.51759343677,53935.51759343677
46,NL0 13 biomass,legacy,NL0 13,3,77.0,53935.51759343677,53935.51759343677
46,NL0 19 biomass,legacy,NL0 19,2,49.0,48541.96583407945,48541.96583407945
46,NL0 19 waste,legacy,NL0 19,2,36.0,48541.96583407945,48541.96583407945
46,NL0 22 biomass,legacy,NL0 22,3,500.0,53935.51759343677,53935.51759343677
46,NL0 25 waste,legacy,NL0 25,2,54.0,48541.96583407945,48541.96583407945
46,NL0 27 biomass,legacy,NL0 27,1,22.0,59329.06935279719,59329.06935279719
46,NL0 27 waste,legacy,NL0 27,1,71.2,59329.06935279719,59329.06935279719
46,NL0 3 biomass,legacy,NL0 3,1,22.0,59329.06935279719,59329.06935279719
46,NL0 3 waste,legacy,NL0 3,1,108.0,59329.06935279719,59329.06935279719
46,NL0 30 biomass,legacy,NL0 30,1,60.0,59329.06935279719,59329.06935279719
46,NL0 7 nuclear,legacy,NL0 7,3,515.0,53935.51759343677,53935.51759343677
46,NL0 7 waste,legacy,NL0 7,3,39.0,53935.51759343677,53935.51759343677
46,NL0 8 biomass,legacy,NL0 8,1,36.0,59329.06935279719,59329.06935279719
46,NL0 8 waste,legacy,NL0 8,1,157.0,59329.06935279719,59329.06935279719
46,NL0 9 biomass,legacy,NL0 9,3,20.0,53935.51759343677,53935.51759343677
46,NL0 0 0 solar,legacy,NL0 0,1,0.0,59329.06935279719,59329.069352797116
46,NL0 1 0 solar,legacy,NL0 1,3,0.0,53935.51759343677,53935.5175934367
46,NL0 10 0 solar,legacy,NL0 10,1,0.0,59329.06935279719,59329.069352797116
46,NL0 11 0 solar,legacy,NL0 11,3,0.0,53935.51759343677,53935.5175934367
46,NL0 12 0 solar,legacy,NL0 12,2,0.0,48541.96583407945,48541.96583407938
46,NL0 13 0 solar,legacy,NL0 13,3,0.0,53935.51759343677,53935.5175934367
46,NL0 14 0 solar,legacy,NL0 14,2,0.0,48541.96583407945,48541.96583407938
46,NL0 15 0 solar,legacy,NL0 15,2,0.0,48541.96583407945,48541.96583407938
46,NL0 16 0 solar,legacy,NL0 16,1,0.0,59329.06935279719,59329.069352797116
46,NL0 17 0 solar,legacy,NL0 17,1,0.0,59329.06935279719,59329.069352797116
46,NL0 18 0 solar,legacy,NL0 18,1,0.0,59329.06935279719,59329.069352797116
46,NL0 19 0 solar,legacy,NL0 19,2,0.0,48541.96583407945,48541.96583407938
46,NL0 2 0 solar,legacy,NL0 2,2,0.0,48541.96583407945,48541.96583407938
46,NL0 20 0 solar,legacy,NL0 20,1,0.0,59329.06935279719,59329.069352797116
46,NL0 21 0 solar,legacy,NL0 21,1,0.0,59329.06935279719,59329.069352797116
46,NL0 22 0 solar,legacy,NL0 22,3,0.0,53935.51759343677,53935.5175934367
46,NL0 23 0 solar,legacy,NL0 23,1,0.0,59329.06935279719,59329.069352797116
46,NL0 24 0 solar,legacy,NL0 24,1,0.0,59329.06935279719,59329.069352797116
46,NL0 25 0 solar,legacy,NL0 25,2,0.0,48541.96583407945,48541.96583407938
46,NL0 26 0 solar,legacy,NL0 26,2,0.0,48541.96583407945,48541.96583407938
46,NL0 27 0 solar,legacy,NL0 27,1,0.0,59329.06935279719,59329.069352797116
46,NL0 28 0 solar,legacy,NL0 28,2,0.0,48541.96583407945,48541.96583407938
46,NL0 3 0 solar,legacy,NL0 3,1,0.0,59329.06935279719,59329.069352797116
46,NL0 30 0 solar,legacy,NL0 30,1,0.0,59329.06935279719,59329.069352797116
46,NL0 31 0 solar,legacy,NL0 31,2,0.0,48541.96583407945,48541.96583407938
46,NL0 4 0 solar,legacy,NL0 4,2,0.0,48541.96583407945,48541.96583407938
46,NL0 5 0 solar,legacy,NL0 5,3,0.0,53935.51759343677,53935.5175934367
46,NL0 6 0 solar,legacy,NL0 6,3,0.0,53935.51759343677,53935.5175934367
46,NL0 7 0 solar,legacy,NL0 7,3,0.0,53935.51759343677,53935.5175934367
46,NL0 8 0 solar,legacy,NL0 8,1,0.0,59329.06935279719,59329.069352797116
46,NL0 9 0 solar,legacy,NL0 9,3,0.0,53935.51759343677,53935.5175934367
46,NL0 20 0 offwind-ac,legacy,NL0 20,1,0.0,59329.06935279719,59329.069352797116
46,NL0 27 0 offwind-ac,legacy,NL0 27,1,0.0,59329.06935279719,59329.069352797116
46,NL0 31 0 offwind-ac,legacy,NL0 31,2,0.0,48541.96583407945,48541.96583407938
46,NL0 32 0 offwind-ac,legacy,NL0 32,1,0.0,59329.06935279719,59329.069352797116
46,NL0 7 0 offwind-ac,legacy,NL0 7,3,0.0,53935.51759343677,53935.5175934367
46,NL0 0 0 onwind,legacy,NL0 0,1,0.0,59329.06935279719,59329.069352797116
46,NL0 1 0 onwind,legacy,NL0 1,3,0.0,53935.51759343677,53935.5175934367
46,NL0 10 0 onwind,legacy,NL0 10,1,0.0,59329.06935279719,59329.069352797116
46,NL0 11 0 onwind,legacy,NL0 11,3,0.0,53935.51759343677,53935.5175934367
46,NL0 12 0 onwind,legacy,NL0 12,2,0.0,48541.96583407945,48541.96583407938
46,NL0 13 0 onwind,legacy,NL0 13,3,0.0,53935.51759343677,53935.5175934367
46,NL0 14 0 onwind,legacy,NL0 14,2,0.0,48541.96583407945,48541.96583407938
46,NL0 15 0 onwind,legacy,NL0 15,2,0.0,48541.96583407945,48541.96583407938
46,NL0 17 0 onwind,legacy,NL0 17,1,0.0,59329.06935279719,59329.069352797116
46,NL0 19 0 onwind,legacy,NL0 19,2,0.0,48541.96583407945,48541.96583407938
46,NL0 2 0 onwind,legacy,NL0 2,2,0.0,48541.96583407945,48541.96583407938
46,NL0 20 0 onwind,legacy,NL0 20,1,0.0,59329.06935279719,59329.069352797116
46,NL0 21 0 onwind,legacy,NL0 21,1,0.0,59329.06935279719,59329.069352797116
46,NL0 22 0 onwind,legacy,NL0 22,3,0.0,53935.51759343677,53935.5175934367
46,NL0 23 0 onwind,legacy,NL0 23,1,0.0,59329.06935279719,59329.069352797116
46,NL0 24 0 onwind,legacy,NL0 24,1,0.0,59329.06935279719,59329.069352797116
46,NL0 27 0 onwind,legacy,NL0 27,1,0.0,59329.06935279719,59329.069352797116
46,NL0 3 0 onwind,legacy,NL0 3,1,0.0,59329.06935279719,59329.069352797116
46,NL0 30 0 onwind,legacy,NL0 30,1,0.0,59329.06935279719,59329.069352797116
46,NL0 31 0 onwind,legacy,NL0 31,2,0.0,48541.96583407945,48541.96583407938
46,NL0 4 0 onwind,legacy,NL0 4,2,0.0,48541.96583407945,48541.96583407938
46,NL0 5 0 onwind,legacy,NL0 5,3,0.0,53935.51759343677,53935.5175934367
46,NL0 6 0 onwind,legacy,NL0 6,3,0.0,53935.51759343677,53935.5175934367
46,NL0 7 0 onwind,legacy,NL0 7,3,0.0,53935.51759343677,53935.5175934367
46,NL0 8 0 onwind,legacy,NL0 8,1,0.0,59329.06935279719,59329.069352797116
46,NL0 9 0 onwind,legacy,NL0 9,3,0.0,53935.51759343677,53935.5175934367
47,NL0 0 Invest,investable,NL0 0,1,0.0,59329.06935279719,59329.06935292875
47,NL0 1 Invest,investable,NL0 1,3,1000.0,53935.51759343677,53935.51759357159
47,NL0 10 Invest,investable,NL0 10,1,1000.0,59329.06935279719,59329.06935292875
47,NL0 11 Invest,investable,NL0 11,3,1000.0,53935.51759343677,53935.51759357159
47,NL0 12 Invest,investable,NL0 12,2,987.3248031843468,48541.96583407945,48541.96583421443
47,NL0 13 Invest,investable,NL0 13,3,0.0,53935.51759343677,53935.51759357159
47,NL0 14 Invest,investable,NL0 14,2,0.0,48541.96583407945,48541.96583421443
47,NL0 15 Invest,investable,NL0 15,2,1000.0,48541.96583407945,48541.96583421443
47,NL0 16 Invest,investable,NL0 16,1,0.0,59329.06935279719,59329.06935292875
47,NL0 17 Invest,investable,NL0 17,1,0.0,59329.06935279719,59329.06935292875
47,NL0 18 Invest,investable,NL0 18,1,0.0,59329.06935279719,59329.06935292875
47,NL0 19 Invest,investable,NL0 19,2,1000.0,48541.96583407945,48541.96583421443
47,NL0 2 Invest,investable,NL0 2,2,1000.0,48541.96583407945,48541.96583421443
47,NL0 20 Invest,investable,NL0 20,1,1000.0,59329.06935279719,59329.06935292875
47,NL0 21 Invest,investable,NL0 21,1,0.0,59329.06935279719,59329.06935292875
47,NL0 22 Invest,investable,NL0 22,3,1000.0,53935.51759343677,53935.51759357159
47,NL0 23 Invest,investable,NL0 23,1,0.0,59329.06935279719,59329.06935292875
47,NL0 24 Invest,investable,NL0 24,1,1000.0,59329.06935279719,59329.06935292875
47,NL0 25 Invest,investable,NL0 25,2,1000.0,48541.96583407945,48541.96583421443
47,NL0 26 Invest,investable,NL0 26,2,0.0,48541.96583407945,48541.96583421443
47,NL0 27 Invest,investable,NL0 27,1,35.5312178697568,59329.06935279719,59329.06935292875
47,NL0 28 Invest,investable,NL0 28,2,0.0,48541.96583407945,48541.96583421443
47,NL0 3 Invest,investable,NL0 3,1,0.0,59329.06935279719,59329.06935292875
47,NL0 30 Invest,investable,NL0 30,1,0.0,59329.06935279719,59329.06935292875
47,NL0 31 Invest,investable,NL0 31,2,1000.0,48541.96583407945,48541.96583421443
47,NL0 33 Invest,investable,NL0 33,1,0.0,59329.06935279719,59329.06935292875
47,NL0 4 Invest,investable,NL0 4,2,0.0,48541.96583407945,48541.96583421443
47,NL0 5 Invest,investable,NL0 5,3,1000.0,53935.51759343677,53935.51759357159
47,NL0 6 Invest,investable,NL0 6,3,678.1047541590506,53935.51759343677,53935.51759357159
47,NL0 7 Invest,investable,NL0 7,3,1000.0,53935.51759343677,53935.51759357159
47,NL0 8 Invest,investable,NL0 8,1,0.0,59329.06935279719,59329.06935292875
47,NL0 9 Invest,investable,NL0 9,3,0.0,53935.51759343677,53935.51759357159
47,NL0 1 biomass,legacy,NL0 1,3,71.0,53935.51759343677,53935.51759343677
47,NL0 1 waste,legacy,NL0 1,3,31.0,53935.51759343677,53935.51759343677
47,NL0 10 waste,legacy,NL0 10,1,150.0,59329.06935279719,59329.06935279719
47,NL0 11 biomass,legacy,NL0 11,3,20.0,53935.51759343677,53935.51759343677
47,NL0 11 waste,legacy,NL0 11,3,50.0,53935.51759343677,53935.51759343677
47,NL0 13 biomass,legacy,NL0 13,3,77.0,53935.51759343677,53935.51759343677
47,NL0 19 biomass,legacy,NL0 19,2,49.0,48541.96583407945,48541.96583407945
47,NL0 19 waste,legacy,NL0 19,2,36.0,48541.96583407945,48541.96583407945
47,NL0 22 biomass,legacy,NL0 22,3,500.0,53935.51759343677,53935.51759343677
47,NL0 25 waste,legacy,NL0 25,2,54.0,48541.96583407945,48541.96583407945
47,NL0 27 biomass,legacy,NL0 27,1,22.0,59329.06935279719,59329.06935279719
47,NL0 27 waste,legacy,NL0 27,1,71.2,59329.06935279719,59329.06935279719
47,NL0 3 biomass,legacy,NL0 3,1,22.0,59329.06935279719,59329.06935279719
47,NL0 3 waste,legacy,NL0 3,1,108.0,59329.06935279719,59329.06935279719
47,NL0 30 biomass,legacy,NL0 30,1,60.0,59329.06935279719,59329.06935279719
47,NL0 7 nuclear,legacy,NL0 7,3,515.0,53935.51759343677,53935.51759343677
47,NL0 7 waste,legacy,NL0 7,3,39.0,53935.51759343677,53935.51759343677
47,NL0 8 biomass,legacy,NL0 8,1,36.0,59329.06935279719,59329.06935279719
47,NL0 8 waste,legacy,NL0 8,1,157.0,59329.06935279719,59329.06935279719
47,NL0 9 biomass,legacy,NL0 9,3,20.0,53935.51759343677,53935.51759343677
47,NL0 0 0 solar,legacy,NL0 0,1,0.0,59329.06935279719,59329.069352797116
47,NL0 1 0 solar,legacy,NL0 1,3,0.0,53935.51759343677,53935.5175934367
47,NL0 10 0 solar,legacy,NL0 10,1,0.0,59329.06935279719,59329.069352797116
47,NL0 11 0 solar,legacy,NL0 11,3,0.0,53935.51759343677,53935.5175934367
47,NL0 12 0 solar,legacy,NL0 12,2,0.0,48541.96583407945,48541.96583407938
47,NL0 13 0 solar,legacy,NL0 13,3,0.0,53935.51759343677,53935.5175934367
47,NL0 14 0 solar,legacy,NL0 14,2,0.0,48541.96583407945,48541.96583407938
47,NL0 15 0 solar,legacy,NL0 15,2,0.0,48541.96583407945,48541.96583407938
47,NL0 16 0 solar,legacy,NL0 16,1,0.0,59329.06935279719,59329.069352797116
47,NL0 17 0 solar,legacy,NL0 17,1,0.0,59329.06935279719,59329.069352797116
47,NL0 18 0 solar,legacy,NL0 18,1,0.0,59329.06935279719,59329.069352797116
47,NL0 19 0 solar,legacy,NL0 19,2,0.0,48541.96583407945,48541.96583407938
47,NL0 2 0 solar,legacy,NL0 2,2,0.0,48541.96583407945,48541.96583407938
47,NL0 20 0 solar,legacy,NL0 20,1,0.0,59329.06935279719,59329.069352797116
47,NL0 21 0 solar,legacy,NL0 21,1,0.0,59329.06935279719,59329.069352797116
47,NL0 22 0 solar,legacy,NL0 22,3,0.0,53935.51759343677,53935.5175934367
47,NL0 23 0 solar,legacy,NL0 23,1,0.0,59329.06935279719,59329.069352797116
47,NL0 24 0 solar,legacy,NL0 24,1,0.0,59329.06935279719,59329.069352797116
47,NL0 25 0 solar,legacy,NL0 25,2,0.0,48541.96583407945,48541.96583407938
47,NL0 26 0 solar,legacy,NL0 26,2,0.0,48541.96583407945,48541.96583407938
47,NL0 27 0 solar,legacy,NL0 27,1,0.0,59329.06935279719,59329.069352797116
47,NL0 28 0 solar,legacy,NL0 28,2,0.0,48541.96583407945,48541.96583407938
47,NL0 3 0 solar,legacy,NL0 3,1,0.0,59329.06935279719,59329.069352797116
47,NL0 30 0 solar,legacy,NL0 30,1,0.0,59329.06935279719,59329.069352797116
47,NL0 31 0 solar,legacy,NL0 31,2,0.0,48541.96583407945,48541.96583407938
47,NL0 4 0 solar,legacy,NL0 4,2,0.0,48541.96583407945,48541.96583407938
47,NL0 5 0 solar,legacy,NL0 5,3,0.0,53935.51759343677,53935.5175934367
47,NL0 6 0 solar,legacy,NL0 6,3,0.0,53935.51759343677,53935.5175934367
47,NL0 7 0 solar,legacy,NL0 7,3,0.0,53935.51759343677,53935.5175934367
47,NL0 8 0 solar,legacy,NL0 8,1,0.0,59329.06935279719,59329.069352797116
47,NL0 9 0 solar,legacy,NL0 9,3,0.0,53935.51759343677,53935.5175934367
47,NL0 20 0 offwind-ac,legacy,NL0 20,1,0.0,59329.06935279719,59329.069352797116
47,NL0 27 0 offwind-ac,legacy,NL0 27,1,0.0,59329.06935279719,59329.069352797116
47,NL0 31 0 offwind-ac,legacy,NL0 31,2,0.0,48541.96583407945,48541.96583407938
47,NL0 32 0 offwind-ac,legacy,NL0 32,1,0.0,59329.06935279719,59329.069352797116
47,NL0 7 0 offwind-ac,legacy,NL0 7,3,0.0,53935.51759343677,53935.5175934367
47,NL0 0 0 onwind,legacy,NL0 0,1,0.0,59329.06935279719,59329.069352797116
47,NL0 1 0 onwind,legacy,NL0 1,3,0.0,53935.51759343677,53935.5175934367
47,NL0 10 0 onwind,legacy,NL0 10,1,0.0,59329.06935279719,59329.069352797116
47,NL0 11 0 onwind,legacy,NL0 11,3,0.0,53935.51759343677,53935.5175934367
47,NL0 12 0 onwind,legacy,NL0 12,2,0.0,48541.96583407945,48541.96583407938
47,NL0 13 0 onwind,legacy,NL0 13,3,0.0,53935.51759343677,53935.5175934367
47,NL0 14 0 onwind,legacy,NL0 14,2,0.0,48541.96583407945,48541.96583407938
47,NL0 15 0 onwind,legacy,NL0 15,2,0.0,48541.96583407945,48541.96583407938
47,NL0 17 0 onwind,legacy,NL0 17,1,0.0,59329.06935279719,59329.069352797116
47,NL0 19 0 onwind,legacy,NL0 19,2,0.0,48541.96583407945,48541.96583407938
47,NL0 2 0 onwind,legacy,NL0 2,2,0.0,48541.96583407945,48541.96583407938
47,NL0 20 0 onwind,legacy,NL0 20,1,0.0,59329.06935279719,59329.069352797116
47,NL0 21 0 onwind,legacy,NL0 21,1,0.0,59329.06935279719,59329.069352797116
47,NL0 22 0 onwind,legacy,NL0 22,3,0.0,53935.51759343677,53935.5175934367
47,NL0 23 0 onwind,legacy,NL0 23,1,0.0,59329.06935279719,59329.069352797116
47,NL0 24 0 onwind,legacy,NL0 24,1,0.0,59329.06935279719,59329.069352797116
47,NL0 27 0 onwind,legacy,NL0 27,1,0.0,59329.06935279719,59329.069352797116
47,NL0 3 0 onwind,legacy,NL0 3,1,0.0,59329.06935279719,59329.069352797116
47,NL0 30 0 onwind,legacy,NL0 30,1,0.0,59329.06935279719,59329.069352797116
47,NL0 31 0 onwind,legacy,NL0 31,2,0.0,48541.96583407945,48541.96583407938
47,NL0 4 0 onwind,legacy,NL0 4,2,0.0,48541.96583407945,48541.96583407938
47,NL0 5 0 onwind,legacy,NL0 5,3,0.0,53935.51759343677,53935.5175934367
47,NL0 6 0 onwind,legacy,NL0 6,3,0.0,53935.51759343677,53935.5175934367
47,NL0 7 0 onwind,legacy,NL0 7,3,0.0,53935.51759343677,53935.5175934367
47,NL0 8 0 onwind,legacy,NL0 8,1,0.0,59329.06935279719,59329.069352797116
47,NL0 9 0 onwind,legacy,NL0 9,3,0.0,53935.51759343677,53935.5175934367
48,NL0 0 Invest,investable,NL0 0,1,0.0,59329.06935279719,59329.06935292875
48,NL0 1 Invest,investable,NL0 1,3,0.0,53935.51759343677,53935.51759357159
48,NL0 10 Invest,investable,NL0 10,1,0.0,59329.06935279719,59329.06935292875
48,NL0 11 Invest,investable,NL0 11,3,0.0,53935.51759343677,53935.51759357159
48,NL0 12 Invest,investable,NL0 12,2,1000.0,48541.96583407945,48541.96583421443
48,NL0 13 Invest,investable,NL0 13,3,1000.0,53935.51759343677,53935.51759357159
48,NL0 14 Invest,investable,NL0 14,2,1000.0,48541.96583407945,48541.96583421443
48,NL0 15 Invest,investable,NL0 15,2,0.0,48541.96583407945,48541.96583421443
48,NL0 16 Invest,investable,NL0 16,1,1000.0,59329.06935279719,59329.06935292875
48,NL0 17 Invest,investable,NL0 17,1,0.0,59329.06935279719,59329.06935292875
48,NL0 18 Invest,investable,NL0 18,1,0.0,59329.06935279719,59329.06935292875
48,NL0 19 Invest,investable,NL0 19,2,0.0,48541.96583407945,48541.96583421443
48,NL0 2 Invest,investable,NL0 2,2,0.0,48541.96583407945,48541.96583421443
48,NL0 20 Invest,investable,NL0 20,1,0.0,59329.06935279719,59329.06935292875
48,NL0 21 Invest,investable,NL0 21,1,0.0,59329.06935279719,59329.06935292875
48,NL0 22 Invest,investable,NL0 22,3,678.1047541590506,53935.51759343677,53935.51759357159
48,NL0 23 Invest,investable,NL0 23,1,0.0,59329.06935279719,59329.06935292875
48,NL0 24 Invest,investable,NL0 24,1,0.0,59329.06935279719,59329.06935292875
48,NL0 25 Invest,investable,NL0 25,2,0.0,48541.96583407945,48541.96583421443
48,NL0 26 Invest,investable,NL0 26,2,1000.0,48541.96583407945,48541.96583421443
48,NL0 27 Invest,investable,NL0 27,1,0.0,59329.06935279719,59329.06935292875
48,NL0 28 Invest,investable,NL0 28,2,1000.0,48541.96583407945,48541.96583421443
48,NL0 3 Invest,investable,NL0 3,1,1000.0,59329.06935279719,59329.06935292875
48,NL0 30 Invest,investable,NL0 30,1,0.0,59329.06935279719,59329.06935292875
48,NL0 31 Invest,investable,NL0 31,2,987.3248031843468,48541.96583407945,48541.96583421443
48,NL0 33 Invest,investable,NL0 33,1,35.5312178697568,59329.06935279719,59329.06935292875
48,NL0 4 Invest,investable,NL0 4,2,1000.0,48541.96583407945,48541.96583421443
48,NL0 5 Invest,investable,NL0 5,3,1000.0,53935.51759343677,53935.51759357159
48,NL0 6 Invest,investable,NL0 6,3,1000.0,53935.51759343677,53935.51759357159
48,NL0 7 Invest,investable,NL0 7,3,1000.0,53935.51759343677,53935.51759357159
48,NL0 8 Invest,investable,NL0 8,1,1000.0,59329.06935279719,59329.06935292875
48,NL0 9 Invest,investable,NL0 9,3,1000.0,53935.51759343677,53935.51759357159
48,NL0 1 biomass,legacy,NL0 1,3,71.0,53935.51759343677,53935.51759343677
48,NL0 1 waste,legacy,NL0 1,3,31.0,53935.51759343677,53935.51759343677
48,NL0 10 waste,legacy,NL0 10,1,150.0,59329.06935279719,59329.06935279719
48,NL0 11 biomass,legacy,NL0 11,3,20.0,53935.51759343677,53935.51759343677
48,NL0 11 waste,legacy,NL0 11,3,50.0,53935.51759343677,53935.51759343677
48,NL0 13 biomass,legacy,NL0 13,3,77.0,53935.51759343677,53935.51759343677
48,NL0 19 biomass,legacy,NL0 19,2,49.0,48541.96583407945,48541.96583407945
48,NL0 19 waste,legacy,NL0 19,2,36.0,48541.96583407945,48541.96583407945
48,NL0 22 biomass,legacy,NL0 22,3,500.0,53935.51759343677,53935.51759343677
48,NL0 25 waste,legacy,NL0 25,2,54.0,48541.96583407945,48541.96583407945
48,NL0 27 biomass,legacy,NL0 27,1,22.0,59329.06935279719,59329.06935279719
48,NL0 27 waste,legacy,NL0 27,1,71.2,59329.06935279719,59329.06935279719
48,NL0 3 biomass,legacy,NL0 3,1,22.0,59329.06935279719,59329.06935279719
48,NL0 3 waste,legacy,NL0 3,1,108.0,59329.06935279719,59329.06935279719
48,NL0 30 biomass,legacy,NL0 30,1,60.0,59329.06935279719,59329.06935279719
48,NL0 7 nuclear,legacy,NL0 7,3,515.0,53935.51759343677,53935.51759343677
48,NL0 7 waste,legacy,NL0 7,3,39.0,53935.51759343677,53935.51759343677
48,NL0 8 biomass,legacy,NL0 8,1,36.0,59329.06935279719,59329.06935279719
48,NL0 8 waste,legacy,NL0 8,1,157.0,59329.06935279719,59329.06935279719
48,NL0 9 biomass,legacy,NL0 9,3,20.0,53935.51759343677,53935.51759343677
48,NL0 0 0 solar,legacy,NL0 0,1,0.0,59329.06935279719,59329.069352797116
48,NL0 1 0 solar,legacy,NL0 1,3,0.0,53935.51759343677,53935.5175934367
48,NL0 10 0 solar,legacy,NL0 10,1,0.0,59329.06935279719,59329.069352797116
48,NL0 11 0 solar,legacy,NL0 11,3,0.0,53935.51759343677,53935.5175934367
48,NL0 12 0 solar,legacy,NL0 12,2,0.0,48541.96583407945,48541.96583407938
48,NL0 13 0 solar,legacy,NL0 13,3,0.0,53935.51759343677,53935.5175934367
48,NL0 14 0 solar,legacy,NL0 14,2,0.0,48541.96583407945,48541.96583407938
48,NL0 15 0 solar,legacy,NL0 15,2,0.0,48541.96583407945,48541.96583407938
48,NL0 16 0 solar,legacy,NL0 16,1,0.0,59329.06935279719,59329.069352797116
48,NL0 17 0 solar,legacy,NL0 17,1,0.0,59329.06935279719,59329.069352797116
48,NL0 18 0 solar,legacy,NL0 18,1,0.0,59329.06935279719,59329.069352797116
48,NL0 19 0 solar,legacy,NL0 19,2,0.0,48541.96583407945,48541.96583407938
48,NL0 2 0 solar,legacy,NL0 2,2,0.0,48541.96583407945,48541.96583407938
48,NL0 20 0 solar,legacy,NL0 20,1,0.0,59329.06935279719,59329.069352797116
48,NL0 21 0 solar,legacy,NL0 21,1,0.0,59329.06935279719,59329.069352797116
48,NL0 22 0 solar,legacy,NL0 22,3,0.0,53935.51759343677,53935.5175934367
48,NL0 23 0 solar,legacy,NL0 23,1,0.0,59329.06935279719,59329.069352797116
48,NL0 24 0 solar,legacy,NL0 24,1,0.0,59329.06935279719,59329.069352797116
48,NL0 25 0 solar,legacy,NL0 25,2,0.0,48541.96583407945,48541.96583407938
48,NL0 26 0 solar,legacy,NL0 26,2,0.0,48541.96583407945,48541.96583407938
48,NL0 27 0 solar,legacy,NL0 27,1,0.0,59329.06935279719,59329.069352797116
48,NL0 28 0 solar,legacy,NL0 28,2,0.0,48541.96583407945,48541.96583407938
48,NL0 3 0 solar,legacy,NL0 3,1,0.0,59329.06935279719,59329.069352797116
48,NL0 30 0 solar,legacy,NL0 30,1,0.0,59329.06935279719,59329.069352797116
48,NL0 31 0 solar,legacy,NL0 31,2,0.0,48541.96583407945,48541.96583407938
48,NL0 4 0 solar,legacy,NL0 4,2,0.0,48541.96583407945,48541.96583407938
48,NL0 5 0 solar,legacy,NL0 5,3,0.0,53935.51759343677,53935.5175934367
48,NL0 6 0 solar,legacy,NL0 6,3,0.0,53935.51759343677,53935.5175934367
48,NL0 7 0 solar,legacy,NL0 7,3,0.0,53935.51759343677,53935.5175934367
48,NL0 8 0 solar,legacy,NL0 8,1,0.0,59329.06935279719,59329.069352797116
48,NL0 9 0 solar,legacy,NL0 9,3,0.0,53935.51759343677,53935.5175934367
48,NL0 20 0 offwind-ac,legacy,NL0 20,1,0.0,59329.06935279719,59329.069352797116
48,NL0 27 0 offwind-ac,legacy,NL0 27,1,0.0,59329.06935279719,59329.069352797116
48,NL0 31 0 offwind-ac,legacy,NL0 31,2,0.0,48541.96583407945,48541.96583407938
48,NL0 32 0 offwind-ac,legacy,NL0 32,1,0.0,59329.06935279719,59329.069352797116
48,NL0 7 0 offwind-ac,legacy,NL0 7,3,0.0,53935.51759343677,53935.5175934367
48,NL0 0 0 onwind,legacy,NL0 0,1,0.0,59329.06935279719,59329.069352797116
48,NL0 1 0 onwind,legacy,NL0 1,3,0.0,53935.51759343677,53935.5175934367
48,NL0 10 0 onwind,legacy,NL0 10,1,0.0,59329.06935279719,59329.069352797116
48,NL0 11 0 onwind,legacy,NL0 11,3,0.0,53935.51759343677,53935.5175934367
48,NL0 12 0 onwind,legacy,NL0 12,2,0.0,48541.96583407945,48541.96583407938
48,NL0 13 0 onwind,legacy,NL0 13,3,0.0,53935.51759343677,53935.5175934367
48,NL0 14 0 onwind,legacy,NL0 14,2,0.0,48541.96583407945,48541.96583407938
48,NL0 15 0 onwind,legacy,NL0 15,2,0.0,48541.96583407945,48541.96583407938
48,NL0 17 0 onwind,legacy,NL0 17,1,0.0,59329.06935279719,59329.069352797116
48,NL0 19 0 onwind,legacy,NL0 19,2,0.0,48541.96583407945,48541.96583407938
48,NL0 2 0 onwind,legacy,NL0 2,2,0.0,48541.96583407945,48541.96583407938
48,NL0 20 0 onwind,legacy,NL0 20,1,0.0,59329.06935279719,59329.069352797116
48,NL0 21 0 onwind,legacy,NL0 21,1,0.0,59329.06935279719,59329.069352797116
48,NL0 22 0 onwind,legacy,NL0 22,3,0.0,53935.51759343677,53935.5175934367
48,NL0 23 0 onwind,legacy,NL0 23,1,0.0,59329.06935279719,59329.069352797116
48,NL0 24 0 onwind,legacy,NL0 24,1,0.0,59329.06935279719,59329.069352797116
48,NL0 27 0 onwind,legacy,NL0 27,1,0.0,59329.06935279719,59329.069352797116
48,NL0 3 0 onwind,legacy,NL0 3,1,0.0,59329.06935279719,59329.069352797116
48,NL0 30 0 onwind,legacy,NL0 30,1,0.0,59329.06935279719,59329.069352797116
48,NL0 31 0 onwind,legacy,NL0 31,2,0.0,48541.96583407945,48541.96583407938
48,NL0 4 0 onwind,legacy,NL0 4,2,0.0,48541.96583407945,48541.96583407938
48,NL0 5 0 onwind,legacy,NL0 5,3,0.0,53935.51759343677,53935.5175934367
48,NL0 6 0 onwind,legacy,NL0 6,3,0.0,53935.51759343677,53935.5175934367
48,NL0 7 0 onwind,legacy,NL0 7,3,0.0,53935.51759343677,53935.5175934367
48,NL0 8 0 onwind,legacy,NL0 8,1,0.0,59329.06935279719,59329.069352797116
48,NL0 9 0 onwind,legacy,NL0 9,3,0.0,53935.51759343677,53935.5175934367
49,NL0 0 Invest,investable,NL0 0,1,0.0,59329.06935279719,59329.06935292875
49,NL0 1 Invest,investable,NL0 1,3,1000.0,53935.51759343677,53935.51759357159
49,NL0 10 Invest,investable,NL0 10,1,0.0,59329.06935279719,59329.06935292875
49,NL0 11 Invest,investable,NL0 11,3,1000.0,53935.51759343677,53935.51759357159
49,NL0 12 Invest,investable,NL0 12,2,1000.0,48541.96583407945,48541.96583421443
49,NL0 13 Invest,investable,NL0 13,3,1000.0,53935.51759343677,53935.51759357159
49,NL0 14 Invest,investable,NL0 14,2,1000.0,48541.96583407945,48541.96583421443
49,NL0 15 Invest,investable,NL0 15,2,0.0,48541.96583407945,48541.96583421443
49,NL0 16 Invest,investable,NL0 16,1,0.0,59329.06935279719,59329.06935292875
49,NL0 17 Invest,investable,NL0 17,1,0.0,59329.06935279719,59329.06935292875
49,NL0 18 Invest,investable,NL0 18,1,35.5312178697568,59329.06935279719,59329.06935292875
49,NL0 19 Invest,investable,NL0 19,2,0.0,48541.96583407945,48541.96583421443
49,NL0 2 Invest,investable,NL0 2,2,0.0,48541.96583407945,48541.96583421443
49,NL0 20 Invest,investable,NL0 20,1,0.0,59329.06935279719,59329.06935292875
49,NL0 21 Invest,investable,NL0 21,1,0.0,59329.06935279719,59329.06935292875
49,NL0 22 Invest,investable,NL0 22,3,0.0,53935.51759343677,53935.51759357159
49,NL0 23 Invest,investable,NL0 23,1,1000.0,59329.06935279719,59329.06935292875
49,NL0 24 Invest,investable,NL0 24,1,0.0,59329.06935279719,59329.06935292875
49,NL0 25 Invest,investable,NL0 25,2,0.0,48541.96583407945,48541.96583421443
49,NL0 26 Invest,investable,NL0 26,2,1000.0,48541.96583407945,48541.96583421443
49,NL0 27 Invest,investable,NL0 27,1,0.0,59329.06935279719,59329.06935292875
49,NL0 28 Invest,investable,NL0 28,2,1000.0,48541.96583407945,48541.96583421443
49,NL0 3 Invest,investable,NL0 3,1,0.0,59329.06935279719,59329.06935292875
49,NL0 30 Invest,investable,NL0 30,1,1000.0,59329.06935279719,59329.06935292875
49,NL0 31 Invest,investable,NL0 31,2,987.3248031843468,48541.96583407945,48541.96583421443
49,NL0 33 Invest,investable,NL0 33,1,1000.0,59329.06935279719,59329.06935292875
49,NL0 4 Invest,investable,NL0 4,2,1000.0,48541.96583407945,48541.96583421443
49,NL0 5 Invest,investable,NL0 5,3,678.1047541590506,53935.51759343677,53935.51759357159
49,NL0 6 Invest,investable,NL0 6,3,1000.0,53935.51759343677,53935.51759357159
49,NL0 7 Invest,investable,NL0 7,3,0.0,53935.51759343677,53935.51759357159
49,NL0 8 Invest,investable,NL0 8,1,0.0,59329.06935279719,59329.06935292875
49,NL0 9 Invest,investable,NL0 9,3,1000.0,53935.51759343677,53935.51759357159
49,NL0 1 biomass,legacy,NL0 1,3,71.0,53935.51759343677,53935.51759343677
49,NL0 1 waste,legacy,NL0 1,3,31.0,53935.51759343677,53935.51759343677
49,NL0 10 waste,legacy,NL0 10,1,150.0,59329.06935279719,59329.06935279719
49,NL0 11 biomass,legacy,NL0 11,3,20.0,53935.51759343677,53935.51759343677
49,NL0 11 waste,legacy,NL0 11,3,50.0,53935.51759343677,53935.51759343677
49,NL0 13 biomass,legacy,NL0 13,3,77.0,53935.51759343677,53935.51759343677
49,NL0 19 biomass,legacy,NL0 19,2,49.0,48541.96583407945,48541.96583407945
49,NL0 19 waste,legacy,NL0 19,2,36.0,48541.96583407945,48541.96583407945
49,NL0 22 biomass,legacy,NL0 22,3,500.0,53935.51759343677,53935.51759343677
49,NL0 25 waste,legacy,NL0 25,2,54.0,48541.96583407945,48541.96583407945
49,NL0 27 biomass,legacy,NL0 27,1,22.0,59329.06935279719,59329.06935279719
49,NL0 27 waste,legacy,NL0 27,1,71.2,59329.06935279719,59329.06935279719
49,NL0 3 biomass,legacy,NL0 3,1,22.0,59329.06935279719,59329.06935279719
49,NL0 3 waste,legacy,NL0 3,1,108.0,59329.06935279719,59329.06935279719
49,NL0 30 biomass,legacy,NL0 30,1,60.0,59329.06935279719,59329.06935279719
49,NL0 7 nuclear,legacy,NL0 7,3,515.0,53935.51759343677,53935.51759343677
49,NL0 7 waste,legacy,NL0 7,3,39.0,53935.51759343677,53935.51759343677
49,NL0 8 biomass,legacy,NL0 8,1,36.0,59329.06935279719,59329.06935279719
49,NL0 8 waste,legacy,NL0 8,1,157.0,59329.06935279719,59329.06935279719
49,NL0 9 biomass,legacy,NL0 9,3,20.0,53935.51759343677,53935.51759343677
49,NL0 0 0 solar,legacy,NL0 0,1,0.0,59329.06935279719,59329.069352797116
49,NL0 1 0 solar,legacy,NL0 1,3,0.0,53935.51759343677,53935.5175934367
49,NL0 10 0 solar,legacy,NL0 10,1,0.0,59329.06935279719,59329.069352797116
49,NL0 11 0 solar,legacy,NL0 11,3,0.0,53935.51759343677,53935.5175934367
49,NL0 12 0 solar,legacy,NL0 12,2,0.0,48541.96583407945,48541.96583407938
49,NL0 13 0 solar,legacy,NL0 13,3,0.0,53935.51759343677,53935.5175934367
49,NL0 14 0 solar,legacy,NL0 14,2,0.0,48541.96583407945,48541.96583407938
49,NL0 15 0 solar,legacy,NL0 15,2,0.0,48541.96583407945,48541.96583407938
49,NL0 16 0 solar,legacy,NL0 16,1,0.0,59329.06935279719,59329.069352797116
49,NL0 17 0 solar,legacy,NL0 17,1,0.0,59329.06935279719,59329.069352797116
49,NL0 18 0 solar,legacy,NL0 18,1,0.0,59329.06935279719,59329.069352797116
49,NL0 19 0 solar,legacy,NL0 19,2,0.0,48541.96583407945,48541.96583407938
49,NL0 2 0 solar,legacy,NL0 2,2,0.0,48541.96583407945,48541.96583407938
49,NL0 20 0 solar,legacy,NL0 20,1,0.0,59329.06935279719,59329.069352797116
49,NL0 21 0 solar,legacy,NL0 21,1,0.0,59329.06935279719,59329.069352797116
49,NL0 22 0 solar,legacy,NL0 22,3,0.0,53935.51759343677,53935.5175934367
49,NL0 23 0 solar,legacy,NL0 23,1,0.0,59329.06935279719,59329.069352797116
49,NL0 24 0 solar,legacy,NL0 24,1,0.0,59329.06935279719,59329.069352797116
49,NL0 25 0 solar,legacy,NL0 25,2,0.0,48541.96583407945,48541.96583407938
49,NL0 26 0 solar,legacy,NL0 26,2,0.0,48541.96583407945,48541.96583407938
49,NL0 27 0 solar,legacy,NL0 27,1,0.0,59329.06935279719,59329.069352797116
49,NL0 28 0 solar,legacy,NL0 28,2,0.0,48541.96583407945,48541.96583407938
49,NL0 3 0 solar,legacy,NL0 3,1,0.0,59329.06935279719,59329.069352797116
49,NL0 30 0 solar,legacy,NL0 30,1,0.0,59329.06935279719,59329.069352797116
49,NL0 31 0 solar,legacy,NL0 31,2,0.0,48541.96583407945,48541.96583407938
49,NL0 4 0 solar,legacy,NL0 4,2,0.0,48541.96583407945,48541.96583407938
49,NL0 5 0 solar,legacy,NL0 5,3,0.0,53935.51759343677,53935.5175934367
49,NL0 6 0 solar,legacy,NL0 6,3,0.0,53935.51759343677,53935.5175934367
49,NL0 7 0 solar,legacy,NL0 7,3,0.0,53935.51759343677,53935.5175934367
49,NL0 8 0 solar,legacy,NL0 8,1,0.0,59329.06935279719,59329.069352797116
49,NL0 9 0 solar,legacy,NL0 9,3,0.0,53935.51759343677,53935.5175934367
49,NL0 20 0 offwind-ac,legacy,NL0 20,1,0.0,59329.06935279719,59329.069352797116
49,NL0 27 0 offwind-ac,legacy,NL0 27,1,0.0,59329.06935279719,59329.069352797116
49,NL0 31 0 offwind-ac,legacy,NL0 31,2,0.0,48541.96583407945,48541.96583407938
49,NL0 32 0 offwind-ac,legacy,NL0 32,1,0.0,59329.06935279719,59329.069352797116
49,NL0 7 0 offwind-ac,legacy,NL0 7,3,0.0,53935.51759343677,53935.5175934367
49,NL0 0 0 onwind,legacy,NL0 0,1,0.0,59329.06935279719,59329.069352797116
49,NL0 1 0 onwind,legacy,NL0 1,3,0.0,53935.51759343677,53935.5175934367
49,NL0 10 0 onwind,legacy,NL0 10,1,0.0,59329.06935279719,59329.069352797116
49,NL0 11 0 onwind,legacy,NL0 11,3,0.0,53935.51759343677,53935.5175934367
49,NL0 12 0 onwind,legacy,NL0 12,2,0.0,48541.96583407945,48541.96583407938
49,NL0 13 0 onwind,legacy,NL0 13,3,0.0,53935.51759343677,53935.5175934367
49,NL0 14 0 onwind,legacy,NL0 14,2,0.0,48541.96583407945,48541.96583407938
49,NL0 15 0 onwind,legacy,NL0 15,2,0.0,48541.96583407945,48541.96583407938
49,NL0 17 0 onwind,legacy,NL0 17,1,0.0,59329.06935279719,59329.069352797116
49,NL0 19 0 onwind,legacy,NL0 19,2,0.0,48541.96583407945,48541.96583407938
49,NL0 2 0 onwind,legacy,NL0 2,2,0.0,48541.96583407945,48541.96583407938
49,NL0 20 0 onwind,legacy,NL0 20,1,0.0,59329.06935279719,59329.069352797116
49,NL0 21 0 onwind,legacy,NL0 21,1,0.0,59329.06935279719,59329.069352797116
49,NL0 22 0 onwind,legacy,NL0 22,3,0.0,53935.51759343677,53935.5175934367
49,NL0 23 0 onwind,legacy,NL0 23,1,0.0,59329.06935279719,59329.069352797116
49,NL0 24 0 onwind,legacy,NL0 24,1,0.0,59329.06935279719,59329.069352797116
49,NL0 27 0 onwind,legacy,NL0 27,1,0.0,59329.06935279719,59329.069352797116
49,NL0 3 0 onwind,legacy,NL0 3,1,0.0,59329.06935279719,59329.069352797116
49,NL0 30 0 onwind,legacy,NL0 30,1,0.0,59329.06935279719,59329.069352797116
49,NL0 31 0 onwind,legacy,NL0 31,2,0.0,48541.96583407945,48541.96583407938
49,NL0 4 0 onwind,legacy,NL0 4,2,0.0,48541.96583407945,48541.96583407938
49,NL0 5 0 onwind,legacy,NL0 5,3,0.0,53935.51759343677,53935.5175934367
49,NL0 6 0 onwind,legacy,NL0 6,3,0.0,53935.51759343677,53935.5175934367
49,NL0 7 0 onwind,legacy,NL0 7,3,0.0,53935.51759343677,53935.5175934367
49,NL0 8 0 onwind,legacy,NL0 8,1,0.0,59329.06935279719,59329.069352797116
49,NL0 9 0 onwind,legacy,NL0 9,3,0.0,53935.51759343677,53935.5175934367
50,NL0 0 Invest,investable,NL0 0,1,35.5312178697568,59329.06935279719,59329.06935292875
50,NL0 1 Invest,investable,NL0 1,3,0.0,53935.51759343677,53935.51759357159
50,NL0 10 Invest,investable,NL0 10,1,0.0,59329.06935279719,59329.06935292875
50,NL0 11 Invest,investable,NL0 11,3,0.0,53935.51759343677,53935.51759357159
50,NL0 12 Invest,investable,NL0 12,2,987.3248031843468,48541.96583407945,48541.96583421443
50,NL0 13 Invest,investable,NL0 13,3,678.1047541590506,53935.51759343677,53935.51759357159
50,NL0 14 Invest,investable,NL0 14,2,0.0,48541.96583407945,48541.96583421443
50,NL0 15 Invest,investable,NL0 15,2,1000.0,48541.96583407945,48541.96583421443
50,NL0 16 Invest,investable,NL0 16,1,1000.0,59329.06935279719,59329.06935292875
50,NL0 17 Invest,investable,NL0 17,1,0.0,59329.06935279719,59329.06935292875
50,NL0 18 Invest,investable,NL0 18,1,0.0,59329.06935279719,59329.06935292875
50,NL0 19 Invest,investable,NL0 19,2,1000.0,48541.96583407945,48541.96583421443
50,NL0 2 Invest,investable,NL0 2,2,1000.0,48541.96583407945,48541.96583421443
50,NL0 20 Invest,investable,NL0 20,1,0.0,59329.06935279719,59329.06935292875
50,NL0 21 Invest,investable,NL0 21,1,0.0,59329.06935279719,59329.06935292875
50,NL0 22 Invest,investable,NL0 22,3,1000.0,53935.51759343677,53935.51759357159
50,NL0 23 Invest,investable,NL0 23,1,0.0,59329.06935279719,59329.06935292875
50,NL0 24 Invest,investable,NL0 24,1,0.0,59329.06935279719,59329.06935292875
50,NL0 25 Invest,investable,NL0 25,2,1000.0,48541.96583407945,48541.96583421443
50,NL0 26 Invest,investable,NL0 26,2,0.0,48541.96583407945,48541.96583421443
50,NL0 27 Invest,investable,NL0 27,1,0.0,59329.06935279719,59329.06935292875
50,NL0 28 Invest,investable,NL0 28,2,0.0,48541.96583407945,48541.96583421443
50,NL0 3 Invest,investable,NL0 3,1,1000.0,59329.06935279719,59329.06935292875
50,NL0 30 Invest,investable,NL0 30,1,0.0,59329.06935279719,59329.06935292875
50,NL0 31 Invest,investable,NL0 31,2,1000.0,48541.96583407945,48541.96583421443
50,NL0 33 Invest,investable,NL0 33,1,0.0,59329.06935279719,59329.06935292875
50,NL0 4 Invest,investable,NL0 4,2,0.0,48541.96583407945,48541.96583421443
50,NL0 5 Invest,investable,NL0 5,3,1000.0,53935.51759343677,53935.51759357159
50,NL0 6 Invest,investable,NL0 6,3,1000.0,53935.51759343677,53935.51759357159
50,NL0 7 Invest,investable,NL0 7,3,1000.0,53935.51759343677,53935.51759357159
50,NL0 8 Invest,investable,NL0 8,1,1000.0,59329.06935279719,59329.06935292875
50,NL0 9 Invest,investable,NL0 9,3,1000.0,53935.51759343677,53935.51759357159
50,NL0 1 biomass,legacy,NL0 1,3,71.0,53935.51759343677,53935.51759343677
50,NL0 1 waste,legacy,NL0 1,3,31.0,53935.51759343677,53935.51759343677
50,NL0 10 waste,legacy,NL0 10,1,150.0,59329.06935279719,59329.06935279719
50,NL0 11 biomass,legacy,NL0 11,3,20.0,53935.51759343677,53935.51759343677
50,NL0 11 waste,legacy,NL0 11,3,50.0,53935.51759343677,53935.51759343677
50,NL0 13 biomass,legacy,NL0 13,3,77.0,53935.51759343677,53935.51759343677
50,NL0 19 biomass,legacy,NL0 19,2,49.0,48541.96583407945,48541.96583407945
50,NL0 19 waste,legacy,NL0 19,2,36.0,48541.96583407945,48541.96583407945
50,NL0 22 biomass,legacy,NL0 22,3,500.0,53935.51759343677,53935.51759343677
50,NL0 25 waste,legacy,NL0 25,2,54.0,48541.96583407945,48541.96583407945
50,NL0 27 biomass,legacy,NL0 27,1,22.0,59329.06935279719,59329.06935279719
50,NL0 27 waste,legacy,NL0 27,1,71.2,59329.06935279719,59329.06935279719
50,NL0 3 biomass,legacy,NL0 3,1,22.0,59329.06935279719,59329.06935279719
50,NL0 3 waste,legacy,NL0 3,1,108.0,59329.06935279719,59329.06935279719
50,NL0 30 biomass,legacy,NL0 30,1,60.0,59329.06935279719,59329.06935279719
50,NL0 7 nuclear,legacy,NL0 7,3,515.0,53935.51759343677,53935.51759343677
50,NL0 7 waste,legacy,NL0 7,3,39.0,53935.51759343677,53935.51759343677
50,NL0 8 biomass,legacy,NL0 8,1,36.0,59329.06935279719,59329.06935279719
50,NL0 8 waste,legacy,NL0 8,1,157.0,59329.06935279719,59329.06935279719
50,NL0 9 biomass,legacy,NL0 9,3,20.0,53935.51759343677,53935.51759343677
50,NL0 0 0 solar,legacy,NL0 0,1,0.0,59329.06935279719,59329.069352797116
50,NL0 1 0 solar,legacy,NL0 1,3,0.0,53935.51759343677,53935.5175934367
50,NL0 10 0 solar,legacy,NL0 10,1,0.0,59329.06935279719,59329.069352797116
50,NL0 11 0 solar,legacy,NL0 11,3,0.0,53935.51759343677,53935.5175934367
50,NL0 12 0 solar,legacy,NL0 12,2,0.0,48541.96583407945,48541.96583407938
50,NL0 13 0 solar,legacy,NL0 13,3,0.0,53935.51759343677,53935.5175934367
50,NL0 14 0 solar,legacy,NL0 14,2,0.0,48541.96583407945,48541.96583407938
50,NL0 15 0 solar,legacy,NL0 15,2,0.0,48541.96583407945,48541.96583407938
50,NL0 16 0 solar,legacy,NL0 16,1,0.0,59329.06935279719,59329.069352797116
50,NL0 17 0 solar,legacy,NL0 17,1,0.0,59329.06935279719,59329.069352797116
50,NL0 18 0 solar,legacy,NL0 18,1,0.0,59329.06935279719,59329.069352797116
50,NL0 19 0 solar,legacy,NL0 19,2,0.0,48541.96583407945,48541.96583407938
50,NL0 2 0 solar,legacy,NL0 2,2,0.0,48541.96583407945,48541.96583407938
50,NL0 20 0 solar,legacy,NL0 20,1,0.0,59329.06935279719,59329.069352797116
50,NL0 21 0 solar,legacy,NL0 21,1,0.0,59329.06935279719,59329.069352797116
50,NL0 22 0 solar,legacy,NL0 22,3,0.0,53935.51759343677,53935.5175934367
50,NL0 23 0 solar,legacy,NL0 23,1,0.0,59329.06935279719,59329.069352797116
50,NL0 24 0 solar,legacy,NL0 24,1,0.0,59329.06935279719,59329.069352797116
50,NL0 25 0 solar,legacy,NL0 25,2,0.0,48541.96583407945,48541.96583407938
50,NL0 26 0 solar,legacy,NL0 26,2,0.0,48541.96583407945,48541.96583407938
50,NL0 27 0 solar,legacy,NL0 27,1,0.0,59329.06935279719,59329.069352797116
50,NL0 28 0 solar,legacy,NL0 28,2,0.0,48541.96583407945,48541.96583407938
50,NL0 3 0 solar,legacy,NL0 3,1,0.0,59329.06935279719,59329.069352797116
50,NL0 30 0 solar,legacy,NL0 30,1,0.0,59329.06935279719,59329.069352797116
50,NL0 31 0 solar,legacy,NL0 31,2,0.0,48541.96583407945,48541.96583407938
50,NL0 4 0 solar,legacy,NL0 4,2,0.0,48541.96583407945,48541.96583407938
50,NL0 5 0 solar,legacy,NL0 5,3,0.0,53935.51759343677,53935.5175934367
50,NL0 6 0 solar,legacy,NL0 6,3,0.0,53935.51759343677,53935.5175934367
50,NL0 7 0 solar,legacy,NL0 7,3,0.0,53935.51759343677,53935.5175934367
50,NL0 8 0 solar,legacy,NL0 8,1,0.0,59329.06935279719,59329.069352797116
50,NL0 9 0 solar,legacy,NL0 9,3,0.0,53935.51759343677,53935.5175934367
50,NL0 20 0 offwind-ac,legacy,NL0 20,1,0.0,59329.06935279719,59329.069352797116
50,NL0 27 0 offwind-ac,legacy,NL0 27,1,0.0,59329.06935279719,59329.069352797116
50,NL0 31 0 offwind-ac,legacy,NL0 31,2,0.0,48541.96583407945,48541.96583407938
50,NL0 32 0 offwind-ac,legacy,NL0 32,1,0.0,59329.06935279719,59329.069352797116
50,NL0 7 0 offwind-ac,legacy,NL0 7,3,0.0,53935.51759343677,53935.5175934367
50,NL0 0 0 onwind,legacy,NL0 0,1,0.0,59329.06935279719,59329.069352797116
50,NL0 1 0 onwind,legacy,NL0 1,3,0.0,53935.51759343677,53935.5175934367
50,NL0 10 0 onwind,legacy,NL0 10,1,0.0,59329.06935279719,59329.069352797116
50,NL0 11 0 onwind,legacy,NL0 11,3,0.0,53935.51759343677,53935.5175934367
50,NL0 12 0 onwind,legacy,NL0 12,2,0.0,48541.96583407945,48541.96583407938
50,NL0 13 0 onwind,legacy,NL0 13,3,0.0,53935.51759343677,53935.5175934367
50,NL0 14 0 onwind,legacy,NL0 14,2,0.0,48541.96583407945,48541.96583407938
50,NL0 15 0 onwind,legacy,NL0 15,2,0.0,48541.96583407945,48541.96583407938
50,NL0 17 0 onwind,legacy,NL0 17,1,0.0,59329.06935279719,59329.069352797116
50,NL0 19 0 onwind,legacy,NL0 19,2,0.0,48541.96583407945,48541.96583407938
50,NL0 2 0 onwind,legacy,NL0 2,2,0.0,48541.96583407945,48541.96583407938
50,NL0 20 0 onwind,legacy,NL0 20,1,0.0,59329.06935279719,59329.069352797116
50,NL0 21 0 onwind,legacy,NL0 21,1,0.0,59329.06935279719,59329.069352797116
50,NL0 22 0 onwind,legacy,NL0 22,3,0.0,53935.51759343677,53935.5175934367
50,NL0 23 0 onwind,legacy,NL0 23,1,0.0,59329.06935279719,59329.069352797116
50,NL0 24 0 onwind,legacy,NL0 24,1,0.0,59329.06935279719,59329.069352797116
50,NL0 27 0 onwind,legacy,NL0 27,1,0.0,59329.06935279719,59329.069352797116
50,NL0 3 0 onwind,legacy,NL0 3,1,0.0,59329.06935279719,59329.069352797116
50,NL0 30 0 onwind,legacy,NL0 30,1,0.0,59329.06935279719,59329.069352797116
50,NL0 31 0 onwind,legacy,NL0 31,2,0.0,48541.96583407945,48541.96583407938
50,NL0 4 0 onwind,legacy,NL0 4,2,0.0,48541.96583407945,48541.96583407938
50,NL0 5 0 onwind,legacy,NL0 5,3,0.0,53935.51759343677,53935.5175934367
50,NL0 6 0 onwind,legacy,NL0 6,3,0.0,53935.51759343677,53935.5175934367
50,NL0 7 0 onwind,legacy,NL0 7,3,0.0,53935.51759343677,53935.5175934367
50,NL0 8 0 onwind,legacy,NL0 8,1,0.0,59329.06935279719,59329.069352797116
50,NL0 9 0 onwind,legacy,NL0 9,3,0.0,53935.51759343677,53935.5175934367
51,NL0 0 Invest,investable,NL0 0,1,0.0,59329.06935279719,59329.06935292875
51,NL0 1 Invest,investable,NL0 1,3,0.0,53935.51759343677,53935.51759357159
51,NL0 10 Invest,investable,NL0 10,1,0.0,59329.06935279719,59329.06935292875
51,NL0 11 Invest,investable,NL0 11,3,0.0,53935.51759343677,53935.51759357159
51,NL0 12 Invest,investable,NL0 12,2,987.3248031843468,48541.96583407945,48541.96583421443
51,NL0 13 Invest,investable,NL0 13,3,678.1047541590506,53935.51759343677,53935.51759357159
51,NL0 14 Invest,investable,NL0 14,2,0.0,48541.96583407945,48541.96583421443
51,NL0 15 Invest,investable,NL0 15,2,1000.0,48541.96583407945,48541.96583421443
51,NL0 16 Invest,investable,NL0 16,1,0.0,59329.06935279719,59329.06935292875
51,NL0 17 Invest,investable,NL0 17,1,0.0,59329.06935279719,59329.06935292875
51,NL0 18 Invest,investable,NL0 18,1,0.0,59329.06935279719,59329.06935292875
51,NL0 19 Invest,investable,NL0 19,2,1000.0,48541.96583407945,48541.96583421443
51,NL0 2 Invest,investable,NL0 2,2,1000.0,48541.96583407945,48541.96583421443
51,NL0 20 Invest,investable,NL0 20,1,0.0,59329.06935279719,59329.06935292875
51,NL0 21 Invest,investable,NL0 21,1,0.0,59329.06935279719,59329.06935292875
51,NL0 22 Invest,investable,NL0 22,3,1000.0,53935.51759343677,53935.51759357159
51,NL0 23 Invest,investable,NL0 23,1,1000.0,59329.06935279719,59329.06935292875
51,NL0 24 Invest,investable,NL0 24,1,0.0,59329.06935279719,59329.06935292875
51,NL0 25 Invest,investable,NL0 25,2,1000.0,48541.96583407945,48541.96583421443
51,NL0 26 Invest,investable,NL0 26,2,0.0,48541.96583407945,48541.96583421443
51,NL0 27 Invest,investable,NL0 27,1,0.0,59329.06935279719,59329.06935292875
51,NL0 28 Invest,investable,NL0 28,2,0.0,48541.96583407945,48541.96583421443
51,NL0 3 Invest,investable,NL0 3,1,1000.0,59329.06935279719,59329.06935292875
51,NL0 30 Invest,investable,NL0 30,1,0.0,59329.06935279719,59329.06935292875
51,NL0 31 Invest,investable,NL0 31,2,1000.0,48541.96583407945,48541.96583421443
51,NL0 33 Invest,investable,NL0 33,1,1000.0,59329.06935279719,59329.06935292875
51,NL0 4 Invest,investable,NL0 4,2,0.0,48541.96583407945,48541.96583421443
51,NL0 5 Invest,investable,NL0 5,3,1000.0,53935.51759343677,53935.51759357159
51,NL0 6 Invest,investable,NL0 6,3,1000.0,53935.51759343677,53935.51759357159
51,NL0 7 Invest,investable,NL0 7,3,1000.0,53935.51759343677,53935.51759357159
51,NL0 8 Invest,investable,NL0 8,1,35.5312178697568,59329.06935279719,59329.06935292875
51,NL0 9 Invest,investable,NL0 9,3,1000.0,53935.51759343677,53935.51759357159
51,NL0 1 biomass,legacy,NL0 1,3,71.0,53935.51759343677,53935.51759343677
51,NL0 1 waste,legacy,NL0 1,3,31.0,53935.51759343677,53935.51759343677
51,NL0 10 waste,legacy,NL0 10,1,150.0,59329.06935279719,59329.06935279719
51,NL0 11 biomass,legacy,NL0 11,3,20.0,53935.51759343677,53935.51759343677
51,NL0 11 waste,legacy,NL0 11,3,50.0,53935.51759343677,53935.51759343677
51,NL0 13 biomass,legacy,NL0 13,3,77.0,53935.51759343677,53935.51759343677
51,NL0 19 biomass,legacy,NL0 19,2,49.0,48541.96583407945,48541.96583407945
51,NL0 19 waste,legacy,NL0 19,2,36.0,48541.96583407945,48541.96583407945
51,NL0 22 biomass,legacy,NL0 22,3,500.0,53935.51759343677,53935.51759343677
51,NL0 25 waste,legacy,NL0 25,2,54.0,48541.96583407945,48541.96583407945
51,NL0 27 biomass,legacy,NL0 27,1,22.0,59329.06935279719,59329.06935279719
51,NL0 27 waste,legacy,NL0 27,1,71.2,59329.06935279719,59329.06935279719
51,NL0 3 biomass,legacy,NL0 3,1,22.0,59329.06935279719,59329.06935279719
51,NL0 3 waste,legacy,NL0 3,1,108.0,59329.06935279719,59329.06935279719
51,NL0 30 biomass,legacy,NL0 30,1,60.0,59329.06935279719,59329.06935279719
51,NL0 7 nuclear,legacy,NL0 7,3,515.0,53935.51759343677,53935.51759343677
51,NL0 7 waste,legacy,NL0 7,3,39.0,53935.51759343677,53935.51759343677
51,NL0 8 biomass,legacy,NL0 8,1,36.0,59329.06935279719,59329.06935279719
51,NL0 8 waste,legacy,NL0 8,1,157.0,59329.06935279719,59329.06935279719
51,NL0 9 biomass,legacy,NL0 9,3,20.0,53935.51759343677,53935.51759343677
51,NL0 0 0 solar,legacy,NL0 0,1,0.0,59329.06935279719,59329.069352797116
51,NL0 1 0 solar,legacy,NL0 1,3,0.0,53935.51759343677,53935.5175934367
51,NL0 10 0 solar,legacy,NL0 10,1,0.0,59329.06935279719,59329.069352797116
51,NL0 11 0 solar,legacy,NL0 11,3,0.0,53935.51759343677,53935.5175934367
51,NL0 12 0 solar,legacy,NL0 12,2,0.0,48541.96583407945,48541.96583407938
51,NL0 13 0 solar,legacy,NL0 13,3,0.0,53935.51759343677,53935.5175934367
51,NL0 14 0 solar,legacy,NL0 14,2,0.0,48541.96583407945,48541.96583407938
51,NL0 15 0 solar,legacy,NL0 15,2,0.0,48541.96583407945,48541.96583407938
51,NL0 16 0 solar,legacy,NL0 16,1,0.0,59329.06935279719,59329.069352797116
51,NL0 17 0 solar,legacy,NL0 17,1,0.0,59329.06935279719,59329.069352797116
51,NL0 18 0 solar,legacy,NL0 18,1,0.0,59329.06935279719,59329.069352797116
51,NL0 19 0 solar,legacy,NL0 19,2,0.0,48541.96583407945,48541.96583407938
51,NL0 2 0 solar,legacy,NL0 2,2,0.0,48541.96583407945,48541.96583407938
51,NL0 20 0 solar,legacy,NL0 20,1,0.0,59329.06935279719,59329.069352797116
51,NL0 21 0 solar,legacy,NL0 21,1,0.0,59329.06935279719,59329.069352797116
51,NL0 22 0 solar,legacy,NL0 22,3,0.0,53935.51759343677,53935.5175934367
51,NL0 23 0 solar,legacy,NL0 23,1,0.0,59329.06935279719,59329.069352797116
51,NL0 24 0 solar,legacy,NL0 24,1,0.0,59329.06935279719,59329.069352797116
51,NL0 25 0 solar,legacy,NL0 25,2,0.0,48541.96583407945,48541.96583407938
51,NL0 26 0 solar,legacy,NL0 26,2,0.0,48541.96583407945,48541.96583407938
51,NL0 27 0 solar,legacy,NL0 27,1,0.0,59329.06935279719,59329.069352797116
51,NL0 28 0 solar,legacy,NL0 28,2,0.0,48541.96583407945,48541.96583407938
51,NL0 3 0 solar,legacy,NL0 3,1,0.0,59329.06935279719,59329.069352797116
51,NL0 30 0 solar,legacy,NL0 30,1,0.0,59329.06935279719,59329.069352797116
51,NL0 31 0 solar,legacy,NL0 31,2,0.0,48541.96583407945,48541.96583407938
51,NL0 4 0 solar,legacy,NL0 4,2,0.0,48541.96583407945,48541.96583407938
51,NL0 5 0 solar,legacy,NL0 5,3,0.0,53935.51759343677,53935.5175934367
51,NL0 6 0 solar,legacy,NL0 6,3,0.0,53935.51759343677,53935.5175934367
51,NL0 7 0 solar,legacy,NL0 7,3,0.0,53935.51759343677,53935.5175934367
51,NL0 8 0 solar,legacy,NL0 8,1,0.0,59329.06935279719,59329.069352797116
51,NL0 9 0 solar,legacy,NL0 9,3,0.0,53935.51759343677,53935.5175934367
51,NL0 20 0 offwind-ac,legacy,NL0 20,1,0.0,59329.06935279719,59329.069352797116
51,NL0 27 0 offwind-ac,legacy,NL0 27,1,0.0,59329.06935279719,59329.069352797116
51,NL0 31 0 offwind-ac,legacy,NL0 31,2,0.0,48541.96583407945,48541.96583407938
51,NL0 32 0 offwind-ac,legacy,NL0 32,1,0.0,59329.06935279719,59329.069352797116
51,NL0 7 0 offwind-ac,legacy,NL0 7,3,0.0,53935.51759343677,53935.5175934367
51,NL0 0 0 onwind,legacy,NL0 0,1,0.0,59329.06935279719,59329.069352797116
51,NL0 1 0 onwind,legacy,NL0 1,3,0.0,53935.51759343677,53935.5175934367
51,NL0 10 0 onwind,legacy,NL0 10,1,0.0,59329.06935279719,59329.069352797116
51,NL0 11 0 onwind,legacy,NL0 11,3,0.0,53935.51759343677,53935.5175934367
51,NL0 12 0 onwind,legacy,NL0 12,2,0.0,48541.96583407945,48541.96583407938
51,NL0 13 0 onwind,legacy,NL0 13,3,0.0,53935.51759343677,53935.5175934367
51,NL0 14 0 onwind,legacy,NL0 14,2,0.0,48541.96583407945,48541.96583407938
51,NL0 15 0 onwind,legacy,NL0 15,2,0.0,48541.96583407945,48541.96583407938
51,NL0 17 0 onwind,legacy,NL0 17,1,0.0,59329.06935279719,59329.069352797116
51,NL0 19 0 onwind,legacy,NL0 19,2,0.0,48541.96583407945,48541.96583407938
51,NL0 2 0 onwind,legacy,NL0 2,2,0.0,48541.96583407945,48541.96583407938
51,NL0 20 0 onwind,legacy,NL0 20,1,0.0,59329.06935279719,59329.069352797116
51,NL0 21 0 onwind,legacy,NL0 21,1,0.0,59329.06935279719,59329.069352797116
51,NL0 22 0 onwind,legacy,NL0 22,3,0.0,53935.51759343677,53935.5175934367
51,NL0 23 0 onwind,legacy,NL0 23,1,0.0,59329.06935279719,59329.069352797116
51,NL0 24 0 onwind,legacy,NL0 24,1,0.0,59329.06935279719,59329.069352797116
51,NL0 27 0 onwind,legacy,NL0 27,1,0.0,59329.06935279719,59329.069352797116
51,NL0 3 0 onwind,legacy,NL0 3,1,0.0,59329.06935279719,59329.069352797116
51,NL0 30 0 onwind,legacy,NL0 30,1,0.0,59329.06935279719,59329.069352797116
51,NL0 31 0 onwind,legacy,NL0 31,2,0.0,48541.96583407945,48541.96583407938
51,NL0 4 0 onwind,legacy,NL0 4,2,0.0,48541.96583407945,48541.96583407938
51,NL0 5 0 onwind,legacy,NL0 5,3,0.0,53935.51759343677,53935.5175934367
51,NL0 6 0 onwind,legacy,NL0 6,3,0.0,53935.51759343677,53935.5175934367
51,NL0 7 0 onwind,legacy,NL0 7,3,0.0,53935.51759343677,53935.5175934367
51,NL0 8 0 onwind,legacy,NL0 8,1,0.0,59329.06935279719,59329.069352797116
51,NL0 9 0 onwind,legacy,NL0 9,3,0.0,53935.51759343677,53935.5175934367
52,NL0 0 Invest,investable,NL0 0,1,0.0,59329.06935279719,59329.06935292875
52,NL0 1 Invest,investable,NL0 1,3,1000.0,53935.51759343677,53935.51759357159
52,NL0 10 Invest,investable,NL0 10,1,0.0,59329.06935279719,59329.06935292875
52,NL0 11 Invest,investable,NL0 11,3,1000.0,53935.51759343677,53935.51759357159
52,NL0 12 Invest,investable,NL0 12,2,1000.0,48541.96583407945,48541.96583421443
52,NL0 13 Invest,investable,NL0 13,3,1000.0,53935.51759343677,53935.51759357159
52,NL0 14 Invest,investable,NL0 14,2,1000.0,48541.96583407945,48541.96583421443
52,NL0 15 Invest,investable,NL0 15,2,0.0,48541.96583407945,48541.96583421443
52,NL0 16 Invest,investable,NL0 16,1,0.0,59329.06935279719,59329.06935292875
52,NL0 17 Invest,investable,NL0 17,1,35.5312178697568,59329.06935279719,59329.06935292875
52,NL0 18 Invest,investable,NL0 18,1,1000.0,59329.06935279719,59329.06935292875
52,NL0 19 Invest,investable,NL0 19,2,0.0,48541.96583407945,48541.96583421443
52,NL0 2 Invest,investable,NL0 2,2,0.0,48541.96583407945,48541.96583421443
52,NL0 20 Invest,investable,NL0 20,1,0.0,59329.06935279719,59329.06935292875
52,NL0 21 Invest,investable,NL0 21,1,1000.0,59329.06935279719,59329.06935292875
52,NL0 22 Invest,investable,NL0 22,3,0.0,53935.51759343677,53935.51759357159
52,NL0 23 Invest,investable,NL0 23,1,0.0,59329.06935279719,59329.06935292875
52,NL0 24 Invest,investable,NL0 24,1,0.0,59329.06935279719,59329.06935292875
52,NL0 25 Invest,investable,NL0 25,2,0.0,48541.96583407945,48541.96583421443
52,NL0 26 Invest,investable,NL0 26,2,1000.0,48541.96583407945,48541.96583421443
52,NL0 27 Invest,investable,NL0 27,1,0.0,59329.06935279719,59329.06935292875
52,NL0 28 Invest,investable,NL0 28,2,1000.0,48541.96583407945,48541.96583421443
52,NL0 3 Invest,investable,NL0 3,1,0.0,59329.06935279719,59329.06935292875
52,NL0 30 Invest,investable,NL0 30,1,1000.0,59329.06935279719,59329.06935292875
52,NL0 31 Invest,investable,NL0 31,2,987.3248031843468,48541.96583407945,48541.96583421443
52,NL0 33 Invest,investable,NL0 33,1,0.0,59329.06935279719,59329.06935292875
52,NL0 4 Invest,investable,NL0 4,2,1000.0,48541.96583407945,48541.96583421443
52,NL0 5 Invest,investable,NL0 5,3,678.1047541590506,53935.51759343677,53935.51759357159
52,NL0 6 Invest,investable,NL0 6,3,1000.0,53935.51759343677,53935.51759357159
52,NL0 7 Invest,investable,NL0 7,3,0.0,53935.51759343677,53935.51759357159
52,NL0 8 Invest,investable,NL0 8,1,0.0,59329.06935279719,59329.06935292875
52,NL0 9 Invest,investable,NL0 9,3,1000.0,53935.51759343677,53935.51759357159
52,NL0 1 biomass,legacy,NL0 1,3,71.0,53935.51759343677,53935.51759343677
52,NL0 1 waste,legacy,NL0 1,3,31.0,53935.51759343677,53935.51759343677
52,NL0 10 waste,legacy,NL0 10,1,150.0,59329.06935279719,59329.06935279719
52,NL0 11 biomass,legacy,NL0 11,3,20.0,53935.51759343677,53935.51759343677
52,NL0 11 waste,legacy,NL0 11,3,50.0,53935.51759343677,53935.51759343677
52,NL0 13 biomass,legacy,NL0 13,3,77.0,53935.51759343677,53935.51759343677
52,NL0 19 biomass,legacy,NL0 19,2,49.0,48541.96583407945,48541.96583407945
52,NL0 19 waste,legacy,NL0 19,2,36.0,48541.96583407945,48541.96583407945
52,NL0 22 biomass,legacy,NL0 22,3,500.0,53935.51759343677,53935.51759343677
52,NL0 25 waste,legacy,NL0 25,2,54.0,48541.96583407945,48541.96583407945
52,NL0 27 biomass,legacy,NL0 27,1,22.0,59329.06935279719,59329.06935279719
52,NL0 27 waste,legacy,NL0 27,1,71.2,59329.06935279719,59329.06935279719
52,NL0 3 biomass,legacy,NL0 3,1,22.0,59329.06935279719,59329.06935279719
52,NL0 3 waste,legacy,NL0 3,1,108.0,59329.06935279719,59329.06935279719
52,NL0 30 biomass,legacy,NL0 30,1,60.0,59329.06935279719,59329.06935279719
52,NL0 7 nuclear,legacy,NL0 7,3,515.0,53935.51759343677,53935.51759343677
52,NL0 7 waste,legacy,NL0 7,3,39.0,53935.51759343677,53935.51759343677
52,NL0 8 biomass,legacy,NL0 8,1,36.0,59329.06935279719,59329.06935279719
52,NL0 8 waste,legacy,NL0 8,1,157.0,59329.06935279719,59329.06935279719
52,NL0 9 biomass,legacy,NL0 9,3,20.0,53935.51759343677,53935.51759343677
52,NL0 0 0 solar,legacy,NL0 0,1,0.0,59329.06935279719,59329.069352797116
52,NL0 1 0 solar,legacy,NL0 1,3,0.0,53935.51759343677,53935.5175934367
52,NL0 10 0 solar,legacy,NL0 10,1,0.0,59329.06935279719,59329.069352797116
52,NL0 11 0 solar,legacy,NL0 11,3,0.0,53935.51759343677,53935.5175934367
52,NL0 12 0 solar,legacy,NL0 12,2,0.0,48541.96583407945,48541.96583407938
52,NL0 13 0 solar,legacy,NL0 13,3,0.0,53935.51759343677,53935.5175934367
52,NL0 14 0 solar,legacy,NL0 14,2,0.0,48541.96583407945,48541.96583407938
52,NL0 15 0 solar,legacy,NL0 15,2,0.0,48541.96583407945,48541.96583407938
52,NL0 16 0 solar,legacy,NL0 16,1,0.0,59329.06935279719,59329.069352797116
52,NL0 17 0 solar,legacy,NL0 17,1,0.0,59329.06935279719,59329.069352797116
52,NL0 18 0 solar,legacy,NL0 18,1,0.0,59329.06935279719,59329.069352797116
52,NL0 19 0 solar,legacy,NL0 19,2,0.0,48541.96583407945,48541.96583407938
52,NL0 2 0 solar,legacy,NL0 2,2,0.0,48541.96583407945,48541.96583407938
52,NL0 20 0 solar,legacy,NL0 20,1,0.0,59329.06935279719,59329.069352797116
52,NL0 21 0 solar,legacy,NL0 21,1,0.0,59329.06935279719,59329.069352797116
52,NL0 22 0 solar,legacy,NL0 22,3,0.0,53935.51759343677,53935.5175934367
52,NL0 23 0 solar,legacy,NL0 23,1,0.0,59329.06935279719,59329.069352797116
52,NL0 24 0 solar,legacy,NL0 24,1,0.0,59329.06935279719,59329.069352797116
52,NL0 25 0 solar,legacy,NL0 25,2,0.0,48541.96583407945,48541.96583407938
52,NL0 26 0 solar,legacy,NL0 26,2,0.0,48541.96583407945,48541.96583407938
52,NL0 27 0 solar,legacy,NL0 27,1,0.0,59329.06935279719,59329.069352797116
52,NL0 28 0 solar,legacy,NL0 28,2,0.0,48541.96583407945,48541.96583407938
52,NL0 3 0 solar,legacy,NL0 3,1,0.0,59329.06935279719,59329.069352797116
52,NL0 30 0 solar,legacy,NL0 30,1,0.0,59329.06935279719,59329.069352797116
52,NL0 31 0 solar,legacy,NL0 31,2,0.0,48541.96583407945,48541.96583407938
52,NL0 4 0 solar,legacy,NL0 4,2,0.0,48541.96583407945,48541.96583407938
52,NL0 5 0 solar,legacy,NL0 5,3,0.0,53935.51759343677,53935.5175934367
52,NL0 6 0 solar,legacy,NL0 6,3,0.0,53935.51759343677,53935.5175934367
52,NL0 7 0 solar,legacy,NL0 7,3,0.0,53935.51759343677,53935.5175934367
52,NL0 8 0 solar,legacy,NL0 8,1,0.0,59329.06935279719,59329.069352797116
52,NL0 9 0 solar,legacy,NL0 9,3,0.0,53935.51759343677,53935.5175934367
52,NL0 20 0 offwind-ac,legacy,NL0 20,1,0.0,59329.06935279719,59329.069352797116
52,NL0 27 0 offwind-ac,legacy,NL0 27,1,0.0,59329.06935279719,59329.069352797116
52,NL0 31 0 offwind-ac,legacy,NL0 31,2,0.0,48541.96583407945,48541.96583407938
52,NL0 32 0 offwind-ac,legacy,NL0 32,1,0.0,59329.06935279719,59329.069352797116
52,NL0 7 0 offwind-ac,legacy,NL0 7,3,0.0,53935.51759343677,53935.5175934367
52,NL0 0 0 onwind,legacy,NL0 0,1,0.0,59329.06935279719,59329.069352797116
52,NL0 1 0 onwind,legacy,NL0 1,3,0.0,53935.51759343677,53935.5175934367
52,NL0 10 0 onwind,legacy,NL0 10,1,0.0,59329.06935279719,59329.069352797116
52,NL0 11 0 onwind,legacy,NL0 11,3,0.0,53935.51759343677,53935.5175934367
52,NL0 12 0 onwind,legacy,NL0 12,2,0.0,48541.96583407945,48541.96583407938
52,NL0 13 0 onwind,legacy,NL0 13,3,0.0,53935.51759343677,53935.5175934367
52,NL0 14 0 onwind,legacy,NL0 14,2,0.0,48541.96583407945,48541.96583407938
52,NL0 15 0 onwind,legacy,NL0 15,2,0.0,48541.96583407945,48541.96583407938
52,NL0 17 0 onwind,legacy,NL0 17,1,0.0,59329.06935279719,59329.069352797116
52,NL0 19 0 onwind,legacy,NL0 19,2,0.0,48541.96583407945,48541.96583407938
52,NL0 2 0 onwind,legacy,NL0 2,2,0.0,48541.96583407945,48541.96583407938
52,NL0 20 0 onwind,legacy,NL0 20,1,0.0,59329.06935279719,59329.069352797116
52,NL0 21 0 onwind,legacy,NL0 21,1,0.0,59329.06935279719,59329.069352797116
52,NL0 22 0 onwind,legacy,NL0 22,3,0.0,53935.51759343677,53935.5175934367
52,NL0 23 0 onwind,legacy,NL0 23,1,0.0,59329.06935279719,59329.069352797116
52,NL0 24 0 onwind,legacy,NL0 24,1,0.0,59329.06935279719,59329.069352797116
52,NL0 27 0 onwind,legacy,NL0 27,1,0.0,59329.06935279719,59329.069352797116
52,NL0 3 0 onwind,legacy,NL0 3,1,0.0,59329.06935279719,59329.069352797116
52,NL0 30 0 onwind,legacy,NL0 30,1,0.0,59329.06935279719,59329.069352797116
52,NL0 31 0 onwind,legacy,NL0 31,2,0.0,48541.96583407945,48541.96583407938
52,NL0 4 0 onwind,legacy,NL0 4,2,0.0,48541.96583407945,48541.96583407938
52,NL0 5 0 onwind,legacy,NL0 5,3,0.0,53935.51759343677,53935.5175934367
52,NL0 6 0 onwind,legacy,NL0 6,3,0.0,53935.51759343677,53935.5175934367
52,NL0 7 0 onwind,legacy,NL0 7,3,0.0,53935.51759343677,53935.5175934367
52,NL0 8 0 onwind,legacy,NL0 8,1,0.0,59329.06935279719,59329.069352797116
52,NL0 9 0 onwind,legacy,NL0 9,3,0.0,53935.51759343677,53935.5175934367
53,NL0 0 Invest,investable,NL0 0,1,197.0372139022125,59329.06935279719,59329.06935292875
53,NL0 1 Invest,investable,NL0 1,3,2.1981976562490217,53935.51759343677,53935.51759357159
53,NL0 10 Invest,investable,NL0 10,1,195.1738351389733,59329.06935279719,59329.06935292875
53,NL0 11 Invest,investable,NL0 11,3,1000.0,53935.51759343677,53935.51759357159
53,NL0 12 Invest,investable,NL0 12,2,622.5962928958627,48541.96583407945,48541.96583421443
53,NL0 13 Invest,investable,NL0 13,3,303.2649286622533,53935.51759343677,53935.51759357159
53,NL0 14 Invest,investable,NL0 14,2,202.5550131517325,48541.96583407945,48541.96583421443
53,NL0 15 Invest,investable,NL0 15,2,45.23752720953917,48541.96583407945,48541.96583421443
53,NL0 16 Invest,investable,NL0 16,1,284.17704278484445,59329.06935279719,59329.06935292875
53,NL0 17 Invest,investable,NL0 17,1,268.4694381612324,59329.06935279719,59329.06935292875
53,NL0 18 Invest,investable,NL0 18,1,218.39821147217293,59329.06935279719,59329.06935292875
53,NL0 19 Invest,investable,NL0 19,2,210.07874885916567,48541.96583407945,48541.96583421443
53,NL0 2 Invest,investable,NL0 2,2,570.1360946830084,48541.96583407945,48541.96583421443
53,NL0 20 Invest,investable,NL0 20,1,206.21987199233143,59329.06935279719,59329.06935292875
53,NL0 21 Invest,investable,NL0 21,1,234.8191452702117,59329.06935279719,59329.06935292875
53,NL0 22 Invest,investable,NL0 22,3,1000.0,53935.51759343677,53935.51759357159
53,NL0 23 Invest,investable,NL0 23,1,226.1760701427973,59329.06935279719,59329.06935292875
53,NL0 24 Invest,investable,NL0 24,1,240.35384986024488,59329.06935279719,59329.06935292875
53,NL0 25 Invest,investable,NL0 25,2,1000.0,48541.96583407945,48541.96583421443
53,NL0 26 Invest,investable,NL0 26,2,800.55291704907,48541.96583407945,48541.96583421443
53,NL0 27 Invest,investable,NL0 27,1,232.8218889267959,59329.06935279719,59329.06935292875
53,NL0 28 Invest,investable,NL0 28,2,672.1458089090934,48541.96583407945,48541.96583421443
53,NL0 3 Invest,investable,NL0 3,1,237.71930777359194,59329.06935279719,59329.06935292875
53,NL0 30 Invest,investable,NL0 30,1,248.61029327937388,59329.06935279719,59329.06935292875
53,NL0 31 Invest,investable,NL0 31,2,942.9101150100253,48541.96583407945,48541.96583421443
53,NL0 33 Invest,investable,NL0 33,1,0.0,59329.06935279719,59329.06935292875
53,NL0 4 Invest,investable,NL0 4,2,921.1122854168505,48541.96583407945,48541.96583421443
53,NL0 5 Invest,investable,NL0 5,3,1000.0,53935.51759343677,53935.51759357159
53,NL0 6 Invest,investable,NL0 6,3,1000.0,53935.51759343677,53935.51759357159
53,NL0 7 Invest,investable,NL0 7,3,659.7469072254207,53935.51759343677,53935.51759357159
53,NL0 8 Invest,investable,NL0 8,1,245.55504916497432,59329.06935279719,59329.06935292875
53,NL0 9 Invest,investable,NL0 9,3,712.8947206151275,53935.51759343677,53935.51759357159
53,NL0 1 biomass,legacy,NL0 1,3,71.0,53935.51759343677,53935.51759343677
53,NL0 1 waste,legacy,NL0 1,3,31.0,53935.51759343677,53935.51759343677
53,NL0 10 waste,legacy,NL0 10,1,150.0,59329.06935279719,59329.06935279719
53,NL0 11 biomass,legacy,NL0 11,3,20.0,53935.51759343677,53935.51759343677
53,NL0 11 waste,legacy,NL0 11,3,50.0,53935.51759343677,53935.51759343677
53,NL0 13 biomass,legacy,NL0 13,3,77.0,53935.51759343677,53935.51759343677
53,NL0 19 biomass,legacy,NL0 19,2,49.0,48541.96583407945,48541.96583407945
53,NL0 19 waste,legacy,NL0 19,2,36.0,48541.96583407945,48541.96583407945
53,NL0 22 biomass,legacy,NL0 22,3,500.0,53935.51759343677,53935.51759343677
53,NL0 25 waste,legacy,NL0 25,2,54.0,48541.96583407945,48541.96583407945
53,NL0 27 biomass,legacy,NL0 27,1,22.0,59329.06935279719,59329.06935279719
53,NL0 27 waste,legacy,NL0 27,1,71.2,59329.06935279719,59329.06935279719
53,NL0 3 biomass,legacy,NL0 3,1,22.0,59329.06935279719,59329.06935279719
53,NL0 3 waste,legacy,NL0 3,1,108.0,59329.06935279719,59329.06935279719
53,NL0 30 biomass,legacy,NL0 30,1,60.0,59329.06935279719,59329.06935279719
53,NL0 7 nuclear,legacy,NL0 7,3,515.0,53935.51759343677,53935.51759343677
53,NL0 7 waste,legacy,NL0 7,3,39.0,53935.51759343677,53935.51759343677
53,NL0 8 biomass,legacy,NL0 8,1,36.0,59329.06935279719,59329.06935279719
53,NL0 8 waste,legacy,NL0 8,1,157.0,59329.06935279719,59329.06935279719
53,NL0 9 biomass,legacy,NL0 9,3,20.0,53935.51759343677,53935.51759343677
53,NL0 0 0 solar,legacy,NL0 0,1,0.0,59329.06935279719,59329.069352797116
53,NL0 1 0 solar,legacy,NL0 1,3,0.0,53935.51759343677,53935.5175934367
53,NL0 10 0 solar,legacy,NL0 10,1,0.0,59329.06935279719,59329.069352797116
53,NL0 11 0 solar,legacy,NL0 11,3,0.0,53935.51759343677,53935.5175934367
53,NL0 12 0 solar,legacy,NL0 12,2,0.0,48541.96583407945,48541.96583407938
53,NL0 13 0 solar,legacy,NL0 13,3,0.0,53935.51759343677,53935.5175934367
53,NL0 14 0 solar,legacy,NL0 14,2,0.0,48541.96583407945,48541.96583407938
53,NL0 15 0 solar,legacy,NL0 15,2,0.0,48541.96583407945,48541.96583407938
53,NL0 16 0 solar,legacy,NL0 16,1,0.0,59329.06935279719,59329.069352797116
53,NL0 17 0 solar,legacy,NL0 17,1,0.0,59329.06935279719,59329.069352797116
53,NL0 18 0 solar,legacy,NL0 18,1,0.0,59329.06935279719,59329.069352797116
53,NL0 19 0 solar,legacy,NL0 19,2,0.0,48541.96583407945,48541.96583407938
53,NL0 2 0 solar,legacy,NL0 2,2,0.0,48541.96583407945,48541.96583407938
53,NL0 20 0 solar,legacy,NL0 20,1,0.0,59329.06935279719,59329.069352797116
53,NL0 21 0 solar,legacy,NL0 21,1,0.0,59329.06935279719,59329.069352797116
53,NL0 22 0 solar,legacy,NL0 22,3,0.0,53935.51759343677,53935.5175934367
53,NL0 23 0 solar,legacy,NL0 23,1,0.0,59329.06935279719,59329.069352797116
53,NL0 24 0 solar,legacy,NL0 24,1,0.0,59329.06935279719,59329.069352797116
53,NL0 25 0 solar,legacy,NL0 25,2,0.0,48541.96583407945,48541.96583407938
53,NL0 26 0 solar,legacy,NL0 26,2,0.0,48541.96583407945,48541.96583407938
53,NL0 27 0 solar,legacy,NL0 27,1,0.0,59329.06935279719,59329.069352797116
53,NL0 28 0 solar,legacy,NL0 28,2,0.0,48541.96583407945,48541.96583407938
53,NL0 3 0 solar,legacy,NL0 3,1,0.0,59329.06935279719,59329.069352797116
53,NL0 30 0 solar,legacy,NL0 30,1,0.0,59329.06935279719,59329.069352797116
53,NL0 31 0 solar,legacy,NL0 31,2,0.0,48541.96583407945,48541.96583407938
53,NL0 4 0 solar,legacy,NL0 4,2,0.0,48541.96583407945,48541.96583407938
53,NL0 5 0 solar,legacy,NL0 5,3,0.0,53935.51759343677,53935.5175934367
53,NL0 6 0 solar,legacy,NL0 6,3,0.0,53935.51759343677,53935.5175934367
53,NL0 7 0 solar,legacy,NL0 7,3,0.0,53935.51759343677,53935.5175934367
53,NL0 8 0 solar,legacy,NL0 8,1,0.0,59329.06935279719,59329.069352797116
53,NL0 9 0 solar,legacy,NL0 9,3,0.0,53935.51759343677,53935.5175934367
53,NL0 20 0 offwind-ac,legacy,NL0 20,1,0.0,59329.06935279719,59329.069352797116
53,NL0 27 0 offwind-ac,legacy,NL0 27,1,0.0,59329.06935279719,59329.069352797116
53,NL0 31 0 offwind-ac,legacy,NL0 31,2,0.0,48541.96583407945,48541.96583407938
53,NL0 32 0 offwind-ac,legacy,NL0 32,1,0.0,59329.06935279719,59329.069352797116
53,NL0 7 0 offwind-ac,legacy,NL0 7,3,0.0,53935.51759343677,53935.5175934367
53,NL0 0 0 onwind,legacy,NL0 0,1,0.0,59329.06935279719,59329.069352797116
53,NL0 1 0 onwind,legacy,NL0 1,3,0.0,53935.51759343677,53935.5175934367
53,NL0 10 0 onwind,legacy,NL0 10,1,0.0,59329.06935279719,59329.069352797116
53,NL0 11 0 onwind,legacy,NL0 11,3,0.0,53935.51759343677,53935.5175934367
53,NL0 12 0 onwind,legacy,NL0 12,2,0.0,48541.96583407945,48541.96583407938
53,NL0 13 0 onwind,legacy,NL0 13,3,0.0,53935.51759343677,53935.5175934367
53,NL0 14 0 onwind,legacy,NL0 14,2,0.0,48541.96583407945,48541.96583407938
53,NL0 15 0 onwind,legacy,NL0 15,2,0.0,48541.96583407945,48541.96583407938
53,NL0 17 0 onwind,legacy,NL0 17,1,0.0,59329.06935279719,59329.069352797116
53,NL0 19 0 onwind,legacy,NL0 19,2,0.0,48541.96583407945,48541.96583407938
53,NL0 2 0 onwind,legacy,NL0 2,2,0.0,48541.96583407945,48541.96583407938
53,NL0 20 0 onwind,legacy,NL0 20,1,0.0,59329.06935279719,59329.069352797116
53,NL0 21 0 onwind,legacy,NL0 21,1,0.0,59329.06935279719,59329.069352797116
53,NL0 22 0 onwind,legacy,NL0 22,3,0.0,53935.51759343677,53935.5175934367
53,NL0 23 0 onwind,legacy,NL0 23,1,0.0,59329.06935279719,59329.069352797116
53,NL0 24 0 onwind,legacy,NL0 24,1,0.0,59329.06935279719,59329.069352797116
53,NL0 27 0 onwind,legacy,NL0 27,1,0.0,59329.06935279719,59329.069352797116
53,NL0 3 0 onwind,legacy,NL0 3,1,0.0,59329.06935279719,59329.069352797116
53,NL0 30 0 onwind,legacy,NL0 30,1,0.0,59329.06935279719,59329.069352797116
53,NL0 31 0 onwind,legacy,NL0 31,2,0.0,48541.96583407945,48541.96583407938
53,NL0 4 0 onwind,legacy,NL0 4,2,0.0,48541.96583407945,48541.96583407938
53,NL0 5 0 onwind,legacy,NL0 5,3,0.0,53935.51759343677,53935.5175934367
53,NL0 6 0 onwind,legacy,NL0 6,3,0.0,53935.51759343677,53935.5175934367
53,NL0 7 0 onwind,legacy,NL0 7,3,0.0,53935.51759343677,53935.5175934367
53,NL0 8 0 onwind,legacy,NL0 8,1,0.0,59329.06935279719,59329.069352797116
53,NL0 9 0 onwind,legacy,NL0 9,3,0.0,53935.51759343677,53935.5175934367
54,NL0 0 Invest,investable,NL0 0,1,152.56400362319482,59329.06935279719,59329.06935292875
54,NL0 1 Invest,investable,NL0 1,3,737.7704332679355,53935.51759343677,53935.51759357159
54,NL0 10 Invest,investable,NL0 10,1,166.14522407722268,59329.06935279719,59329.06935292875
54,NL0 11 Invest,investable,NL0 11,3,593.9383441540235,53935.51759343677,53935.51759357159
54,NL0 12 Invest,investable,NL0 12,2,506.68669377753395,48541.96583407945,48541.96583421443
54,NL0 13 Invest,investable,NL0 13,3,654.0290460238025,53935.51759343677,53935.51759357159
54,NL0 14 Invest,investable,NL0 14,2,628.4106861482262,48541.96583407945,48541.96583421443
54,NL0 15 Invest,investable,NL0 15,2,679.0939638553051,48541.96583407945,48541.96583421443
54,NL0 16 Invest,investable,NL0 16,1,158.4611392538642,59329.06935279719,59329.06935292875
54,NL0 17 Invest,investable,NL0 17,1,144.12360489917512,59329.06935279719,59329.06935292875
54,NL0 18 Invest,investable,NL0 18,1,139.5882776232752,59329.06935279719,59329.06935292875
54,NL0 19 Invest,investable,NL0 19,2,742.8355691858452,48541.96583407945,48541.96583421443
54,NL0 2 Invest,investable,NL0 2,2,624.0349226668022,48541.96583407945,48541.96583421443
54,NL0 20 Invest,investable,NL0 20,1,143.57789812490626,59329.06935279719,59329.06935292875
54,NL0 21 Invest,investable,NL0 21,1,161.83737764171417,59329.06935279719,59329.06935292875
54,NL0 22 Invest,investable,NL0 22,3,710.3893802574999,53935.51759343677,53935.51759357159
54,NL0 23 Invest,investable,NL0 23,1,171.45818895460457,59329.06935279719,59329.06935292875
54,NL0 24 Invest,investable,NL0 24,1,88.34966204306659,59329.06935279719,59329.06935292875
54,NL0 25 Invest,investable,NL0 25,2,614.1624591574285,48541.96583407945,48541.96583421443
54,NL0 26 Invest,investable,NL0 26,2,522.58765693775,48541.96583407945,48541.96583421443
54,NL0 27 Invest,investable,NL0 27,1,158.76037951912986,59329.06935279719,59329.06935292875
54,NL0 28 Invest,investable,NL0 28,2,494.0497986547374,48541.96583407945,48541.96583421443
54,NL0 3 Invest,investable,NL0 3,1,156.25004505266497,59329.06935279719,59329.06935292875
54,NL0 30 Invest,investable,NL0 30,1,214.1802031870061,59329.06935279719,59329.06935292875
54,NL0 31 Invest,investable,NL0 31,2,353.5297272556485,48541.96583407945,48541.96583421443
54,NL0 33 Invest,investable,NL0 33,1,1000.0,59329.06935279719,59329.06935292875
54,NL0 4 Invest,investable,NL0 4,2,821.9333255450701,48541.96583407945,48541.96583421443
54,NL0 5 Invest,investable,NL0 5,3,525.9455584014431,53935.51759343677,53935.51759357159
54,NL0 6 Invest,investable,NL0 6,3,784.6028846818863,53935.51759343677,53935.51759357159
54,NL0 7 Invest,investable,NL0 7,3,824.6238781662933,53935.51759343677,53935.51759357159
54,NL0 8 Invest,investable,NL0 8,1,180.2352138699324,59329.06935279719,59329.06935292875
54,NL0 9 Invest,investable,NL0 9,3,846.8052292061666,53935.51759343677,53935.51759357159
54,NL0 1 biomass,legacy,NL0 1,3,71.0,53935.51759343677,53935.51759343677
54,NL0 1 waste,legacy,NL0 1,3,31.0,53935.51759343677,53935.51759343677
54,NL0 10 waste,legacy,NL0 10,1,150.0,59329.06935279719,59329.06935279719
54,NL0 11 biomass,legacy,NL0 11,3,20.0,53935.51759343677,53935.51759343677
54,NL0 11 waste,legacy,NL0 11,3,50.0,53935.51759343677,53935.51759343677
54,NL0 13 biomass,legacy,NL0 13,3,77.0,53935.51759343677,53935.51759343677
54,NL0 19 biomass,legacy,NL0 19,2,49.0,48541.96583407945,48541.96583407945
54,NL0 19 waste,legacy,NL0 19,2,36.0,48541.96583407945,48541.96583407945
54,NL0 22 biomass,legacy,NL0 22,3,500.0,53935.51759343677,53935.51759343677
54,NL0 25 waste,legacy,NL0 25,2,54.0,48541.96583407945,48541.96583407945
54,NL0 27 biomass,legacy,NL0 27,1,22.0,59329.06935279719,59329.06935279719
54,NL0 27 waste,legacy,NL0 27,1,71.2,59329.06935279719,59329.06935279719
54,NL0 3 biomass,legacy,NL0 3,1,22.0,59329.06935279719,59329.06935279719
54,NL0 3 waste,legacy,NL0 3,1,108.0,59329.06935279719,59329.06935279719
54,NL0 30 biomass,legacy,NL0 30,1,60.0,59329.06935279719,59329.06935279719
54,NL0 7 nuclear,legacy,NL0 7,3,515.0,53935.51759343677,53935.51759343677
54,NL0 7 waste,legacy,NL0 7,3,39.0,53935.51759343677,53935.51759343677
54,NL0 8 biomass,legacy,NL0 8,1,36.0,59329.06935279719,59329.06935279719
54,NL0 8 waste,legacy,NL0 8,1,157.0,59329.06935279719,59329.06935279719
54,NL0 9 biomass,legacy,NL0 9,3,20.0,53935.51759343677,53935.51759343677
54,NL0 0 0 solar,legacy,NL0 0,1,0.0,59329.06935279719,59329.069352797116
54,NL0 1 0 solar,legacy,NL0 1,3,0.0,53935.51759343677,53935.5175934367
54,NL0 10 0 solar,legacy,NL0 10,1,0.0,59329.06935279719,59329.069352797116
54,NL0 11 0 solar,legacy,NL0 11,3,0.0,53935.51759343677,53935.5175934367
54,NL0 12 0 solar,legacy,NL0 12,2,0.0,48541.96583407945,48541.96583407938
54,NL0 13 0 solar,legacy,NL0 13,3,0.0,53935.51759343677,53935.5175934367
54,NL0 14 0 solar,legacy,NL0 14,2,0.0,48541.96583407945,48541.96583407938
54,NL0 15 0 solar,legacy,NL0 15,2,0.0,48541.96583407945,48541.96583407938
54,NL0 16 0 solar,legacy,NL0 16,1,0.0,59329.06935279719,59329.069352797116
54,NL0 17 0 solar,legacy,NL0 17,1,0.0,59329.06935279719,59329.069352797116
54,NL0 18 0 solar,legacy,NL0 18,1,0.0,59329.06935279719,59329.069352797116
54,NL0 19 0 solar,legacy,NL0 19,2,0.0,48541.96583407945,48541.96583407938
54,NL0 2 0 solar,legacy,NL0 2,2,0.0,48541.96583407945,48541.96583407938
54,NL0 20 0 solar,legacy,NL0 20,1,0.0,59329.06935279719,59329.069352797116
54,NL0 21 0 solar,legacy,NL0 21,1,0.0,59329.06935279719,59329.069352797116
54,NL0 22 0 solar,legacy,NL0 22,3,0.0,53935.51759343677,53935.5175934367
54,NL0 23 0 solar,legacy,NL0 23,1,0.0,59329.06935279719,59329.069352797116
54,NL0 24 0 solar,legacy,NL0 24,1,0.0,59329.06935279719,59329.069352797116
54,NL0 25 0 solar,legacy,NL0 25,2,0.0,48541.96583407945,48541.96583407938
54,NL0 26 0 solar,legacy,NL0 26,2,0.0,48541.96583407945,48541.96583407938
54,NL0 27 0 solar,legacy,NL0 27,1,0.0,59329.06935279719,59329.069352797116
54,NL0 28 0 solar,legacy,NL0 28,2,0.0,48541.96583407945,48541.96583407938
54,NL0 3 0 solar,legacy,NL0 3,1,0.0,59329.06935279719,59329.069352797116
54,NL0 30 0 solar,legacy,NL0 30,1,0.0,59329.06935279719,59329.069352797116
54,NL0 31 0 solar,legacy,NL0 31,2,0.0,48541.96583407945,48541.96583407938
54,NL0 4 0 solar,legacy,NL0 4,2,0.0,48541.96583407945,48541.96583407938
54,NL0 5 0 solar,legacy,NL0 5,3,0.0,53935.51759343677,53935.5175934367
54,NL0 6 0 solar,legacy,NL0 6,3,0.0,53935.51759343677,53935.5175934367
54,NL0 7 0 solar,legacy,NL0 7,3,0.0,53935.51759343677,53935.5175934367
54,NL0 8 0 solar,legacy,NL0 8,1,0.0,59329.06935279719,59329.069352797116
54,NL0 9 0 solar,legacy,NL0 9,3,0.0,53935.51759343677,53935.5175934367
54,NL0 20 0 offwind-ac,legacy,NL0 20,1,0.0,59329.06935279719,59329.069352797116
54,NL0 27 0 offwind-ac,legacy,NL0 27,1,0.0,59329.06935279719,59329.069352797116
54,NL0 31 0 offwind-ac,legacy,NL0 31,2,0.0,48541.96583407945,48541.96583407938
54,NL0 32 0 offwind-ac,legacy,NL0 32,1,0.0,59329.06935279719,59329.069352797116
54,NL0 7 0 offwind-ac,legacy,NL0 7,3,0.0,53935.51759343677,53935.5175934367
54,NL0 0 0 onwind,legacy,NL0 0,1,0.0,59329.06935279719,59329.069352797116
54,NL0 1 0 onwind,legacy,NL0 1,3,0.0,53935.51759343677,53935.5175934367
54,NL0 10 0 onwind,legacy,NL0 10,1,0.0,59329.06935279719,59329.069352797116
54,NL0 11 0 onwind,legacy,NL0 11,3,0.0,53935.51759343677,53935.5175934367
54,NL0 12 0 onwind,legacy,NL0 12,2,0.0,48541.96583407945,48541.96583407938
54,NL0 13 0 onwind,legacy,NL0 13,3,0.0,53935.51759343677,53935.5175934367
54,NL0 14 0 onwind,legacy,NL0 14,2,0.0,48541.96583407945,48541.96583407938
54,NL0 15 0 onwind,legacy,NL0 15,2,0.0,48541.96583407945,48541.96583407938
54,NL0 17 0 onwind,legacy,NL0 17,1,0.0,59329.06935279719,59329.069352797116
54,NL0 19 0 onwind,legacy,NL0 19,2,0.0,48541.96583407945,48541.96583407938
54,NL0 2 0 onwind,legacy,NL0 2,2,0.0,48541.96583407945,48541.96583407938
54,NL0 20 0 onwind,legacy,NL0 20,1,0.0,59329.06935279719,59329.069352797116
54,NL0 21 0 onwind,legacy,NL0 21,1,0.0,59329.06935279719,59329.069352797116
54,NL0 22 0 onwind,legacy,NL0 22,3,0.0,53935.51759343677,53935.5175934367
54,NL0 23 0 onwind,legacy,NL0 23,1,0.0,59329.06935279719,59329.069352797116
54,NL0 24 0 onwind,legacy,NL0 24,1,0.0,59329.06935279719,59329.069352797116
54,NL0 27 0 onwind,legacy,NL0 27,1,0.0,59329.06935279719,59329.069352797116
54,NL0 3 0 onwind,legacy,NL0 3,1,0.0,59329.06935279719,59329.069352797116
54,NL0 30 0 onwind,legacy,NL0 30,1,0.0,59329.06935279719,59329.069352797116
54,NL0 31 0 onwind,legacy,NL0 31,2,0.0,48541.96583407945,48541.96583407938
54,NL0 4 0 onwind,legacy,NL0 4,2,0.0,48541.96583407945,48541.96583407938
54,NL0 5 0 onwind,legacy,NL0 5,3,0.0,53935.51759343677,53935.5175934367
54,NL0 6 0 onwind,legacy,NL0 6,3,0.0,53935.51759343677,53935.5175934367
54,NL0 7 0 onwind,legacy,NL0 7,3,0.0,53935.51759343677,53935.5175934367
54,NL0 8 0 onwind,legacy,NL0 8,1,0.0,59329.06935279719,59329.069352797116
54,NL0 9 0 onwind,legacy,NL0 9,3,0.0,53935.51759343677,53935.5175934367
55,NL0 0 Invest,investable,NL0 0,1,0.0,59329.06935279719,59329.06935292875
55,NL0 1 Invest,investable,NL0 1,3,1000.0,53935.51759343677,53935.51759357159
55,NL0 10 Invest,investable,NL0 10,1,0.0,59329.06935279719,59329.06935292875
55,NL0 11 Invest,investable,NL0 11,3,1000.0,53935.51759343677,53935.51759357159
55,NL0 12 Invest,investable,NL0 12,2,1000.0,48541.96583407945,48541.96583421443
55,NL0 13 Invest,investable,NL0 13,3,1000.0,53935.51759343677,53935.51759357159
55,NL0 14 Invest,investable,NL0 14,2,1000.0,48541.96583407945,48541.96583421443
55,NL0 15 Invest,investable,NL0 15,2,0.0,48541.96583407945,48541.96583421443
55,NL0 16 Invest,investable,NL0 16,1,1000.0,59329.06935279719,59329.06935292875
55,NL0 17 Invest,investable,NL0 17,1,0.0,59329.06935279719,59329.06935292875
55,NL0 18 Invest,investable,NL0 18,1,0.0,59329.06935279719,59329.06935292875
55,NL0 19 Invest,investable,NL0 19,2,0.0,48541.96583407945,48541.96583421443
55,NL0 2 Invest,investable,NL0 2,2,0.0,48541.96583407945,48541.96583421443
55,NL0 20 Invest,investable,NL0 20,1,0.0,59329.06935279719,59329.06935292875
55,NL0 21 Invest,investable,NL0 21,1,0.0,59329.06935279719,59329.06935292875
55,NL0 22 Invest,investable,NL0 22,3,0.0,53935.51759343677,53935.51759357159
55,NL0 23 Invest,investable,NL0 23,1,0.0,59329.06935279719,59329.06935292875
55,NL0 24 Invest,investable,NL0 24,1,0.0,59329.06935279719,59329.06935292875
55,NL0 25 Invest,investable,NL0 25,2,987.3248031843468,48541.96583407945,48541.96583421443
55,NL0 26 Invest,investable,NL0 26,2,1000.0,48541.96583407945,48541.96583421443
55,NL0 27 Invest,investable,NL0 27,1,0.0,59329.06935279719,59329.06935292875
55,NL0 28 Invest,investable,NL0 28,2,1000.0,48541.96583407945,48541.96583421443
55,NL0 3 Invest,investable,NL0 3,1,1000.0,59329.06935279719,59329.06935292875
55,NL0 30 Invest,investable,NL0 30,1,0.0,59329.06935279719,59329.06935292875
55,NL0 31 Invest,investable,NL0 31,2,1000.0,48541.96583407945,48541.96583421443
55,NL0 33 Invest,investable,NL0 33,1,35.5312178697568,59329.06935279719,59329.06935292875
55,NL0 4 Invest,investable,NL0 4,2,0.0,48541.96583407945,48541.96583421443
55,NL0 5 Invest,investable,NL0 5,3,678.1047541590506,53935.51759343677,53935.51759357159
55,NL0 6 Invest,investable,NL0 6,3,1000.0,53935.51759343677,53935.51759357159
55,NL0 7 Invest,investable,NL0 7,3,0.0,53935.51759343677,53935.51759357159
55,NL0 8 Invest,investable,NL0 8,1,1000.0,59329.06935279719,59329.06935292875
55,NL0 9 Invest,investable,NL0 9,3,1000.0,53935.51759343677,53935.51759357159
55,NL0 1 biomass,legacy,NL0 1,3,71.0,53935.51759343677,53935.51759343677
55,NL0 1 waste,legacy,NL0 1,3,31.0,53935.51759343677,53935.51759343677
55,NL0 10 waste,legacy,NL0 10,1,150.0,59329.06935279719,59329.06935279719
55,NL0 11 biomass,legacy,NL0 11,3,20.0,53935.51759343677,53935.51759343677
55,NL0 11 waste,legacy,NL0 11,3,50.0,53935.51759343677,53935.51759343677
55,NL0 13 biomass,legacy,NL0 13,3,77.0,53935.51759343677,53935.51759343677
55,NL0 19 biomass,legacy,NL0 19,2,49.0,48541.96583407945,48541.96583407945
55,NL0 19 waste,legacy,NL0 19,2,36.0,48541.96583407945,48541.96583407945
55,NL0 22 biomass,legacy,NL0 22,3,500.0,53935.51759343677,53935.51759343677
55,NL0 25 waste,legacy,NL0 25,2,54.0,48541.96583407945,48541.96583407945
55,NL0 27 biomass,legacy,NL0 27,1,22.0,59329.06935279719,59329.06935279719
55,NL0 27 waste,legacy,NL0 27,1,71.2,59329.06935279719,59329.06935279719
55,NL0 3 biomass,legacy,NL0 3,1,22.0,59329.06935279719,59329.06935279719
55,NL0 3 waste,legacy,NL0 3,1,108.0,59329.06935279719,59329.06935279719
55,NL0 30 biomass,legacy,NL0 30,1,60.0,59329.06935279719,59329.06935279719
55,NL0 7 nuclear,legacy,NL0 7,3,515.0,53935.51759343677,53935.51759343677
55,NL0 7 waste,legacy,NL0 7,3,39.0,53935.51759343677,53935.51759343677
55,NL0 8 biomass,legacy,NL0 8,1,36.0,59329.06935279719,59329.06935279719
55,NL0 8 waste,legacy,NL0 8,1,157.0,59329.06935279719,59329.06935279719
55,NL0 9 biomass,legacy,NL0 9,3,20.0,53935.51759343677,53935.51759343677
55,NL0 0 0 solar,legacy,NL0 0,1,0.0,59329.06935279719,59329.069352797116
55,NL0 1 0 solar,legacy,NL0 1,3,0.0,53935.51759343677,53935.5175934367
55,NL0 10 0 solar,legacy,NL0 10,1,0.0,59329.06935279719,59329.069352797116
55,NL0 11 0 solar,legacy,NL0 11,3,0.0,53935.51759343677,53935.5175934367
55,NL0 12 0 solar,legacy,NL0 12,2,0.0,48541.96583407945,48541.96583407938
55,NL0 13 0 solar,legacy,NL0 13,3,0.0,53935.51759343677,53935.5175934367
55,NL0 14 0 solar,legacy,NL0 14,2,0.0,48541.96583407945,48541.96583407938
55,NL0 15 0 solar,legacy,NL0 15,2,0.0,48541.96583407945,48541.96583407938
55,NL0 16 0 solar,legacy,NL0 16,1,0.0,59329.06935279719,59329.069352797116
55,NL0 17 0 solar,legacy,NL0 17,1,0.0,59329.06935279719,59329.069352797116
55,NL0 18 0 solar,legacy,NL0 18,1,0.0,59329.06935279719,59329.069352797116
55,NL0 19 0 solar,legacy,NL0 19,2,0.0,48541.96583407945,48541.96583407938
55,NL0 2 0 solar,legacy,NL0 2,2,0.0,48541.96583407945,48541.96583407938
55,NL0 20 0 solar,legacy,NL0 20,1,0.0,59329.06935279719,59329.069352797116
55,NL0 21 0 solar,legacy,NL0 21,1,0.0,59329.06935279719,59329.069352797116
55,NL0 22 0 solar,legacy,NL0 22,3,0.0,53935.51759343677,53935.5175934367
55,NL0 23 0 solar,legacy,NL0 23,1,0.0,59329.06935279719,59329.069352797116
55,NL0 24 0 solar,legacy,NL0 24,1,0.0,59329.06935279719,59329.069352797116
55,NL0 25 0 solar,legacy,NL0 25,2,0.0,48541.96583407945,48541.96583407938
55,NL0 26 0 solar,legacy,NL0 26,2,0.0,48541.96583407945,48541.96583407938
55,NL0 27 0 solar,legacy,NL0 27,1,0.0,59329.06935279719,59329.069352797116
55,NL0 28 0 solar,legacy,NL0 28,2,0.0,48541.96583407945,48541.96583407938
55,NL0 3 0 solar,legacy,NL0 3,1,0.0,59329.06935279719,59329.069352797116
55,NL0 30 0 solar,legacy,NL0 30,1,0.0,59329.06935279719,59329.069352797116
55,NL0 31 0 solar,legacy,NL0 31,2,0.0,48541.96583407945,48541.96583407938
55,NL0 4 0 solar,legacy,NL0 4,2,0.0,48541.96583407945,48541.96583407938
55,NL0 5 0 solar,legacy,NL0 5,3,0.0,53935.51759343677,53935.5175934367
55,NL0 6 0 solar,legacy,NL0 6,3,0.0,53935.51759343677,53935.5175934367
55,NL0 7 0 solar,legacy,NL0 7,3,0.0,53935.51759343677,53935.5175934367
55,NL0 8 0 solar,legacy,NL0 8,1,0.0,59329.06935279719,59329.069352797116
55,NL0 9 0 solar,legacy,NL0 9,3,0.0,53935.51759343677,53935.5175934367
55,NL0 20 0 offwind-ac,legacy,NL0 20,1,0.0,59329.06935279719,59329.069352797116
55,NL0 27 0 offwind-ac,legacy,NL0 27,1,0.0,59329.06935279719,59329.069352797116
55,NL0 31 0 offwind-ac,legacy,NL0 31,2,0.0,48541.96583407945,48541.96583407938
55,NL0 32 0 offwind-ac,legacy,NL0 32,1,0.0,59329.06935279719,59329.069352797116
55,NL0 7 0 offwind-ac,legacy,NL0 7,3,0.0,53935.51759343677,53935.5175934367
55,NL0 0 0 onwind,legacy,NL0 0,1,0.0,59329.06935279719,59329.069352797116
55,NL0 1 0 onwind,legacy,NL0 1,3,0.0,53935.51759343677,53935.5175934367
55,NL0 10 0 onwind,legacy,NL0 10,1,0.0,59329.06935279719,59329.069352797116
55,NL0 11 0 onwind,legacy,NL0 11,3,0.0,53935.51759343677,53935.5175934367
55,NL0 12 0 onwind,legacy,NL0 12,2,0.0,48541.96583407945,48541.96583407938
55,NL0 13 0 onwind,legacy,NL0 13,3,0.0,53935.51759343677,53935.5175934367
55,NL0 14 0 onwind,legacy,NL0 14,2,0.0,48541.96583407945,48541.96583407938
55,NL0 15 0 onwind,legacy,NL0 15,2,0.0,48541.96583407945,48541.96583407938
55,NL0 17 0 onwind,legacy,NL0 17,1,0.0,59329.06935279719,59329.069352797116
55,NL0 19 0 onwind,legacy,NL0 19,2,0.0,48541.96583407945,48541.96583407938
55,NL0 2 0 onwind,legacy,NL0 2,2,0.0,48541.96583407945,48541.96583407938
55,NL0 20 0 onwind,legacy,NL0 20,1,0.0,59329.06935279719,59329.069352797116
55,NL0 21 0 onwind,legacy,NL0 21,1,0.0,59329.06935279719,59329.069352797116
55,NL0 22 0 onwind,legacy,NL0 22,3,0.0,53935.51759343677,53935.5175934367
55,NL0 23 0 onwind,legacy,NL0 23,1,0.0,59329.06935279719,59329.069352797116
55,NL0 24 0 onwind,legacy,NL0 24,1,0.0,59329.06935279719,59329.069352797116
55,NL0 27 0 onwind,legacy,NL0 27,1,0.0,59329.06935279719,59329.069352797116
55,NL0 3 0 onwind,legacy,NL0 3,1,0.0,59329.06935279719,59329.069352797116
55,NL0 30 0 onwind,legacy,NL0 30,1,0.0,59329.06935279719,59329.069352797116
55,NL0 31 0 onwind,legacy,NL0 31,2,0.0,48541.96583407945,48541.96583407938
55,NL0 4 0 onwind,legacy,NL0 4,2,0.0,48541.96583407945,48541.96583407938
55,NL0 5 0 onwind,legacy,NL0 5,3,0.0,53935.51759343677,53935.5175934367
55,NL0 6 0 onwind,legacy,NL0 6,3,0.0,53935.51759343677,53935.5175934367
55,NL0 7 0 onwind,legacy,NL0 7,3,0.0,53935.51759343677,53935.5175934367
55,NL0 8 0 onwind,legacy,NL0 8,1,0.0,59329.06935279719,59329.069352797116
55,NL0 9 0 onwind,legacy,NL0 9,3,0.0,53935.51759343677,53935.5175934367
56,NL0 0 Invest,investable,NL0 0,1,0.0,59329.06935279719,59329.06935292875
56,NL0 1 Invest,investable,NL0 1,3,0.0,53935.51759343677,53935.51759357159
56,NL0 10 Invest,investable,NL0 10,1,1000.0,59329.06935279719,59329.06935292875
56,NL0 11 Invest,investable,NL0 11,3,0.0,53935.51759343677,53935.51759357159
56,NL0 12 Invest,investable,NL0 12,2,0.0,48541.96583407945,48541.96583421443
56,NL0 13 Invest,investable,NL0 13,3,678.1047541590506,53935.51759343677,53935.51759357159
56,NL0 14 Invest,investable,NL0 14,2,0.0,48541.96583407945,48541.96583421443
56,NL0 15 Invest,investable,NL0 15,2,1000.0,48541.96583407945,48541.96583421443
56,NL0 16 Invest,investable,NL0 16,1,0.0,59329.06935279719,59329.06935292875
56,NL0 17 Invest,investable,NL0 17,1,0.0,59329.06935279719,59329.06935292875
56,NL0 18 Invest,investable,NL0 18,1,0.0,59329.06935279719,59329.06935292875
56,NL0 19 Invest,investable,NL0 19,2,1000.0,48541.96583407945,48541.96583421443
56,NL0 2 Invest,investable,NL0 2,2,1000.0,48541.96583407945,48541.96583421443
56,NL0 20 Invest,investable,NL0 20,1,1000.0,59329.06935279719,59329.06935292875
56,NL0 21 Invest,investable,NL0 21,1,0.0,59329.06935279719,59329.06935292875
56,NL0 22 Invest,investable,NL0 22,3,1000.0,53935.51759343677,53935.51759357159
56,NL0 23 Invest,investable,NL0 23,1,0.0,59329.06935279719,59329.06935292875
56,NL0 24 Invest,investable,NL0 24,1,1000.0,59329.06935279719,59329.06935292875
56,NL0 25 Invest,investable,NL0 25,2,1000.0,48541.96583407945,48541.96583421443
56,NL0 26 Invest,investable,NL0 26,2,0.0,48541.96583407945,48541.96583421443
56,NL0 27 Invest,investable,NL0 27,1,35.5312178697568,59329.06935279719,59329.06935292875
56,NL0 28 Invest,investable,NL0 28,2,0.0,48541.96583407945,48541.96583421443
56,NL0 3 Invest,investable,NL0 3,1,0.0,59329.06935279719,59329.06935292875
56,NL0 30 Invest,investable,NL0 30,1,0.0,59329.06935279719,59329.06935292875
56,NL0 31 Invest,investable,NL0 31,2,987.3248031843468,48541.96583407945,48541.96583421443
56,NL0 33 Invest,investable,NL0 33,1,0.0,59329.06935279719,59329.06935292875
56,NL0 4 Invest,investable,NL0 4,2,1000.0,48541.96583407945,48541.96583421443
56,NL0 5 Invest,investable,NL0 5,3,1000.0,53935.51759343677,53935.51759357159
56,NL0 6 Invest,investable,NL0 6,3,1000.0,53935.51759343677,53935.51759357159
56,NL0 7 Invest,investable,NL0 7,3,1000.0,53935.51759343677,53935.51759357159
56,NL0 8 Invest,investable,NL0 8,1,0.0,59329.06935279719,59329.06935292875
56,NL0 9 Invest,investable,NL0 9,3,1000.0,53935.51759343677,53935.51759357159
56,NL0 1 biomass,legacy,NL0 1,3,71.0,53935.51759343677,53935.51759343677
56,NL0 1 waste,legacy,NL0 1,3,31.0,53935.51759343677,53935.51759343677
56,NL0 10 waste,legacy,NL0 10,1,150.0,59329.06935279719,59329.06935279719
56,NL0 11 biomass,legacy,NL0 11,3,20.0,53935.51759343677,53935.51759343677
56,NL0 11 waste,legacy,NL0 11,3,50.0,53935.51759343677,53935.51759343677
56,NL0 13 biomass,legacy,NL0 13,3,77.0,53935.51759343677,53935.51759343677
56,NL0 19 biomass,legacy,NL0 19,2,49.0,48541.96583407945,48541.96583407945
56,NL0 19 waste,legacy,NL0 19,2,36.0,48541.96583407945,48541.96583407945
56,NL0 22 biomass,legacy,NL0 22,3,500.0,53935.51759343677,53935.51759343677
56,NL0 25 waste,legacy,NL0 25,2,54.0,48541.96583407945,48541.96583407945
56,NL0 27 biomass,legacy,NL0 27,1,22.0,59329.06935279719,59329.06935279719
56,NL0 27 waste,legacy,NL0 27,1,71.2,59329.06935279719,59329.06935279719
56,NL0 3 biomass,legacy,NL0 3,1,22.0,59329.06935279719,59329.06935279719
56,NL0 3 waste,legacy,NL0 3,1,108.0,59329.06935279719,59329.06935279719
56,NL0 30 biomass,legacy,NL0 30,1,60.0,59329.06935279719,59329.06935279719
56,NL0 7 nuclear,legacy,NL0 7,3,515.0,53935.51759343677,53935.51759343677
56,NL0 7 waste,legacy,NL0 7,3,39.0,53935.51759343677,53935.51759343677
56,NL0 8 biomass,legacy,NL0 8,1,36.0,59329.06935279719,59329.06935279719
56,NL0 8 waste,legacy,NL0 8,1,157.0,59329.06935279719,59329.06935279719
56,NL0 9 biomass,legacy,NL0 9,3,20.0,53935.51759343677,53935.51759343677
56,NL0 0 0 solar,legacy,NL0 0,1,0.0,59329.06935279719,59329.069352797116
56,NL0 1 0 solar,legacy,NL0 1,3,0.0,53935.51759343677,53935.5175934367
56,NL0 10 0 solar,legacy,NL0 10,1,0.0,59329.06935279719,59329.069352797116
56,NL0 11 0 solar,legacy,NL0 11,3,0.0,53935.51759343677,53935.5175934367
56,NL0 12 0 solar,legacy,NL0 12,2,0.0,48541.96583407945,48541.96583407938
56,NL0 13 0 solar,legacy,NL0 13,3,0.0,53935.51759343677,53935.5175934367
56,NL0 14 0 solar,legacy,NL0 14,2,0.0,48541.96583407945,48541.96583407938
56,NL0 15 0 solar,legacy,NL0 15,2,0.0,48541.96583407945,48541.96583407938
56,NL0 16 0 solar,legacy,NL0 16,1,0.0,59329.06935279719,59329.069352797116
56,NL0 17 0 solar,legacy,NL0 17,1,0.0,59329.06935279719,59329.069352797116
56,NL0 18 0 solar,legacy,NL0 18,1,0.0,59329.06935279719,59329.069352797116
56,NL0 19 0 solar,legacy,NL0 19,2,0.0,48541.96583407945,48541.96583407938
56,NL0 2 0 solar,legacy,NL0 2,2,0.0,48541.96583407945,48541.96583407938
56,NL0 20 0 solar,legacy,NL0 20,1,0.0,59329.06935279719,59329.069352797116
56,NL0 21 0 solar,legacy,NL0 21,1,0.0,59329.06935279719,59329.069352797116
56,NL0 22 0 solar,legacy,NL0 22,3,0.0,53935.51759343677,53935.5175934367
56,NL0 23 0 solar,legacy,NL0 23,1,0.0,59329.06935279719,59329.069352797116
56,NL0 24 0 solar,legacy,NL0 24,1,0.0,59329.06935279719,59329.069352797116
56,NL0 25 0 solar,legacy,NL0 25,2,0.0,48541.96583407945,48541.96583407938
56,NL0 26 0 solar,legacy,NL0 26,2,0.0,48541.96583407945,48541.96583407938
56,NL0 27 0 solar,legacy,NL0 27,1,0.0,59329.06935279719,59329.069352797116
56,NL0 28 0 solar,legacy,NL0 28,2,0.0,48541.96583407945,48541.96583407938
56,NL0 3 0 solar,legacy,NL0 3,1,0.0,59329.06935279719,59329.069352797116
56,NL0 30 0 solar,legacy,NL0 30,1,0.0,59329.06935279719,59329.069352797116
56,NL0 31 0 solar,legacy,NL0 31,2,0.0,48541.96583407945,48541.96583407938
56,NL0 4 0 solar,legacy,NL0 4,2,0.0,48541.96583407945,48541.96583407938
56,NL0 5 0 solar,legacy,NL0 5,3,0.0,53935.51759343677,53935.5175934367
56,NL0 6 0 solar,legacy,NL0 6,3,0.0,53935.51759343677,53935.5175934367
56,NL0 7 0 solar,legacy,NL0 7,3,0.0,53935.51759343677,53935.5175934367
56,NL0 8 0 solar,legacy,NL0 8,1,0.0,59329.06935279719,59329.069352797116
56,NL0 9 0 solar,legacy,NL0 9,3,0.0,53935.51759343677,53935.5175934367
56,NL0 20 0 offwind-ac,legacy,NL0 20,1,0.0,59329.06935279719,59329.069352797116
56,NL0 27 0 offwind-ac,legacy,NL0 27,1,0.0,59329.06935279719,59329.069352797116
56,NL0 31 0 offwind-ac,legacy,NL0 31,2,0.0,48541.96583407945,48541.96583407938
56,NL0 32 0 offwind-ac,legacy,NL0 32,1,0.0,59329.06935279719,59329.069352797116
56,NL0 7 0 offwind-ac,legacy,NL0 7,3,0.0,53935.51759343677,53935.5175934367
56,NL0 0 0 onwind,legacy,NL0 0,1,0.0,59329.06935279719,59329.069352797116
56,NL0 1 0 onwind,legacy,NL0 1,3,0.0,53935.51759343677,53935.5175934367
56,NL0 10 0 onwind,legacy,NL0 10,1,0.0,59329.06935279719,59329.069352797116
56,NL0 11 0 onwind,legacy,NL0 11,3,0.0,53935.51759343677,53935.5175934367
56,NL0 12 0 onwind,legacy,NL0 12,2,0.0,48541.96583407945,48541.96583407938
56,NL0 13 0 onwind,legacy,NL0 13,3,0.0,53935.51759343677,53935.5175934367
56,NL0 14 0 onwind,legacy,NL0 14,2,0.0,48541.96583407945,48541.96583407938
56,NL0 15 0 onwind,legacy,NL0 15,2,0.0,48541.96583407945,48541.96583407938
56,NL0 17 0 onwind,legacy,NL0 17,1,0.0,59329.06935279719,59329.069352797116
56,NL0 19 0 onwind,legacy,NL0 19,2,0.0,48541.96583407945,48541.96583407938
56,NL0 2 0 onwind,legacy,NL0 2,2,0.0,48541.96583407945,48541.96583407938
56,NL0 20 0 onwind,legacy,NL0 20,1,0.0,59329.06935279719,59329.069352797116
56,NL0 21 0 onwind,legacy,NL0 21,1,0.0,59329.06935279719,59329.069352797116
56,NL0 22 0 onwind,legacy,NL0 22,3,0.0,53935.51759343677,53935.5175934367
56,NL0 23 0 onwind,legacy,NL0 23,1,0.0,59329.06935279719,59329.069352797116
56,NL0 24 0 onwind,legacy,NL0 24,1,0.0,59329.06935279719,59329.069352797116
56,NL0 27 0 onwind,legacy,NL0 27,1,0.0,59329.06935279719,59329.069352797116
56,NL0 3 0 onwind,legacy,NL0 3,1,0.0,59329.06935279719,59329.069352797116
56,NL0 30 0 onwind,legacy,NL0 30,1,0.0,59329.06935279719,59329.069352797116
56,NL0 31 0 onwind,legacy,NL0 31,2,0.0,48541.96583407945,48541.96583407938
56,NL0 4 0 onwind,legacy,NL0 4,2,0.0,48541.96583407945,48541.96583407938
56,NL0 5 0 onwind,legacy,NL0 5,3,0.0,53935.51759343677,53935.5175934367
56,NL0 6 0 onwind,legacy,NL0 6,3,0.0,53935.51759343677,53935.5175934367
56,NL0 7 0 onwind,legacy,NL0 7,3,0.0,53935.51759343677,53935.5175934367
56,NL0 8 0 onwind,legacy,NL0 8,1,0.0,59329.06935279719,59329.069352797116
56,NL0 9 0 onwind,legacy,NL0 9,3,0.0,53935.51759343677,53935.5175934367
57,NL0 0 Invest,investable,NL0 0,1,205.07674172094463,59329.06935279719,59329.06935292875
57,NL0 1 Invest,investable,NL0 1,3,354.4956826539234,53935.51759343677,53935.51759357159
57,NL0 10 Invest,investable,NL0 10,1,193.15249932666495,59329.06935279719,59329.06935292875
57,NL0 11 Invest,investable,NL0 11,3,415.5278786054545,53935.51759343677,53935.51759357159
57,NL0 12 Invest,investable,NL0 12,2,622.5962928958626,48541.96583407945,48541.96583421443
57,NL0 13 Invest,investable,NL0 13,3,540.7993871456376,53935.51759343677,53935.51759357159
57,NL0 14 Invest,investable,NL0 14,2,412.55498475871616,48541.96583407945,48541.96583421443
57,NL0 15 Invest,investable,NL0 15,2,514.4514265229757,48541.96583407945,48541.96583421443
57,NL0 16 Invest,investable,NL0 16,1,218.65827766939907,59329.06935279719,59329.06935292875
57,NL0 17 Invest,investable,NL0 17,1,230.37879312582947,59329.06935279719,59329.06935292875
57,NL0 18 Invest,investable,NL0 18,1,197.65694362983865,59329.06935279719,59329.06935292875
57,NL0 19 Invest,investable,NL0 19,2,360.54619682907276,48541.96583407945,48541.96583421443
57,NL0 2 Invest,investable,NL0 2,2,490.33504091332634,48541.96583407945,48541.96583421443
57,NL0 20 Invest,investable,NL0 20,1,218.93850665071773,59329.06935279719,59329.06935292875
57,NL0 21 Invest,investable,NL0 21,1,193.1218984796527,59329.06935279719,59329.06935292875
57,NL0 22 Invest,investable,NL0 22,3,1000.0,53935.51759343677,53935.51759357159
57,NL0 23 Invest,investable,NL0 23,1,218.13654232406518,59329.06935279719,59329.06935292875
57,NL0 24 Invest,investable,NL0 24,1,219.10003396486277,59329.06935279719,59329.06935292875
57,NL0 25 Invest,investable,NL0 25,2,788.3460847288103,48541.96583407945,48541.96583421443
57,NL0 26 Invest,investable,NL0 26,2,588.8990017778783,48541.96583407945,48541.96583421443
57,NL0 27 Invest,investable,NL0 27,1,227.02200892751398,59329.06935279719,59329.06935292875
57,NL0 28 Invest,investable,NL0 28,2,854.5406756371069,48541.96583407945,48541.96583421443
57,NL0 3 Invest,investable,NL0 3,1,214.24025288395922,59329.06935279719,59329.06935292875
57,NL0 30 Invest,investable,NL0 30,1,225.54870333935457,59329.06935279719,59329.06935292875
57,NL0 31 Invest,investable,NL0 31,2,704.4936583617039,48541.96583407945,48541.96583421443
57,NL0 33 Invest,investable,NL0 33,1,241.93582727768933,59329.06935279719,59329.06935292875
57,NL0 4 Invest,investable,NL0 4,2,650.5614407588939,48541.96583407945,48541.96583421443
57,NL0 5 Invest,investable,NL0 5,3,1000.0,53935.51759343677,53935.51759357159
57,NL0 6 Invest,investable,NL0 6,3,823.7476283671675,53935.51759343677,53935.51759357159
57,NL0 7 Invest,investable,NL0 7,3,656.6642962898176,53935.51759343677,53935.51759357159
57,NL0 8 Invest,investable,NL0 8,1,232.56418854926454,59329.06935279719,59329.06935292875
57,NL0 9 Invest,investable,NL0 9,3,886.8698810970494,53935.51759343677,53935.51759357159
57,NL0 1 biomass,legacy,NL0 1,3,71.0,53935.51759343677,53935.51759343677
57,NL0 1 waste,legacy,NL0 1,3,31.0,53935.51759343677,53935.51759343677
57,NL0 10 waste,legacy,NL0 10,1,150.0,59329.06935279719,59329.06935279719
57,NL0 11 biomass,legacy,NL0 11,3,20.0,53935.51759343677,53935.51759343677
57,NL0 11 waste,legacy,NL0 11,3,50.0,53935.51759343677,53935.51759343677
57,NL0 13 biomass,legacy,NL0 13,3,77.0,53935.51759343677,53935.51759343677
57,NL0 19 biomass,legacy,NL0 19,2,49.0,48541.96583407945,48541.96583407945
57,NL0 19 waste,legacy,NL0 19,2,36.0,48541.96583407945,48541.96583407945
57,NL0 22 biomass,legacy,NL0 22,3,500.0,53935.51759343677,53935.51759343677
57,NL0 25 waste,legacy,NL0 25,2,54.0,48541.96583407945,48541.96583407945
57,NL0 27 biomass,legacy,NL0 27,1,22.0,59329.06935279719,59329.06935279719
57,NL0 27 waste,legacy,NL0 27,1,71.2,59329.06935279719,59329.06935279719
57,NL0 3 biomass,legacy,NL0 3,1,22.0,59329.06935279719,59329.06935279719
57,NL0 3 waste,legacy,NL0 3,1,108.0,59329.06935279719,59329.06935279719
57,NL0 30 biomass,legacy,NL0 30,1,60.0,59329.06935279719,59329.06935279719
57,NL0 7 nuclear,legacy,NL0 7,3,515.0,53935.51759343677,53935.51759343677
57,NL0 7 waste,legacy,NL0 7,3,39.0,53935.51759343677,53935.51759343677
57,NL0 8 biomass,legacy,NL0 8,1,36.0,59329.06935279719,59329.06935279719
57,NL0 8 waste,legacy,NL0 8,1,157.0,59329.06935279719,59329.06935279719
57,NL0 9 biomass,legacy,NL0 9,3,20.0,53935.51759343677,53935.51759343677
57,NL0 0 0 solar,legacy,NL0 0,1,0.0,59329.06935279719,59329.069352797116
57,NL0 1 0 solar,legacy,NL0 1,3,0.0,53935.51759343677,53935.5175934367
57,NL0 10 0 solar,legacy,NL0 10,1,0.0,59329.06935279719,59329.069352797116
57,NL0 11 0 solar,legacy,NL0 11,3,0.0,53935.51759343677,53935.5175934367
57,NL0 12 0 solar,legacy,NL0 12,2,0.0,48541.96583407945,48541.96583407938
57,NL0 13 0 solar,legacy,NL0 13,3,0.0,53935.51759343677,53935.5175934367
57,NL0 14 0 solar,legacy,NL0 14,2,0.0,48541.96583407945,48541.96583407938
57,NL0 15 0 solar,legacy,NL0 15,2,0.0,48541.96583407945,48541.96583407938
57,NL0 16 0 solar,legacy,NL0 16,1,0.0,59329.06935279719,59329.069352797116
57,NL0 17 0 solar,legacy,NL0 17,1,0.0,59329.06935279719,59329.069352797116
57,NL0 18 0 solar,legacy,NL0 18,1,0.0,59329.06935279719,59329.069352797116
57,NL0 19 0 solar,legacy,NL0 19,2,0.0,48541.96583407945,48541.96583407938
57,NL0 2 0 solar,legacy,NL0 2,2,0.0,48541.96583407945,48541.96583407938
57,NL0 20 0 solar,legacy,NL0 20,1,0.0,59329.06935279719,59329.069352797116
57,NL0 21 0 solar,legacy,NL0 21,1,0.0,59329.06935279719,59329.069352797116
57,NL0 22 0 solar,legacy,NL0 22,3,0.0,53935.51759343677,53935.5175934367
57,NL0 23 0 solar,legacy,NL0 23,1,0.0,59329.06935279719,59329.069352797116
57,NL0 24 0 solar,legacy,NL0 24,1,0.0,59329.06935279719,59329.069352797116
57,NL0 25 0 solar,legacy,NL0 25,2,0.0,48541.96583407945,48541.96583407938
57,NL0 26 0 solar,legacy,NL0 26,2,0.0,48541.96583407945,48541.96583407938
57,NL0 27 0 solar,legacy,NL0 27,1,0.0,59329.06935279719,59329.069352797116
57,NL0 28 0 solar,legacy,NL0 28,2,0.0,48541.96583407945,48541.96583407938
57,NL0 3 0 solar,legacy,NL0 3,1,0.0,59329.06935279719,59329.069352797116
57,NL0 30 0 solar,legacy,NL0 30,1,0.0,59329.06935279719,59329.069352797116
57,NL0 31 0 solar,legacy,NL0 31,2,0.0,48541.96583407945,48541.96583407938
57,NL0 4 0 solar,legacy,NL0 4,2,0.0,48541.96583407945,48541.96583407938
57,NL0 5 0 solar,legacy,NL0 5,3,0.0,53935.51759343677,53935.5175934367
57,NL0 6 0 solar,legacy,NL0 6,3,0.0,53935.51759343677,53935.5175934367
57,NL0 7 0 solar,legacy,NL0 7,3,0.0,53935.51759343677,53935.5175934367
57,NL0 8 0 solar,legacy,NL0 8,1,0.0,59329.06935279719,59329.069352797116
57,NL0 9 0 solar,legacy,NL0 9,3,0.0,53935.51759343677,53935.5175934367
57,NL0 20 0 offwind-ac,legacy,NL0 20,1,0.0,59329.06935279719,59329.069352797116
57,NL0 27 0 offwind-ac,legacy,NL0 27,1,0.0,59329.06935279719,59329.069352797116
57,NL0 31 0 offwind-ac,legacy,NL0 31,2,0.0,48541.96583407945,48541.96583407938
57,NL0 32 0 offwind-ac,legacy,NL0 32,1,0.0,59329.06935279719,59329.069352797116
57,NL0 7 0 offwind-ac,legacy,NL0 7,3,0.0,53935.51759343677,53935.5175934367
57,NL0 0 0 onwind,legacy,NL0 0,1,0.0,59329.06935279719,59329.069352797116
57,NL0 1 0 onwind,legacy,NL0 1,3,0.0,53935.51759343677,53935.5175934367
57,NL0 10 0 onwind,legacy,NL0 10,1,0.0,59329.06935279719,59329.069352797116
57,NL0 11 0 onwind,legacy,NL0 11,3,0.0,53935.51759343677,53935.5175934367
57,NL0 12 0 onwind,legacy,NL0 12,2,0.0,48541.96583407945,48541.96583407938
57,NL0 13 0 onwind,legacy,NL0 13,3,0.0,53935.51759343677,53935.5175934367
57,NL0 14 0 onwind,legacy,NL0 14,2,0.0,48541.96583407945,48541.96583407938
57,NL0 15 0 onwind,legacy,NL0 15,2,0.0,48541.96583407945,48541.96583407938
57,NL0 17 0 onwind,legacy,NL0 17,1,0.0,59329.06935279719,59329.069352797116
57,NL0 19 0 onwind,legacy,NL0 19,2,0.0,48541.96583407945,48541.96583407938
57,NL0 2 0 onwind,legacy,NL0 2,2,0.0,48541.96583407945,48541.96583407938
57,NL0 20 0 onwind,legacy,NL0 20,1,0.0,59329.06935279719,59329.069352797116
57,NL0 21 0 onwind,legacy,NL0 21,1,0.0,59329.06935279719,59329.069352797116
57,NL0 22 0 onwind,legacy,NL0 22,3,0.0,53935.51759343677,53935.5175934367
57,NL0 23 0 onwind,legacy,NL0 23,1,0.0,59329.06935279719,59329.069352797116
57,NL0 24 0 onwind,legacy,NL0 24,1,0.0,59329.06935279719,59329.069352797116
57,NL0 27 0 onwind,legacy,NL0 27,1,0.0,59329.06935279719,59329.069352797116
57,NL0 3 0 onwind,legacy,NL0 3,1,0.0,59329.06935279719,59329.069352797116
57,NL0 30 0 onwind,legacy,NL0 30,1,0.0,59329.06935279719,59329.069352797116
57,NL0 31 0 onwind,legacy,NL0 31,2,0.0,48541.96583407945,48541.96583407938
57,NL0 4 0 onwind,legacy,NL0 4,2,0.0,48541.96583407945,48541.96583407938
57,NL0 5 0 onwind,legacy,NL0 5,3,0.0,53935.51759343677,53935.5175934367
57,NL0 6 0 onwind,legacy,NL0 6,3,0.0,53935.51759343677,53935.5175934367
57,NL0 7 0 onwind,legacy,NL0 7,3,0.0,53935.51759343677,53935.5175934367
57,NL0 8 0 onwind,legacy,NL0 8,1,0.0,59329.06935279719,59329.069352797116
57,NL0 9 0 onwind,legacy,NL0 9,3,0.0,53935.51759343677,53935.5175934367
58,NL0 0 Invest,investable,NL0 0,1,205.07674172094463,59329.06935279719,59329.06935292875
58,NL0 1 Invest,investable,NL0 1,3,354.4956826539234,53935.51759343677,53935.51759357159
58,NL0 10 Invest,investable,NL0 10,1,193.15249932666495,59329.06935279719,59329.06935292875
58,NL0 11 Invest,investable,NL0 11,3,415.5278786054545,53935.51759343677,53935.51759357159
58,NL0 12 Invest,investable,NL0 12,2,622.5962928958626,48541.96583407945,48541.96583421443
58,NL0 13 Invest,investable,NL0 13,3,540.7993871456376,53935.51759343677,53935.51759357159
58,NL0 14 Invest,investable,NL0 14,2,412.55498475871616,48541.96583407945,48541.96583421443
58,NL0 15 Invest,investable,NL0 15,2,514.4514265229757,48541.96583407945,48541.96583421443
58,NL0 16 Invest,investable,NL0 16,1,218.65827766939907,59329.06935279719,59329.06935292875
58,NL0 17 Invest,investable,NL0 17,1,230.37879312582947,59329.06935279719,59329.06935292875
58,NL0 18 Invest,investable,NL0 18,1,197.65694362983865,59329.06935279719,59329.06935292875
58,NL0 19 Invest,investable,NL0 19,2,360.54619682907276,48541.96583407945,48541.96583421443
58,NL0 2 Invest,investable,NL0 2,2,490.33504091332634,48541.96583407945,48541.96583421443
58,NL0 20 Invest,investable,NL0 20,1,218.93850665071773,59329.06935279719,59329.06935292875
58,NL0 21 Invest,investable,NL0 21,1,193.1218984796527,59329.06935279719,59329.06935292875
58,NL0 22 Invest,investable,NL0 22,3,1000.0,53935.51759343677,53935.51759357159
58,NL0 23 Invest,investable,NL0 23,1,218.13654232406518,59329.06935279719,59329.06935292875
58,NL0 24 Invest,investable,NL0 24,1,219.10003396486277,59329.06935279719,59329.06935292875
58,NL0 25 Invest,investable,NL0 25,2,788.3460847288103,48541.96583407945,48541.96583421443
58,NL0 26 Invest,investable,NL0 26,2,588.8990017778783,48541.96583407945,48541.96583421443
58,NL0 27 Invest,investable,NL0 27,1,227.02200892751398,59329.06935279719,59329.06935292875
58,NL0 28 Invest,investable,NL0 28,2,854.5406756371069,48541.96583407945,48541.96583421443
58,NL0 3 Invest,investable,NL0 3,1,214.24025288395922,59329.06935279719,59329.06935292875
58,NL0 30 Invest,investable,NL0 30,1,225.54870333935457,59329.06935279719,59329.06935292875
58,NL0 31 Invest,investable,NL0 31,2,704.4936583617039,48541.96583407945,48541.96583421443
58,NL0 33 Invest,investable,NL0 33,1,241.93582727768933,59329.06935279719,59329.06935292875
58,NL0 4 Invest,investable,NL0 4,2,650.5614407588939,48541.96583407945,48541.96583421443
58,NL0 5 Invest,investable,NL0 5,3,1000.0,53935.51759343677,53935.51759357159
58,NL0 6 Invest,investable,NL0 6,3,823.7476283671675,53935.51759343677,53935.51759357159
58,NL0 7 Invest,investable,NL0 7,3,656.6642962898176,53935.51759343677,53935.51759357159
58,NL0 8 Invest,investable,NL0 8,1,232.56418854926454,59329.06935279719,59329.06935292875
58,NL0 9 Invest,investable,NL0 9,3,886.8698810970494,53935.51759343677,53935.51759357159
58,NL0 1 biomass,legacy,NL0 1,3,71.0,53935.51759343677,53935.51759343677
58,NL0 1 waste,legacy,NL0 1,3,31.0,53935.51759343677,53935.51759343677
58,NL0 10 waste,legacy,NL0 10,1,150.0,59329.06935279719,59329.06935279719
58,NL0 11 biomass,legacy,NL0 11,3,20.0,53935.51759343677,53935.51759343677
58,NL0 11 waste,legacy,NL0 11,3,50.0,53935.51759343677,53935.51759343677
58,NL0 13 biomass,legacy,NL0 13,3,77.0,53935.51759343677,53935.51759343677
58,NL0 19 biomass,legacy,NL0 19,2,49.0,48541.96583407945,48541.96583407945
58,NL0 19 waste,legacy,NL0 19,2,36.0,48541.96583407945,48541.96583407945
58,NL0 22 biomass,legacy,NL0 22,3,500.0,53935.51759343677,53935.51759343677
58,NL0 25 waste,legacy,NL0 25,2,54.0,48541.96583407945,48541.96583407945
58,NL0 27 biomass,legacy,NL0 27,1,22.0,59329.06935279719,59329.06935279719
58,NL0 27 waste,legacy,NL0 27,1,71.2,59329.06935279719,59329.06935279719
58,NL0 3 biomass,legacy,NL0 3,1,22.0,59329.06935279719,59329.06935279719
58,NL0 3 waste,legacy,NL0 3,1,108.0,59329.06935279719,59329.06935279719
58,NL0 30 biomass,legacy,NL0 30,1,60.0,59329.06935279719,59329.06935279719
58,NL0 7 nuclear,legacy,NL0 7,3,515.0,53935.51759343677,53935.51759343677
58,NL0 7 waste,legacy,NL0 7,3,39.0,53935.51759343677,53935.51759343677
58,NL0 8 biomass,legacy,NL0 8,1,36.0,59329.06935279719,59329.06935279719
58,NL0 8 waste,legacy,NL0 8,1,157.0,59329.06935279719,59329.06935279719
58,NL0 9 biomass,legacy,NL0 9,3,20.0,53935.51759343677,53935.51759343677
58,NL0 0 0 solar,legacy,NL0 0,1,0.0,59329.06935279719,59329.069352797116
58,NL0 1 0 solar,legacy,NL0 1,3,0.0,53935.51759343677,53935.5175934367
58,NL0 10 0 solar,legacy,NL0 10,1,0.0,59329.06935279719,59329.069352797116
58,NL0 11 0 solar,legacy,NL0 11,3,0.0,53935.51759343677,53935.5175934367
58,NL0 12 0 solar,legacy,NL0 12,2,0.0,48541.96583407945,48541.96583407938
58,NL0 13 0 solar,legacy,NL0 13,3,0.0,53935.51759343677,53935.5175934367
58,NL0 14 0 solar,legacy,NL0 14,2,0.0,48541.96583407945,48541.96583407938
58,NL0 15 0 solar,legacy,NL0 15,2,0.0,48541.96583407945,48541.96583407938
58,NL0 16 0 solar,legacy,NL0 16,1,0.0,59329.06935279719,59329.069352797116
58,NL0 17 0 solar,legacy,NL0 17,1,0.0,59329.06935279719,59329.069352797116
58,NL0 18 0 solar,legacy,NL0 18,1,0.0,59329.06935279719,59329.069352797116
58,NL0 19 0 solar,legacy,NL0 19,2,0.0,48541.96583407945,48541.96583407938
58,NL0 2 0 solar,legacy,NL0 2,2,0.0,48541.96583407945,48541.96583407938
58,NL0 20 0 solar,legacy,NL0 20,1,0.0,59329.06935279719,59329.069352797116
58,NL0 21 0 solar,legacy,NL0 21,1,0.0,59329.06935279719,59329.069352797116
58,NL0 22 0 solar,legacy,NL0 22,3,0.0,53935.51759343677,53935.5175934367
58,NL0 23 0 solar,legacy,NL0 23,1,0.0,59329.06935279719,59329.069352797116
58,NL0 24 0 solar,legacy,NL0 24,1,0.0,59329.06935279719,59329.069352797116
58,NL0 25 0 solar,legacy,NL0 25,2,0.0,48541.96583407945,48541.96583407938
58,NL0 26 0 solar,legacy,NL0 26,2,0.0,48541.96583407945,48541.96583407938
58,NL0 27 0 solar,legacy,NL0 27,1,0.0,59329.06935279719,59329.069352797116
58,NL0 28 0 solar,legacy,NL0 28,2,0.0,48541.96583407945,48541.96583407938
58,NL0 3 0 solar,legacy,NL0 3,1,0.0,59329.06935279719,59329.069352797116
58,NL0 30 0 solar,legacy,NL0 30,1,0.0,59329.06935279719,59329.069352797116
58,NL0 31 0 solar,legacy,NL0 31,2,0.0,48541.96583407945,48541.96583407938
58,NL0 4 0 solar,legacy,NL0 4,2,0.0,48541.96583407945,48541.96583407938
58,NL0 5 0 solar,legacy,NL0 5,3,0.0,53935.51759343677,53935.5175934367
58,NL0 6 0 solar,legacy,NL0 6,3,0.0,53935.51759343677,53935.5175934367
58,NL0 7 0 solar,legacy,NL0 7,3,0.0,53935.51759343677,53935.5175934367
58,NL0 8 0 solar,legacy,NL0 8,1,0.0,59329.06935279719,59329.069352797116
58,NL0 9 0 solar,legacy,NL0 9,3,0.0,53935.51759343677,53935.5175934367
58,NL0 20 0 offwind-ac,legacy,NL0 20,1,0.0,59329.06935279719,59329.069352797116
58,NL0 27 0 offwind-ac,legacy,NL0 27,1,0.0,59329.06935279719,59329.069352797116
58,NL0 31 0 offwind-ac,legacy,NL0 31,2,0.0,48541.96583407945,48541.96583407938
58,NL0 32 0 offwind-ac,legacy,NL0 32,1,0.0,59329.06935279719,59329.069352797116
58,NL0 7 0 offwind-ac,legacy,NL0 7,3,0.0,53935.51759343677,53935.5175934367
58,NL0 0 0 onwind,legacy,NL0 0,1,0.0,59329.06935279719,59329.069352797116
58,NL0 1 0 onwind,legacy,NL0 1,3,0.0,53935.51759343677,53935.5175934367
58,NL0 10 0 onwind,legacy,NL0 10,1,0.0,59329.06935279719,59329.069352797116
58,NL0 11 0 onwind,legacy,NL0 11,3,0.0,53935.51759343677,53935.5175934367
58,NL0 12 0 onwind,legacy,NL0 12,2,0.0,48541.96583407945,48541.96583407938
58,NL0 13 0 onwind,legacy,NL0 13,3,0.0,53935.51759343677,53935.5175934367
58,NL0 14 0 onwind,legacy,NL0 14,2,0.0,48541.96583407945,48541.96583407938
58,NL0 15 0 onwind,legacy,NL0 15,2,0.0,48541.96583407945,48541.96583407938
58,NL0 17 0 onwind,legacy,NL0 17,1,0.0,59329.06935279719,59329.069352797116
58,NL0 19 0 onwind,legacy,NL0 19,2,0.0,48541.96583407945,48541.96583407938
58,NL0 2 0 onwind,legacy,NL0 2,2,0.0,48541.96583407945,48541.96583407938
58,NL0 20 0 onwind,legacy,NL0 20,1,0.0,59329.06935279719,59329.069352797116
58,NL0 21 0 onwind,legacy,NL0 21,1,0.0,59329.06935279719,59329.069352797116
58,NL0 22 0 onwind,legacy,NL0 22,3,0.0,53935.51759343677,53935.5175934367
58,NL0 23 0 onwind,legacy,NL0 23,1,0.0,59329.06935279719,59329.069352797116
58,NL0 24 0 onwind,legacy,NL0 24,1,0.0,59329.06935279719,59329.069352797116
58,NL0 27 0 onwind,legacy,NL0 27,1,0.0,59329.06935279719,59329.069352797116
58,NL0 3 0 onwind,legacy,NL0 3,1,0.0,59329.06935279719,59329.069352797116
58,NL0 30 0 onwind,legacy,NL0 30,1,0.0,59329.06935279719,59329.069352797116
58,NL0 31 0 onwind,legacy,NL0 31,2,0.0,48541.96583407945,48541.96583407938
58,NL0 4 0 onwind,legacy,NL0 4,2,0.0,48541.96583407945,48541.96583407938
58,NL0 5 0 onwind,legacy,NL0 5,3,0.0,53935.51759343677,53935.5175934367
58,NL0 6 0 onwind,legacy,NL0 6,3,0.0,53935.51759343677,53935.5175934367
58,NL0 7 0 onwind,legacy,NL0 7,3,0.0,53935.51759343677,53935.5175934367
58,NL0 8 0 onwind,legacy,NL0 8,1,0.0,59329.06935279719,59329.069352797116
58,NL0 9 0 onwind,legacy,NL0 9,3,0.0,53935.51759343677,53935.5175934367
59,NL0 0 Invest,investable,NL0 0,1,205.07674172094463,59329.06935279719,59329.06935292875
59,NL0 1 Invest,investable,NL0 1,3,354.4956826539234,53935.51759343677,53935.51759357159
59,NL0 10 Invest,investable,NL0 10,1,193.15249932666495,59329.06935279719,59329.06935292875
59,NL0 11 Invest,investable,NL0 11,3,415.5278786054545,53935.51759343677,53935.51759357159
59,NL0 12 Invest,investable,NL0 12,2,622.5962928958626,48541.96583407945,48541.96583421443
59,NL0 13 Invest,investable,NL0 13,3,540.7993871456376,53935.51759343677,53935.51759357159
59,NL0 14 Invest,investable,NL0 14,2,412.55498475871616,48541.96583407945,48541.96583421443
59,NL0 15 Invest,investable,NL0 15,2,514.4514265229757,48541.96583407945,48541.96583421443
59,NL0 16 Invest,investable,NL0 16,1,218.65827766939907,59329.06935279719,59329.06935292875
59,NL0 17 Invest,investable,NL0 17,1,230.37879312582947,59329.06935279719,59329.06935292875
59,NL0 18 Invest,investable,NL0 18,1,197.65694362983865,59329.06935279719,59329.06935292875
59,NL0 19 Invest,investable,NL0 19,2,360.54619682907276,48541.96583407945,48541.96583421443
59,NL0 2 Invest,investable,NL0 2,2,490.33504091332634,48541.96583407945,48541.96583421443
59,NL0 20 Invest,investable,NL0 20,1,218.93850665071773,59329.06935279719,59329.06935292875
59,NL0 21 Invest,investable,NL0 21,1,193.1218984796527,59329.06935279719,59329.06935292875
59,NL0 22 Invest,investable,NL0 22,3,1000.0,53935.51759343677,53935.51759357159
59,NL0 23 Invest,investable,NL0 23,1,218.13654232406518,59329.06935279719,59329.06935292875
59,NL0 24 Invest,investable,NL0 24,1,219.10003396486277,59329.06935279719,59329.06935292875
59,NL0 25 Invest,investable,NL0 25,2,788.3460847288103,48541.96583407945,48541.96583421443
59,NL0 26 Invest,investable,NL0 26,2,588.8990017778783,48541.96583407945,48541.96583421443
59,NL0 27 Invest,investable,NL0 27,1,227.02200892751398,59329.06935279719,59329.06935292875
59,NL0 28 Invest,investable,NL0 28,2,854.5406756371069,48541.96583407945,48541.96583421443
59,NL0 3 Invest,investable,NL0 3,1,214.24025288395922,59329.06935279719,59329.06935292875
59,NL0 30 Invest,investable,NL0 30,1,225.54870333935457,59329.06935279719,59329.06935292875
59,NL0 31 Invest,investable,NL0 31,2,704.4936583617039,48541.96583407945,48541.96583421443
59,NL0 33 Invest,investable,NL0 33,1,241.93582727768933,59329.06935279719,59329.06935292875
59,NL0 4 Invest,investable,NL0 4,2,650.5614407588939,48541.96583407945,48541.96583421443
59,NL0 5 Invest,investable,NL0 5,3,1000.0,53935.51759343677,53935.51759357159
59,NL0 6 Invest,investable,NL0 6,3,823.7476283671675,53935.51759343677,53935.51759357159
59,NL0 7 Invest,investable,NL0 7,3,656.6642962898176,53935.51759343677,53935.51759357159
59,NL0 8 Invest,investable,NL0 8,1,232.56418854926454,59329.06935279719,59329.06935292875
59,NL0 9 Invest,investable,NL0 9,3,886.8698810970494,53935.51759343677,53935.51759357159
59,NL0 1 biomass,legacy,NL0 1,3,71.0,53935.51759343677,53935.51759343677
59,NL0 1 waste,legacy,NL0 1,3,31.0,53935.51759343677,53935.51759343677
59,NL0 10 waste,legacy,NL0 10,1,150.0,59329.06935279719,59329.06935279719
59,NL0 11 biomass,legacy,NL0 11,3,20.0,53935.51759343677,53935.51759343677
59,NL0 11 waste,legacy,NL0 11,3,50.0,53935.51759343677,53935.51759343677
59,NL0 13 biomass,legacy,NL0 13,3,77.0,53935.51759343677,53935.51759343677
59,NL0 19 biomass,legacy,NL0 19,2,49.0,48541.96583407945,48541.96583407945
59,NL0 19 waste,legacy,NL0 19,2,36.0,48541.96583407945,48541.96583407945
59,NL0 22 biomass,legacy,NL0 22,3,500.0,53935.51759343677,53935.51759343677
59,NL0 25 waste,legacy,NL0 25,2,54.0,48541.96583407945,48541.96583407945
59,NL0 27 biomass,legacy,NL0 27,1,22.0,59329.06935279719,59329.06935279719
59,NL0 27 waste,legacy,NL0 27,1,71.2,59329.06935279719,59329.06935279719
59,NL0 3 biomass,legacy,NL0 3,1,22.0,59329.06935279719,59329.06935279719
59,NL0 3 waste,legacy,NL0 3,1,108.0,59329.06935279719,59329.06935279719
59,NL0 30 biomass,legacy,NL0 30,1,60.0,59329.06935279719,59329.06935279719
59,NL0 7 nuclear,legacy,NL0 7,3,515.0,53935.51759343677,53935.51759343677
59,NL0 7 waste,legacy,NL0 7,3,39.0,53935.51759343677,53935.51759343677
59,NL0 8 biomass,legacy,NL0 8,1,36.0,59329.06935279719,59329.06935279719
59,NL0 8 waste,legacy,NL0 8,1,157.0,59329.06935279719,59329.06935279719
59,NL0 9 biomass,legacy,NL0 9,3,20.0,53935.51759343677,53935.51759343677
59,NL0 0 0 solar,legacy,NL0 0,1,0.0,59329.06935279719,59329.069352797116
59,NL0 1 0 solar,legacy,NL0 1,3,0.0,53935.51759343677,53935.5175934367
59,NL0 10 0 solar,legacy,NL0 10,1,0.0,59329.06935279719,59329.069352797116
59,NL0 11 0 solar,legacy,NL0 11,3,0.0,53935.51759343677,53935.5175934367
59,NL0 12 0 solar,legacy,NL0 12,2,0.0,48541.96583407945,48541.96583407938
59,NL0 13 0 solar,legacy,NL0 13,3,0.0,53935.51759343677,53935.5175934367
59,NL0 14 0 solar,legacy,NL0 14,2,0.0,48541.96583407945,48541.96583407938
59,NL0 15 0 solar,legacy,NL0 15,2,0.0,48541.96583407945,48541.96583407938
59,NL0 16 0 solar,legacy,NL0 16,1,0.0,59329.06935279719,59329.069352797116
59,NL0 17 0 solar,legacy,NL0 17,1,0.0,59329.06935279719,59329.069352797116
59,NL0 18 0 solar,legacy,NL0 18,1,0.0,59329.06935279719,59329.069352797116
59,NL0 19 0 solar,legacy,NL0 19,2,0.0,48541.96583407945,48541.96583407938
59,NL0 2 0 solar,legacy,NL0 2,2,0.0,48541.96583407945,48541.96583407938
59,NL0 20 0 solar,legacy,NL0 20,1,0.0,59329.06935279719,59329.069352797116
59,NL0 21 0 solar,legacy,NL0 21,1,0.0,59329.06935279719,59329.069352797116
59,NL0 22 0 solar,legacy,NL0 22,3,0.0,53935.51759343677,53935.5175934367
59,NL0 23 0 solar,legacy,NL0 23,1,0.0,59329.06935279719,59329.069352797116
59,NL0 24 0 solar,legacy,NL0 24,1,0.0,59329.06935279719,59329.069352797116
59,NL0 25 0 solar,legacy,NL0 25,2,0.0,48541.96583407945,48541.96583407938
59,NL0 26 0 solar,legacy,NL0 26,2,0.0,48541.96583407945,48541.96583407938
59,NL0 27 0 solar,legacy,NL0 27,1,0.0,59329.06935279719,59329.069352797116
59,NL0 28 0 solar,legacy,NL0 28,2,0.0,48541.96583407945,48541.96583407938
59,NL0 3 0 solar,legacy,NL0 3,1,0.0,59329.06935279719,59329.069352797116
59,NL0 30 0 solar,legacy,NL0 30,1,0.0,59329.06935279719,59329.069352797116
59,NL0 31 0 solar,legacy,NL0 31,2,0.0,48541.96583407945,48541.96583407938
59,NL0 4 0 solar,legacy,NL0 4,2,0.0,48541.96583407945,48541.96583407938
59,NL0 5 0 solar,legacy,NL0 5,3,0.0,53935.51759343677,53935.5175934367
59,NL0 6 0 solar,legacy,NL0 6,3,0.0,53935.51759343677,53935.5175934367
59,NL0 7 0 solar,legacy,NL0 7,3,0.0,53935.51759343677,53935.5175934367
59,NL0 8 0 solar,legacy,NL0 8,1,0.0,59329.06935279719,59329.069352797116
59,NL0 9 0 solar,legacy,NL0 9,3,0.0,53935.51759343677,53935.5175934367
59,NL0 20 0 offwind-ac,legacy,NL0 20,1,0.0,59329.06935279719,59329.069352797116
59,NL0 27 0 offwind-ac,legacy,NL0 27,1,0.0,59329.06935279719,59329.069352797116
59,NL0 31 0 offwind-ac,legacy,NL0 31,2,0.0,48541.96583407945,48541.96583407938
59,NL0 32 0 offwind-ac,legacy,NL0 32,1,0.0,59329.06935279719,59329.069352797116
59,NL0 7 0 offwind-ac,legacy,NL0 7,3,0.0,53935.51759343677,53935.5175934367
59,NL0 0 0 onwind,legacy,NL0 0,1,0.0,59329.06935279719,59329.069352797116
59,NL0 1 0 onwind,legacy,NL0 1,3,0.0,53935.51759343677,53935.5175934367
59,NL0 10 0 onwind,legacy,NL0 10,1,0.0,59329.06935279719,59329.069352797116
59,NL0 11 0 onwind,legacy,NL0 11,3,0.0,53935.51759343677,53935.5175934367
59,NL0 12 0 onwind,legacy,NL0 12,2,0.0,48541.96583407945,48541.96583407938
59,NL0 13 0 onwind,legacy,NL0 13,3,0.0,53935.51759343677,53935.5175934367
59,NL0 14 0 onwind,legacy,NL0 14,2,0.0,48541.96583407945,48541.96583407938
59,NL0 15 0 onwind,legacy,NL0 15,2,0.0,48541.96583407945,48541.96583407938
59,NL0 17 0 onwind,legacy,NL0 17,1,0.0,59329.06935279719,59329.069352797116
59,NL0 19 0 onwind,legacy,NL0 19,2,0.0,48541.96583407945,48541.96583407938
59,NL0 2 0 onwind,legacy,NL0 2,2,0.0,48541.96583407945,48541.96583407938
59,NL0 20 0 onwind,legacy,NL0 20,1,0.0,59329.06935279719,59329.069352797116
59,NL0 21 0 onwind,legacy,NL0 21,1,0.0,59329.06935279719,59329.069352797116
59,NL0 22 0 onwind,legacy,NL0 22,3,0.0,53935.51759343677,53935.5175934367
59,NL0 23 0 onwind,legacy,NL0 23,1,0.0,59329.06935279719,59329.069352797116
59,NL0 24 0 onwind,legacy,NL0 24,1,0.0,59329.06935279719,59329.069352797116
59,NL0 27 0 onwind,legacy,NL0 27,1,0.0,59329.06935279719,59329.069352797116
59,NL0 3 0 onwind,legacy,NL0 3,1,0.0,59329.06935279719,59329.069352797116
59,NL0 30 0 onwind,legacy,NL0 30,1,0.0,59329.06935279719,59329.069352797116
59,NL0 31 0 onwind,legacy,NL0 31,2,0.0,48541.96583407945,48541.96583407938
59,NL0 4 0 onwind,legacy,NL0 4,2,0.0,48541.96583407945,48541.96583407938
59,NL0 5 0 onwind,legacy,NL0 5,3,0.0,53935.51759343677,53935.5175934367
59,NL0 6 0 onwind,legacy,NL0 6,3,0.0,53935.51759343677,53935.5175934367
59,NL0 7 0 onwind,legacy,NL0 7,3,0.0,53935.51759343677,53935.5175934367
59,NL0 8 0 onwind,legacy,NL0 8,1,0.0,59329.06935279719,59329.069352797116
59,NL0 9 0 onwind,legacy,NL0 9,3,0.0,53935.51759343677,53935.5175934367
60,NL0 0 Invest,investable,NL0 0,1,205.07674172094463,59329.06935279719,59329.06935292875
60,NL0 1 Invest,investable,NL0 1,3,354.4956826539234,53935.51759343677,53935.51759357159
60,NL0 10 Invest,investable,NL0 10,1,193.15249932666495,59329.06935279719,59329.06935292875
60,NL0 11 Invest,investable,NL0 11,3,415.5278786054545,53935.51759343677,53935.51759357159
60,NL0 12 Invest,investable,NL0 12,2,622.5962928958626,48541.96583407945,48541.96583421443
60,NL0 13 Invest,investable,NL0 13,3,540.7993871456376,53935.51759343677,53935.51759357159
60,NL0 14 Invest,investable,NL0 14,2,412.55498475871616,48541.96583407945,48541.96583421443
60,NL0 15 Invest,investable,NL0 15,2,514.4514265229757,48541.96583407945,48541.96583421443
60,NL0 16 Invest,investable,NL0 16,1,218.65827766939907,59329.06935279719,59329.06935292875
60,NL0 17 Invest,investable,NL0 17,1,230.37879312582947,59329.06935279719,59329.06935292875
60,NL0 18 Invest,investable,NL0 18,1,197.65694362983865,59329.06935279719,59329.06935292875
60,NL0 19 Invest,investable,NL0 19,2,360.54619682907276,48541.96583407945,48541.96583421443
60,NL0 2 Invest,investable,NL0 2,2,490.33504091332634,48541.96583407945,48541.96583421443
60,NL0 20 Invest,investable,NL0 20,1,218.93850665071773,59329.06935279719,59329.06935292875
60,NL0 21 Invest,investable,NL0 21,1,193.1218984796527,59329.06935279719,59329.06935292875
60,NL0 22 Invest,investable,NL0 22,3,1000.0,53935.51759343677,53935.51759357159
60,NL0 23 Invest,investable,NL0 23,1,218.13654232406518,59329.06935279719,59329.06935292875
60,NL0 24 Invest,investable,NL0 24,1,219.10003396486277,59329.06935279719,59329.06935292875
60,NL0 25 Invest,investable,NL0 25,2,788.3460847288103,48541.96583407945,48541.96583421443
60,NL0 26 Invest,investable,NL0 26,2,588.8990017778783,48541.96583407945,48541.96583421443
60,NL0 27 Invest,investable,NL0 27,1,227.02200892751398,59329.06935279719,59329.06935292875
60,NL0 28 Invest,investable,NL0 28,2,854.5406756371069,48541.96583407945,48541.96583421443
60,NL0 3 Invest,investable,NL0 3,1,214.24025288395922,59329.06935279719,59329.06935292875
60,NL0 30 Invest,investable,NL0 30,1,225.54870333935457,59329.06935279719,59329.06935292875
60,NL0 31 Invest,investable,NL0 31,2,704.4936583617039,48541.96583407945,48541.96583421443
60,NL0 33 Invest,investable,NL0 33,1,241.93582727768933,59329.06935279719,59329.06935292875
60,NL0 4 Invest,investable,NL0 4,2,650.5614407588939,48541.96583407945,48541.96583421443
60,NL0 5 Invest,investable,NL0 5,3,1000.0,53935.51759343677,53935.51759357159
60,NL0 6 Invest,investable,NL0 6,3,823.7476283671675,53935.51759343677,53935.51759357159
60,NL0 7 Invest,investable,NL0 7,3,656.6642962898176,53935.51759343677,53935.51759357159
60,NL0 8 Invest,investable,NL0 8,1,232.56418854926454,59329.06935279719,59329.06935292875
60,NL0 9 Invest,investable,NL0 9,3,886.8698810970494,53935.51759343677,53935.51759357159
60,NL0 1 biomass,legacy,NL0 1,3,71.0,53935.51759343677,53935.51759343677
60,NL0 1 waste,legacy,NL0 1,3,31.0,53935.51759343677,53935.51759343677
60,NL0 10 waste,legacy,NL0 10,1,150.0,59329.06935279719,59329.06935279719
60,NL0 11 biomass,legacy,NL0 11,3,20.0,53935.51759343677,53935.51759343677
60,NL0 11 waste,legacy,NL0 11,3,50.0,53935.51759343677,53935.51759343677
60,NL0 13 biomass,legacy,NL0 13,3,77.0,53935.51759343677,53935.51759343677
60,NL0 19 biomass,legacy,NL0 19,2,49.0,48541.96583407945,48541.96583407945
60,NL0 19 waste,legacy,NL0 19,2,36.0,48541.96583407945,48541.96583407945
60,NL0 22 biomass,legacy,NL0 22,3,500.0,53935.51759343677,53935.51759343677
60,NL0 25 waste,legacy,NL0 25,2,54.0,48541.96583407945,48541.96583407945
60,NL0 27 biomass,legacy,NL0 27,1,22.0,59329.06935279719,59329.06935279719
60,NL0 27 waste,legacy,NL0 27,1,71.2,59329.06935279719,59329.06935279719
60,NL0 3 biomass,legacy,NL0 3,1,22.0,59329.06935279719,59329.06935279719
60,NL0 3 waste,legacy,NL0 3,1,108.0,59329.06935279719,59329.06935279719
60,NL0 30 biomass,legacy,NL0 30,1,60.0,59329.06935279719,59329.06935279719
60,NL0 7 nuclear,legacy,NL0 7,3,515.0,53935.51759343677,53935.51759343677
60,NL0 7 waste,legacy,NL0 7,3,39.0,53935.51759343677,53935.51759343677
60,NL0 8 biomass,legacy,NL0 8,1,36.0,59329.06935279719,59329.06935279719
60,NL0 8 waste,legacy,NL0 8,1,157.0,59329.06935279719,59329.06935279719
60,NL0 9 biomass,legacy,NL0 9,3,20.0,53935.51759343677,53935.51759343677
60,NL0 0 0 solar,legacy,NL0 0,1,0.0,59329.06935279719,59329.069352797116
60,NL0 1 0 solar,legacy,NL0 1,3,0.0,53935.51759343677,53935.5175934367
60,NL0 10 0 solar,legacy,NL0 10,1,0.0,59329.06935279719,59329.069352797116
60,NL0 11 0 solar,legacy,NL0 11,3,0.0,53935.51759343677,53935.5175934367
60,NL0 12 0 solar,legacy,NL0 12,2,0.0,48541.96583407945,48541.96583407938
60,NL0 13 0 solar,legacy,NL0 13,3,0.0,53935.51759343677,53935.5175934367
60,NL0 14 0 solar,legacy,NL0 14,2,0.0,48541.96583407945,48541.96583407938
60,NL0 15 0 solar,legacy,NL0 15,2,0.0,48541.96583407945,48541.96583407938
60,NL0 16 0 solar,legacy,NL0 16,1,0.0,59329.06935279719,59329.069352797116
60,NL0 17 0 solar,legacy,NL0 17,1,0.0,59329.06935279719,59329.069352797116
60,NL0 18 0 solar,legacy,NL0 18,1,0.0,59329.06935279719,59329.069352797116
60,NL0 19 0 solar,legacy,NL0 19,2,0.0,48541.96583407945,48541.96583407938
60,NL0 2 0 solar,legacy,NL0 2,2,0.0,48541.96583407945,48541.96583407938
60,NL0 20 0 solar,legacy,NL0 20,1,0.0,59329.06935279719,59329.069352797116
60,NL0 21 0 solar,legacy,NL0 21,1,0.0,59329.06935279719,59329.069352797116
60,NL0 22 0 solar,legacy,NL0 22,3,0.0,53935.51759343677,53935.5175934367
60,NL0 23 0 solar,legacy,NL0 23,1,0.0,59329.06935279719,59329.069352797116
60,NL0 24 0 solar,legacy,NL0 24,1,0.0,59329.06935279719,59329.069352797116
60,NL0 25 0 solar,legacy,NL0 25,2,0.0,48541.96583407945,48541.96583407938
60,NL0 26 0 solar,legacy,NL0 26,2,0.0,48541.96583407945,48541.96583407938
60,NL0 27 0 solar,legacy,NL0 27,1,0.0,59329.06935279719,59329.069352797116
60,NL0 28 0 solar,legacy,NL0 28,2,0.0,48541.96583407945,48541.96583407938
60,NL0 3 0 solar,legacy,NL0 3,1,0.0,59329.06935279719,59329.069352797116
60,NL0 30 0 solar,legacy,NL0 30,1,0.0,59329.06935279719,59329.069352797116
60,NL0 31 0 solar,legacy,NL0 31,2,0.0,48541.96583407945,48541.96583407938
60,NL0 4 0 solar,legacy,NL0 4,2,0.0,48541.96583407945,48541.96583407938
60,NL0 5 0 solar,legacy,NL0 5,3,0.0,53935.51759343677,53935.5175934367
60,NL0 6 0 solar,legacy,NL0 6,3,0.0,53935.51759343677,53935.5175934367
60,NL0 7 0 solar,legacy,NL0 7,3,0.0,53935.51759343677,53935.5175934367
60,NL0 8 0 solar,legacy,NL0 8,1,0.0,59329.06935279719,59329.069352797116
60,NL0 9 0 solar,legacy,NL0 9,3,0.0,53935.51759343677,53935.5175934367
60,NL0 20 0 offwind-ac,legacy,NL0 20,1,0.0,59329.06935279719,59329.069352797116
60,NL0 27 0 offwind-ac,legacy,NL0 27,1,0.0,59329.06935279719,59329.069352797116
60,NL0 31 0 offwind-ac,legacy,NL0 31,2,0.0,48541.96583407945,48541.96583407938
60,NL0 32 0 offwind-ac,legacy,NL0 32,1,0.0,59329.06935279719,59329.069352797116
60,NL0 7 0 offwind-ac,legacy,NL0 7,3,0.0,53935.51759343677,53935.5175934367
60,NL0 0 0 onwind,legacy,NL0 0,1,0.0,59329.06935279719,59329.069352797116
60,NL0 1 0 onwind,legacy,NL0 1,3,0.0,53935.51759343677,53935.5175934367
60,NL0 10 0 onwind,legacy,NL0 10,1,0.0,59329.06935279719,59329.069352797116
60,NL0 11 0 onwind,legacy,NL0 11,3,0.0,53935.51759343677,53935.5175934367
60,NL0 12 0 onwind,legacy,NL0 12,2,0.0,48541.96583407945,48541.96583407938
60,NL0 13 0 onwind,legacy,NL0 13,3,0.0,53935.51759343677,53935.5175934367
60,NL0 14 0 onwind,legacy,NL0 14,2,0.0,48541.96583407945,48541.96583407938
60,NL0 15 0 onwind,legacy,NL0 15,2,0.0,48541.96583407945,48541.96583407938
60,NL0 17 0 onwind,legacy,NL0 17,1,0.0,59329.06935279719,59329.069352797116
60,NL0 19 0 onwind,legacy,NL0 19,2,0.0,48541.96583407945,48541.96583407938
60,NL0 2 0 onwind,legacy,NL0 2,2,0.0,48541.96583407945,48541.96583407938
60,NL0 20 0 onwind,legacy,NL0 20,1,0.0,59329.06935279719,59329.069352797116
60,NL0 21 0 onwind,legacy,NL0 21,1,0.0,59329.06935279719,59329.069352797116
60,NL0 22 0 onwind,legacy,NL0 22,3,0.0,53935.51759343677,53935.5175934367
60,NL0 23 0 onwind,legacy,NL0 23,1,0.0,59329.06935279719,59329.069352797116
60,NL0 24 0 onwind,legacy,NL0 24,1,0.0,59329.06935279719,59329.069352797116
60,NL0 27 0 onwind,legacy,NL0 27,1,0.0,59329.06935279719,59329.069352797116
60,NL0 3 0 onwind,legacy,NL0 3,1,0.0,59329.06935279719,59329.069352797116
60,NL0 30 0 onwind,legacy,NL0 30,1,0.0,59329.06935279719,59329.069352797116
60,NL0 31 0 onwind,legacy,NL0 31,2,0.0,48541.96583407945,48541.96583407938
60,NL0 4 0 onwind,legacy,NL0 4,2,0.0,48541.96583407945,48541.96583407938
60,NL0 5 0 onwind,legacy,NL0 5,3,0.0,53935.51759343677,53935.5175934367
60,NL0 6 0 onwind,legacy,NL0 6,3,0.0,53935.51759343677,53935.5175934367
60,NL0 7 0 onwind,legacy,NL0 7,3,0.0,53935.51759343677,53935.5175934367
60,NL0 8 0 onwind,legacy,NL0 8,1,0.0,59329.06935279719,59329.069352797116
60,NL0 9 0 onwind,legacy,NL0 9,3,0.0,53935.51759343677,53935.5175934367
61,NL0 0 Invest,investable,NL0 0,1,0.0,59329.06935279719,59329.06935292875
61,NL0 1 Invest,investable,NL0 1,3,1000.0,53935.51759343677,53935.51759357159
61,NL0 10 Invest,investable,NL0 10,1,0.0,59329.06935279719,59329.06935292875
61,NL0 11 Invest,investable,NL0 11,3,1000.0,53935.51759343677,53935.51759357159
61,NL0 12 Invest,investable,NL0 12,2,1000.0,48541.96583407945,48541.96583421443
61,NL0 13 Invest,investable,NL0 13,3,1000.0,53935.51759343677,53935.51759357159
61,NL0 14 Invest,investable,NL0 14,2,1000.0,48541.96583407945,48541.96583421443
61,NL0 15 Invest,investable,NL0 15,2,0.0,48541.96583407945,48541.96583421443
61,NL0 16 Invest,investable,NL0 16,1,0.0,59329.06935279719,59329.06935292875
61,NL0 17 Invest,investable,NL0 17,1,0.0,59329.06935279719,59329.06935292875
61,NL0 18 Invest,investable,NL0 18,1,0.0,59329.06935279719,59329.06935292875
61,NL0 19 Invest,investable,NL0 19,2,0.0,48541.96583407945,48541.96583421443
61,NL0 2 Invest,investable,NL0 2,2,0.0,48541.96583407945,48541.96583421443
61,NL0 20 Invest,investable,NL0 20,1,0.0,59329.06935279719,59329.06935292875
61,NL0 21 Invest,investable,NL0 21,1,0.0,59329.06935279719,59329.06935292875
61,NL0 22 Invest,investable,NL0 22,3,0.0,53935.51759343677,53935.51759357159
61,NL0 23 Invest,investable,NL0 23,1,1000.0,59329.06935279719,59329.06935292875
61,NL0 24 Invest,investable,NL0 24,1,0.0,59329.06935279719,59329.06935292875
61,NL0 25 Invest,investable,NL0 25,2,0.0,48541.96583407945,48541.96583421443
61,NL0 26 Invest,investable,NL0 26,2,1000.0,48541.96583407945,48541.96583421443
61,NL0 27 Invest,investable,NL0 27,1,0.0,59329.06935279719,59329.06935292875
61,NL0 28 Invest,investable,NL0 28,2,1000.0,48541.96583407945,48541.96583421443
61,NL0 3 Invest,investable,NL0 3,1,1000.0,59329.06935279719,59329.06935292875
61,NL0 30 Invest,investable,NL0 30,1,35.5312178697568,59329.06935279719,59329.06935292875
61,NL0 31 Invest,investable,NL0 31,2,987.3248031843468,48541.96583407945,48541.96583421443
61,NL0 33 Invest,investable,NL0 33,1,1000.0,59329.06935279719,59329.06935292875
61,NL0 4 Invest,investable,NL0 4,2,1000.0,48541.96583407945,48541.96583421443
61,NL0 5 Invest,investable,NL0 5,3,678.1047541590506,53935.51759343677,53935.51759357159
61,NL0 6 Invest,investable,NL0 6,3,1000.0,53935.51759343677,53935.51759357159
61,NL0 7 Invest,investable,NL0 7,3,0.0,53935.51759343677,53935.51759357159
61,NL0 8 Invest,investable,NL0 8,1,0.0,59329.06935279719,59329.06935292875
61,NL0 9 Invest,investable,NL0 9,3,1000.0,53935.51759343677,53935.51759357159
61,NL0 1 biomass,legacy,NL0 1,3,71.0,53935.51759343677,53935.51759343677
61,NL0 1 waste,legacy,NL0 1,3,31.0,53935.51759343677,53935.51759343677
61,NL0 10 waste,legacy,NL0 10,1,150.0,59329.06935279719,59329.06935279719
61,NL0 11 biomass,legacy,NL0 11,3,20.0,53935.51759343677,53935.51759343677
61,NL0 11 waste,legacy,NL0 11,3,50.0,53935.51759343677,53935.51759343677
61,NL0 13 biomass,legacy,NL0 13,3,77.0,53935.51759343677,53935.51759343677
61,NL0 19 biomass,legacy,NL0 19,2,49.0,48541.96583407945,48541.96583407945
61,NL0 19 waste,legacy,NL0 19,2,36.0,48541.96583407945,48541.96583407945
61,NL0 22 biomass,legacy,NL0 22,3,500.0,53935.51759343677,53935.51759343677
61,NL0 25 waste,legacy,NL0 25,2,54.0,48541.96583407945,48541.96583407945
61,NL0 27 biomass,legacy,NL0 27,1,22.0,59329.06935279719,59329.06935279719
61,NL0 27 waste,legacy,NL0 27,1,71.2,59329.06935279719,59329.06935279719
61,NL0 3 biomass,legacy,NL0 3,1,22.0,59329.06935279719,59329.06935279719
61,NL0 3 waste,legacy,NL0 3,1,108.0,59329.06935279719,59329.06935279719
61,NL0 30 biomass,legacy,NL0 30,1,60.0,59329.06935279719,59329.06935279719
61,NL0 7 nuclear,legacy,NL0 7,3,515.0,53935.51759343677,53935.51759343677
61,NL0 7 waste,legacy,NL0 7,3,39.0,53935.51759343677,53935.51759343677
61,NL0 8 biomass,legacy,NL0 8,1,36.0,59329.06935279719,59329.06935279719
61,NL0 8 waste,legacy,NL0 8,1,157.0,59329.06935279719,59329.06935279719
61,NL0 9 biomass,legacy,NL0 9,3,20.0,53935.51759343677,53935.51759343677
61,NL0 0 0 solar,legacy,NL0 0,1,0.0,59329.06935279719,59329.069352797116
61,NL0 1 0 solar,legacy,NL0 1,3,0.0,53935.51759343677,53935.5175934367
61,NL0 10 0 solar,legacy,NL0 10,1,0.0,59329.06935279719,59329.069352797116
61,NL0 11 0 solar,legacy,NL0 11,3,0.0,53935.51759343677,53935.5175934367
61,NL0 12 0 solar,legacy,NL0 12,2,0.0,48541.96583407945,48541.96583407938
61,NL0 13 0 solar,legacy,NL0 13,3,0.0,53935.51759343677,53935.5175934367
61,NL0 14 0 solar,legacy,NL0 14,2,0.0,48541.96583407945,48541.96583407938
61,NL0 15 0 solar,legacy,NL0 15,2,0.0,48541.96583407945,48541.96583407938
61,NL0 16 0 solar,legacy,NL0 16,1,0.0,59329.06935279719,59329.069352797116
61,NL0 17 0 solar,legacy,NL0 17,1,0.0,59329.06935279719,59329.069352797116
61,NL0 18 0 solar,legacy,NL0 18,1,0.0,59329.06935279719,59329.069352797116
61,NL0 19 0 solar,legacy,NL0 19,2,0.0,48541.96583407945,48541.96583407938
61,NL0 2 0 solar,legacy,NL0 2,2,0.0,48541.96583407945,48541.96583407938
61,NL0 20 0 solar,legacy,NL0 20,1,0.0,59329.06935279719,59329.069352797116
61,NL0 21 0 solar,legacy,NL0 21,1,0.0,59329.06935279719,59329.069352797116
61,NL0 22 0 solar,legacy,NL0 22,3,0.0,53935.51759343677,53935.5175934367
61,NL0 23 0 solar,legacy,NL0 23,1,0.0,59329.06935279719,59329.069352797116
61,NL0 24 0 solar,legacy,NL0 24,1,0.0,59329.06935279719,59329.069352797116
61,NL0 25 0 solar,legacy,NL0 25,2,0.0,48541.96583407945,48541.96583407938
61,NL0 26 0 solar,legacy,NL0 26,2,0.0,48541.96583407945,48541.96583407938
61,NL0 27 0 solar,legacy,NL0 27,1,0.0,59329.06935279719,59329.069352797116
61,NL0 28 0 solar,legacy,NL0 28,2,0.0,48541.96583407945,48541.96583407938
61,NL0 3 0 solar,legacy,NL0 3,1,0.0,59329.06935279719,59329.069352797116
61,NL0 30 0 solar,legacy,NL0 30,1,0.0,59329.06935279719,59329.069352797116
61,NL0 31 0 solar,legacy,NL0 31,2,0.0,48541.96583407945,48541.96583407938
61,NL0 4 0 solar,legacy,NL0 4,2,0.0,48541.96583407945,48541.96583407938
61,NL0 5 0 solar,legacy,NL0 5,3,0.0,53935.51759343677,53935.5175934367
61,NL0 6 0 solar,legacy,NL0 6,3,0.0,53935.51759343677,53935.5175934367
61,NL0 7 0 solar,legacy,NL0 7,3,0.0,53935.51759343677,53935.5175934367
61,NL0 8 0 solar,legacy,NL0 8,1,0.0,59329.06935279719,59329.069352797116
61,NL0 9 0 solar,legacy,NL0 9,3,0.0,53935.51759343677,53935.5175934367
61,NL0 20 0 offwind-ac,legacy,NL0 20,1,0.0,59329.06935279719,59329.069352797116
61,NL0 27 0 offwind-ac,legacy,NL0 27,1,0.0,59329.06935279719,59329.069352797116
61,NL0 31 0 offwind-ac,legacy,NL0 31,2,0.0,48541.96583407945,48541.96583407938
61,NL0 32 0 offwind-ac,legacy,NL0 32,1,0.0,59329.06935279719,59329.069352797116
61,NL0 7 0 offwind-ac,legacy,NL0 7,3,0.0,53935.51759343677,53935.5175934367
61,NL0 0 0 onwind,legacy,NL0 0,1,0.0,59329.06935279719,59329.069352797116
61,NL0 1 0 onwind,legacy,NL0 1,3,0.0,53935.51759343677,53935.5175934367
61,NL0 10 0 onwind,legacy,NL0 10,1,0.0,59329.06935279719,59329.069352797116
61,NL0 11 0 onwind,legacy,NL0 11,3,0.0,53935.51759343677,53935.5175934367
61,NL0 12 0 onwind,legacy,NL0 12,2,0.0,48541.96583407945,48541.96583407938
61,NL0 13 0 onwind,legacy,NL0 13,3,0.0,53935.51759343677,53935.5175934367
61,NL0 14 0 onwind,legacy,NL0 14,2,0.0,48541.96583407945,48541.96583407938
61,NL0 15 0 onwind,legacy,NL0 15,2,0.0,48541.96583407945,48541.96583407938
61,NL0 17 0 onwind,legacy,NL0 17,1,0.0,59329.06935279719,59329.069352797116
61,NL0 19 0 onwind,legacy,NL0 19,2,0.0,48541.96583407945,48541.96583407938
61,NL0 2 0 onwind,legacy,NL0 2,2,0.0,48541.96583407945,48541.96583407938
61,NL0 20 0 onwind,legacy,NL0 20,1,0.0,59329.06935279719,59329.069352797116
61,NL0 21 0 onwind,legacy,NL0 21,1,0.0,59329.06935279719,59329.069352797116
61,NL0 22 0 onwind,legacy,NL0 22,3,0.0,53935.51759343677,53935.5175934367
61,NL0 23 0 onwind,legacy,NL0 23,1,0.0,59329.06935279719,59329.069352797116
61,NL0 24 0 onwind,legacy,NL0 24,1,0.0,59329.06935279719,59329.069352797116
61,NL0 27 0 onwind,legacy,NL0 27,1,0.0,59329.06935279719,59329.069352797116
61,NL0 3 0 onwind,legacy,NL0 3,1,0.0,59329.06935279719,59329.069352797116
61,NL0 30 0 onwind,legacy,NL0 30,1,0.0,59329.06935279719,59329.069352797116
61,NL0 31 0 onwind,legacy,NL0 31,2,0.0,48541.96583407945,48541.96583407938
61,NL0 4 0 onwind,legacy,NL0 4,2,0.0,48541.96583407945,48541.96583407938
61,NL0 5 0 onwind,legacy,NL0 5,3,0.0,53935.51759343677,53935.5175934367
61,NL0 6 0 onwind,legacy,NL0 6,3,0.0,53935.51759343677,53935.5175934367
61,NL0 7 0 onwind,legacy,NL0 7,3,0.0,53935.51759343677,53935.5175934367
61,NL0 8 0 onwind,legacy,NL0 8,1,0.0,59329.06935279719,59329.069352797116
61,NL0 9 0 onwind,legacy,NL0 9,3,0.0,53935.51759343677,53935.5175934367
62,NL0 0 Invest,investable,NL0 0,1,1000.0,59329.06935279719,59329.06935292875
62,NL0 1 Invest,investable,NL0 1,3,0.0,53935.51759343677,53935.51759357159
62,NL0 10 Invest,investable,NL0 10,1,0.0,59329.06935279719,59329.06935292875
62,NL0 11 Invest,investable,NL0 11,3,0.0,53935.51759343677,53935.51759357159
62,NL0 12 Invest,investable,NL0 12,2,987.3248031843468,48541.96583407945,48541.96583421443
62,NL0 13 Invest,investable,NL0 13,3,678.1047541590506,53935.51759343677,53935.51759357159
62,NL0 14 Invest,investable,NL0 14,2,0.0,48541.96583407945,48541.96583421443
62,NL0 15 Invest,investable,NL0 15,2,1000.0,48541.96583407945,48541.96583421443
62,NL0 16 Invest,investable,NL0 16,1,1000.0,59329.06935279719,59329.06935292875
62,NL0 17 Invest,investable,NL0 17,1,0.0,59329.06935279719,59329.06935292875
62,NL0 18 Invest,investable,NL0 18,1,0.0,59329.06935279719,59329.06935292875
62,NL0 19 Invest,investable,NL0 19,2,1000.0,48541.96583407945,48541.96583421443
62,NL0 2 Invest,investable,NL0 2,2,1000.0,48541.96583407945,48541.96583421443
62,NL0 20 Invest,investable,NL0 20,1,35.5312178697568,59329.06935279719,59329.06935292875
62,NL0 21 Invest,investable,NL0 21,1,0.0,59329.06935279719,59329.06935292875
62,NL0 22 Invest,investable,NL0 22,3,1000.0,53935.51759343677,53935.51759357159
62,NL0 23 Invest,investable,NL0 23,1,0.0,59329.06935279719,59329.06935292875
62,NL0 24 Invest,investable,NL0 24,1,0.0,59329.06935279719,59329.06935292875
62,NL0 25 Invest,investable,NL0 25,2,1000.0,48541.96583407945,48541.96583421443
62,NL0 26 Invest,investable,NL0 26,2,0.0,48541.96583407945,48541.96583421443
62,NL0 27 Invest,investable,NL0 27,1,0.0,59329.06935279719,59329.06935292875
62,NL0 28 Invest,investable,NL0 28,2,0.0,48541.96583407945,48541.96583421443
62,NL0 3 Invest,investable,NL0 3,1,0.0,59329.06935279719,59329.06935292875
62,NL0 30 Invest,investable,NL0 30,1,0.0,59329.06935279719,59329.06935292875
62,NL0 31 Invest,investable,NL0 31,2,1000.0,48541.96583407945,48541.96583421443
62,NL0 33 Invest,investable,NL0 33,1,0.0,59329.06935279719,59329.06935292875
62,NL0 4 Invest,investable,NL0 4,2,0.0,48541.96583407945,48541.96583421443
62,NL0 5 Invest,investable,NL0 5,3,1000.0,53935.51759343677,53935.51759357159
62,NL0 6 Invest,investable,NL0 6,3,1000.0,53935.51759343677,53935.51759357159
62,NL0 7 Invest,investable,NL0 7,3,1000.0,53935.51759343677,53935.51759357159
62,NL0 8 Invest,investable,NL0 8,1,1000.0,59329.06935279719,59329.06935292875
62,NL0 9 Invest,investable,NL0 9,3,1000.0,53935.51759343677,53935.51759357159
62,NL0 1 biomass,legacy,NL0 1,3,71.0,53935.51759343677,53935.51759343677
62,NL0 1 waste,legacy,NL0 1,3,31.0,53935.51759343677,53935.51759343677
62,NL0 10 waste,legacy,NL0 10,1,150.0,59329.06935279719,59329.06935279719
62,NL0 11 biomass,legacy,NL0 11,3,20.0,53935.51759343677,53935.51759343677
62,NL0 11 waste,legacy,NL0 11,3,50.0,53935.51759343677,53935.51759343677
62,NL0 13 biomass,legacy,NL0 13,3,77.0,53935.51759343677,53935.51759343677
62,NL0 19 biomass,legacy,NL0 19,2,49.0,48541.96583407945,48541.96583407945
62,NL0 19 waste,legacy,NL0 19,2,36.0,48541.96583407945,48541.96583407945
62,NL0 22 biomass,legacy,NL0 22,3,500.0,53935.51759343677,53935.51759343677
62,NL0 25 waste,legacy,NL0 25,2,54.0,48541.96583407945,48541.96583407945
62,NL0 27 biomass,legacy,NL0 27,1,22.0,59329.06935279719,59329.06935279719
62,NL0 27 waste,legacy,NL0 27,1,71.2,59329.06935279719,59329.06935279719
62,NL0 3 biomass,legacy,NL0 3,1,22.0,59329.06935279719,59329.06935279719
62,NL0 3 waste,legacy,NL0 3,1,108.0,59329.06935279719,59329.06935279719
62,NL0 30 biomass,legacy,NL0 30,1,60.0,59329.06935279719,59329.06935279719
62,NL0 7 nuclear,legacy,NL0 7,3,515.0,53935.51759343677,53935.51759343677
62,NL0 7 waste,legacy,NL0 7,3,39.0,53935.51759343677,53935.51759343677
62,NL0 8 biomass,legacy,NL0 8,1,36.0,59329.06935279719,59329.06935279719
62,NL0 8 waste,legacy,NL0 8,1,157.0,59329.06935279719,59329.06935279719
62,NL0 9 biomass,legacy,NL0 9,3,20.0,53935.51759343677,53935.51759343677
62,NL0 0 0 solar,legacy,NL0 0,1,0.0,59329.06935279719,59329.069352797116
62,NL0 1 0 solar,legacy,NL0 1,3,0.0,53935.51759343677,53935.5175934367
62,NL0 10 0 solar,legacy,NL0 10,1,0.0,59329.06935279719,59329.069352797116
62,NL0 11 0 solar,legacy,NL0 11,3,0.0,53935.51759343677,53935.5175934367
62,NL0 12 0 solar,legacy,NL0 12,2,0.0,48541.96583407945,48541.96583407938
62,NL0 13 0 solar,legacy,NL0 13,3,0.0,53935.51759343677,53935.5175934367
62,NL0 14 0 solar,legacy,NL0 14,2,0.0,48541.96583407945,48541.96583407938
62,NL0 15 0 solar,legacy,NL0 15,2,0.0,48541.96583407945,48541.96583407938
62,NL0 16 0 solar,legacy,NL0 16,1,0.0,59329.06935279719,59329.069352797116
62,NL0 17 0 solar,legacy,NL0 17,1,0.0,59329.06935279719,59329.069352797116
62,NL0 18 0 solar,legacy,NL0 18,1,0.0,59329.06935279719,59329.069352797116
62,NL0 19 0 solar,legacy,NL0 19,2,0.0,48541.96583407945,48541.96583407938
62,NL0 2 0 solar,legacy,NL0 2,2,0.0,48541.96583407945,48541.96583407938
62,NL0 20 0 solar,legacy,NL0 20,1,0.0,59329.06935279719,59329.069352797116
62,NL0 21 0 solar,legacy,NL0 21,1,0.0,59329.06935279719,59329.069352797116
62,NL0 22 0 solar,legacy,NL0 22,3,0.0,53935.51759343677,53935.5175934367
62,NL0 23 0 solar,legacy,NL0 23,1,0.0,59329.06935279719,59329.069352797116
62,NL0 24 0 solar,legacy,NL0 24,1,0.0,59329.06935279719,59329.069352797116
62,NL0 25 0 solar,legacy,NL0 25,2,0.0,48541.96583407945,48541.96583407938
62,NL0 26 0 solar,legacy,NL0 26,2,0.0,48541.96583407945,48541.96583407938
62,NL0 27 0 solar,legacy,NL0 27,1,0.0,59329.06935279719,59329.069352797116
62,NL0 28 0 solar,legacy,NL0 28,2,0.0,48541.96583407945,48541.96583407938
62,NL0 3 0 solar,legacy,NL0 3,1,0.0,59329.06935279719,59329.069352797116
62,NL0 30 0 solar,legacy,NL0 30,1,0.0,59329.06935279719,59329.069352797116
62,NL0 31 0 solar,legacy,NL0 31,2,0.0,48541.96583407945,48541.96583407938
62,NL0 4 0 solar,legacy,NL0 4,2,0.0,48541.96583407945,48541.96583407938
62,NL0 5 0 solar,legacy,NL0 5,3,0.0,53935.51759343677,53935.5175934367
62,NL0 6 0 solar,legacy,NL0 6,3,0.0,53935.51759343677,53935.5175934367
62,NL0 7 0 solar,legacy,NL0 7,3,0.0,53935.51759343677,53935.5175934367
62,NL0 8 0 solar,legacy,NL0 8,1,0.0,59329.06935279719,59329.069352797116
62,NL0 9 0 solar,legacy,NL0 9,3,0.0,53935.51759343677,53935.5175934367
62,NL0 20 0 offwind-ac,legacy,NL0 20,1,0.0,59329.06935279719,59329.069352797116
62,NL0 27 0 offwind-ac,legacy,NL0 27,1,0.0,59329.06935279719,59329.069352797116
62,NL0 31 0 offwind-ac,legacy,NL0 31,2,0.0,48541.96583407945,48541.96583407938
62,NL0 32 0 offwind-ac,legacy,NL0 32,1,0.0,59329.06935279719,59329.069352797116
62,NL0 7 0 offwind-ac,legacy,NL0 7,3,0.0,53935.51759343677,53935.5175934367
62,NL0 0 0 onwind,legacy,NL0 0,1,0.0,59329.06935279719,59329.069352797116
62,NL0 1 0 onwind,legacy,NL0 1,3,0.0,53935.51759343677,53935.5175934367
62,NL0 10 0 onwind,legacy,NL0 10,1,0.0,59329.06935279719,59329.069352797116
62,NL0 11 0 onwind,legacy,NL0 11,3,0.0,53935.51759343677,53935.5175934367
62,NL0 12 0 onwind,legacy,NL0 12,2,0.0,48541.96583407945,48541.96583407938
62,NL0 13 0 onwind,legacy,NL0 13,3,0.0,53935.51759343677,53935.5175934367
62,NL0 14 0 onwind,legacy,NL0 14,2,0.0,48541.96583407945,48541.96583407938
62,NL0 15 0 onwind,legacy,NL0 15,2,0.0,48541.96583407945,48541.96583407938
62,NL0 17 0 onwind,legacy,NL0 17,1,0.0,59329.06935279719,59329.069352797116
62,NL0 19 0 onwind,legacy,NL0 19,2,0.0,48541.96583407945,48541.96583407938
62,NL0 2 0 onwind,legacy,NL0 2,2,0.0,48541.96583407945,48541.96583407938
62,NL0 20 0 onwind,legacy,NL0 20,1,0.0,59329.06935279719,59329.069352797116
62,NL0 21 0 onwind,legacy,NL0 21,1,0.0,59329.06935279719,59329.069352797116
62,NL0 22 0 onwind,legacy,NL0 22,3,0.0,53935.51759343677,53935.5175934367
62,NL0 23 0 onwind,legacy,NL0 23,1,0.0,59329.06935279719,59329.069352797116
62,NL0 24 0 onwind,legacy,NL0 24,1,0.0,59329.06935279719,59329.069352797116
62,NL0 27 0 onwind,legacy,NL0 27,1,0.0,59329.06935279719,59329.069352797116
62,NL0 3 0 onwind,legacy,NL0 3,1,0.0,59329.06935279719,59329.069352797116
62,NL0 30 0 onwind,legacy,NL0 30,1,0.0,59329.06935279719,59329.069352797116
62,NL0 31 0 onwind,legacy,NL0 31,2,0.0,48541.96583407945,48541.96583407938
62,NL0 4 0 onwind,legacy,NL0 4,2,0.0,48541.96583407945,48541.96583407938
62,NL0 5 0 onwind,legacy,NL0 5,3,0.0,53935.51759343677,53935.5175934367
62,NL0 6 0 onwind,legacy,NL0 6,3,0.0,53935.51759343677,53935.5175934367
62,NL0 7 0 onwind,legacy,NL0 7,3,0.0,53935.51759343677,53935.5175934367
62,NL0 8 0 onwind,legacy,NL0 8,1,0.0,59329.06935279719,59329.069352797116
62,NL0 9 0 onwind,legacy,NL0 9,3,0.0,53935.51759343677,53935.5175934367
63,NL0 0 Invest,investable,NL0 0,1,205.07674172094463,59329.06935279719,59329.06935292875
63,NL0 1 Invest,investable,NL0 1,3,354.4956826539234,53935.51759343677,53935.51759357159
63,NL0 10 Invest,investable,NL0 10,1,193.15249932666495,59329.06935279719,59329.06935292875
63,NL0 11 Invest,investable,NL0 11,3,415.5278786054545,53935.51759343677,53935.51759357159
63,NL0 12 Invest,investable,NL0 12,2,622.5962928958626,48541.96583407945,48541.96583421443
63,NL0 13 Invest,investable,NL0 13,3,540.7993871456376,53935.51759343677,53935.51759357159
63,NL0 14 Invest,investable,NL0 14,2,412.55498475871616,48541.96583407945,48541.96583421443
63,NL0 15 Invest,investable,NL0 15,2,514.4514265229757,48541.96583407945,48541.96583421443
63,NL0 16 Invest,investable,NL0 16,1,218.65827766939907,59329.06935279719,59329.06935292875
63,NL0 17 Invest,investable,NL0 17,1,230.37879312582947,59329.06935279719,59329.06935292875
63,NL0 18 Invest,investable,NL0 18,1,197.65694362983865,59329.06935279719,59329.06935292875
63,NL0 19 Invest,investable,NL0 19,2,360.54619682907276,48541.96583407945,48541.96583421443
63,NL0 2 Invest,investable,NL0 2,2,490.33504091332634,48541.96583407945,48541.96583421443
63,NL0 20 Invest,investable,NL0 20,1,218.93850665071773,59329.06935279719,59329.06935292875
63,NL0 21 Invest,investable,NL0 21,1,193.1218984796527,59329.06935279719,59329.06935292875
63,NL0 22 Invest,investable,NL0 22,3,1000.0,53935.51759343677,53935.51759357159
63,NL0 23 Invest,investable,NL0 23,1,218.13654232406518,59329.06935279719,59329.06935292875
63,NL0 24 Invest,investable,NL0 24,1,219.10003396486277,59329.06935279719,59329.06935292875
63,NL0 25 Invest,investable,NL0 25,2,788.3460847288103,48541.96583407945,48541.96583421443
63,NL0 26 Invest,investable,NL0 26,2,588.8990017778783,48541.96583407945,48541.96583421443
63,NL0 27 Invest,investable,NL0 27,1,227.02200892751398,59329.06935279719,59329.06935292875
63,NL0 28 Invest,investable,NL0 28,2,854.5406756371069,48541.96583407945,48541.96583421443
63,NL0 3 Invest,investable,NL0 3,1,214.24025288395922,59329.06935279719,59329.06935292875
63,NL0 30 Invest,investable,NL0 30,1,225.54870333935457,59329.06935279719,59329.06935292875
63,NL0 31 Invest,investable,NL0 31,2,704.4936583617039,48541.96583407945,48541.96583421443
63,NL0 33 Invest,investable,NL0 33,1,241.93582727768933,59329.06935279719,59329.06935292875
63,NL0 4 Invest,investable,NL0 4,2,650.5614407588939,48541.96583407945,48541.96583421443
63,NL0 5 Invest,investable,NL0 5,3,1000.0,53935.51759343677,53935.51759357159
63,NL0 6 Invest,investable,NL0 6,3,823.7476283671675,53935.51759343677,53935.51759357159
63,NL0 7 Invest,investable,NL0 7,3,656.6642962898176,53935.51759343677,53935.51759357159
63,NL0 8 Invest,investable,NL0 8,1,232.56418854926454,59329.06935279719,59329.06935292875
63,NL0 9 Invest,investable,NL0 9,3,886.8698810970494,53935.51759343677,53935.51759357159
63,NL0 1 biomass,legacy,NL0 1,3,71.0,53935.51759343677,53935.51759343677
63,NL0 1 waste,legacy,NL0 1,3,31.0,53935.51759343677,53935.51759343677
63,NL0 10 waste,legacy,NL0 10,1,150.0,59329.06935279719,59329.06935279719
63,NL0 11 biomass,legacy,NL0 11,3,20.0,53935.51759343677,53935.51759343677
63,NL0 11 waste,legacy,NL0 11,3,50.0,53935.51759343677,53935.51759343677
63,NL0 13 biomass,legacy,NL0 13,3,77.0,53935.51759343677,53935.51759343677
63,NL0 19 biomass,legacy,NL0 19,2,49.0,48541.96583407945,48541.96583407945
63,NL0 19 waste,legacy,NL0 19,2,36.0,48541.96583407945,48541.96583407945
63,NL0 22 biomass,legacy,NL0 22,3,500.0,53935.51759343677,53935.51759343677
63,NL0 25 waste,legacy,NL0 25,2,54.0,48541.96583407945,48541.96583407945
63,NL0 27 biomass,legacy,NL0 27,1,22.0,59329.06935279719,59329.06935279719
63,NL0 27 waste,legacy,NL0 27,1,71.2,59329.06935279719,59329.06935279719
63,NL0 3 biomass,legacy,NL0 3,1,22.0,59329.06935279719,59329.06935279719
63,NL0 3 waste,legacy,NL0 3,1,108.0,59329.06935279719,59329.06935279719
63,NL0 30 biomass,legacy,NL0 30,1,60.0,59329.06935279719,59329.06935279719
63,NL0 7 nuclear,legacy,NL0 7,3,515.0,53935.51759343677,53935.51759343677
63,NL0 7 waste,legacy,NL0 7,3,39.0,53935.51759343677,53935.51759343677
63,NL0 8 biomass,legacy,NL0 8,1,36.0,59329.06935279719,59329.06935279719
63,NL0 8 waste,legacy,NL0 8,1,157.0,59329.06935279719,59329.06935279719
63,NL0 9 biomass,legacy,NL0 9,3,20.0,53935.51759343677,53935.51759343677
63,NL0 0 0 solar,legacy,NL0 0,1,0.0,59329.06935279719,59329.069352797116
63,NL0 1 0 solar,legacy,NL0 1,3,0.0,53935.51759343677,53935.5175934367
63,NL0 10 0 solar,legacy,NL0 10,1,0.0,59329.06935279719,59329.069352797116
63,NL0 11 0 solar,legacy,NL0 11,3,0.0,53935.51759343677,53935.5175934367
63,NL0 12 0 solar,legacy,NL0 12,2,0.0,48541.96583407945,48541.96583407938
63,NL0 13 0 solar,legacy,NL0 13,3,0.0,53935.51759343677,53935.5175934367
63,NL0 14 0 solar,legacy,NL0 14,2,0.0,48541.96583407945,48541.96583407938
63,NL0 15 0 solar,legacy,NL0 15,2,0.0,48541.96583407945,48541.96583407938
63,NL0 16 0 solar,legacy,NL0 16,1,0.0,59329.06935279719,59329.069352797116
63,NL0 17 0 solar,legacy,NL0 17,1,0.0,59329.06935279719,59329.069352797116
63,NL0 18 0 solar,legacy,NL0 18,1,0.0,59329.06935279719,59329.069352797116
63,NL0 19 0 solar,legacy,NL0 19,2,0.0,48541.96583407945,48541.96583407938
63,NL0 2 0 solar,legacy,NL0 2,2,0.0,48541.96583407945,48541.96583407938
63,NL0 20 0 solar,legacy,NL0 20,1,0.0,59329.06935279719,59329.069352797116
63,NL0 21 0 solar,legacy,NL0 21,1,0.0,59329.06935279719,59329.069352797116
63,NL0 22 0 solar,legacy,NL0 22,3,0.0,53935.51759343677,53935.5175934367
63,NL0 23 0 solar,legacy,NL0 23,1,0.0,59329.06935279719,59329.069352797116
63,NL0 24 0 solar,legacy,NL0 24,1,0.0,59329.06935279719,59329.069352797116
63,NL0 25 0 solar,legacy,NL0 25,2,0.0,48541.96583407945,48541.96583407938
63,NL0 26 0 solar,legacy,NL0 26,2,0.0,48541.96583407945,48541.96583407938
63,NL0 27 0 solar,legacy,NL0 27,1,0.0,59329.06935279719,59329.069352797116
63,NL0 28 0 solar,legacy,NL0 28,2,0.0,48541.96583407945,48541.96583407938
63,NL0 3 0 solar,legacy,NL0 3,1,0.0,59329.06935279719,59329.069352797116
63,NL0 30 0 solar,legacy,NL0 30,1,0.0,59329.06935279719,59329.069352797116
63,NL0 31 0 solar,legacy,NL0 31,2,0.0,48541.96583407945,48541.96583407938
63,NL0 4 0 solar,legacy,NL0 4,2,0.0,48541.96583407945,48541.96583407938
63,NL0 5 0 solar,legacy,NL0 5,3,0.0,53935.51759343677,53935.5175934367
63,NL0 6 0 solar,legacy,NL0 6,3,0.0,53935.51759343677,53935.5175934367
63,NL0 7 0 solar,legacy,NL0 7,3,0.0,53935.51759343677,53935.5175934367
63,NL0 8 0 solar,legacy,NL0 8,1,0.0,59329.06935279719,59329.069352797116
63,NL0 9 0 solar,legacy,NL0 9,3,0.0,53935.51759343677,53935.5175934367
63,NL0 20 0 offwind-ac,legacy,NL0 20,1,0.0,59329.06935279719,59329.069352797116
63,NL0 27 0 offwind-ac,legacy,NL0 27,1,0.0,59329.06935279719,59329.069352797116
63,NL0 31 0 offwind-ac,legacy,NL0 31,2,0.0,48541.96583407945,48541.96583407938
63,NL0 32 0 offwind-ac,legacy,NL0 32,1,0.0,59329.06935279719,59329.069352797116
63,NL0 7 0 offwind-ac,legacy,NL0 7,3,0.0,53935.51759343677,53935.5175934367
63,NL0 0 0 onwind,legacy,NL0 0,1,0.0,59329.06935279719,59329.069352797116
63,NL0 1 0 onwind,legacy,NL0 1,3,0.0,53935.51759343677,53935.5175934367
63,NL0 10 0 onwind,legacy,NL0 10,1,0.0,59329.06935279719,59329.069352797116
63,NL0 11 0 onwind,legacy,NL0 11,3,0.0,53935.51759343677,53935.5175934367
63,NL0 12 0 onwind,legacy,NL0 12,2,0.0,48541.96583407945,48541.96583407938
63,NL0 13 0 onwind,legacy,NL0 13,3,0.0,53935.51759343677,53935.5175934367
63,NL0 14 0 onwind,legacy,NL0 14,2,0.0,48541.96583407945,48541.96583407938
63,NL0 15 0 onwind,legacy,NL0 15,2,0.0,48541.96583407945,48541.96583407938
63,NL0 17 0 onwind,legacy,NL0 17,1,0.0,59329.06935279719,59329.069352797116
63,NL0 19 0 onwind,legacy,NL0 19,2,0.0,48541.96583407945,48541.96583407938
63,NL0 2 0 onwind,legacy,NL0 2,2,0.0,48541.96583407945,48541.96583407938
63,NL0 20 0 onwind,legacy,NL0 20,1,0.0,59329.06935279719,59329.069352797116
63,NL0 21 0 onwind,legacy,NL0 21,1,0.0,59329.06935279719,59329.069352797116
63,NL0 22 0 onwind,legacy,NL0 22,3,0.0,53935.51759343677,53935.5175934367
63,NL0 23 0 onwind,legacy,NL0 23,1,0.0,59329.06935279719,59329.069352797116
63,NL0 24 0 onwind,legacy,NL0 24,1,0.0,59329.06935279719,59329.069352797116
63,NL0 27 0 onwind,legacy,NL0 27,1,0.0,59329.06935279719,59329.069352797116
63,NL0 3 0 onwind,legacy,NL0 3,1,0.0,59329.06935279719,59329.069352797116
63,NL0 30 0 onwind,legacy,NL0 30,1,0.0,59329.06935279719,59329.069352797116
63,NL0 31 0 onwind,legacy,NL0 31,2,0.0,48541.96583407945,48541.96583407938
63,NL0 4 0 onwind,legacy,NL0 4,2,0.0,48541.96583407945,48541.96583407938
63,NL0 5 0 onwind,legacy,NL0 5,3,0.0,53935.51759343677,53935.5175934367
63,NL0 6 0 onwind,legacy,NL0 6,3,0.0,53935.51759343677,53935.5175934367
63,NL0 7 0 onwind,legacy,NL0 7,3,0.0,53935.51759343677,53935.5175934367
63,NL0 8 0 onwind,legacy,NL0 8,1,0.0,59329.06935279719,59329.069352797116
63,NL0 9 0 onwind,legacy,NL0 9,3,0.0,53935.51759343677,53935.5175934367
64,NL0 0 Invest,investable,NL0 0,1,205.07674172094463,59329.06935279719,59329.06935292875
64,NL0 1 Invest,investable,NL0 1,3,354.4956826539234,53935.51759343677,53935.51759357159
64,NL0 10 Invest,investable,NL0 10,1,193.15249932666495,59329.06935279719,59329.06935292875
64,NL0 11 Invest,investable,NL0 11,3,415.5278786054545,53935.51759343677,53935.51759357159
64,NL0 12 Invest,investable,NL0 12,2,622.5962928958626,48541.96583407945,48541.96583421443
64,NL0 13 Invest,investable,NL0 13,3,540.7993871456376,53935.51759343677,53935.51759357159
64,NL0 14 Invest,investable,NL0 14,2,412.55498475871616,48541.96583407945,48541.96583421443
64,NL0 15 Invest,investable,NL0 15,2,514.4514265229757,48541.96583407945,48541.96583421443
64,NL0 16 Invest,investable,NL0 16,1,218.65827766939907,59329.06935279719,59329.06935292875
64,NL0 17 Invest,investable,NL0 17,1,230.37879312582947,59329.06935279719,59329.06935292875
64,NL0 18 Invest,investable,NL0 18,1,197.65694362983865,59329.06935279719,59329.06935292875
64,NL0 19 Invest,investable,NL0 19,2,360.54619682907276,48541.96583407945,48541.96583421443
64,NL0 2 Invest,investable,NL0 2,2,490.33504091332634,48541.96583407945,48541.96583421443
64,NL0 20 Invest,investable,NL0 20,1,218.93850665071773,59329.06935279719,59329.06935292875
64,NL0 21 Invest,investable,NL0 21,1,193.1218984796527,59329.06935279719,59329.06935292875
64,NL0 22 Invest,investable,NL0 22,3,1000.0,53935.51759343677,53935.51759357159
64,NL0 23 Invest,investable,NL0 23,1,218.13654232406518,59329.06935279719,59329.06935292875
64,NL0 24 Invest,investable,NL0 24,1,219.10003396486277,59329.06935279719,59329.06935292875
64,NL0 25 Invest,investable,NL0 25,2,788.3460847288103,48541.96583407945,48541.96583421443
64,NL0 26 Invest,investable,NL0 26,2,588.8990017778783,48541.96583407945,48541.96583421443
64,NL0 27 Invest,investable,NL0 27,1,227.02200892751398,59329.06935279719,59329.06935292875
64,NL0 28 Invest,investable,NL0 28,2,854.5406756371069,48541.96583407945,48541.96583421443
64,NL0 3 Invest,investable,NL0 3,1,214.24025288395922,59329.06935279719,59329.06935292875
64,NL0 30 Invest,investable,NL0 30,1,225.54870333935457,59329.06935279719,59329.06935292875
64,NL0 31 Invest,investable,NL0 31,2,704.4936583617039,48541.96583407945,48541.96583421443
64,NL0 33 Invest,investable,NL0 33,1,241.93582727768933,59329.06935279719,59329.06935292875
64,NL0 4 Invest,investable,NL0 4,2,650.5614407588939,48541.96583407945,48541.96583421443
64,NL0 5 Invest,investable,NL0 5,3,1000.0,53935.51759343677,53935.51759357159
64,NL0 6 Invest,investable,NL0 6,3,823.7476283671675,53935.51759343677,53935.51759357159
64,NL0 7 Invest,investable,NL0 7,3,656.6642962898176,53935.51759343677,53935.51759357159
64,NL0 8 Invest,investable,NL0 8,1,232.56418854926454,59329.06935279719,59329.06935292875
64,NL0 9 Invest,investable,NL0 9,3,886.8698810970494,53935.51759343677,53935.51759357159
64,NL0 1 biomass,legacy,NL0 1,3,71.0,53935.51759343677,53935.51759343677
64,NL0 1 waste,legacy,NL0 1,3,31.0,53935.51759343677,53935.51759343677
64,NL0 10 waste,legacy,NL0 10,1,150.0,59329.06935279719,59329.06935279719
64,NL0 11 biomass,legacy,NL0 11,3,20.0,53935.51759343677,53935.51759343677
64,NL0 11 waste,legacy,NL0 11,3,50.0,53935.51759343677,53935.51759343677
64,NL0 13 biomass,legacy,NL0 13,3,77.0,53935.51759343677,53935.51759343677
64,NL0 19 biomass,legacy,NL0 19,2,49.0,48541.96583407945,48541.96583407945
64,NL0 19 waste,legacy,NL0 19,2,36.0,48541.96583407945,48541.96583407945
64,NL0 22 biomass,legacy,NL0 22,3,500.0,53935.51759343677,53935.51759343677
64,NL0 25 waste,legacy,NL0 25,2,54.0,48541.96583407945,48541.96583407945
64,NL0 27 biomass,legacy,NL0 27,1,22.0,59329.06935279719,59329.06935279719
64,NL0 27 waste,legacy,NL0 27,1,71.2,59329.06935279719,59329.06935279719
64,NL0 3 biomass,legacy,NL0 3,1,22.0,59329.06935279719,59329.06935279719
64,NL0 3 waste,legacy,NL0 3,1,108.0,59329.06935279719,59329.06935279719
64,NL0 30 biomass,legacy,NL0 30,1,60.0,59329.06935279719,59329.06935279719
64,NL0 7 nuclear,legacy,NL0 7,3,515.0,53935.51759343677,53935.51759343677
64,NL0 7 waste,legacy,NL0 7,3,39.0,53935.51759343677,53935.51759343677
64,NL0 8 biomass,legacy,NL0 8,1,36.0,59329.06935279719,59329.06935279719
64,NL0 8 waste,legacy,NL0 8,1,157.0,59329.06935279719,59329.06935279719
64,NL0 9 biomass,legacy,NL0 9,3,20.0,53935.51759343677,53935.51759343677
64,NL0 0 0 solar,legacy,NL0 0,1,0.0,59329.06935279719,59329.069352797116
64,NL0 1 0 solar,legacy,NL0 1,3,0.0,53935.51759343677,53935.5175934367
64,NL0 10 0 solar,legacy,NL0 10,1,0.0,59329.06935279719,59329.069352797116
64,NL0 11 0 solar,legacy,NL0 11,3,0.0,53935.51759343677,53935.5175934367
64,NL0 12 0 solar,legacy,NL0 12,2,0.0,48541.96583407945,48541.96583407938
64,NL0 13 0 solar,legacy,NL0 13,3,0.0,53935.51759343677,53935.5175934367
64,NL0 14 0 solar,legacy,NL0 14,2,0.0,48541.96583407945,48541.96583407938
64,NL0 15 0 solar,legacy,NL0 15,2,0.0,48541.96583407945,48541.96583407938
64,NL0 16 0 solar,legacy,NL0 16,1,0.0,59329.06935279719,59329.069352797116
64,NL0 17 0 solar,legacy,NL0 17,1,0.0,59329.06935279719,59329.069352797116
64,NL0 18 0 solar,legacy,NL0 18,1,0.0,59329.06935279719,59329.069352797116
64,NL0 19 0 solar,legacy,NL0 19,2,0.0,48541.96583407945,48541.96583407938
64,NL0 2 0 solar,legacy,NL0 2,2,0.0,48541.96583407945,48541.96583407938
64,NL0 20 0 solar,legacy,NL0 20,1,0.0,59329.06935279719,59329.069352797116
64,NL0 21 0 solar,legacy,NL0 21,1,0.0,59329.06935279719,59329.069352797116
64,NL0 22 0 solar,legacy,NL0 22,3,0.0,53935.51759343677,53935.5175934367
64,NL0 23 0 solar,legacy,NL0 23,1,0.0,59329.06935279719,59329.069352797116
64,NL0 24 0 solar,legacy,NL0 24,1,0.0,59329.06935279719,59329.069352797116
64,NL0 25 0 solar,legacy,NL0 25,2,0.0,48541.96583407945,48541.96583407938
64,NL0 26 0 solar,legacy,NL0 26,2,0.0,48541.96583407945,48541.96583407938
64,NL0 27 0 solar,legacy,NL0 27,1,0.0,59329.06935279719,59329.069352797116
64,NL0 28 0 solar,legacy,NL0 28,2,0.0,48541.96583407945,48541.96583407938
64,NL0 3 0 solar,legacy,NL0 3,1,0.0,59329.06935279719,59329.069352797116
64,NL0 30 0 solar,legacy,NL0 30,1,0.0,59329.06935279719,59329.069352797116
64,NL0 31 0 solar,legacy,NL0 31,2,0.0,48541.96583407945,48541.96583407938
64,NL0 4 0 solar,legacy,NL0 4,2,0.0,48541.96583407945,48541.96583407938
64,NL0 5 0 solar,legacy,NL0 5,3,0.0,53935.51759343677,53935.5175934367
64,NL0 6 0 solar,legacy,NL0 6,3,0.0,53935.51759343677,53935.5175934367
64,NL0 7 0 solar,legacy,NL0 7,3,0.0,53935.51759343677,53935.5175934367
64,NL0 8 0 solar,legacy,NL0 8,1,0.0,59329.06935279719,59329.069352797116
64,NL0 9 0 solar,legacy,NL0 9,3,0.0,53935.51759343677,53935.5175934367
64,NL0 20 0 offwind-ac,legacy,NL0 20,1,0.0,59329.06935279719,59329.069352797116
64,NL0 27 0 offwind-ac,legacy,NL0 27,1,0.0,59329.06935279719,59329.069352797116
64,NL0 31 0 offwind-ac,legacy,NL0 31,2,0.0,48541.96583407945,48541.96583407938
64,NL0 32 0 offwind-ac,legacy,NL0 32,1,0.0,59329.06935279719,59329.069352797116
64,NL0 7 0 offwind-ac,legacy,NL0 7,3,0.0,53935.51759343677,53935.5175934367
64,NL0 0 0 onwind,legacy,NL0 0,1,0.0,59329.06935279719,59329.069352797116
64,NL0 1 0 onwind,legacy,NL0 1,3,0.0,53935.51759343677,53935.5175934367
64,NL0 10 0 onwind,legacy,NL0 10,1,0.0,59329.06935279719,59329.069352797116
64,NL0 11 0 onwind,legacy,NL0 11,3,0.0,53935.51759343677,53935.5175934367
64,NL0 12 0 onwind,legacy,NL0 12,2,0.0,48541.96583407945,48541.96583407938
64,NL0 13 0 onwind,legacy,NL0 13,3,0.0,53935.51759343677,53935.5175934367
64,NL0 14 0 onwind,legacy,NL0 14,2,0.0,48541.96583407945,48541.96583407938
64,NL0 15 0 onwind,legacy,NL0 15,2,0.0,48541.96583407945,48541.96583407938
64,NL0 17 0 onwind,legacy,NL0 17,1,0.0,59329.06935279719,59329.069352797116
64,NL0 19 0 onwind,legacy,NL0 19,2,0.0,48541.96583407945,48541.96583407938
64,NL0 2 0 onwind,legacy,NL0 2,2,0.0,48541.96583407945,48541.96583407938
64,NL0 20 0 onwind,legacy,NL0 20,1,0.0,59329.06935279719,59329.069352797116
64,NL0 21 0 onwind,legacy,NL0 21,1,0.0,59329.06935279719,59329.069352797116
64,NL0 22 0 onwind,legacy,NL0 22,3,0.0,53935.51759343677,53935.5175934367
64,NL0 23 0 onwind,legacy,NL0 23,1,0.0,59329.06935279719,59329.069352797116
64,NL0 24 0 onwind,legacy,NL0 24,1,0.0,59329.06935279719,59329.069352797116
64,NL0 27 0 onwind,legacy,NL0 27,1,0.0,59329.06935279719,59329.069352797116
64,NL0 3 0 onwind,legacy,NL0 3,1,0.0,59329.06935279719,59329.069352797116
64,NL0 30 0 onwind,legacy,NL0 30,1,0.0,59329.06935279719,59329.069352797116
64,NL0 31 0 onwind,legacy,NL0 31,2,0.0,48541.96583407945,48541.96583407938
64,NL0 4 0 onwind,legacy,NL0 4,2,0.0,48541.96583407945,48541.96583407938
64,NL0 5 0 onwind,legacy,NL0 5,3,0.0,53935.51759343677,53935.5175934367
64,NL0 6 0 onwind,legacy,NL0 6,3,0.0,53935.51759343677,53935.5175934367
64,NL0 7 0 onwind,legacy,NL0 7,3,0.0,53935.51759343677,53935.5175934367
64,NL0 8 0 onwind,legacy,NL0 8,1,0.0,59329.06935279719,59329.069352797116
64,NL0 9 0 onwind,legacy,NL0 9,3,0.0,53935.51759343677,53935.5175934367
65,NL0 0 Invest,investable,NL0 0,1,0.0,59329.06935279719,59329.06935292875
65,NL0 1 Invest,investable,NL0 1,3,1000.0,53935.51759343677,53935.51759357159
65,NL0 10 Invest,investable,NL0 10,1,0.0,59329.06935279719,59329.06935292875
65,NL0 11 Invest,investable,NL0 11,3,1000.0,53935.51759343677,53935.51759357159
65,NL0 12 Invest,investable,NL0 12,2,1000.0,48541.96583407945,48541.96583421443
65,NL0 13 Invest,investable,NL0 13,3,678.1047541590506,53935.51759343677,53935.51759357159
65,NL0 14 Invest,investable,NL0 14,2,1000.0,48541.96583407945,48541.96583421443
65,NL0 15 Invest,investable,NL0 15,2,0.0,48541.96583407945,48541.96583421443
65,NL0 16 Invest,investable,NL0 16,1,1000.0,59329.06935279719,59329.06935292875
65,NL0 17 Invest,investable,NL0 17,1,0.0,59329.06935279719,59329.06935292875
65,NL0 18 Invest,investable,NL0 18,1,0.0,59329.06935279719,59329.06935292875
65,NL0 19 Invest,investable,NL0 19,2,0.0,48541.96583407945,48541.96583421443
65,NL0 2 Invest,investable,NL0 2,2,0.0,48541.96583407945,48541.96583421443
65,NL0 20 Invest,investable,NL0 20,1,0.0,59329.06935279719,59329.06935292875
65,NL0 21 Invest,investable,NL0 21,1,0.0,59329.06935279719,59329.06935292875
65,NL0 22 Invest,investable,NL0 22,3,1000.0,53935.51759343677,53935.51759357159
65,NL0 23 Invest,investable,NL0 23,1,0.0,59329.06935279719,59329.06935292875
65,NL0 24 Invest,investable,NL0 24,1,0.0,59329.06935279719,59329.06935292875
65,NL0 25 Invest,investable,NL0 25,2,0.0,48541.96583407945,48541.96583421443
65,NL0 26 Invest,investable,NL0 26,2,1000.0,48541.96583407945,48541.96583421443
65,NL0 27 Invest,investable,NL0 27,1,0.0,59329.06935279719,59329.06935292875
65,NL0 28 Invest,investable,NL0 28,2,1000.0,48541.96583407945,48541.96583421443
65,NL0 3 Invest,investable,NL0 3,1,1000.0,59329.06935279719,59329.06935292875
65,NL0 30 Invest,investable,NL0 30,1,0.0,59329.06935279719,59329.06935292875
65,NL0 31 Invest,investable,NL0 31,2,987.3248031843468,48541.96583407945,48541.96583421443
65,NL0 33 Invest,investable,NL0 33,1,35.5312178697568,59329.06935279719,59329.06935292875
65,NL0 4 Invest,investable,NL0 4,2,1000.0,48541.96583407945,48541.96583421443
65,NL0 5 Invest,investable,NL0 5,3,1000.0,53935.51759343677,53935.51759357159
65,NL0 6 Invest,investable,NL0 6,3,0.0,53935.51759343677,53935.51759357159
65,NL0 7 Invest,investable,NL0 7,3,1000.0,53935.51759343677,53935.51759357159
65,NL0 8 Invest,investable,NL0 8,1,1000.0,59329.06935279719,59329.06935292875
65,NL0 9 Invest,investable,NL0 9,3,0.0,53935.51759343677,53935.51759357159
65,NL0 1 biomass,legacy,NL0 1,3,71.0,53935.51759343677,53935.51759343677
65,NL0 1 waste,legacy,NL0 1,3,31.0,53935.51759343677,53935.51759343677
65,NL0 10 waste,legacy,NL0 10,1,150.0,59329.06935279719,59329.06935279719
65,NL0 11 biomass,legacy,NL0 11,3,20.0,53935.51759343677,53935.51759343677
65,NL0 11 waste,legacy,NL0 11,3,50.0,53935.51759343677,53935.51759343677
65,NL0 13 biomass,legacy,NL0 13,3,77.0,53935.51759343677,53935.51759343677
65,NL0 19 biomass,legacy,NL0 19,2,49.0,48541.96583407945,48541.96583407945
65,NL0 19 waste,legacy,NL0 19,2,36.0,48541.96583407945,48541.96583407945
65,NL0 22 biomass,legacy,NL0 22,3,500.0,53935.51759343677,53935.51759343677
65,NL0 25 waste,legacy,NL0 25,2,54.0,48541.96583407945,48541.96583407945
65,NL0 27 biomass,legacy,NL0 27,1,22.0,59329.06935279719,59329.06935279719
65,NL0 27 waste,legacy,NL0 27,1,71.2,59329.06935279719,59329.06935279719
65,NL0 3 biomass,legacy,NL0 3,1,22.0,59329.06935279719,59329.06935279719
65,NL0 3 waste,legacy,NL0 3,1,108.0,59329.06935279719,59329.06935279719
65,NL0 30 biomass,legacy,NL0 30,1,60.0,59329.06935279719,59329.06935279719
65,NL0 7 nuclear,legacy,NL0 7,3,515.0,53935.51759343677,53935.51759343677
65,NL0 7 waste,legacy,NL0 7,3,39.0,53935.51759343677,53935.51759343677
65,NL0 8 biomass,legacy,NL0 8,1,36.0,59329.06935279719,59329.06935279719
65,NL0 8 waste,legacy,NL0 8,1,157.0,59329.06935279719,59329.06935279719
65,NL0 9 biomass,legacy,NL0 9,3,20.0,53935.51759343677,53935.51759343677
65,NL0 0 0 solar,legacy,NL0 0,1,0.0,59329.06935279719,59329.069352797116
65,NL0 1 0 solar,legacy,NL0 1,3,0.0,53935.51759343677,53935.5175934367
65,NL0 10 0 solar,legacy,NL0 10,1,0.0,59329.06935279719,59329.069352797116
65,NL0 11 0 solar,legacy,NL0 11,3,0.0,53935.51759343677,53935.5175934367
65,NL0 12 0 solar,legacy,NL0 12,2,0.0,48541.96583407945,48541.96583407938
65,NL0 13 0 solar,legacy,NL0 13,3,0.0,53935.51759343677,53935.5175934367
65,NL0 14 0 solar,legacy,NL0 14,2,0.0,48541.96583407945,48541.96583407938
65,NL0 15 0 solar,legacy,NL0 15,2,0.0,48541.96583407945,48541.96583407938
65,NL0 16 0 solar,legacy,NL0 16,1,0.0,59329.06935279719,59329.069352797116
65,NL0 17 0 solar,legacy,NL0 17,1,0.0,59329.06935279719,59329.069352797116
65,NL0 18 0 solar,legacy,NL0 18,1,0.0,59329.06935279719,59329.069352797116
65,NL0 19 0 solar,legacy,NL0 19,2,0.0,48541.96583407945,48541.96583407938
65,NL0 2 0 solar,legacy,NL0 2,2,0.0,48541.96583407945,48541.96583407938
65,NL0 20 0 solar,legacy,NL0 20,1,0.0,59329.06935279719,59329.069352797116
65,NL0 21 0 solar,legacy,NL0 21,1,0.0,59329.06935279719,59329.069352797116
65,NL0 22 0 solar,legacy,NL0 22,3,0.0,53935.51759343677,53935.5175934367
65,NL0 23 0 solar,legacy,NL0 23,1,0.0,59329.06935279719,59329.069352797116
65,NL0 24 0 solar,legacy,NL0 24,1,0.0,59329.06935279719,59329.069352797116
65,NL0 25 0 solar,legacy,NL0 25,2,0.0,48541.96583407945,48541.96583407938
65,NL0 26 0 solar,legacy,NL0 26,2,0.0,48541.96583407945,48541.96583407938
65,NL0 27 0 solar,legacy,NL0 27,1,0.0,59329.06935279719,59329.069352797116
65,NL0 28 0 solar,legacy,NL0 28,2,0.0,48541.96583407945,48541.96583407938
65,NL0 3 0 solar,legacy,NL0 3,1,0.0,59329.06935279719,59329.069352797116
65,NL0 30 0 solar,legacy,NL0 30,1,0.0,59329.06935279719,59329.069352797116
65,NL0 31 0 solar,legacy,NL0 31,2,0.0,48541.96583407945,48541.96583407938
65,NL0 4 0 solar,legacy,NL0 4,2,0.0,48541.96583407945,48541.96583407938
65,NL0 5 0 solar,legacy,NL0 5,3,0.0,53935.51759343677,53935.5175934367
65,NL0 6 0 solar,legacy,NL0 6,3,0.0,53935.51759343677,53935.5175934367
65,NL0 7 0 solar,legacy,NL0 7,3,0.0,53935.51759343677,53935.5175934367
65,NL0 8 0 solar,legacy,NL0 8,1,0.0,59329.06935279719,59329.069352797116
65,NL0 9 0 solar,legacy,NL0 9,3,0.0,53935.51759343677,53935.5175934367
65,NL0 20 0 offwind-ac,legacy,NL0 20,1,0.0,59329.06935279719,59329.069352797116
65,NL0 27 0 offwind-ac,legacy,NL0 27,1,0.0,59329.06935279719,59329.069352797116
65,NL0 31 0 offwind-ac,legacy,NL0 31,2,0.0,48541.96583407945,48541.96583407938
65,NL0 32 0 offwind-ac,legacy,NL0 32,1,0.0,59329.06935279719,59329.069352797116
65,NL0 7 0 offwind-ac,legacy,NL0 7,3,0.0,53935.51759343677,53935.5175934367
65,NL0 0 0 onwind,legacy,NL0 0,1,0.0,59329.06935279719,59329.069352797116
65,NL0 1 0 onwind,legacy,NL0 1,3,0.0,53935.51759343677,53935.5175934367
65,NL0 10 0 onwind,legacy,NL0 10,1,0.0,59329.06935279719,59329.069352797116
65,NL0 11 0 onwind,legacy,NL0 11,3,0.0,53935.51759343677,53935.5175934367
65,NL0 12 0 onwind,legacy,NL0 12,2,0.0,48541.96583407945,48541.96583407938
65,NL0 13 0 onwind,legacy,NL0 13,3,0.0,53935.51759343677,53935.5175934367
65,NL0 14 0 onwind,legacy,NL0 14,2,0.0,48541.96583407945,48541.96583407938
65,NL0 15 0 onwind,legacy,NL0 15,2,0.0,48541.96583407945,48541.96583407938
65,NL0 17 0 onwind,legacy,NL0 17,1,0.0,59329.06935279719,59329.069352797116
65,NL0 19 0 onwind,legacy,NL0 19,2,0.0,48541.96583407945,48541.96583407938
65,NL0 2 0 onwind,legacy,NL0 2,2,0.0,48541.96583407945,48541.96583407938
65,NL0 20 0 onwind,legacy,NL0 20,1,0.0,59329.06935279719,59329.069352797116
65,NL0 21 0 onwind,legacy,NL0 21,1,0.0,59329.06935279719,59329.069352797116
65,NL0 22 0 onwind,legacy,NL0 22,3,0.0,53935.51759343677,53935.5175934367
65,NL0 23 0 onwind,legacy,NL0 23,1,0.0,59329.06935279719,59329.069352797116
65,NL0 24 0 onwind,legacy,NL0 24,1,0.0,59329.06935279719,59329.069352797116
65,NL0 27 0 onwind,legacy,NL0 27,1,0.0,59329.06935279719,59329.069352797116
65,NL0 3 0 onwind,legacy,NL0 3,1,0.0,59329.06935279719,59329.069352797116
65,NL0 30 0 onwind,legacy,NL0 30,1,0.0,59329.06935279719,59329.069352797116
65,NL0 31 0 onwind,legacy,NL0 31,2,0.0,48541.96583407945,48541.96583407938
65,NL0 4 0 onwind,legacy,NL0 4,2,0.0,48541.96583407945,48541.96583407938
65,NL0 5 0 onwind,legacy,NL0 5,3,0.0,53935.51759343677,53935.5175934367
65,NL0 6 0 onwind,legacy,NL0 6,3,0.0,53935.51759343677,53935.5175934367
65,NL0 7 0 onwind,legacy,NL0 7,3,0.0,53935.51759343677,53935.5175934367
65,NL0 8 0 onwind,legacy,NL0 8,1,0.0,59329.06935279719,59329.069352797116
65,NL0 9 0 onwind,legacy,NL0 9,3,0.0,53935.51759343677,53935.5175934367
66,NL0 0 Invest,investable,NL0 0,1,0.0,59329.06935279719,59329.06935292875
66,NL0 1 Invest,investable,NL0 1,3,1000.0,53935.51759343677,53935.51759357159
66,NL0 10 Invest,investable,NL0 10,1,1000.0,59329.06935279719,59329.06935292875
66,NL0 11 Invest,investable,NL0 11,3,1000.0,53935.51759343677,53935.51759357159
66,NL0 12 Invest,investable,NL0 12,2,987.3248031843468,48541.96583407945,48541.96583421443
66,NL0 13 Invest,investable,NL0 13,3,1000.0,53935.51759343677,53935.51759357159
66,NL0 14 Invest,investable,NL0 14,2,0.0,48541.96583407945,48541.96583421443
66,NL0 15 Invest,investable,NL0 15,2,1000.0,48541.96583407945,48541.96583421443
66,NL0 16 Invest,investable,NL0 16,1,0.0,59329.06935279719,59329.06935292875
66,NL0 17 Invest,investable,NL0 17,1,0.0,59329.06935279719,59329.06935292875
66,NL0 18 Invest,investable,NL0 18,1,0.0,59329.06935279719,59329.06935292875
66,NL0 19 Invest,investable,NL0 19,2,1000.0,48541.96583407945,48541.96583421443
66,NL0 2 Invest,investable,NL0 2,2,1000.0,48541.96583407945,48541.96583421443
66,NL0 20 Invest,investable,NL0 20,1,1000.0,59329.06935279719,59329.06935292875
66,NL0 21 Invest,investable,NL0 21,1,0.0,59329.06935279719,59329.06935292875
66,NL0 22 Invest,investable,NL0 22,3,678.1047541590506,53935.51759343677,53935.51759357159
66,NL0 23 Invest,investable,NL0 23,1,0.0,59329.06935279719,59329.06935292875
66,NL0 24 Invest,investable,NL0 24,1,1000.0,59329.06935279719,59329.06935292875
66,NL0 25 Invest,investable,NL0 25,2,1000.0,48541.96583407945,48541.96583421443
66,NL0 26 Invest,investable,NL0 26,2,0.0,48541.96583407945,48541.96583421443
66,NL0 27 Invest,investable,NL0 27,1,35.5312178697568,59329.06935279719,59329.06935292875
66,NL0 28 Invest,investable,NL0 28,2,0.0,48541.96583407945,48541.96583421443
66,NL0 3 Invest,investable,NL0 3,1,0.0,59329.06935279719,59329.06935292875
66,NL0 30 Invest,investable,NL0 30,1,0.0,59329.06935279719,59329.06935292875
66,NL0 31 Invest,investable,NL0 31,2,1000.0,48541.96583407945,48541.96583421443
66,NL0 33 Invest,investable,NL0 33,1,0.0,59329.06935279719,59329.06935292875
66,NL0 4 Invest,investable,NL0 4,2,0.0,48541.96583407945,48541.96583421443
66,NL0 5 Invest,investable,NL0 5,3,0.0,53935.51759343677,53935.51759357159
66,NL0 6 Invest,investable,NL0 6,3,1000.0,53935.51759343677,53935.51759357159
66,NL0 7 Invest,investable,NL0 7,3,0.0,53935.51759343677,53935.51759357159
66,NL0 8 Invest,investable,NL0 8,1,0.0,59329.06935279719,59329.06935292875
66,NL0 9 Invest,investable,NL0 9,3,1000.0,53935.51759343677,53935.51759357159
66,NL0 1 biomass,legacy,NL0 1,3,71.0,53935.51759343677,53935.51759343677
66,NL0 1 waste,legacy,NL0 1,3,31.0,53935.51759343677,53935.51759343677
66,NL0 10 waste,legacy,NL0 10,1,150.0,59329.06935279719,59329.06935279719
66,NL0 11 biomass,legacy,NL0 11,3,20.0,53935.51759343677,53935.51759343677
66,NL0 11 waste,legacy,NL0 11,3,50.0,53935.51759343677,53935.51759343677
66,NL0 13 biomass,legacy,NL0 13,3,77.0,53935.51759343677,53935.51759343677
66,NL0 19 biomass,legacy,NL0 19,2,49.0,48541.96583407945,48541.96583407945
66,NL0 19 waste,legacy,NL0 19,2,36.0,48541.96583407945,48541.96583407945
66,NL0 22 biomass,legacy,NL0 22,3,500.0,53935.51759343677,53935.51759343677
66,NL0 25 waste,legacy,NL0 25,2,54.0,48541.96583407945,48541.96583407945
66,NL0 27 biomass,legacy,NL0 27,1,22.0,59329.06935279719,59329.06935279719
66,NL0 27 waste,legacy,NL0 27,1,71.2,59329.06935279719,59329.06935279719
66,NL0 3 biomass,legacy,NL0 3,1,22.0,59329.06935279719,59329.06935279719
66,NL0 3 waste,legacy,NL0 3,1,108.0,59329.06935279719,59329.06935279719
66,NL0 30 biomass,legacy,NL0 30,1,60.0,59329.06935279719,59329.06935279719
66,NL0 7 nuclear,legacy,NL0 7,3,515.0,53935.51759343677,53935.51759343677
66,NL0 7 waste,legacy,NL0 7,3,39.0,53935.51759343677,53935.51759343677
66,NL0 8 biomass,legacy,NL0 8,1,36.0,59329.06935279719,59329.06935279719
66,NL0 8 waste,legacy,NL0 8,1,157.0,59329.06935279719,59329.06935279719
66,NL0 9 biomass,legacy,NL0 9,3,20.0,53935.51759343677,53935.51759343677
66,NL0 0 0 solar,legacy,NL0 0,1,0.0,59329.06935279719,59329.069352797116
66,NL0 1 0 solar,legacy,NL0 1,3,0.0,53935.51759343677,53935.5175934367
66,NL0 10 0 solar,legacy,NL0 10,1,0.0,59329.06935279719,59329.069352797116
66,NL0 11 0 solar,legacy,NL0 11,3,0.0,53935.51759343677,53935.5175934367
66,NL0 12 0 solar,legacy,NL0 12,2,0.0,48541.96583407945,48541.96583407938
66,NL0 13 0 solar,legacy,NL0 13,3,0.0,53935.51759343677,53935.5175934367
66,NL0 14 0 solar,legacy,NL0 14,2,0.0,48541.96583407945,48541.96583407938
66,NL0 15 0 solar,legacy,NL0 15,2,0.0,48541.96583407945,48541.96583407938
66,NL0 16 0 solar,legacy,NL0 16,1,0.0,59329.06935279719,59329.069352797116
66,NL0 17 0 solar,legacy,NL0 17,1,0.0,59329.06935279719,59329.069352797116
66,NL0 18 0 solar,legacy,NL0 18,1,0.0,59329.06935279719,59329.069352797116
66,NL0 19 0 solar,legacy,NL0 19,2,0.0,48541.96583407945,48541.96583407938
66,NL0 2 0 solar,legacy,NL0 2,2,0.0,48541.96583407945,48541.96583407938
66,NL0 20 0 solar,legacy,NL0 20,1,0.0,59329.06935279719,59329.069352797116
66,NL0 21 0 solar,legacy,NL0 21,1,0.0,59329.06935279719,59329.069352797116
66,NL0 22 0 solar,legacy,NL0 22,3,0.0,53935.51759343677,53935.5175934367
66,NL0 23 0 solar,legacy,NL0 23,1,0.0,59329.06935279719,59329.069352797116
66,NL0 24 0 solar,legacy,NL0 24,1,0.0,59329.06935279719,59329.069352797116
66,NL0 25 0 solar,legacy,NL0 25,2,0.0,48541.96583407945,48541.96583407938
66,NL0 26 0 solar,legacy,NL0 26,2,0.0,48541.96583407945,48541.96583407938
66,NL0 27 0 solar,legacy,NL0 27,1,0.0,59329.06935279719,59329.069352797116
66,NL0 28 0 solar,legacy,NL0 28,2,0.0,48541.96583407945,48541.96583407938
66,NL0 3 0 solar,legacy,NL0 3,1,0.0,59329.06935279719,59329.069352797116
66,NL0 30 0 solar,legacy,NL0 30,1,0.0,59329.06935279719,59329.069352797116
66,NL0 31 0 solar,legacy,NL0 31,2,0.0,48541.96583407945,48541.96583407938
66,NL0 4 0 solar,legacy,NL0 4,2,0.0,48541.96583407945,48541.96583407938
66,NL0 5 0 solar,legacy,NL0 5,3,0.0,53935.51759343677,53935.5175934367
66,NL0 6 0 solar,legacy,NL0 6,3,0.0,53935.51759343677,53935.5175934367
66,NL0 7 0 solar,legacy,NL0 7,3,0.0,53935.51759343677,53935.5175934367
66,NL0 8 0 solar,legacy,NL0 8,1,0.0,59329.06935279719,59329.069352797116
66,NL0 9 0 solar,legacy,NL0 9,3,0.0,53935.51759343677,53935.5175934367
66,NL0 20 0 offwind-ac,legacy,NL0 20,1,0.0,59329.06935279719,59329.069352797116
66,NL0 27 0 offwind-ac,legacy,NL0 27,1,0.0,59329.06935279719,59329.069352797116
66,NL0 31 0 offwind-ac,legacy,NL0 31,2,0.0,48541.96583407945,48541.96583407938
66,NL0 32 0 offwind-ac,legacy,NL0 32,1,0.0,59329.06935279719,59329.069352797116
66,NL0 7 0 offwind-ac,legacy,NL0 7,3,0.0,53935.51759343677,53935.5175934367
66,NL0 0 0 onwind,legacy,NL0 0,1,0.0,59329.06935279719,59329.069352797116
66,NL0 1 0 onwind,legacy,NL0 1,3,0.0,53935.51759343677,53935.5175934367
66,NL0 10 0 onwind,legacy,NL0 10,1,0.0,59329.06935279719,59329.069352797116
66,NL0 11 0 onwind,legacy,NL0 11,3,0.0,53935.51759343677,53935.5175934367
66,NL0 12 0 onwind,legacy,NL0 12,2,0.0,48541.96583407945,48541.96583407938
66,NL0 13 0 onwind,legacy,NL0 13,3,0.0,53935.51759343677,53935.5175934367
66,NL0 14 0 onwind,legacy,NL0 14,2,0.0,48541.96583407945,48541.96583407938
66,NL0 15 0 onwind,legacy,NL0 15,2,0.0,48541.96583407945,48541.96583407938
66,NL0 17 0 onwind,legacy,NL0 17,1,0.0,59329.06935279719,59329.069352797116
66,NL0 19 0 onwind,legacy,NL0 19,2,0.0,48541.96583407945,48541.96583407938
66,NL0 2 0 onwind,legacy,NL0 2,2,0.0,48541.96583407945,48541.96583407938
66,NL0 20 0 onwind,legacy,NL0 20,1,0.0,59329.06935279719,59329.069352797116
66,NL0 21 0 onwind,legacy,NL0 21,1,0.0,59329.06935279719,59329.069352797116
66,NL0 22 0 onwind,legacy,NL0 22,3,0.0,53935.51759343677,53935.5175934367
66,NL0 23 0 onwind,legacy,NL0 23,1,0.0,59329.06935279719,59329.069352797116
66,NL0 24 0 onwind,legacy,NL0 24,1,0.0,59329.06935279719,59329.069352797116
66,NL0 27 0 onwind,legacy,NL0 27,1,0.0,59329.06935279719,59329.069352797116
66,NL0 3 0 onwind,legacy,NL0 3,1,0.0,59329.06935279719,59329.069352797116
66,NL0 30 0 onwind,legacy,NL0 30,1,0.0,59329.06935279719,59329.069352797116
66,NL0 31 0 onwind,legacy,NL0 31,2,0.0,48541.96583407945,48541.96583407938
66,NL0 4 0 onwind,legacy,NL0 4,2,0.0,48541.96583407945,48541.96583407938
66,NL0 5 0 onwind,legacy,NL0 5,3,0.0,53935.51759343677,53935.5175934367
66,NL0 6 0 onwind,legacy,NL0 6,3,0.0,53935.51759343677,53935.5175934367
66,NL0 7 0 onwind,legacy,NL0 7,3,0.0,53935.51759343677,53935.5175934367
66,NL0 8 0 onwind,legacy,NL0 8,1,0.0,59329.06935279719,59329.069352797116
66,NL0 9 0 onwind,legacy,NL0 9,3,0.0,53935.51759343677,53935.5175934367
67,NL0 0 Invest,investable,NL0 0,1,0.0,59329.06935279719,59329.06935292875
67,NL0 1 Invest,investable,NL0 1,3,0.0,53935.51759343677,53935.51759357159
67,NL0 10 Invest,investable,NL0 10,1,1000.0,59329.06935279719,59329.06935292875
67,NL0 11 Invest,investable,NL0 11,3,0.0,53935.51759343677,53935.51759357159
67,NL0 12 Invest,investable,NL0 12,2,987.3248031843468,48541.96583407945,48541.96583421443
67,NL0 13 Invest,investable,NL0 13,3,678.1047541590506,53935.51759343677,53935.51759357159
67,NL0 14 Invest,investable,NL0 14,2,0.0,48541.96583407945,48541.96583421443
67,NL0 15 Invest,investable,NL0 15,2,1000.0,48541.96583407945,48541.96583421443
67,NL0 16 Invest,investable,NL0 16,1,0.0,59329.06935279719,59329.06935292875
67,NL0 17 Invest,investable,NL0 17,1,1000.0,59329.06935279719,59329.06935292875
67,NL0 18 Invest,investable,NL0 18,1,0.0,59329.06935279719,59329.06935292875
67,NL0 19 Invest,investable,NL0 19,2,1000.0,48541.96583407945,48541.96583421443
67,NL0 2 Invest,investable,NL0 2,2,1000.0,48541.96583407945,48541.96583421443
67,NL0 20 Invest,investable,NL0 20,1,0.0,59329.06935279719,59329.06935292875
67,NL0 21 Invest,investable,NL0 21,1,35.5312178697568,59329.06935279719,59329.06935292875
67,NL0 22 Invest,investable,NL0 22,3,1000.0,53935.51759343677,53935.51759357159
67,NL0 23 Invest,investable,NL0 23,1,0.0,59329.06935279719,59329.06935292875
67,NL0 24 Invest,investable,NL0 24,1,0.0,59329.06935279719,59329.06935292875
67,NL0 25 Invest,investable,NL0 25,2,1000.0,48541.96583407945,48541.96583421443
67,NL0 26 Invest,investable,NL0 26,2,0.0,48541.96583407945,48541.96583421443
67,NL0 27 Invest,investable,NL0 27,1,1000.0,59329.06935279719,59329.06935292875
67,NL0 28 Invest,investable,NL0 28,2,0.0,48541.96583407945,48541.96583421443
67,NL0 3 Invest,investable,NL0 3,1,0.0,59329.06935279719,59329.06935292875
67,NL0 30 Invest,investable,NL0 30,1,0.0,59329.06935279719,59329.06935292875
67,NL0 31 Invest,investable,NL0 31,2,1000.0,48541.96583407945,48541.96583421443
67,NL0 33 Invest,investable,NL0 33,1,0.0,59329.06935279719,59329.06935292875
67,NL0 4 Invest,investable,NL0 4,2,0.0,48541.96583407945,48541.96583421443
67,NL0 5 Invest,investable,NL0 5,3,1000.0,53935.51759343677,53935.51759357159
67,NL0 6 Invest,investable,NL0 6,3,1000.0,53935.51759343677,53935.51759357159
67,NL0 7 Invest,investable,NL0 7,3,1000.0,53935.51759343677,53935.51759357159
67,NL0 8 Invest,investable,NL0 8,1,0.0,59329.06935279719,59329.06935292875
67,NL0 9 Invest,investable,NL0 9,3,1000.0,53935.51759343677,53935.51759357159
67,NL0 1 biomass,legacy,NL0 1,3,71.0,53935.51759343677,53935.51759343677
67,NL0 1 waste,legacy,NL0 1,3,31.0,53935.51759343677,53935.51759343677
67,NL0 10 waste,legacy,NL0 10,1,150.0,59329.06935279719,59329.06935279719
67,NL0 11 biomass,legacy,NL0 11,3,20.0,53935.51759343677,53935.51759343677
67,NL0 11 waste,legacy,NL0 11,3,50.0,53935.51759343677,53935.51759343677
67,NL0 13 biomass,legacy,NL0 13,3,77.0,53935.51759343677,53935.51759343677
67,NL0 19 biomass,legacy,NL0 19,2,49.0,48541.96583407945,48541.96583407945
67,NL0 19 waste,legacy,NL0 19,2,36.0,48541.96583407945,48541.96583407945
67,NL0 22 biomass,legacy,NL0 22,3,500.0,53935.51759343677,53935.51759343677
67,NL0 25 waste,legacy,NL0 25,2,54.0,48541.96583407945,48541.96583407945
67,NL0 27 biomass,legacy,NL0 27,1,22.0,59329.06935279719,59329.06935279719
67,NL0 27 waste,legacy,NL0 27,1,71.2,59329.06935279719,59329.06935279719
67,NL0 3 biomass,legacy,NL0 3,1,22.0,59329.06935279719,59329.06935279719
67,NL0 3 waste,legacy,NL0 3,1,108.0,59329.06935279719,59329.06935279719
67,NL0 30 biomass,legacy,NL0 30,1,60.0,59329.06935279719,59329.06935279719
67,NL0 7 nuclear,legacy,NL0 7,3,515.0,53935.51759343677,53935.51759343677
67,NL0 7 waste,legacy,NL0 7,3,39.0,53935.51759343677,53935.51759343677
67,NL0 8 biomass,legacy,NL0 8,1,36.0,59329.06935279719,59329.06935279719
67,NL0 8 waste,legacy,NL0 8,1,157.0,59329.06935279719,59329.06935279719
67,NL0 9 biomass,legacy,NL0 9,3,20.0,53935.51759343677,53935.51759343677
67,NL0 0 0 solar,legacy,NL0 0,1,0.0,59329.06935279719,59329.069352797116
67,NL0 1 0 solar,legacy,NL0 1,3,0.0,53935.51759343677,53935.5175934367
67,NL0 10 0 solar,legacy,NL0 10,1,0.0,59329.06935279719,59329.069352797116
67,NL0 11 0 solar,legacy,NL0 11,3,0.0,53935.51759343677,53935.5175934367
67,NL0 12 0 solar,legacy,NL0 12,2,0.0,48541.96583407945,48541.96583407938
67,NL0 13 0 solar,legacy,NL0 13,3,0.0,53935.51759343677,53935.5175934367
67,NL0 14 0 solar,legacy,NL0 14,2,0.0,48541.96583407945,48541.96583407938
67,NL0 15 0 solar,legacy,NL0 15,2,0.0,48541.96583407945,48541.96583407938
67,NL0 16 0 solar,legacy,NL0 16,1,0.0,59329.06935279719,59329.069352797116
67,NL0 17 0 solar,legacy,NL0 17,1,0.0,59329.06935279719,59329.069352797116
67,NL0 18 0 solar,legacy,NL0 18,1,0.0,59329.06935279719,59329.069352797116
67,NL0 19 0 solar,legacy,NL0 19,2,0.0,48541.96583407945,48541.96583407938
67,NL0 2 0 solar,legacy,NL0 2,2,0.0,48541.96583407945,48541.96583407938
67,NL0 20 0 solar,legacy,NL0 20,1,0.0,59329.06935279719,59329.069352797116
67,NL0 21 0 solar,legacy,NL0 21,1,0.0,59329.06935279719,59329.069352797116
67,NL0 22 0 solar,legacy,NL0 22,3,0.0,53935.51759343677,53935.5175934367
67,NL0 23 0 solar,legacy,NL0 23,1,0.0,59329.06935279719,59329.069352797116
67,NL0 24 0 solar,legacy,NL0 24,1,0.0,59329.06935279719,59329.069352797116
67,NL0 25 0 solar,legacy,NL0 25,2,0.0,48541.96583407945,48541.96583407938
67,NL0 26 0 solar,legacy,NL0 26,2,0.0,48541.96583407945,48541.96583407938
67,NL0 27 0 solar,legacy,NL0 27,1,0.0,59329.06935279719,59329.069352797116
67,NL0 28 0 solar,legacy,NL0 28,2,0.0,48541.96583407945,48541.96583407938
67,NL0 3 0 solar,legacy,NL0 3,1,0.0,59329.06935279719,59329.069352797116
67,NL0 30 0 solar,legacy,NL0 30,1,0.0,59329.06935279719,59329.069352797116
67,NL0 31 0 solar,legacy,NL0 31,2,0.0,48541.96583407945,48541.96583407938
67,NL0 4 0 solar,legacy,NL0 4,2,0.0,48541.96583407945,48541.96583407938
67,NL0 5 0 solar,legacy,NL0 5,3,0.0,53935.51759343677,53935.5175934367
67,NL0 6 0 solar,legacy,NL0 6,3,0.0,53935.51759343677,53935.5175934367
67,NL0 7 0 solar,legacy,NL0 7,3,0.0,53935.51759343677,53935.5175934367
67,NL0 8 0 solar,legacy,NL0 8,1,0.0,59329.06935279719,59329.069352797116
67,NL0 9 0 solar,legacy,NL0 9,3,0.0,53935.51759343677,53935.5175934367
67,NL0 20 0 offwind-ac,legacy,NL0 20,1,0.0,59329.06935279719,59329.069352797116
67,NL0 27 0 offwind-ac,legacy,NL0 27,1,0.0,59329.06935279719,59329.069352797116
67,NL0 31 0 offwind-ac,legacy,NL0 31,2,0.0,48541.96583407945,48541.96583407938
67,NL0 32 0 offwind-ac,legacy,NL0 32,1,0.0,59329.06935279719,59329.069352797116
67,NL0 7 0 offwind-ac,legacy,NL0 7,3,0.0,53935.51759343677,53935.5175934367
67,NL0 0 0 onwind,legacy,NL0 0,1,0.0,59329.06935279719,59329.069352797116
67,NL0 1 0 onwind,legacy,NL0 1,3,0.0,53935.51759343677,53935.5175934367
67,NL0 10 0 onwind,legacy,NL0 10,1,0.0,59329.06935279719,59329.069352797116
67,NL0 11 0 onwind,legacy,NL0 11,3,0.0,53935.51759343677,53935.5175934367
67,NL0 12 0 onwind,legacy,NL0 12,2,0.0,48541.96583407945,48541.96583407938
67,NL0 13 0 onwind,legacy,NL0 13,3,0.0,53935.51759343677,53935.5175934367
67,NL0 14 0 onwind,legacy,NL0 14,2,0.0,48541.96583407945,48541.96583407938
67,NL0 15 0 onwind,legacy,NL0 15,2,0.0,48541.96583407945,48541.96583407938
67,NL0 17 0 onwind,legacy,NL0 17,1,0.0,59329.06935279719,59329.069352797116
67,NL0 19 0 onwind,legacy,NL0 19,2,0.0,48541.96583407945,48541.96583407938
67,NL0 2 0 onwind,legacy,NL0 2,2,0.0,48541.96583407945,48541.96583407938
67,NL0 20 0 onwind,legacy,NL0 20,1,0.0,59329.06935279719,59329.069352797116
67,NL0 21 0 onwind,legacy,NL0 21,1,0.0,59329.06935279719,59329.069352797116
67,NL0 22 0 onwind,legacy,NL0 22,3,0.0,53935.51759343677,53935.5175934367
67,NL0 23 0 onwind,legacy,NL0 23,1,0.0,59329.06935279719,59329.069352797116
67,NL0 24 0 onwind,legacy,NL0 24,1,0.0,59329.06935279719,59329.069352797116
67,NL0 27 0 onwind,legacy,NL0 27,1,0.0,59329.06935279719,59329.069352797116
67,NL0 3 0 onwind,legacy,NL0 3,1,0.0,59329.06935279719,59329.069352797116
67,NL0 30 0 onwind,legacy,NL0 30,1,0.0,59329.06935279719,59329.069352797116
67,NL0 31 0 onwind,legacy,NL0 31,2,0.0,48541.96583407945,48541.96583407938
67,NL0 4 0 onwind,legacy,NL0 4,2,0.0,48541.96583407945,48541.96583407938
67,NL0 5 0 onwind,legacy,NL0 5,3,0.0,53935.51759343677,53935.5175934367
67,NL0 6 0 onwind,legacy,NL0 6,3,0.0,53935.51759343677,53935.5175934367
67,NL0 7 0 onwind,legacy,NL0 7,3,0.0,53935.51759343677,53935.5175934367
67,NL0 8 0 onwind,legacy,NL0 8,1,0.0,59329.06935279719,59329.069352797116
67,NL0 9 0 onwind,legacy,NL0 9,3,0.0,53935.51759343677,53935.5175934367
68,NL0 0 Invest,investable,NL0 0,1,1000.0,59329.06935279719,59329.06935292875
68,NL0 1 Invest,investable,NL0 1,3,1000.0,53935.51759343677,53935.51759357159
68,NL0 10 Invest,investable,NL0 10,1,0.0,59329.06935279719,59329.06935292875
68,NL0 11 Invest,investable,NL0 11,3,1000.0,53935.51759343677,53935.51759357159
68,NL0 12 Invest,investable,NL0 12,2,1000.0,48541.96583407945,48541.96583421443
68,NL0 13 Invest,investable,NL0 13,3,1000.0,53935.51759343677,53935.51759357159
68,NL0 14 Invest,investable,NL0 14,2,1000.0,48541.96583407945,48541.96583421443
68,NL0 15 Invest,investable,NL0 15,2,0.0,48541.96583407945,48541.96583421443
68,NL0 16 Invest,investable,NL0 16,1,35.5312178697568,59329.06935279719,59329.06935292875
68,NL0 17 Invest,investable,NL0 17,1,0.0,59329.06935279719,59329.06935292875
68,NL0 18 Invest,investable,NL0 18,1,0.0,59329.06935279719,59329.06935292875
68,NL0 19 Invest,investable,NL0 19,2,0.0,48541.96583407945,48541.96583421443
68,NL0 2 Invest,investable,NL0 2,2,0.0,48541.96583407945,48541.96583421443
68,NL0 20 Invest,investable,NL0 20,1,1000.0,59329.06935279719,59329.06935292875
68,NL0 21 Invest,investable,NL0 21,1,0.0,59329.06935279719,59329.06935292875
68,NL0 22 Invest,investable,NL0 22,3,0.0,53935.51759343677,53935.51759357159
68,NL0 23 Invest,investable,NL0 23,1,0.0,59329.06935279719,59329.06935292875
68,NL0 24 Invest,investable,NL0 24,1,1000.0,59329.06935279719,59329.06935292875
68,NL0 25 Invest,investable,NL0 25,2,0.0,48541.96583407945,48541.96583421443
68,NL0 26 Invest,investable,NL0 26,2,1000.0,48541.96583407945,48541.96583421443
68,NL0 27 Invest,investable,NL0 27,1,0.0,59329.06935279719,59329.06935292875
68,NL0 28 Invest,investable,NL0 28,2,1000.0,48541.96583407945,48541.96583421443
68,NL0 3 Invest,investable,NL0 3,1,0.0,59329.06935279719,59329.06935292875
68,NL0 30 Invest,investable,NL0 30,1,0.0,59329.06935279719,59329.06935292875
68,NL0 31 Invest,investable,NL0 31,2,987.3248031843468,48541.96583407945,48541.96583421443
68,NL0 33 Invest,investable,NL0 33,1,0.0,59329.06935279719,59329.06935292875
68,NL0 4 Invest,investable,NL0 4,2,1000.0,48541.96583407945,48541.96583421443
68,NL0 5 Invest,investable,NL0 5,3,678.1047541590506,53935.51759343677,53935.51759357159
68,NL0 6 Invest,investable,NL0 6,3,1000.0,53935.51759343677,53935.51759357159
68,NL0 7 Invest,investable,NL0 7,3,0.0,53935.51759343677,53935.51759357159
68,NL0 8 Invest,investable,NL0 8,1,0.0,59329.06935279719,59329.06935292875
68,NL0 9 Invest,investable,NL0 9,3,1000.0,53935.51759343677,53935.51759357159
68,NL0 1 biomass,legacy,NL0 1,3,71.0,53935.51759343677,53935.51759343677
68,NL0 1 waste,legacy,NL0 1,3,31.0,53935.51759343677,53935.51759343677
68,NL0 10 waste,legacy,NL0 10,1,150.0,59329.06935279719,59329.06935279719
68,NL0 11 biomass,legacy,NL0 11,3,20.0,53935.51759343677,53935.51759343677
68,NL0 11 waste,legacy,NL0 11,3,50.0,53935.51759343677,53935.51759343677
68,NL0 13 biomass,legacy,NL0 13,3,77.0,53935.51759343677,53935.51759343677
68,NL0 19 biomass,legacy,NL0 19,2,49.0,48541.96583407945,48541.96583407945
68,NL0 19 waste,legacy,NL0 19,2,36.0,48541.96583407945,48541.96583407945
68,NL0 22 biomass,legacy,NL0 22,3,500.0,53935.51759343677,53935.51759343677
68,NL0 25 waste,legacy,NL0 25,2,54.0,48541.96583407945,48541.96583407945
68,NL0 27 biomass,legacy,NL0 27,1,22.0,59329.06935279719,59329.06935279719
68,NL0 27 waste,legacy,NL0 27,1,71.2,59329.06935279719,59329.06935279719
68,NL0 3 biomass,legacy,NL0 3,1,22.0,59329.06935279719,59329.06935279719
68,NL0 3 waste,legacy,NL0 3,1,108.0,59329.06935279719,59329.06935279719
68,NL0 30 biomass,legacy,NL0 30,1,60.0,59329.06935279719,59329.06935279719
68,NL0 7 nuclear,legacy,NL0 7,3,515.0,53935.51759343677,53935.51759343677
68,NL0 7 waste,legacy,NL0 7,3,39.0,53935.51759343677,53935.51759343677
68,NL0 8 biomass,legacy,NL0 8,1,36.0,59329.06935279719,59329.06935279719
68,NL0 8 waste,legacy,NL0 8,1,157.0,59329.06935279719,59329.06935279719
68,NL0 9 biomass,legacy,NL0 9,3,20.0,53935.51759343677,53935.51759343677
68,NL0 0 0 solar,legacy,NL0 0,1,0.0,59329.06935279719,59329.069352797116
68,NL0 1 0 solar,legacy,NL0 1,3,0.0,53935.51759343677,53935.5175934367
68,NL0 10 0 solar,legacy,NL0 10,1,0.0,59329.06935279719,59329.069352797116
68,NL0 11 0 solar,legacy,NL0 11,3,0.0,53935.51759343677,53935.5175934367
68,NL0 12 0 solar,legacy,NL0 12,2,0.0,48541.96583407945,48541.96583407938
68,NL0 13 0 solar,legacy,NL0 13,3,0.0,53935.51759343677,53935.5175934367
68,NL0 14 0 solar,legacy,NL0 14,2,0.0,48541.96583407945,48541.96583407938
68,NL0 15 0 solar,legacy,NL0 15,2,0.0,48541.96583407945,48541.96583407938
68,NL0 16 0 solar,legacy,NL0 16,1,0.0,59329.06935279719,59329.069352797116
68,NL0 17 0 solar,legacy,NL0 17,1,0.0,59329.06935279719,59329.069352797116
68,NL0 18 0 solar,legacy,NL0 18,1,0.0,59329.06935279719,59329.069352797116
68,NL0 19 0 solar,legacy,NL0 19,2,0.0,48541.96583407945,48541.96583407938
68,NL0 2 0 solar,legacy,NL0 2,2,0.0,48541.96583407945,48541.96583407938
68,NL0 20 0 solar,legacy,NL0 20,1,0.0,59329.06935279719,59329.069352797116
68,NL0 21 0 solar,legacy,NL0 21,1,0.0,59329.06935279719,59329.069352797116
68,NL0 22 0 solar,legacy,NL0 22,3,0.0,53935.51759343677,53935.5175934367
68,NL0 23 0 solar,legacy,NL0 23,1,0.0,59329.06935279719,59329.069352797116
68,NL0 24 0 solar,legacy,NL0 24,1,0.0,59329.06935279719,59329.069352797116
68,NL0 25 0 solar,legacy,NL0 25,2,0.0,48541.96583407945,48541.96583407938
68,NL0 26 0 solar,legacy,NL0 26,2,0.0,48541.96583407945,48541.96583407938
68,NL0 27 0 solar,legacy,NL0 27,1,0.0,59329.06935279719,59329.069352797116
68,NL0 28 0 solar,legacy,NL0 28,2,0.0,48541.96583407945,48541.96583407938
68,NL0 3 0 solar,legacy,NL0 3,1,0.0,59329.06935279719,59329.069352797116
68,NL0 30 0 solar,legacy,NL0 30,1,0.0,59329.06935279719,59329.069352797116
68,NL0 31 0 solar,legacy,NL0 31,2,0.0,48541.96583407945,48541.96583407938
68,NL0 4 0 solar,legacy,NL0 4,2,0.0,48541.96583407945,48541.96583407938
68,NL0 5 0 solar,legacy,NL0 5,3,0.0,53935.51759343677,53935.5175934367
68,NL0 6 0 solar,legacy,NL0 6,3,0.0,53935.51759343677,53935.5175934367
68,NL0 7 0 solar,legacy,NL0 7,3,0.0,53935.51759343677,53935.5175934367
68,NL0 8 0 solar,legacy,NL0 8,1,0.0,59329.06935279719,59329.069352797116
68,NL0 9 0 solar,legacy,NL0 9,3,0.0,53935.51759343677,53935.5175934367
68,NL0 20 0 offwind-ac,legacy,NL0 20,1,0.0,59329.06935279719,59329.069352797116
68,NL0 27 0 offwind-ac,legacy,NL0 27,1,0.0,59329.06935279719,59329.069352797116
68,NL0 31 0 offwind-ac,legacy,NL0 31,2,0.0,48541.96583407945,48541.96583407938
68,NL0 32 0 offwind-ac,legacy,NL0 32,1,0.0,59329.06935279719,59329.069352797116
68,NL0 7 0 offwind-ac,legacy,NL0 7,3,0.0,53935.51759343677,53935.5175934367
68,NL0 0 0 onwind,legacy,NL0 0,1,0.0,59329.06935279719,59329.069352797116
68,NL0 1 0 onwind,legacy,NL0 1,3,0.0,53935.51759343677,53935.5175934367
68,NL0 10 0 onwind,legacy,NL0 10,1,0.0,59329.06935279719,59329.069352797116
68,NL0 11 0 onwind,legacy,NL0 11,3,0.0,53935.51759343677,53935.5175934367
68,NL0 12 0 onwind,legacy,NL0 12,2,0.0,48541.96583407945,48541.96583407938
68,NL0 13 0 onwind,legacy,NL0 13,3,0.0,53935.51759343677,53935.5175934367
68,NL0 14 0 onwind,legacy,NL0 14,2,0.0,48541.96583407945,48541.96583407938
68,NL0 15 0 onwind,legacy,NL0 15,2,0.0,48541.96583407945,48541.96583407938
68,NL0 17 0 onwind,legacy,NL0 17,1,0.0,59329.06935279719,59329.069352797116
68,NL0 19 0 onwind,legacy,NL0 19,2,0.0,48541.96583407945,48541.96583407938
68,NL0 2 0 onwind,legacy,NL0 2,2,0.0,48541.96583407945,48541.96583407938
68,NL0 20 0 onwind,legacy,NL0 20,1,0.0,59329.06935279719,59329.069352797116
68,NL0 21 0 onwind,legacy,NL0 21,1,0.0,59329.06935279719,59329.069352797116
68,NL0 22 0 onwind,legacy,NL0 22,3,0.0,53935.51759343677,53935.5175934367
68,NL0 23 0 onwind,legacy,NL0 23,1,0.0,59329.06935279719,59329.069352797116
68,NL0 24 0 onwind,legacy,NL0 24,1,0.0,59329.06935279719,59329.069352797116
68,NL0 27 0 onwind,legacy,NL0 27,1,0.0,59329.06935279719,59329.069352797116
68,NL0 3 0 onwind,legacy,NL0 3,1,0.0,59329.06935279719,59329.069352797116
68,NL0 30 0 onwind,legacy,NL0 30,1,0.0,59329.06935279719,59329.069352797116
68,NL0 31 0 onwind,legacy,NL0 31,2,0.0,48541.96583407945,48541.96583407938
68,NL0 4 0 onwind,legacy,NL0 4,2,0.0,48541.96583407945,48541.96583407938
68,NL0 5 0 onwind,legacy,NL0 5,3,0.0,53935.51759343677,53935.5175934367
68,NL0 6 0 onwind,legacy,NL0 6,3,0.0,53935.51759343677,53935.5175934367
68,NL0 7 0 onwind,legacy,NL0 7,3,0.0,53935.51759343677,53935.5175934367
68,NL0 8 0 onwind,legacy,NL0 8,1,0.0,59329.06935279719,59329.069352797116
68,NL0 9 0 onwind,legacy,NL0 9,3,0.0,53935.51759343677,53935.5175934367
69,NL0 0 Invest,investable,NL0 0,1,0.0,59329.06935279719,59329.06935292875
69,NL0 1 Invest,investable,NL0 1,3,678.1047541590506,53935.51759343677,53935.51759357159
69,NL0 10 Invest,investable,NL0 10,1,0.0,59329.06935279719,59329.06935292875
69,NL0 11 Invest,investable,NL0 11,3,1000.0,53935.51759343677,53935.51759357159
69,NL0 12 Invest,investable,NL0 12,2,1000.0,48541.96583407945,48541.96583421443
69,NL0 13 Invest,investable,NL0 13,3,0.0,53935.51759343677,53935.51759357159
69,NL0 14 Invest,investable,NL0 14,2,1000.0,48541.96583407945,48541.96583421443
69,NL0 15 Invest,investable,NL0 15,2,0.0,48541.96583407945,48541.96583421443
69,NL0 16 Invest,investable,NL0 16,1,1000.0,59329.06935279719,59329.06935292875
69,NL0 17 Invest,investable,NL0 17,1,0.0,59329.06935279719,59329.06935292875
69,NL0 18 Invest,investable,NL0 18,1,0.0,59329.06935279719,59329.06935292875
69,NL0 19 Invest,investable,NL0 19,2,0.0,48541.96583407945,48541.96583421443
69,NL0 2 Invest,investable,NL0 2,2,0.0,48541.96583407945,48541.96583421443
69,NL0 20 Invest,investable,NL0 20,1,0.0,59329.06935279719,59329.06935292875
69,NL0 21 Invest,investable,NL0 21,1,0.0,59329.06935279719,59329.06935292875
69,NL0 22 Invest,investable,NL0 22,3,1000.0,53935.51759343677,53935.51759357159
69,NL0 23 Invest,investable,NL0 23,1,0.0,59329.06935279719,59329.06935292875
69,NL0 24 Invest,investable,NL0 24,1,0.0,59329.06935279719,59329.06935292875
69,NL0 25 Invest,investable,NL0 25,2,0.0,48541.96583407945,48541.96583421443
69,NL0 26 Invest,investable,NL0 26,2,1000.0,48541.96583407945,48541.96583421443
69,NL0 27 Invest,investable,NL0 27,1,0.0,59329.06935279719,59329.06935292875
69,NL0 28 Invest,investable,NL0 28,2,1000.0,48541.96583407945,48541.96583421443
69,NL0 3 Invest,investable,NL0 3,1,1000.0,59329.06935279719,59329.06935292875
69,NL0 30 Invest,investable,NL0 30,1,0.0,59329.06935279719,59329.06935292875
69,NL0 31 Invest,investable,NL0 31,2,987.3248031843468,48541.96583407945,48541.96583421443
69,NL0 33 Invest,investable,NL0 33,1,35.5312178697568,59329.06935279719,59329.06935292875
69,NL0 4 Invest,investable,NL0 4,2,1000.0,48541.96583407945,48541.96583421443
69,NL0 5 Invest,investable,NL0 5,3,1000.0,53935.51759343677,53935.51759357159
69,NL0 6 Invest,investable,NL0 6,3,1000.0,53935.51759343677,53935.51759357159
69,NL0 7 Invest,investable,NL0 7,3,1000.0,53935.51759343677,53935.51759357159
69,NL0 8 Invest,investable,NL0 8,1,1000.0,59329.06935279719,59329.06935292875
69,NL0 9 Invest,investable,NL0 9,3,0.0,53935.51759343677,53935.51759357159
69,NL0 1 biomass,legacy,NL0 1,3,71.0,53935.51759343677,53935.51759343677
69,NL0 1 waste,legacy,NL0 1,3,31.0,53935.51759343677,53935.51759343677
69,NL0 10 waste,legacy,NL0 10,1,150.0,59329.06935279719,59329.06935279719
69,NL0 11 biomass,legacy,NL0 11,3,20.0,53935.51759343677,53935.51759343677
69,NL0 11 waste,legacy,NL0 11,3,50.0,53935.51759343677,53935.51759343677
69,NL0 13 biomass,legacy,NL0 13,3,77.0,53935.51759343677,53935.51759343677
69,NL0 19 biomass,legacy,NL0 19,2,49.0,48541.96583407945,48541.96583407945
69,NL0 19 waste,legacy,NL0 19,2,36.0,48541.96583407945,48541.96583407945
69,NL0 22 biomass,legacy,NL0 22,3,500.0,53935.51759343677,53935.51759343677
69,NL0 25 waste,legacy,NL0 25,2,54.0,48541.96583407945,48541.96583407945
69,NL0 27 biomass,legacy,NL0 27,1,22.0,59329.06935279719,59329.06935279719
69,NL0 27 waste,legacy,NL0 27,1,71.2,59329.06935279719,59329.06935279719
69,NL0 3 biomass,legacy,NL0 3,1,22.0,59329.06935279719,59329.06935279719
69,NL0 3 waste,legacy,NL0 3,1,108.0,59329.06935279719,59329.06935279719
69,NL0 30 biomass,legacy,NL0 30,1,60.0,59329.06935279719,59329.06935279719
69,NL0 7 nuclear,legacy,NL0 7,3,515.0,53935.51759343677,53935.51759343677
69,NL0 7 waste,legacy,NL0 7,3,39.0,53935.51759343677,53935.51759343677
69,NL0 8 biomass,legacy,NL0 8,1,36.0,59329.06935279719,59329.06935279719
69,NL0 8 waste,legacy,NL0 8,1,157.0,59329.06935279719,59329.06935279719
69,NL0 9 biomass,legacy,NL0 9,3,20.0,53935.51759343677,53935.51759343677
69,NL0 0 0 solar,legacy,NL0 0,1,0.0,59329.06935279719,59329.069352797116
69,NL0 1 0 solar,legacy,NL0 1,3,0.0,53935.51759343677,53935.5175934367
69,NL0 10 0 solar,legacy,NL0 10,1,0.0,59329.06935279719,59329.069352797116
69,NL0 11 0 solar,legacy,NL0 11,3,0.0,53935.51759343677,53935.5175934367
69,NL0 12 0 solar,legacy,NL0 12,2,0.0,48541.96583407945,48541.96583407938
69,NL0 13 0 solar,legacy,NL0 13,3,0.0,53935.51759343677,53935.5175934367
69,NL0 14 0 solar,legacy,NL0 14,2,0.0,48541.96583407945,48541.96583407938
69,NL0 15 0 solar,legacy,NL0 15,2,0.0,48541.96583407945,48541.96583407938
69,NL0 16 0 solar,legacy,NL0 16,1,0.0,59329.06935279719,59329.069352797116
69,NL0 17 0 solar,legacy,NL0 17,1,0.0,59329.06935279719,59329.069352797116
69,NL0 18 0 solar,legacy,NL0 18,1,0.0,59329.06935279719,59329.069352797116
69,NL0 19 0 solar,legacy,NL0 19,2,0.0,48541.96583407945,48541.96583407938
69,NL0 2 0 solar,legacy,NL0 2,2,0.0,48541.96583407945,48541.96583407938
69,NL0 20 0 solar,legacy,NL0 20,1,0.0,59329.06935279719,59329.069352797116
69,NL0 21 0 solar,legacy,NL0 21,1,0.0,59329.06935279719,59329.069352797116
69,NL0 22 0 solar,legacy,NL0 22,3,0.0,53935.51759343677,53935.5175934367
69,NL0 23 0 solar,legacy,NL0 23,1,0.0,59329.06935279719,59329.069352797116
69,NL0 24 0 solar,legacy,NL0 24,1,0.0,59329.06935279719,59329.069352797116
69,NL0 25 0 solar,legacy,NL0 25,2,0.0,48541.96583407945,48541.96583407938
69,NL0 26 0 solar,legacy,NL0 26,2,0.0,48541.96583407945,48541.96583407938
69,NL0 27 0 solar,legacy,NL0 27,1,0.0,59329.06935279719,59329.069352797116
69,NL0 28 0 solar,legacy,NL0 28,2,0.0,48541.96583407945,48541.96583407938
69,NL0 3 0 solar,legacy,NL0 3,1,0.0,59329.06935279719,59329.069352797116
69,NL0 30 0 solar,legacy,NL0 30,1,0.0,59329.06935279719,59329.069352797116
69,NL0 31 0 solar,legacy,NL0 31,2,0.0,48541.96583407945,48541.96583407938
69,NL0 4 0 solar,legacy,NL0 4,2,0.0,48541.96583407945,48541.96583407938
69,NL0 5 0 solar,legacy,NL0 5,3,0.0,53935.51759343677,53935.5175934367
69,NL0 6 0 solar,legacy,NL0 6,3,0.0,53935.51759343677,53935.5175934367
69,NL0 7 0 solar,legacy,NL0 7,3,0.0,53935.51759343677,53935.5175934367
69,NL0 8 0 solar,legacy,NL0 8,1,0.0,59329.06935279719,59329.069352797116
69,NL0 9 0 solar,legacy,NL0 9,3,0.0,53935.51759343677,53935.5175934367
69,NL0 20 0 offwind-ac,legacy,NL0 20,1,0.0,59329.06935279719,59329.069352797116
69,NL0 27 0 offwind-ac,legacy,NL0 27,1,0.0,59329.06935279719,59329.069352797116
69,NL0 31 0 offwind-ac,legacy,NL0 31,2,0.0,48541.96583407945,48541.96583407938
69,NL0 32 0 offwind-ac,legacy,NL0 32,1,0.0,59329.06935279719,59329.069352797116
69,NL0 7 0 offwind-ac,legacy,NL0 7,3,0.0,53935.51759343677,53935.5175934367
69,NL0 0 0 onwind,legacy,NL0 0,1,0.0,59329.06935279719,59329.069352797116
69,NL0 1 0 onwind,legacy,NL0 1,3,0.0,53935.51759343677,53935.5175934367
69,NL0 10 0 onwind,legacy,NL0 10,1,0.0,59329.06935279719,59329.069352797116
69,NL0 11 0 onwind,legacy,NL0 11,3,0.0,53935.51759343677,53935.5175934367
69,NL0 12 0 onwind,legacy,NL0 12,2,0.0,48541.96583407945,48541.96583407938
69,NL0 13 0 onwind,legacy,NL0 13,3,0.0,53935.51759343677,53935.5175934367
69,NL0 14 0 onwind,legacy,NL0 14,2,0.0,48541.96583407945,48541.96583407938
69,NL0 15 0 onwind,legacy,NL0 15,2,0.0,48541.96583407945,48541.96583407938
69,NL0 17 0 onwind,legacy,NL0 17,1,0.0,59329.06935279719,59329.069352797116
69,NL0 19 0 onwind,legacy,NL0 19,2,0.0,48541.96583407945,48541.96583407938
69,NL0 2 0 onwind,legacy,NL0 2,2,0.0,48541.96583407945,48541.96583407938
69,NL0 20 0 onwind,legacy,NL0 20,1,0.0,59329.06935279719,59329.069352797116
69,NL0 21 0 onwind,legacy,NL0 21,1,0.0,59329.06935279719,59329.069352797116
69,NL0 22 0 onwind,legacy,NL0 22,3,0.0,53935.51759343677,53935.5175934367
69,NL0 23 0 onwind,legacy,NL0 23,1,0.0,59329.06935279719,59329.069352797116
69,NL0 24 0 onwind,legacy,NL0 24,1,0.0,59329.06935279719,59329.069352797116
69,NL0 27 0 onwind,legacy,NL0 27,1,0.0,59329.06935279719,59329.069352797116
69,NL0 3 0 onwind,legacy,NL0 3,1,0.0,59329.06935279719,59329.069352797116
69,NL0 30 0 onwind,legacy,NL0 30,1,0.0,59329.06935279719,59329.069352797116
69,NL0 31 0 onwind,legacy,NL0 31,2,0.0,48541.96583407945,48541.96583407938
69,NL0 4 0 onwind,legacy,NL0 4,2,0.0,48541.96583407945,48541.96583407938
69,NL0 5 0 onwind,legacy,NL0 5,3,0.0,53935.51759343677,53935.5175934367
69,NL0 6 0 onwind,legacy,NL0 6,3,0.0,53935.51759343677,53935.5175934367
69,NL0 7 0 onwind,legacy,NL0 7,3,0.0,53935.51759343677,53935.5175934367
69,NL0 8 0 onwind,legacy,NL0 8,1,0.0,59329.06935279719,59329.069352797116
69,NL0 9 0 onwind,legacy,NL0 9,3,0.0,53935.51759343677,53935.5175934367
70,NL0 0 Invest,investable,NL0 0,1,0.0,59329.06935279719,59329.06935292875
70,NL0 1 Invest,investable,NL0 1,3,1000.0,53935.51759343677,53935.51759357159
70,NL0 10 Invest,investable,NL0 10,1,1000.0,59329.06935279719,59329.06935292875
70,NL0 11 Invest,investable,NL0 11,3,1000.0,53935.51759343677,53935.51759357159
70,NL0 12 Invest,investable,NL0 12,2,987.3248031843468,48541.96583407945,48541.96583421443
70,NL0 13 Invest,investable,NL0 13,3,1000.0,53935.51759343677,53935.51759357159
70,NL0 14 Invest,investable,NL0 14,2,0.0,48541.96583407945,48541.96583421443
70,NL0 15 Invest,investable,NL0 15,2,1000.0,48541.96583407945,48541.96583421443
70,NL0 16 Invest,investable,NL0 16,1,0.0,59329.06935279719,59329.06935292875
70,NL0 17 Invest,investable,NL0 17,1,0.0,59329.06935279719,59329.06935292875
70,NL0 18 Invest,investable,NL0 18,1,0.0,59329.06935279719,59329.06935292875
70,NL0 19 Invest,investable,NL0 19,2,1000.0,48541.96583407945,48541.96583421443
70,NL0 2 Invest,investable,NL0 2,2,1000.0,48541.96583407945,48541.96583421443
70,NL0 20 Invest,investable,NL0 20,1,1000.0,59329.06935279719,59329.06935292875
70,NL0 21 Invest,investable,NL0 21,1,0.0,59329.06935279719,59329.06935292875
70,NL0 22 Invest,investable,NL0 22,3,1000.0,53935.51759343677,53935.51759357159
70,NL0 23 Invest,investable,NL0 23,1,0.0,59329.06935279719,59329.06935292875
70,NL0 24 Invest,investable,NL0 24,1,1000.0,59329.06935279719,59329.06935292875
70,NL0 25 Invest,investable,NL0 25,2,1000.0,48541.96583407945,48541.96583421443
70,NL0 26 Invest,investable,NL0 26,2,0.0,48541.96583407945,48541.96583421443
70,NL0 27 Invest,investable,NL0 27,1,35.5312178697568,59329.06935279719,59329.06935292875
70,NL0 28 Invest,investable,NL0 28,2,0.0,48541.96583407945,48541.96583421443
70,NL0 3 Invest,investable,NL0 3,1,0.0,59329.06935279719,59329.06935292875
70,NL0 30 Invest,investable,NL0 30,1,0.0,59329.06935279719,59329.06935292875
70,NL0 31 Invest,investable,NL0 31,2,1000.0,48541.96583407945,48541.96583421443
70,NL0 33 Invest,investable,NL0 33,1,0.0,59329.06935279719,59329.06935292875
70,NL0 4 Invest,investable,NL0 4,2,0.0,48541.96583407945,48541.96583421443
70,NL0 5 Invest,investable,NL0 5,3,0.0,53935.51759343677,53935.51759357159
70,NL0 6 Invest,investable,NL0 6,3,0.0,53935.51759343677,53935.51759357159
70,NL0 7 Invest,investable,NL0 7,3,678.1047541590506,53935.51759343677,53935.51759357159
70,NL0 8 Invest,investable,NL0 8,1,0.0,59329.06935279719,59329.06935292875
70,NL0 9 Invest,investable,NL0 9,3,1000.0,53935.51759343677,53935.51759357159
70,NL0 1 biomass,legacy,NL0 1,3,71.0,53935.51759343677,53935.51759343677
70,NL0 1 waste,legacy,NL0 1,3,31.0,53935.51759343677,53935.51759343677
70,NL0 10 waste,legacy,NL0 10,1,150.0,59329.06935279719,59329.06935279719
70,NL0 11 biomass,legacy,NL0 11,3,20.0,53935.51759343677,53935.51759343677
70,NL0 11 waste,legacy,NL0 11,3,50.0,53935.51759343677,53935.51759343677
70,NL0 13 biomass,legacy,NL0 13,3,77.0,53935.51759343677,53935.51759343677
70,NL0 19 biomass,legacy,NL0 19,2,49.0,48541.96583407945,48541.96583407945
70,NL0 19 waste,legacy,NL0 19,2,36.0,48541.96583407945,48541.96583407945
70,NL0 22 biomass,legacy,NL0 22,3,500.0,53935.51759343677,53935.51759343677
70,NL0 25 waste,legacy,NL0 25,2,54.0,48541.96583407945,48541.96583407945
70,NL0 27 biomass,legacy,NL0 27,1,22.0,59329.06935279719,59329.06935279719
70,NL0 27 waste,legacy,NL0 27,1,71.2,59329.06935279719,59329.06935279719
70,NL0 3 biomass,legacy,NL0 3,1,22.0,59329.06935279719,59329.06935279719
70,NL0 3 waste,legacy,NL0 3,1,108.0,59329.06935279719,59329.06935279719
70,NL0 30 biomass,legacy,NL0 30,1,60.0,59329.06935279719,59329.06935279719
70,NL0 7 nuclear,legacy,NL0 7,3,515.0,53935.51759343677,53935.51759343677
70,NL0 7 waste,legacy,NL0 7,3,39.0,53935.51759343677,53935.51759343677
70,NL0 8 biomass,legacy,NL0 8,1,36.0,59329.06935279719,59329.06935279719
70,NL0 8 waste,legacy,NL0 8,1,157.0,59329.06935279719,59329.06935279719
70,NL0 9 biomass,legacy,NL0 9,3,20.0,53935.51759343677,53935.51759343677
70,NL0 0 0 solar,legacy,NL0 0,1,0.0,59329.06935279719,59329.069352797116
70,NL0 1 0 solar,legacy,NL0 1,3,0.0,53935.51759343677,53935.5175934367
70,NL0 10 0 solar,legacy,NL0 10,1,0.0,59329.06935279719,59329.069352797116
70,NL0 11 0 solar,legacy,NL0 11,3,0.0,53935.51759343677,53935.5175934367
70,NL0 12 0 solar,legacy,NL0 12,2,0.0,48541.96583407945,48541.96583407938
70,NL0 13 0 solar,legacy,NL0 13,3,0.0,53935.51759343677,53935.5175934367
70,NL0 14 0 solar,legacy,NL0 14,2,0.0,48541.96583407945,48541.96583407938
70,NL0 15 0 solar,legacy,NL0 15,2,0.0,48541.96583407945,48541.96583407938
70,NL0 16 0 solar,legacy,NL0 16,1,0.0,59329.06935279719,59329.069352797116
70,NL0 17 0 solar,legacy,NL0 17,1,0.0,59329.06935279719,59329.069352797116
70,NL0 18 0 solar,legacy,NL0 18,1,0.0,59329.06935279719,59329.069352797116
70,NL0 19 0 solar,legacy,NL0 19,2,0.0,48541.96583407945,48541.96583407938
70,NL0 2 0 solar,legacy,NL0 2,2,0.0,48541.96583407945,48541.96583407938
70,NL0 20 0 solar,legacy,NL0 20,1,0.0,59329.06935279719,59329.069352797116
70,NL0 21 0 solar,legacy,NL0 21,1,0.0,59329.06935279719,59329.069352797116
70,NL0 22 0 solar,legacy,NL0 22,3,0.0,53935.51759343677,53935.5175934367
70,NL0 23 0 solar,legacy,NL0 23,1,0.0,59329.06935279719,59329.069352797116
70,NL0 24 0 solar,legacy,NL0 24,1,0.0,59329.06935279719,59329.069352797116
70,NL0 25 0 solar,legacy,NL0 25,2,0.0,48541.96583407945,48541.96583407938
70,NL0 26 0 solar,legacy,NL0 26,2,0.0,48541.96583407945,48541.96583407938
70,NL0 27 0 solar,legacy,NL0 27,1,0.0,59329.06935279719,59329.069352797116
70,NL0 28 0 solar,legacy,NL0 28,2,0.0,48541.96583407945,48541.96583407938
70,NL0 3 0 solar,legacy,NL0 3,1,0.0,59329.06935279719,59329.069352797116
70,NL0 30 0 solar,legacy,NL0 30,1,0.0,59329.06935279719,59329.069352797116
70,NL0 31 0 solar,legacy,NL0 31,2,0.0,48541.96583407945,48541.96583407938
70,NL0 4 0 solar,legacy,NL0 4,2,0.0,48541.96583407945,48541.96583407938
70,NL0 5 0 solar,legacy,NL0 5,3,0.0,53935.51759343677,53935.5175934367
70,NL0 6 0 solar,legacy,NL0 6,3,0.0,53935.51759343677,53935.5175934367
70,NL0 7 0 solar,legacy,NL0 7,3,0.0,53935.51759343677,53935.5175934367
70,NL0 8 0 solar,legacy,NL0 8,1,0.0,59329.06935279719,59329.069352797116
70,NL0 9 0 solar,legacy,NL0 9,3,0.0,53935.51759343677,53935.5175934367
70,NL0 20 0 offwind-ac,legacy,NL0 20,1,0.0,59329.06935279719,59329.069352797116
70,NL0 27 0 offwind-ac,legacy,NL0 27,1,0.0,59329.06935279719,59329.069352797116
70,NL0 31 0 offwind-ac,legacy,NL0 31,2,0.0,48541.96583407945,48541.96583407938
70,NL0 32 0 offwind-ac,legacy,NL0 32,1,0.0,59329.06935279719,59329.069352797116
70,NL0 7 0 offwind-ac,legacy,NL0 7,3,0.0,53935.51759343677,53935.5175934367
70,NL0 0 0 onwind,legacy,NL0 0,1,0.0,59329.06935279719,59329.069352797116
70,NL0 1 0 onwind,legacy,NL0 1,3,0.0,53935.51759343677,53935.5175934367
70,NL0 10 0 onwind,legacy,NL0 10,1,0.0,59329.06935279719,59329.069352797116
70,NL0 11 0 onwind,legacy,NL0 11,3,0.0,53935.51759343677,53935.5175934367
70,NL0 12 0 onwind,legacy,NL0 12,2,0.0,48541.96583407945,48541.96583407938
70,NL0 13 0 onwind,legacy,NL0 13,3,0.0,53935.51759343677,53935.5175934367
70,NL0 14 0 onwind,legacy,NL0 14,2,0.0,48541.96583407945,48541.96583407938
70,NL0 15 0 onwind,legacy,NL0 15,2,0.0,48541.96583407945,48541.96583407938
70,NL0 17 0 onwind,legacy,NL0 17,1,0.0,59329.06935279719,59329.069352797116
70,NL0 19 0 onwind,legacy,NL0 19,2,0.0,48541.96583407945,48541.96583407938
70,NL0 2 0 onwind,legacy,NL0 2,2,0.0,48541.96583407945,48541.96583407938
70,NL0 20 0 onwind,legacy,NL0 20,1,0.0,59329.06935279719,59329.069352797116
70,NL0 21 0 onwind,legacy,NL0 21,1,0.0,59329.06935279719,59329.069352797116
70,NL0 22 0 onwind,legacy,NL0 22,3,0.0,53935.51759343677,53935.5175934367
70,NL0 23 0 onwind,legacy,NL0 23,1,0.0,59329.06935279719,59329.069352797116
70,NL0 24 0 onwind,legacy,NL0 24,1,0.0,59329.06935279719,59329.069352797116
70,NL0 27 0 onwind,legacy,NL0 27,1,0.0,59329.06935279719,59329.069352797116
70,NL0 3 0 onwind,legacy,NL0 3,1,0.0,59329.06935279719,59329.069352797116
70,NL0 30 0 onwind,legacy,NL0 30,1,0.0,59329.06935279719,59329.069352797116
70,NL0 31 0 onwind,legacy,NL0 31,2,0.0,48541.96583407945,48541.96583407938
70,NL0 4 0 onwind,legacy,NL0 4,2,0.0,48541.96583407945,48541.96583407938
70,NL0 5 0 onwind,legacy,NL0 5,3,0.0,53935.51759343677,53935.5175934367
70,NL0 6 0 onwind,legacy,NL0 6,3,0.0,53935.51759343677,53935.5175934367
70,NL0 7 0 onwind,legacy,NL0 7,3,0.0,53935.51759343677,53935.5175934367
70,NL0 8 0 onwind,legacy,NL0 8,1,0.0,59329.06935279719,59329.069352797116
70,NL0 9 0 onwind,legacy,NL0 9,3,0.0,53935.51759343677,53935.5175934367
71,NL0 0 Invest,investable,NL0 0,1,35.5312178697568,59329.06935279719,59329.06935292875
71,NL0 1 Invest,investable,NL0 1,3,1000.0,53935.51759343677,53935.51759357159
71,NL0 10 Invest,investable,NL0 10,1,1000.0,59329.06935279719,59329.06935292875
71,NL0 11 Invest,investable,NL0 11,3,1000.0,53935.51759343677,53935.51759357159
71,NL0 12 Invest,investable,NL0 12,2,1000.0,48541.96583407945,48541.96583421443
71,NL0 13 Invest,investable,NL0 13,3,1000.0,53935.51759343677,53935.51759357159
71,NL0 14 Invest,investable,NL0 14,2,1000.0,48541.96583407945,48541.96583421443
71,NL0 15 Invest,investable,NL0 15,2,0.0,48541.96583407945,48541.96583421443
71,NL0 16 Invest,investable,NL0 16,1,0.0,59329.06935279719,59329.06935292875
71,NL0 17 Invest,investable,NL0 17,1,0.0,59329.06935279719,59329.06935292875
71,NL0 18 Invest,investable,NL0 18,1,0.0,59329.06935279719,59329.06935292875
71,NL0 19 Invest,investable,NL0 19,2,0.0,48541.96583407945,48541.96583421443
71,NL0 2 Invest,investable,NL0 2,2,0.0,48541.96583407945,48541.96583421443
71,NL0 20 Invest,investable,NL0 20,1,1000.0,59329.06935279719,59329.06935292875
71,NL0 21 Invest,investable,NL0 21,1,0.0,59329.06935279719,59329.06935292875
71,NL0 22 Invest,investable,NL0 22,3,0.0,53935.51759343677,53935.51759357159
71,NL0 23 Invest,investable,NL0 23,1,0.0,59329.06935279719,59329.06935292875
71,NL0 24 Invest,investable,NL0 24,1,1000.0,59329.06935279719,59329.06935292875
71,NL0 25 Invest,investable,NL0 25,2,0.0,48541.96583407945,48541.96583421443
71,NL0 26 Invest,investable,NL0 26,2,1000.0,48541.96583407945,48541.96583421443
71,NL0 27 Invest,investable,NL0 27,1,0.0,59329.06935279719,59329.06935292875
71,NL0 28 Invest,investable,NL0 28,2,1000.0,48541.96583407945,48541.96583421443
71,NL0 3 Invest,investable,NL0 3,1,0.0,59329.06935279719,59329.06935292875
71,NL0 30 Invest,investable,NL0 30,1,0.0,59329.06935279719,59329.06935292875
71,NL0 31 Invest,investable,NL0 31,2,987.3248031843468,48541.96583407945,48541.96583421443
71,NL0 33 Invest,investable,NL0 33,1,0.0,59329.06935279719,59329.06935292875
71,NL0 4 Invest,investable,NL0 4,2,1000.0,48541.96583407945,48541.96583421443
71,NL0 5 Invest,investable,NL0 5,3,678.1047541590506,53935.51759343677,53935.51759357159
71,NL0 6 Invest,investable,NL0 6,3,1000.0,53935.51759343677,53935.51759357159
71,NL0 7 Invest,investable,NL0 7,3,0.0,53935.51759343677,53935.51759357159
71,NL0 8 Invest,investable,NL0 8,1,0.0,59329.06935279719,59329.06935292875
71,NL0 9 Invest,investable,NL0 9,3,1000.0,53935.51759343677,53935.51759357159
71,NL0 1 biomass,legacy,NL0 1,3,71.0,53935.51759343677,53935.51759343677
71,NL0 1 waste,legacy,NL0 1,3,31.0,53935.51759343677,53935.51759343677
71,NL0 10 waste,legacy,NL0 10,1,150.0,59329.06935279719,59329.06935279719
71,NL0 11 biomass,legacy,NL0 11,3,20.0,53935.51759343677,53935.51759343677
71,NL0 11 waste,legacy,NL0 11,3,50.0,53935.51759343677,53935.51759343677
71,NL0 13 biomass,legacy,NL0 13,3,77.0,53935.51759343677,53935.51759343677
71,NL0 19 biomass,legacy,NL0 19,2,49.0,48541.96583407945,48541.96583407945
71,NL0 19 waste,legacy,NL0 19,2,36.0,48541.96583407945,48541.96583407945
71,NL0 22 biomass,legacy,NL0 22,3,500.0,53935.51759343677,53935.51759343677
71,NL0 25 waste,legacy,NL0 25,2,54.0,48541.96583407945,48541.96583407945
71,NL0 27 biomass,legacy,NL0 27,1,22.0,59329.06935279719,59329.06935279719
71,NL0 27 waste,legacy,NL0 27,1,71.2,59329.06935279719,59329.06935279719
71,NL0 3 biomass,legacy,NL0 3,1,22.0,59329.06935279719,59329.06935279719
71,NL0 3 waste,legacy,NL0 3,1,108.0,59329.06935279719,59329.06935279719
71,NL0 30 biomass,legacy,NL0 30,1,60.0,59329.06935279719,59329.06935279719
71,NL0 7 nuclear,legacy,NL0 7,3,515.0,53935.51759343677,53935.51759343677
71,NL0 7 waste,legacy,NL0 7,3,39.0,53935.51759343677,53935.51759343677
71,NL0 8 biomass,legacy,NL0 8,1,36.0,59329.06935279719,59329.06935279719
71,NL0 8 waste,legacy,NL0 8,1,157.0,59329.06935279719,59329.06935279719
71,NL0 9 biomass,legacy,NL0 9,3,20.0,53935.51759343677,53935.51759343677
71,NL0 0 0 solar,legacy,NL0 0,1,0.0,59329.06935279719,59329.069352797116
71,NL0 1 0 solar,legacy,NL0 1,3,0.0,53935.51759343677,53935.5175934367
71,NL0 10 0 solar,legacy,NL0 10,1,0.0,59329.06935279719,59329.069352797116
71,NL0 11 0 solar,legacy,NL0 11,3,0.0,53935.51759343677,53935.5175934367
71,NL0 12 0 solar,legacy,NL0 12,2,0.0,48541.96583407945,48541.96583407938
71,NL0 13 0 solar,legacy,NL0 13,3,0.0,53935.51759343677,53935.5175934367
71,NL0 14 0 solar,legacy,NL0 14,2,0.0,48541.96583407945,48541.96583407938
71,NL0 15 0 solar,legacy,NL0 15,2,0.0,48541.96583407945,48541.96583407938
71,NL0 16 0 solar,legacy,NL0 16,1,0.0,59329.06935279719,59329.069352797116
71,NL0 17 0 solar,legacy,NL0 17,1,0.0,59329.06935279719,59329.069352797116
71,NL0 18 0 solar,legacy,NL0 18,1,0.0,59329.06935279719,59329.069352797116
71,NL0 19 0 solar,legacy,NL0 19,2,0.0,48541.96583407945,48541.96583407938
71,NL0 2 0 solar,legacy,NL0 2,2,0.0,48541.96583407945,48541.96583407938
71,NL0 20 0 solar,legacy,NL0 20,1,0.0,59329.06935279719,59329.069352797116
71,NL0 21 0 solar,legacy,NL0 21,1,0.0,59329.06935279719,59329.069352797116
71,NL0 22 0 solar,legacy,NL0 22,3,0.0,53935.51759343677,53935.5175934367
71,NL0 23 0 solar,legacy,NL0 23,1,0.0,59329.06935279719,59329.069352797116
71,NL0 24 0 solar,legacy,NL0 24,1,0.0,59329.06935279719,59329.069352797116
71,NL0 25 0 solar,legacy,NL0 25,2,0.0,48541.96583407945,48541.96583407938
71,NL0 26 0 solar,legacy,NL0 26,2,0.0,48541.96583407945,48541.96583407938
71,NL0 27 0 solar,legacy,NL0 27,1,0.0,59329.06935279719,59329.069352797116
71,NL0 28 0 solar,legacy,NL0 28,2,0.0,48541.96583407945,48541.96583407938
71,NL0 3 0 solar,legacy,NL0 3,1,0.0,59329.06935279719,59329.069352797116
71,NL0 30 0 solar,legacy,NL0 30,1,0.0,59329.06935279719,59329.069352797116
71,NL0 31 0 solar,legacy,NL0 31,2,0.0,48541.96583407945,48541.96583407938
71,NL0 4 0 solar,legacy,NL0 4,2,0.0,48541.96583407945,48541.96583407938
71,NL0 5 0 solar,legacy,NL0 5,3,0.0,53935.51759343677,53935.5175934367
71,NL0 6 0 solar,legacy,NL0 6,3,0.0,53935.51759343677,53935.5175934367
71,NL0 7 0 solar,legacy,NL0 7,3,0.0,53935.51759343677,53935.5175934367
71,NL0 8 0 solar,legacy,NL0 8,1,0.0,59329.06935279719,59329.069352797116
71,NL0 9 0 solar,legacy,NL0 9,3,0.0,53935.51759343677,53935.5175934367
71,NL0 20 0 offwind-ac,legacy,NL0 20,1,0.0,59329.06935279719,59329.069352797116
71,NL0 27 0 offwind-ac,legacy,NL0 27,1,0.0,59329.06935279719,59329.069352797116
71,NL0 31 0 offwind-ac,legacy,NL0 31,2,0.0,48541.96583407945,48541.96583407938
71,NL0 32 0 offwind-ac,legacy,NL0 32,1,0.0,59329.06935279719,59329.069352797116
71,NL0 7 0 offwind-ac,legacy,NL0 7,3,0.0,53935.51759343677,53935.5175934367
71,NL0 0 0 onwind,legacy,NL0 0,1,0.0,59329.06935279719,59329.069352797116
71,NL0 1 0 onwind,legacy,NL0 1,3,0.0,53935.51759343677,53935.5175934367
71,NL0 10 0 onwind,legacy,NL0 10,1,0.0,59329.06935279719,59329.069352797116
71,NL0 11 0 onwind,legacy,NL0 11,3,0.0,53935.51759343677,53935.5175934367
71,NL0 12 0 onwind,legacy,NL0 12,2,0.0,48541.96583407945,48541.96583407938
71,NL0 13 0 onwind,legacy,NL0 13,3,0.0,53935.51759343677,53935.5175934367
71,NL0 14 0 onwind,legacy,NL0 14,2,0.0,48541.96583407945,48541.96583407938
71,NL0 15 0 onwind,legacy,NL0 15,2,0.0,48541.96583407945,48541.96583407938
71,NL0 17 0 onwind,legacy,NL0 17,1,0.0,59329.06935279719,59329.069352797116
71,NL0 19 0 onwind,legacy,NL0 19,2,0.0,48541.96583407945,48541.96583407938
71,NL0 2 0 onwind,legacy,NL0 2,2,0.0,48541.96583407945,48541.96583407938
71,NL0 20 0 onwind,legacy,NL0 20,1,0.0,59329.06935279719,59329.069352797116
71,NL0 21 0 onwind,legacy,NL0 21,1,0.0,59329.06935279719,59329.069352797116
71,NL0 22 0 onwind,legacy,NL0 22,3,0.0,53935.51759343677,53935.5175934367
71,NL0 23 0 onwind,legacy,NL0 23,1,0.0,59329.06935279719,59329.069352797116
71,NL0 24 0 onwind,legacy,NL0 24,1,0.0,59329.06935279719,59329.069352797116
71,NL0 27 0 onwind,legacy,NL0 27,1,0.0,59329.06935279719,59329.069352797116
71,NL0 3 0 onwind,legacy,NL0 3,1,0.0,59329.06935279719,59329.069352797116
71,NL0 30 0 onwind,legacy,NL0 30,1,0.0,59329.06935279719,59329.069352797116
71,NL0 31 0 onwind,legacy,NL0 31,2,0.0,48541.96583407945,48541.96583407938
71,NL0 4 0 onwind,legacy,NL0 4,2,0.0,48541.96583407945,48541.96583407938
71,NL0 5 0 onwind,legacy,NL0 5,3,0.0,53935.51759343677,53935.5175934367
71,NL0 6 0 onwind,legacy,NL0 6,3,0.0,53935.51759343677,53935.5175934367
71,NL0 7 0 onwind,legacy,NL0 7,3,0.0,53935.51759343677,53935.5175934367
71,NL0 8 0 onwind,legacy,NL0 8,1,0.0,59329.06935279719,59329.069352797116
71,NL0 9 0 onwind,legacy,NL0 9,3,0.0,53935.51759343677,53935.5175934367
72,NL0 0 Invest,investable,NL0 0,1,0.0,59329.06935279719,59329.06935292875
72,NL0 1 Invest,investable,NL0 1,3,0.0,53935.51759343677,53935.51759357159
72,NL0 10 Invest,investable,NL0 10,1,0.0,59329.06935279719,59329.06935292875
72,NL0 11 Invest,investable,NL0 11,3,0.0,53935.51759343677,53935.51759357159
72,NL0 12 Invest,investable,NL0 12,2,987.3248031843468,48541.96583407945,48541.96583421443
72,NL0 13 Invest,investable,NL0 13,3,678.1047541590506,53935.51759343677,53935.51759357159
72,NL0 14 Invest,investable,NL0 14,2,0.0,48541.96583407945,48541.96583421443
72,NL0 15 Invest,investable,NL0 15,2,1000.0,48541.96583407945,48541.96583421443
72,NL0 16 Invest,investable,NL0 16,1,0.0,59329.06935279719,59329.06935292875
72,NL0 17 Invest,investable,NL0 17,1,1000.0,59329.06935279719,59329.06935292875
72,NL0 18 Invest,investable,NL0 18,1,35.5312178697568,59329.06935279719,59329.06935292875
72,NL0 19 Invest,investable,NL0 19,2,1000.0,48541.96583407945,48541.96583421443
72,NL0 2 Invest,investable,NL0 2,2,1000.0,48541.96583407945,48541.96583421443
72,NL0 20 Invest,investable,NL0 20,1,0.0,59329.06935279719,59329.06935292875
72,NL0 21 Invest,investable,NL0 21,1,1000.0,59329.06935279719,59329.06935292875
72,NL0 22 Invest,investable,NL0 22,3,1000.0,53935.51759343677,53935.51759357159
72,NL0 23 Invest,investable,NL0 23,1,0.0,59329.06935279719,59329.06935292875
72,NL0 24 Invest,investable,NL0 24,1,0.0,59329.06935279719,59329.06935292875
72,NL0 25 Invest,investable,NL0 25,2,1000.0,48541.96583407945,48541.96583421443
72,NL0 26 Invest,investable,NL0 26,2,0.0,48541.96583407945,48541.96583421443
72,NL0 27 Invest,investable,NL0 27,1,1000.0,59329.06935279719,59329.06935292875
72,NL0 28 Invest,investable,NL0 28,2,0.0,48541.96583407945,48541.96583421443
72,NL0 3 Invest,investable,NL0 3,1,0.0,59329.06935279719,59329.06935292875
72,NL0 30 Invest,investable,NL0 30,1,0.0,59329.06935279719,59329.06935292875
72,NL0 31 Invest,investable,NL0 31,2,1000.0,48541.96583407945,48541.96583421443
72,NL0 33 Invest,investable,NL0 33,1,0.0,59329.06935279719,59329.06935292875
72,NL0 4 Invest,investable,NL0 4,2,0.0,48541.96583407945,48541.96583421443
72,NL0 5 Invest,investable,NL0 5,3,1000.0,53935.51759343677,53935.51759357159
72,NL0 6 Invest,investable,NL0 6,3,1000.0,53935.51759343677,53935.51759357159
72,NL0 7 Invest,investable,NL0 7,3,1000.0,53935.51759343677,53935.51759357159
72,NL0 8 Invest,investable,NL0 8,1,0.0,59329.06935279719,59329.06935292875
72,NL0 9 Invest,investable,NL0 9,3,1000.0,53935.51759343677,53935.51759357159
72,NL0 1 biomass,legacy,NL0 1,3,71.0,53935.51759343677,53935.51759343677
72,NL0 1 waste,legacy,NL0 1,3,31.0,53935.51759343677,53935.51759343677
72,NL0 10 waste,legacy,NL0 10,1,150.0,59329.06935279719,59329.06935279719
72,NL0 11 biomass,legacy,NL0 11,3,20.0,53935.51759343677,53935.51759343677
72,NL0 11 waste,legacy,NL0 11,3,50.0,53935.51759343677,53935.51759343677
72,NL0 13 biomass,legacy,NL0 13,3,77.0,53935.51759343677,53935.51759343677
72,NL0 19 biomass,legacy,NL0 19,2,49.0,48541.96583407945,48541.96583407945
72,NL0 19 waste,legacy,NL0 19,2,36.0,48541.96583407945,48541.96583407945
72,NL0 22 biomass,legacy,NL0 22,3,500.0,53935.51759343677,53935.51759343677
72,NL0 25 waste,legacy,NL0 25,2,54.0,48541.96583407945,48541.96583407945
72,NL0 27 biomass,legacy,NL0 27,1,22.0,59329.06935279719,59329.06935279719
72,NL0 27 waste,legacy,NL0 27,1,71.2,59329.06935279719,59329.06935279719
72,NL0 3 biomass,legacy,NL0 3,1,22.0,59329.06935279719,59329.06935279719
72,NL0 3 waste,legacy,NL0 3,1,108.0,59329.06935279719,59329.06935279719
72,NL0 30 biomass,legacy,NL0 30,1,60.0,59329.06935279719,59329.06935279719
72,NL0 7 nuclear,legacy,NL0 7,3,515.0,53935.51759343677,53935.51759343677
72,NL0 7 waste,legacy,NL0 7,3,39.0,53935.51759343677,53935.51759343677
72,NL0 8 biomass,legacy,NL0 8,1,36.0,59329.06935279719,59329.06935279719
72,NL0 8 waste,legacy,NL0 8,1,157.0,59329.06935279719,59329.06935279719
72,NL0 9 biomass,legacy,NL0 9,3,20.0,53935.51759343677,53935.51759343677
72,NL0 0 0 solar,legacy,NL0 0,1,0.0,59329.06935279719,59329.069352797116
72,NL0 1 0 solar,legacy,NL0 1,3,0.0,53935.51759343677,53935.5175934367
72,NL0 10 0 solar,legacy,NL0 10,1,0.0,59329.06935279719,59329.069352797116
72,NL0 11 0 solar,legacy,NL0 11,3,0.0,53935.51759343677,53935.5175934367
72,NL0 12 0 solar,legacy,NL0 12,2,0.0,48541.96583407945,48541.96583407938
72,NL0 13 0 solar,legacy,NL0 13,3,0.0,53935.51759343677,53935.5175934367
72,NL0 14 0 solar,legacy,NL0 14,2,0.0,48541.96583407945,48541.96583407938
72,NL0 15 0 solar,legacy,NL0 15,2,0.0,48541.96583407945,48541.96583407938
72,NL0 16 0 solar,legacy,NL0 16,1,0.0,59329.06935279719,59329.069352797116
72,NL0 17 0 solar,legacy,NL0 17,1,0.0,59329.06935279719,59329.069352797116
72,NL0 18 0 solar,legacy,NL0 18,1,0.0,59329.06935279719,59329.069352797116
72,NL0 19 0 solar,legacy,NL0 19,2,0.0,48541.96583407945,48541.96583407938
72,NL0 2 0 solar,legacy,NL0 2,2,0.0,48541.96583407945,48541.96583407938
72,NL0 20 0 solar,legacy,NL0 20,1,0.0,59329.06935279719,59329.069352797116
72,NL0 21 0 solar,legacy,NL0 21,1,0.0,59329.06935279719,59329.069352797116
72,NL0 22 0 solar,legacy,NL0 22,3,0.0,53935.51759343677,53935.5175934367
72,NL0 23 0 solar,legacy,NL0 23,1,0.0,59329.06935279719,59329.069352797116
72,NL0 24 0 solar,legacy,NL0 24,1,0.0,59329.06935279719,59329.069352797116
72,NL0 25 0 solar,legacy,NL0 25,2,0.0,48541.96583407945,48541.96583407938
72,NL0 26 0 solar,legacy,NL0 26,2,0.0,48541.96583407945,48541.96583407938
72,NL0 27 0 solar,legacy,NL0 27,1,0.0,59329.06935279719,59329.069352797116
72,NL0 28 0 solar,legacy,NL0 28,2,0.0,48541.96583407945,48541.96583407938
72,NL0 3 0 solar,legacy,NL0 3,1,0.0,59329.06935279719,59329.069352797116
72,NL0 30 0 solar,legacy,NL0 30,1,0.0,59329.06935279719,59329.069352797116
72,NL0 31 0 solar,legacy,NL0 31,2,0.0,48541.96583407945,48541.96583407938
72,NL0 4 0 solar,legacy,NL0 4,2,0.0,48541.96583407945,48541.96583407938
72,NL0 5 0 solar,legacy,NL0 5,3,0.0,53935.51759343677,53935.5175934367
72,NL0 6 0 solar,legacy,NL0 6,3,0.0,53935.51759343677,53935.5175934367
72,NL0 7 0 solar,legacy,NL0 7,3,0.0,53935.51759343677,53935.5175934367
72,NL0 8 0 solar,legacy,NL0 8,1,0.0,59329.06935279719,59329.069352797116
72,NL0 9 0 solar,legacy,NL0 9,3,0.0,53935.51759343677,53935.5175934367
72,NL0 20 0 offwind-ac,legacy,NL0 20,1,0.0,59329.06935279719,59329.069352797116
72,NL0 27 0 offwind-ac,legacy,NL0 27,1,0.0,59329.06935279719,59329.069352797116
72,NL0 31 0 offwind-ac,legacy,NL0 31,2,0.0,48541.96583407945,48541.96583407938
72,NL0 32 0 offwind-ac,legacy,NL0 32,1,0.0,59329.06935279719,59329.069352797116
72,NL0 7 0 offwind-ac,legacy,NL0 7,3,0.0,53935.51759343677,53935.5175934367
72,NL0 0 0 onwind,legacy,NL0 0,1,0.0,59329.06935279719,59329.069352797116
72,NL0 1 0 onwind,legacy,NL0 1,3,0.0,53935.51759343677,53935.5175934367
72,NL0 10 0 onwind,legacy,NL0 10,1,0.0,59329.06935279719,59329.069352797116
72,NL0 11 0 onwind,legacy,NL0 11,3,0.0,53935.51759343677,53935.5175934367
72,NL0 12 0 onwind,legacy,NL0 12,2,0.0,48541.96583407945,48541.96583407938
72,NL0 13 0 onwind,legacy,NL0 13,3,0.0,53935.51759343677,53935.5175934367
72,NL0 14 0 onwind,legacy,NL0 14,2,0.0,48541.96583407945,48541.96583407938
72,NL0 15 0 onwind,legacy,NL0 15,2,0.0,48541.96583407945,48541.96583407938
72,NL0 17 0 onwind,legacy,NL0 17,1,0.0,59329.06935279719,59329.069352797116
72,NL0 19 0 onwind,legacy,NL0 19,2,0.0,48541.96583407945,48541.96583407938
72,NL0 2 0 onwind,legacy,NL0 2,2,0.0,48541.96583407945,48541.96583407938
72,NL0 20 0 onwind,legacy,NL0 20,1,0.0,59329.06935279719,59329.069352797116
72,NL0 21 0 onwind,legacy,NL0 21,1,0.0,59329.06935279719,59329.069352797116
72,NL0 22 0 onwind,legacy,NL0 22,3,0.0,53935.51759343677,53935.5175934367
72,NL0 23 0 onwind,legacy,NL0 23,1,0.0,59329.06935279719,59329.069352797116
72,NL0 24 0 onwind,legacy,NL0 24,1,0.0,59329.06935279719,59329.069352797116
72,NL0 27 0 onwind,legacy,NL0 27,1,0.0,59329.06935279719,59329.069352797116
72,NL0 3 0 onwind,legacy,NL0 3,1,0.0,59329.06935279719,59329.069352797116
72,NL0 30 0 onwind,legacy,NL0 30,1,0.0,59329.06935279719,59329.069352797116
72,NL0 31 0 onwind,legacy,NL0 31,2,0.0,48541.96583407945,48541.96583407938
72,NL0 4 0 onwind,legacy,NL0 4,2,0.0,48541.96583407945,48541.96583407938
72,NL0 5 0 onwind,legacy,NL0 5,3,0.0,53935.51759343677,53935.5175934367
72,NL0 6 0 onwind,legacy,NL0 6,3,0.0,53935.51759343677,53935.5175934367
72,NL0 7 0 onwind,legacy,NL0 7,3,0.0,53935.51759343677,53935.5175934367
72,NL0 8 0 onwind,legacy,NL0 8,1,0.0,59329.06935279719,59329.069352797116
72,NL0 9 0 onwind,legacy,NL0 9,3,0.0,53935.51759343677,53935.5175934367
73,NL0 0 Invest,investable,NL0 0,1,0.0,59329.06935279719,59329.06935292875
73,NL0 1 Invest,investable,NL0 1,3,1000.0,53935.51759343677,53935.51759357159
73,NL0 10 Invest,investable,NL0 10,1,0.0,59329.06935279719,59329.06935292875
73,NL0 11 Invest,investable,NL0 11,3,1000.0,53935.51759343677,53935.51759357159
73,NL0 12 Invest,investable,NL0 12,2,1000.0,48541.96583407945,48541.96583421443
73,NL0 13 Invest,investable,NL0 13,3,1000.0,53935.51759343677,53935.51759357159
73,NL0 14 Invest,investable,NL0 14,2,1000.0,48541.96583407945,48541.96583421443
73,NL0 15 Invest,investable,NL0 15,2,0.0,48541.96583407945,48541.96583421443
73,NL0 16 Invest,investable,NL0 16,1,1000.0,59329.06935279719,59329.06935292875
73,NL0 17 Invest,investable,NL0 17,1,0.0,59329.06935279719,59329.06935292875
73,NL0 18 Invest,investable,NL0 18,1,0.0,59329.06935279719,59329.06935292875
73,NL0 19 Invest,investable,NL0 19,2,0.0,48541.96583407945,48541.96583421443
73,NL0 2 Invest,investable,NL0 2,2,0.0,48541.96583407945,48541.96583421443
73,NL0 20 Invest,investable,NL0 20,1,0.0,59329.06935279719,59329.06935292875
73,NL0 21 Invest,investable,NL0 21,1,0.0,59329.06935279719,59329.06935292875
73,NL0 22 Invest,investable,NL0 22,3,0.0,53935.51759343677,53935.51759357159
73,NL0 23 Invest,investable,NL0 23,1,0.0,59329.06935279719,59329.06935292875
73,NL0 24 Invest,investable,NL0 24,1,0.0,59329.06935279719,59329.06935292875
73,NL0 25 Invest,investable,NL0 25,2,0.0,48541.96583407945,48541.96583421443
73,NL0 26 Invest,investable,NL0 26,2,1000.0,48541.96583407945,48541.96583421443
73,NL0 27 Invest,investable,NL0 27,1,0.0,59329.06935279719,59329.06935292875
73,NL0 28 Invest,investable,NL0 28,2,1000.0,48541.96583407945,48541.96583421443
73,NL0 3 Invest,investable,NL0 3,1,1000.0,59329.06935279719,59329.06935292875
73,NL0 30 Invest,investable,NL0 30,1,0.0,59329.06935279719,59329.06935292875
73,NL0 31 Invest,investable,NL0 31,2,987.3248031843468,48541.96583407945,48541.96583421443
73,NL0 33 Invest,investable,NL0 33,1,35.5312178697568,59329.06935279719,59329.06935292875
73,NL0 4 Invest,investable,NL0 4,2,1000.0,48541.96583407945,48541.96583421443
73,NL0 5 Invest,investable,NL0 5,3,678.1047541590506,53935.51759343677,53935.51759357159
73,NL0 6 Invest,investable,NL0 6,3,1000.0,53935.51759343677,53935.51759357159
73,NL0 7 Invest,investable,NL0 7,3,0.0,53935.51759343677,53935.51759357159
73,NL0 8 Invest,investable,NL0 8,1,1000.0,59329.06935279719,59329.06935292875
73,NL0 9 Invest,investable,NL0 9,3,1000.0,53935.51759343677,53935.51759357159
73,NL0 1 biomass,legacy,NL0 1,3,71.0,53935.51759343677,53935.51759343677
73,NL0 1 waste,legacy,NL0 1,3,31.0,53935.51759343677,53935.51759343677
73,NL0 10 waste,legacy,NL0 10,1,150.0,59329.06935279719,59329.06935279719
73,NL0 11 biomass,legacy,NL0 11,3,20.0,53935.51759343677,53935.51759343677
73,NL0 11 waste,legacy,NL0 11,3,50.0,53935.51759343677,53935.51759343677
73,NL0 13 biomass,legacy,NL0 13,3,77.0,53935.51759343677,53935.51759343677
73,NL0 19 biomass,legacy,NL0 19,2,49.0,48541.96583407945,48541.96583407945
73,NL0 19 waste,legacy,NL0 19,2,36.0,48541.96583407945,48541.96583407945
73,NL0 22 biomass,legacy,NL0 22,3,500.0,53935.51759343677,53935.51759343677
73,NL0 25 waste,legacy,NL0 25,2,54.0,48541.96583407945,48541.96583407945
73,NL0 27 biomass,legacy,NL0 27,1,22.0,59329.06935279719,59329.06935279719
73,NL0 27 waste,legacy,NL0 27,1,71.2,59329.06935279719,59329.06935279719
73,NL0 3 biomass,legacy,NL0 3,1,22.0,59329.06935279719,59329.06935279719
73,NL0 3 waste,legacy,NL0 3,1,108.0,59329.06935279719,59329.06935279719
73,NL0 30 biomass,legacy,NL0 30,1,60.0,59329.06935279719,59329.06935279719
73,NL0 7 nuclear,legacy,NL0 7,3,515.0,53935.51759343677,53935.51759343677
73,NL0 7 waste,legacy,NL0 7,3,39.0,53935.51759343677,53935.51759343677
73,NL0 8 biomass,legacy,NL0 8,1,36.0,59329.06935279719,59329.06935279719
73,NL0 8 waste,legacy,NL0 8,1,157.0,59329.06935279719,59329.06935279719
73,NL0 9 biomass,legacy,NL0 9,3,20.0,53935.51759343677,53935.51759343677
73,NL0 0 0 solar,legacy,NL0 0,1,0.0,59329.06935279719,59329.069352797116
73,NL0 1 0 solar,legacy,NL0 1,3,0.0,53935.51759343677,53935.5175934367
73,NL0 10 0 solar,legacy,NL0 10,1,0.0,59329.06935279719,59329.069352797116
73,NL0 11 0 solar,legacy,NL0 11,3,0.0,53935.51759343677,53935.5175934367
73,NL0 12 0 solar,legacy,NL0 12,2,0.0,48541.96583407945,48541.96583407938
73,NL0 13 0 solar,legacy,NL0 13,3,0.0,53935.51759343677,53935.5175934367
73,NL0 14 0 solar,legacy,NL0 14,2,0.0,48541.96583407945,48541.96583407938
73,NL0 15 0 solar,legacy,NL0 15,2,0.0,48541.96583407945,48541.96583407938
73,NL0 16 0 solar,legacy,NL0 16,1,0.0,59329.06935279719,59329.069352797116
73,NL0 17 0 solar,legacy,NL0 17,1,0.0,59329.06935279719,59329.069352797116
73,NL0 18 0 solar,legacy,NL0 18,1,0.0,59329.06935279719,59329.069352797116
73,NL0 19 0 solar,legacy,NL0 19,2,0.0,48541.96583407945,48541.96583407938
73,NL0 2 0 solar,legacy,NL0 2,2,0.0,48541.96583407945,48541.96583407938
73,NL0 20 0 solar,legacy,NL0 20,1,0.0,59329.06935279719,59329.069352797116
73,NL0 21 0 solar,legacy,NL0 21,1,0.0,59329.06935279719,59329.069352797116
73,NL0 22 0 solar,legacy,NL0 22,3,0.0,53935.51759343677,53935.5175934367
73,NL0 23 0 solar,legacy,NL0 23,1,0.0,59329.06935279719,59329.069352797116
73,NL0 24 0 solar,legacy,NL0 24,1,0.0,59329.06935279719,59329.069352797116
73,NL0 25 0 solar,legacy,NL0 25,2,0.0,48541.96583407945,48541.96583407938
73,NL0 26 0 solar,legacy,NL0 26,2,0.0,48541.96583407945,48541.96583407938
73,NL0 27 0 solar,legacy,NL0 27,1,0.0,59329.06935279719,59329.069352797116
73,NL0 28 0 solar,legacy,NL0 28,2,0.0,48541.96583407945,48541.96583407938
73,NL0 3 0 solar,legacy,NL0 3,1,0.0,59329.06935279719,59329.069352797116
73,NL0 30 0 solar,legacy,NL0 30,1,0.0,59329.06935279719,59329.069352797116
73,NL0 31 0 solar,legacy,NL0 31,2,0.0,48541.96583407945,48541.96583407938
73,NL0 4 0 solar,legacy,NL0 4,2,0.0,48541.96583407945,48541.96583407938
73,NL0 5 0 solar,legacy,NL0 5,3,0.0,53935.51759343677,53935.5175934367
73,NL0 6 0 solar,legacy,NL0 6,3,0.0,53935.51759343677,53935.5175934367
73,NL0 7 0 solar,legacy,NL0 7,3,0.0,53935.51759343677,53935.5175934367
73,NL0 8 0 solar,legacy,NL0 8,1,0.0,59329.06935279719,59329.069352797116
73,NL0 9 0 solar,legacy,NL0 9,3,0.0,53935.51759343677,53935.5175934367
73,NL0 20 0 offwind-ac,legacy,NL0 20,1,0.0,59329.06935279719,59329.069352797116
73,NL0 27 0 offwind-ac,legacy,NL0 27,1,0.0,59329.06935279719,59329.069352797116
73,NL0 31 0 offwind-ac,legacy,NL0 31,2,0.0,48541.96583407945,48541.96583407938
73,NL0 32 0 offwind-ac,legacy,NL0 32,1,0.0,59329.06935279719,59329.069352797116
73,NL0 7 0 offwind-ac,legacy,NL0 7,3,0.0,53935.51759343677,53935.5175934367
73,NL0 0 0 onwind,legacy,NL0 0,1,0.0,59329.06935279719,59329.069352797116
73,NL0 1 0 onwind,legacy,NL0 1,3,0.0,53935.51759343677,53935.5175934367
73,NL0 10 0 onwind,legacy,NL0 10,1,0.0,59329.06935279719,59329.069352797116
73,NL0 11 0 onwind,legacy,NL0 11,3,0.0,53935.51759343677,53935.5175934367
73,NL0 12 0 onwind,legacy,NL0 12,2,0.0,48541.96583407945,48541.96583407938
73,NL0 13 0 onwind,legacy,NL0 13,3,0.0,53935.51759343677,53935.5175934367
73,NL0 14 0 onwind,legacy,NL0 14,2,0.0,48541.96583407945,48541.96583407938
73,NL0 15 0 onwind,legacy,NL0 15,2,0.0,48541.96583407945,48541.96583407938
73,NL0 17 0 onwind,legacy,NL0 17,1,0.0,59329.06935279719,59329.069352797116
73,NL0 19 0 onwind,legacy,NL0 19,2,0.0,48541.96583407945,48541.96583407938
73,NL0 2 0 onwind,legacy,NL0 2,2,0.0,48541.96583407945,48541.96583407938
73,NL0 20 0 onwind,legacy,NL0 20,1,0.0,59329.06935279719,59329.069352797116
73,NL0 21 0 onwind,legacy,NL0 21,1,0.0,59329.06935279719,59329.069352797116
73,NL0 22 0 onwind,legacy,NL0 22,3,0.0,53935.51759343677,53935.5175934367
73,NL0 23 0 onwind,legacy,NL0 23,1,0.0,59329.06935279719,59329.069352797116
73,NL0 24 0 onwind,legacy,NL0 24,1,0.0,59329.06935279719,59329.069352797116
73,NL0 27 0 onwind,legacy,NL0 27,1,0.0,59329.06935279719,59329.069352797116
73,NL0 3 0 onwind,legacy,NL0 3,1,0.0,59329.06935279719,59329.069352797116
73,NL0 30 0 onwind,legacy,NL0 30,1,0.0,59329.06935279719,59329.069352797116
73,NL0 31 0 onwind,legacy,NL0 31,2,0.0,48541.96583407945,48541.96583407938
73,NL0 4 0 onwind,legacy,NL0 4,2,0.0,48541.96583407945,48541.96583407938
73,NL0 5 0 onwind,legacy,NL0 5,3,0.0,53935.51759343677,53935.5175934367
73,NL0 6 0 onwind,legacy,NL0 6,3,0.0,53935.51759343677,53935.5175934367
73,NL0 7 0 onwind,legacy,NL0 7,3,0.0,53935.51759343677,53935.5175934367
73,NL0 8 0 onwind,legacy,NL0 8,1,0.0,59329.06935279719,59329.069352797116
73,NL0 9 0 onwind,legacy,NL0 9,3,0.0,53935.51759343677,53935.5175934367
74,NL0 0 Invest,investable,NL0 0,1,0.0,59329.06935279719,59329.06935292875
74,NL0 1 Invest,investable,NL0 1,3,0.0,53935.51759343677,53935.51759357159
74,NL0 10 Invest,investable,NL0 10,1,1000.0,59329.06935279719,59329.06935292875
74,NL0 11 Invest,investable,NL0 11,3,0.0,53935.51759343677,53935.51759357159
74,NL0 12 Invest,investable,NL0 12,2,987.3248031843468,48541.96583407945,48541.96583421443
74,NL0 13 Invest,investable,NL0 13,3,678.1047541590506,53935.51759343677,53935.51759357159
74,NL0 14 Invest,investable,NL0 14,2,0.0,48541.96583407945,48541.96583421443
74,NL0 15 Invest,investable,NL0 15,2,1000.0,48541.96583407945,48541.96583421443
74,NL0 16 Invest,investable,NL0 16,1,0.0,59329.06935279719,59329.06935292875
74,NL0 17 Invest,investable,NL0 17,1,0.0,59329.06935279719,59329.06935292875
74,NL0 18 Invest,investable,NL0 18,1,0.0,59329.06935279719,59329.06935292875
74,NL0 19 Invest,investable,NL0 19,2,1000.0,48541.96583407945,48541.96583421443
74,NL0 2 Invest,investable,NL0 2,2,1000.0,48541.96583407945,48541.96583421443
74,NL0 20 Invest,investable,NL0 20,1,1000.0,59329.06935279719,59329.06935292875
74,NL0 21 Invest,investable,NL0 21,1,0.0,59329.06935279719,59329.06935292875
74,NL0 22 Invest,investable,NL0 22,3,1000.0,53935.51759343677,53935.51759357159
74,NL0 23 Invest,investable,NL0 23,1,0.0,59329.06935279719,59329.06935292875
74,NL0 24 Invest,investable,NL0 24,1,1000.0,59329.06935279719,59329.06935292875
74,NL0 25 Invest,investable,NL0 25,2,1000.0,48541.96583407945,48541.96583421443
74,NL0 26 Invest,investable,NL0 26,2,0.0,48541.96583407945,48541.96583421443
74,NL0 27 Invest,investable,NL0 27,1,35.5312178697568,59329.06935279719,59329.06935292875
74,NL0 28 Invest,investable,NL0 28,2,0.0,48541.96583407945,48541.96583421443
74,NL0 3 Invest,investable,NL0 3,1,0.0,59329.06935279719,59329.06935292875
74,NL0 30 Invest,investable,NL0 30,1,0.0,59329.06935279719,59329.06935292875
74,NL0 31 Invest,investable,NL0 31,2,1000.0,48541.96583407945,48541.96583421443
74,NL0 33 Invest,investable,NL0 33,1,0.0,59329.06935279719,59329.06935292875
74,NL0 4 Invest,investable,NL0 4,2,0.0,48541.96583407945,48541.96583421443
74,NL0 5 Invest,investable,NL0 5,3,1000.0,53935.51759343677,53935.51759357159
74,NL0 6 Invest,investable,NL0 6,3,1000.0,53935.51759343677,53935.51759357159
74,NL0 7 Invest,investable,NL0 7,3,1000.0,53935.51759343677,53935.51759357159
74,NL0 8 Invest,investable,NL0 8,1,0.0,59329.06935279719,59329.06935292875
74,NL0 9 Invest,investable,NL0 9,3,1000.0,53935.51759343677,53935.51759357159
74,NL0 1 biomass,legacy,NL0 1,3,71.0,53935.51759343677,53935.51759343677
74,NL0 1 waste,legacy,NL0 1,3,31.0,53935.51759343677,53935.51759343677
74,NL0 10 waste,legacy,NL0 10,1,150.0,59329.06935279719,59329.06935279719
74,NL0 11 biomass,legacy,NL0 11,3,20.0,53935.51759343677,53935.51759343677
74,NL0 11 waste,legacy,NL0 11,3,50.0,53935.51759343677,53935.51759343677
74,NL0 13 biomass,legacy,NL0 13,3,77.0,53935.51759343677,53935.51759343677
74,NL0 19 biomass,legacy,NL0 19,2,49.0,48541.96583407945,48541.96583407945
74,NL0 19 waste,legacy,NL0 19,2,36.0,48541.96583407945,48541.96583407945
74,NL0 22 biomass,legacy,NL0 22,3,500.0,53935.51759343677,53935.51759343677
74,NL0 25 waste,legacy,NL0 25,2,54.0,48541.96583407945,48541.96583407945
74,NL0 27 biomass,legacy,NL0 27,1,22.0,59329.06935279719,59329.06935279719
74,NL0 27 waste,legacy,NL0 27,1,71.2,59329.06935279719,59329.06935279719
74,NL0 3 biomass,legacy,NL0 3,1,22.0,59329.06935279719,59329.06935279719
74,NL0 3 waste,legacy,NL0 3,1,108.0,59329.06935279719,59329.06935279719
74,NL0 30 biomass,legacy,NL0 30,1,60.0,59329.06935279719,59329.06935279719
74,NL0 7 nuclear,legacy,NL0 7,3,515.0,53935.51759343677,53935.51759343677
74,NL0 7 waste,legacy,NL0 7,3,39.0,53935.51759343677,53935.51759343677
74,NL0 8 biomass,legacy,NL0 8,1,36.0,59329.06935279719,59329.06935279719
74,NL0 8 waste,legacy,NL0 8,1,157.0,59329.06935279719,59329.06935279719
74,NL0 9 biomass,legacy,NL0 9,3,20.0,53935.51759343677,53935.51759343677
74,NL0 0 0 solar,legacy,NL0 0,1,0.0,59329.06935279719,59329.069352797116
74,NL0 1 0 solar,legacy,NL0 1,3,0.0,53935.51759343677,53935.5175934367
74,NL0 10 0 solar,legacy,NL0 10,1,0.0,59329.06935279719,59329.069352797116
74,NL0 11 0 solar,legacy,NL0 11,3,0.0,53935.51759343677,53935.5175934367
74,NL0 12 0 solar,legacy,NL0 12,2,0.0,48541.96583407945,48541.96583407938
74,NL0 13 0 solar,legacy,NL0 13,3,0.0,53935.51759343677,53935.5175934367
74,NL0 14 0 solar,legacy,NL0 14,2,0.0,48541.96583407945,48541.96583407938
74,NL0 15 0 solar,legacy,NL0 15,2,0.0,48541.96583407945,48541.96583407938
74,NL0 16 0 solar,legacy,NL0 16,1,0.0,59329.06935279719,59329.069352797116
74,NL0 17 0 solar,legacy,NL0 17,1,0.0,59329.06935279719,59329.069352797116
74,NL0 18 0 solar,legacy,NL0 18,1,0.0,59329.06935279719,59329.069352797116
74,NL0 19 0 solar,legacy,NL0 19,2,0.0,48541.96583407945,48541.96583407938
74,NL0 2 0 solar,legacy,NL0 2,2,0.0,48541.96583407945,48541.96583407938
74,NL0 20 0 solar,legacy,NL0 20,1,0.0,59329.06935279719,59329.069352797116
74,NL0 21 0 solar,legacy,NL0 21,1,0.0,59329.06935279719,59329.069352797116
74,NL0 22 0 solar,legacy,NL0 22,3,0.0,53935.51759343677,53935.5175934367
74,NL0 23 0 solar,legacy,NL0 23,1,0.0,59329.06935279719,59329.069352797116
74,NL0 24 0 solar,legacy,NL0 24,1,0.0,59329.06935279719,59329.069352797116
74,NL0 25 0 solar,legacy,NL0 25,2,0.0,48541.96583407945,48541.96583407938
74,NL0 26 0 solar,legacy,NL0 26,2,0.0,48541.96583407945,48541.96583407938
74,NL0 27 0 solar,legacy,NL0 27,1,0.0,59329.06935279719,59329.069352797116
74,NL0 28 0 solar,legacy,NL0 28,2,0.0,48541.96583407945,48541.96583407938
74,NL0 3 0 solar,legacy,NL0 3,1,0.0,59329.06935279719,59329.069352797116
74,NL0 30 0 solar,legacy,NL0 30,1,0.0,59329.06935279719,59329.069352797116
74,NL0 31 0 solar,legacy,NL0 31,2,0.0,48541.96583407945,48541.96583407938
74,NL0 4 0 solar,legacy,NL0 4,2,0.0,48541.96583407945,48541.96583407938
74,NL0 5 0 solar,legacy,NL0 5,3,0.0,53935.51759343677,53935.5175934367
74,NL0 6 0 solar,legacy,NL0 6,3,0.0,53935.51759343677,53935.5175934367
74,NL0 7 0 solar,legacy,NL0 7,3,0.0,53935.51759343677,53935.5175934367
74,NL0 8 0 solar,legacy,NL0 8,1,0.0,59329.06935279719,59329.069352797116
74,NL0 9 0 solar,legacy,NL0 9,3,0.0,53935.51759343677,53935.5175934367
74,NL0 20 0 offwind-ac,legacy,NL0 20,1,0.0,59329.06935279719,59329.069352797116
74,NL0 27 0 offwind-ac,legacy,NL0 27,1,0.0,59329.06935279719,59329.069352797116
74,NL0 31 0 offwind-ac,legacy,NL0 31,2,0.0,48541.96583407945,48541.96583407938
74,NL0 32 0 offwind-ac,legacy,NL0 32,1,0.0,59329.06935279719,59329.069352797116
74,NL0 7 0 offwind-ac,legacy,NL0 7,3,0.0,53935.51759343677,53935.5175934367
74,NL0 0 0 onwind,legacy,NL0 0,1,0.0,59329.06935279719,59329.069352797116
74,NL0 1 0 onwind,legacy,NL0 1,3,0.0,53935.51759343677,53935.5175934367
74,NL0 10 0 onwind,legacy,NL0 10,1,0.0,59329.06935279719,59329.069352797116
74,NL0 11 0 onwind,legacy,NL0 11,3,0.0,53935.51759343677,53935.5175934367
74,NL0 12 0 onwind,legacy,NL0 12,2,0.0,48541.96583407945,48541.96583407938
74,NL0 13 0 onwind,legacy,NL0 13,3,0.0,53935.51759343677,53935.5175934367
74,NL0 14 0 onwind,legacy,NL0 14,2,0.0,48541.96583407945,48541.96583407938
74,NL0 15 0 onwind,legacy,NL0 15,2,0.0,48541.96583407945,48541.96583407938
74,NL0 17 0 onwind,legacy,NL0 17,1,0.0,59329.06935279719,59329.069352797116
74,NL0 19 0 onwind,legacy,NL0 19,2,0.0,48541.96583407945,48541.96583407938
74,NL0 2 0 onwind,legacy,NL0 2,2,0.0,48541.96583407945,48541.96583407938
74,NL0 20 0 onwind,legacy,NL0 20,1,0.0,59329.06935279719,59329.069352797116
74,NL0 21 0 onwind,legacy,NL0 21,1,0.0,59329.06935279719,59329.069352797116
74,NL0 22 0 onwind,legacy,NL0 22,3,0.0,53935.51759343677,53935.5175934367
74,NL0 23 0 onwind,legacy,NL0 23,1,0.0,59329.06935279719,59329.069352797116
74,NL0 24 0 onwind,legacy,NL0 24,1,0.0,59329.06935279719,59329.069352797116
74,NL0 27 0 onwind,legacy,NL0 27,1,0.0,59329.06935279719,59329.069352797116
74,NL0 3 0 onwind,legacy,NL0 3,1,0.0,59329.06935279719,59329.069352797116
74,NL0 30 0 onwind,legacy,NL0 30,1,0.0,59329.06935279719,59329.069352797116
74,NL0 31 0 onwind,legacy,NL0 31,2,0.0,48541.96583407945,48541.96583407938
74,NL0 4 0 onwind,legacy,NL0 4,2,0.0,48541.96583407945,48541.96583407938
74,NL0 5 0 onwind,legacy,NL0 5,3,0.0,53935.51759343677,53935.5175934367
74,NL0 6 0 onwind,legacy,NL0 6,3,0.0,53935.51759343677,53935.5175934367
74,NL0 7 0 onwind,legacy,NL0 7,3,0.0,53935.51759343677,53935.5175934367
74,NL0 8 0 onwind,legacy,NL0 8,1,0.0,59329.06935279719,59329.069352797116
74,NL0 9 0 onwind,legacy,NL0 9,3,0.0,53935.51759343677,53935.5175934367
75,NL0 0 Invest,investable,NL0 0,1,0.0,59329.06935279719,59329.06935292875
75,NL0 1 Invest,investable,NL0 1,3,0.0,53935.51759343677,53935.51759357159
75,NL0 10 Invest,investable,NL0 10,1,1000.0,59329.06935279719,59329.06935292875
75,NL0 11 Invest,investable,NL0 11,3,0.0,53935.51759343677,53935.51759357159
75,NL0 12 Invest,investable,NL0 12,2,1000.0,48541.96583407945,48541.96583421443
75,NL0 13 Invest,investable,NL0 13,3,678.1047541590506,53935.51759343677,53935.51759357159
75,NL0 14 Invest,investable,NL0 14,2,1000.0,48541.96583407945,48541.96583421443
75,NL0 15 Invest,investable,NL0 15,2,0.0,48541.96583407945,48541.96583421443
75,NL0 16 Invest,investable,NL0 16,1,0.0,59329.06935279719,59329.06935292875
75,NL0 17 Invest,investable,NL0 17,1,0.0,59329.06935279719,59329.06935292875
75,NL0 18 Invest,investable,NL0 18,1,0.0,59329.06935279719,59329.06935292875
75,NL0 19 Invest,investable,NL0 19,2,1000.0,48541.96583407945,48541.96583421443
75,NL0 2 Invest,investable,NL0 2,2,987.3248031843468,48541.96583407945,48541.96583421443
75,NL0 20 Invest,investable,NL0 20,1,1000.0,59329.06935279719,59329.06935292875
75,NL0 21 Invest,investable,NL0 21,1,0.0,59329.06935279719,59329.06935292875
75,NL0 22 Invest,investable,NL0 22,3,1000.0,53935.51759343677,53935.51759357159
75,NL0 23 Invest,investable,NL0 23,1,0.0,59329.06935279719,59329.06935292875
75,NL0 24 Invest,investable,NL0 24,1,1000.0,59329.06935279719,59329.06935292875
75,NL0 25 Invest,investable,NL0 25,2,0.0,48541.96583407945,48541.96583421443
75,NL0 26 Invest,investable,NL0 26,2,0.0,48541.96583407945,48541.96583421443
75,NL0 27 Invest,investable,NL0 27,1,35.5312178697568,59329.06935279719,59329.06935292875
75,NL0 28 Invest,investable,NL0 28,2,1000.0,48541.96583407945,48541.96583421443
75,NL0 3 Invest,investable,NL0 3,1,0.0,59329.06935279719,59329.06935292875
75,NL0 30 Invest,investable,NL0 30,1,0.0,59329.06935279719,59329.06935292875
75,NL0 31 Invest,investable,NL0 31,2,1000.0,48541.96583407945,48541.96583421443
75,NL0 33 Invest,investable,NL0 33,1,0.0,59329.06935279719,59329.06935292875
75,NL0 4 Invest,investable,NL0 4,2,0.0,48541.96583407945,48541.96583421443
75,NL0 5 Invest,investable,NL0 5,3,1000.0,53935.51759343677,53935.51759357159
75,NL0 6 Invest,investable,NL0 6,3,1000.0,53935.51759343677,53935.51759357159
75,NL0 7 Invest,investable,NL0 7,3,1000.0,53935.51759343677,53935.51759357159
75,NL0 8 Invest,investable,NL0 8,1,0.0,59329.06935279719,59329.06935292875
75,NL0 9 Invest,investable,NL0 9,3,1000.0,53935.51759343677,53935.51759357159
75,NL0 1 biomass,legacy,NL0 1,3,71.0,53935.51759343677,53935.51759343677
75,NL0 1 waste,legacy,NL0 1,3,31.0,53935.51759343677,53935.51759343677
75,NL0 10 waste,legacy,NL0 10,1,150.0,59329.06935279719,59329.06935279719
75,NL0 11 biomass,legacy,NL0 11,3,20.0,53935.51759343677,53935.51759343677
75,NL0 11 waste,legacy,NL0 11,3,50.0,53935.51759343677,53935.51759343677
75,NL0 13 biomass,legacy,NL0 13,3,77.0,53935.51759343677,53935.51759343677
75,NL0 19 biomass,legacy,NL0 19,2,49.0,48541.96583407945,48541.96583407945
75,NL0 19 waste,legacy,NL0 19,2,36.0,48541.96583407945,48541.96583407945
75,NL0 22 biomass,legacy,NL0 22,3,500.0,53935.51759343677,53935.51759343677
75,NL0 25 waste,legacy,NL0 25,2,54.0,48541.96583407945,48541.96583407945
75,NL0 27 biomass,legacy,NL0 27,1,22.0,59329.06935279719,59329.06935279719
75,NL0 27 waste,legacy,NL0 27,1,71.2,59329.06935279719,59329.06935279719
75,NL0 3 biomass,legacy,NL0 3,1,22.0,59329.06935279719,59329.06935279719
75,NL0 3 waste,legacy,NL0 3,1,108.0,59329.06935279719,59329.06935279719
75,NL0 30 biomass,legacy,NL0 30,1,60.0,59329.06935279719,59329.06935279719
75,NL0 7 nuclear,legacy,NL0 7,3,515.0,53935.51759343677,53935.51759343677
75,NL0 7 waste,legacy,NL0 7,3,39.0,53935.51759343677,53935.51759343677
75,NL0 8 biomass,legacy,NL0 8,1,36.0,59329.06935279719,59329.06935279719
75,NL0 8 waste,legacy,NL0 8,1,157.0,59329.06935279719,59329.06935279719
75,NL0 9 biomass,legacy,NL0 9,3,20.0,53935.51759343677,53935.51759343677
75,NL0 0 0 solar,legacy,NL0 0,1,0.0,59329.06935279719,59329.069352797116
75,NL0 1 0 solar,legacy,NL0 1,3,0.0,53935.51759343677,53935.5175934367
75,NL0 10 0 solar,legacy,NL0 10,1,0.0,59329.06935279719,59329.069352797116
75,NL0 11 0 solar,legacy,NL0 11,3,0.0,53935.51759343677,53935.5175934367
75,NL0 12 0 solar,legacy,NL0 12,2,0.0,48541.96583407945,48541.96583407938
75,NL0 13 0 solar,legacy,NL0 13,3,0.0,53935.51759343677,53935.5175934367
75,NL0 14 0 solar,legacy,NL0 14,2,0.0,48541.96583407945,48541.96583407938
75,NL0 15 0 solar,legacy,NL0 15,2,0.0,48541.96583407945,48541.96583407938
75,NL0 16 0 solar,legacy,NL0 16,1,0.0,59329.06935279719,59329.069352797116
75,NL0 17 0 solar,legacy,NL0 17,1,0.0,59329.06935279719,59329.069352797116
75,NL0 18 0 solar,legacy,NL0 18,1,0.0,59329.06935279719,59329.069352797116
75,NL0 19 0 solar,legacy,NL0 19,2,0.0,48541.96583407945,48541.96583407938
75,NL0 2 0 solar,legacy,NL0 2,2,0.0,48541.96583407945,48541.96583407938
75,NL0 20 0 solar,legacy,NL0 20,1,0.0,59329.06935279719,59329.069352797116
75,NL0 21 0 solar,legacy,NL0 21,1,0.0,59329.06935279719,59329.069352797116
75,NL0 22 0 solar,legacy,NL0 22,3,0.0,53935.51759343677,53935.5175934367
75,NL0 23 0 solar,legacy,NL0 23,1,0.0,59329.06935279719,59329.069352797116
75,NL0 24 0 solar,legacy,NL0 24,1,0.0,59329.06935279719,59329.069352797116
75,NL0 25 0 solar,legacy,NL0 25,2,0.0,48541.96583407945,48541.96583407938
75,NL0 26 0 solar,legacy,NL0 26,2,0.0,48541.96583407945,48541.96583407938
75,NL0 27 0 solar,legacy,NL0 27,1,0.0,59329.06935279719,59329.069352797116
75,NL0 28 0 solar,legacy,NL0 28,2,0.0,48541.96583407945,48541.96583407938
75,NL0 3 0 solar,legacy,NL0 3,1,0.0,59329.06935279719,59329.069352797116
75,NL0 30 0 solar,legacy,NL0 30,1,0.0,59329.06935279719,59329.069352797116
75,NL0 31 0 solar,legacy,NL0 31,2,0.0,48541.96583407945,48541.96583407938
75,NL0 4 0 solar,legacy,NL0 4,2,0.0,48541.96583407945,48541.96583407938
75,NL0 5 0 solar,legacy,NL0 5,3,0.0,53935.51759343677,53935.5175934367
75,NL0 6 0 solar,legacy,NL0 6,3,0.0,53935.51759343677,53935.5175934367
75,NL0 7 0 solar,legacy,NL0 7,3,0.0,53935.51759343677,53935.5175934367
75,NL0 8 0 solar,legacy,NL0 8,1,0.0,59329.06935279719,59329.069352797116
75,NL0 9 0 solar,legacy,NL0 9,3,0.0,53935.51759343677,53935.5175934367
75,NL0 20 0 offwind-ac,legacy,NL0 20,1,0.0,59329.06935279719,59329.069352797116
75,NL0 27 0 offwind-ac,legacy,NL0 27,1,0.0,59329.06935279719,59329.069352797116
75,NL0 31 0 offwind-ac,legacy,NL0 31,2,0.0,48541.96583407945,48541.96583407938
75,NL0 32 0 offwind-ac,legacy,NL0 32,1,0.0,59329.06935279719,59329.069352797116
75,NL0 7 0 offwind-ac,legacy,NL0 7,3,0.0,53935.51759343677,53935.5175934367
75,NL0 0 0 onwind,legacy,NL0 0,1,0.0,59329.06935279719,59329.069352797116
75,NL0 1 0 onwind,legacy,NL0 1,3,0.0,53935.51759343677,53935.5175934367
75,NL0 10 0 onwind,legacy,NL0 10,1,0.0,59329.06935279719,59329.069352797116
75,NL0 11 0 onwind,legacy,NL0 11,3,0.0,53935.51759343677,53935.5175934367
75,NL0 12 0 onwind,legacy,NL0 12,2,0.0,48541.96583407945,48541.96583407938
75,NL0 13 0 onwind,legacy,NL0 13,3,0.0,53935.51759343677,53935.5175934367
75,NL0 14 0 onwind,legacy,NL0 14,2,0.0,48541.96583407945,48541.96583407938
75,NL0 15 0 onwind,legacy,NL0 15,2,0.0,48541.96583407945,48541.96583407938
75,NL0 17 0 onwind,legacy,NL0 17,1,0.0,59329.06935279719,59329.069352797116
75,NL0 19 0 onwind,legacy,NL0 19,2,0.0,48541.96583407945,48541.96583407938
75,NL0 2 0 onwind,legacy,NL0 2,2,0.0,48541.96583407945,48541.96583407938
75,NL0 20 0 onwind,legacy,NL0 20,1,0.0,59329.06935279719,59329.069352797116
75,NL0 21 0 onwind,legacy,NL0 21,1,0.0,59329.06935279719,59329.069352797116
75,NL0 22 0 onwind,legacy,NL0 22,3,0.0,53935.51759343677,53935.5175934367
75,NL0 23 0 onwind,legacy,NL0 23,1,0.0,59329.06935279719,59329.069352797116
75,NL0 24 0 onwind,legacy,NL0 24,1,0.0,59329.06935279719,59329.069352797116
75,NL0 27 0 onwind,legacy,NL0 27,1,0.0,59329.06935279719,59329.069352797116
75,NL0 3 0 onwind,legacy,NL0 3,1,0.0,59329.06935279719,59329.069352797116
75,NL0 30 0 onwind,legacy,NL0 30,1,0.0,59329.06935279719,59329.069352797116
75,NL0 31 0 onwind,legacy,NL0 31,2,0.0,48541.96583407945,48541.96583407938
75,NL0 4 0 onwind,legacy,NL0 4,2,0.0,48541.96583407945,48541.96583407938
75,NL0 5 0 onwind,legacy,NL0 5,3,0.0,53935.51759343677,53935.5175934367
75,NL0 6 0 onwind,legacy,NL0 6,3,0.0,53935.51759343677,53935.5175934367
75,NL0 7 0 onwind,legacy,NL0 7,3,0.0,53935.51759343677,53935.5175934367
75,NL0 8 0 onwind,legacy,NL0 8,1,0.0,59329.06935279719,59329.069352797116
75,NL0 9 0 onwind,legacy,NL0 9,3,0.0,53935.51759343677,53935.5175934367
76,NL0 0 Invest,investable,NL0 0,1,0.0,59329.06935279719,59329.06935292875
76,NL0 1 Invest,investable,NL0 1,3,1000.0,53935.51759343677,53935.51759357159
76,NL0 10 Invest,investable,NL0 10,1,0.0,59329.06935279719,59329.06935292875
76,NL0 11 Invest,investable,NL0 11,3,1000.0,53935.51759343677,53935.51759357159
76,NL0 12 Invest,investable,NL0 12,2,0.0,48541.96583407945,48541.96583421443
76,NL0 13 Invest,investable,NL0 13,3,1000.0,53935.51759343677,53935.51759357159
76,NL0 14 Invest,investable,NL0 14,2,987.3248031843468,48541.96583407945,48541.96583421443
76,NL0 15 Invest,investable,NL0 15,2,1000.0,48541.96583407945,48541.96583421443
76,NL0 16 Invest,investable,NL0 16,1,1000.0,59329.06935279719,59329.06935292875
76,NL0 17 Invest,investable,NL0 17,1,0.0,59329.06935279719,59329.06935292875
76,NL0 18 Invest,investable,NL0 18,1,0.0,59329.06935279719,59329.06935292875
76,NL0 19 Invest,investable,NL0 19,2,0.0,48541.96583407945,48541.96583421443
76,NL0 2 Invest,investable,NL0 2,2,1000.0,48541.96583407945,48541.96583421443
76,NL0 20 Invest,investable,NL0 20,1,0.0,59329.06935279719,59329.06935292875
76,NL0 21 Invest,investable,NL0 21,1,0.0,59329.06935279719,59329.06935292875
76,NL0 22 Invest,investable,NL0 22,3,0.0,53935.51759343677,53935.51759357159
76,NL0 23 Invest,investable,NL0 23,1,0.0,59329.06935279719,59329.06935292875
76,NL0 24 Invest,investable,NL0 24,1,0.0,59329.06935279719,59329.06935292875
76,NL0 25 Invest,investable,NL0 25,2,1000.0,48541.96583407945,48541.96583421443
76,NL0 26 Invest,investable,NL0 26,2,1000.0,48541.96583407945,48541.96583421443
76,NL0 27 Invest,investable,NL0 27,1,0.0,59329.06935279719,59329.06935292875
76,NL0 28 Invest,investable,NL0 28,2,0.0,48541.96583407945,48541.96583421443
76,NL0 3 Invest,investable,NL0 3,1,1000.0,59329.06935279719,59329.06935292875
76,NL0 30 Invest,investable,NL0 30,1,0.0,59329.06935279719,59329.06935292875
76,NL0 31 Invest,investable,NL0 31,2,0.0,48541.96583407945,48541.96583421443
76,NL0 33 Invest,investable,NL0 33,1,35.5312178697568,59329.06935279719,59329.06935292875
76,NL0 4 Invest,investable,NL0 4,2,1000.0,48541.96583407945,48541.96583421443
76,NL0 5 Invest,investable,NL0 5,3,678.1047541590506,53935.51759343677,53935.51759357159
76,NL0 6 Invest,investable,NL0 6,3,1000.0,53935.51759343677,53935.51759357159
76,NL0 7 Invest,investable,NL0 7,3,0.0,53935.51759343677,53935.51759357159
76,NL0 8 Invest,investable,NL0 8,1,1000.0,59329.06935279719,59329.06935292875
76,NL0 9 Invest,investable,NL0 9,3,1000.0,53935.51759343677,53935.51759357159
76,NL0 1 biomass,legacy,NL0 1,3,71.0,53935.51759343677,53935.51759343677
76,NL0 1 waste,legacy,NL0 1,3,31.0,53935.51759343677,53935.51759343677
76,NL0 10 waste,legacy,NL0 10,1,150.0,59329.06935279719,59329.06935279719
76,NL0 11 biomass,legacy,NL0 11,3,20.0,53935.51759343677,53935.51759343677
76,NL0 11 waste,legacy,NL0 11,3,50.0,53935.51759343677,53935.51759343677
76,NL0 13 biomass,legacy,NL0 13,3,77.0,53935.51759343677,53935.51759343677
76,NL0 19 biomass,legacy,NL0 19,2,49.0,48541.96583407945,48541.96583407945
76,NL0 19 waste,legacy,NL0 19,2,36.0,48541.96583407945,48541.96583407945
76,NL0 22 biomass,legacy,NL0 22,3,500.0,53935.51759343677,53935.51759343677
76,NL0 25 waste,legacy,NL0 25,2,54.0,48541.96583407945,48541.96583407945
76,NL0 27 biomass,legacy,NL0 27,1,22.0,59329.06935279719,59329.06935279719
76,NL0 27 waste,legacy,NL0 27,1,71.2,59329.06935279719,59329.06935279719
76,NL0 3 biomass,legacy,NL0 3,1,22.0,59329.06935279719,59329.06935279719
76,NL0 3 waste,legacy,NL0 3,1,108.0,59329.06935279719,59329.06935279719
76,NL0 30 biomass,legacy,NL0 30,1,60.0,59329.06935279719,59329.06935279719
76,NL0 7 nuclear,legacy,NL0 7,3,515.0,53935.51759343677,53935.51759343677
76,NL0 7 waste,legacy,NL0 7,3,39.0,53935.51759343677,53935.51759343677
76,NL0 8 biomass,legacy,NL0 8,1,36.0,59329.06935279719,59329.06935279719
76,NL0 8 waste,legacy,NL0 8,1,157.0,59329.06935279719,59329.06935279719
76,NL0 9 biomass,legacy,NL0 9,3,20.0,53935.51759343677,53935.51759343677
76,NL0 0 0 solar,legacy,NL0 0,1,0.0,59329.06935279719,59329.069352797116
76,NL0 1 0 solar,legacy,NL0 1,3,0.0,53935.51759343677,53935.5175934367
76,NL0 10 0 solar,legacy,NL0 10,1,0.0,59329.06935279719,59329.069352797116
76,NL0 11 0 solar,legacy,NL0 11,3,0.0,53935.51759343677,53935.5175934367
76,NL0 12 0 solar,legacy,NL0 12,2,0.0,48541.96583407945,48541.96583407938
76,NL0 13 0 solar,legacy,NL0 13,3,0.0,53935.51759343677,53935.5175934367
76,NL0 14 0 solar,legacy,NL0 14,2,0.0,48541.96583407945,48541.96583407938
76,NL0 15 0 solar,legacy,NL0 15,2,0.0,48541.96583407945,48541.96583407938
76,NL0 16 0 solar,legacy,NL0 16,1,0.0,59329.06935279719,59329.069352797116
76,NL0 17 0 solar,legacy,NL0 17,1,0.0,59329.06935279719,59329.069352797116
76,NL0 18 0 solar,legacy,NL0 18,1,0.0,59329.06935279719,59329.069352797116
76,NL0 19 0 solar,legacy,NL0 19,2,0.0,48541.96583407945,48541.96583407938
76,NL0 2 0 solar,legacy,NL0 2,2,0.0,48541.96583407945,48541.96583407938
76,NL0 20 0 solar,legacy,NL0 20,1,0.0,59329.06935279719,59329.069352797116
76,NL0 21 0 solar,legacy,NL0 21,1,0.0,59329.06935279719,59329.069352797116
76,NL0 22 0 solar,legacy,NL0 22,3,0.0,53935.51759343677,53935.5175934367
76,NL0 23 0 solar,legacy,NL0 23,1,0.0,59329.06935279719,59329.069352797116
76,NL0 24 0 solar,legacy,NL0 24,1,0.0,59329.06935279719,59329.069352797116
76,NL0 25 0 solar,legacy,NL0 25,2,0.0,48541.96583407945,48541.96583407938
76,NL0 26 0 solar,legacy,NL0 26,2,0.0,48541.96583407945,48541.96583407938
76,NL0 27 0 solar,legacy,NL0 27,1,0.0,59329.06935279719,59329.069352797116
76,NL0 28 0 solar,legacy,NL0 28,2,0.0,48541.96583407945,48541.96583407938
76,NL0 3 0 solar,legacy,NL0 3,1,0.0,59329.06935279719,59329.069352797116
76,NL0 30 0 solar,legacy,NL0 30,1,0.0,59329.06935279719,59329.069352797116
76,NL0 31 0 solar,legacy,NL0 31,2,0.0,48541.96583407945,48541.96583407938
76,NL0 4 0 solar,legacy,NL0 4,2,0.0,48541.96583407945,48541.96583407938
76,NL0 5 0 solar,legacy,NL0 5,3,0.0,53935.51759343677,53935.5175934367
76,NL0 6 0 solar,legacy,NL0 6,3,0.0,53935.51759343677,53935.5175934367
76,NL0 7 0 solar,legacy,NL0 7,3,0.0,53935.51759343677,53935.5175934367
76,NL0 8 0 solar,legacy,NL0 8,1,0.0,59329.06935279719,59329.069352797116
76,NL0 9 0 solar,legacy,NL0 9,3,0.0,53935.51759343677,53935.5175934367
76,NL0 20 0 offwind-ac,legacy,NL0 20,1,0.0,59329.06935279719,59329.069352797116
76,NL0 27 0 offwind-ac,legacy,NL0 27,1,0.0,59329.06935279719,59329.069352797116
76,NL0 31 0 offwind-ac,legacy,NL0 31,2,0.0,48541.96583407945,48541.96583407938
76,NL0 32 0 offwind-ac,legacy,NL0 32,1,0.0,59329.06935279719,59329.069352797116
76,NL0 7 0 offwind-ac,legacy,NL0 7,3,0.0,53935.51759343677,53935.5175934367
76,NL0 0 0 onwind,legacy,NL0 0,1,0.0,59329.06935279719,59329.069352797116
76,NL0 1 0 onwind,legacy,NL0 1,3,0.0,53935.51759343677,53935.5175934367
76,NL0 10 0 onwind,legacy,NL0 10,1,0.0,59329.06935279719,59329.069352797116
76,NL0 11 0 onwind,legacy,NL0 11,3,0.0,53935.51759343677,53935.5175934367
76,NL0 12 0 onwind,legacy,NL0 12,2,0.0,48541.96583407945,48541.96583407938
76,NL0 13 0 onwind,legacy,NL0 13,3,0.0,53935.51759343677,53935.5175934367
76,NL0 14 0 onwind,legacy,NL0 14,2,0.0,48541.96583407945,48541.96583407938
76,NL0 15 0 onwind,legacy,NL0 15,2,0.0,48541.96583407945,48541.96583407938
76,NL0 17 0 onwind,legacy,NL0 17,1,0.0,59329.06935279719,59329.069352797116
76,NL0 19 0 onwind,legacy,NL0 19,2,0.0,48541.96583407945,48541.96583407938
76,NL0 2 0 onwind,legacy,NL0 2,2,0.0,48541.96583407945,48541.96583407938
76,NL0 20 0 onwind,legacy,NL0 20,1,0.0,59329.06935279719,59329.069352797116
76,NL0 21 0 onwind,legacy,NL0 21,1,0.0,59329.06935279719,59329.069352797116
76,NL0 22 0 onwind,legacy,NL0 22,3,0.0,53935.51759343677,53935.5175934367
76,NL0 23 0 onwind,legacy,NL0 23,1,0.0,59329.06935279719,59329.069352797116
76,NL0 24 0 onwind,legacy,NL0 24,1,0.0,59329.06935279719,59329.069352797116
76,NL0 27 0 onwind,legacy,NL0 27,1,0.0,59329.06935279719,59329.069352797116
76,NL0 3 0 onwind,legacy,NL0 3,1,0.0,59329.06935279719,59329.069352797116
76,NL0 30 0 onwind,legacy,NL0 30,1,0.0,59329.06935279719,59329.069352797116
76,NL0 31 0 onwind,legacy,NL0 31,2,0.0,48541.96583407945,48541.96583407938
76,NL0 4 0 onwind,legacy,NL0 4,2,0.0,48541.96583407945,48541.96583407938
76,NL0 5 0 onwind,legacy,NL0 5,3,0.0,53935.51759343677,53935.5175934367
76,NL0 6 0 onwind,legacy,NL0 6,3,0.0,53935.51759343677,53935.5175934367
76,NL0 7 0 onwind,legacy,NL0 7,3,0.0,53935.51759343677,53935.5175934367
76,NL0 8 0 onwind,legacy,NL0 8,1,0.0,59329.06935279719,59329.069352797116
76,NL0 9 0 onwind,legacy,NL0 9,3,0.0,53935.51759343677,53935.5175934367
77,NL0 0 Invest,investable,NL0 0,1,0.0,59329.06935279719,59329.06935292875
77,NL0 1 Invest,investable,NL0 1,3,1000.0,53935.51759343677,53935.51759357159
77,NL0 10 Invest,investable,NL0 10,1,0.0,59329.06935279719,59329.06935292875
77,NL0 11 Invest,investable,NL0 11,3,1000.0,53935.51759343677,53935.51759357159
77,NL0 12 Invest,investable,NL0 12,2,1000.0,48541.96583407945,48541.96583421443
77,NL0 13 Invest,investable,NL0 13,3,1000.0,53935.51759343677,53935.51759357159
77,NL0 14 Invest,investable,NL0 14,2,0.0,48541.96583407945,48541.96583421443
77,NL0 15 Invest,investable,NL0 15,2,987.3248031843468,48541.96583407945,48541.96583421443
77,NL0 16 Invest,investable,NL0 16,1,1000.0,59329.06935279719,59329.06935292875
77,NL0 17 Invest,investable,NL0 17,1,0.0,59329.06935279719,59329.06935292875
77,NL0 18 Invest,investable,NL0 18,1,0.0,59329.06935279719,59329.06935292875
77,NL0 19 Invest,investable,NL0 19,2,1000.0,48541.96583407945,48541.96583421443
77,NL0 2 Invest,investable,NL0 2,2,1000.0,48541.96583407945,48541.96583421443
77,NL0 20 Invest,investable,NL0 20,1,0.0,59329.06935279719,59329.06935292875
77,NL0 21 Invest,investable,NL0 21,1,0.0,59329.06935279719,59329.06935292875
77,NL0 22 Invest,investable,NL0 22,3,0.0,53935.51759343677,53935.51759357159
77,NL0 23 Invest,investable,NL0 23,1,0.0,59329.06935279719,59329.06935292875
77,NL0 24 Invest,investable,NL0 24,1,0.0,59329.06935279719,59329.06935292875
77,NL0 25 Invest,investable,NL0 25,2,1000.0,48541.96583407945,48541.96583421443
77,NL0 26 Invest,investable,NL0 26,2,0.0,48541.96583407945,48541.96583421443
77,NL0 27 Invest,investable,NL0 27,1,0.0,59329.06935279719,59329.06935292875
77,NL0 28 Invest,investable,NL0 28,2,0.0,48541.96583407945,48541.96583421443
77,NL0 3 Invest,investable,NL0 3,1,1000.0,59329.06935279719,59329.06935292875
77,NL0 30 Invest,investable,NL0 30,1,0.0,59329.06935279719,59329.06935292875
77,NL0 31 Invest,investable,NL0 31,2,1000.0,48541.96583407945,48541.96583421443
77,NL0 33 Invest,investable,NL0 33,1,35.5312178697568,59329.06935279719,59329.06935292875
77,NL0 4 Invest,investable,NL0 4,2,0.0,48541.96583407945,48541.96583421443
77,NL0 5 Invest,investable,NL0 5,3,678.1047541590506,53935.51759343677,53935.51759357159
77,NL0 6 Invest,investable,NL0 6,3,1000.0,53935.51759343677,53935.51759357159
77,NL0 7 Invest,investable,NL0 7,3,0.0,53935.51759343677,53935.51759357159
77,NL0 8 Invest,investable,NL0 8,1,1000.0,59329.06935279719,59329.06935292875
77,NL0 9 Invest,investable,NL0 9,3,1000.0,53935.51759343677,53935.51759357159
77,NL0 1 biomass,legacy,NL0 1,3,71.0,53935.51759343677,53935.51759343677
77,NL0 1 waste,legacy,NL0 1,3,31.0,53935.51759343677,53935.51759343677
77,NL0 10 waste,legacy,NL0 10,1,150.0,59329.06935279719,59329.06935279719
77,NL0 11 biomass,legacy,NL0 11,3,20.0,53935.51759343677,53935.51759343677
77,NL0 11 waste,legacy,NL0 11,3,50.0,53935.51759343677,53935.51759343677
77,NL0 13 biomass,legacy,NL0 13,3,77.0,53935.51759343677,53935.51759343677
77,NL0 19 biomass,legacy,NL0 19,2,49.0,48541.96583407945,48541.96583407945
77,NL0 19 waste,legacy,NL0 19,2,36.0,48541.96583407945,48541.96583407945
77,NL0 22 biomass,legacy,NL0 22,3,500.0,53935.51759343677,53935.51759343677
77,NL0 25 waste,legacy,NL0 25,2,54.0,48541.96583407945,48541.96583407945
77,NL0 27 biomass,legacy,NL0 27,1,22.0,59329.06935279719,59329.06935279719
77,NL0 27 waste,legacy,NL0 27,1,71.2,59329.06935279719,59329.06935279719
77,NL0 3 biomass,legacy,NL0 3,1,22.0,59329.06935279719,59329.06935279719
77,NL0 3 waste,legacy,NL0 3,1,108.0,59329.06935279719,59329.06935279719
77,NL0 30 biomass,legacy,NL0 30,1,60.0,59329.06935279719,59329.06935279719
77,NL0 7 nuclear,legacy,NL0 7,3,515.0,53935.51759343677,53935.51759343677
77,NL0 7 waste,legacy,NL0 7,3,39.0,53935.51759343677,53935.51759343677
77,NL0 8 biomass,legacy,NL0 8,1,36.0,59329.06935279719,59329.06935279719
77,NL0 8 waste,legacy,NL0 8,1,157.0,59329.06935279719,59329.06935279719
77,NL0 9 biomass,legacy,NL0 9,3,20.0,53935.51759343677,53935.51759343677
77,NL0 0 0 solar,legacy,NL0 0,1,0.0,59329.06935279719,59329.069352797116
77,NL0 1 0 solar,legacy,NL0 1,3,0.0,53935.51759343677,53935.5175934367
77,NL0 10 0 solar,legacy,NL0 10,1,0.0,59329.06935279719,59329.069352797116
77,NL0 11 0 solar,legacy,NL0 11,3,0.0,53935.51759343677,53935.5175934367
77,NL0 12 0 solar,legacy,NL0 12,2,0.0,48541.96583407945,48541.96583407938
77,NL0 13 0 solar,legacy,NL0 13,3,0.0,53935.51759343677,53935.5175934367
77,NL0 14 0 solar,legacy,NL0 14,2,0.0,48541.96583407945,48541.96583407938
77,NL0 15 0 solar,legacy,NL0 15,2,0.0,48541.96583407945,48541.96583407938
77,NL0 16 0 solar,legacy,NL0 16,1,0.0,59329.06935279719,59329.069352797116
77,NL0 17 0 solar,legacy,NL0 17,1,0.0,59329.06935279719,59329.069352797116
77,NL0 18 0 solar,legacy,NL0 18,1,0.0,59329.06935279719,59329.069352797116
77,NL0 19 0 solar,legacy,NL0 19,2,0.0,48541.96583407945,48541.96583407938
77,NL0 2 0 solar,legacy,NL0 2,2,0.0,48541.96583407945,48541.96583407938
77,NL0 20 0 solar,legacy,NL0 20,1,0.0,59329.06935279719,59329.069352797116
77,NL0 21 0 solar,legacy,NL0 21,1,0.0,59329.06935279719,59329.069352797116
77,NL0 22 0 solar,legacy,NL0 22,3,0.0,53935.51759343677,53935.5175934367
77,NL0 23 0 solar,legacy,NL0 23,1,0.0,59329.06935279719,59329.069352797116
77,NL0 24 0 solar,legacy,NL0 24,1,0.0,59329.06935279719,59329.069352797116
77,NL0 25 0 solar,legacy,NL0 25,2,0.0,48541.96583407945,48541.96583407938
77,NL0 26 0 solar,legacy,NL0 26,2,0.0,48541.96583407945,48541.96583407938
77,NL0 27 0 solar,legacy,NL0 27,1,0.0,59329.06935279719,59329.069352797116
77,NL0 28 0 solar,legacy,NL0 28,2,0.0,48541.96583407945,48541.96583407938
77,NL0 3 0 solar,legacy,NL0 3,1,0.0,59329.06935279719,59329.069352797116
77,NL0 30 0 solar,legacy,NL0 30,1,0.0,59329.06935279719,59329.069352797116
77,NL0 31 0 solar,legacy,NL0 31,2,0.0,48541.96583407945,48541.96583407938
77,NL0 4 0 solar,legacy,NL0 4,2,0.0,48541.96583407945,48541.96583407938
77,NL0 5 0 solar,legacy,NL0 5,3,0.0,53935.51759343677,53935.5175934367
77,NL0 6 0 solar,legacy,NL0 6,3,0.0,53935.51759343677,53935.5175934367
77,NL0 7 0 solar,legacy,NL0 7,3,0.0,53935.51759343677,53935.5175934367
77,NL0 8 0 solar,legacy,NL0 8,1,0.0,59329.06935279719,59329.069352797116
77,NL0 9 0 solar,legacy,NL0 9,3,0.0,53935.51759343677,53935.5175934367
77,NL0 20 0 offwind-ac,legacy,NL0 20,1,0.0,59329.06935279719,59329.069352797116
77,NL0 27 0 offwind-ac,legacy,NL0 27,1,0.0,59329.06935279719,59329.069352797116
77,NL0 31 0 offwind-ac,legacy,NL0 31,2,0.0,48541.96583407945,48541.96583407938
77,NL0 32 0 offwind-ac,legacy,NL0 32,1,0.0,59329.06935279719,59329.069352797116
77,NL0 7 0 offwind-ac,legacy,NL0 7,3,0.0,53935.51759343677,53935.5175934367
77,NL0 0 0 onwind,legacy,NL0 0,1,0.0,59329.06935279719,59329.069352797116
77,NL0 1 0 onwind,legacy,NL0 1,3,0.0,53935.51759343677,53935.5175934367
77,NL0 10 0 onwind,legacy,NL0 10,1,0.0,59329.06935279719,59329.069352797116
77,NL0 11 0 onwind,legacy,NL0 11,3,0.0,53935.51759343677,53935.5175934367
77,NL0 12 0 onwind,legacy,NL0 12,2,0.0,48541.96583407945,48541.96583407938
77,NL0 13 0 onwind,legacy,NL0 13,3,0.0,53935.51759343677,53935.5175934367
77,NL0 14 0 onwind,legacy,NL0 14,2,0.0,48541.96583407945,48541.96583407938
77,NL0 15 0 onwind,legacy,NL0 15,2,0.0,48541.96583407945,48541.96583407938
77,NL0 17 0 onwind,legacy,NL0 17,1,0.0,59329.06935279719,59329.069352797116
77,NL0 19 0 onwind,legacy,NL0 19,2,0.0,48541.96583407945,48541.96583407938
77,NL0 2 0 onwind,legacy,NL0 2,2,0.0,48541.96583407945,48541.96583407938
77,NL0 20 0 onwind,legacy,NL0 20,1,0.0,59329.06935279719,59329.069352797116
77,NL0 21 0 onwind,legacy,NL0 21,1,0.0,59329.06935279719,59329.069352797116
77,NL0 22 0 onwind,legacy,NL0 22,3,0.0,53935.51759343677,53935.5175934367
77,NL0 23 0 onwind,legacy,NL0 23,1,0.0,59329.06935279719,59329.069352797116
77,NL0 24 0 onwind,legacy,NL0 24,1,0.0,59329.06935279719,59329.069352797116
77,NL0 27 0 onwind,legacy,NL0 27,1,0.0,59329.06935279719,59329.069352797116
77,NL0 3 0 onwind,legacy,NL0 3,1,0.0,59329.06935279719,59329.069352797116
77,NL0 30 0 onwind,legacy,NL0 30,1,0.0,59329.06935279719,59329.069352797116
77,NL0 31 0 onwind,legacy,NL0 31,2,0.0,48541.96583407945,48541.96583407938
77,NL0 4 0 onwind,legacy,NL0 4,2,0.0,48541.96583407945,48541.96583407938
77,NL0 5 0 onwind,legacy,NL0 5,3,0.0,53935.51759343677,53935.5175934367
77,NL0 6 0 onwind,legacy,NL0 6,3,0.0,53935.51759343677,53935.5175934367
77,NL0 7 0 onwind,legacy,NL0 7,3,0.0,53935.51759343677,53935.5175934367
77,NL0 8 0 onwind,legacy,NL0 8,1,0.0,59329.06935279719,59329.069352797116
77,NL0 9 0 onwind,legacy,NL0 9,3,0.0,53935.51759343677,53935.5175934367
78,NL0 0 Invest,investable,NL0 0,1,0.0,59329.06935279719,59329.06935292875
78,NL0 1 Invest,investable,NL0 1,3,0.0,53935.51759343677,53935.51759357159
78,NL0 10 Invest,investable,NL0 10,1,1000.0,59329.06935279719,59329.06935292875
78,NL0 11 Invest,investable,NL0 11,3,0.0,53935.51759343677,53935.51759357159
78,NL0 12 Invest,investable,NL0 12,2,0.0,48541.96583407945,48541.96583421443
78,NL0 13 Invest,investable,NL0 13,3,678.1047541590506,53935.51759343677,53935.51759357159
78,NL0 14 Invest,investable,NL0 14,2,1000.0,48541.96583407945,48541.96583421443
78,NL0 15 Invest,investable,NL0 15,2,1000.0,48541.96583407945,48541.96583421443
78,NL0 16 Invest,investable,NL0 16,1,0.0,59329.06935279719,59329.06935292875
78,NL0 17 Invest,investable,NL0 17,1,0.0,59329.06935279719,59329.06935292875
78,NL0 18 Invest,investable,NL0 18,1,0.0,59329.06935279719,59329.06935292875
78,NL0 19 Invest,investable,NL0 19,2,0.0,48541.96583407945,48541.96583421443
78,NL0 2 Invest,investable,NL0 2,2,987.3248031843468,48541.96583407945,48541.96583421443
78,NL0 20 Invest,investable,NL0 20,1,1000.0,59329.06935279719,59329.06935292875
78,NL0 21 Invest,investable,NL0 21,1,0.0,59329.06935279719,59329.06935292875
78,NL0 22 Invest,investable,NL0 22,3,1000.0,53935.51759343677,53935.51759357159
78,NL0 23 Invest,investable,NL0 23,1,0.0,59329.06935279719,59329.06935292875
78,NL0 24 Invest,investable,NL0 24,1,1000.0,59329.06935279719,59329.06935292875
78,NL0 25 Invest,investable,NL0 25,2,0.0,48541.96583407945,48541.96583421443
78,NL0 26 Invest,investable,NL0 26,2,1000.0,48541.96583407945,48541.96583421443
78,NL0 27 Invest,investable,NL0 27,1,35.5312178697568,59329.06935279719,59329.06935292875
78,NL0 28 Invest,investable,NL0 28,2,1000.0,48541.96583407945,48541.96583421443
78,NL0 3 Invest,investable,NL0 3,1,0.0,59329.06935279719,59329.06935292875
78,NL0 30 Invest,investable,NL0 30,1,0.0,59329.06935279719,59329.06935292875
78,NL0 31 Invest,investable,NL0 31,2,0.0,48541.96583407945,48541.96583421443
78,NL0 33 Invest,investable,NL0 33,1,0.0,59329.06935279719,59329.06935292875
78,NL0 4 Invest,investable,NL0 4,2,1000.0,48541.96583407945,48541.96583421443
78,NL0 5 Invest,investable,NL0 5,3,1000.0,53935.51759343677,53935.51759357159
78,NL0 6 Invest,investable,NL0 6,3,1000.0,53935.51759343677,53935.51759357159
78,NL0 7 Invest,investable,NL0 7,3,1000.0,53935.51759343677,53935.51759357159
78,NL0 8 Invest,investable,NL0 8,1,0.0,59329.06935279719,59329.06935292875
78,NL0 9 Invest,investable,NL0 9,3,1000.0,53935.51759343677,53935.51759357159
78,NL0 1 biomass,legacy,NL0 1,3,71.0,53935.51759343677,53935.51759343677
78,NL0 1 waste,legacy,NL0 1,3,31.0,53935.51759343677,53935.51759343677
78,NL0 10 waste,legacy,NL0 10,1,150.0,59329.06935279719,59329.06935279719
78,NL0 11 biomass,legacy,NL0 11,3,20.0,53935.51759343677,53935.51759343677
78,NL0 11 waste,legacy,NL0 11,3,50.0,53935.51759343677,53935.51759343677
78,NL0 13 biomass,legacy,NL0 13,3,77.0,53935.51759343677,53935.51759343677
78,NL0 19 biomass,legacy,NL0 19,2,49.0,48541.96583407945,48541.96583407945
78,NL0 19 waste,legacy,NL0 19,2,36.0,48541.96583407945,48541.96583407945
78,NL0 22 biomass,legacy,NL0 22,3,500.0,53935.51759343677,53935.51759343677
78,NL0 25 waste,legacy,NL0 25,2,54.0,48541.96583407945,48541.96583407945
78,NL0 27 biomass,legacy,NL0 27,1,22.0,59329.06935279719,59329.06935279719
78,NL0 27 waste,legacy,NL0 27,1,71.2,59329.06935279719,59329.06935279719
78,NL0 3 biomass,legacy,NL0 3,1,22.0,59329.06935279719,59329.06935279719
78,NL0 3 waste,legacy,NL0 3,1,108.0,59329.06935279719,59329.06935279719
78,NL0 30 biomass,legacy,NL0 30,1,60.0,59329.06935279719,59329.06935279719
78,NL0 7 nuclear,legacy,NL0 7,3,515.0,53935.51759343677,53935.51759343677
78,NL0 7 waste,legacy,NL0 7,3,39.0,53935.51759343677,53935.51759343677
78,NL0 8 biomass,legacy,NL0 8,1,36.0,59329.06935279719,59329.06935279719
78,NL0 8 waste,legacy,NL0 8,1,157.0,59329.06935279719,59329.06935279719
78,NL0 9 biomass,legacy,NL0 9,3,20.0,53935.51759343677,53935.51759343677
78,NL0 0 0 solar,legacy,NL0 0,1,0.0,59329.06935279719,59329.069352797116
78,NL0 1 0 solar,legacy,NL0 1,3,0.0,53935.51759343677,53935.5175934367
78,NL0 10 0 solar,legacy,NL0 10,1,0.0,59329.06935279719,59329.069352797116
78,NL0 11 0 solar,legacy,NL0 11,3,0.0,53935.51759343677,53935.5175934367
78,NL0 12 0 solar,legacy,NL0 12,2,0.0,48541.96583407945,48541.96583407938
78,NL0 13 0 solar,legacy,NL0 13,3,0.0,53935.51759343677,53935.5175934367
78,NL0 14 0 solar,legacy,NL0 14,2,0.0,48541.96583407945,48541.96583407938
78,NL0 15 0 solar,legacy,NL0 15,2,0.0,48541.96583407945,48541.96583407938
78,NL0 16 0 solar,legacy,NL0 16,1,0.0,59329.06935279719,59329.069352797116
78,NL0 17 0 solar,legacy,NL0 17,1,0.0,59329.06935279719,59329.069352797116
78,NL0 18 0 solar,legacy,NL0 18,1,0.0,59329.06935279719,59329.069352797116
78,NL0 19 0 solar,legacy,NL0 19,2,0.0,48541.96583407945,48541.96583407938
78,NL0 2 0 solar,legacy,NL0 2,2,0.0,48541.96583407945,48541.96583407938
78,NL0 20 0 solar,legacy,NL0 20,1,0.0,59329.06935279719,59329.069352797116
78,NL0 21 0 solar,legacy,NL0 21,1,0.0,59329.06935279719,59329.069352797116
78,NL0 22 0 solar,legacy,NL0 22,3,0.0,53935.51759343677,53935.5175934367
78,NL0 23 0 solar,legacy,NL0 23,1,0.0,59329.06935279719,59329.069352797116
78,NL0 24 0 solar,legacy,NL0 24,1,0.0,59329.06935279719,59329.069352797116
78,NL0 25 0 solar,legacy,NL0 25,2,0.0,48541.96583407945,48541.96583407938
78,NL0 26 0 solar,legacy,NL0 26,2,0.0,48541.96583407945,48541.96583407938
78,NL0 27 0 solar,legacy,NL0 27,1,0.0,59329.06935279719,59329.069352797116
78,NL0 28 0 solar,legacy,NL0 28,2,0.0,48541.96583407945,48541.96583407938
78,NL0 3 0 solar,legacy,NL0 3,1,0.0,59329.06935279719,59329.069352797116
78,NL0 30 0 solar,legacy,NL0 30,1,0.0,59329.06935279719,59329.069352797116
78,NL0 31 0 solar,legacy,NL0 31,2,0.0,48541.96583407945,48541.96583407938
78,NL0 4 0 solar,legacy,NL0 4,2,0.0,48541.96583407945,48541.96583407938
78,NL0 5 0 solar,legacy,NL0 5,3,0.0,53935.51759343677,53935.5175934367
78,NL0 6 0 solar,legacy,NL0 6,3,0.0,53935.51759343677,53935.5175934367
78,NL0 7 0 solar,legacy,NL0 7,3,0.0,53935.51759343677,53935.5175934367
78,NL0 8 0 solar,legacy,NL0 8,1,0.0,59329.06935279719,59329.069352797116
78,NL0 9 0 solar,legacy,NL0 9,3,0.0,53935.51759343677,53935.5175934367
78,NL0 20 0 offwind-ac,legacy,NL0 20,1,0.0,59329.06935279719,59329.069352797116
78,NL0 27 0 offwind-ac,legacy,NL0 27,1,0.0,59329.06935279719,59329.069352797116
78,NL0 31 0 offwind-ac,legacy,NL0 31,2,0.0,48541.96583407945,48541.96583407938
78,NL0 32 0 offwind-ac,legacy,NL0 32,1,0.0,59329.06935279719,59329.069352797116
78,NL0 7 0 offwind-ac,legacy,NL0 7,3,0.0,53935.51759343677,53935.5175934367
78,NL0 0 0 onwind,legacy,NL0 0,1,0.0,59329.06935279719,59329.069352797116
78,NL0 1 0 onwind,legacy,NL0 1,3,0.0,53935.51759343677,53935.5175934367
78,NL0 10 0 onwind,legacy,NL0 10,1,0.0,59329.06935279719,59329.069352797116
78,NL0 11 0 onwind,legacy,NL0 11,3,0.0,53935.51759343677,53935.5175934367
78,NL0 12 0 onwind,legacy,NL0 12,2,0.0,48541.96583407945,48541.96583407938
78,NL0 13 0 onwind,legacy,NL0 13,3,0.0,53935.51759343677,53935.5175934367
78,NL0 14 0 onwind,legacy,NL0 14,2,0.0,48541.96583407945,48541.96583407938
78,NL0 15 0 onwind,legacy,NL0 15,2,0.0,48541.96583407945,48541.96583407938
78,NL0 17 0 onwind,legacy,NL0 17,1,0.0,59329.06935279719,59329.069352797116
78,NL0 19 0 onwind,legacy,NL0 19,2,0.0,48541.96583407945,48541.96583407938
78,NL0 2 0 onwind,legacy,NL0 2,2,0.0,48541.96583407945,48541.96583407938
78,NL0 20 0 onwind,legacy,NL0 20,1,0.0,59329.06935279719,59329.069352797116
78,NL0 21 0 onwind,legacy,NL0 21,1,0.0,59329.06935279719,59329.069352797116
78,NL0 22 0 onwind,legacy,NL0 22,3,0.0,53935.51759343677,53935.5175934367
78,NL0 23 0 onwind,legacy,NL0 23,1,0.0,59329.06935279719,59329.069352797116
78,NL0 24 0 onwind,legacy,NL0 24,1,0.0,59329.06935279719,59329.069352797116
78,NL0 27 0 onwind,legacy,NL0 27,1,0.0,59329.06935279719,59329.069352797116
78,NL0 3 0 onwind,legacy,NL0 3,1,0.0,59329.06935279719,59329.069352797116
78,NL0 30 0 onwind,legacy,NL0 30,1,0.0,59329.06935279719,59329.069352797116
78,NL0 31 0 onwind,legacy,NL0 31,2,0.0,48541.96583407945,48541.96583407938
78,NL0 4 0 onwind,legacy,NL0 4,2,0.0,48541.96583407945,48541.96583407938
78,NL0 5 0 onwind,legacy,NL0 5,3,0.0,53935.51759343677,53935.5175934367
78,NL0 6 0 onwind,legacy,NL0 6,3,0.0,53935.51759343677,53935.5175934367
78,NL0 7 0 onwind,legacy,NL0 7,3,0.0,53935.51759343677,53935.5175934367
78,NL0 8 0 onwind,legacy,NL0 8,1,0.0,59329.06935279719,59329.069352797116
78,NL0 9 0 onwind,legacy,NL0 9,3,0.0,53935.51759343677,53935.5175934367
79,NL0 0 Invest,investable,NL0 0,1,0.0,59329.06935279719,59329.06935292875
79,NL0 1 Invest,investable,NL0 1,3,0.0,53935.51759343677,53935.51759357159
79,NL0 10 Invest,investable,NL0 10,1,1000.0,59329.06935279719,59329.06935292875
79,NL0 11 Invest,investable,NL0 11,3,0.0,53935.51759343677,53935.51759357159
79,NL0 12 Invest,investable,NL0 12,2,1000.0,48541.96583407945,48541.96583421443
79,NL0 13 Invest,investable,NL0 13,3,678.1047541590506,53935.51759343677,53935.51759357159
79,NL0 14 Invest,investable,NL0 14,2,1000.0,48541.96583407945,48541.96583421443
79,NL0 15 Invest,investable,NL0 15,2,0.0,48541.96583407945,48541.96583421443
79,NL0 16 Invest,investable,NL0 16,1,0.0,59329.06935279719,59329.06935292875
79,NL0 17 Invest,investable,NL0 17,1,0.0,59329.06935279719,59329.06935292875
79,NL0 18 Invest,investable,NL0 18,1,0.0,59329.06935279719,59329.06935292875
79,NL0 19 Invest,investable,NL0 19,2,0.0,48541.96583407945,48541.96583421443
79,NL0 2 Invest,investable,NL0 2,2,0.0,48541.96583407945,48541.96583421443
79,NL0 20 Invest,investable,NL0 20,1,1000.0,59329.06935279719,59329.06935292875
79,NL0 21 Invest,investable,NL0 21,1,0.0,59329.06935279719,59329.06935292875
79,NL0 22 Invest,investable,NL0 22,3,1000.0,53935.51759343677,53935.51759357159
79,NL0 23 Invest,investable,NL0 23,1,0.0,59329.06935279719,59329.06935292875
79,NL0 24 Invest,investable,NL0 24,1,1000.0,59329.06935279719,59329.06935292875
79,NL0 25 Invest,investable,NL0 25,2,1000.0,48541.96583407945,48541.96583421443
79,NL0 26 Invest,investable,NL0 26,2,1000.0,48541.96583407945,48541.96583421443
79,NL0 27 Invest,investable,NL0 27,1,35.5312178697568,59329.06935279719,59329.06935292875
79,NL0 28 Invest,investable,NL0 28,2,1000.0,48541.96583407945,48541.96583421443
79,NL0 3 Invest,investable,NL0 3,1,0.0,59329.06935279719,59329.06935292875
79,NL0 30 Invest,investable,NL0 30,1,0.0,59329.06935279719,59329.06935292875
79,NL0 31 Invest,investable,NL0 31,2,0.0,48541.96583407945,48541.96583421443
79,NL0 33 Invest,investable,NL0 33,1,0.0,59329.06935279719,59329.06935292875
79,NL0 4 Invest,investable,NL0 4,2,987.3248031843468,48541.96583407945,48541.96583421443
79,NL0 5 Invest,investable,NL0 5,3,1000.0,53935.51759343677,53935.51759357159
79,NL0 6 Invest,investable,NL0 6,3,1000.0,53935.51759343677,53935.51759357159
79,NL0 7 Invest,investable,NL0 7,3,1000.0,53935.51759343677,53935.51759357159
79,NL0 8 Invest,investable,NL0 8,1,0.0,59329.06935279719,59329.06935292875
79,NL0 9 Invest,investable,NL0 9,3,1000.0,53935.51759343677,53935.51759357159
79,NL0 1 biomass,legacy,NL0 1,3,71.0,53935.51759343677,53935.51759343677
79,NL0 1 waste,legacy,NL0 1,3,31.0,53935.51759343677,53935.51759343677
79,NL0 10 waste,legacy,NL0 10,1,150.0,59329.06935279719,59329.06935279719
79,NL0 11 biomass,legacy,NL0 11,3,20.0,53935.51759343677,53935.51759343677
79,NL0 11 waste,legacy,NL0 11,3,50.0,53935.51759343677,53935.51759343677
79,NL0 13 biomass,legacy,NL0 13,3,77.0,53935.51759343677,53935.51759343677
79,NL0 19 biomass,legacy,NL0 19,2,49.0,48541.96583407945,48541.96583407945
79,NL0 19 waste,legacy,NL0 19,2,36.0,48541.96583407945,48541.96583407945
79,NL0 22 biomass,legacy,NL0 22,3,500.0,53935.51759343677,53935.51759343677
79,NL0 25 waste,legacy,NL0 25,2,54.0,48541.96583407945,48541.96583407945
79,NL0 27 biomass,legacy,NL0 27,1,22.0,59329.06935279719,59329.06935279719
79,NL0 27 waste,legacy,NL0 27,1,71.2,59329.06935279719,59329.06935279719
79,NL0 3 biomass,legacy,NL0 3,1,22.0,59329.06935279719,59329.06935279719
79,NL0 3 waste,legacy,NL0 3,1,108.0,59329.06935279719,59329.06935279719
79,NL0 30 biomass,legacy,NL0 30,1,60.0,59329.06935279719,59329.06935279719
79,NL0 7 nuclear,legacy,NL0 7,3,515.0,53935.51759343677,53935.51759343677
79,NL0 7 waste,legacy,NL0 7,3,39.0,53935.51759343677,53935.51759343677
79,NL0 8 biomass,legacy,NL0 8,1,36.0,59329.06935279719,59329.06935279719
79,NL0 8 waste,legacy,NL0 8,1,157.0,59329.06935279719,59329.06935279719
79,NL0 9 biomass,legacy,NL0 9,3,20.0,53935.51759343677,53935.51759343677
79,NL0 0 0 solar,legacy,NL0 0,1,0.0,59329.06935279719,59329.069352797116
79,NL0 1 0 solar,legacy,NL0 1,3,0.0,53935.51759343677,53935.5175934367
79,NL0 10 0 solar,legacy,NL0 10,1,0.0,59329.06935279719,59329.069352797116
79,NL0 11 0 solar,legacy,NL0 11,3,0.0,53935.51759343677,53935.5175934367
79,NL0 12 0 solar,legacy,NL0 12,2,0.0,48541.96583407945,48541.96583407938
79,NL0 13 0 solar,legacy,NL0 13,3,0.0,53935.51759343677,53935.5175934367
79,NL0 14 0 solar,legacy,NL0 14,2,0.0,48541.96583407945,48541.96583407938
79,NL0 15 0 solar,legacy,NL0 15,2,0.0,48541.96583407945,48541.96583407938
79,NL0 16 0 solar,legacy,NL0 16,1,0.0,59329.06935279719,59329.069352797116
79,NL0 17 0 solar,legacy,NL0 17,1,0.0,59329.06935279719,59329.069352797116
79,NL0 18 0 solar,legacy,NL0 18,1,0.0,59329.06935279719,59329.069352797116
79,NL0 19 0 solar,legacy,NL0 19,2,0.0,48541.96583407945,48541.96583407938
79,NL0 2 0 solar,legacy,NL0 2,2,0.0,48541.96583407945,48541.96583407938
79,NL0 20 0 solar,legacy,NL0 20,1,0.0,59329.06935279719,59329.069352797116
79,NL0 21 0 solar,legacy,NL0 21,1,0.0,59329.06935279719,59329.069352797116
79,NL0 22 0 solar,legacy,NL0 22,3,0.0,53935.51759343677,53935.5175934367
79,NL0 23 0 solar,legacy,NL0 23,1,0.0,59329.06935279719,59329.069352797116
79,NL0 24 0 solar,legacy,NL0 24,1,0.0,59329.06935279719,59329.069352797116
79,NL0 25 0 solar,legacy,NL0 25,2,0.0,48541.96583407945,48541.96583407938
79,NL0 26 0 solar,legacy,NL0 26,2,0.0,48541.96583407945,48541.96583407938
79,NL0 27 0 solar,legacy,NL0 27,1,0.0,59329.06935279719,59329.069352797116
79,NL0 28 0 solar,legacy,NL0 28,2,0.0,48541.96583407945,48541.96583407938
79,NL0 3 0 solar,legacy,NL0 3,1,0.0,59329.06935279719,59329.069352797116
79,NL0 30 0 solar,legacy,NL0 30,1,0.0,59329.06935279719,59329.069352797116
79,NL0 31 0 solar,legacy,NL0 31,2,0.0,48541.96583407945,48541.96583407938
79,NL0 4 0 solar,legacy,NL0 4,2,0.0,48541.96583407945,48541.96583407938
79,NL0 5 0 solar,legacy,NL0 5,3,0.0,53935.51759343677,53935.5175934367
79,NL0 6 0 solar,legacy,NL0 6,3,0.0,53935.51759343677,53935.5175934367
79,NL0 7 0 solar,legacy,NL0 7,3,0.0,53935.51759343677,53935.5175934367
79,NL0 8 0 solar,legacy,NL0 8,1,0.0,59329.06935279719,59329.069352797116
79,NL0 9 0 solar,legacy,NL0 9,3,0.0,53935.51759343677,53935.5175934367
79,NL0 20 0 offwind-ac,legacy,NL0 20,1,0.0,59329.06935279719,59329.069352797116
79,NL0 27 0 offwind-ac,legacy,NL0 27,1,0.0,59329.06935279719,59329.069352797116
79,NL0 31 0 offwind-ac,legacy,NL0 31,2,0.0,48541.96583407945,48541.96583407938
79,NL0 32 0 offwind-ac,legacy,NL0 32,1,0.0,59329.06935279719,59329.069352797116
79,NL0 7 0 offwind-ac,legacy,NL0 7,3,0.0,53935.51759343677,53935.5175934367
79,NL0 0 0 onwind,legacy,NL0 0,1,0.0,59329.06935279719,59329.069352797116
79,NL0 1 0 onwind,legacy,NL0 1,3,0.0,53935.51759343677,53935.5175934367
79,NL0 10 0 onwind,legacy,NL0 10,1,0.0,59329.06935279719,59329.069352797116
79,NL0 11 0 onwind,legacy,NL0 11,3,0.0,53935.51759343677,53935.5175934367
79,NL0 12 0 onwind,legacy,NL0 12,2,0.0,48541.96583407945,48541.96583407938
79,NL0 13 0 onwind,legacy,NL0 13,3,0.0,53935.51759343677,53935.5175934367
79,NL0 14 0 onwind,legacy,NL0 14,2,0.0,48541.96583407945,48541.96583407938
79,NL0 15 0 onwind,legacy,NL0 15,2,0.0,48541.96583407945,48541.96583407938
79,NL0 17 0 onwind,legacy,NL0 17,1,0.0,59329.06935279719,59329.069352797116
79,NL0 19 0 onwind,legacy,NL0 19,2,0.0,48541.96583407945,48541.96583407938
79,NL0 2 0 onwind,legacy,NL0 2,2,0.0,48541.96583407945,48541.96583407938
79,NL0 20 0 onwind,legacy,NL0 20,1,0.0,59329.06935279719,59329.069352797116
79,NL0 21 0 onwind,legacy,NL0 21,1,0.0,59329.06935279719,59329.069352797116
79,NL0 22 0 onwind,legacy,NL0 22,3,0.0,53935.51759343677,53935.5175934367
79,NL0 23 0 onwind,legacy,NL0 23,1,0.0,59329.06935279719,59329.069352797116
79,NL0 24 0 onwind,legacy,NL0 24,1,0.0,59329.06935279719,59329.069352797116
79,NL0 27 0 onwind,legacy,NL0 27,1,0.0,59329.06935279719,59329.069352797116
79,NL0 3 0 onwind,legacy,NL0 3,1,0.0,59329.06935279719,59329.069352797116
79,NL0 30 0 onwind,legacy,NL0 30,1,0.0,59329.06935279719,59329.069352797116
79,NL0 31 0 onwind,legacy,NL0 31,2,0.0,48541.96583407945,48541.96583407938
79,NL0 4 0 onwind,legacy,NL0 4,2,0.0,48541.96583407945,48541.96583407938
79,NL0 5 0 onwind,legacy,NL0 5,3,0.0,53935.51759343677,53935.5175934367
79,NL0 6 0 onwind,legacy,NL0 6,3,0.0,53935.51759343677,53935.5175934367
79,NL0 7 0 onwind,legacy,NL0 7,3,0.0,53935.51759343677,53935.5175934367
79,NL0 8 0 onwind,legacy,NL0 8,1,0.0,59329.06935279719,59329.069352797116
79,NL0 9 0 onwind,legacy,NL0 9,3,0.0,53935.51759343677,53935.5175934367
80,NL0 0 Invest,investable,NL0 0,1,0.0,59329.06935279719,59329.06935292875
80,NL0 1 Invest,investable,NL0 1,3,1000.0,53935.51759343677,53935.51759357159
80,NL0 10 Invest,investable,NL0 10,1,0.0,59329.06935279719,59329.06935292875
80,NL0 11 Invest,investable,NL0 11,3,1000.0,53935.51759343677,53935.51759357159
80,NL0 12 Invest,investable,NL0 12,2,0.0,48541.96583407945,48541.96583421443
80,NL0 13 Invest,investable,NL0 13,3,1000.0,53935.51759343677,53935.51759357159
80,NL0 14 Invest,investable,NL0 14,2,0.0,48541.96583407945,48541.96583421443
80,NL0 15 Invest,investable,NL0 15,2,1000.0,48541.96583407945,48541.96583421443
80,NL0 16 Invest,investable,NL0 16,1,1000.0,59329.06935279719,59329.06935292875
80,NL0 17 Invest,investable,NL0 17,1,0.0,59329.06935279719,59329.06935292875
80,NL0 18 Invest,investable,NL0 18,1,0.0,59329.06935279719,59329.06935292875
80,NL0 19 Invest,investable,NL0 19,2,1000.0,48541.96583407945,48541.96583421443
80,NL0 2 Invest,investable,NL0 2,2,1000.0,48541.96583407945,48541.96583421443
80,NL0 20 Invest,investable,NL0 20,1,0.0,59329.06935279719,59329.06935292875
80,NL0 21 Invest,investable,NL0 21,1,0.0,59329.06935279719,59329.06935292875
80,NL0 22 Invest,investable,NL0 22,3,0.0,53935.51759343677,53935.51759357159
80,NL0 23 Invest,investable,NL0 23,1,0.0,59329.06935279719,59329.06935292875
80,NL0 24 Invest,investable,NL0 24,1,0.0,59329.06935279719,59329.06935292875
80,NL0 25 Invest,investable,NL0 25,2,0.0,48541.96583407945,48541.96583421443
80,NL0 26 Invest,investable,NL0 26,2,987.3248031843468,48541.96583407945,48541.96583421443
80,NL0 27 Invest,investable,NL0 27,1,0.0,59329.06935279719,59329.06935292875
80,NL0 28 Invest,investable,NL0 28,2,0.0,48541.96583407945,48541.96583421443
80,NL0 3 Invest,investable,NL0 3,1,1000.0,59329.06935279719,59329.06935292875
80,NL0 30 Invest,investable,NL0 30,1,0.0,59329.06935279719,59329.06935292875
80,NL0 31 Invest,investable,NL0 31,2,1000.0,48541.96583407945,48541.96583421443
80,NL0 33 Invest,investable,NL0 33,1,35.5312178697568,59329.06935279719,59329.06935292875
80,NL0 4 Invest,investable,NL0 4,2,1000.0,48541.96583407945,48541.96583421443
80,NL0 5 Invest,investable,NL0 5,3,678.1047541590506,53935.51759343677,53935.51759357159
80,NL0 6 Invest,investable,NL0 6,3,1000.0,53935.51759343677,53935.51759357159
80,NL0 7 Invest,investable,NL0 7,3,0.0,53935.51759343677,53935.51759357159
80,NL0 8 Invest,investable,NL0 8,1,1000.0,59329.06935279719,59329.06935292875
80,NL0 9 Invest,investable,NL0 9,3,1000.0,53935.51759343677,53935.51759357159
80,NL0 1 biomass,legacy,NL0 1,3,71.0,53935.51759343677,53935.51759343677
80,NL0 1 waste,legacy,NL0 1,3,31.0,53935.51759343677,53935.51759343677
80,NL0 10 waste,legacy,NL0 10,1,150.0,59329.06935279719,59329.06935279719
80,NL0 11 biomass,legacy,NL0 11,3,20.0,53935.51759343677,53935.51759343677
80,NL0 11 waste,legacy,NL0 11,3,50.0,53935.51759343677,53935.51759343677
80,NL0 13 biomass,legacy,NL0 13,3,77.0,53935.51759343677,53935.51759343677
80,NL0 19 biomass,legacy,NL0 19,2,49.0,48541.96583407945,48541.96583407945
80,NL0 19 waste,legacy,NL0 19,2,36.0,48541.96583407945,48541.96583407945
80,NL0 22 biomass,legacy,NL0 22,3,500.0,53935.51759343677,53935.51759343677
80,NL0 25 waste,legacy,NL0 25,2,54.0,48541.96583407945,48541.96583407945
80,NL0 27 biomass,legacy,NL0 27,1,22.0,59329.06935279719,59329.06935279719
80,NL0 27 waste,legacy,NL0 27,1,71.2,59329.06935279719,59329.06935279719
80,NL0 3 biomass,legacy,NL0 3,1,22.0,59329.06935279719,59329.06935279719
80,NL0 3 waste,legacy,NL0 3,1,108.0,59329.06935279719,59329.06935279719
80,NL0 30 biomass,legacy,NL0 30,1,60.0,59329.06935279719,59329.06935279719
80,NL0 7 nuclear,legacy,NL0 7,3,515.0,53935.51759343677,53935.51759343677
80,NL0 7 waste,legacy,NL0 7,3,39.0,53935.51759343677,53935.51759343677
80,NL0 8 biomass,legacy,NL0 8,1,36.0,59329.06935279719,59329.06935279719
80,NL0 8 waste,legacy,NL0 8,1,157.0,59329.06935279719,59329.06935279719
80,NL0 9 biomass,legacy,NL0 9,3,20.0,53935.51759343677,53935.51759343677
80,NL0 0 0 solar,legacy,NL0 0,1,0.0,59329.06935279719,59329.069352797116
80,NL0 1 0 solar,legacy,NL0 1,3,0.0,53935.51759343677,53935.5175934367
80,NL0 10 0 solar,legacy,NL0 10,1,0.0,59329.06935279719,59329.069352797116
80,NL0 11 0 solar,legacy,NL0 11,3,0.0,53935.51759343677,53935.5175934367
80,NL0 12 0 solar,legacy,NL0 12,2,0.0,48541.96583407945,48541.96583407938
80,NL0 13 0 solar,legacy,NL0 13,3,0.0,53935.51759343677,53935.5175934367
80,NL0 14 0 solar,legacy,NL0 14,2,0.0,48541.96583407945,48541.96583407938
80,NL0 15 0 solar,legacy,NL0 15,2,0.0,48541.96583407945,48541.96583407938
80,NL0 16 0 solar,legacy,NL0 16,1,0.0,59329.06935279719,59329.069352797116
80,NL0 17 0 solar,legacy,NL0 17,1,0.0,59329.06935279719,59329.069352797116
80,NL0 18 0 solar,legacy,NL0 18,1,0.0,59329.06935279719,59329.069352797116
80,NL0 19 0 solar,legacy,NL0 19,2,0.0,48541.96583407945,48541.96583407938
80,NL0 2 0 solar,legacy,NL0 2,2,0.0,48541.96583407945,48541.96583407938
80,NL0 20 0 solar,legacy,NL0 20,1,0.0,59329.06935279719,59329.069352797116
80,NL0 21 0 solar,legacy,NL0 21,1,0.0,59329.06935279719,59329.069352797116
80,NL0 22 0 solar,legacy,NL0 22,3,0.0,53935.51759343677,53935.5175934367
80,NL0 23 0 solar,legacy,NL0 23,1,0.0,59329.06935279719,59329.069352797116
80,NL0 24 0 solar,legacy,NL0 24,1,0.0,59329.06935279719,59329.069352797116
80,NL0 25 0 solar,legacy,NL0 25,2,0.0,48541.96583407945,48541.96583407938
80,NL0 26 0 solar,legacy,NL0 26,2,0.0,48541.96583407945,48541.96583407938
80,NL0 27 0 solar,legacy,NL0 27,1,0.0,59329.06935279719,59329.069352797116
80,NL0 28 0 solar,legacy,NL0 28,2,0.0,48541.96583407945,48541.96583407938
80,NL0 3 0 solar,legacy,NL0 3,1,0.0,59329.06935279719,59329.069352797116
80,NL0 30 0 solar,legacy,NL0 30,1,0.0,59329.06935279719,59329.069352797116
80,NL0 31 0 solar,legacy,NL0 31,2,0.0,48541.96583407945,48541.96583407938
80,NL0 4 0 solar,legacy,NL0 4,2,0.0,48541.96583407945,48541.96583407938
80,NL0 5 0 solar,legacy,NL0 5,3,0.0,53935.51759343677,53935.5175934367
80,NL0 6 0 solar,legacy,NL0 6,3,0.0,53935.51759343677,53935.5175934367
80,NL0 7 0 solar,legacy,NL0 7,3,0.0,53935.51759343677,53935.5175934367
80,NL0 8 0 solar,legacy,NL0 8,1,0.0,59329.06935279719,59329.069352797116
80,NL0 9 0 solar,legacy,NL0 9,3,0.0,53935.51759343677,53935.5175934367
80,NL0 20 0 offwind-ac,legacy,NL0 20,1,0.0,59329.06935279719,59329.069352797116
80,NL0 27 0 offwind-ac,legacy,NL0 27,1,0.0,59329.06935279719,59329.069352797116
80,NL0 31 0 offwind-ac,legacy,NL0 31,2,0.0,48541.96583407945,48541.96583407938
80,NL0 32 0 offwind-ac,legacy,NL0 32,1,0.0,59329.06935279719,59329.069352797116
80,NL0 7 0 offwind-ac,legacy,NL0 7,3,0.0,53935.51759343677,53935.5175934367
80,NL0 0 0 onwind,legacy,NL0 0,1,0.0,59329.06935279719,59329.069352797116
80,NL0 1 0 onwind,legacy,NL0 1,3,0.0,53935.51759343677,53935.5175934367
80,NL0 10 0 onwind,legacy,NL0 10,1,0.0,59329.06935279719,59329.069352797116
80,NL0 11 0 onwind,legacy,NL0 11,3,0.0,53935.51759343677,53935.5175934367
80,NL0 12 0 onwind,legacy,NL0 12,2,0.0,48541.96583407945,48541.96583407938
80,NL0 13 0 onwind,legacy,NL0 13,3,0.0,53935.51759343677,53935.5175934367
80,NL0 14 0 onwind,legacy,NL0 14,2,0.0,48541.96583407945,48541.96583407938
80,NL0 15 0 onwind,legacy,NL0 15,2,0.0,48541.96583407945,48541.96583407938
80,NL0 17 0 onwind,legacy,NL0 17,1,0.0,59329.06935279719,59329.069352797116
80,NL0 19 0 onwind,legacy,NL0 19,2,0.0,48541.96583407945,48541.96583407938
80,NL0 2 0 onwind,legacy,NL0 2,2,0.0,48541.96583407945,48541.96583407938
80,NL0 20 0 onwind,legacy,NL0 20,1,0.0,59329.06935279719,59329.069352797116
80,NL0 21 0 onwind,legacy,NL0 21,1,0.0,59329.06935279719,59329.069352797116
80,NL0 22 0 onwind,legacy,NL0 22,3,0.0,53935.51759343677,53935.5175934367
80,NL0 23 0 onwind,legacy,NL0 23,1,0.0,59329.06935279719,59329.069352797116
80,NL0 24 0 onwind,legacy,NL0 24,1,0.0,59329.06935279719,59329.069352797116
80,NL0 27 0 onwind,legacy,NL0 27,1,0.0,59329.06935279719,59329.069352797116
80,NL0 3 0 onwind,legacy,NL0 3,1,0.0,59329.06935279719,59329.069352797116
80,NL0 30 0 onwind,legacy,NL0 30,1,0.0,59329.06935279719,59329.069352797116
80,NL0 31 0 onwind,legacy,NL0 31,2,0.0,48541.96583407945,48541.96583407938
80,NL0 4 0 onwind,legacy,NL0 4,2,0.0,48541.96583407945,48541.96583407938
80,NL0 5 0 onwind,legacy,NL0 5,3,0.0,53935.51759343677,53935.5175934367
80,NL0 6 0 onwind,legacy,NL0 6,3,0.0,53935.51759343677,53935.5175934367
80,NL0 7 0 onwind,legacy,NL0 7,3,0.0,53935.51759343677,53935.5175934367
80,NL0 8 0 onwind,legacy,NL0 8,1,0.0,59329.06935279719,59329.069352797116
80,NL0 9 0 onwind,legacy,NL0 9,3,0.0,53935.51759343677,53935.5175934367
