run_id,generator,type,bus,zone,cm_offer,lambda_c_z,mu_cm_bud
1,NL0 0 Invest,investable,NL0 0,1,0.0,53935.51759343587,59329.06935292875
1,NL0 1 Invest,investable,NL0 1,1,1000.0,53935.51759343587,53935.51759357159
1,NL0 10 Invest,investable,NL0 10,1,0.0,53935.51759343587,59329.06935292875
1,NL0 11 Invest,investable,NL0 11,1,1000.0,53935.51759343587,53935.51759357159
1,NL0 12 Invest,investable,NL0 12,1,1000.0,53935.51759343587,53935.51759343562
1,NL0 13 Invest,investable,NL0 13,1,1000.0,53935.51759343587,53935.51759357159
1,NL0 14 Invest,investable,NL0 14,1,1000.0,53935.51759343587,53935.51759343575
1,NL0 15 Invest,investable,NL0 15,1,1000.0,53935.51759343587,53935.51759343575
1,NL0 16 Invest,investable,NL0 16,1,0.0,53935.51759343587,59329.06935292875
1,NL0 17 Invest,investable,NL0 17,1,0.0,53935.51759343587,59329.06935292875
1,NL0 18 Invest,investable,NL0 18,1,0.0,53935.51759343587,59329.06935292875
1,NL0 19 Invest,investable,NL0 19,1,1000.0,53935.51759343587,53935.51759343575
1,NL0 2 Invest,investable,NL0 2,1,1000.0,53935.51759343587,53935.51759343575
1,NL0 20 Invest,investable,NL0 20,1,0.0,53935.51759343587,59329.06935292875
1,NL0 21 Invest,investable,NL0 21,1,0.0,53935.51759343587,59329.06935292875
1,NL0 22 Invest,investable,NL0 22,1,0.0,53935.51759343587,53935.51759357159
1,NL0 23 Invest,investable,NL0 23,1,0.0,53935.51759343587,59329.06935292875
1,NL0 24 Invest,investable,NL0 24,1,0.0,53935.51759343587,59329.06935292875
1,NL0 25 Invest,investable,NL0 25,1,1000.0,53935.51759343587,53935.51759343575
1,NL0 26 Invest,investable,NL0 26,1,1000.0,53935.51759343587,53935.51759343575
1,NL0 27 Invest,investable,NL0 27,1,0.0,53935.51759343587,59329.06935292875
1,NL0 28 Invest,investable,NL0 28,1,1000.0,53935.51759343587,53935.51759343575
1,NL0 3 Invest,investable,NL0 3,1,0.0,53935.51759343587,59329.06935292875
1,NL0 30 Invest,investable,NL0 30,1,0.0,53935.51759343587,59329.06935292875
1,NL0 31 Invest,investable,NL0 31,1,1000.0,53935.51759343587,53935.51759343575
1,NL0 33 Invest,investable,NL0 33,1,0.0,53935.51759343587,59329.06935292875
1,NL0 4 Invest,investable,NL0 4,1,1000.0,53935.51759343587,53935.51759343575
1,NL0 5 Invest,investable,NL0 5,1,0.0,53935.51759343587,53935.51759357159
1,NL0 6 Invest,investable,NL0 6,1,634.5076028511185,53935.51759343587,53935.51759357159
1,NL0 7 Invest,investable,NL0 7,1,0.0,53935.51759343587,53935.51759357159
1,NL0 8 Invest,investable,NL0 8,1,0.0,53935.51759343587,59329.06935292875
1,NL0 9 Invest,investable,NL0 9,1,1000.0,53935.51759343587,53935.51759357159
1,NL0 1 biomass,legacy,NL0 1,1,71.0,53935.51759343587,53935.51759343587
1,NL0 1 waste,legacy,NL0 1,1,31.0,53935.51759343587,53935.51759343587
1,NL0 10 waste,legacy,NL0 10,1,150.0,53935.51759343587,53935.51759343587
1,NL0 11 biomass,legacy,NL0 11,1,20.0,53935.51759343587,53935.51759343587
1,NL0 11 waste,legacy,NL0 11,1,50.0,53935.51759343587,53935.51759343587
1,NL0 13 biomass,legacy,NL0 13,1,77.0,53935.51759343587,53935.51759343587
1,NL0 19 biomass,legacy,NL0 19,1,49.0,53935.51759343587,53935.51759343587
1,NL0 19 waste,legacy,NL0 19,1,36.0,53935.51759343587,53935.51759343587
1,NL0 22 biomass,legacy,NL0 22,1,500.0,53935.51759343587,53935.51759343587
1,NL0 25 waste,legacy,NL0 25,1,54.0,53935.51759343587,53935.51759343587
1,NL0 27 biomass,legacy,NL0 27,1,22.0,53935.51759343587,53935.51759343587
1,NL0 27 waste,legacy,NL0 27,1,71.2,53935.51759343587,53935.51759343587
1,NL0 3 biomass,legacy,NL0 3,1,22.0,53935.51759343587,53935.51759343587
1,NL0 3 waste,legacy,NL0 3,1,108.0,53935.51759343587,53935.51759343587
1,NL0 30 biomass,legacy,NL0 30,1,60.0,53935.51759343587,53935.51759343587
1,NL0 7 nuclear,legacy,NL0 7,1,515.0,53935.51759343587,53935.51759343587
1,NL0 7 waste,legacy,NL0 7,1,39.0,53935.51759343587,53935.51759343587
1,NL0 8 biomass,legacy,NL0 8,1,36.0,53935.51759343587,53935.51759343587
1,NL0 8 waste,legacy,NL0 8,1,157.0,53935.51759343587,53935.51759343587
1,NL0 9 biomass,legacy,NL0 9,1,20.0,53935.51759343587,53935.51759343587
1,NL0 0 0 solar,legacy,NL0 0,1,0.0,53935.51759343587,53935.517593435754
1,NL0 1 0 solar,legacy,NL0 1,1,0.0,53935.51759343587,53935.517593435754
1,NL0 10 0 solar,legacy,NL0 10,1,0.0,53935.51759343587,53935.517593435754
1,NL0 11 0 solar,legacy,NL0 11,1,0.0,53935.51759343587,53935.517593435754
1,NL0 12 0 solar,legacy,NL0 12,1,0.0,53935.51759343587,53935.517593435754
1,NL0 13 0 solar,legacy,NL0 13,1,0.0,53935.51759343587,53935.517593435754
1,NL0 14 0 solar,legacy,NL0 14,1,0.0,53935.51759343587,53935.517593435754
1,NL0 15 0 solar,legacy,NL0 15,1,0.0,53935.51759343587,53935.517593435754
1,NL0 16 0 solar,legacy,NL0 16,1,0.0,53935.51759343587,53935.517593435754
1,NL0 17 0 solar,legacy,NL0 17,1,0.0,53935.51759343587,53935.517593435754
1,NL0 18 0 solar,legacy,NL0 18,1,0.0,53935.51759343587,53935.517593435754
1,NL0 19 0 solar,legacy,NL0 19,1,0.0,53935.51759343587,53935.517593435754
1,NL0 2 0 solar,legacy,NL0 2,1,0.0,53935.51759343587,53935.517593435754
1,NL0 20 0 solar,legacy,NL0 20,1,0.0,53935.51759343587,53935.517593435754
1,NL0 21 0 solar,legacy,NL0 21,1,0.0,53935.51759343587,53935.517593435754
1,NL0 22 0 solar,legacy,NL0 22,1,0.0,53935.51759343587,53935.517593435754
1,NL0 23 0 solar,legacy,NL0 23,1,0.0,53935.51759343587,53935.517593435754
1,NL0 24 0 solar,legacy,NL0 24,1,0.0,53935.51759343587,53935.517593435754
1,NL0 25 0 solar,legacy,NL0 25,1,0.0,53935.51759343587,53935.517593435754
1,NL0 26 0 solar,legacy,NL0 26,1,0.0,53935.51759343587,53935.517593435754
1,NL0 27 0 solar,legacy,NL0 27,1,0.0,53935.51759343587,53935.517593435754
1,NL0 28 0 solar,legacy,NL0 28,1,0.0,53935.51759343587,53935.517593435754
1,NL0 3 0 solar,legacy,NL0 3,1,0.0,53935.51759343587,53935.517593435754
1,NL0 30 0 solar,legacy,NL0 30,1,0.0,53935.51759343587,53935.517593435754
1,NL0 31 0 solar,legacy,NL0 31,1,0.0,53935.51759343587,53935.517593435754
1,NL0 4 0 solar,legacy,NL0 4,1,0.0,53935.51759343587,53935.517593435754
1,NL0 5 0 solar,legacy,NL0 5,1,0.0,53935.51759343587,53935.517593435754
1,NL0 6 0 solar,legacy,NL0 6,1,0.0,53935.51759343587,53935.517593435754
1,NL0 7 0 solar,legacy,NL0 7,1,0.0,53935.51759343587,53935.517593435754
1,NL0 8 0 solar,legacy,NL0 8,1,0.0,53935.51759343587,53935.517593435754
1,NL0 9 0 solar,legacy,NL0 9,1,0.0,53935.51759343587,53935.517593435754
1,NL0 20 0 offwind-ac,legacy,NL0 20,1,0.0,53935.51759343587,53935.517593435754
1,NL0 27 0 offwind-ac,legacy,NL0 27,1,0.0,53935.51759343587,53935.517593435754
1,NL0 31 0 offwind-ac,legacy,NL0 31,1,0.0,53935.51759343587,53935.517593435754
1,NL0 32 0 offwind-ac,legacy,NL0 32,1,0.0,53935.51759343587,53935.517593435754
1,NL0 7 0 offwind-ac,legacy,NL0 7,1,0.0,53935.51759343587,53935.517593435754
1,NL0 0 0 onwind,legacy,NL0 0,1,0.0,53935.51759343587,53935.517593435754
1,NL0 1 0 onwind,legacy,NL0 1,1,0.0,53935.51759343587,53935.517593435754
1,NL0 10 0 onwind,legacy,NL0 10,1,0.0,53935.51759343587,53935.517593435754
1,NL0 11 0 onwind,legacy,NL0 11,1,0.0,53935.51759343587,53935.517593435754
1,NL0 12 0 onwind,legacy,NL0 12,1,0.0,53935.51759343587,53935.517593435754
1,NL0 13 0 onwind,legacy,NL0 13,1,0.0,53935.51759343587,53935.517593435754
1,NL0 14 0 onwind,legacy,NL0 14,1,0.0,53935.51759343587,53935.517593435754
1,NL0 15 0 onwind,legacy,NL0 15,1,0.0,53935.51759343587,53935.517593435754
1,NL0 17 0 onwind,legacy,NL0 17,1,0.0,53935.51759343587,53935.517593435754
1,NL0 19 0 onwind,legacy,NL0 19,1,0.0,53935.51759343587,53935.517593435754
1,NL0 2 0 onwind,legacy,NL0 2,1,0.0,53935.51759343587,53935.517593435754
1,NL0 20 0 onwind,legacy,NL0 20,1,0.0,53935.51759343587,53935.517593435754
1,NL0 21 0 onwind,legacy,NL0 21,1,0.0,53935.51759343587,53935.517593435754
1,NL0 22 0 onwind,legacy,NL0 22,1,0.0,53935.51759343587,53935.517593435754
1,NL0 23 0 onwind,legacy,NL0 23,1,0.0,53935.51759343587,53935.517593435754
1,NL0 24 0 onwind,legacy,NL0 24,1,0.0,53935.51759343587,53935.517593435754
1,NL0 27 0 onwind,legacy,NL0 27,1,0.0,53935.51759343587,53935.517593435754
1,NL0 3 0 onwind,legacy,NL0 3,1,0.0,53935.51759343587,53935.517593435754
1,NL0 30 0 onwind,legacy,NL0 30,1,0.0,53935.51759343587,53935.517593435754
1,NL0 31 0 onwind,legacy,NL0 31,1,0.0,53935.51759343587,53935.517593435754
1,NL0 4 0 onwind,legacy,NL0 4,1,0.0,53935.51759343587,53935.517593435754
1,NL0 5 0 onwind,legacy,NL0 5,1,0.0,53935.51759343587,53935.517593435754
1,NL0 6 0 onwind,legacy,NL0 6,1,0.0,53935.51759343587,53935.517593435754
1,NL0 7 0 onwind,legacy,NL0 7,1,0.0,53935.51759343587,53935.517593435754
1,NL0 8 0 onwind,legacy,NL0 8,1,0.0,53935.51759343587,53935.517593435754
1,NL0 9 0 onwind,legacy,NL0 9,1,0.0,53935.51759343587,53935.517593435754
2,NL0 0 Invest,investable,NL0 0,1,0.0,53935.51759343587,59329.06935292875
2,NL0 1 Invest,investable,NL0 1,1,0.0,53935.51759343587,53935.51759357159
2,NL0 10 Invest,investable,NL0 10,1,0.0,53935.51759343587,59329.06935292875
2,NL0 11 Invest,investable,NL0 11,1,0.0,53935.51759343587,53935.51759357159
2,NL0 12 Invest,investable,NL0 12,1,1000.0,53935.51759343587,53935.51759343562
2,NL0 13 Invest,investable,NL0 13,1,0.0,53935.51759343587,53935.51759357159
2,NL0 14 Invest,investable,NL0 14,1,1000.0,53935.51759343587,53935.51759343575
2,NL0 15 Invest,investable,NL0 15,1,1000.0,53935.51759343587,53935.51759343575
2,NL0 16 Invest,investable,NL0 16,1,0.0,53935.51759343587,59329.06935292875
2,NL0 17 Invest,investable,NL0 17,1,0.0,53935.51759343587,59329.06935292875
2,NL0 18 Invest,investable,NL0 18,1,0.0,53935.51759343587,59329.06935292875
2,NL0 19 Invest,investable,NL0 19,1,1000.0,53935.51759343587,53935.51759343575
2,NL0 2 Invest,investable,NL0 2,1,1000.0,53935.51759343587,53935.51759343575
2,NL0 20 Invest,investable,NL0 20,1,0.0,53935.51759343587,59329.06935292875
2,NL0 21 Invest,investable,NL0 21,1,0.0,53935.51759343587,59329.06935292875
2,NL0 22 Invest,investable,NL0 22,1,1000.0,53935.51759343587,53935.51759357159
2,NL0 23 Invest,investable,NL0 23,1,0.0,53935.51759343587,59329.06935292875
2,NL0 24 Invest,investable,NL0 24,1,0.0,53935.51759343587,59329.06935292875
2,NL0 25 Invest,investable,NL0 25,1,1000.0,53935.51759343587,53935.51759343575
2,NL0 26 Invest,investable,NL0 26,1,1000.0,53935.51759343587,53935.51759343575
2,NL0 27 Invest,investable,NL0 27,1,0.0,53935.51759343587,59329.06935292875
2,NL0 28 Invest,investable,NL0 28,1,1000.0,53935.51759343587,53935.51759343575
2,NL0 3 Invest,investable,NL0 3,1,0.0,53935.51759343587,59329.06935292875
2,NL0 30 Invest,investable,NL0 30,1,0.0,53935.51759343587,59329.06935292875
2,NL0 31 Invest,investable,NL0 31,1,1000.0,53935.51759343587,53935.51759343575
2,NL0 33 Invest,investable,NL0 33,1,0.0,53935.51759343587,59329.06935292875
2,NL0 4 Invest,investable,NL0 4,1,1000.0,53935.51759343587,53935.51759343575
2,NL0 5 Invest,investable,NL0 5,1,1000.0,53935.51759343587,53935.51759357159
2,NL0 6 Invest,investable,NL0 6,1,1000.0,53935.51759343587,53935.51759357159
2,NL0 7 Invest,investable,NL0 7,1,1000.0,53935.51759343587,53935.51759357159
2,NL0 8 Invest,investable,NL0 8,1,0.0,53935.51759343587,59329.06935292875
2,NL0 9 Invest,investable,NL0 9,1,634.5076028511185,53935.51759343587,53935.51759357159
2,NL0 1 biomass,legacy,NL0 1,1,71.0,53935.51759343587,53935.51759343587
2,NL0 1 waste,legacy,NL0 1,1,31.0,53935.51759343587,53935.51759343587
2,NL0 10 waste,legacy,NL0 10,1,150.0,53935.51759343587,53935.51759343587
2,NL0 11 biomass,legacy,NL0 11,1,20.0,53935.51759343587,53935.51759343587
2,NL0 11 waste,legacy,NL0 11,1,50.0,53935.51759343587,53935.51759343587
2,NL0 13 biomass,legacy,NL0 13,1,77.0,53935.51759343587,53935.51759343587
2,NL0 19 biomass,legacy,NL0 19,1,49.0,53935.51759343587,53935.51759343587
2,NL0 19 waste,legacy,NL0 19,1,36.0,53935.51759343587,53935.51759343587
2,NL0 22 biomass,legacy,NL0 22,1,500.0,53935.51759343587,53935.51759343587
2,NL0 25 waste,legacy,NL0 25,1,54.0,53935.51759343587,53935.51759343587
2,NL0 27 biomass,legacy,NL0 27,1,22.0,53935.51759343587,53935.51759343587
2,NL0 27 waste,legacy,NL0 27,1,71.2,53935.51759343587,53935.51759343587
2,NL0 3 biomass,legacy,NL0 3,1,22.0,53935.51759343587,53935.51759343587
2,NL0 3 waste,legacy,NL0 3,1,108.0,53935.51759343587,53935.51759343587
2,NL0 30 biomass,legacy,NL0 30,1,60.0,53935.51759343587,53935.51759343587
2,NL0 7 nuclear,legacy,NL0 7,1,515.0,53935.51759343587,53935.51759343587
2,NL0 7 waste,legacy,NL0 7,1,39.0,53935.51759343587,53935.51759343587
2,NL0 8 biomass,legacy,NL0 8,1,36.0,53935.51759343587,53935.51759343587
2,NL0 8 waste,legacy,NL0 8,1,157.0,53935.51759343587,53935.51759343587
2,NL0 9 biomass,legacy,NL0 9,1,20.0,53935.51759343587,53935.51759343587
2,NL0 0 0 solar,legacy,NL0 0,1,0.0,53935.51759343587,53935.517593435754
2,NL0 1 0 solar,legacy,NL0 1,1,0.0,53935.51759343587,53935.517593435754
2,NL0 10 0 solar,legacy,NL0 10,1,0.0,53935.51759343587,53935.517593435754
2,NL0 11 0 solar,legacy,NL0 11,1,0.0,53935.51759343587,53935.517593435754
2,NL0 12 0 solar,legacy,NL0 12,1,0.0,53935.51759343587,53935.517593435754
2,NL0 13 0 solar,legacy,NL0 13,1,0.0,53935.51759343587,53935.517593435754
2,NL0 14 0 solar,legacy,NL0 14,1,0.0,53935.51759343587,53935.517593435754
2,NL0 15 0 solar,legacy,NL0 15,1,0.0,53935.51759343587,53935.517593435754
2,NL0 16 0 solar,legacy,NL0 16,1,0.0,53935.51759343587,53935.517593435754
2,NL0 17 0 solar,legacy,NL0 17,1,0.0,53935.51759343587,53935.517593435754
2,NL0 18 0 solar,legacy,NL0 18,1,0.0,53935.51759343587,53935.517593435754
2,NL0 19 0 solar,legacy,NL0 19,1,0.0,53935.51759343587,53935.517593435754
2,NL0 2 0 solar,legacy,NL0 2,1,0.0,53935.51759343587,53935.517593435754
2,NL0 20 0 solar,legacy,NL0 20,1,0.0,53935.51759343587,53935.517593435754
2,NL0 21 0 solar,legacy,NL0 21,1,0.0,53935.51759343587,53935.517593435754
2,NL0 22 0 solar,legacy,NL0 22,1,0.0,53935.51759343587,53935.517593435754
2,NL0 23 0 solar,legacy,NL0 23,1,0.0,53935.51759343587,53935.517593435754
2,NL0 24 0 solar,legacy,NL0 24,1,0.0,53935.51759343587,53935.517593435754
2,NL0 25 0 solar,legacy,NL0 25,1,0.0,53935.51759343587,53935.517593435754
2,NL0 26 0 solar,legacy,NL0 26,1,0.0,53935.51759343587,53935.517593435754
2,NL0 27 0 solar,legacy,NL0 27,1,0.0,53935.51759343587,53935.517593435754
2,NL0 28 0 solar,legacy,NL0 28,1,0.0,53935.51759343587,53935.517593435754
2,NL0 3 0 solar,legacy,NL0 3,1,0.0,53935.51759343587,53935.517593435754
2,NL0 30 0 solar,legacy,NL0 30,1,0.0,53935.51759343587,53935.517593435754
2,NL0 31 0 solar,legacy,NL0 31,1,0.0,53935.51759343587,53935.517593435754
2,NL0 4 0 solar,legacy,NL0 4,1,0.0,53935.51759343587,53935.517593435754
2,NL0 5 0 solar,legacy,NL0 5,1,0.0,53935.51759343587,53935.517593435754
2,NL0 6 0 solar,legacy,NL0 6,1,0.0,53935.51759343587,53935.517593435754
2,NL0 7 0 solar,legacy,NL0 7,1,0.0,53935.51759343587,53935.517593435754
2,NL0 8 0 solar,legacy,NL0 8,1,0.0,53935.51759343587,53935.517593435754
2,NL0 9 0 solar,legacy,NL0 9,1,0.0,53935.51759343587,53935.517593435754
2,NL0 20 0 offwind-ac,legacy,NL0 20,1,0.0,53935.51759343587,53935.517593435754
2,NL0 27 0 offwind-ac,legacy,NL0 27,1,0.0,53935.51759343587,53935.517593435754
2,NL0 31 0 offwind-ac,legacy,NL0 31,1,0.0,53935.51759343587,53935.517593435754
2,NL0 32 0 offwind-ac,legacy,NL0 32,1,0.0,53935.51759343587,53935.517593435754
2,NL0 7 0 offwind-ac,legacy,NL0 7,1,0.0,53935.51759343587,53935.517593435754
2,NL0 0 0 onwind,legacy,NL0 0,1,0.0,53935.51759343587,53935.517593435754
2,NL0 1 0 onwind,legacy,NL0 1,1,0.0,53935.51759343587,53935.517593435754
2,NL0 10 0 onwind,legacy,NL0 10,1,0.0,53935.51759343587,53935.517593435754
2,NL0 11 0 onwind,legacy,NL0 11,1,0.0,53935.51759343587,53935.517593435754
2,NL0 12 0 onwind,legacy,NL0 12,1,0.0,53935.51759343587,53935.517593435754
2,NL0 13 0 onwind,legacy,NL0 13,1,0.0,53935.51759343587,53935.517593435754
2,NL0 14 0 onwind,legacy,NL0 14,1,0.0,53935.51759343587,53935.517593435754
2,NL0 15 0 onwind,legacy,NL0 15,1,0.0,53935.51759343587,53935.517593435754
2,NL0 17 0 onwind,legacy,NL0 17,1,0.0,53935.51759343587,53935.517593435754
2,NL0 19 0 onwind,legacy,NL0 19,1,0.0,53935.51759343587,53935.517593435754
2,NL0 2 0 onwind,legacy,NL0 2,1,0.0,53935.51759343587,53935.517593435754
2,NL0 20 0 onwind,legacy,NL0 20,1,0.0,53935.51759343587,53935.517593435754
2,NL0 21 0 onwind,legacy,NL0 21,1,0.0,53935.51759343587,53935.517593435754
2,NL0 22 0 onwind,legacy,NL0 22,1,0.0,53935.51759343587,53935.517593435754
2,NL0 23 0 onwind,legacy,NL0 23,1,0.0,53935.51759343587,53935.517593435754
2,NL0 24 0 onwind,legacy,NL0 24,1,0.0,53935.51759343587,53935.517593435754
2,NL0 27 0 onwind,legacy,NL0 27,1,0.0,53935.51759343587,53935.517593435754
2,NL0 3 0 onwind,legacy,NL0 3,1,0.0,53935.51759343587,53935.517593435754
2,NL0 30 0 onwind,legacy,NL0 30,1,0.0,53935.51759343587,53935.517593435754
2,NL0 31 0 onwind,legacy,NL0 31,1,0.0,53935.51759343587,53935.517593435754
2,NL0 4 0 onwind,legacy,NL0 4,1,0.0,53935.51759343587,53935.517593435754
2,NL0 5 0 onwind,legacy,NL0 5,1,0.0,53935.51759343587,53935.517593435754
2,NL0 6 0 onwind,legacy,NL0 6,1,0.0,53935.51759343587,53935.517593435754
2,NL0 7 0 onwind,legacy,NL0 7,1,0.0,53935.51759343587,53935.517593435754
2,NL0 8 0 onwind,legacy,NL0 8,1,0.0,53935.51759343587,53935.517593435754
2,NL0 9 0 onwind,legacy,NL0 9,1,0.0,53935.51759343587,53935.517593435754
3,NL0 0 Invest,investable,NL0 0,1,0.0,53935.51759343587,59329.06935292875
3,NL0 1 Invest,investable,NL0 1,1,0.0,53935.51759343587,53935.51759357159
3,NL0 10 Invest,investable,NL0 10,1,0.0,53935.51759343587,59329.06935292875
3,NL0 11 Invest,investable,NL0 11,1,0.0,53935.51759343587,53935.51759357159
3,NL0 12 Invest,investable,NL0 12,1,1000.0,53935.51759343587,53935.51759343562
3,NL0 13 Invest,investable,NL0 13,1,0.0,53935.51759343587,53935.51759357159
3,NL0 14 Invest,investable,NL0 14,1,1000.0,53935.51759343587,53935.51759343575
3,NL0 15 Invest,investable,NL0 15,1,1000.0,53935.51759343587,53935.51759343575
3,NL0 16 Invest,investable,NL0 16,1,0.0,53935.51759343587,59329.06935292875
3,NL0 17 Invest,investable,NL0 17,1,0.0,53935.51759343587,59329.06935292875
3,NL0 18 Invest,investable,NL0 18,1,0.0,53935.51759343587,59329.06935292875
3,NL0 19 Invest,investable,NL0 19,1,1000.0,53935.51759343587,53935.51759343575
3,NL0 2 Invest,investable,NL0 2,1,1000.0,53935.51759343587,53935.51759343575
3,NL0 20 Invest,investable,NL0 20,1,0.0,53935.51759343587,59329.06935292875
3,NL0 21 Invest,investable,NL0 21,1,0.0,53935.51759343587,59329.06935292875
3,NL0 22 Invest,investable,NL0 22,1,1000.0,53935.51759343587,53935.51759357159
3,NL0 23 Invest,investable,NL0 23,1,0.0,53935.51759343587,59329.06935292875
3,NL0 24 Invest,investable,NL0 24,1,0.0,53935.51759343587,59329.06935292875
3,NL0 25 Invest,investable,NL0 25,1,1000.0,53935.51759343587,53935.51759343575
3,NL0 26 Invest,investable,NL0 26,1,1000.0,53935.51759343587,53935.51759343575
3,NL0 27 Invest,investable,NL0 27,1,0.0,53935.51759343587,59329.06935292875
3,NL0 28 Invest,investable,NL0 28,1,1000.0,53935.51759343587,53935.51759343575
3,NL0 3 Invest,investable,NL0 3,1,0.0,53935.51759343587,59329.06935292875
3,NL0 30 Invest,investable,NL0 30,1,0.0,53935.51759343587,59329.06935292875
3,NL0 31 Invest,investable,NL0 31,1,1000.0,53935.51759343587,53935.51759343575
3,NL0 33 Invest,investable,NL0 33,1,0.0,53935.51759343587,59329.06935292875
3,NL0 4 Invest,investable,NL0 4,1,1000.0,53935.51759343587,53935.51759343575
3,NL0 5 Invest,investable,NL0 5,1,1000.0,53935.51759343587,53935.51759357159
3,NL0 6 Invest,investable,NL0 6,1,1000.0,53935.51759343587,53935.51759357159
3,NL0 7 Invest,investable,NL0 7,1,1000.0,53935.51759343587,53935.51759357159
3,NL0 8 Invest,investable,NL0 8,1,0.0,53935.51759343587,59329.06935292875
3,NL0 9 Invest,investable,NL0 9,1,634.5076028511185,53935.51759343587,53935.51759357159
3,NL0 1 biomass,legacy,NL0 1,1,71.0,53935.51759343587,53935.51759343587
3,NL0 1 waste,legacy,NL0 1,1,31.0,53935.51759343587,53935.51759343587
3,NL0 10 waste,legacy,NL0 10,1,150.0,53935.51759343587,53935.51759343587
3,NL0 11 biomass,legacy,NL0 11,1,20.0,53935.51759343587,53935.51759343587
3,NL0 11 waste,legacy,NL0 11,1,50.0,53935.51759343587,53935.51759343587
3,NL0 13 biomass,legacy,NL0 13,1,77.0,53935.51759343587,53935.51759343587
3,NL0 19 biomass,legacy,NL0 19,1,49.0,53935.51759343587,53935.51759343587
3,NL0 19 waste,legacy,NL0 19,1,36.0,53935.51759343587,53935.51759343587
3,NL0 22 biomass,legacy,NL0 22,1,500.0,53935.51759343587,53935.51759343587
3,NL0 25 waste,legacy,NL0 25,1,54.0,53935.51759343587,53935.51759343587
3,NL0 27 biomass,legacy,NL0 27,1,22.0,53935.51759343587,53935.51759343587
3,NL0 27 waste,legacy,NL0 27,1,71.2,53935.51759343587,53935.51759343587
3,NL0 3 biomass,legacy,NL0 3,1,22.0,53935.51759343587,53935.51759343587
3,NL0 3 waste,legacy,NL0 3,1,108.0,53935.51759343587,53935.51759343587
3,NL0 30 biomass,legacy,NL0 30,1,60.0,53935.51759343587,53935.51759343587
3,NL0 7 nuclear,legacy,NL0 7,1,515.0,53935.51759343587,53935.51759343587
3,NL0 7 waste,legacy,NL0 7,1,39.0,53935.51759343587,53935.51759343587
3,NL0 8 biomass,legacy,NL0 8,1,36.0,53935.51759343587,53935.51759343587
3,NL0 8 waste,legacy,NL0 8,1,157.0,53935.51759343587,53935.51759343587
3,NL0 9 biomass,legacy,NL0 9,1,20.0,53935.51759343587,53935.51759343587
3,NL0 0 0 solar,legacy,NL0 0,1,0.0,53935.51759343587,53935.517593435754
3,NL0 1 0 solar,legacy,NL0 1,1,0.0,53935.51759343587,53935.517593435754
3,NL0 10 0 solar,legacy,NL0 10,1,0.0,53935.51759343587,53935.517593435754
3,NL0 11 0 solar,legacy,NL0 11,1,0.0,53935.51759343587,53935.517593435754
3,NL0 12 0 solar,legacy,NL0 12,1,0.0,53935.51759343587,53935.517593435754
3,NL0 13 0 solar,legacy,NL0 13,1,0.0,53935.51759343587,53935.517593435754
3,NL0 14 0 solar,legacy,NL0 14,1,0.0,53935.51759343587,53935.517593435754
3,NL0 15 0 solar,legacy,NL0 15,1,0.0,53935.51759343587,53935.517593435754
3,NL0 16 0 solar,legacy,NL0 16,1,0.0,53935.51759343587,53935.517593435754
3,NL0 17 0 solar,legacy,NL0 17,1,0.0,53935.51759343587,53935.517593435754
3,NL0 18 0 solar,legacy,NL0 18,1,0.0,53935.51759343587,53935.517593435754
3,NL0 19 0 solar,legacy,NL0 19,1,0.0,53935.51759343587,53935.517593435754
3,NL0 2 0 solar,legacy,NL0 2,1,0.0,53935.51759343587,53935.517593435754
3,NL0 20 0 solar,legacy,NL0 20,1,0.0,53935.51759343587,53935.517593435754
3,NL0 21 0 solar,legacy,NL0 21,1,0.0,53935.51759343587,53935.517593435754
3,NL0 22 0 solar,legacy,NL0 22,1,0.0,53935.51759343587,53935.517593435754
3,NL0 23 0 solar,legacy,NL0 23,1,0.0,53935.51759343587,53935.517593435754
3,NL0 24 0 solar,legacy,NL0 24,1,0.0,53935.51759343587,53935.517593435754
3,NL0 25 0 solar,legacy,NL0 25,1,0.0,53935.51759343587,53935.517593435754
3,NL0 26 0 solar,legacy,NL0 26,1,0.0,53935.51759343587,53935.517593435754
3,NL0 27 0 solar,legacy,NL0 27,1,0.0,53935.51759343587,53935.517593435754
3,NL0 28 0 solar,legacy,NL0 28,1,0.0,53935.51759343587,53935.517593435754
3,NL0 3 0 solar,legacy,NL0 3,1,0.0,53935.51759343587,53935.517593435754
3,NL0 30 0 solar,legacy,NL0 30,1,0.0,53935.51759343587,53935.517593435754
3,NL0 31 0 solar,legacy,NL0 31,1,0.0,53935.51759343587,53935.517593435754
3,NL0 4 0 solar,legacy,NL0 4,1,0.0,53935.51759343587,53935.517593435754
3,NL0 5 0 solar,legacy,NL0 5,1,0.0,53935.51759343587,53935.517593435754
3,NL0 6 0 solar,legacy,NL0 6,1,0.0,53935.51759343587,53935.517593435754
3,NL0 7 0 solar,legacy,NL0 7,1,0.0,53935.51759343587,53935.517593435754
3,NL0 8 0 solar,legacy,NL0 8,1,0.0,53935.51759343587,53935.517593435754
3,NL0 9 0 solar,legacy,NL0 9,1,0.0,53935.51759343587,53935.517593435754
3,NL0 20 0 offwind-ac,legacy,NL0 20,1,0.0,53935.51759343587,53935.517593435754
3,NL0 27 0 offwind-ac,legacy,NL0 27,1,0.0,53935.51759343587,53935.517593435754
3,NL0 31 0 offwind-ac,legacy,NL0 31,1,0.0,53935.51759343587,53935.517593435754
3,NL0 32 0 offwind-ac,legacy,NL0 32,1,0.0,53935.51759343587,53935.517593435754
3,NL0 7 0 offwind-ac,legacy,NL0 7,1,0.0,53935.51759343587,53935.517593435754
3,NL0 0 0 onwind,legacy,NL0 0,1,0.0,53935.51759343587,53935.517593435754
3,NL0 1 0 onwind,legacy,NL0 1,1,0.0,53935.51759343587,53935.517593435754
3,NL0 10 0 onwind,legacy,NL0 10,1,0.0,53935.51759343587,53935.517593435754
3,NL0 11 0 onwind,legacy,NL0 11,1,0.0,53935.51759343587,53935.517593435754
3,NL0 12 0 onwind,legacy,NL0 12,1,0.0,53935.51759343587,53935.517593435754
3,NL0 13 0 onwind,legacy,NL0 13,1,0.0,53935.51759343587,53935.517593435754
3,NL0 14 0 onwind,legacy,NL0 14,1,0.0,53935.51759343587,53935.517593435754
3,NL0 15 0 onwind,legacy,NL0 15,1,0.0,53935.51759343587,53935.517593435754
3,NL0 17 0 onwind,legacy,NL0 17,1,0.0,53935.51759343587,53935.517593435754
3,NL0 19 0 onwind,legacy,NL0 19,1,0.0,53935.51759343587,53935.517593435754
3,NL0 2 0 onwind,legacy,NL0 2,1,0.0,53935.51759343587,53935.517593435754
3,NL0 20 0 onwind,legacy,NL0 20,1,0.0,53935.51759343587,53935.517593435754
3,NL0 21 0 onwind,legacy,NL0 21,1,0.0,53935.51759343587,53935.517593435754
3,NL0 22 0 onwind,legacy,NL0 22,1,0.0,53935.51759343587,53935.517593435754
3,NL0 23 0 onwind,legacy,NL0 23,1,0.0,53935.51759343587,53935.517593435754
3,NL0 24 0 onwind,legacy,NL0 24,1,0.0,53935.51759343587,53935.517593435754
3,NL0 27 0 onwind,legacy,NL0 27,1,0.0,53935.51759343587,53935.517593435754
3,NL0 3 0 onwind,legacy,NL0 3,1,0.0,53935.51759343587,53935.517593435754
3,NL0 30 0 onwind,legacy,NL0 30,1,0.0,53935.51759343587,53935.517593435754
3,NL0 31 0 onwind,legacy,NL0 31,1,0.0,53935.51759343587,53935.517593435754
3,NL0 4 0 onwind,legacy,NL0 4,1,0.0,53935.51759343587,53935.517593435754
3,NL0 5 0 onwind,legacy,NL0 5,1,0.0,53935.51759343587,53935.517593435754
3,NL0 6 0 onwind,legacy,NL0 6,1,0.0,53935.51759343587,53935.517593435754
3,NL0 7 0 onwind,legacy,NL0 7,1,0.0,53935.51759343587,53935.517593435754
3,NL0 8 0 onwind,legacy,NL0 8,1,0.0,53935.51759343587,53935.517593435754
3,NL0 9 0 onwind,legacy,NL0 9,1,0.0,53935.51759343587,53935.517593435754
4,NL0 0 Invest,investable,NL0 0,1,0.0,53935.51759343587,59329.06935292875
4,NL0 1 Invest,investable,NL0 1,1,1000.0,53935.51759343587,53935.51759357159
4,NL0 10 Invest,investable,NL0 10,1,0.0,53935.51759343587,59329.06935292875
4,NL0 11 Invest,investable,NL0 11,1,1000.0,53935.51759343587,53935.51759357159
4,NL0 12 Invest,investable,NL0 12,1,1000.0,53935.51759343587,53935.51759343562
4,NL0 13 Invest,investable,NL0 13,1,1000.0,53935.51759343587,53935.51759357159
4,NL0 14 Invest,investable,NL0 14,1,1000.0,53935.51759343587,53935.51759343575
4,NL0 15 Invest,investable,NL0 15,1,1000.0,53935.51759343587,53935.51759343575
4,NL0 16 Invest,investable,NL0 16,1,0.0,53935.51759343587,59329.06935292875
4,NL0 17 Invest,investable,NL0 17,1,0.0,53935.51759343587,59329.06935292875
4,NL0 18 Invest,investable,NL0 18,1,0.0,53935.51759343587,59329.06935292875
4,NL0 19 Invest,investable,NL0 19,1,1000.0,53935.51759343587,53935.51759343575
4,NL0 2 Invest,investable,NL0 2,1,1000.0,53935.51759343587,53935.51759343575
4,NL0 20 Invest,investable,NL0 20,1,0.0,53935.51759343587,59329.06935292875
4,NL0 21 Invest,investable,NL0 21,1,0.0,53935.51759343587,59329.06935292875
4,NL0 22 Invest,investable,NL0 22,1,0.0,53935.51759343587,53935.51759357159
4,NL0 23 Invest,investable,NL0 23,1,0.0,53935.51759343587,59329.06935292875
4,NL0 24 Invest,investable,NL0 24,1,0.0,53935.51759343587,59329.06935292875
4,NL0 25 Invest,investable,NL0 25,1,1000.0,53935.51759343587,53935.51759343575
4,NL0 26 Invest,investable,NL0 26,1,1000.0,53935.51759343587,53935.51759343575
4,NL0 27 Invest,investable,NL0 27,1,0.0,53935.51759343587,59329.06935292875
4,NL0 28 Invest,investable,NL0 28,1,1000.0,53935.51759343587,53935.51759343575
4,NL0 3 Invest,investable,NL0 3,1,0.0,53935.51759343587,59329.06935292875
4,NL0 30 Invest,investable,NL0 30,1,0.0,53935.51759343587,59329.06935292875
4,NL0 31 Invest,investable,NL0 31,1,1000.0,53935.51759343587,53935.51759343575
4,NL0 33 Invest,investable,NL0 33,1,0.0,53935.51759343587,59329.06935292875
4,NL0 4 Invest,investable,NL0 4,1,1000.0,53935.51759343587,53935.51759343575
4,NL0 5 Invest,investable,NL0 5,1,0.0,53935.51759343587,53935.51759357159
4,NL0 6 Invest,investable,NL0 6,1,634.5076028511185,53935.51759343587,53935.51759357159
4,NL0 7 Invest,investable,NL0 7,1,0.0,53935.51759343587,53935.51759357159
4,NL0 8 Invest,investable,NL0 8,1,0.0,53935.51759343587,59329.06935292875
4,NL0 9 Invest,investable,NL0 9,1,1000.0,53935.51759343587,53935.51759357159
4,NL0 1 biomass,legacy,NL0 1,1,71.0,53935.51759343587,53935.51759343587
4,NL0 1 waste,legacy,NL0 1,1,31.0,53935.51759343587,53935.51759343587
4,NL0 10 waste,legacy,NL0 10,1,150.0,53935.51759343587,53935.51759343587
4,NL0 11 biomass,legacy,NL0 11,1,20.0,53935.51759343587,53935.51759343587
4,NL0 11 waste,legacy,NL0 11,1,50.0,53935.51759343587,53935.51759343587
4,NL0 13 biomass,legacy,NL0 13,1,77.0,53935.51759343587,53935.51759343587
4,NL0 19 biomass,legacy,NL0 19,1,49.0,53935.51759343587,53935.51759343587
4,NL0 19 waste,legacy,NL0 19,1,36.0,53935.51759343587,53935.51759343587
4,NL0 22 biomass,legacy,NL0 22,1,500.0,53935.51759343587,53935.51759343587
4,NL0 25 waste,legacy,NL0 25,1,54.0,53935.51759343587,53935.51759343587
4,NL0 27 biomass,legacy,NL0 27,1,22.0,53935.51759343587,53935.51759343587
4,NL0 27 waste,legacy,NL0 27,1,71.2,53935.51759343587,53935.51759343587
4,NL0 3 biomass,legacy,NL0 3,1,22.0,53935.51759343587,53935.51759343587
4,NL0 3 waste,legacy,NL0 3,1,108.0,53935.51759343587,53935.51759343587
4,NL0 30 biomass,legacy,NL0 30,1,60.0,53935.51759343587,53935.51759343587
4,NL0 7 nuclear,legacy,NL0 7,1,515.0,53935.51759343587,53935.51759343587
4,NL0 7 waste,legacy,NL0 7,1,39.0,53935.51759343587,53935.51759343587
4,NL0 8 biomass,legacy,NL0 8,1,36.0,53935.51759343587,53935.51759343587
4,NL0 8 waste,legacy,NL0 8,1,157.0,53935.51759343587,53935.51759343587
4,NL0 9 biomass,legacy,NL0 9,1,20.0,53935.51759343587,53935.51759343587
4,NL0 0 0 solar,legacy,NL0 0,1,0.0,53935.51759343587,53935.517593435754
4,NL0 1 0 solar,legacy,NL0 1,1,0.0,53935.51759343587,53935.517593435754
4,NL0 10 0 solar,legacy,NL0 10,1,0.0,53935.51759343587,53935.517593435754
4,NL0 11 0 solar,legacy,NL0 11,1,0.0,53935.51759343587,53935.517593435754
4,NL0 12 0 solar,legacy,NL0 12,1,0.0,53935.51759343587,53935.517593435754
4,NL0 13 0 solar,legacy,NL0 13,1,0.0,53935.51759343587,53935.517593435754
4,NL0 14 0 solar,legacy,NL0 14,1,0.0,53935.51759343587,53935.517593435754
4,NL0 15 0 solar,legacy,NL0 15,1,0.0,53935.51759343587,53935.517593435754
4,NL0 16 0 solar,legacy,NL0 16,1,0.0,53935.51759343587,53935.517593435754
4,NL0 17 0 solar,legacy,NL0 17,1,0.0,53935.51759343587,53935.517593435754
4,NL0 18 0 solar,legacy,NL0 18,1,0.0,53935.51759343587,53935.517593435754
4,NL0 19 0 solar,legacy,NL0 19,1,0.0,53935.51759343587,53935.517593435754
4,NL0 2 0 solar,legacy,NL0 2,1,0.0,53935.51759343587,53935.517593435754
4,NL0 20 0 solar,legacy,NL0 20,1,0.0,53935.51759343587,53935.517593435754
4,NL0 21 0 solar,legacy,NL0 21,1,0.0,53935.51759343587,53935.517593435754
4,NL0 22 0 solar,legacy,NL0 22,1,0.0,53935.51759343587,53935.517593435754
4,NL0 23 0 solar,legacy,NL0 23,1,0.0,53935.51759343587,53935.517593435754
4,NL0 24 0 solar,legacy,NL0 24,1,0.0,53935.51759343587,53935.517593435754
4,NL0 25 0 solar,legacy,NL0 25,1,0.0,53935.51759343587,53935.517593435754
4,NL0 26 0 solar,legacy,NL0 26,1,0.0,53935.51759343587,53935.517593435754
4,NL0 27 0 solar,legacy,NL0 27,1,0.0,53935.51759343587,53935.517593435754
4,NL0 28 0 solar,legacy,NL0 28,1,0.0,53935.51759343587,53935.517593435754
4,NL0 3 0 solar,legacy,NL0 3,1,0.0,53935.51759343587,53935.517593435754
4,NL0 30 0 solar,legacy,NL0 30,1,0.0,53935.51759343587,53935.517593435754
4,NL0 31 0 solar,legacy,NL0 31,1,0.0,53935.51759343587,53935.517593435754
4,NL0 4 0 solar,legacy,NL0 4,1,0.0,53935.51759343587,53935.517593435754
4,NL0 5 0 solar,legacy,NL0 5,1,0.0,53935.51759343587,53935.517593435754
4,NL0 6 0 solar,legacy,NL0 6,1,0.0,53935.51759343587,53935.517593435754
4,NL0 7 0 solar,legacy,NL0 7,1,0.0,53935.51759343587,53935.517593435754
4,NL0 8 0 solar,legacy,NL0 8,1,0.0,53935.51759343587,53935.517593435754
4,NL0 9 0 solar,legacy,NL0 9,1,0.0,53935.51759343587,53935.517593435754
4,NL0 20 0 offwind-ac,legacy,NL0 20,1,0.0,53935.51759343587,53935.517593435754
4,NL0 27 0 offwind-ac,legacy,NL0 27,1,0.0,53935.51759343587,53935.517593435754
4,NL0 31 0 offwind-ac,legacy,NL0 31,1,0.0,53935.51759343587,53935.517593435754
4,NL0 32 0 offwind-ac,legacy,NL0 32,1,0.0,53935.51759343587,53935.517593435754
4,NL0 7 0 offwind-ac,legacy,NL0 7,1,0.0,53935.51759343587,53935.517593435754
4,NL0 0 0 onwind,legacy,NL0 0,1,0.0,53935.51759343587,53935.517593435754
4,NL0 1 0 onwind,legacy,NL0 1,1,0.0,53935.51759343587,53935.517593435754
4,NL0 10 0 onwind,legacy,NL0 10,1,0.0,53935.51759343587,53935.517593435754
4,NL0 11 0 onwind,legacy,NL0 11,1,0.0,53935.51759343587,53935.517593435754
4,NL0 12 0 onwind,legacy,NL0 12,1,0.0,53935.51759343587,53935.517593435754
4,NL0 13 0 onwind,legacy,NL0 13,1,0.0,53935.51759343587,53935.517593435754
4,NL0 14 0 onwind,legacy,NL0 14,1,0.0,53935.51759343587,53935.517593435754
4,NL0 15 0 onwind,legacy,NL0 15,1,0.0,53935.51759343587,53935.517593435754
4,NL0 17 0 onwind,legacy,NL0 17,1,0.0,53935.51759343587,53935.517593435754
4,NL0 19 0 onwind,legacy,NL0 19,1,0.0,53935.51759343587,53935.517593435754
4,NL0 2 0 onwind,legacy,NL0 2,1,0.0,53935.51759343587,53935.517593435754
4,NL0 20 0 onwind,legacy,NL0 20,1,0.0,53935.51759343587,53935.517593435754
4,NL0 21 0 onwind,legacy,NL0 21,1,0.0,53935.51759343587,53935.517593435754
4,NL0 22 0 onwind,legacy,NL0 22,1,0.0,53935.51759343587,53935.517593435754
4,NL0 23 0 onwind,legacy,NL0 23,1,0.0,53935.51759343587,53935.517593435754
4,NL0 24 0 onwind,legacy,NL0 24,1,0.0,53935.51759343587,53935.517593435754
4,NL0 27 0 onwind,legacy,NL0 27,1,0.0,53935.51759343587,53935.517593435754
4,NL0 3 0 onwind,legacy,NL0 3,1,0.0,53935.51759343587,53935.517593435754
4,NL0 30 0 onwind,legacy,NL0 30,1,0.0,53935.51759343587,53935.517593435754
4,NL0 31 0 onwind,legacy,NL0 31,1,0.0,53935.51759343587,53935.517593435754
4,NL0 4 0 onwind,legacy,NL0 4,1,0.0,53935.51759343587,53935.517593435754
4,NL0 5 0 onwind,legacy,NL0 5,1,0.0,53935.51759343587,53935.517593435754
4,NL0 6 0 onwind,legacy,NL0 6,1,0.0,53935.51759343587,53935.517593435754
4,NL0 7 0 onwind,legacy,NL0 7,1,0.0,53935.51759343587,53935.517593435754
4,NL0 8 0 onwind,legacy,NL0 8,1,0.0,53935.51759343587,53935.517593435754
4,NL0 9 0 onwind,legacy,NL0 9,1,0.0,53935.51759343587,53935.517593435754
5,NL0 0 Invest,investable,NL0 0,1,0.0,53935.51759343587,59329.06935292875
5,NL0 1 Invest,investable,NL0 1,1,1000.0,53935.51759343587,53935.51759357159
5,NL0 10 Invest,investable,NL0 10,1,0.0,53935.51759343587,59329.06935292875
5,NL0 11 Invest,investable,NL0 11,1,1000.0,53935.51759343587,53935.51759357159
5,NL0 12 Invest,investable,NL0 12,1,1000.0,53935.51759343587,53935.51759343562
5,NL0 13 Invest,investable,NL0 13,1,1000.0,53935.51759343587,53935.51759357159
5,NL0 14 Invest,investable,NL0 14,1,1000.0,53935.51759343587,53935.51759343575
5,NL0 15 Invest,investable,NL0 15,1,1000.0,53935.51759343587,53935.51759343575
5,NL0 16 Invest,investable,NL0 16,1,0.0,53935.51759343587,59329.06935292875
5,NL0 17 Invest,investable,NL0 17,1,0.0,53935.51759343587,59329.06935292875
5,NL0 18 Invest,investable,NL0 18,1,0.0,53935.51759343587,59329.06935292875
5,NL0 19 Invest,investable,NL0 19,1,1000.0,53935.51759343587,53935.51759343575
5,NL0 2 Invest,investable,NL0 2,1,1000.0,53935.51759343587,53935.51759343575
5,NL0 20 Invest,investable,NL0 20,1,0.0,53935.51759343587,59329.06935292875
5,NL0 21 Invest,investable,NL0 21,1,0.0,53935.51759343587,59329.06935292875
5,NL0 22 Invest,investable,NL0 22,1,1000.0,53935.51759343587,53935.51759357159
5,NL0 23 Invest,investable,NL0 23,1,0.0,53935.51759343587,59329.06935292875
5,NL0 24 Invest,investable,NL0 24,1,0.0,53935.51759343587,59329.06935292875
5,NL0 25 Invest,investable,NL0 25,1,1000.0,53935.51759343587,53935.51759343575
5,NL0 26 Invest,investable,NL0 26,1,1000.0,53935.51759343587,53935.51759343575
5,NL0 27 Invest,investable,NL0 27,1,0.0,53935.51759343587,59329.06935292875
5,NL0 28 Invest,investable,NL0 28,1,1000.0,53935.51759343587,53935.51759343575
5,NL0 3 Invest,investable,NL0 3,1,0.0,53935.51759343587,59329.06935292875
5,NL0 30 Invest,investable,NL0 30,1,0.0,53935.51759343587,59329.06935292875
5,NL0 31 Invest,investable,NL0 31,1,1000.0,53935.51759343587,53935.51759343575
5,NL0 33 Invest,investable,NL0 33,1,0.0,53935.51759343587,59329.06935292875
5,NL0 4 Invest,investable,NL0 4,1,1000.0,53935.51759343587,53935.51759343575
5,NL0 5 Invest,investable,NL0 5,1,0.0,53935.51759343587,53935.51759357159
5,NL0 6 Invest,investable,NL0 6,1,0.0,53935.51759343587,53935.51759357159
5,NL0 7 Invest,investable,NL0 7,1,634.5076028511176,53935.51759343587,53935.51759357159
5,NL0 8 Invest,investable,NL0 8,1,0.0,53935.51759343587,59329.06935292875
5,NL0 9 Invest,investable,NL0 9,1,0.0,53935.51759343587,53935.51759357159
5,NL0 1 biomass,legacy,NL0 1,1,71.0,53935.51759343587,53935.51759343587
5,NL0 1 waste,legacy,NL0 1,1,31.0,53935.51759343587,53935.51759343587
5,NL0 10 waste,legacy,NL0 10,1,150.0,53935.51759343587,53935.51759343587
5,NL0 11 biomass,legacy,NL0 11,1,20.0,53935.51759343587,53935.51759343587
5,NL0 11 waste,legacy,NL0 11,1,50.0,53935.51759343587,53935.51759343587
5,NL0 13 biomass,legacy,NL0 13,1,77.0,53935.51759343587,53935.51759343587
5,NL0 19 biomass,legacy,NL0 19,1,49.0,53935.51759343587,53935.51759343587
5,NL0 19 waste,legacy,NL0 19,1,36.0,53935.51759343587,53935.51759343587
5,NL0 22 biomass,legacy,NL0 22,1,500.0,53935.51759343587,53935.51759343587
5,NL0 25 waste,legacy,NL0 25,1,54.0,53935.51759343587,53935.51759343587
5,NL0 27 biomass,legacy,NL0 27,1,22.0,53935.51759343587,53935.51759343587
5,NL0 27 waste,legacy,NL0 27,1,71.2,53935.51759343587,53935.51759343587
5,NL0 3 biomass,legacy,NL0 3,1,22.0,53935.51759343587,53935.51759343587
5,NL0 3 waste,legacy,NL0 3,1,108.0,53935.51759343587,53935.51759343587
5,NL0 30 biomass,legacy,NL0 30,1,60.0,53935.51759343587,53935.51759343587
5,NL0 7 nuclear,legacy,NL0 7,1,515.0,53935.51759343587,53935.51759343587
5,NL0 7 waste,legacy,NL0 7,1,39.0,53935.51759343587,53935.51759343587
5,NL0 8 biomass,legacy,NL0 8,1,36.0,53935.51759343587,53935.51759343587
5,NL0 8 waste,legacy,NL0 8,1,157.0,53935.51759343587,53935.51759343587
5,NL0 9 biomass,legacy,NL0 9,1,20.0,53935.51759343587,53935.51759343587
5,NL0 0 0 solar,legacy,NL0 0,1,0.0,53935.51759343587,53935.517593435754
5,NL0 1 0 solar,legacy,NL0 1,1,0.0,53935.51759343587,53935.517593435754
5,NL0 10 0 solar,legacy,NL0 10,1,0.0,53935.51759343587,53935.517593435754
5,NL0 11 0 solar,legacy,NL0 11,1,0.0,53935.51759343587,53935.517593435754
5,NL0 12 0 solar,legacy,NL0 12,1,0.0,53935.51759343587,53935.517593435754
5,NL0 13 0 solar,legacy,NL0 13,1,0.0,53935.51759343587,53935.517593435754
5,NL0 14 0 solar,legacy,NL0 14,1,0.0,53935.51759343587,53935.517593435754
5,NL0 15 0 solar,legacy,NL0 15,1,0.0,53935.51759343587,53935.517593435754
5,NL0 16 0 solar,legacy,NL0 16,1,0.0,53935.51759343587,53935.517593435754
5,NL0 17 0 solar,legacy,NL0 17,1,0.0,53935.51759343587,53935.517593435754
5,NL0 18 0 solar,legacy,NL0 18,1,0.0,53935.51759343587,53935.517593435754
5,NL0 19 0 solar,legacy,NL0 19,1,0.0,53935.51759343587,53935.517593435754
5,NL0 2 0 solar,legacy,NL0 2,1,0.0,53935.51759343587,53935.517593435754
5,NL0 20 0 solar,legacy,NL0 20,1,0.0,53935.51759343587,53935.517593435754
5,NL0 21 0 solar,legacy,NL0 21,1,0.0,53935.51759343587,53935.517593435754
5,NL0 22 0 solar,legacy,NL0 22,1,0.0,53935.51759343587,53935.517593435754
5,NL0 23 0 solar,legacy,NL0 23,1,0.0,53935.51759343587,53935.517593435754
5,NL0 24 0 solar,legacy,NL0 24,1,0.0,53935.51759343587,53935.517593435754
5,NL0 25 0 solar,legacy,NL0 25,1,0.0,53935.51759343587,53935.517593435754
5,NL0 26 0 solar,legacy,NL0 26,1,0.0,53935.51759343587,53935.517593435754
5,NL0 27 0 solar,legacy,NL0 27,1,0.0,53935.51759343587,53935.517593435754
5,NL0 28 0 solar,legacy,NL0 28,1,0.0,53935.51759343587,53935.517593435754
5,NL0 3 0 solar,legacy,NL0 3,1,0.0,53935.51759343587,53935.517593435754
5,NL0 30 0 solar,legacy,NL0 30,1,0.0,53935.51759343587,53935.517593435754
5,NL0 31 0 solar,legacy,NL0 31,1,0.0,53935.51759343587,53935.517593435754
5,NL0 4 0 solar,legacy,NL0 4,1,0.0,53935.51759343587,53935.517593435754
5,NL0 5 0 solar,legacy,NL0 5,1,0.0,53935.51759343587,53935.517593435754
5,NL0 6 0 solar,legacy,NL0 6,1,0.0,53935.51759343587,53935.517593435754
5,NL0 7 0 solar,legacy,NL0 7,1,0.0,53935.51759343587,53935.517593435754
5,NL0 8 0 solar,legacy,NL0 8,1,0.0,53935.51759343587,53935.517593435754
5,NL0 9 0 solar,legacy,NL0 9,1,0.0,53935.51759343587,53935.517593435754
5,NL0 20 0 offwind-ac,legacy,NL0 20,1,0.0,53935.51759343587,53935.517593435754
5,NL0 27 0 offwind-ac,legacy,NL0 27,1,0.0,53935.51759343587,53935.517593435754
5,NL0 31 0 offwind-ac,legacy,NL0 31,1,0.0,53935.51759343587,53935.517593435754
5,NL0 32 0 offwind-ac,legacy,NL0 32,1,0.0,53935.51759343587,53935.517593435754
5,NL0 7 0 offwind-ac,legacy,NL0 7,1,0.0,53935.51759343587,53935.517593435754
5,NL0 0 0 onwind,legacy,NL0 0,1,0.0,53935.51759343587,53935.517593435754
5,NL0 1 0 onwind,legacy,NL0 1,1,0.0,53935.51759343587,53935.517593435754
5,NL0 10 0 onwind,legacy,NL0 10,1,0.0,53935.51759343587,53935.517593435754
5,NL0 11 0 onwind,legacy,NL0 11,1,0.0,53935.51759343587,53935.517593435754
5,NL0 12 0 onwind,legacy,NL0 12,1,0.0,53935.51759343587,53935.517593435754
5,NL0 13 0 onwind,legacy,NL0 13,1,0.0,53935.51759343587,53935.517593435754
5,NL0 14 0 onwind,legacy,NL0 14,1,0.0,53935.51759343587,53935.517593435754
5,NL0 15 0 onwind,legacy,NL0 15,1,0.0,53935.51759343587,53935.517593435754
5,NL0 17 0 onwind,legacy,NL0 17,1,0.0,53935.51759343587,53935.517593435754
5,NL0 19 0 onwind,legacy,NL0 19,1,0.0,53935.51759343587,53935.517593435754
5,NL0 2 0 onwind,legacy,NL0 2,1,0.0,53935.51759343587,53935.517593435754
5,NL0 20 0 onwind,legacy,NL0 20,1,0.0,53935.51759343587,53935.517593435754
5,NL0 21 0 onwind,legacy,NL0 21,1,0.0,53935.51759343587,53935.517593435754
5,NL0 22 0 onwind,legacy,NL0 22,1,0.0,53935.51759343587,53935.517593435754
5,NL0 23 0 onwind,legacy,NL0 23,1,0.0,53935.51759343587,53935.517593435754
5,NL0 24 0 onwind,legacy,NL0 24,1,0.0,53935.51759343587,53935.517593435754
5,NL0 27 0 onwind,legacy,NL0 27,1,0.0,53935.51759343587,53935.517593435754
5,NL0 3 0 onwind,legacy,NL0 3,1,0.0,53935.51759343587,53935.517593435754
5,NL0 30 0 onwind,legacy,NL0 30,1,0.0,53935.51759343587,53935.517593435754
5,NL0 31 0 onwind,legacy,NL0 31,1,0.0,53935.51759343587,53935.517593435754
5,NL0 4 0 onwind,legacy,NL0 4,1,0.0,53935.51759343587,53935.517593435754
5,NL0 5 0 onwind,legacy,NL0 5,1,0.0,53935.51759343587,53935.517593435754
5,NL0 6 0 onwind,legacy,NL0 6,1,0.0,53935.51759343587,53935.517593435754
5,NL0 7 0 onwind,legacy,NL0 7,1,0.0,53935.51759343587,53935.517593435754
5,NL0 8 0 onwind,legacy,NL0 8,1,0.0,53935.51759343587,53935.517593435754
5,NL0 9 0 onwind,legacy,NL0 9,1,0.0,53935.51759343587,53935.517593435754
6,NL0 0 Invest,investable,NL0 0,1,0.0,53935.51759343587,59329.06935292875
6,NL0 1 Invest,investable,NL0 1,1,0.0,53935.51759343587,53935.51759357159
6,NL0 10 Invest,investable,NL0 10,1,0.0,53935.51759343587,59329.06935292875
6,NL0 11 Invest,investable,NL0 11,1,0.0,53935.51759343587,53935.51759357159
6,NL0 12 Invest,investable,NL0 12,1,1000.0,53935.51759343587,53935.51759343562
6,NL0 13 Invest,investable,NL0 13,1,0.0,53935.51759343587,53935.51759357159
6,NL0 14 Invest,investable,NL0 14,1,1000.0,53935.51759343587,53935.51759343575
6,NL0 15 Invest,investable,NL0 15,1,1000.0,53935.51759343587,53935.51759343575
6,NL0 16 Invest,investable,NL0 16,1,0.0,53935.51759343587,59329.06935292875
6,NL0 17 Invest,investable,NL0 17,1,0.0,53935.51759343587,59329.06935292875
6,NL0 18 Invest,investable,NL0 18,1,0.0,53935.51759343587,59329.06935292875
6,NL0 19 Invest,investable,NL0 19,1,1000.0,53935.51759343587,53935.51759343575
6,NL0 2 Invest,investable,NL0 2,1,1000.0,53935.51759343587,53935.51759343575
6,NL0 20 Invest,investable,NL0 20,1,0.0,53935.51759343587,59329.06935292875
6,NL0 21 Invest,investable,NL0 21,1,0.0,53935.51759343587,59329.06935292875
6,NL0 22 Invest,investable,NL0 22,1,1000.0,53935.51759343587,53935.51759357159
6,NL0 23 Invest,investable,NL0 23,1,0.0,53935.51759343587,59329.06935292875
6,NL0 24 Invest,investable,NL0 24,1,0.0,53935.51759343587,59329.06935292875
6,NL0 25 Invest,investable,NL0 25,1,1000.0,53935.51759343587,53935.51759343575
6,NL0 26 Invest,investable,NL0 26,1,1000.0,53935.51759343587,53935.51759343575
6,NL0 27 Invest,investable,NL0 27,1,0.0,53935.51759343587,59329.06935292875
6,NL0 28 Invest,investable,NL0 28,1,1000.0,53935.51759343587,53935.51759343575
6,NL0 3 Invest,investable,NL0 3,1,0.0,53935.51759343587,59329.06935292875
6,NL0 30 Invest,investable,NL0 30,1,0.0,53935.51759343587,59329.06935292875
6,NL0 31 Invest,investable,NL0 31,1,1000.0,53935.51759343587,53935.51759343575
6,NL0 33 Invest,investable,NL0 33,1,0.0,53935.51759343587,59329.06935292875
6,NL0 4 Invest,investable,NL0 4,1,1000.0,53935.51759343587,53935.51759343575
6,NL0 5 Invest,investable,NL0 5,1,1000.0,53935.51759343587,53935.51759357159
6,NL0 6 Invest,investable,NL0 6,1,1000.0,53935.51759343587,53935.51759357159
6,NL0 7 Invest,investable,NL0 7,1,634.5076028511185,53935.51759343587,53935.51759357159
6,NL0 8 Invest,investable,NL0 8,1,0.0,53935.51759343587,59329.06935292875
6,NL0 9 Invest,investable,NL0 9,1,1000.0,53935.51759343587,53935.51759357159
6,NL0 1 biomass,legacy,NL0 1,1,71.0,53935.51759343587,53935.51759343587
6,NL0 1 waste,legacy,NL0 1,1,31.0,53935.51759343587,53935.51759343587
6,NL0 10 waste,legacy,NL0 10,1,150.0,53935.51759343587,53935.51759343587
6,NL0 11 biomass,legacy,NL0 11,1,20.0,53935.51759343587,53935.51759343587
6,NL0 11 waste,legacy,NL0 11,1,50.0,53935.51759343587,53935.51759343587
6,NL0 13 biomass,legacy,NL0 13,1,77.0,53935.51759343587,53935.51759343587
6,NL0 19 biomass,legacy,NL0 19,1,49.0,53935.51759343587,53935.51759343587
6,NL0 19 waste,legacy,NL0 19,1,36.0,53935.51759343587,53935.51759343587
6,NL0 22 biomass,legacy,NL0 22,1,500.0,53935.51759343587,53935.51759343587
6,NL0 25 waste,legacy,NL0 25,1,54.0,53935.51759343587,53935.51759343587
6,NL0 27 biomass,legacy,NL0 27,1,22.0,53935.51759343587,53935.51759343587
6,NL0 27 waste,legacy,NL0 27,1,71.2,53935.51759343587,53935.51759343587
6,NL0 3 biomass,legacy,NL0 3,1,22.0,53935.51759343587,53935.51759343587
6,NL0 3 waste,legacy,NL0 3,1,108.0,53935.51759343587,53935.51759343587
6,NL0 30 biomass,legacy,NL0 30,1,60.0,53935.51759343587,53935.51759343587
6,NL0 7 nuclear,legacy,NL0 7,1,515.0,53935.51759343587,53935.51759343587
6,NL0 7 waste,legacy,NL0 7,1,39.0,53935.51759343587,53935.51759343587
6,NL0 8 biomass,legacy,NL0 8,1,36.0,53935.51759343587,53935.51759343587
6,NL0 8 waste,legacy,NL0 8,1,157.0,53935.51759343587,53935.51759343587
6,NL0 9 biomass,legacy,NL0 9,1,20.0,53935.51759343587,53935.51759343587
6,NL0 0 0 solar,legacy,NL0 0,1,0.0,53935.51759343587,53935.517593435754
6,NL0 1 0 solar,legacy,NL0 1,1,0.0,53935.51759343587,53935.517593435754
6,NL0 10 0 solar,legacy,NL0 10,1,0.0,53935.51759343587,53935.517593435754
6,NL0 11 0 solar,legacy,NL0 11,1,0.0,53935.51759343587,53935.517593435754
6,NL0 12 0 solar,legacy,NL0 12,1,0.0,53935.51759343587,53935.517593435754
6,NL0 13 0 solar,legacy,NL0 13,1,0.0,53935.51759343587,53935.517593435754
6,NL0 14 0 solar,legacy,NL0 14,1,0.0,53935.51759343587,53935.517593435754
6,NL0 15 0 solar,legacy,NL0 15,1,0.0,53935.51759343587,53935.517593435754
6,NL0 16 0 solar,legacy,NL0 16,1,0.0,53935.51759343587,53935.517593435754
6,NL0 17 0 solar,legacy,NL0 17,1,0.0,53935.51759343587,53935.517593435754
6,NL0 18 0 solar,legacy,NL0 18,1,0.0,53935.51759343587,53935.517593435754
6,NL0 19 0 solar,legacy,NL0 19,1,0.0,53935.51759343587,53935.517593435754
6,NL0 2 0 solar,legacy,NL0 2,1,0.0,53935.51759343587,53935.517593435754
6,NL0 20 0 solar,legacy,NL0 20,1,0.0,53935.51759343587,53935.517593435754
6,NL0 21 0 solar,legacy,NL0 21,1,0.0,53935.51759343587,53935.517593435754
6,NL0 22 0 solar,legacy,NL0 22,1,0.0,53935.51759343587,53935.517593435754
6,NL0 23 0 solar,legacy,NL0 23,1,0.0,53935.51759343587,53935.517593435754
6,NL0 24 0 solar,legacy,NL0 24,1,0.0,53935.51759343587,53935.517593435754
6,NL0 25 0 solar,legacy,NL0 25,1,0.0,53935.51759343587,53935.517593435754
6,NL0 26 0 solar,legacy,NL0 26,1,0.0,53935.51759343587,53935.517593435754
6,NL0 27 0 solar,legacy,NL0 27,1,0.0,53935.51759343587,53935.517593435754
6,NL0 28 0 solar,legacy,NL0 28,1,0.0,53935.51759343587,53935.517593435754
6,NL0 3 0 solar,legacy,NL0 3,1,0.0,53935.51759343587,53935.517593435754
6,NL0 30 0 solar,legacy,NL0 30,1,0.0,53935.51759343587,53935.517593435754
6,NL0 31 0 solar,legacy,NL0 31,1,0.0,53935.51759343587,53935.517593435754
6,NL0 4 0 solar,legacy,NL0 4,1,0.0,53935.51759343587,53935.517593435754
6,NL0 5 0 solar,legacy,NL0 5,1,0.0,53935.51759343587,53935.517593435754
6,NL0 6 0 solar,legacy,NL0 6,1,0.0,53935.51759343587,53935.517593435754
6,NL0 7 0 solar,legacy,NL0 7,1,0.0,53935.51759343587,53935.517593435754
6,NL0 8 0 solar,legacy,NL0 8,1,0.0,53935.51759343587,53935.517593435754
6,NL0 9 0 solar,legacy,NL0 9,1,0.0,53935.51759343587,53935.517593435754
6,NL0 20 0 offwind-ac,legacy,NL0 20,1,0.0,53935.51759343587,53935.517593435754
6,NL0 27 0 offwind-ac,legacy,NL0 27,1,0.0,53935.51759343587,53935.517593435754
6,NL0 31 0 offwind-ac,legacy,NL0 31,1,0.0,53935.51759343587,53935.517593435754
6,NL0 32 0 offwind-ac,legacy,NL0 32,1,0.0,53935.51759343587,53935.517593435754
6,NL0 7 0 offwind-ac,legacy,NL0 7,1,0.0,53935.51759343587,53935.517593435754
6,NL0 0 0 onwind,legacy,NL0 0,1,0.0,53935.51759343587,53935.517593435754
6,NL0 1 0 onwind,legacy,NL0 1,1,0.0,53935.51759343587,53935.517593435754
6,NL0 10 0 onwind,legacy,NL0 10,1,0.0,53935.51759343587,53935.517593435754
6,NL0 11 0 onwind,legacy,NL0 11,1,0.0,53935.51759343587,53935.517593435754
6,NL0 12 0 onwind,legacy,NL0 12,1,0.0,53935.51759343587,53935.517593435754
6,NL0 13 0 onwind,legacy,NL0 13,1,0.0,53935.51759343587,53935.517593435754
6,NL0 14 0 onwind,legacy,NL0 14,1,0.0,53935.51759343587,53935.517593435754
6,NL0 15 0 onwind,legacy,NL0 15,1,0.0,53935.51759343587,53935.517593435754
6,NL0 17 0 onwind,legacy,NL0 17,1,0.0,53935.51759343587,53935.517593435754
6,NL0 19 0 onwind,legacy,NL0 19,1,0.0,53935.51759343587,53935.517593435754
6,NL0 2 0 onwind,legacy,NL0 2,1,0.0,53935.51759343587,53935.517593435754
6,NL0 20 0 onwind,legacy,NL0 20,1,0.0,53935.51759343587,53935.517593435754
6,NL0 21 0 onwind,legacy,NL0 21,1,0.0,53935.51759343587,53935.517593435754
6,NL0 22 0 onwind,legacy,NL0 22,1,0.0,53935.51759343587,53935.517593435754
6,NL0 23 0 onwind,legacy,NL0 23,1,0.0,53935.51759343587,53935.517593435754
6,NL0 24 0 onwind,legacy,NL0 24,1,0.0,53935.51759343587,53935.517593435754
6,NL0 27 0 onwind,legacy,NL0 27,1,0.0,53935.51759343587,53935.517593435754
6,NL0 3 0 onwind,legacy,NL0 3,1,0.0,53935.51759343587,53935.517593435754
6,NL0 30 0 onwind,legacy,NL0 30,1,0.0,53935.51759343587,53935.517593435754
6,NL0 31 0 onwind,legacy,NL0 31,1,0.0,53935.51759343587,53935.517593435754
6,NL0 4 0 onwind,legacy,NL0 4,1,0.0,53935.51759343587,53935.517593435754
6,NL0 5 0 onwind,legacy,NL0 5,1,0.0,53935.51759343587,53935.517593435754
6,NL0 6 0 onwind,legacy,NL0 6,1,0.0,53935.51759343587,53935.517593435754
6,NL0 7 0 onwind,legacy,NL0 7,1,0.0,53935.51759343587,53935.517593435754
6,NL0 8 0 onwind,legacy,NL0 8,1,0.0,53935.51759343587,53935.517593435754
6,NL0 9 0 onwind,legacy,NL0 9,1,0.0,53935.51759343587,53935.517593435754
7,NL0 0 Invest,investable,NL0 0,1,0.0,53935.51759343587,59329.06935292875
7,NL0 1 Invest,investable,NL0 1,1,1000.0,53935.51759343587,53935.51759357159
7,NL0 10 Invest,investable,NL0 10,1,0.0,53935.51759343587,59329.06935292875
7,NL0 11 Invest,investable,NL0 11,1,1000.0,53935.51759343587,53935.51759357159
7,NL0 12 Invest,investable,NL0 12,1,1000.0,53935.51759343587,53935.51759343562
7,NL0 13 Invest,investable,NL0 13,1,1000.0,53935.51759343587,53935.51759357159
7,NL0 14 Invest,investable,NL0 14,1,1000.0,53935.51759343587,53935.51759343575
7,NL0 15 Invest,investable,NL0 15,1,1000.0,53935.51759343587,53935.51759343575
7,NL0 16 Invest,investable,NL0 16,1,0.0,53935.51759343587,59329.06935292875
7,NL0 17 Invest,investable,NL0 17,1,0.0,53935.51759343587,59329.06935292875
7,NL0 18 Invest,investable,NL0 18,1,0.0,53935.51759343587,59329.06935292875
7,NL0 19 Invest,investable,NL0 19,1,1000.0,53935.51759343587,53935.51759343575
7,NL0 2 Invest,investable,NL0 2,1,1000.0,53935.51759343587,53935.51759343575
7,NL0 20 Invest,investable,NL0 20,1,0.0,53935.51759343587,59329.06935292875
7,NL0 21 Invest,investable,NL0 21,1,0.0,53935.51759343587,59329.06935292875
7,NL0 22 Invest,investable,NL0 22,1,0.0,53935.51759343587,53935.51759357159
7,NL0 23 Invest,investable,NL0 23,1,0.0,53935.51759343587,59329.06935292875
7,NL0 24 Invest,investable,NL0 24,1,0.0,53935.51759343587,59329.06935292875
7,NL0 25 Invest,investable,NL0 25,1,1000.0,53935.51759343587,53935.51759343575
7,NL0 26 Invest,investable,NL0 26,1,1000.0,53935.51759343587,53935.51759343575
7,NL0 27 Invest,investable,NL0 27,1,0.0,53935.51759343587,59329.06935292875
7,NL0 28 Invest,investable,NL0 28,1,1000.0,53935.51759343587,53935.51759343575
7,NL0 3 Invest,investable,NL0 3,1,0.0,53935.51759343587,59329.06935292875
7,NL0 30 Invest,investable,NL0 30,1,0.0,53935.51759343587,59329.06935292875
7,NL0 31 Invest,investable,NL0 31,1,1000.0,53935.51759343587,53935.51759343575
7,NL0 33 Invest,investable,NL0 33,1,0.0,53935.51759343587,59329.06935292875
7,NL0 4 Invest,investable,NL0 4,1,1000.0,53935.51759343587,53935.51759343575
7,NL0 5 Invest,investable,NL0 5,1,0.0,53935.51759343587,53935.51759357159
7,NL0 6 Invest,investable,NL0 6,1,634.5076028511185,53935.51759343587,53935.51759357159
7,NL0 7 Invest,investable,NL0 7,1,0.0,53935.51759343587,53935.51759357159
7,NL0 8 Invest,investable,NL0 8,1,0.0,53935.51759343587,59329.06935292875
7,NL0 9 Invest,investable,NL0 9,1,1000.0,53935.51759343587,53935.51759357159
7,NL0 1 biomass,legacy,NL0 1,1,71.0,53935.51759343587,53935.51759343587
7,NL0 1 waste,legacy,NL0 1,1,31.0,53935.51759343587,53935.51759343587
7,NL0 10 waste,legacy,NL0 10,1,150.0,53935.51759343587,53935.51759343587
7,NL0 11 biomass,legacy,NL0 11,1,20.0,53935.51759343587,53935.51759343587
7,NL0 11 waste,legacy,NL0 11,1,50.0,53935.51759343587,53935.51759343587
7,NL0 13 biomass,legacy,NL0 13,1,77.0,53935.51759343587,53935.51759343587
7,NL0 19 biomass,legacy,NL0 19,1,49.0,53935.51759343587,53935.51759343587
7,NL0 19 waste,legacy,NL0 19,1,36.0,53935.51759343587,53935.51759343587
7,NL0 22 biomass,legacy,NL0 22,1,500.0,53935.51759343587,53935.51759343587
7,NL0 25 waste,legacy,NL0 25,1,54.0,53935.51759343587,53935.51759343587
7,NL0 27 biomass,legacy,NL0 27,1,22.0,53935.51759343587,53935.51759343587
7,NL0 27 waste,legacy,NL0 27,1,71.2,53935.51759343587,53935.51759343587
7,NL0 3 biomass,legacy,NL0 3,1,22.0,53935.51759343587,53935.51759343587
7,NL0 3 waste,legacy,NL0 3,1,108.0,53935.51759343587,53935.51759343587
7,NL0 30 biomass,legacy,NL0 30,1,60.0,53935.51759343587,53935.51759343587
7,NL0 7 nuclear,legacy,NL0 7,1,515.0,53935.51759343587,53935.51759343587
7,NL0 7 waste,legacy,NL0 7,1,39.0,53935.51759343587,53935.51759343587
7,NL0 8 biomass,legacy,NL0 8,1,36.0,53935.51759343587,53935.51759343587
7,NL0 8 waste,legacy,NL0 8,1,157.0,53935.51759343587,53935.51759343587
7,NL0 9 biomass,legacy,NL0 9,1,20.0,53935.51759343587,53935.51759343587
7,NL0 0 0 solar,legacy,NL0 0,1,0.0,53935.51759343587,53935.517593435754
7,NL0 1 0 solar,legacy,NL0 1,1,0.0,53935.51759343587,53935.517593435754
7,NL0 10 0 solar,legacy,NL0 10,1,0.0,53935.51759343587,53935.517593435754
7,NL0 11 0 solar,legacy,NL0 11,1,0.0,53935.51759343587,53935.517593435754
7,NL0 12 0 solar,legacy,NL0 12,1,0.0,53935.51759343587,53935.517593435754
7,NL0 13 0 solar,legacy,NL0 13,1,0.0,53935.51759343587,53935.517593435754
7,NL0 14 0 solar,legacy,NL0 14,1,0.0,53935.51759343587,53935.517593435754
7,NL0 15 0 solar,legacy,NL0 15,1,0.0,53935.51759343587,53935.517593435754
7,NL0 16 0 solar,legacy,NL0 16,1,0.0,53935.51759343587,53935.517593435754
7,NL0 17 0 solar,legacy,NL0 17,1,0.0,53935.51759343587,53935.517593435754
7,NL0 18 0 solar,legacy,NL0 18,1,0.0,53935.51759343587,53935.517593435754
7,NL0 19 0 solar,legacy,NL0 19,1,0.0,53935.51759343587,53935.517593435754
7,NL0 2 0 solar,legacy,NL0 2,1,0.0,53935.51759343587,53935.517593435754
7,NL0 20 0 solar,legacy,NL0 20,1,0.0,53935.51759343587,53935.517593435754
7,NL0 21 0 solar,legacy,NL0 21,1,0.0,53935.51759343587,53935.517593435754
7,NL0 22 0 solar,legacy,NL0 22,1,0.0,53935.51759343587,53935.517593435754
7,NL0 23 0 solar,legacy,NL0 23,1,0.0,53935.51759343587,53935.517593435754
7,NL0 24 0 solar,legacy,NL0 24,1,0.0,53935.51759343587,53935.517593435754
7,NL0 25 0 solar,legacy,NL0 25,1,0.0,53935.51759343587,53935.517593435754
7,NL0 26 0 solar,legacy,NL0 26,1,0.0,53935.51759343587,53935.517593435754
7,NL0 27 0 solar,legacy,NL0 27,1,0.0,53935.51759343587,53935.517593435754
7,NL0 28 0 solar,legacy,NL0 28,1,0.0,53935.51759343587,53935.517593435754
7,NL0 3 0 solar,legacy,NL0 3,1,0.0,53935.51759343587,53935.517593435754
7,NL0 30 0 solar,legacy,NL0 30,1,0.0,53935.51759343587,53935.517593435754
7,NL0 31 0 solar,legacy,NL0 31,1,0.0,53935.51759343587,53935.517593435754
7,NL0 4 0 solar,legacy,NL0 4,1,0.0,53935.51759343587,53935.517593435754
7,NL0 5 0 solar,legacy,NL0 5,1,0.0,53935.51759343587,53935.517593435754
7,NL0 6 0 solar,legacy,NL0 6,1,0.0,53935.51759343587,53935.517593435754
7,NL0 7 0 solar,legacy,NL0 7,1,0.0,53935.51759343587,53935.517593435754
7,NL0 8 0 solar,legacy,NL0 8,1,0.0,53935.51759343587,53935.517593435754
7,NL0 9 0 solar,legacy,NL0 9,1,0.0,53935.51759343587,53935.517593435754
7,NL0 20 0 offwind-ac,legacy,NL0 20,1,0.0,53935.51759343587,53935.517593435754
7,NL0 27 0 offwind-ac,legacy,NL0 27,1,0.0,53935.51759343587,53935.517593435754
7,NL0 31 0 offwind-ac,legacy,NL0 31,1,0.0,53935.51759343587,53935.517593435754
7,NL0 32 0 offwind-ac,legacy,NL0 32,1,0.0,53935.51759343587,53935.517593435754
7,NL0 7 0 offwind-ac,legacy,NL0 7,1,0.0,53935.51759343587,53935.517593435754
7,NL0 0 0 onwind,legacy,NL0 0,1,0.0,53935.51759343587,53935.517593435754
7,NL0 1 0 onwind,legacy,NL0 1,1,0.0,53935.51759343587,53935.517593435754
7,NL0 10 0 onwind,legacy,NL0 10,1,0.0,53935.51759343587,53935.517593435754
7,NL0 11 0 onwind,legacy,NL0 11,1,0.0,53935.51759343587,53935.517593435754
7,NL0 12 0 onwind,legacy,NL0 12,1,0.0,53935.51759343587,53935.517593435754
7,NL0 13 0 onwind,legacy,NL0 13,1,0.0,53935.51759343587,53935.517593435754
7,NL0 14 0 onwind,legacy,NL0 14,1,0.0,53935.51759343587,53935.517593435754
7,NL0 15 0 onwind,legacy,NL0 15,1,0.0,53935.51759343587,53935.517593435754
7,NL0 17 0 onwind,legacy,NL0 17,1,0.0,53935.51759343587,53935.517593435754
7,NL0 19 0 onwind,legacy,NL0 19,1,0.0,53935.51759343587,53935.517593435754
7,NL0 2 0 onwind,legacy,NL0 2,1,0.0,53935.51759343587,53935.517593435754
7,NL0 20 0 onwind,legacy,NL0 20,1,0.0,53935.51759343587,53935.517593435754
7,NL0 21 0 onwind,legacy,NL0 21,1,0.0,53935.51759343587,53935.517593435754
7,NL0 22 0 onwind,legacy,NL0 22,1,0.0,53935.51759343587,53935.517593435754
7,NL0 23 0 onwind,legacy,NL0 23,1,0.0,53935.51759343587,53935.517593435754
7,NL0 24 0 onwind,legacy,NL0 24,1,0.0,53935.51759343587,53935.517593435754
7,NL0 27 0 onwind,legacy,NL0 27,1,0.0,53935.51759343587,53935.517593435754
7,NL0 3 0 onwind,legacy,NL0 3,1,0.0,53935.51759343587,53935.517593435754
7,NL0 30 0 onwind,legacy,NL0 30,1,0.0,53935.51759343587,53935.517593435754
7,NL0 31 0 onwind,legacy,NL0 31,1,0.0,53935.51759343587,53935.517593435754
7,NL0 4 0 onwind,legacy,NL0 4,1,0.0,53935.51759343587,53935.517593435754
7,NL0 5 0 onwind,legacy,NL0 5,1,0.0,53935.51759343587,53935.517593435754
7,NL0 6 0 onwind,legacy,NL0 6,1,0.0,53935.51759343587,53935.517593435754
7,NL0 7 0 onwind,legacy,NL0 7,1,0.0,53935.51759343587,53935.517593435754
7,NL0 8 0 onwind,legacy,NL0 8,1,0.0,53935.51759343587,53935.517593435754
7,NL0 9 0 onwind,legacy,NL0 9,1,0.0,53935.51759343587,53935.517593435754
8,NL0 0 Invest,investable,NL0 0,1,0.0,53935.51759343587,59329.06935292875
8,NL0 1 Invest,investable,NL0 1,1,0.0,53935.51759343587,53935.51759357159
8,NL0 10 Invest,investable,NL0 10,1,0.0,53935.51759343587,59329.06935292875
8,NL0 11 Invest,investable,NL0 11,1,0.0,53935.51759343587,53935.51759357159
8,NL0 12 Invest,investable,NL0 12,1,1000.0,53935.51759343587,53935.51759343562
8,NL0 13 Invest,investable,NL0 13,1,0.0,53935.51759343587,53935.51759357159
8,NL0 14 Invest,investable,NL0 14,1,1000.0,53935.51759343587,53935.51759343575
8,NL0 15 Invest,investable,NL0 15,1,1000.0,53935.51759343587,53935.51759343575
8,NL0 16 Invest,investable,NL0 16,1,0.0,53935.51759343587,59329.06935292875
8,NL0 17 Invest,investable,NL0 17,1,0.0,53935.51759343587,59329.06935292875
8,NL0 18 Invest,investable,NL0 18,1,0.0,53935.51759343587,59329.06935292875
8,NL0 19 Invest,investable,NL0 19,1,1000.0,53935.51759343587,53935.51759343575
8,NL0 2 Invest,investable,NL0 2,1,1000.0,53935.51759343587,53935.51759343575
8,NL0 20 Invest,investable,NL0 20,1,0.0,53935.51759343587,59329.06935292875
8,NL0 21 Invest,investable,NL0 21,1,0.0,53935.51759343587,59329.06935292875
8,NL0 22 Invest,investable,NL0 22,1,1000.0,53935.51759343587,53935.51759357159
8,NL0 23 Invest,investable,NL0 23,1,0.0,53935.51759343587,59329.06935292875
8,NL0 24 Invest,investable,NL0 24,1,0.0,53935.51759343587,59329.06935292875
8,NL0 25 Invest,investable,NL0 25,1,1000.0,53935.51759343587,53935.51759343575
8,NL0 26 Invest,investable,NL0 26,1,1000.0,53935.51759343587,53935.51759343575
8,NL0 27 Invest,investable,NL0 27,1,0.0,53935.51759343587,59329.06935292875
8,NL0 28 Invest,investable,NL0 28,1,1000.0,53935.51759343587,53935.51759343575
8,NL0 3 Invest,investable,NL0 3,1,0.0,53935.51759343587,59329.06935292875
8,NL0 30 Invest,investable,NL0 30,1,0.0,53935.51759343587,59329.06935292875
8,NL0 31 Invest,investable,NL0 31,1,1000.0,53935.51759343587,53935.51759343575
8,NL0 33 Invest,investable,NL0 33,1,0.0,53935.51759343587,59329.06935292875
8,NL0 4 Invest,investable,NL0 4,1,1000.0,53935.51759343587,53935.51759343575
8,NL0 5 Invest,investable,NL0 5,1,1000.0,53935.51759343587,53935.51759357159
8,NL0 6 Invest,investable,NL0 6,1,1000.0,53935.51759343587,53935.51759357159
8,NL0 7 Invest,investable,NL0 7,1,1000.0,53935.51759343587,53935.51759357159
8,NL0 8 Invest,investable,NL0 8,1,0.0,53935.51759343587,59329.06935292875
8,NL0 9 Invest,investable,NL0 9,1,634.5076028511185,53935.51759343587,53935.51759357159
8,NL0 1 biomass,legacy,NL0 1,1,71.0,53935.51759343587,53935.51759343587
8,NL0 1 waste,legacy,NL0 1,1,31.0,53935.51759343587,53935.51759343587
8,NL0 10 waste,legacy,NL0 10,1,150.0,53935.51759343587,53935.51759343587
8,NL0 11 biomass,legacy,NL0 11,1,20.0,53935.51759343587,53935.51759343587
8,NL0 11 waste,legacy,NL0 11,1,50.0,53935.51759343587,53935.51759343587
8,NL0 13 biomass,legacy,NL0 13,1,77.0,53935.51759343587,53935.51759343587
8,NL0 19 biomass,legacy,NL0 19,1,49.0,53935.51759343587,53935.51759343587
8,NL0 19 waste,legacy,NL0 19,1,36.0,53935.51759343587,53935.51759343587
8,NL0 22 biomass,legacy,NL0 22,1,500.0,53935.51759343587,53935.51759343587
8,NL0 25 waste,legacy,NL0 25,1,54.0,53935.51759343587,53935.51759343587
8,NL0 27 biomass,legacy,NL0 27,1,22.0,53935.51759343587,53935.51759343587
8,NL0 27 waste,legacy,NL0 27,1,71.2,53935.51759343587,53935.51759343587
8,NL0 3 biomass,legacy,NL0 3,1,22.0,53935.51759343587,53935.51759343587
8,NL0 3 waste,legacy,NL0 3,1,108.0,53935.51759343587,53935.51759343587
8,NL0 30 biomass,legacy,NL0 30,1,60.0,53935.51759343587,53935.51759343587
8,NL0 7 nuclear,legacy,NL0 7,1,515.0,53935.51759343587,53935.51759343587
8,NL0 7 waste,legacy,NL0 7,1,39.0,53935.51759343587,53935.51759343587
8,NL0 8 biomass,legacy,NL0 8,1,36.0,53935.51759343587,53935.51759343587
8,NL0 8 waste,legacy,NL0 8,1,157.0,53935.51759343587,53935.51759343587
8,NL0 9 biomass,legacy,NL0 9,1,20.0,53935.51759343587,53935.51759343587
8,NL0 0 0 solar,legacy,NL0 0,1,0.0,53935.51759343587,53935.517593435754
8,NL0 1 0 solar,legacy,NL0 1,1,0.0,53935.51759343587,53935.517593435754
8,NL0 10 0 solar,legacy,NL0 10,1,0.0,53935.51759343587,53935.517593435754
8,NL0 11 0 solar,legacy,NL0 11,1,0.0,53935.51759343587,53935.517593435754
8,NL0 12 0 solar,legacy,NL0 12,1,0.0,53935.51759343587,53935.517593435754
8,NL0 13 0 solar,legacy,NL0 13,1,0.0,53935.51759343587,53935.517593435754
8,NL0 14 0 solar,legacy,NL0 14,1,0.0,53935.51759343587,53935.517593435754
8,NL0 15 0 solar,legacy,NL0 15,1,0.0,53935.51759343587,53935.517593435754
8,NL0 16 0 solar,legacy,NL0 16,1,0.0,53935.51759343587,53935.517593435754
8,NL0 17 0 solar,legacy,NL0 17,1,0.0,53935.51759343587,53935.517593435754
8,NL0 18 0 solar,legacy,NL0 18,1,0.0,53935.51759343587,53935.517593435754
8,NL0 19 0 solar,legacy,NL0 19,1,0.0,53935.51759343587,53935.517593435754
8,NL0 2 0 solar,legacy,NL0 2,1,0.0,53935.51759343587,53935.517593435754
8,NL0 20 0 solar,legacy,NL0 20,1,0.0,53935.51759343587,53935.517593435754
8,NL0 21 0 solar,legacy,NL0 21,1,0.0,53935.51759343587,53935.517593435754
8,NL0 22 0 solar,legacy,NL0 22,1,0.0,53935.51759343587,53935.517593435754
8,NL0 23 0 solar,legacy,NL0 23,1,0.0,53935.51759343587,53935.517593435754
8,NL0 24 0 solar,legacy,NL0 24,1,0.0,53935.51759343587,53935.517593435754
8,NL0 25 0 solar,legacy,NL0 25,1,0.0,53935.51759343587,53935.517593435754
8,NL0 26 0 solar,legacy,NL0 26,1,0.0,53935.51759343587,53935.517593435754
8,NL0 27 0 solar,legacy,NL0 27,1,0.0,53935.51759343587,53935.517593435754
8,NL0 28 0 solar,legacy,NL0 28,1,0.0,53935.51759343587,53935.517593435754
8,NL0 3 0 solar,legacy,NL0 3,1,0.0,53935.51759343587,53935.517593435754
8,NL0 30 0 solar,legacy,NL0 30,1,0.0,53935.51759343587,53935.517593435754
8,NL0 31 0 solar,legacy,NL0 31,1,0.0,53935.51759343587,53935.517593435754
8,NL0 4 0 solar,legacy,NL0 4,1,0.0,53935.51759343587,53935.517593435754
8,NL0 5 0 solar,legacy,NL0 5,1,0.0,53935.51759343587,53935.517593435754
8,NL0 6 0 solar,legacy,NL0 6,1,0.0,53935.51759343587,53935.517593435754
8,NL0 7 0 solar,legacy,NL0 7,1,0.0,53935.51759343587,53935.517593435754
8,NL0 8 0 solar,legacy,NL0 8,1,0.0,53935.51759343587,53935.517593435754
8,NL0 9 0 solar,legacy,NL0 9,1,0.0,53935.51759343587,53935.517593435754
8,NL0 20 0 offwind-ac,legacy,NL0 20,1,0.0,53935.51759343587,53935.517593435754
8,NL0 27 0 offwind-ac,legacy,NL0 27,1,0.0,53935.51759343587,53935.517593435754
8,NL0 31 0 offwind-ac,legacy,NL0 31,1,0.0,53935.51759343587,53935.517593435754
8,NL0 32 0 offwind-ac,legacy,NL0 32,1,0.0,53935.51759343587,53935.517593435754
8,NL0 7 0 offwind-ac,legacy,NL0 7,1,0.0,53935.51759343587,53935.517593435754
8,NL0 0 0 onwind,legacy,NL0 0,1,0.0,53935.51759343587,53935.517593435754
8,NL0 1 0 onwind,legacy,NL0 1,1,0.0,53935.51759343587,53935.517593435754
8,NL0 10 0 onwind,legacy,NL0 10,1,0.0,53935.51759343587,53935.517593435754
8,NL0 11 0 onwind,legacy,NL0 11,1,0.0,53935.51759343587,53935.517593435754
8,NL0 12 0 onwind,legacy,NL0 12,1,0.0,53935.51759343587,53935.517593435754
8,NL0 13 0 onwind,legacy,NL0 13,1,0.0,53935.51759343587,53935.517593435754
8,NL0 14 0 onwind,legacy,NL0 14,1,0.0,53935.51759343587,53935.517593435754
8,NL0 15 0 onwind,legacy,NL0 15,1,0.0,53935.51759343587,53935.517593435754
8,NL0 17 0 onwind,legacy,NL0 17,1,0.0,53935.51759343587,53935.517593435754
8,NL0 19 0 onwind,legacy,NL0 19,1,0.0,53935.51759343587,53935.517593435754
8,NL0 2 0 onwind,legacy,NL0 2,1,0.0,53935.51759343587,53935.517593435754
8,NL0 20 0 onwind,legacy,NL0 20,1,0.0,53935.51759343587,53935.517593435754
8,NL0 21 0 onwind,legacy,NL0 21,1,0.0,53935.51759343587,53935.517593435754
8,NL0 22 0 onwind,legacy,NL0 22,1,0.0,53935.51759343587,53935.517593435754
8,NL0 23 0 onwind,legacy,NL0 23,1,0.0,53935.51759343587,53935.517593435754
8,NL0 24 0 onwind,legacy,NL0 24,1,0.0,53935.51759343587,53935.517593435754
8,NL0 27 0 onwind,legacy,NL0 27,1,0.0,53935.51759343587,53935.517593435754
8,NL0 3 0 onwind,legacy,NL0 3,1,0.0,53935.51759343587,53935.517593435754
8,NL0 30 0 onwind,legacy,NL0 30,1,0.0,53935.51759343587,53935.517593435754
8,NL0 31 0 onwind,legacy,NL0 31,1,0.0,53935.51759343587,53935.517593435754
8,NL0 4 0 onwind,legacy,NL0 4,1,0.0,53935.51759343587,53935.517593435754
8,NL0 5 0 onwind,legacy,NL0 5,1,0.0,53935.51759343587,53935.517593435754
8,NL0 6 0 onwind,legacy,NL0 6,1,0.0,53935.51759343587,53935.517593435754
8,NL0 7 0 onwind,legacy,NL0 7,1,0.0,53935.51759343587,53935.517593435754
8,NL0 8 0 onwind,legacy,NL0 8,1,0.0,53935.51759343587,53935.517593435754
8,NL0 9 0 onwind,legacy,NL0 9,1,0.0,53935.51759343587,53935.517593435754
9,NL0 0 Invest,investable,NL0 0,1,0.0,53935.51759343587,59329.06935292875
9,NL0 1 Invest,investable,NL0 1,1,0.0,53935.51759343587,53935.51759357159
9,NL0 10 Invest,investable,NL0 10,1,0.0,53935.51759343587,59329.06935292875
9,NL0 11 Invest,investable,NL0 11,1,0.0,53935.51759343587,53935.51759357159
9,NL0 12 Invest,investable,NL0 12,1,1000.0,53935.51759343587,53935.51759343562
9,NL0 13 Invest,investable,NL0 13,1,0.0,53935.51759343587,53935.51759357159
9,NL0 14 Invest,investable,NL0 14,1,1000.0,53935.51759343587,53935.51759343575
9,NL0 15 Invest,investable,NL0 15,1,1000.0,53935.51759343587,53935.51759343575
9,NL0 16 Invest,investable,NL0 16,1,0.0,53935.51759343587,59329.06935292875
9,NL0 17 Invest,investable,NL0 17,1,0.0,53935.51759343587,59329.06935292875
9,NL0 18 Invest,investable,NL0 18,1,0.0,53935.51759343587,59329.06935292875
9,NL0 19 Invest,investable,NL0 19,1,1000.0,53935.51759343587,53935.51759343575
9,NL0 2 Invest,investable,NL0 2,1,1000.0,53935.51759343587,53935.51759343575
9,NL0 20 Invest,investable,NL0 20,1,0.0,53935.51759343587,59329.06935292875
9,NL0 21 Invest,investable,NL0 21,1,0.0,53935.51759343587,59329.06935292875
9,NL0 22 Invest,investable,NL0 22,1,1000.0,53935.51759343587,53935.51759357159
9,NL0 23 Invest,investable,NL0 23,1,0.0,53935.51759343587,59329.06935292875
9,NL0 24 Invest,investable,NL0 24,1,0.0,53935.51759343587,59329.06935292875
9,NL0 25 Invest,investable,NL0 25,1,1000.0,53935.51759343587,53935.51759343575
9,NL0 26 Invest,investable,NL0 26,1,1000.0,53935.51759343587,53935.51759343575
9,NL0 27 Invest,investable,NL0 27,1,0.0,53935.51759343587,59329.06935292875
9,NL0 28 Invest,investable,NL0 28,1,1000.0,53935.51759343587,53935.51759343575
9,NL0 3 Invest,investable,NL0 3,1,0.0,53935.51759343587,59329.06935292875
9,NL0 30 Invest,investable,NL0 30,1,0.0,53935.51759343587,59329.06935292875
9,NL0 31 Invest,investable,NL0 31,1,1000.0,53935.51759343587,53935.51759343575
9,NL0 33 Invest,investable,NL0 33,1,0.0,53935.51759343587,59329.06935292875
9,NL0 4 Invest,investable,NL0 4,1,1000.0,53935.51759343587,53935.51759343575
9,NL0 5 Invest,investable,NL0 5,1,1000.0,53935.51759343587,53935.51759357159
9,NL0 6 Invest,investable,NL0 6,1,1000.0,53935.51759343587,53935.51759357159
9,NL0 7 Invest,investable,NL0 7,1,1000.0,53935.51759343587,53935.51759357159
9,NL0 8 Invest,investable,NL0 8,1,0.0,53935.51759343587,59329.06935292875
9,NL0 9 Invest,investable,NL0 9,1,634.5076028511185,53935.51759343587,53935.51759357159
9,NL0 1 biomass,legacy,NL0 1,1,71.0,53935.51759343587,53935.51759343587
9,NL0 1 waste,legacy,NL0 1,1,31.0,53935.51759343587,53935.51759343587
9,NL0 10 waste,legacy,NL0 10,1,150.0,53935.51759343587,53935.51759343587
9,NL0 11 biomass,legacy,NL0 11,1,20.0,53935.51759343587,53935.51759343587
9,NL0 11 waste,legacy,NL0 11,1,50.0,53935.51759343587,53935.51759343587
9,NL0 13 biomass,legacy,NL0 13,1,77.0,53935.51759343587,53935.51759343587
9,NL0 19 biomass,legacy,NL0 19,1,49.0,53935.51759343587,53935.51759343587
9,NL0 19 waste,legacy,NL0 19,1,36.0,53935.51759343587,53935.51759343587
9,NL0 22 biomass,legacy,NL0 22,1,500.0,53935.51759343587,53935.51759343587
9,NL0 25 waste,legacy,NL0 25,1,54.0,53935.51759343587,53935.51759343587
9,NL0 27 biomass,legacy,NL0 27,1,22.0,53935.51759343587,53935.51759343587
9,NL0 27 waste,legacy,NL0 27,1,71.2,53935.51759343587,53935.51759343587
9,NL0 3 biomass,legacy,NL0 3,1,22.0,53935.51759343587,53935.51759343587
9,NL0 3 waste,legacy,NL0 3,1,108.0,53935.51759343587,53935.51759343587
9,NL0 30 biomass,legacy,NL0 30,1,60.0,53935.51759343587,53935.51759343587
9,NL0 7 nuclear,legacy,NL0 7,1,515.0,53935.51759343587,53935.51759343587
9,NL0 7 waste,legacy,NL0 7,1,39.0,53935.51759343587,53935.51759343587
9,NL0 8 biomass,legacy,NL0 8,1,36.0,53935.51759343587,53935.51759343587
9,NL0 8 waste,legacy,NL0 8,1,157.0,53935.51759343587,53935.51759343587
9,NL0 9 biomass,legacy,NL0 9,1,20.0,53935.51759343587,53935.51759343587
9,NL0 0 0 solar,legacy,NL0 0,1,0.0,53935.51759343587,53935.517593435754
9,NL0 1 0 solar,legacy,NL0 1,1,0.0,53935.51759343587,53935.517593435754
9,NL0 10 0 solar,legacy,NL0 10,1,0.0,53935.51759343587,53935.517593435754
9,NL0 11 0 solar,legacy,NL0 11,1,0.0,53935.51759343587,53935.517593435754
9,NL0 12 0 solar,legacy,NL0 12,1,0.0,53935.51759343587,53935.517593435754
9,NL0 13 0 solar,legacy,NL0 13,1,0.0,53935.51759343587,53935.517593435754
9,NL0 14 0 solar,legacy,NL0 14,1,0.0,53935.51759343587,53935.517593435754
9,NL0 15 0 solar,legacy,NL0 15,1,0.0,53935.51759343587,53935.517593435754
9,NL0 16 0 solar,legacy,NL0 16,1,0.0,53935.51759343587,53935.517593435754
9,NL0 17 0 solar,legacy,NL0 17,1,0.0,53935.51759343587,53935.517593435754
9,NL0 18 0 solar,legacy,NL0 18,1,0.0,53935.51759343587,53935.517593435754
9,NL0 19 0 solar,legacy,NL0 19,1,0.0,53935.51759343587,53935.517593435754
9,NL0 2 0 solar,legacy,NL0 2,1,0.0,53935.51759343587,53935.517593435754
9,NL0 20 0 solar,legacy,NL0 20,1,0.0,53935.51759343587,53935.517593435754
9,NL0 21 0 solar,legacy,NL0 21,1,0.0,53935.51759343587,53935.517593435754
9,NL0 22 0 solar,legacy,NL0 22,1,0.0,53935.51759343587,53935.517593435754
9,NL0 23 0 solar,legacy,NL0 23,1,0.0,53935.51759343587,53935.517593435754
9,NL0 24 0 solar,legacy,NL0 24,1,0.0,53935.51759343587,53935.517593435754
9,NL0 25 0 solar,legacy,NL0 25,1,0.0,53935.51759343587,53935.517593435754
9,NL0 26 0 solar,legacy,NL0 26,1,0.0,53935.51759343587,53935.517593435754
9,NL0 27 0 solar,legacy,NL0 27,1,0.0,53935.51759343587,53935.517593435754
9,NL0 28 0 solar,legacy,NL0 28,1,0.0,53935.51759343587,53935.517593435754
9,NL0 3 0 solar,legacy,NL0 3,1,0.0,53935.51759343587,53935.517593435754
9,NL0 30 0 solar,legacy,NL0 30,1,0.0,53935.51759343587,53935.517593435754
9,NL0 31 0 solar,legacy,NL0 31,1,0.0,53935.51759343587,53935.517593435754
9,NL0 4 0 solar,legacy,NL0 4,1,0.0,53935.51759343587,53935.517593435754
9,NL0 5 0 solar,legacy,NL0 5,1,0.0,53935.51759343587,53935.517593435754
9,NL0 6 0 solar,legacy,NL0 6,1,0.0,53935.51759343587,53935.517593435754
9,NL0 7 0 solar,legacy,NL0 7,1,0.0,53935.51759343587,53935.517593435754
9,NL0 8 0 solar,legacy,NL0 8,1,0.0,53935.51759343587,53935.517593435754
9,NL0 9 0 solar,legacy,NL0 9,1,0.0,53935.51759343587,53935.517593435754
9,NL0 20 0 offwind-ac,legacy,NL0 20,1,0.0,53935.51759343587,53935.517593435754
9,NL0 27 0 offwind-ac,legacy,NL0 27,1,0.0,53935.51759343587,53935.517593435754
9,NL0 31 0 offwind-ac,legacy,NL0 31,1,0.0,53935.51759343587,53935.517593435754
9,NL0 32 0 offwind-ac,legacy,NL0 32,1,0.0,53935.51759343587,53935.517593435754
9,NL0 7 0 offwind-ac,legacy,NL0 7,1,0.0,53935.51759343587,53935.517593435754
9,NL0 0 0 onwind,legacy,NL0 0,1,0.0,53935.51759343587,53935.517593435754
9,NL0 1 0 onwind,legacy,NL0 1,1,0.0,53935.51759343587,53935.517593435754
9,NL0 10 0 onwind,legacy,NL0 10,1,0.0,53935.51759343587,53935.517593435754
9,NL0 11 0 onwind,legacy,NL0 11,1,0.0,53935.51759343587,53935.517593435754
9,NL0 12 0 onwind,legacy,NL0 12,1,0.0,53935.51759343587,53935.517593435754
9,NL0 13 0 onwind,legacy,NL0 13,1,0.0,53935.51759343587,53935.517593435754
9,NL0 14 0 onwind,legacy,NL0 14,1,0.0,53935.51759343587,53935.517593435754
9,NL0 15 0 onwind,legacy,NL0 15,1,0.0,53935.51759343587,53935.517593435754
9,NL0 17 0 onwind,legacy,NL0 17,1,0.0,53935.51759343587,53935.517593435754
9,NL0 19 0 onwind,legacy,NL0 19,1,0.0,53935.51759343587,53935.517593435754
9,NL0 2 0 onwind,legacy,NL0 2,1,0.0,53935.51759343587,53935.517593435754
9,NL0 20 0 onwind,legacy,NL0 20,1,0.0,53935.51759343587,53935.517593435754
9,NL0 21 0 onwind,legacy,NL0 21,1,0.0,53935.51759343587,53935.517593435754
9,NL0 22 0 onwind,legacy,NL0 22,1,0.0,53935.51759343587,53935.517593435754
9,NL0 23 0 onwind,legacy,NL0 23,1,0.0,53935.51759343587,53935.517593435754
9,NL0 24 0 onwind,legacy,NL0 24,1,0.0,53935.51759343587,53935.517593435754
9,NL0 27 0 onwind,legacy,NL0 27,1,0.0,53935.51759343587,53935.517593435754
9,NL0 3 0 onwind,legacy,NL0 3,1,0.0,53935.51759343587,53935.517593435754
9,NL0 30 0 onwind,legacy,NL0 30,1,0.0,53935.51759343587,53935.517593435754
9,NL0 31 0 onwind,legacy,NL0 31,1,0.0,53935.51759343587,53935.517593435754
9,NL0 4 0 onwind,legacy,NL0 4,1,0.0,53935.51759343587,53935.517593435754
9,NL0 5 0 onwind,legacy,NL0 5,1,0.0,53935.51759343587,53935.517593435754
9,NL0 6 0 onwind,legacy,NL0 6,1,0.0,53935.51759343587,53935.517593435754
9,NL0 7 0 onwind,legacy,NL0 7,1,0.0,53935.51759343587,53935.517593435754
9,NL0 8 0 onwind,legacy,NL0 8,1,0.0,53935.51759343587,53935.517593435754
9,NL0 9 0 onwind,legacy,NL0 9,1,0.0,53935.51759343587,53935.517593435754
10,NL0 0 Invest,investable,NL0 0,1,0.0,53935.51759343587,59329.06935292875
10,NL0 1 Invest,investable,NL0 1,1,1000.0,53935.51759343587,53935.51759357159
10,NL0 10 Invest,investable,NL0 10,1,0.0,53935.51759343587,59329.06935292875
10,NL0 11 Invest,investable,NL0 11,1,1000.0,53935.51759343587,53935.51759357159
10,NL0 12 Invest,investable,NL0 12,1,1000.0,53935.51759343587,53935.51759343562
10,NL0 13 Invest,investable,NL0 13,1,1000.0,53935.51759343587,53935.51759357159
10,NL0 14 Invest,investable,NL0 14,1,1000.0,53935.51759343587,53935.51759343575
10,NL0 15 Invest,investable,NL0 15,1,1000.0,53935.51759343587,53935.51759343575
10,NL0 16 Invest,investable,NL0 16,1,0.0,53935.51759343587,59329.06935292875
10,NL0 17 Invest,investable,NL0 17,1,0.0,53935.51759343587,59329.06935292875
10,NL0 18 Invest,investable,NL0 18,1,0.0,53935.51759343587,59329.06935292875
10,NL0 19 Invest,investable,NL0 19,1,1000.0,53935.51759343587,53935.51759343575
10,NL0 2 Invest,investable,NL0 2,1,1000.0,53935.51759343587,53935.51759343575
10,NL0 20 Invest,investable,NL0 20,1,0.0,53935.51759343587,59329.06935292875
10,NL0 21 Invest,investable,NL0 21,1,0.0,53935.51759343587,59329.06935292875
10,NL0 22 Invest,investable,NL0 22,1,0.0,53935.51759343587,53935.51759357159
10,NL0 23 Invest,investable,NL0 23,1,0.0,53935.51759343587,59329.06935292875
10,NL0 24 Invest,investable,NL0 24,1,0.0,53935.51759343587,59329.06935292875
10,NL0 25 Invest,investable,NL0 25,1,1000.0,53935.51759343587,53935.51759343575
10,NL0 26 Invest,investable,NL0 26,1,1000.0,53935.51759343587,53935.51759343575
10,NL0 27 Invest,investable,NL0 27,1,0.0,53935.51759343587,59329.06935292875
10,NL0 28 Invest,investable,NL0 28,1,1000.0,53935.51759343587,53935.51759343575
10,NL0 3 Invest,investable,NL0 3,1,0.0,53935.51759343587,59329.06935292875
10,NL0 30 Invest,investable,NL0 30,1,0.0,53935.51759343587,59329.06935292875
10,NL0 31 Invest,investable,NL0 31,1,1000.0,53935.51759343587,53935.51759343575
10,NL0 33 Invest,investable,NL0 33,1,0.0,53935.51759343587,59329.06935292875
10,NL0 4 Invest,investable,NL0 4,1,1000.0,53935.51759343587,53935.51759343575
10,NL0 5 Invest,investable,NL0 5,1,0.0,53935.51759343587,53935.51759357159
10,NL0 6 Invest,investable,NL0 6,1,634.5076028511185,53935.51759343587,53935.51759357159
10,NL0 7 Invest,investable,NL0 7,1,0.0,53935.51759343587,53935.51759357159
10,NL0 8 Invest,investable,NL0 8,1,0.0,53935.51759343587,59329.06935292875
10,NL0 9 Invest,investable,NL0 9,1,1000.0,53935.51759343587,53935.51759357159
10,NL0 1 biomass,legacy,NL0 1,1,71.0,53935.51759343587,53935.51759343587
10,NL0 1 waste,legacy,NL0 1,1,31.0,53935.51759343587,53935.51759343587
10,NL0 10 waste,legacy,NL0 10,1,150.0,53935.51759343587,53935.51759343587
10,NL0 11 biomass,legacy,NL0 11,1,20.0,53935.51759343587,53935.51759343587
10,NL0 11 waste,legacy,NL0 11,1,50.0,53935.51759343587,53935.51759343587
10,NL0 13 biomass,legacy,NL0 13,1,77.0,53935.51759343587,53935.51759343587
10,NL0 19 biomass,legacy,NL0 19,1,49.0,53935.51759343587,53935.51759343587
10,NL0 19 waste,legacy,NL0 19,1,36.0,53935.51759343587,53935.51759343587
10,NL0 22 biomass,legacy,NL0 22,1,500.0,53935.51759343587,53935.51759343587
10,NL0 25 waste,legacy,NL0 25,1,54.0,53935.51759343587,53935.51759343587
10,NL0 27 biomass,legacy,NL0 27,1,22.0,53935.51759343587,53935.51759343587
10,NL0 27 waste,legacy,NL0 27,1,71.2,53935.51759343587,53935.51759343587
10,NL0 3 biomass,legacy,NL0 3,1,22.0,53935.51759343587,53935.51759343587
10,NL0 3 waste,legacy,NL0 3,1,108.0,53935.51759343587,53935.51759343587
10,NL0 30 biomass,legacy,NL0 30,1,60.0,53935.51759343587,53935.51759343587
10,NL0 7 nuclear,legacy,NL0 7,1,515.0,53935.51759343587,53935.51759343587
10,NL0 7 waste,legacy,NL0 7,1,39.0,53935.51759343587,53935.51759343587
10,NL0 8 biomass,legacy,NL0 8,1,36.0,53935.51759343587,53935.51759343587
10,NL0 8 waste,legacy,NL0 8,1,157.0,53935.51759343587,53935.51759343587
10,NL0 9 biomass,legacy,NL0 9,1,20.0,53935.51759343587,53935.51759343587
10,NL0 0 0 solar,legacy,NL0 0,1,0.0,53935.51759343587,53935.517593435754
10,NL0 1 0 solar,legacy,NL0 1,1,0.0,53935.51759343587,53935.517593435754
10,NL0 10 0 solar,legacy,NL0 10,1,0.0,53935.51759343587,53935.517593435754
10,NL0 11 0 solar,legacy,NL0 11,1,0.0,53935.51759343587,53935.517593435754
10,NL0 12 0 solar,legacy,NL0 12,1,0.0,53935.51759343587,53935.517593435754
10,NL0 13 0 solar,legacy,NL0 13,1,0.0,53935.51759343587,53935.517593435754
10,NL0 14 0 solar,legacy,NL0 14,1,0.0,53935.51759343587,53935.517593435754
10,NL0 15 0 solar,legacy,NL0 15,1,0.0,53935.51759343587,53935.517593435754
10,NL0 16 0 solar,legacy,NL0 16,1,0.0,53935.51759343587,53935.517593435754
10,NL0 17 0 solar,legacy,NL0 17,1,0.0,53935.51759343587,53935.517593435754
10,NL0 18 0 solar,legacy,NL0 18,1,0.0,53935.51759343587,53935.517593435754
10,NL0 19 0 solar,legacy,NL0 19,1,0.0,53935.51759343587,53935.517593435754
10,NL0 2 0 solar,legacy,NL0 2,1,0.0,53935.51759343587,53935.517593435754
10,NL0 20 0 solar,legacy,NL0 20,1,0.0,53935.51759343587,53935.517593435754
10,NL0 21 0 solar,legacy,NL0 21,1,0.0,53935.51759343587,53935.517593435754
10,NL0 22 0 solar,legacy,NL0 22,1,0.0,53935.51759343587,53935.517593435754
10,NL0 23 0 solar,legacy,NL0 23,1,0.0,53935.51759343587,53935.517593435754
10,NL0 24 0 solar,legacy,NL0 24,1,0.0,53935.51759343587,53935.517593435754
10,NL0 25 0 solar,legacy,NL0 25,1,0.0,53935.51759343587,53935.517593435754
10,NL0 26 0 solar,legacy,NL0 26,1,0.0,53935.51759343587,53935.517593435754
10,NL0 27 0 solar,legacy,NL0 27,1,0.0,53935.51759343587,53935.517593435754
10,NL0 28 0 solar,legacy,NL0 28,1,0.0,53935.51759343587,53935.517593435754
10,NL0 3 0 solar,legacy,NL0 3,1,0.0,53935.51759343587,53935.517593435754
10,NL0 30 0 solar,legacy,NL0 30,1,0.0,53935.51759343587,53935.517593435754
10,NL0 31 0 solar,legacy,NL0 31,1,0.0,53935.51759343587,53935.517593435754
10,NL0 4 0 solar,legacy,NL0 4,1,0.0,53935.51759343587,53935.517593435754
10,NL0 5 0 solar,legacy,NL0 5,1,0.0,53935.51759343587,53935.517593435754
10,NL0 6 0 solar,legacy,NL0 6,1,0.0,53935.51759343587,53935.517593435754
10,NL0 7 0 solar,legacy,NL0 7,1,0.0,53935.51759343587,53935.517593435754
10,NL0 8 0 solar,legacy,NL0 8,1,0.0,53935.51759343587,53935.517593435754
10,NL0 9 0 solar,legacy,NL0 9,1,0.0,53935.51759343587,53935.517593435754
10,NL0 20 0 offwind-ac,legacy,NL0 20,1,0.0,53935.51759343587,53935.517593435754
10,NL0 27 0 offwind-ac,legacy,NL0 27,1,0.0,53935.51759343587,53935.517593435754
10,NL0 31 0 offwind-ac,legacy,NL0 31,1,0.0,53935.51759343587,53935.517593435754
10,NL0 32 0 offwind-ac,legacy,NL0 32,1,0.0,53935.51759343587,53935.517593435754
10,NL0 7 0 offwind-ac,legacy,NL0 7,1,0.0,53935.51759343587,53935.517593435754
10,NL0 0 0 onwind,legacy,NL0 0,1,0.0,53935.51759343587,53935.517593435754
10,NL0 1 0 onwind,legacy,NL0 1,1,0.0,53935.51759343587,53935.517593435754
10,NL0 10 0 onwind,legacy,NL0 10,1,0.0,53935.51759343587,53935.517593435754
10,NL0 11 0 onwind,legacy,NL0 11,1,0.0,53935.51759343587,53935.517593435754
10,NL0 12 0 onwind,legacy,NL0 12,1,0.0,53935.51759343587,53935.517593435754
10,NL0 13 0 onwind,legacy,NL0 13,1,0.0,53935.51759343587,53935.517593435754
10,NL0 14 0 onwind,legacy,NL0 14,1,0.0,53935.51759343587,53935.517593435754
10,NL0 15 0 onwind,legacy,NL0 15,1,0.0,53935.51759343587,53935.517593435754
10,NL0 17 0 onwind,legacy,NL0 17,1,0.0,53935.51759343587,53935.517593435754
10,NL0 19 0 onwind,legacy,NL0 19,1,0.0,53935.51759343587,53935.517593435754
10,NL0 2 0 onwind,legacy,NL0 2,1,0.0,53935.51759343587,53935.517593435754
10,NL0 20 0 onwind,legacy,NL0 20,1,0.0,53935.51759343587,53935.517593435754
10,NL0 21 0 onwind,legacy,NL0 21,1,0.0,53935.51759343587,53935.517593435754
10,NL0 22 0 onwind,legacy,NL0 22,1,0.0,53935.51759343587,53935.517593435754
10,NL0 23 0 onwind,legacy,NL0 23,1,0.0,53935.51759343587,53935.517593435754
10,NL0 24 0 onwind,legacy,NL0 24,1,0.0,53935.51759343587,53935.517593435754
10,NL0 27 0 onwind,legacy,NL0 27,1,0.0,53935.51759343587,53935.517593435754
10,NL0 3 0 onwind,legacy,NL0 3,1,0.0,53935.51759343587,53935.517593435754
10,NL0 30 0 onwind,legacy,NL0 30,1,0.0,53935.51759343587,53935.517593435754
10,NL0 31 0 onwind,legacy,NL0 31,1,0.0,53935.51759343587,53935.517593435754
10,NL0 4 0 onwind,legacy,NL0 4,1,0.0,53935.51759343587,53935.517593435754
10,NL0 5 0 onwind,legacy,NL0 5,1,0.0,53935.51759343587,53935.517593435754
10,NL0 6 0 onwind,legacy,NL0 6,1,0.0,53935.51759343587,53935.517593435754
10,NL0 7 0 onwind,legacy,NL0 7,1,0.0,53935.51759343587,53935.517593435754
10,NL0 8 0 onwind,legacy,NL0 8,1,0.0,53935.51759343587,53935.517593435754
10,NL0 9 0 onwind,legacy,NL0 9,1,0.0,53935.51759343587,53935.517593435754
11,NL0 0 Invest,investable,NL0 0,1,0.0,53935.51759343587,59329.06935292875
11,NL0 1 Invest,investable,NL0 1,1,1000.0,53935.51759343587,53935.51759357159
11,NL0 10 Invest,investable,NL0 10,1,0.0,53935.51759343587,59329.06935292875
11,NL0 11 Invest,investable,NL0 11,1,1000.0,53935.51759343587,53935.51759357159
11,NL0 12 Invest,investable,NL0 12,1,1000.0,53935.51759343587,53935.51759343562
11,NL0 13 Invest,investable,NL0 13,1,1000.0,53935.51759343587,53935.51759357159
11,NL0 14 Invest,investable,NL0 14,1,1000.0,53935.51759343587,53935.51759343575
11,NL0 15 Invest,investable,NL0 15,1,1000.0,53935.51759343587,53935.51759343575
11,NL0 16 Invest,investable,NL0 16,1,0.0,53935.51759343587,59329.06935292875
11,NL0 17 Invest,investable,NL0 17,1,0.0,53935.51759343587,59329.06935292875
11,NL0 18 Invest,investable,NL0 18,1,0.0,53935.51759343587,59329.06935292875
11,NL0 19 Invest,investable,NL0 19,1,1000.0,53935.51759343587,53935.51759343575
11,NL0 2 Invest,investable,NL0 2,1,1000.0,53935.51759343587,53935.51759343575
11,NL0 20 Invest,investable,NL0 20,1,0.0,53935.51759343587,59329.06935292875
11,NL0 21 Invest,investable,NL0 21,1,0.0,53935.51759343587,59329.06935292875
11,NL0 22 Invest,investable,NL0 22,1,0.0,53935.51759343587,53935.51759357159
11,NL0 23 Invest,investable,NL0 23,1,0.0,53935.51759343587,59329.06935292875
11,NL0 24 Invest,investable,NL0 24,1,0.0,53935.51759343587,59329.06935292875
11,NL0 25 Invest,investable,NL0 25,1,1000.0,53935.51759343587,53935.51759343575
11,NL0 26 Invest,investable,NL0 26,1,1000.0,53935.51759343587,53935.51759343575
11,NL0 27 Invest,investable,NL0 27,1,0.0,53935.51759343587,59329.06935292875
11,NL0 28 Invest,investable,NL0 28,1,1000.0,53935.51759343587,53935.51759343575
11,NL0 3 Invest,investable,NL0 3,1,0.0,53935.51759343587,59329.06935292875
11,NL0 30 Invest,investable,NL0 30,1,0.0,53935.51759343587,59329.06935292875
11,NL0 31 Invest,investable,NL0 31,1,1000.0,53935.51759343587,53935.51759343575
11,NL0 33 Invest,investable,NL0 33,1,0.0,53935.51759343587,59329.06935292875
11,NL0 4 Invest,investable,NL0 4,1,1000.0,53935.51759343587,53935.51759343575
11,NL0 5 Invest,investable,NL0 5,1,0.0,53935.51759343587,53935.51759357159
11,NL0 6 Invest,investable,NL0 6,1,634.5076028511185,53935.51759343587,53935.51759357159
11,NL0 7 Invest,investable,NL0 7,1,0.0,53935.51759343587,53935.51759357159
11,NL0 8 Invest,investable,NL0 8,1,0.0,53935.51759343587,59329.06935292875
11,NL0 9 Invest,investable,NL0 9,1,1000.0,53935.51759343587,53935.51759357159
11,NL0 1 biomass,legacy,NL0 1,1,71.0,53935.51759343587,53935.51759343587
11,NL0 1 waste,legacy,NL0 1,1,31.0,53935.51759343587,53935.51759343587
11,NL0 10 waste,legacy,NL0 10,1,150.0,53935.51759343587,53935.51759343587
11,NL0 11 biomass,legacy,NL0 11,1,20.0,53935.51759343587,53935.51759343587
11,NL0 11 waste,legacy,NL0 11,1,50.0,53935.51759343587,53935.51759343587
11,NL0 13 biomass,legacy,NL0 13,1,77.0,53935.51759343587,53935.51759343587
11,NL0 19 biomass,legacy,NL0 19,1,49.0,53935.51759343587,53935.51759343587
11,NL0 19 waste,legacy,NL0 19,1,36.0,53935.51759343587,53935.51759343587
11,NL0 22 biomass,legacy,NL0 22,1,500.0,53935.51759343587,53935.51759343587
11,NL0 25 waste,legacy,NL0 25,1,54.0,53935.51759343587,53935.51759343587
11,NL0 27 biomass,legacy,NL0 27,1,22.0,53935.51759343587,53935.51759343587
11,NL0 27 waste,legacy,NL0 27,1,71.2,53935.51759343587,53935.51759343587
11,NL0 3 biomass,legacy,NL0 3,1,22.0,53935.51759343587,53935.51759343587
11,NL0 3 waste,legacy,NL0 3,1,108.0,53935.51759343587,53935.51759343587
11,NL0 30 biomass,legacy,NL0 30,1,60.0,53935.51759343587,53935.51759343587
11,NL0 7 nuclear,legacy,NL0 7,1,515.0,53935.51759343587,53935.51759343587
11,NL0 7 waste,legacy,NL0 7,1,39.0,53935.51759343587,53935.51759343587
11,NL0 8 biomass,legacy,NL0 8,1,36.0,53935.51759343587,53935.51759343587
11,NL0 8 waste,legacy,NL0 8,1,157.0,53935.51759343587,53935.51759343587
11,NL0 9 biomass,legacy,NL0 9,1,20.0,53935.51759343587,53935.51759343587
11,NL0 0 0 solar,legacy,NL0 0,1,0.0,53935.51759343587,53935.517593435754
11,NL0 1 0 solar,legacy,NL0 1,1,0.0,53935.51759343587,53935.517593435754
11,NL0 10 0 solar,legacy,NL0 10,1,0.0,53935.51759343587,53935.517593435754
11,NL0 11 0 solar,legacy,NL0 11,1,0.0,53935.51759343587,53935.517593435754
11,NL0 12 0 solar,legacy,NL0 12,1,0.0,53935.51759343587,53935.517593435754
11,NL0 13 0 solar,legacy,NL0 13,1,0.0,53935.51759343587,53935.517593435754
11,NL0 14 0 solar,legacy,NL0 14,1,0.0,53935.51759343587,53935.517593435754
11,NL0 15 0 solar,legacy,NL0 15,1,0.0,53935.51759343587,53935.517593435754
11,NL0 16 0 solar,legacy,NL0 16,1,0.0,53935.51759343587,53935.517593435754
11,NL0 17 0 solar,legacy,NL0 17,1,0.0,53935.51759343587,53935.517593435754
11,NL0 18 0 solar,legacy,NL0 18,1,0.0,53935.51759343587,53935.517593435754
11,NL0 19 0 solar,legacy,NL0 19,1,0.0,53935.51759343587,53935.517593435754
11,NL0 2 0 solar,legacy,NL0 2,1,0.0,53935.51759343587,53935.517593435754
11,NL0 20 0 solar,legacy,NL0 20,1,0.0,53935.51759343587,53935.517593435754
11,NL0 21 0 solar,legacy,NL0 21,1,0.0,53935.51759343587,53935.517593435754
11,NL0 22 0 solar,legacy,NL0 22,1,0.0,53935.51759343587,53935.517593435754
11,NL0 23 0 solar,legacy,NL0 23,1,0.0,53935.51759343587,53935.517593435754
11,NL0 24 0 solar,legacy,NL0 24,1,0.0,53935.51759343587,53935.517593435754
11,NL0 25 0 solar,legacy,NL0 25,1,0.0,53935.51759343587,53935.517593435754
11,NL0 26 0 solar,legacy,NL0 26,1,0.0,53935.51759343587,53935.517593435754
11,NL0 27 0 solar,legacy,NL0 27,1,0.0,53935.51759343587,53935.517593435754
11,NL0 28 0 solar,legacy,NL0 28,1,0.0,53935.51759343587,53935.517593435754
11,NL0 3 0 solar,legacy,NL0 3,1,0.0,53935.51759343587,53935.517593435754
11,NL0 30 0 solar,legacy,NL0 30,1,0.0,53935.51759343587,53935.517593435754
11,NL0 31 0 solar,legacy,NL0 31,1,0.0,53935.51759343587,53935.517593435754
11,NL0 4 0 solar,legacy,NL0 4,1,0.0,53935.51759343587,53935.517593435754
11,NL0 5 0 solar,legacy,NL0 5,1,0.0,53935.51759343587,53935.517593435754
11,NL0 6 0 solar,legacy,NL0 6,1,0.0,53935.51759343587,53935.517593435754
11,NL0 7 0 solar,legacy,NL0 7,1,0.0,53935.51759343587,53935.517593435754
11,NL0 8 0 solar,legacy,NL0 8,1,0.0,53935.51759343587,53935.517593435754
11,NL0 9 0 solar,legacy,NL0 9,1,0.0,53935.51759343587,53935.517593435754
11,NL0 20 0 offwind-ac,legacy,NL0 20,1,0.0,53935.51759343587,53935.517593435754
11,NL0 27 0 offwind-ac,legacy,NL0 27,1,0.0,53935.51759343587,53935.517593435754
11,NL0 31 0 offwind-ac,legacy,NL0 31,1,0.0,53935.51759343587,53935.517593435754
11,NL0 32 0 offwind-ac,legacy,NL0 32,1,0.0,53935.51759343587,53935.517593435754
11,NL0 7 0 offwind-ac,legacy,NL0 7,1,0.0,53935.51759343587,53935.517593435754
11,NL0 0 0 onwind,legacy,NL0 0,1,0.0,53935.51759343587,53935.517593435754
11,NL0 1 0 onwind,legacy,NL0 1,1,0.0,53935.51759343587,53935.517593435754
11,NL0 10 0 onwind,legacy,NL0 10,1,0.0,53935.51759343587,53935.517593435754
11,NL0 11 0 onwind,legacy,NL0 11,1,0.0,53935.51759343587,53935.517593435754
11,NL0 12 0 onwind,legacy,NL0 12,1,0.0,53935.51759343587,53935.517593435754
11,NL0 13 0 onwind,legacy,NL0 13,1,0.0,53935.51759343587,53935.517593435754
11,NL0 14 0 onwind,legacy,NL0 14,1,0.0,53935.51759343587,53935.517593435754
11,NL0 15 0 onwind,legacy,NL0 15,1,0.0,53935.51759343587,53935.517593435754
11,NL0 17 0 onwind,legacy,NL0 17,1,0.0,53935.51759343587,53935.517593435754
11,NL0 19 0 onwind,legacy,NL0 19,1,0.0,53935.51759343587,53935.517593435754
11,NL0 2 0 onwind,legacy,NL0 2,1,0.0,53935.51759343587,53935.517593435754
11,NL0 20 0 onwind,legacy,NL0 20,1,0.0,53935.51759343587,53935.517593435754
11,NL0 21 0 onwind,legacy,NL0 21,1,0.0,53935.51759343587,53935.517593435754
11,NL0 22 0 onwind,legacy,NL0 22,1,0.0,53935.51759343587,53935.517593435754
11,NL0 23 0 onwind,legacy,NL0 23,1,0.0,53935.51759343587,53935.517593435754
11,NL0 24 0 onwind,legacy,NL0 24,1,0.0,53935.51759343587,53935.517593435754
11,NL0 27 0 onwind,legacy,NL0 27,1,0.0,53935.51759343587,53935.517593435754
11,NL0 3 0 onwind,legacy,NL0 3,1,0.0,53935.51759343587,53935.517593435754
11,NL0 30 0 onwind,legacy,NL0 30,1,0.0,53935.51759343587,53935.517593435754
11,NL0 31 0 onwind,legacy,NL0 31,1,0.0,53935.51759343587,53935.517593435754
11,NL0 4 0 onwind,legacy,NL0 4,1,0.0,53935.51759343587,53935.517593435754
11,NL0 5 0 onwind,legacy,NL0 5,1,0.0,53935.51759343587,53935.517593435754
11,NL0 6 0 onwind,legacy,NL0 6,1,0.0,53935.51759343587,53935.517593435754
11,NL0 7 0 onwind,legacy,NL0 7,1,0.0,53935.51759343587,53935.517593435754
11,NL0 8 0 onwind,legacy,NL0 8,1,0.0,53935.51759343587,53935.517593435754
11,NL0 9 0 onwind,legacy,NL0 9,1,0.0,53935.51759343587,53935.517593435754
12,NL0 0 Invest,investable,NL0 0,1,0.0,53935.51759343587,59329.06935292875
12,NL0 1 Invest,investable,NL0 1,1,0.0,53935.51759343587,53935.51759357159
12,NL0 10 Invest,investable,NL0 10,1,0.0,53935.51759343587,59329.06935292875
12,NL0 11 Invest,investable,NL0 11,1,0.0,53935.51759343587,53935.51759357159
12,NL0 12 Invest,investable,NL0 12,1,1000.0,53935.51759343587,53935.51759343562
12,NL0 13 Invest,investable,NL0 13,1,0.0,53935.51759343587,53935.51759357159
12,NL0 14 Invest,investable,NL0 14,1,1000.0,53935.51759343587,53935.51759343575
12,NL0 15 Invest,investable,NL0 15,1,1000.0,53935.51759343587,53935.51759343575
12,NL0 16 Invest,investable,NL0 16,1,0.0,53935.51759343587,59329.06935292875
12,NL0 17 Invest,investable,NL0 17,1,0.0,53935.51759343587,59329.06935292875
12,NL0 18 Invest,investable,NL0 18,1,0.0,53935.51759343587,59329.06935292875
12,NL0 19 Invest,investable,NL0 19,1,1000.0,53935.51759343587,53935.51759343575
12,NL0 2 Invest,investable,NL0 2,1,1000.0,53935.51759343587,53935.51759343575
12,NL0 20 Invest,investable,NL0 20,1,0.0,53935.51759343587,59329.06935292875
12,NL0 21 Invest,investable,NL0 21,1,0.0,53935.51759343587,59329.06935292875
12,NL0 22 Invest,investable,NL0 22,1,1000.0,53935.51759343587,53935.51759357159
12,NL0 23 Invest,investable,NL0 23,1,0.0,53935.51759343587,59329.06935292875
12,NL0 24 Invest,investable,NL0 24,1,0.0,53935.51759343587,59329.06935292875
12,NL0 25 Invest,investable,NL0 25,1,1000.0,53935.51759343587,53935.51759343575
12,NL0 26 Invest,investable,NL0 26,1,1000.0,53935.51759343587,53935.51759343575
12,NL0 27 Invest,investable,NL0 27,1,0.0,53935.51759343587,59329.06935292875
12,NL0 28 Invest,investable,NL0 28,1,1000.0,53935.51759343587,53935.51759343575
12,NL0 3 Invest,investable,NL0 3,1,0.0,53935.51759343587,59329.06935292875
12,NL0 30 Invest,investable,NL0 30,1,0.0,53935.51759343587,59329.06935292875
12,NL0 31 Invest,investable,NL0 31,1,1000.0,53935.51759343587,53935.51759343575
12,NL0 33 Invest,investable,NL0 33,1,0.0,53935.51759343587,59329.06935292875
12,NL0 4 Invest,investable,NL0 4,1,1000.0,53935.51759343587,53935.51759343575
12,NL0 5 Invest,investable,NL0 5,1,1000.0,53935.51759343587,53935.51759357159
12,NL0 6 Invest,investable,NL0 6,1,1000.0,53935.51759343587,53935.51759357159
12,NL0 7 Invest,investable,NL0 7,1,1000.0,53935.51759343587,53935.51759357159
12,NL0 8 Invest,investable,NL0 8,1,0.0,53935.51759343587,59329.06935292875
12,NL0 9 Invest,investable,NL0 9,1,634.5076028511185,53935.51759343587,53935.51759357159
12,NL0 1 biomass,legacy,NL0 1,1,71.0,53935.51759343587,53935.51759343587
12,NL0 1 waste,legacy,NL0 1,1,31.0,53935.51759343587,53935.51759343587
12,NL0 10 waste,legacy,NL0 10,1,150.0,53935.51759343587,53935.51759343587
12,NL0 11 biomass,legacy,NL0 11,1,20.0,53935.51759343587,53935.51759343587
12,NL0 11 waste,legacy,NL0 11,1,50.0,53935.51759343587,53935.51759343587
12,NL0 13 biomass,legacy,NL0 13,1,77.0,53935.51759343587,53935.51759343587
12,NL0 19 biomass,legacy,NL0 19,1,49.0,53935.51759343587,53935.51759343587
12,NL0 19 waste,legacy,NL0 19,1,36.0,53935.51759343587,53935.51759343587
12,NL0 22 biomass,legacy,NL0 22,1,500.0,53935.51759343587,53935.51759343587
12,NL0 25 waste,legacy,NL0 25,1,54.0,53935.51759343587,53935.51759343587
12,NL0 27 biomass,legacy,NL0 27,1,22.0,53935.51759343587,53935.51759343587
12,NL0 27 waste,legacy,NL0 27,1,71.2,53935.51759343587,53935.51759343587
12,NL0 3 biomass,legacy,NL0 3,1,22.0,53935.51759343587,53935.51759343587
12,NL0 3 waste,legacy,NL0 3,1,108.0,53935.51759343587,53935.51759343587
12,NL0 30 biomass,legacy,NL0 30,1,60.0,53935.51759343587,53935.51759343587
12,NL0 7 nuclear,legacy,NL0 7,1,515.0,53935.51759343587,53935.51759343587
12,NL0 7 waste,legacy,NL0 7,1,39.0,53935.51759343587,53935.51759343587
12,NL0 8 biomass,legacy,NL0 8,1,36.0,53935.51759343587,53935.51759343587
12,NL0 8 waste,legacy,NL0 8,1,157.0,53935.51759343587,53935.51759343587
12,NL0 9 biomass,legacy,NL0 9,1,20.0,53935.51759343587,53935.51759343587
12,NL0 0 0 solar,legacy,NL0 0,1,0.0,53935.51759343587,53935.517593435754
12,NL0 1 0 solar,legacy,NL0 1,1,0.0,53935.51759343587,53935.517593435754
12,NL0 10 0 solar,legacy,NL0 10,1,0.0,53935.51759343587,53935.517593435754
12,NL0 11 0 solar,legacy,NL0 11,1,0.0,53935.51759343587,53935.517593435754
12,NL0 12 0 solar,legacy,NL0 12,1,0.0,53935.51759343587,53935.517593435754
12,NL0 13 0 solar,legacy,NL0 13,1,0.0,53935.51759343587,53935.517593435754
12,NL0 14 0 solar,legacy,NL0 14,1,0.0,53935.51759343587,53935.517593435754
12,NL0 15 0 solar,legacy,NL0 15,1,0.0,53935.51759343587,53935.517593435754
12,NL0 16 0 solar,legacy,NL0 16,1,0.0,53935.51759343587,53935.517593435754
12,NL0 17 0 solar,legacy,NL0 17,1,0.0,53935.51759343587,53935.517593435754
12,NL0 18 0 solar,legacy,NL0 18,1,0.0,53935.51759343587,53935.517593435754
12,NL0 19 0 solar,legacy,NL0 19,1,0.0,53935.51759343587,53935.517593435754
12,NL0 2 0 solar,legacy,NL0 2,1,0.0,53935.51759343587,53935.517593435754
12,NL0 20 0 solar,legacy,NL0 20,1,0.0,53935.51759343587,53935.517593435754
12,NL0 21 0 solar,legacy,NL0 21,1,0.0,53935.51759343587,53935.517593435754
12,NL0 22 0 solar,legacy,NL0 22,1,0.0,53935.51759343587,53935.517593435754
12,NL0 23 0 solar,legacy,NL0 23,1,0.0,53935.51759343587,53935.517593435754
12,NL0 24 0 solar,legacy,NL0 24,1,0.0,53935.51759343587,53935.517593435754
12,NL0 25 0 solar,legacy,NL0 25,1,0.0,53935.51759343587,53935.517593435754
12,NL0 26 0 solar,legacy,NL0 26,1,0.0,53935.51759343587,53935.517593435754
12,NL0 27 0 solar,legacy,NL0 27,1,0.0,53935.51759343587,53935.517593435754
12,NL0 28 0 solar,legacy,NL0 28,1,0.0,53935.51759343587,53935.517593435754
12,NL0 3 0 solar,legacy,NL0 3,1,0.0,53935.51759343587,53935.517593435754
12,NL0 30 0 solar,legacy,NL0 30,1,0.0,53935.51759343587,53935.517593435754
12,NL0 31 0 solar,legacy,NL0 31,1,0.0,53935.51759343587,53935.517593435754
12,NL0 4 0 solar,legacy,NL0 4,1,0.0,53935.51759343587,53935.517593435754
12,NL0 5 0 solar,legacy,NL0 5,1,0.0,53935.51759343587,53935.517593435754
12,NL0 6 0 solar,legacy,NL0 6,1,0.0,53935.51759343587,53935.517593435754
12,NL0 7 0 solar,legacy,NL0 7,1,0.0,53935.51759343587,53935.517593435754
12,NL0 8 0 solar,legacy,NL0 8,1,0.0,53935.51759343587,53935.517593435754
12,NL0 9 0 solar,legacy,NL0 9,1,0.0,53935.51759343587,53935.517593435754
12,NL0 20 0 offwind-ac,legacy,NL0 20,1,0.0,53935.51759343587,53935.517593435754
12,NL0 27 0 offwind-ac,legacy,NL0 27,1,0.0,53935.51759343587,53935.517593435754
12,NL0 31 0 offwind-ac,legacy,NL0 31,1,0.0,53935.51759343587,53935.517593435754
12,NL0 32 0 offwind-ac,legacy,NL0 32,1,0.0,53935.51759343587,53935.517593435754
12,NL0 7 0 offwind-ac,legacy,NL0 7,1,0.0,53935.51759343587,53935.517593435754
12,NL0 0 0 onwind,legacy,NL0 0,1,0.0,53935.51759343587,53935.517593435754
12,NL0 1 0 onwind,legacy,NL0 1,1,0.0,53935.51759343587,53935.517593435754
12,NL0 10 0 onwind,legacy,NL0 10,1,0.0,53935.51759343587,53935.517593435754
12,NL0 11 0 onwind,legacy,NL0 11,1,0.0,53935.51759343587,53935.517593435754
12,NL0 12 0 onwind,legacy,NL0 12,1,0.0,53935.51759343587,53935.517593435754
12,NL0 13 0 onwind,legacy,NL0 13,1,0.0,53935.51759343587,53935.517593435754
12,NL0 14 0 onwind,legacy,NL0 14,1,0.0,53935.51759343587,53935.517593435754
12,NL0 15 0 onwind,legacy,NL0 15,1,0.0,53935.51759343587,53935.517593435754
12,NL0 17 0 onwind,legacy,NL0 17,1,0.0,53935.51759343587,53935.517593435754
12,NL0 19 0 onwind,legacy,NL0 19,1,0.0,53935.51759343587,53935.517593435754
12,NL0 2 0 onwind,legacy,NL0 2,1,0.0,53935.51759343587,53935.517593435754
12,NL0 20 0 onwind,legacy,NL0 20,1,0.0,53935.51759343587,53935.517593435754
12,NL0 21 0 onwind,legacy,NL0 21,1,0.0,53935.51759343587,53935.517593435754
12,NL0 22 0 onwind,legacy,NL0 22,1,0.0,53935.51759343587,53935.517593435754
12,NL0 23 0 onwind,legacy,NL0 23,1,0.0,53935.51759343587,53935.517593435754
12,NL0 24 0 onwind,legacy,NL0 24,1,0.0,53935.51759343587,53935.517593435754
12,NL0 27 0 onwind,legacy,NL0 27,1,0.0,53935.51759343587,53935.517593435754
12,NL0 3 0 onwind,legacy,NL0 3,1,0.0,53935.51759343587,53935.517593435754
12,NL0 30 0 onwind,legacy,NL0 30,1,0.0,53935.51759343587,53935.517593435754
12,NL0 31 0 onwind,legacy,NL0 31,1,0.0,53935.51759343587,53935.517593435754
12,NL0 4 0 onwind,legacy,NL0 4,1,0.0,53935.51759343587,53935.517593435754
12,NL0 5 0 onwind,legacy,NL0 5,1,0.0,53935.51759343587,53935.517593435754
12,NL0 6 0 onwind,legacy,NL0 6,1,0.0,53935.51759343587,53935.517593435754
12,NL0 7 0 onwind,legacy,NL0 7,1,0.0,53935.51759343587,53935.517593435754
12,NL0 8 0 onwind,legacy,NL0 8,1,0.0,53935.51759343587,53935.517593435754
12,NL0 9 0 onwind,legacy,NL0 9,1,0.0,53935.51759343587,53935.517593435754
13,NL0 0 Invest,investable,NL0 0,1,0.0,53935.51759343587,59329.06935292875
13,NL0 1 Invest,investable,NL0 1,1,1000.0,53935.51759343587,53935.51759357159
13,NL0 10 Invest,investable,NL0 10,1,0.0,53935.51759343587,59329.06935292875
13,NL0 11 Invest,investable,NL0 11,1,1000.0,53935.51759343587,53935.51759357159
13,NL0 12 Invest,investable,NL0 12,1,1000.0,53935.51759343587,53935.51759343562
13,NL0 13 Invest,investable,NL0 13,1,1000.0,53935.51759343587,53935.51759357159
13,NL0 14 Invest,investable,NL0 14,1,1000.0,53935.51759343587,53935.51759343575
13,NL0 15 Invest,investable,NL0 15,1,1000.0,53935.51759343587,53935.51759343575
13,NL0 16 Invest,investable,NL0 16,1,0.0,53935.51759343587,59329.06935292875
13,NL0 17 Invest,investable,NL0 17,1,0.0,53935.51759343587,59329.06935292875
13,NL0 18 Invest,investable,NL0 18,1,0.0,53935.51759343587,59329.06935292875
13,NL0 19 Invest,investable,NL0 19,1,1000.0,53935.51759343587,53935.51759343575
13,NL0 2 Invest,investable,NL0 2,1,1000.0,53935.51759343587,53935.51759343575
13,NL0 20 Invest,investable,NL0 20,1,0.0,53935.51759343587,59329.06935292875
13,NL0 21 Invest,investable,NL0 21,1,0.0,53935.51759343587,59329.06935292875
13,NL0 22 Invest,investable,NL0 22,1,0.0,53935.51759343587,53935.51759357159
13,NL0 23 Invest,investable,NL0 23,1,0.0,53935.51759343587,59329.06935292875
13,NL0 24 Invest,investable,NL0 24,1,0.0,53935.51759343587,59329.06935292875
13,NL0 25 Invest,investable,NL0 25,1,1000.0,53935.51759343587,53935.51759343575
13,NL0 26 Invest,investable,NL0 26,1,1000.0,53935.51759343587,53935.51759343575
13,NL0 27 Invest,investable,NL0 27,1,0.0,53935.51759343587,59329.06935292875
13,NL0 28 Invest,investable,NL0 28,1,1000.0,53935.51759343587,53935.51759343575
13,NL0 3 Invest,investable,NL0 3,1,0.0,53935.51759343587,59329.06935292875
13,NL0 30 Invest,investable,NL0 30,1,0.0,53935.51759343587,59329.06935292875
13,NL0 31 Invest,investable,NL0 31,1,1000.0,53935.51759343587,53935.51759343575
13,NL0 33 Invest,investable,NL0 33,1,0.0,53935.51759343587,59329.06935292875
13,NL0 4 Invest,investable,NL0 4,1,1000.0,53935.51759343587,53935.51759343575
13,NL0 5 Invest,investable,NL0 5,1,0.0,53935.51759343587,53935.51759357159
13,NL0 6 Invest,investable,NL0 6,1,634.5076028511185,53935.51759343587,53935.51759357159
13,NL0 7 Invest,investable,NL0 7,1,0.0,53935.51759343587,53935.51759357159
13,NL0 8 Invest,investable,NL0 8,1,0.0,53935.51759343587,59329.06935292875
13,NL0 9 Invest,investable,NL0 9,1,1000.0,53935.51759343587,53935.51759357159
13,NL0 1 biomass,legacy,NL0 1,1,71.0,53935.51759343587,53935.51759343587
13,NL0 1 waste,legacy,NL0 1,1,31.0,53935.51759343587,53935.51759343587
13,NL0 10 waste,legacy,NL0 10,1,150.0,53935.51759343587,53935.51759343587
13,NL0 11 biomass,legacy,NL0 11,1,20.0,53935.51759343587,53935.51759343587
13,NL0 11 waste,legacy,NL0 11,1,50.0,53935.51759343587,53935.51759343587
13,NL0 13 biomass,legacy,NL0 13,1,77.0,53935.51759343587,53935.51759343587
13,NL0 19 biomass,legacy,NL0 19,1,49.0,53935.51759343587,53935.51759343587
13,NL0 19 waste,legacy,NL0 19,1,36.0,53935.51759343587,53935.51759343587
13,NL0 22 biomass,legacy,NL0 22,1,500.0,53935.51759343587,53935.51759343587
13,NL0 25 waste,legacy,NL0 25,1,54.0,53935.51759343587,53935.51759343587
13,NL0 27 biomass,legacy,NL0 27,1,22.0,53935.51759343587,53935.51759343587
13,NL0 27 waste,legacy,NL0 27,1,71.2,53935.51759343587,53935.51759343587
13,NL0 3 biomass,legacy,NL0 3,1,22.0,53935.51759343587,53935.51759343587
13,NL0 3 waste,legacy,NL0 3,1,108.0,53935.51759343587,53935.51759343587
13,NL0 30 biomass,legacy,NL0 30,1,60.0,53935.51759343587,53935.51759343587
13,NL0 7 nuclear,legacy,NL0 7,1,515.0,53935.51759343587,53935.51759343587
13,NL0 7 waste,legacy,NL0 7,1,39.0,53935.51759343587,53935.51759343587
13,NL0 8 biomass,legacy,NL0 8,1,36.0,53935.51759343587,53935.51759343587
13,NL0 8 waste,legacy,NL0 8,1,157.0,53935.51759343587,53935.51759343587
13,NL0 9 biomass,legacy,NL0 9,1,20.0,53935.51759343587,53935.51759343587
13,NL0 0 0 solar,legacy,NL0 0,1,0.0,53935.51759343587,53935.517593435754
13,NL0 1 0 solar,legacy,NL0 1,1,0.0,53935.51759343587,53935.517593435754
13,NL0 10 0 solar,legacy,NL0 10,1,0.0,53935.51759343587,53935.517593435754
13,NL0 11 0 solar,legacy,NL0 11,1,0.0,53935.51759343587,53935.517593435754
13,NL0 12 0 solar,legacy,NL0 12,1,0.0,53935.51759343587,53935.517593435754
13,NL0 13 0 solar,legacy,NL0 13,1,0.0,53935.51759343587,53935.517593435754
13,NL0 14 0 solar,legacy,NL0 14,1,0.0,53935.51759343587,53935.517593435754
13,NL0 15 0 solar,legacy,NL0 15,1,0.0,53935.51759343587,53935.517593435754
13,NL0 16 0 solar,legacy,NL0 16,1,0.0,53935.51759343587,53935.517593435754
13,NL0 17 0 solar,legacy,NL0 17,1,0.0,53935.51759343587,53935.517593435754
13,NL0 18 0 solar,legacy,NL0 18,1,0.0,53935.51759343587,53935.517593435754
13,NL0 19 0 solar,legacy,NL0 19,1,0.0,53935.51759343587,53935.517593435754
13,NL0 2 0 solar,legacy,NL0 2,1,0.0,53935.51759343587,53935.517593435754
13,NL0 20 0 solar,legacy,NL0 20,1,0.0,53935.51759343587,53935.517593435754
13,NL0 21 0 solar,legacy,NL0 21,1,0.0,53935.51759343587,53935.517593435754
13,NL0 22 0 solar,legacy,NL0 22,1,0.0,53935.51759343587,53935.517593435754
13,NL0 23 0 solar,legacy,NL0 23,1,0.0,53935.51759343587,53935.517593435754
13,NL0 24 0 solar,legacy,NL0 24,1,0.0,53935.51759343587,53935.517593435754
13,NL0 25 0 solar,legacy,NL0 25,1,0.0,53935.51759343587,53935.517593435754
13,NL0 26 0 solar,legacy,NL0 26,1,0.0,53935.51759343587,53935.517593435754
13,NL0 27 0 solar,legacy,NL0 27,1,0.0,53935.51759343587,53935.517593435754
13,NL0 28 0 solar,legacy,NL0 28,1,0.0,53935.51759343587,53935.517593435754
13,NL0 3 0 solar,legacy,NL0 3,1,0.0,53935.51759343587,53935.517593435754
13,NL0 30 0 solar,legacy,NL0 30,1,0.0,53935.51759343587,53935.517593435754
13,NL0 31 0 solar,legacy,NL0 31,1,0.0,53935.51759343587,53935.517593435754
13,NL0 4 0 solar,legacy,NL0 4,1,0.0,53935.51759343587,53935.517593435754
13,NL0 5 0 solar,legacy,NL0 5,1,0.0,53935.51759343587,53935.517593435754
13,NL0 6 0 solar,legacy,NL0 6,1,0.0,53935.51759343587,53935.517593435754
13,NL0 7 0 solar,legacy,NL0 7,1,0.0,53935.51759343587,53935.517593435754
13,NL0 8 0 solar,legacy,NL0 8,1,0.0,53935.51759343587,53935.517593435754
13,NL0 9 0 solar,legacy,NL0 9,1,0.0,53935.51759343587,53935.517593435754
13,NL0 20 0 offwind-ac,legacy,NL0 20,1,0.0,53935.51759343587,53935.517593435754
13,NL0 27 0 offwind-ac,legacy,NL0 27,1,0.0,53935.51759343587,53935.517593435754
13,NL0 31 0 offwind-ac,legacy,NL0 31,1,0.0,53935.51759343587,53935.517593435754
13,NL0 32 0 offwind-ac,legacy,NL0 32,1,0.0,53935.51759343587,53935.517593435754
13,NL0 7 0 offwind-ac,legacy,NL0 7,1,0.0,53935.51759343587,53935.517593435754
13,NL0 0 0 onwind,legacy,NL0 0,1,0.0,53935.51759343587,53935.517593435754
13,NL0 1 0 onwind,legacy,NL0 1,1,0.0,53935.51759343587,53935.517593435754
13,NL0 10 0 onwind,legacy,NL0 10,1,0.0,53935.51759343587,53935.517593435754
13,NL0 11 0 onwind,legacy,NL0 11,1,0.0,53935.51759343587,53935.517593435754
13,NL0 12 0 onwind,legacy,NL0 12,1,0.0,53935.51759343587,53935.517593435754
13,NL0 13 0 onwind,legacy,NL0 13,1,0.0,53935.51759343587,53935.517593435754
13,NL0 14 0 onwind,legacy,NL0 14,1,0.0,53935.51759343587,53935.517593435754
13,NL0 15 0 onwind,legacy,NL0 15,1,0.0,53935.51759343587,53935.517593435754
13,NL0 17 0 onwind,legacy,NL0 17,1,0.0,53935.51759343587,53935.517593435754
13,NL0 19 0 onwind,legacy,NL0 19,1,0.0,53935.51759343587,53935.517593435754
13,NL0 2 0 onwind,legacy,NL0 2,1,0.0,53935.51759343587,53935.517593435754
13,NL0 20 0 onwind,legacy,NL0 20,1,0.0,53935.51759343587,53935.517593435754
13,NL0 21 0 onwind,legacy,NL0 21,1,0.0,53935.51759343587,53935.517593435754
13,NL0 22 0 onwind,legacy,NL0 22,1,0.0,53935.51759343587,53935.517593435754
13,NL0 23 0 onwind,legacy,NL0 23,1,0.0,53935.51759343587,53935.517593435754
13,NL0 24 0 onwind,legacy,NL0 24,1,0.0,53935.51759343587,53935.517593435754
13,NL0 27 0 onwind,legacy,NL0 27,1,0.0,53935.51759343587,53935.517593435754
13,NL0 3 0 onwind,legacy,NL0 3,1,0.0,53935.51759343587,53935.517593435754
13,NL0 30 0 onwind,legacy,NL0 30,1,0.0,53935.51759343587,53935.517593435754
13,NL0 31 0 onwind,legacy,NL0 31,1,0.0,53935.51759343587,53935.517593435754
13,NL0 4 0 onwind,legacy,NL0 4,1,0.0,53935.51759343587,53935.517593435754
13,NL0 5 0 onwind,legacy,NL0 5,1,0.0,53935.51759343587,53935.517593435754
13,NL0 6 0 onwind,legacy,NL0 6,1,0.0,53935.51759343587,53935.517593435754
13,NL0 7 0 onwind,legacy,NL0 7,1,0.0,53935.51759343587,53935.517593435754
13,NL0 8 0 onwind,legacy,NL0 8,1,0.0,53935.51759343587,53935.517593435754
13,NL0 9 0 onwind,legacy,NL0 9,1,0.0,53935.51759343587,53935.517593435754
14,NL0 0 Invest,investable,NL0 0,1,0.0,53935.51759343587,59329.06935292875
14,NL0 1 Invest,investable,NL0 1,1,0.0,53935.51759343587,53935.51759357159
14,NL0 10 Invest,investable,NL0 10,1,0.0,53935.51759343587,59329.06935292875
14,NL0 11 Invest,investable,NL0 11,1,0.0,53935.51759343587,53935.51759357159
14,NL0 12 Invest,investable,NL0 12,1,1000.0,53935.51759343587,53935.51759343562
14,NL0 13 Invest,investable,NL0 13,1,0.0,53935.51759343587,53935.51759357159
14,NL0 14 Invest,investable,NL0 14,1,1000.0,53935.51759343587,53935.51759343575
14,NL0 15 Invest,investable,NL0 15,1,1000.0,53935.51759343587,53935.51759343575
14,NL0 16 Invest,investable,NL0 16,1,0.0,53935.51759343587,59329.06935292875
14,NL0 17 Invest,investable,NL0 17,1,0.0,53935.51759343587,59329.06935292875
14,NL0 18 Invest,investable,NL0 18,1,0.0,53935.51759343587,59329.06935292875
14,NL0 19 Invest,investable,NL0 19,1,1000.0,53935.51759343587,53935.51759343575
14,NL0 2 Invest,investable,NL0 2,1,1000.0,53935.51759343587,53935.51759343575
14,NL0 20 Invest,investable,NL0 20,1,0.0,53935.51759343587,59329.06935292875
14,NL0 21 Invest,investable,NL0 21,1,0.0,53935.51759343587,59329.06935292875
14,NL0 22 Invest,investable,NL0 22,1,1000.0,53935.51759343587,53935.51759357159
14,NL0 23 Invest,investable,NL0 23,1,0.0,53935.51759343587,59329.06935292875
14,NL0 24 Invest,investable,NL0 24,1,0.0,53935.51759343587,59329.06935292875
14,NL0 25 Invest,investable,NL0 25,1,1000.0,53935.51759343587,53935.51759343575
14,NL0 26 Invest,investable,NL0 26,1,1000.0,53935.51759343587,53935.51759343575
14,NL0 27 Invest,investable,NL0 27,1,0.0,53935.51759343587,59329.06935292875
14,NL0 28 Invest,investable,NL0 28,1,1000.0,53935.51759343587,53935.51759343575
14,NL0 3 Invest,investable,NL0 3,1,0.0,53935.51759343587,59329.06935292875
14,NL0 30 Invest,investable,NL0 30,1,0.0,53935.51759343587,59329.06935292875
14,NL0 31 Invest,investable,NL0 31,1,1000.0,53935.51759343587,53935.51759343575
14,NL0 33 Invest,investable,NL0 33,1,0.0,53935.51759343587,59329.06935292875
14,NL0 4 Invest,investable,NL0 4,1,1000.0,53935.51759343587,53935.51759343575
14,NL0 5 Invest,investable,NL0 5,1,1000.0,53935.51759343587,53935.51759357159
14,NL0 6 Invest,investable,NL0 6,1,1000.0,53935.51759343587,53935.51759357159
14,NL0 7 Invest,investable,NL0 7,1,1000.0,53935.51759343587,53935.51759357159
14,NL0 8 Invest,investable,NL0 8,1,0.0,53935.51759343587,59329.06935292875
14,NL0 9 Invest,investable,NL0 9,1,634.5076028511185,53935.51759343587,53935.51759357159
14,NL0 1 biomass,legacy,NL0 1,1,71.0,53935.51759343587,53935.51759343587
14,NL0 1 waste,legacy,NL0 1,1,31.0,53935.51759343587,53935.51759343587
14,NL0 10 waste,legacy,NL0 10,1,150.0,53935.51759343587,53935.51759343587
14,NL0 11 biomass,legacy,NL0 11,1,20.0,53935.51759343587,53935.51759343587
14,NL0 11 waste,legacy,NL0 11,1,50.0,53935.51759343587,53935.51759343587
14,NL0 13 biomass,legacy,NL0 13,1,77.0,53935.51759343587,53935.51759343587
14,NL0 19 biomass,legacy,NL0 19,1,49.0,53935.51759343587,53935.51759343587
14,NL0 19 waste,legacy,NL0 19,1,36.0,53935.51759343587,53935.51759343587
14,NL0 22 biomass,legacy,NL0 22,1,500.0,53935.51759343587,53935.51759343587
14,NL0 25 waste,legacy,NL0 25,1,54.0,53935.51759343587,53935.51759343587
14,NL0 27 biomass,legacy,NL0 27,1,22.0,53935.51759343587,53935.51759343587
14,NL0 27 waste,legacy,NL0 27,1,71.2,53935.51759343587,53935.51759343587
14,NL0 3 biomass,legacy,NL0 3,1,22.0,53935.51759343587,53935.51759343587
14,NL0 3 waste,legacy,NL0 3,1,108.0,53935.51759343587,53935.51759343587
14,NL0 30 biomass,legacy,NL0 30,1,60.0,53935.51759343587,53935.51759343587
14,NL0 7 nuclear,legacy,NL0 7,1,515.0,53935.51759343587,53935.51759343587
14,NL0 7 waste,legacy,NL0 7,1,39.0,53935.51759343587,53935.51759343587
14,NL0 8 biomass,legacy,NL0 8,1,36.0,53935.51759343587,53935.51759343587
14,NL0 8 waste,legacy,NL0 8,1,157.0,53935.51759343587,53935.51759343587
14,NL0 9 biomass,legacy,NL0 9,1,20.0,53935.51759343587,53935.51759343587
14,NL0 0 0 solar,legacy,NL0 0,1,0.0,53935.51759343587,53935.517593435754
14,NL0 1 0 solar,legacy,NL0 1,1,0.0,53935.51759343587,53935.517593435754
14,NL0 10 0 solar,legacy,NL0 10,1,0.0,53935.51759343587,53935.517593435754
14,NL0 11 0 solar,legacy,NL0 11,1,0.0,53935.51759343587,53935.517593435754
14,NL0 12 0 solar,legacy,NL0 12,1,0.0,53935.51759343587,53935.517593435754
14,NL0 13 0 solar,legacy,NL0 13,1,0.0,53935.51759343587,53935.517593435754
14,NL0 14 0 solar,legacy,NL0 14,1,0.0,53935.51759343587,53935.517593435754
14,NL0 15 0 solar,legacy,NL0 15,1,0.0,53935.51759343587,53935.517593435754
14,NL0 16 0 solar,legacy,NL0 16,1,0.0,53935.51759343587,53935.517593435754
14,NL0 17 0 solar,legacy,NL0 17,1,0.0,53935.51759343587,53935.517593435754
14,NL0 18 0 solar,legacy,NL0 18,1,0.0,53935.51759343587,53935.517593435754
14,NL0 19 0 solar,legacy,NL0 19,1,0.0,53935.51759343587,53935.517593435754
14,NL0 2 0 solar,legacy,NL0 2,1,0.0,53935.51759343587,53935.517593435754
14,NL0 20 0 solar,legacy,NL0 20,1,0.0,53935.51759343587,53935.517593435754
14,NL0 21 0 solar,legacy,NL0 21,1,0.0,53935.51759343587,53935.517593435754
14,NL0 22 0 solar,legacy,NL0 22,1,0.0,53935.51759343587,53935.517593435754
14,NL0 23 0 solar,legacy,NL0 23,1,0.0,53935.51759343587,53935.517593435754
14,NL0 24 0 solar,legacy,NL0 24,1,0.0,53935.51759343587,53935.517593435754
14,NL0 25 0 solar,legacy,NL0 25,1,0.0,53935.51759343587,53935.517593435754
14,NL0 26 0 solar,legacy,NL0 26,1,0.0,53935.51759343587,53935.517593435754
14,NL0 27 0 solar,legacy,NL0 27,1,0.0,53935.51759343587,53935.517593435754
14,NL0 28 0 solar,legacy,NL0 28,1,0.0,53935.51759343587,53935.517593435754
14,NL0 3 0 solar,legacy,NL0 3,1,0.0,53935.51759343587,53935.517593435754
14,NL0 30 0 solar,legacy,NL0 30,1,0.0,53935.51759343587,53935.517593435754
14,NL0 31 0 solar,legacy,NL0 31,1,0.0,53935.51759343587,53935.517593435754
14,NL0 4 0 solar,legacy,NL0 4,1,0.0,53935.51759343587,53935.517593435754
14,NL0 5 0 solar,legacy,NL0 5,1,0.0,53935.51759343587,53935.517593435754
14,NL0 6 0 solar,legacy,NL0 6,1,0.0,53935.51759343587,53935.517593435754
14,NL0 7 0 solar,legacy,NL0 7,1,0.0,53935.51759343587,53935.517593435754
14,NL0 8 0 solar,legacy,NL0 8,1,0.0,53935.51759343587,53935.517593435754
14,NL0 9 0 solar,legacy,NL0 9,1,0.0,53935.51759343587,53935.517593435754
14,NL0 20 0 offwind-ac,legacy,NL0 20,1,0.0,53935.51759343587,53935.517593435754
14,NL0 27 0 offwind-ac,legacy,NL0 27,1,0.0,53935.51759343587,53935.517593435754
14,NL0 31 0 offwind-ac,legacy,NL0 31,1,0.0,53935.51759343587,53935.517593435754
14,NL0 32 0 offwind-ac,legacy,NL0 32,1,0.0,53935.51759343587,53935.517593435754
14,NL0 7 0 offwind-ac,legacy,NL0 7,1,0.0,53935.51759343587,53935.517593435754
14,NL0 0 0 onwind,legacy,NL0 0,1,0.0,53935.51759343587,53935.517593435754
14,NL0 1 0 onwind,legacy,NL0 1,1,0.0,53935.51759343587,53935.517593435754
14,NL0 10 0 onwind,legacy,NL0 10,1,0.0,53935.51759343587,53935.517593435754
14,NL0 11 0 onwind,legacy,NL0 11,1,0.0,53935.51759343587,53935.517593435754
14,NL0 12 0 onwind,legacy,NL0 12,1,0.0,53935.51759343587,53935.517593435754
14,NL0 13 0 onwind,legacy,NL0 13,1,0.0,53935.51759343587,53935.517593435754
14,NL0 14 0 onwind,legacy,NL0 14,1,0.0,53935.51759343587,53935.517593435754
14,NL0 15 0 onwind,legacy,NL0 15,1,0.0,53935.51759343587,53935.517593435754
14,NL0 17 0 onwind,legacy,NL0 17,1,0.0,53935.51759343587,53935.517593435754
14,NL0 19 0 onwind,legacy,NL0 19,1,0.0,53935.51759343587,53935.517593435754
14,NL0 2 0 onwind,legacy,NL0 2,1,0.0,53935.51759343587,53935.517593435754
14,NL0 20 0 onwind,legacy,NL0 20,1,0.0,53935.51759343587,53935.517593435754
14,NL0 21 0 onwind,legacy,NL0 21,1,0.0,53935.51759343587,53935.517593435754
14,NL0 22 0 onwind,legacy,NL0 22,1,0.0,53935.51759343587,53935.517593435754
14,NL0 23 0 onwind,legacy,NL0 23,1,0.0,53935.51759343587,53935.517593435754
14,NL0 24 0 onwind,legacy,NL0 24,1,0.0,53935.51759343587,53935.517593435754
14,NL0 27 0 onwind,legacy,NL0 27,1,0.0,53935.51759343587,53935.517593435754
14,NL0 3 0 onwind,legacy,NL0 3,1,0.0,53935.51759343587,53935.517593435754
14,NL0 30 0 onwind,legacy,NL0 30,1,0.0,53935.51759343587,53935.517593435754
14,NL0 31 0 onwind,legacy,NL0 31,1,0.0,53935.51759343587,53935.517593435754
14,NL0 4 0 onwind,legacy,NL0 4,1,0.0,53935.51759343587,53935.517593435754
14,NL0 5 0 onwind,legacy,NL0 5,1,0.0,53935.51759343587,53935.517593435754
14,NL0 6 0 onwind,legacy,NL0 6,1,0.0,53935.51759343587,53935.517593435754
14,NL0 7 0 onwind,legacy,NL0 7,1,0.0,53935.51759343587,53935.517593435754
14,NL0 8 0 onwind,legacy,NL0 8,1,0.0,53935.51759343587,53935.517593435754
14,NL0 9 0 onwind,legacy,NL0 9,1,0.0,53935.51759343587,53935.517593435754
15,NL0 0 Invest,investable,NL0 0,1,0.0,53935.51759343587,59329.06935292875
15,NL0 1 Invest,investable,NL0 1,1,1000.0,53935.51759343587,53935.51759357159
15,NL0 10 Invest,investable,NL0 10,1,0.0,53935.51759343587,59329.06935292875
15,NL0 11 Invest,investable,NL0 11,1,1000.0,53935.51759343587,53935.51759357159
15,NL0 12 Invest,investable,NL0 12,1,1000.0,53935.51759343587,53935.51759343562
15,NL0 13 Invest,investable,NL0 13,1,1000.0,53935.51759343587,53935.51759357159
15,NL0 14 Invest,investable,NL0 14,1,1000.0,53935.51759343587,53935.51759343575
15,NL0 15 Invest,investable,NL0 15,1,1000.0,53935.51759343587,53935.51759343575
15,NL0 16 Invest,investable,NL0 16,1,0.0,53935.51759343587,59329.06935292875
15,NL0 17 Invest,investable,NL0 17,1,0.0,53935.51759343587,59329.06935292875
15,NL0 18 Invest,investable,NL0 18,1,0.0,53935.51759343587,59329.06935292875
15,NL0 19 Invest,investable,NL0 19,1,1000.0,53935.51759343587,53935.51759343575
15,NL0 2 Invest,investable,NL0 2,1,1000.0,53935.51759343587,53935.51759343575
15,NL0 20 Invest,investable,NL0 20,1,0.0,53935.51759343587,59329.06935292875
15,NL0 21 Invest,investable,NL0 21,1,0.0,53935.51759343587,59329.06935292875
15,NL0 22 Invest,investable,NL0 22,1,0.0,53935.51759343587,53935.51759357159
15,NL0 23 Invest,investable,NL0 23,1,0.0,53935.51759343587,59329.06935292875
15,NL0 24 Invest,investable,NL0 24,1,0.0,53935.51759343587,59329.06935292875
15,NL0 25 Invest,investable,NL0 25,1,1000.0,53935.51759343587,53935.51759343575
15,NL0 26 Invest,investable,NL0 26,1,1000.0,53935.51759343587,53935.51759343575
15,NL0 27 Invest,investable,NL0 27,1,0.0,53935.51759343587,59329.06935292875
15,NL0 28 Invest,investable,NL0 28,1,1000.0,53935.51759343587,53935.51759343575
15,NL0 3 Invest,investable,NL0 3,1,0.0,53935.51759343587,59329.06935292875
15,NL0 30 Invest,investable,NL0 30,1,0.0,53935.51759343587,59329.06935292875
15,NL0 31 Invest,investable,NL0 31,1,1000.0,53935.51759343587,53935.51759343575
15,NL0 33 Invest,investable,NL0 33,1,0.0,53935.51759343587,59329.06935292875
15,NL0 4 Invest,investable,NL0 4,1,1000.0,53935.51759343587,53935.51759343575
15,NL0 5 Invest,investable,NL0 5,1,0.0,53935.51759343587,53935.51759357159
15,NL0 6 Invest,investable,NL0 6,1,634.5076028511185,53935.51759343587,53935.51759357159
15,NL0 7 Invest,investable,NL0 7,1,0.0,53935.51759343587,53935.51759357159
15,NL0 8 Invest,investable,NL0 8,1,0.0,53935.51759343587,59329.06935292875
15,NL0 9 Invest,investable,NL0 9,1,1000.0,53935.51759343587,53935.51759357159
15,NL0 1 biomass,legacy,NL0 1,1,71.0,53935.51759343587,53935.51759343587
15,NL0 1 waste,legacy,NL0 1,1,31.0,53935.51759343587,53935.51759343587
15,NL0 10 waste,legacy,NL0 10,1,150.0,53935.51759343587,53935.51759343587
15,NL0 11 biomass,legacy,NL0 11,1,20.0,53935.51759343587,53935.51759343587
15,NL0 11 waste,legacy,NL0 11,1,50.0,53935.51759343587,53935.51759343587
15,NL0 13 biomass,legacy,NL0 13,1,77.0,53935.51759343587,53935.51759343587
15,NL0 19 biomass,legacy,NL0 19,1,49.0,53935.51759343587,53935.51759343587
15,NL0 19 waste,legacy,NL0 19,1,36.0,53935.51759343587,53935.51759343587
15,NL0 22 biomass,legacy,NL0 22,1,500.0,53935.51759343587,53935.51759343587
15,NL0 25 waste,legacy,NL0 25,1,54.0,53935.51759343587,53935.51759343587
15,NL0 27 biomass,legacy,NL0 27,1,22.0,53935.51759343587,53935.51759343587
15,NL0 27 waste,legacy,NL0 27,1,71.2,53935.51759343587,53935.51759343587
15,NL0 3 biomass,legacy,NL0 3,1,22.0,53935.51759343587,53935.51759343587
15,NL0 3 waste,legacy,NL0 3,1,108.0,53935.51759343587,53935.51759343587
15,NL0 30 biomass,legacy,NL0 30,1,60.0,53935.51759343587,53935.51759343587
15,NL0 7 nuclear,legacy,NL0 7,1,515.0,53935.51759343587,53935.51759343587
15,NL0 7 waste,legacy,NL0 7,1,39.0,53935.51759343587,53935.51759343587
15,NL0 8 biomass,legacy,NL0 8,1,36.0,53935.51759343587,53935.51759343587
15,NL0 8 waste,legacy,NL0 8,1,157.0,53935.51759343587,53935.51759343587
15,NL0 9 biomass,legacy,NL0 9,1,20.0,53935.51759343587,53935.51759343587
15,NL0 0 0 solar,legacy,NL0 0,1,0.0,53935.51759343587,53935.517593435754
15,NL0 1 0 solar,legacy,NL0 1,1,0.0,53935.51759343587,53935.517593435754
15,NL0 10 0 solar,legacy,NL0 10,1,0.0,53935.51759343587,53935.517593435754
15,NL0 11 0 solar,legacy,NL0 11,1,0.0,53935.51759343587,53935.517593435754
15,NL0 12 0 solar,legacy,NL0 12,1,0.0,53935.51759343587,53935.517593435754
15,NL0 13 0 solar,legacy,NL0 13,1,0.0,53935.51759343587,53935.517593435754
15,NL0 14 0 solar,legacy,NL0 14,1,0.0,53935.51759343587,53935.517593435754
15,NL0 15 0 solar,legacy,NL0 15,1,0.0,53935.51759343587,53935.517593435754
15,NL0 16 0 solar,legacy,NL0 16,1,0.0,53935.51759343587,53935.517593435754
15,NL0 17 0 solar,legacy,NL0 17,1,0.0,53935.51759343587,53935.517593435754
15,NL0 18 0 solar,legacy,NL0 18,1,0.0,53935.51759343587,53935.517593435754
15,NL0 19 0 solar,legacy,NL0 19,1,0.0,53935.51759343587,53935.517593435754
15,NL0 2 0 solar,legacy,NL0 2,1,0.0,53935.51759343587,53935.517593435754
15,NL0 20 0 solar,legacy,NL0 20,1,0.0,53935.51759343587,53935.517593435754
15,NL0 21 0 solar,legacy,NL0 21,1,0.0,53935.51759343587,53935.517593435754
15,NL0 22 0 solar,legacy,NL0 22,1,0.0,53935.51759343587,53935.517593435754
15,NL0 23 0 solar,legacy,NL0 23,1,0.0,53935.51759343587,53935.517593435754
15,NL0 24 0 solar,legacy,NL0 24,1,0.0,53935.51759343587,53935.517593435754
15,NL0 25 0 solar,legacy,NL0 25,1,0.0,53935.51759343587,53935.517593435754
15,NL0 26 0 solar,legacy,NL0 26,1,0.0,53935.51759343587,53935.517593435754
15,NL0 27 0 solar,legacy,NL0 27,1,0.0,53935.51759343587,53935.517593435754
15,NL0 28 0 solar,legacy,NL0 28,1,0.0,53935.51759343587,53935.517593435754
15,NL0 3 0 solar,legacy,NL0 3,1,0.0,53935.51759343587,53935.517593435754
15,NL0 30 0 solar,legacy,NL0 30,1,0.0,53935.51759343587,53935.517593435754
15,NL0 31 0 solar,legacy,NL0 31,1,0.0,53935.51759343587,53935.517593435754
15,NL0 4 0 solar,legacy,NL0 4,1,0.0,53935.51759343587,53935.517593435754
15,NL0 5 0 solar,legacy,NL0 5,1,0.0,53935.51759343587,53935.517593435754
15,NL0 6 0 solar,legacy,NL0 6,1,0.0,53935.51759343587,53935.517593435754
15,NL0 7 0 solar,legacy,NL0 7,1,0.0,53935.51759343587,53935.517593435754
15,NL0 8 0 solar,legacy,NL0 8,1,0.0,53935.51759343587,53935.517593435754
15,NL0 9 0 solar,legacy,NL0 9,1,0.0,53935.51759343587,53935.517593435754
15,NL0 20 0 offwind-ac,legacy,NL0 20,1,0.0,53935.51759343587,53935.517593435754
15,NL0 27 0 offwind-ac,legacy,NL0 27,1,0.0,53935.51759343587,53935.517593435754
15,NL0 31 0 offwind-ac,legacy,NL0 31,1,0.0,53935.51759343587,53935.517593435754
15,NL0 32 0 offwind-ac,legacy,NL0 32,1,0.0,53935.51759343587,53935.517593435754
15,NL0 7 0 offwind-ac,legacy,NL0 7,1,0.0,53935.51759343587,53935.517593435754
15,NL0 0 0 onwind,legacy,NL0 0,1,0.0,53935.51759343587,53935.517593435754
15,NL0 1 0 onwind,legacy,NL0 1,1,0.0,53935.51759343587,53935.517593435754
15,NL0 10 0 onwind,legacy,NL0 10,1,0.0,53935.51759343587,53935.517593435754
15,NL0 11 0 onwind,legacy,NL0 11,1,0.0,53935.51759343587,53935.517593435754
15,NL0 12 0 onwind,legacy,NL0 12,1,0.0,53935.51759343587,53935.517593435754
15,NL0 13 0 onwind,legacy,NL0 13,1,0.0,53935.51759343587,53935.517593435754
15,NL0 14 0 onwind,legacy,NL0 14,1,0.0,53935.51759343587,53935.517593435754
15,NL0 15 0 onwind,legacy,NL0 15,1,0.0,53935.51759343587,53935.517593435754
15,NL0 17 0 onwind,legacy,NL0 17,1,0.0,53935.51759343587,53935.517593435754
15,NL0 19 0 onwind,legacy,NL0 19,1,0.0,53935.51759343587,53935.517593435754
15,NL0 2 0 onwind,legacy,NL0 2,1,0.0,53935.51759343587,53935.517593435754
15,NL0 20 0 onwind,legacy,NL0 20,1,0.0,53935.51759343587,53935.517593435754
15,NL0 21 0 onwind,legacy,NL0 21,1,0.0,53935.51759343587,53935.517593435754
15,NL0 22 0 onwind,legacy,NL0 22,1,0.0,53935.51759343587,53935.517593435754
15,NL0 23 0 onwind,legacy,NL0 23,1,0.0,53935.51759343587,53935.517593435754
15,NL0 24 0 onwind,legacy,NL0 24,1,0.0,53935.51759343587,53935.517593435754
15,NL0 27 0 onwind,legacy,NL0 27,1,0.0,53935.51759343587,53935.517593435754
15,NL0 3 0 onwind,legacy,NL0 3,1,0.0,53935.51759343587,53935.517593435754
15,NL0 30 0 onwind,legacy,NL0 30,1,0.0,53935.51759343587,53935.517593435754
15,NL0 31 0 onwind,legacy,NL0 31,1,0.0,53935.51759343587,53935.517593435754
15,NL0 4 0 onwind,legacy,NL0 4,1,0.0,53935.51759343587,53935.517593435754
15,NL0 5 0 onwind,legacy,NL0 5,1,0.0,53935.51759343587,53935.517593435754
15,NL0 6 0 onwind,legacy,NL0 6,1,0.0,53935.51759343587,53935.517593435754
15,NL0 7 0 onwind,legacy,NL0 7,1,0.0,53935.51759343587,53935.517593435754
15,NL0 8 0 onwind,legacy,NL0 8,1,0.0,53935.51759343587,53935.517593435754
15,NL0 9 0 onwind,legacy,NL0 9,1,0.0,53935.51759343587,53935.517593435754
16,NL0 0 Invest,investable,NL0 0,1,0.0,53935.51759343587,59329.06935292875
16,NL0 1 Invest,investable,NL0 1,1,0.0,53935.51759343587,53935.51759357159
16,NL0 10 Invest,investable,NL0 10,1,0.0,53935.51759343587,59329.06935292875
16,NL0 11 Invest,investable,NL0 11,1,0.0,53935.51759343587,53935.51759357159
16,NL0 12 Invest,investable,NL0 12,1,1000.0,53935.51759343587,53935.51759343562
16,NL0 13 Invest,investable,NL0 13,1,0.0,53935.51759343587,53935.51759357159
16,NL0 14 Invest,investable,NL0 14,1,1000.0,53935.51759343587,53935.51759343575
16,NL0 15 Invest,investable,NL0 15,1,1000.0,53935.51759343587,53935.51759343575
16,NL0 16 Invest,investable,NL0 16,1,0.0,53935.51759343587,59329.06935292875
16,NL0 17 Invest,investable,NL0 17,1,0.0,53935.51759343587,59329.06935292875
16,NL0 18 Invest,investable,NL0 18,1,0.0,53935.51759343587,59329.06935292875
16,NL0 19 Invest,investable,NL0 19,1,1000.0,53935.51759343587,53935.51759343575
16,NL0 2 Invest,investable,NL0 2,1,1000.0,53935.51759343587,53935.51759343575
16,NL0 20 Invest,investable,NL0 20,1,0.0,53935.51759343587,59329.06935292875
16,NL0 21 Invest,investable,NL0 21,1,0.0,53935.51759343587,59329.06935292875
16,NL0 22 Invest,investable,NL0 22,1,1000.0,53935.51759343587,53935.51759357159
16,NL0 23 Invest,investable,NL0 23,1,0.0,53935.51759343587,59329.06935292875
16,NL0 24 Invest,investable,NL0 24,1,0.0,53935.51759343587,59329.06935292875
16,NL0 25 Invest,investable,NL0 25,1,1000.0,53935.51759343587,53935.51759343575
16,NL0 26 Invest,investable,NL0 26,1,1000.0,53935.51759343587,53935.51759343575
16,NL0 27 Invest,investable,NL0 27,1,0.0,53935.51759343587,59329.06935292875
16,NL0 28 Invest,investable,NL0 28,1,1000.0,53935.51759343587,53935.51759343575
16,NL0 3 Invest,investable,NL0 3,1,0.0,53935.51759343587,59329.06935292875
16,NL0 30 Invest,investable,NL0 30,1,0.0,53935.51759343587,59329.06935292875
16,NL0 31 Invest,investable,NL0 31,1,1000.0,53935.51759343587,53935.51759343575
16,NL0 33 Invest,investable,NL0 33,1,0.0,53935.51759343587,59329.06935292875
16,NL0 4 Invest,investable,NL0 4,1,1000.0,53935.51759343587,53935.51759343575
16,NL0 5 Invest,investable,NL0 5,1,1000.0,53935.51759343587,53935.51759357159
16,NL0 6 Invest,investable,NL0 6,1,1000.0,53935.51759343587,53935.51759357159
16,NL0 7 Invest,investable,NL0 7,1,1000.0,53935.51759343587,53935.51759357159
16,NL0 8 Invest,investable,NL0 8,1,0.0,53935.51759343587,59329.06935292875
16,NL0 9 Invest,investable,NL0 9,1,634.5076028511185,53935.51759343587,53935.51759357159
16,NL0 1 biomass,legacy,NL0 1,1,71.0,53935.51759343587,53935.51759343587
16,NL0 1 waste,legacy,NL0 1,1,31.0,53935.51759343587,53935.51759343587
16,NL0 10 waste,legacy,NL0 10,1,150.0,53935.51759343587,53935.51759343587
16,NL0 11 biomass,legacy,NL0 11,1,20.0,53935.51759343587,53935.51759343587
16,NL0 11 waste,legacy,NL0 11,1,50.0,53935.51759343587,53935.51759343587
16,NL0 13 biomass,legacy,NL0 13,1,77.0,53935.51759343587,53935.51759343587
16,NL0 19 biomass,legacy,NL0 19,1,49.0,53935.51759343587,53935.51759343587
16,NL0 19 waste,legacy,NL0 19,1,36.0,53935.51759343587,53935.51759343587
16,NL0 22 biomass,legacy,NL0 22,1,500.0,53935.51759343587,53935.51759343587
16,NL0 25 waste,legacy,NL0 25,1,54.0,53935.51759343587,53935.51759343587
16,NL0 27 biomass,legacy,NL0 27,1,22.0,53935.51759343587,53935.51759343587
16,NL0 27 waste,legacy,NL0 27,1,71.2,53935.51759343587,53935.51759343587
16,NL0 3 biomass,legacy,NL0 3,1,22.0,53935.51759343587,53935.51759343587
16,NL0 3 waste,legacy,NL0 3,1,108.0,53935.51759343587,53935.51759343587
16,NL0 30 biomass,legacy,NL0 30,1,60.0,53935.51759343587,53935.51759343587
16,NL0 7 nuclear,legacy,NL0 7,1,515.0,53935.51759343587,53935.51759343587
16,NL0 7 waste,legacy,NL0 7,1,39.0,53935.51759343587,53935.51759343587
16,NL0 8 biomass,legacy,NL0 8,1,36.0,53935.51759343587,53935.51759343587
16,NL0 8 waste,legacy,NL0 8,1,157.0,53935.51759343587,53935.51759343587
16,NL0 9 biomass,legacy,NL0 9,1,20.0,53935.51759343587,53935.51759343587
16,NL0 0 0 solar,legacy,NL0 0,1,0.0,53935.51759343587,53935.517593435754
16,NL0 1 0 solar,legacy,NL0 1,1,0.0,53935.51759343587,53935.517593435754
16,NL0 10 0 solar,legacy,NL0 10,1,0.0,53935.51759343587,53935.517593435754
16,NL0 11 0 solar,legacy,NL0 11,1,0.0,53935.51759343587,53935.517593435754
16,NL0 12 0 solar,legacy,NL0 12,1,0.0,53935.51759343587,53935.517593435754
16,NL0 13 0 solar,legacy,NL0 13,1,0.0,53935.51759343587,53935.517593435754
16,NL0 14 0 solar,legacy,NL0 14,1,0.0,53935.51759343587,53935.517593435754
16,NL0 15 0 solar,legacy,NL0 15,1,0.0,53935.51759343587,53935.517593435754
16,NL0 16 0 solar,legacy,NL0 16,1,0.0,53935.51759343587,53935.517593435754
16,NL0 17 0 solar,legacy,NL0 17,1,0.0,53935.51759343587,53935.517593435754
16,NL0 18 0 solar,legacy,NL0 18,1,0.0,53935.51759343587,53935.517593435754
16,NL0 19 0 solar,legacy,NL0 19,1,0.0,53935.51759343587,53935.517593435754
16,NL0 2 0 solar,legacy,NL0 2,1,0.0,53935.51759343587,53935.517593435754
16,NL0 20 0 solar,legacy,NL0 20,1,0.0,53935.51759343587,53935.517593435754
16,NL0 21 0 solar,legacy,NL0 21,1,0.0,53935.51759343587,53935.517593435754
16,NL0 22 0 solar,legacy,NL0 22,1,0.0,53935.51759343587,53935.517593435754
16,NL0 23 0 solar,legacy,NL0 23,1,0.0,53935.51759343587,53935.517593435754
16,NL0 24 0 solar,legacy,NL0 24,1,0.0,53935.51759343587,53935.517593435754
16,NL0 25 0 solar,legacy,NL0 25,1,0.0,53935.51759343587,53935.517593435754
16,NL0 26 0 solar,legacy,NL0 26,1,0.0,53935.51759343587,53935.517593435754
16,NL0 27 0 solar,legacy,NL0 27,1,0.0,53935.51759343587,53935.517593435754
16,NL0 28 0 solar,legacy,NL0 28,1,0.0,53935.51759343587,53935.517593435754
16,NL0 3 0 solar,legacy,NL0 3,1,0.0,53935.51759343587,53935.517593435754
16,NL0 30 0 solar,legacy,NL0 30,1,0.0,53935.51759343587,53935.517593435754
16,NL0 31 0 solar,legacy,NL0 31,1,0.0,53935.51759343587,53935.517593435754
16,NL0 4 0 solar,legacy,NL0 4,1,0.0,53935.51759343587,53935.517593435754
16,NL0 5 0 solar,legacy,NL0 5,1,0.0,53935.51759343587,53935.517593435754
16,NL0 6 0 solar,legacy,NL0 6,1,0.0,53935.51759343587,53935.517593435754
16,NL0 7 0 solar,legacy,NL0 7,1,0.0,53935.51759343587,53935.517593435754
16,NL0 8 0 solar,legacy,NL0 8,1,0.0,53935.51759343587,53935.517593435754
16,NL0 9 0 solar,legacy,NL0 9,1,0.0,53935.51759343587,53935.517593435754
16,NL0 20 0 offwind-ac,legacy,NL0 20,1,0.0,53935.51759343587,53935.517593435754
16,NL0 27 0 offwind-ac,legacy,NL0 27,1,0.0,53935.51759343587,53935.517593435754
16,NL0 31 0 offwind-ac,legacy,NL0 31,1,0.0,53935.51759343587,53935.517593435754
16,NL0 32 0 offwind-ac,legacy,NL0 32,1,0.0,53935.51759343587,53935.517593435754
16,NL0 7 0 offwind-ac,legacy,NL0 7,1,0.0,53935.51759343587,53935.517593435754
16,NL0 0 0 onwind,legacy,NL0 0,1,0.0,53935.51759343587,53935.517593435754
16,NL0 1 0 onwind,legacy,NL0 1,1,0.0,53935.51759343587,53935.517593435754
16,NL0 10 0 onwind,legacy,NL0 10,1,0.0,53935.51759343587,53935.517593435754
16,NL0 11 0 onwind,legacy,NL0 11,1,0.0,53935.51759343587,53935.517593435754
16,NL0 12 0 onwind,legacy,NL0 12,1,0.0,53935.51759343587,53935.517593435754
16,NL0 13 0 onwind,legacy,NL0 13,1,0.0,53935.51759343587,53935.517593435754
16,NL0 14 0 onwind,legacy,NL0 14,1,0.0,53935.51759343587,53935.517593435754
16,NL0 15 0 onwind,legacy,NL0 15,1,0.0,53935.51759343587,53935.517593435754
16,NL0 17 0 onwind,legacy,NL0 17,1,0.0,53935.51759343587,53935.517593435754
16,NL0 19 0 onwind,legacy,NL0 19,1,0.0,53935.51759343587,53935.517593435754
16,NL0 2 0 onwind,legacy,NL0 2,1,0.0,53935.51759343587,53935.517593435754
16,NL0 20 0 onwind,legacy,NL0 20,1,0.0,53935.51759343587,53935.517593435754
16,NL0 21 0 onwind,legacy,NL0 21,1,0.0,53935.51759343587,53935.517593435754
16,NL0 22 0 onwind,legacy,NL0 22,1,0.0,53935.51759343587,53935.517593435754
16,NL0 23 0 onwind,legacy,NL0 23,1,0.0,53935.51759343587,53935.517593435754
16,NL0 24 0 onwind,legacy,NL0 24,1,0.0,53935.51759343587,53935.517593435754
16,NL0 27 0 onwind,legacy,NL0 27,1,0.0,53935.51759343587,53935.517593435754
16,NL0 3 0 onwind,legacy,NL0 3,1,0.0,53935.51759343587,53935.517593435754
16,NL0 30 0 onwind,legacy,NL0 30,1,0.0,53935.51759343587,53935.517593435754
16,NL0 31 0 onwind,legacy,NL0 31,1,0.0,53935.51759343587,53935.517593435754
16,NL0 4 0 onwind,legacy,NL0 4,1,0.0,53935.51759343587,53935.517593435754
16,NL0 5 0 onwind,legacy,NL0 5,1,0.0,53935.51759343587,53935.517593435754
16,NL0 6 0 onwind,legacy,NL0 6,1,0.0,53935.51759343587,53935.517593435754
16,NL0 7 0 onwind,legacy,NL0 7,1,0.0,53935.51759343587,53935.517593435754
16,NL0 8 0 onwind,legacy,NL0 8,1,0.0,53935.51759343587,53935.517593435754
16,NL0 9 0 onwind,legacy,NL0 9,1,0.0,53935.51759343587,53935.517593435754
17,NL0 0 Invest,investable,NL0 0,1,0.0,53935.51759343587,59329.06935292875
17,NL0 1 Invest,investable,NL0 1,1,0.0,53935.51759343587,53935.51759357159
17,NL0 10 Invest,investable,NL0 10,1,0.0,53935.51759343587,59329.06935292875
17,NL0 11 Invest,investable,NL0 11,1,0.0,53935.51759343587,53935.51759357159
17,NL0 12 Invest,investable,NL0 12,1,1000.0,53935.51759343587,53935.51759343562
17,NL0 13 Invest,investable,NL0 13,1,0.0,53935.51759343587,53935.51759357159
17,NL0 14 Invest,investable,NL0 14,1,1000.0,53935.51759343587,53935.51759343575
17,NL0 15 Invest,investable,NL0 15,1,1000.0,53935.51759343587,53935.51759343575
17,NL0 16 Invest,investable,NL0 16,1,0.0,53935.51759343587,59329.06935292875
17,NL0 17 Invest,investable,NL0 17,1,0.0,53935.51759343587,59329.06935292875
17,NL0 18 Invest,investable,NL0 18,1,0.0,53935.51759343587,59329.06935292875
17,NL0 19 Invest,investable,NL0 19,1,1000.0,53935.51759343587,53935.51759343575
17,NL0 2 Invest,investable,NL0 2,1,1000.0,53935.51759343587,53935.51759343575
17,NL0 20 Invest,investable,NL0 20,1,0.0,53935.51759343587,59329.06935292875
17,NL0 21 Invest,investable,NL0 21,1,0.0,53935.51759343587,59329.06935292875
17,NL0 22 Invest,investable,NL0 22,1,1000.0,53935.51759343587,53935.51759357159
17,NL0 23 Invest,investable,NL0 23,1,0.0,53935.51759343587,59329.06935292875
17,NL0 24 Invest,investable,NL0 24,1,0.0,53935.51759343587,59329.06935292875
17,NL0 25 Invest,investable,NL0 25,1,1000.0,53935.51759343587,53935.51759343575
17,NL0 26 Invest,investable,NL0 26,1,1000.0,53935.51759343587,53935.51759343575
17,NL0 27 Invest,investable,NL0 27,1,0.0,53935.51759343587,59329.06935292875
17,NL0 28 Invest,investable,NL0 28,1,1000.0,53935.51759343587,53935.51759343575
17,NL0 3 Invest,investable,NL0 3,1,0.0,53935.51759343587,59329.06935292875
17,NL0 30 Invest,investable,NL0 30,1,0.0,53935.51759343587,59329.06935292875
17,NL0 31 Invest,investable,NL0 31,1,1000.0,53935.51759343587,53935.51759343575
17,NL0 33 Invest,investable,NL0 33,1,0.0,53935.51759343587,59329.06935292875
17,NL0 4 Invest,investable,NL0 4,1,1000.0,53935.51759343587,53935.51759343575
17,NL0 5 Invest,investable,NL0 5,1,1000.0,53935.51759343587,53935.51759357159
17,NL0 6 Invest,investable,NL0 6,1,1000.0,53935.51759343587,53935.51759357159
17,NL0 7 Invest,investable,NL0 7,1,1000.0,53935.51759343587,53935.51759357159
17,NL0 8 Invest,investable,NL0 8,1,0.0,53935.51759343587,59329.06935292875
17,NL0 9 Invest,investable,NL0 9,1,634.5076028511185,53935.51759343587,53935.51759357159
17,NL0 1 biomass,legacy,NL0 1,1,71.0,53935.51759343587,53935.51759343587
17,NL0 1 waste,legacy,NL0 1,1,31.0,53935.51759343587,53935.51759343587
17,NL0 10 waste,legacy,NL0 10,1,150.0,53935.51759343587,53935.51759343587
17,NL0 11 biomass,legacy,NL0 11,1,20.0,53935.51759343587,53935.51759343587
17,NL0 11 waste,legacy,NL0 11,1,50.0,53935.51759343587,53935.51759343587
17,NL0 13 biomass,legacy,NL0 13,1,77.0,53935.51759343587,53935.51759343587
17,NL0 19 biomass,legacy,NL0 19,1,49.0,53935.51759343587,53935.51759343587
17,NL0 19 waste,legacy,NL0 19,1,36.0,53935.51759343587,53935.51759343587
17,NL0 22 biomass,legacy,NL0 22,1,500.0,53935.51759343587,53935.51759343587
17,NL0 25 waste,legacy,NL0 25,1,54.0,53935.51759343587,53935.51759343587
17,NL0 27 biomass,legacy,NL0 27,1,22.0,53935.51759343587,53935.51759343587
17,NL0 27 waste,legacy,NL0 27,1,71.2,53935.51759343587,53935.51759343587
17,NL0 3 biomass,legacy,NL0 3,1,22.0,53935.51759343587,53935.51759343587
17,NL0 3 waste,legacy,NL0 3,1,108.0,53935.51759343587,53935.51759343587
17,NL0 30 biomass,legacy,NL0 30,1,60.0,53935.51759343587,53935.51759343587
17,NL0 7 nuclear,legacy,NL0 7,1,515.0,53935.51759343587,53935.51759343587
17,NL0 7 waste,legacy,NL0 7,1,39.0,53935.51759343587,53935.51759343587
17,NL0 8 biomass,legacy,NL0 8,1,36.0,53935.51759343587,53935.51759343587
17,NL0 8 waste,legacy,NL0 8,1,157.0,53935.51759343587,53935.51759343587
17,NL0 9 biomass,legacy,NL0 9,1,20.0,53935.51759343587,53935.51759343587
17,NL0 0 0 solar,legacy,NL0 0,1,0.0,53935.51759343587,53935.517593435754
17,NL0 1 0 solar,legacy,NL0 1,1,0.0,53935.51759343587,53935.517593435754
17,NL0 10 0 solar,legacy,NL0 10,1,0.0,53935.51759343587,53935.517593435754
17,NL0 11 0 solar,legacy,NL0 11,1,0.0,53935.51759343587,53935.517593435754
17,NL0 12 0 solar,legacy,NL0 12,1,0.0,53935.51759343587,53935.517593435754
17,NL0 13 0 solar,legacy,NL0 13,1,0.0,53935.51759343587,53935.517593435754
17,NL0 14 0 solar,legacy,NL0 14,1,0.0,53935.51759343587,53935.517593435754
17,NL0 15 0 solar,legacy,NL0 15,1,0.0,53935.51759343587,53935.517593435754
17,NL0 16 0 solar,legacy,NL0 16,1,0.0,53935.51759343587,53935.517593435754
17,NL0 17 0 solar,legacy,NL0 17,1,0.0,53935.51759343587,53935.517593435754
17,NL0 18 0 solar,legacy,NL0 18,1,0.0,53935.51759343587,53935.517593435754
17,NL0 19 0 solar,legacy,NL0 19,1,0.0,53935.51759343587,53935.517593435754
17,NL0 2 0 solar,legacy,NL0 2,1,0.0,53935.51759343587,53935.517593435754
17,NL0 20 0 solar,legacy,NL0 20,1,0.0,53935.51759343587,53935.517593435754
17,NL0 21 0 solar,legacy,NL0 21,1,0.0,53935.51759343587,53935.517593435754
17,NL0 22 0 solar,legacy,NL0 22,1,0.0,53935.51759343587,53935.517593435754
17,NL0 23 0 solar,legacy,NL0 23,1,0.0,53935.51759343587,53935.517593435754
17,NL0 24 0 solar,legacy,NL0 24,1,0.0,53935.51759343587,53935.517593435754
17,NL0 25 0 solar,legacy,NL0 25,1,0.0,53935.51759343587,53935.517593435754
17,NL0 26 0 solar,legacy,NL0 26,1,0.0,53935.51759343587,53935.517593435754
17,NL0 27 0 solar,legacy,NL0 27,1,0.0,53935.51759343587,53935.517593435754
17,NL0 28 0 solar,legacy,NL0 28,1,0.0,53935.51759343587,53935.517593435754
17,NL0 3 0 solar,legacy,NL0 3,1,0.0,53935.51759343587,53935.517593435754
17,NL0 30 0 solar,legacy,NL0 30,1,0.0,53935.51759343587,53935.517593435754
17,NL0 31 0 solar,legacy,NL0 31,1,0.0,53935.51759343587,53935.517593435754
17,NL0 4 0 solar,legacy,NL0 4,1,0.0,53935.51759343587,53935.517593435754
17,NL0 5 0 solar,legacy,NL0 5,1,0.0,53935.51759343587,53935.517593435754
17,NL0 6 0 solar,legacy,NL0 6,1,0.0,53935.51759343587,53935.517593435754
17,NL0 7 0 solar,legacy,NL0 7,1,0.0,53935.51759343587,53935.517593435754
17,NL0 8 0 solar,legacy,NL0 8,1,0.0,53935.51759343587,53935.517593435754
17,NL0 9 0 solar,legacy,NL0 9,1,0.0,53935.51759343587,53935.517593435754
17,NL0 20 0 offwind-ac,legacy,NL0 20,1,0.0,53935.51759343587,53935.517593435754
17,NL0 27 0 offwind-ac,legacy,NL0 27,1,0.0,53935.51759343587,53935.517593435754
17,NL0 31 0 offwind-ac,legacy,NL0 31,1,0.0,53935.51759343587,53935.517593435754
17,NL0 32 0 offwind-ac,legacy,NL0 32,1,0.0,53935.51759343587,53935.517593435754
17,NL0 7 0 offwind-ac,legacy,NL0 7,1,0.0,53935.51759343587,53935.517593435754
17,NL0 0 0 onwind,legacy,NL0 0,1,0.0,53935.51759343587,53935.517593435754
17,NL0 1 0 onwind,legacy,NL0 1,1,0.0,53935.51759343587,53935.517593435754
17,NL0 10 0 onwind,legacy,NL0 10,1,0.0,53935.51759343587,53935.517593435754
17,NL0 11 0 onwind,legacy,NL0 11,1,0.0,53935.51759343587,53935.517593435754
17,NL0 12 0 onwind,legacy,NL0 12,1,0.0,53935.51759343587,53935.517593435754
17,NL0 13 0 onwind,legacy,NL0 13,1,0.0,53935.51759343587,53935.517593435754
17,NL0 14 0 onwind,legacy,NL0 14,1,0.0,53935.51759343587,53935.517593435754
17,NL0 15 0 onwind,legacy,NL0 15,1,0.0,53935.51759343587,53935.517593435754
17,NL0 17 0 onwind,legacy,NL0 17,1,0.0,53935.51759343587,53935.517593435754
17,NL0 19 0 onwind,legacy,NL0 19,1,0.0,53935.51759343587,53935.517593435754
17,NL0 2 0 onwind,legacy,NL0 2,1,0.0,53935.51759343587,53935.517593435754
17,NL0 20 0 onwind,legacy,NL0 20,1,0.0,53935.51759343587,53935.517593435754
17,NL0 21 0 onwind,legacy,NL0 21,1,0.0,53935.51759343587,53935.517593435754
17,NL0 22 0 onwind,legacy,NL0 22,1,0.0,53935.51759343587,53935.517593435754
17,NL0 23 0 onwind,legacy,NL0 23,1,0.0,53935.51759343587,53935.517593435754
17,NL0 24 0 onwind,legacy,NL0 24,1,0.0,53935.51759343587,53935.517593435754
17,NL0 27 0 onwind,legacy,NL0 27,1,0.0,53935.51759343587,53935.517593435754
17,NL0 3 0 onwind,legacy,NL0 3,1,0.0,53935.51759343587,53935.517593435754
17,NL0 30 0 onwind,legacy,NL0 30,1,0.0,53935.51759343587,53935.517593435754
17,NL0 31 0 onwind,legacy,NL0 31,1,0.0,53935.51759343587,53935.517593435754
17,NL0 4 0 onwind,legacy,NL0 4,1,0.0,53935.51759343587,53935.517593435754
17,NL0 5 0 onwind,legacy,NL0 5,1,0.0,53935.51759343587,53935.517593435754
17,NL0 6 0 onwind,legacy,NL0 6,1,0.0,53935.51759343587,53935.517593435754
17,NL0 7 0 onwind,legacy,NL0 7,1,0.0,53935.51759343587,53935.517593435754
17,NL0 8 0 onwind,legacy,NL0 8,1,0.0,53935.51759343587,53935.517593435754
17,NL0 9 0 onwind,legacy,NL0 9,1,0.0,53935.51759343587,53935.517593435754
18,NL0 0 Invest,investable,NL0 0,1,0.0,53935.517593485565,59329.06935284798
18,NL0 1 Invest,investable,NL0 1,1,1000.0,53935.517593485565,53935.51759348578
18,NL0 10 Invest,investable,NL0 10,1,0.0,53935.517593485565,53935.517593485834
18,NL0 11 Invest,investable,NL0 11,1,1000.0,53935.517593485565,53935.51759348577
18,NL0 12 Invest,investable,NL0 12,1,1000.0,53935.517593485565,53935.51759348575
18,NL0 13 Invest,investable,NL0 13,1,1000.0,53935.517593485565,53935.51759348577
18,NL0 14 Invest,investable,NL0 14,1,1000.0,53935.517593485565,53935.51759348575
18,NL0 15 Invest,investable,NL0 15,1,1000.0,53935.517593485565,53935.51759348575
18,NL0 16 Invest,investable,NL0 16,1,0.0,53935.517593485565,59329.06935292928
18,NL0 17 Invest,investable,NL0 17,1,0.0,53935.517593485565,53935.51759348577
18,NL0 18 Invest,investable,NL0 18,1,0.0,53935.517593485565,53935.5175934858
18,NL0 19 Invest,investable,NL0 19,1,1000.0,53935.517593485565,53935.51759348571
18,NL0 2 Invest,investable,NL0 2,1,1000.0,53935.517593485565,53935.51759348575
18,NL0 20 Invest,investable,NL0 20,1,0.0,53935.517593485565,53935.517593485834
18,NL0 21 Invest,investable,NL0 21,1,0.0,53935.517593485565,53935.517593485856
18,NL0 22 Invest,investable,NL0 22,1,0.0,53935.517593485565,53935.51759348584
18,NL0 23 Invest,investable,NL0 23,1,0.0,53935.517593485565,53935.517593485856
18,NL0 24 Invest,investable,NL0 24,1,0.0,53935.517593485565,53935.517593485856
18,NL0 25 Invest,investable,NL0 25,1,1000.0,53935.517593485565,53935.51759348575
18,NL0 26 Invest,investable,NL0 26,1,1000.0,53935.517593485565,53935.51759348573
18,NL0 27 Invest,investable,NL0 27,1,0.0,53935.517593485565,53935.51759348585
18,NL0 28 Invest,investable,NL0 28,1,1000.0,53935.517593485565,53935.51759348575
18,NL0 3 Invest,investable,NL0 3,1,0.0,53935.517593485565,53935.51759348578
18,NL0 30 Invest,investable,NL0 30,1,0.0,53935.517593485565,53935.51759357209
18,NL0 31 Invest,investable,NL0 31,1,1000.0,53935.517593485565,53935.51759348575
18,NL0 33 Invest,investable,NL0 33,1,0.0,53935.517593485565,53935.51759348577
18,NL0 4 Invest,investable,NL0 4,1,1000.0,53935.517593485565,53935.51759348575
18,NL0 5 Invest,investable,NL0 5,1,0.0,53935.517593485565,53935.51759348584
18,NL0 6 Invest,investable,NL0 6,1,634.5076022574833,53935.517593485565,53935.51759348577
18,NL0 7 Invest,investable,NL0 7,1,0.0,53935.517593485565,53935.517593485856
18,NL0 8 Invest,investable,NL0 8,1,0.0,53935.517593485565,59329.06935292928
18,NL0 9 Invest,investable,NL0 9,1,1000.0,53935.517593485565,53935.51759348577
18,NL0 1 biomass,legacy,NL0 1,1,71.0,53935.517593485565,53935.517593485565
18,NL0 1 waste,legacy,NL0 1,1,31.0,53935.517593485565,53935.517593485565
18,NL0 10 waste,legacy,NL0 10,1,150.0,53935.517593485565,53935.517593485565
18,NL0 11 biomass,legacy,NL0 11,1,20.0,53935.517593485565,53935.517593485565
18,NL0 11 waste,legacy,NL0 11,1,50.0,53935.517593485565,53935.517593485565
18,NL0 13 biomass,legacy,NL0 13,1,77.0,53935.517593485565,53935.517593485565
18,NL0 19 biomass,legacy,NL0 19,1,49.0,53935.517593485565,53935.517593485565
18,NL0 19 waste,legacy,NL0 19,1,36.0,53935.517593485565,53935.517593485565
18,NL0 22 biomass,legacy,NL0 22,1,500.0,53935.517593485565,53935.517593485565
18,NL0 25 waste,legacy,NL0 25,1,54.0,53935.517593485565,53935.517593485565
18,NL0 27 biomass,legacy,NL0 27,1,22.0,53935.517593485565,53935.517593485565
18,NL0 27 waste,legacy,NL0 27,1,71.2,53935.517593485565,53935.517593485565
18,NL0 3 biomass,legacy,NL0 3,1,22.0,53935.517593485565,53935.517593485565
18,NL0 3 waste,legacy,NL0 3,1,108.0,53935.517593485565,53935.517593485565
18,NL0 30 biomass,legacy,NL0 30,1,60.0,53935.517593485565,53935.517593485565
18,NL0 7 nuclear,legacy,NL0 7,1,515.0,53935.517593485565,53935.517593485565
18,NL0 7 waste,legacy,NL0 7,1,39.0,53935.517593485565,53935.517593485565
18,NL0 8 biomass,legacy,NL0 8,1,36.0,53935.517593485565,53935.517593485565
18,NL0 8 waste,legacy,NL0 8,1,157.0,53935.517593485565,53935.517593485565
18,NL0 9 biomass,legacy,NL0 9,1,20.0,53935.517593485565,53935.517593485565
18,NL0 0 0 solar,legacy,NL0 0,1,0.0,53935.517593485565,53935.51759348555
18,NL0 1 0 solar,legacy,NL0 1,1,0.0,53935.517593485565,53935.51759348555
18,NL0 10 0 solar,legacy,NL0 10,1,0.0,53935.517593485565,53935.51759348549
18,NL0 11 0 solar,legacy,NL0 11,1,0.0,53935.517593485565,53935.51759348555
18,NL0 12 0 solar,legacy,NL0 12,1,0.0,53935.517593485565,53935.51759348549
18,NL0 13 0 solar,legacy,NL0 13,1,0.0,53935.517593485565,53935.51759348555
18,NL0 14 0 solar,legacy,NL0 14,1,0.0,53935.517593485565,53935.51759348555
18,NL0 15 0 solar,legacy,NL0 15,1,0.0,53935.517593485565,53935.51759348555
18,NL0 16 0 solar,legacy,NL0 16,1,0.0,53935.517593485565,53935.51759348555
18,NL0 17 0 solar,legacy,NL0 17,1,0.0,53935.517593485565,53935.51759348555
18,NL0 18 0 solar,legacy,NL0 18,1,0.0,53935.517593485565,53935.51759348555
18,NL0 19 0 solar,legacy,NL0 19,1,0.0,53935.517593485565,53935.51759348549
18,NL0 2 0 solar,legacy,NL0 2,1,0.0,53935.517593485565,53935.51759348555
18,NL0 20 0 solar,legacy,NL0 20,1,0.0,53935.517593485565,53935.51759348549
18,NL0 21 0 solar,legacy,NL0 21,1,0.0,53935.517593485565,53935.51759348558
18,NL0 22 0 solar,legacy,NL0 22,1,0.0,53935.517593485565,53935.51759348555
18,NL0 23 0 solar,legacy,NL0 23,1,0.0,53935.517593485565,53935.51759348555
18,NL0 24 0 solar,legacy,NL0 24,1,0.0,53935.517593485565,53935.51759348549
18,NL0 25 0 solar,legacy,NL0 25,1,0.0,53935.517593485565,53935.51759348555
18,NL0 26 0 solar,legacy,NL0 26,1,0.0,53935.517593485565,53935.51759348555
18,NL0 27 0 solar,legacy,NL0 27,1,0.0,53935.517593485565,53935.51759348549
18,NL0 28 0 solar,legacy,NL0 28,1,0.0,53935.517593485565,53935.51759348555
18,NL0 3 0 solar,legacy,NL0 3,1,0.0,53935.517593485565,53935.51759348555
18,NL0 30 0 solar,legacy,NL0 30,1,0.0,53935.517593485565,53935.51759348555
18,NL0 31 0 solar,legacy,NL0 31,1,0.0,53935.517593485565,53935.51759348555
18,NL0 4 0 solar,legacy,NL0 4,1,0.0,53935.517593485565,53935.51759348555
18,NL0 5 0 solar,legacy,NL0 5,1,0.0,53935.517593485565,53935.51759348549
18,NL0 6 0 solar,legacy,NL0 6,1,0.0,53935.517593485565,53935.51759348555
18,NL0 7 0 solar,legacy,NL0 7,1,0.0,53935.517593485565,53935.51759348555
18,NL0 8 0 solar,legacy,NL0 8,1,0.0,53935.517593485565,53935.51759348555
18,NL0 9 0 solar,legacy,NL0 9,1,0.0,53935.517593485565,53935.51759348555
18,NL0 20 0 offwind-ac,legacy,NL0 20,1,0.0,53935.517593485565,53935.51759348558
18,NL0 27 0 offwind-ac,legacy,NL0 27,1,0.0,53935.517593485565,53935.51759348555
18,NL0 31 0 offwind-ac,legacy,NL0 31,1,0.0,53935.517593485565,53935.51759348549
18,NL0 32 0 offwind-ac,legacy,NL0 32,1,0.0,53935.517593485565,53935.51759348555
18,NL0 7 0 offwind-ac,legacy,NL0 7,1,0.0,53935.517593485565,53935.51759348555
18,NL0 0 0 onwind,legacy,NL0 0,1,0.0,53935.517593485565,53935.51759348555
18,NL0 1 0 onwind,legacy,NL0 1,1,0.0,53935.517593485565,53935.51759348555
18,NL0 10 0 onwind,legacy,NL0 10,1,0.0,53935.517593485565,53935.51759348555
18,NL0 11 0 onwind,legacy,NL0 11,1,0.0,53935.517593485565,53935.51759348549
18,NL0 12 0 onwind,legacy,NL0 12,1,0.0,53935.517593485565,53935.51759348549
18,NL0 13 0 onwind,legacy,NL0 13,1,0.0,53935.517593485565,53935.51759348555
18,NL0 14 0 onwind,legacy,NL0 14,1,0.0,53935.517593485565,53935.51759348549
18,NL0 15 0 onwind,legacy,NL0 15,1,0.0,53935.517593485565,53935.51759348555
18,NL0 17 0 onwind,legacy,NL0 17,1,0.0,53935.517593485565,53935.51759348555
18,NL0 19 0 onwind,legacy,NL0 19,1,0.0,53935.517593485565,53935.51759348549
18,NL0 2 0 onwind,legacy,NL0 2,1,0.0,53935.517593485565,53935.51759348549
18,NL0 20 0 onwind,legacy,NL0 20,1,0.0,53935.517593485565,53935.51759348555
18,NL0 21 0 onwind,legacy,NL0 21,1,0.0,53935.517593485565,53935.51759348555
18,NL0 22 0 onwind,legacy,NL0 22,1,0.0,53935.517593485565,53935.51759348555
18,NL0 23 0 onwind,legacy,NL0 23,1,0.0,53935.517593485565,53935.51759348549
18,NL0 24 0 onwind,legacy,NL0 24,1,0.0,53935.517593485565,53935.51759348555
18,NL0 27 0 onwind,legacy,NL0 27,1,0.0,53935.517593485565,53935.51759348549
18,NL0 3 0 onwind,legacy,NL0 3,1,0.0,53935.517593485565,53935.51759348555
18,NL0 30 0 onwind,legacy,NL0 30,1,0.0,53935.517593485565,53935.51759348555
18,NL0 31 0 onwind,legacy,NL0 31,1,0.0,53935.517593485565,53935.51759348555
18,NL0 4 0 onwind,legacy,NL0 4,1,0.0,53935.517593485565,53935.51759348555
18,NL0 5 0 onwind,legacy,NL0 5,1,0.0,53935.517593485565,53935.51759348549
18,NL0 6 0 onwind,legacy,NL0 6,1,0.0,53935.517593485565,53935.51759348555
18,NL0 7 0 onwind,legacy,NL0 7,1,0.0,53935.517593485565,53935.51759348555
18,NL0 8 0 onwind,legacy,NL0 8,1,0.0,53935.517593485565,53935.51759348555
18,NL0 9 0 onwind,legacy,NL0 9,1,0.0,53935.517593485565,53935.51759348555
19,NL0 0 Invest,investable,NL0 0,1,0.0,53935.51759343587,59329.06935292875
19,NL0 1 Invest,investable,NL0 1,1,1000.0,53935.51759343587,53935.51759357159
19,NL0 10 Invest,investable,NL0 10,1,0.0,53935.51759343587,59329.06935292875
19,NL0 11 Invest,investable,NL0 11,1,1000.0,53935.51759343587,53935.51759357159
19,NL0 12 Invest,investable,NL0 12,1,1000.0,53935.51759343587,53935.51759343562
19,NL0 13 Invest,investable,NL0 13,1,1000.0,53935.51759343587,53935.51759357159
19,NL0 14 Invest,investable,NL0 14,1,1000.0,53935.51759343587,53935.51759343575
19,NL0 15 Invest,investable,NL0 15,1,1000.0,53935.51759343587,53935.51759343575
19,NL0 16 Invest,investable,NL0 16,1,0.0,53935.51759343587,59329.06935292875
19,NL0 17 Invest,investable,NL0 17,1,0.0,53935.51759343587,59329.06935292875
19,NL0 18 Invest,investable,NL0 18,1,0.0,53935.51759343587,59329.06935292875
19,NL0 19 Invest,investable,NL0 19,1,1000.0,53935.51759343587,53935.51759343575
19,NL0 2 Invest,investable,NL0 2,1,1000.0,53935.51759343587,53935.51759343575
19,NL0 20 Invest,investable,NL0 20,1,0.0,53935.51759343587,59329.06935292875
19,NL0 21 Invest,investable,NL0 21,1,0.0,53935.51759343587,59329.06935292875
19,NL0 22 Invest,investable,NL0 22,1,0.0,53935.51759343587,53935.51759357159
19,NL0 23 Invest,investable,NL0 23,1,0.0,53935.51759343587,59329.06935292875
19,NL0 24 Invest,investable,NL0 24,1,0.0,53935.51759343587,59329.06935292875
19,NL0 25 Invest,investable,NL0 25,1,1000.0,53935.51759343587,53935.51759343575
19,NL0 26 Invest,investable,NL0 26,1,1000.0,53935.51759343587,53935.51759343575
19,NL0 27 Invest,investable,NL0 27,1,0.0,53935.51759343587,59329.06935292875
19,NL0 28 Invest,investable,NL0 28,1,1000.0,53935.51759343587,53935.51759343575
19,NL0 3 Invest,investable,NL0 3,1,0.0,53935.51759343587,59329.06935292875
19,NL0 30 Invest,investable,NL0 30,1,0.0,53935.51759343587,59329.06935292875
19,NL0 31 Invest,investable,NL0 31,1,1000.0,53935.51759343587,53935.51759343575
19,NL0 33 Invest,investable,NL0 33,1,0.0,53935.51759343587,59329.06935292875
19,NL0 4 Invest,investable,NL0 4,1,1000.0,53935.51759343587,53935.51759343575
19,NL0 5 Invest,investable,NL0 5,1,0.0,53935.51759343587,53935.51759357159
19,NL0 6 Invest,investable,NL0 6,1,634.5076028511185,53935.51759343587,53935.51759357159
19,NL0 7 Invest,investable,NL0 7,1,0.0,53935.51759343587,53935.51759357159
19,NL0 8 Invest,investable,NL0 8,1,0.0,53935.51759343587,59329.06935292875
19,NL0 9 Invest,investable,NL0 9,1,1000.0,53935.51759343587,53935.51759357159
19,NL0 1 biomass,legacy,NL0 1,1,71.0,53935.51759343587,53935.51759343587
19,NL0 1 waste,legacy,NL0 1,1,31.0,53935.51759343587,53935.51759343587
19,NL0 10 waste,legacy,NL0 10,1,150.0,53935.51759343587,53935.51759343587
19,NL0 11 biomass,legacy,NL0 11,1,20.0,53935.51759343587,53935.51759343587
19,NL0 11 waste,legacy,NL0 11,1,50.0,53935.51759343587,53935.51759343587
19,NL0 13 biomass,legacy,NL0 13,1,77.0,53935.51759343587,53935.51759343587
19,NL0 19 biomass,legacy,NL0 19,1,49.0,53935.51759343587,53935.51759343587
19,NL0 19 waste,legacy,NL0 19,1,36.0,53935.51759343587,53935.51759343587
19,NL0 22 biomass,legacy,NL0 22,1,500.0,53935.51759343587,53935.51759343587
19,NL0 25 waste,legacy,NL0 25,1,54.0,53935.51759343587,53935.51759343587
19,NL0 27 biomass,legacy,NL0 27,1,22.0,53935.51759343587,53935.51759343587
19,NL0 27 waste,legacy,NL0 27,1,71.2,53935.51759343587,53935.51759343587
19,NL0 3 biomass,legacy,NL0 3,1,22.0,53935.51759343587,53935.51759343587
19,NL0 3 waste,legacy,NL0 3,1,108.0,53935.51759343587,53935.51759343587
19,NL0 30 biomass,legacy,NL0 30,1,60.0,53935.51759343587,53935.51759343587
19,NL0 7 nuclear,legacy,NL0 7,1,515.0,53935.51759343587,53935.51759343587
19,NL0 7 waste,legacy,NL0 7,1,39.0,53935.51759343587,53935.51759343587
19,NL0 8 biomass,legacy,NL0 8,1,36.0,53935.51759343587,53935.51759343587
19,NL0 8 waste,legacy,NL0 8,1,157.0,53935.51759343587,53935.51759343587
19,NL0 9 biomass,legacy,NL0 9,1,20.0,53935.51759343587,53935.51759343587
19,NL0 0 0 solar,legacy,NL0 0,1,0.0,53935.51759343587,53935.517593435754
19,NL0 1 0 solar,legacy,NL0 1,1,0.0,53935.51759343587,53935.517593435754
19,NL0 10 0 solar,legacy,NL0 10,1,0.0,53935.51759343587,53935.517593435754
19,NL0 11 0 solar,legacy,NL0 11,1,0.0,53935.51759343587,53935.517593435754
19,NL0 12 0 solar,legacy,NL0 12,1,0.0,53935.51759343587,53935.517593435754
19,NL0 13 0 solar,legacy,NL0 13,1,0.0,53935.51759343587,53935.517593435754
19,NL0 14 0 solar,legacy,NL0 14,1,0.0,53935.51759343587,53935.517593435754
19,NL0 15 0 solar,legacy,NL0 15,1,0.0,53935.51759343587,53935.517593435754
19,NL0 16 0 solar,legacy,NL0 16,1,0.0,53935.51759343587,53935.517593435754
19,NL0 17 0 solar,legacy,NL0 17,1,0.0,53935.51759343587,53935.517593435754
19,NL0 18 0 solar,legacy,NL0 18,1,0.0,53935.51759343587,53935.517593435754
19,NL0 19 0 solar,legacy,NL0 19,1,0.0,53935.51759343587,53935.517593435754
19,NL0 2 0 solar,legacy,NL0 2,1,0.0,53935.51759343587,53935.517593435754
19,NL0 20 0 solar,legacy,NL0 20,1,0.0,53935.51759343587,53935.517593435754
19,NL0 21 0 solar,legacy,NL0 21,1,0.0,53935.51759343587,53935.517593435754
19,NL0 22 0 solar,legacy,NL0 22,1,0.0,53935.51759343587,53935.517593435754
19,NL0 23 0 solar,legacy,NL0 23,1,0.0,53935.51759343587,53935.517593435754
19,NL0 24 0 solar,legacy,NL0 24,1,0.0,53935.51759343587,53935.517593435754
19,NL0 25 0 solar,legacy,NL0 25,1,0.0,53935.51759343587,53935.517593435754
19,NL0 26 0 solar,legacy,NL0 26,1,0.0,53935.51759343587,53935.517593435754
19,NL0 27 0 solar,legacy,NL0 27,1,0.0,53935.51759343587,53935.517593435754
19,NL0 28 0 solar,legacy,NL0 28,1,0.0,53935.51759343587,53935.517593435754
19,NL0 3 0 solar,legacy,NL0 3,1,0.0,53935.51759343587,53935.517593435754
19,NL0 30 0 solar,legacy,NL0 30,1,0.0,53935.51759343587,53935.517593435754
19,NL0 31 0 solar,legacy,NL0 31,1,0.0,53935.51759343587,53935.517593435754
19,NL0 4 0 solar,legacy,NL0 4,1,0.0,53935.51759343587,53935.517593435754
19,NL0 5 0 solar,legacy,NL0 5,1,0.0,53935.51759343587,53935.517593435754
19,NL0 6 0 solar,legacy,NL0 6,1,0.0,53935.51759343587,53935.517593435754
19,NL0 7 0 solar,legacy,NL0 7,1,0.0,53935.51759343587,53935.517593435754
19,NL0 8 0 solar,legacy,NL0 8,1,0.0,53935.51759343587,53935.517593435754
19,NL0 9 0 solar,legacy,NL0 9,1,0.0,53935.51759343587,53935.517593435754
19,NL0 20 0 offwind-ac,legacy,NL0 20,1,0.0,53935.51759343587,53935.517593435754
19,NL0 27 0 offwind-ac,legacy,NL0 27,1,0.0,53935.51759343587,53935.517593435754
19,NL0 31 0 offwind-ac,legacy,NL0 31,1,0.0,53935.51759343587,53935.517593435754
19,NL0 32 0 offwind-ac,legacy,NL0 32,1,0.0,53935.51759343587,53935.517593435754
19,NL0 7 0 offwind-ac,legacy,NL0 7,1,0.0,53935.51759343587,53935.517593435754
19,NL0 0 0 onwind,legacy,NL0 0,1,0.0,53935.51759343587,53935.517593435754
19,NL0 1 0 onwind,legacy,NL0 1,1,0.0,53935.51759343587,53935.517593435754
19,NL0 10 0 onwind,legacy,NL0 10,1,0.0,53935.51759343587,53935.517593435754
19,NL0 11 0 onwind,legacy,NL0 11,1,0.0,53935.51759343587,53935.517593435754
19,NL0 12 0 onwind,legacy,NL0 12,1,0.0,53935.51759343587,53935.517593435754
19,NL0 13 0 onwind,legacy,NL0 13,1,0.0,53935.51759343587,53935.517593435754
19,NL0 14 0 onwind,legacy,NL0 14,1,0.0,53935.51759343587,53935.517593435754
19,NL0 15 0 onwind,legacy,NL0 15,1,0.0,53935.51759343587,53935.517593435754
19,NL0 17 0 onwind,legacy,NL0 17,1,0.0,53935.51759343587,53935.517593435754
19,NL0 19 0 onwind,legacy,NL0 19,1,0.0,53935.51759343587,53935.517593435754
19,NL0 2 0 onwind,legacy,NL0 2,1,0.0,53935.51759343587,53935.517593435754
19,NL0 20 0 onwind,legacy,NL0 20,1,0.0,53935.51759343587,53935.517593435754
19,NL0 21 0 onwind,legacy,NL0 21,1,0.0,53935.51759343587,53935.517593435754
19,NL0 22 0 onwind,legacy,NL0 22,1,0.0,53935.51759343587,53935.517593435754
19,NL0 23 0 onwind,legacy,NL0 23,1,0.0,53935.51759343587,53935.517593435754
19,NL0 24 0 onwind,legacy,NL0 24,1,0.0,53935.51759343587,53935.517593435754
19,NL0 27 0 onwind,legacy,NL0 27,1,0.0,53935.51759343587,53935.517593435754
19,NL0 3 0 onwind,legacy,NL0 3,1,0.0,53935.51759343587,53935.517593435754
19,NL0 30 0 onwind,legacy,NL0 30,1,0.0,53935.51759343587,53935.517593435754
19,NL0 31 0 onwind,legacy,NL0 31,1,0.0,53935.51759343587,53935.517593435754
19,NL0 4 0 onwind,legacy,NL0 4,1,0.0,53935.51759343587,53935.517593435754
19,NL0 5 0 onwind,legacy,NL0 5,1,0.0,53935.51759343587,53935.517593435754
19,NL0 6 0 onwind,legacy,NL0 6,1,0.0,53935.51759343587,53935.517593435754
19,NL0 7 0 onwind,legacy,NL0 7,1,0.0,53935.51759343587,53935.517593435754
19,NL0 8 0 onwind,legacy,NL0 8,1,0.0,53935.51759343587,53935.517593435754
19,NL0 9 0 onwind,legacy,NL0 9,1,0.0,53935.51759343587,53935.517593435754
20,NL0 0 Invest,investable,NL0 0,1,0.0,53935.51759343587,59329.06935292875
20,NL0 1 Invest,investable,NL0 1,1,0.0,53935.51759343587,53935.51759357159
20,NL0 10 Invest,investable,NL0 10,1,0.0,53935.51759343587,59329.06935292875
20,NL0 11 Invest,investable,NL0 11,1,0.0,53935.51759343587,53935.51759357159
20,NL0 12 Invest,investable,NL0 12,1,1000.0,53935.51759343587,53935.51759343562
20,NL0 13 Invest,investable,NL0 13,1,0.0,53935.51759343587,53935.51759357159
20,NL0 14 Invest,investable,NL0 14,1,1000.0,53935.51759343587,53935.51759343575
20,NL0 15 Invest,investable,NL0 15,1,1000.0,53935.51759343587,53935.51759343575
20,NL0 16 Invest,investable,NL0 16,1,0.0,53935.51759343587,59329.06935292875
20,NL0 17 Invest,investable,NL0 17,1,0.0,53935.51759343587,59329.06935292875
20,NL0 18 Invest,investable,NL0 18,1,0.0,53935.51759343587,59329.06935292875
20,NL0 19 Invest,investable,NL0 19,1,1000.0,53935.51759343587,53935.51759343575
20,NL0 2 Invest,investable,NL0 2,1,1000.0,53935.51759343587,53935.51759343575
20,NL0 20 Invest,investable,NL0 20,1,0.0,53935.51759343587,59329.06935292875
20,NL0 21 Invest,investable,NL0 21,1,0.0,53935.51759343587,59329.06935292875
20,NL0 22 Invest,investable,NL0 22,1,1000.0,53935.51759343587,53935.51759357159
20,NL0 23 Invest,investable,NL0 23,1,0.0,53935.51759343587,59329.06935292875
20,NL0 24 Invest,investable,NL0 24,1,0.0,53935.51759343587,59329.06935292875
20,NL0 25 Invest,investable,NL0 25,1,1000.0,53935.51759343587,53935.51759343575
20,NL0 26 Invest,investable,NL0 26,1,1000.0,53935.51759343587,53935.51759343575
20,NL0 27 Invest,investable,NL0 27,1,0.0,53935.51759343587,59329.06935292875
20,NL0 28 Invest,investable,NL0 28,1,1000.0,53935.51759343587,53935.51759343575
20,NL0 3 Invest,investable,NL0 3,1,0.0,53935.51759343587,59329.06935292875
20,NL0 30 Invest,investable,NL0 30,1,0.0,53935.51759343587,59329.06935292875
20,NL0 31 Invest,investable,NL0 31,1,1000.0,53935.51759343587,53935.51759343575
20,NL0 33 Invest,investable,NL0 33,1,0.0,53935.51759343587,59329.06935292875
20,NL0 4 Invest,investable,NL0 4,1,1000.0,53935.51759343587,53935.51759343575
20,NL0 5 Invest,investable,NL0 5,1,1000.0,53935.51759343587,53935.51759357159
20,NL0 6 Invest,investable,NL0 6,1,1000.0,53935.51759343587,53935.51759357159
20,NL0 7 Invest,investable,NL0 7,1,1000.0,53935.51759343587,53935.51759357159
20,NL0 8 Invest,investable,NL0 8,1,0.0,53935.51759343587,59329.06935292875
20,NL0 9 Invest,investable,NL0 9,1,634.5076028511185,53935.51759343587,53935.51759357159
20,NL0 1 biomass,legacy,NL0 1,1,71.0,53935.51759343587,53935.51759343587
20,NL0 1 waste,legacy,NL0 1,1,31.0,53935.51759343587,53935.51759343587
20,NL0 10 waste,legacy,NL0 10,1,150.0,53935.51759343587,53935.51759343587
20,NL0 11 biomass,legacy,NL0 11,1,20.0,53935.51759343587,53935.51759343587
20,NL0 11 waste,legacy,NL0 11,1,50.0,53935.51759343587,53935.51759343587
20,NL0 13 biomass,legacy,NL0 13,1,77.0,53935.51759343587,53935.51759343587
20,NL0 19 biomass,legacy,NL0 19,1,49.0,53935.51759343587,53935.51759343587
20,NL0 19 waste,legacy,NL0 19,1,36.0,53935.51759343587,53935.51759343587
20,NL0 22 biomass,legacy,NL0 22,1,500.0,53935.51759343587,53935.51759343587
20,NL0 25 waste,legacy,NL0 25,1,54.0,53935.51759343587,53935.51759343587
20,NL0 27 biomass,legacy,NL0 27,1,22.0,53935.51759343587,53935.51759343587
20,NL0 27 waste,legacy,NL0 27,1,71.2,53935.51759343587,53935.51759343587
20,NL0 3 biomass,legacy,NL0 3,1,22.0,53935.51759343587,53935.51759343587
20,NL0 3 waste,legacy,NL0 3,1,108.0,53935.51759343587,53935.51759343587
20,NL0 30 biomass,legacy,NL0 30,1,60.0,53935.51759343587,53935.51759343587
20,NL0 7 nuclear,legacy,NL0 7,1,515.0,53935.51759343587,53935.51759343587
20,NL0 7 waste,legacy,NL0 7,1,39.0,53935.51759343587,53935.51759343587
20,NL0 8 biomass,legacy,NL0 8,1,36.0,53935.51759343587,53935.51759343587
20,NL0 8 waste,legacy,NL0 8,1,157.0,53935.51759343587,53935.51759343587
20,NL0 9 biomass,legacy,NL0 9,1,20.0,53935.51759343587,53935.51759343587
20,NL0 0 0 solar,legacy,NL0 0,1,0.0,53935.51759343587,53935.517593435754
20,NL0 1 0 solar,legacy,NL0 1,1,0.0,53935.51759343587,53935.517593435754
20,NL0 10 0 solar,legacy,NL0 10,1,0.0,53935.51759343587,53935.517593435754
20,NL0 11 0 solar,legacy,NL0 11,1,0.0,53935.51759343587,53935.517593435754
20,NL0 12 0 solar,legacy,NL0 12,1,0.0,53935.51759343587,53935.517593435754
20,NL0 13 0 solar,legacy,NL0 13,1,0.0,53935.51759343587,53935.517593435754
20,NL0 14 0 solar,legacy,NL0 14,1,0.0,53935.51759343587,53935.517593435754
20,NL0 15 0 solar,legacy,NL0 15,1,0.0,53935.51759343587,53935.517593435754
20,NL0 16 0 solar,legacy,NL0 16,1,0.0,53935.51759343587,53935.517593435754
20,NL0 17 0 solar,legacy,NL0 17,1,0.0,53935.51759343587,53935.517593435754
20,NL0 18 0 solar,legacy,NL0 18,1,0.0,53935.51759343587,53935.517593435754
20,NL0 19 0 solar,legacy,NL0 19,1,0.0,53935.51759343587,53935.517593435754
20,NL0 2 0 solar,legacy,NL0 2,1,0.0,53935.51759343587,53935.517593435754
20,NL0 20 0 solar,legacy,NL0 20,1,0.0,53935.51759343587,53935.517593435754
20,NL0 21 0 solar,legacy,NL0 21,1,0.0,53935.51759343587,53935.517593435754
20,NL0 22 0 solar,legacy,NL0 22,1,0.0,53935.51759343587,53935.517593435754
20,NL0 23 0 solar,legacy,NL0 23,1,0.0,53935.51759343587,53935.517593435754
20,NL0 24 0 solar,legacy,NL0 24,1,0.0,53935.51759343587,53935.517593435754
20,NL0 25 0 solar,legacy,NL0 25,1,0.0,53935.51759343587,53935.517593435754
20,NL0 26 0 solar,legacy,NL0 26,1,0.0,53935.51759343587,53935.517593435754
20,NL0 27 0 solar,legacy,NL0 27,1,0.0,53935.51759343587,53935.517593435754
20,NL0 28 0 solar,legacy,NL0 28,1,0.0,53935.51759343587,53935.517593435754
20,NL0 3 0 solar,legacy,NL0 3,1,0.0,53935.51759343587,53935.517593435754
20,NL0 30 0 solar,legacy,NL0 30,1,0.0,53935.51759343587,53935.517593435754
20,NL0 31 0 solar,legacy,NL0 31,1,0.0,53935.51759343587,53935.517593435754
20,NL0 4 0 solar,legacy,NL0 4,1,0.0,53935.51759343587,53935.517593435754
20,NL0 5 0 solar,legacy,NL0 5,1,0.0,53935.51759343587,53935.517593435754
20,NL0 6 0 solar,legacy,NL0 6,1,0.0,53935.51759343587,53935.517593435754
20,NL0 7 0 solar,legacy,NL0 7,1,0.0,53935.51759343587,53935.517593435754
20,NL0 8 0 solar,legacy,NL0 8,1,0.0,53935.51759343587,53935.517593435754
20,NL0 9 0 solar,legacy,NL0 9,1,0.0,53935.51759343587,53935.517593435754
20,NL0 20 0 offwind-ac,legacy,NL0 20,1,0.0,53935.51759343587,53935.517593435754
20,NL0 27 0 offwind-ac,legacy,NL0 27,1,0.0,53935.51759343587,53935.517593435754
20,NL0 31 0 offwind-ac,legacy,NL0 31,1,0.0,53935.51759343587,53935.517593435754
20,NL0 32 0 offwind-ac,legacy,NL0 32,1,0.0,53935.51759343587,53935.517593435754
20,NL0 7 0 offwind-ac,legacy,NL0 7,1,0.0,53935.51759343587,53935.517593435754
20,NL0 0 0 onwind,legacy,NL0 0,1,0.0,53935.51759343587,53935.517593435754
20,NL0 1 0 onwind,legacy,NL0 1,1,0.0,53935.51759343587,53935.517593435754
20,NL0 10 0 onwind,legacy,NL0 10,1,0.0,53935.51759343587,53935.517593435754
20,NL0 11 0 onwind,legacy,NL0 11,1,0.0,53935.51759343587,53935.517593435754
20,NL0 12 0 onwind,legacy,NL0 12,1,0.0,53935.51759343587,53935.517593435754
20,NL0 13 0 onwind,legacy,NL0 13,1,0.0,53935.51759343587,53935.517593435754
20,NL0 14 0 onwind,legacy,NL0 14,1,0.0,53935.51759343587,53935.517593435754
20,NL0 15 0 onwind,legacy,NL0 15,1,0.0,53935.51759343587,53935.517593435754
20,NL0 17 0 onwind,legacy,NL0 17,1,0.0,53935.51759343587,53935.517593435754
20,NL0 19 0 onwind,legacy,NL0 19,1,0.0,53935.51759343587,53935.517593435754
20,NL0 2 0 onwind,legacy,NL0 2,1,0.0,53935.51759343587,53935.517593435754
20,NL0 20 0 onwind,legacy,NL0 20,1,0.0,53935.51759343587,53935.517593435754
20,NL0 21 0 onwind,legacy,NL0 21,1,0.0,53935.51759343587,53935.517593435754
20,NL0 22 0 onwind,legacy,NL0 22,1,0.0,53935.51759343587,53935.517593435754
20,NL0 23 0 onwind,legacy,NL0 23,1,0.0,53935.51759343587,53935.517593435754
20,NL0 24 0 onwind,legacy,NL0 24,1,0.0,53935.51759343587,53935.517593435754
20,NL0 27 0 onwind,legacy,NL0 27,1,0.0,53935.51759343587,53935.517593435754
20,NL0 3 0 onwind,legacy,NL0 3,1,0.0,53935.51759343587,53935.517593435754
20,NL0 30 0 onwind,legacy,NL0 30,1,0.0,53935.51759343587,53935.517593435754
20,NL0 31 0 onwind,legacy,NL0 31,1,0.0,53935.51759343587,53935.517593435754
20,NL0 4 0 onwind,legacy,NL0 4,1,0.0,53935.51759343587,53935.517593435754
20,NL0 5 0 onwind,legacy,NL0 5,1,0.0,53935.51759343587,53935.517593435754
20,NL0 6 0 onwind,legacy,NL0 6,1,0.0,53935.51759343587,53935.517593435754
20,NL0 7 0 onwind,legacy,NL0 7,1,0.0,53935.51759343587,53935.517593435754
20,NL0 8 0 onwind,legacy,NL0 8,1,0.0,53935.51759343587,53935.517593435754
20,NL0 9 0 onwind,legacy,NL0 9,1,0.0,53935.51759343587,53935.517593435754
21,NL0 0 Invest,investable,NL0 0,1,0.0,53935.51759343587,59329.06935292875
21,NL0 1 Invest,investable,NL0 1,1,0.0,53935.51759343587,53935.51759357159
21,NL0 10 Invest,investable,NL0 10,1,0.0,53935.51759343587,59329.06935292875
21,NL0 11 Invest,investable,NL0 11,1,0.0,53935.51759343587,53935.51759357159
21,NL0 12 Invest,investable,NL0 12,1,1000.0,53935.51759343587,53935.51759343562
21,NL0 13 Invest,investable,NL0 13,1,0.0,53935.51759343587,53935.51759357159
21,NL0 14 Invest,investable,NL0 14,1,1000.0,53935.51759343587,53935.51759343575
21,NL0 15 Invest,investable,NL0 15,1,1000.0,53935.51759343587,53935.51759343575
21,NL0 16 Invest,investable,NL0 16,1,0.0,53935.51759343587,59329.06935292875
21,NL0 17 Invest,investable,NL0 17,1,0.0,53935.51759343587,59329.06935292875
21,NL0 18 Invest,investable,NL0 18,1,0.0,53935.51759343587,59329.06935292875
21,NL0 19 Invest,investable,NL0 19,1,1000.0,53935.51759343587,53935.51759343575
21,NL0 2 Invest,investable,NL0 2,1,1000.0,53935.51759343587,53935.51759343575
21,NL0 20 Invest,investable,NL0 20,1,0.0,53935.51759343587,59329.06935292875
21,NL0 21 Invest,investable,NL0 21,1,0.0,53935.51759343587,59329.06935292875
21,NL0 22 Invest,investable,NL0 22,1,1000.0,53935.51759343587,53935.51759357159
21,NL0 23 Invest,investable,NL0 23,1,0.0,53935.51759343587,59329.06935292875
21,NL0 24 Invest,investable,NL0 24,1,0.0,53935.51759343587,59329.06935292875
21,NL0 25 Invest,investable,NL0 25,1,1000.0,53935.51759343587,53935.51759343575
21,NL0 26 Invest,investable,NL0 26,1,1000.0,53935.51759343587,53935.51759343575
21,NL0 27 Invest,investable,NL0 27,1,0.0,53935.51759343587,59329.06935292875
21,NL0 28 Invest,investable,NL0 28,1,1000.0,53935.51759343587,53935.51759343575
21,NL0 3 Invest,investable,NL0 3,1,0.0,53935.51759343587,59329.06935292875
21,NL0 30 Invest,investable,NL0 30,1,0.0,53935.51759343587,59329.06935292875
21,NL0 31 Invest,investable,NL0 31,1,1000.0,53935.51759343587,53935.51759343575
21,NL0 33 Invest,investable,NL0 33,1,0.0,53935.51759343587,59329.06935292875
21,NL0 4 Invest,investable,NL0 4,1,1000.0,53935.51759343587,53935.51759343575
21,NL0 5 Invest,investable,NL0 5,1,1000.0,53935.51759343587,53935.51759357159
21,NL0 6 Invest,investable,NL0 6,1,1000.0,53935.51759343587,53935.51759357159
21,NL0 7 Invest,investable,NL0 7,1,1000.0,53935.51759343587,53935.51759357159
21,NL0 8 Invest,investable,NL0 8,1,0.0,53935.51759343587,59329.06935292875
21,NL0 9 Invest,investable,NL0 9,1,634.5076028511185,53935.51759343587,53935.51759357159
21,NL0 1 biomass,legacy,NL0 1,1,71.0,53935.51759343587,53935.51759343587
21,NL0 1 waste,legacy,NL0 1,1,31.0,53935.51759343587,53935.51759343587
21,NL0 10 waste,legacy,NL0 10,1,150.0,53935.51759343587,53935.51759343587
21,NL0 11 biomass,legacy,NL0 11,1,20.0,53935.51759343587,53935.51759343587
21,NL0 11 waste,legacy,NL0 11,1,50.0,53935.51759343587,53935.51759343587
21,NL0 13 biomass,legacy,NL0 13,1,77.0,53935.51759343587,53935.51759343587
21,NL0 19 biomass,legacy,NL0 19,1,49.0,53935.51759343587,53935.51759343587
21,NL0 19 waste,legacy,NL0 19,1,36.0,53935.51759343587,53935.51759343587
21,NL0 22 biomass,legacy,NL0 22,1,500.0,53935.51759343587,53935.51759343587
21,NL0 25 waste,legacy,NL0 25,1,54.0,53935.51759343587,53935.51759343587
21,NL0 27 biomass,legacy,NL0 27,1,22.0,53935.51759343587,53935.51759343587
21,NL0 27 waste,legacy,NL0 27,1,71.2,53935.51759343587,53935.51759343587
21,NL0 3 biomass,legacy,NL0 3,1,22.0,53935.51759343587,53935.51759343587
21,NL0 3 waste,legacy,NL0 3,1,108.0,53935.51759343587,53935.51759343587
21,NL0 30 biomass,legacy,NL0 30,1,60.0,53935.51759343587,53935.51759343587
21,NL0 7 nuclear,legacy,NL0 7,1,515.0,53935.51759343587,53935.51759343587
21,NL0 7 waste,legacy,NL0 7,1,39.0,53935.51759343587,53935.51759343587
21,NL0 8 biomass,legacy,NL0 8,1,36.0,53935.51759343587,53935.51759343587
21,NL0 8 waste,legacy,NL0 8,1,157.0,53935.51759343587,53935.51759343587
21,NL0 9 biomass,legacy,NL0 9,1,20.0,53935.51759343587,53935.51759343587
21,NL0 0 0 solar,legacy,NL0 0,1,0.0,53935.51759343587,53935.517593435754
21,NL0 1 0 solar,legacy,NL0 1,1,0.0,53935.51759343587,53935.517593435754
21,NL0 10 0 solar,legacy,NL0 10,1,0.0,53935.51759343587,53935.517593435754
21,NL0 11 0 solar,legacy,NL0 11,1,0.0,53935.51759343587,53935.517593435754
21,NL0 12 0 solar,legacy,NL0 12,1,0.0,53935.51759343587,53935.517593435754
21,NL0 13 0 solar,legacy,NL0 13,1,0.0,53935.51759343587,53935.517593435754
21,NL0 14 0 solar,legacy,NL0 14,1,0.0,53935.51759343587,53935.517593435754
21,NL0 15 0 solar,legacy,NL0 15,1,0.0,53935.51759343587,53935.517593435754
21,NL0 16 0 solar,legacy,NL0 16,1,0.0,53935.51759343587,53935.517593435754
21,NL0 17 0 solar,legacy,NL0 17,1,0.0,53935.51759343587,53935.517593435754
21,NL0 18 0 solar,legacy,NL0 18,1,0.0,53935.51759343587,53935.517593435754
21,NL0 19 0 solar,legacy,NL0 19,1,0.0,53935.51759343587,53935.517593435754
21,NL0 2 0 solar,legacy,NL0 2,1,0.0,53935.51759343587,53935.517593435754
21,NL0 20 0 solar,legacy,NL0 20,1,0.0,53935.51759343587,53935.517593435754
21,NL0 21 0 solar,legacy,NL0 21,1,0.0,53935.51759343587,53935.517593435754
21,NL0 22 0 solar,legacy,NL0 22,1,0.0,53935.51759343587,53935.517593435754
21,NL0 23 0 solar,legacy,NL0 23,1,0.0,53935.51759343587,53935.517593435754
21,NL0 24 0 solar,legacy,NL0 24,1,0.0,53935.51759343587,53935.517593435754
21,NL0 25 0 solar,legacy,NL0 25,1,0.0,53935.51759343587,53935.517593435754
21,NL0 26 0 solar,legacy,NL0 26,1,0.0,53935.51759343587,53935.517593435754
21,NL0 27 0 solar,legacy,NL0 27,1,0.0,53935.51759343587,53935.517593435754
21,NL0 28 0 solar,legacy,NL0 28,1,0.0,53935.51759343587,53935.517593435754
21,NL0 3 0 solar,legacy,NL0 3,1,0.0,53935.51759343587,53935.517593435754
21,NL0 30 0 solar,legacy,NL0 30,1,0.0,53935.51759343587,53935.517593435754
21,NL0 31 0 solar,legacy,NL0 31,1,0.0,53935.51759343587,53935.517593435754
21,NL0 4 0 solar,legacy,NL0 4,1,0.0,53935.51759343587,53935.517593435754
21,NL0 5 0 solar,legacy,NL0 5,1,0.0,53935.51759343587,53935.517593435754
21,NL0 6 0 solar,legacy,NL0 6,1,0.0,53935.51759343587,53935.517593435754
21,NL0 7 0 solar,legacy,NL0 7,1,0.0,53935.51759343587,53935.517593435754
21,NL0 8 0 solar,legacy,NL0 8,1,0.0,53935.51759343587,53935.517593435754
21,NL0 9 0 solar,legacy,NL0 9,1,0.0,53935.51759343587,53935.517593435754
21,NL0 20 0 offwind-ac,legacy,NL0 20,1,0.0,53935.51759343587,53935.517593435754
21,NL0 27 0 offwind-ac,legacy,NL0 27,1,0.0,53935.51759343587,53935.517593435754
21,NL0 31 0 offwind-ac,legacy,NL0 31,1,0.0,53935.51759343587,53935.517593435754
21,NL0 32 0 offwind-ac,legacy,NL0 32,1,0.0,53935.51759343587,53935.517593435754
21,NL0 7 0 offwind-ac,legacy,NL0 7,1,0.0,53935.51759343587,53935.517593435754
21,NL0 0 0 onwind,legacy,NL0 0,1,0.0,53935.51759343587,53935.517593435754
21,NL0 1 0 onwind,legacy,NL0 1,1,0.0,53935.51759343587,53935.517593435754
21,NL0 10 0 onwind,legacy,NL0 10,1,0.0,53935.51759343587,53935.517593435754
21,NL0 11 0 onwind,legacy,NL0 11,1,0.0,53935.51759343587,53935.517593435754
21,NL0 12 0 onwind,legacy,NL0 12,1,0.0,53935.51759343587,53935.517593435754
21,NL0 13 0 onwind,legacy,NL0 13,1,0.0,53935.51759343587,53935.517593435754
21,NL0 14 0 onwind,legacy,NL0 14,1,0.0,53935.51759343587,53935.517593435754
21,NL0 15 0 onwind,legacy,NL0 15,1,0.0,53935.51759343587,53935.517593435754
21,NL0 17 0 onwind,legacy,NL0 17,1,0.0,53935.51759343587,53935.517593435754
21,NL0 19 0 onwind,legacy,NL0 19,1,0.0,53935.51759343587,53935.517593435754
21,NL0 2 0 onwind,legacy,NL0 2,1,0.0,53935.51759343587,53935.517593435754
21,NL0 20 0 onwind,legacy,NL0 20,1,0.0,53935.51759343587,53935.517593435754
21,NL0 21 0 onwind,legacy,NL0 21,1,0.0,53935.51759343587,53935.517593435754
21,NL0 22 0 onwind,legacy,NL0 22,1,0.0,53935.51759343587,53935.517593435754
21,NL0 23 0 onwind,legacy,NL0 23,1,0.0,53935.51759343587,53935.517593435754
21,NL0 24 0 onwind,legacy,NL0 24,1,0.0,53935.51759343587,53935.517593435754
21,NL0 27 0 onwind,legacy,NL0 27,1,0.0,53935.51759343587,53935.517593435754
21,NL0 3 0 onwind,legacy,NL0 3,1,0.0,53935.51759343587,53935.517593435754
21,NL0 30 0 onwind,legacy,NL0 30,1,0.0,53935.51759343587,53935.517593435754
21,NL0 31 0 onwind,legacy,NL0 31,1,0.0,53935.51759343587,53935.517593435754
21,NL0 4 0 onwind,legacy,NL0 4,1,0.0,53935.51759343587,53935.517593435754
21,NL0 5 0 onwind,legacy,NL0 5,1,0.0,53935.51759343587,53935.517593435754
21,NL0 6 0 onwind,legacy,NL0 6,1,0.0,53935.51759343587,53935.517593435754
21,NL0 7 0 onwind,legacy,NL0 7,1,0.0,53935.51759343587,53935.517593435754
21,NL0 8 0 onwind,legacy,NL0 8,1,0.0,53935.51759343587,53935.517593435754
21,NL0 9 0 onwind,legacy,NL0 9,1,0.0,53935.51759343587,53935.517593435754
22,NL0 0 Invest,investable,NL0 0,1,0.0,53935.517593488104,53935.517593488075
22,NL0 1 Invest,investable,NL0 1,1,999.9999981476726,53935.517593488104,53935.517593488075
22,NL0 10 Invest,investable,NL0 10,1,0.0,53935.517593488104,53935.517593488075
22,NL0 11 Invest,investable,NL0 11,1,1000.0,53935.517593488104,53935.517593488075
22,NL0 12 Invest,investable,NL0 12,1,1000.0,53935.517593488104,53935.51759348806
22,NL0 13 Invest,investable,NL0 13,1,1000.0,53935.517593488104,53935.517593488075
22,NL0 14 Invest,investable,NL0 14,1,1000.0,53935.517593488104,53935.517593488075
22,NL0 15 Invest,investable,NL0 15,1,1000.0,53935.517593488104,53935.517593488075
22,NL0 16 Invest,investable,NL0 16,1,0.0,53935.517593488104,59329.06935293912
22,NL0 17 Invest,investable,NL0 17,1,0.0,53935.517593488104,53935.517593488075
22,NL0 18 Invest,investable,NL0 18,1,0.0,53935.517593488104,53935.517593488075
22,NL0 19 Invest,investable,NL0 19,1,1000.0,53935.517593488104,53935.517593488075
22,NL0 2 Invest,investable,NL0 2,1,1000.0,53935.517593488104,53935.517593488075
22,NL0 20 Invest,investable,NL0 20,1,0.0,53935.517593488104,53935.517593488075
22,NL0 21 Invest,investable,NL0 21,1,0.0,53935.517593488104,53935.517593488075
22,NL0 22 Invest,investable,NL0 22,1,0.0,53935.517593488104,53935.517593488075
22,NL0 23 Invest,investable,NL0 23,1,0.0,53935.517593488104,53935.517593488075
22,NL0 24 Invest,investable,NL0 24,1,0.0,53935.517593488104,53935.517593488075
22,NL0 25 Invest,investable,NL0 25,1,1000.0,53935.517593488104,53935.517593488075
22,NL0 26 Invest,investable,NL0 26,1,1000.0,53935.517593488104,53935.51759348806
22,NL0 27 Invest,investable,NL0 27,1,1.8529974568082253e-6,53935.517593488104,53935.517593488075
22,NL0 28 Invest,investable,NL0 28,1,1000.0,53935.517593488104,53935.517593488075
22,NL0 3 Invest,investable,NL0 3,1,0.0,53935.517593488104,53935.517593488075
22,NL0 30 Invest,investable,NL0 30,1,0.0,53935.517593488104,53935.517593488075
22,NL0 31 Invest,investable,NL0 31,1,1000.0,53935.517593488104,53935.517593488075
22,NL0 33 Invest,investable,NL0 33,1,0.0,53935.517593488104,53935.517593488075
22,NL0 4 Invest,investable,NL0 4,1,1000.0,53935.517593488104,53935.51759348806
22,NL0 5 Invest,investable,NL0 5,1,0.0,53935.517593488104,53935.517593488075
22,NL0 6 Invest,investable,NL0 6,1,634.5076028504479,53935.517593488104,53935.517593488075
22,NL0 7 Invest,investable,NL0 7,1,0.0,53935.517593488104,53935.517593488075
22,NL0 8 Invest,investable,NL0 8,1,0.0,53935.517593488104,53935.517593488075
22,NL0 9 Invest,investable,NL0 9,1,1000.0,53935.517593488104,53935.517593488075
22,NL0 1 biomass,legacy,NL0 1,1,71.0,53935.517593488104,53935.517593488104
22,NL0 1 waste,legacy,NL0 1,1,31.0,53935.517593488104,53935.517593488104
22,NL0 10 waste,legacy,NL0 10,1,150.0,53935.517593488104,53935.517593488104
22,NL0 11 biomass,legacy,NL0 11,1,20.0,53935.517593488104,53935.517593488104
22,NL0 11 waste,legacy,NL0 11,1,50.0,53935.517593488104,53935.517593488104
22,NL0 13 biomass,legacy,NL0 13,1,77.0,53935.517593488104,53935.517593488104
22,NL0 19 biomass,legacy,NL0 19,1,49.0,53935.517593488104,53935.517593488104
22,NL0 19 waste,legacy,NL0 19,1,36.0,53935.517593488104,53935.517593488104
22,NL0 22 biomass,legacy,NL0 22,1,500.0,53935.517593488104,53935.517593488104
22,NL0 25 waste,legacy,NL0 25,1,54.0,53935.517593488104,53935.517593488104
22,NL0 27 biomass,legacy,NL0 27,1,22.0,53935.517593488104,53935.517593488104
22,NL0 27 waste,legacy,NL0 27,1,71.2,53935.517593488104,53935.517593488104
22,NL0 3 biomass,legacy,NL0 3,1,22.0,53935.517593488104,53935.517593488104
22,NL0 3 waste,legacy,NL0 3,1,108.0,53935.517593488104,53935.517593488104
22,NL0 30 biomass,legacy,NL0 30,1,60.0,53935.517593488104,53935.517593488104
22,NL0 7 nuclear,legacy,NL0 7,1,515.0,53935.517593488104,53935.517593488104
22,NL0 7 waste,legacy,NL0 7,1,39.0,53935.517593488104,53935.517593488104
22,NL0 8 biomass,legacy,NL0 8,1,36.0,53935.517593488104,53935.517593488104
22,NL0 8 waste,legacy,NL0 8,1,157.0,53935.517593488104,53935.517593488104
22,NL0 9 biomass,legacy,NL0 9,1,20.0,53935.517593488104,53935.517593488104
22,NL0 0 0 solar,legacy,NL0 0,1,0.0,53935.517593488104,53935.51759348803
22,NL0 1 0 solar,legacy,NL0 1,1,0.0,53935.517593488104,53935.51759348803
22,NL0 10 0 solar,legacy,NL0 10,1,0.0,53935.517593488104,53935.51759348803
22,NL0 11 0 solar,legacy,NL0 11,1,0.0,53935.517593488104,53935.51759348803
22,NL0 12 0 solar,legacy,NL0 12,1,0.0,53935.517593488104,53935.51759348803
22,NL0 13 0 solar,legacy,NL0 13,1,0.0,53935.517593488104,53935.51759348803
22,NL0 14 0 solar,legacy,NL0 14,1,0.0,53935.517593488104,53935.51759348803
22,NL0 15 0 solar,legacy,NL0 15,1,0.0,53935.517593488104,53935.51759348803
22,NL0 16 0 solar,legacy,NL0 16,1,0.0,53935.517593488104,53935.51759348803
22,NL0 17 0 solar,legacy,NL0 17,1,0.0,53935.517593488104,53935.51759348803
22,NL0 18 0 solar,legacy,NL0 18,1,0.0,53935.517593488104,53935.51759348803
22,NL0 19 0 solar,legacy,NL0 19,1,0.0,53935.517593488104,53935.51759348803
22,NL0 2 0 solar,legacy,NL0 2,1,0.0,53935.517593488104,53935.51759348803
22,NL0 20 0 solar,legacy,NL0 20,1,0.0,53935.517593488104,53935.51759348803
22,NL0 21 0 solar,legacy,NL0 21,1,0.0,53935.517593488104,53935.51759348803
22,NL0 22 0 solar,legacy,NL0 22,1,0.0,53935.517593488104,53935.51759348803
22,NL0 23 0 solar,legacy,NL0 23,1,0.0,53935.517593488104,53935.51759348803
22,NL0 24 0 solar,legacy,NL0 24,1,0.0,53935.517593488104,53935.51759348803
22,NL0 25 0 solar,legacy,NL0 25,1,0.0,53935.517593488104,53935.51759348803
22,NL0 26 0 solar,legacy,NL0 26,1,0.0,53935.517593488104,53935.51759348803
22,NL0 27 0 solar,legacy,NL0 27,1,0.0,53935.517593488104,53935.51759348803
22,NL0 28 0 solar,legacy,NL0 28,1,0.0,53935.517593488104,53935.51759348803
22,NL0 3 0 solar,legacy,NL0 3,1,0.0,53935.517593488104,53935.51759348803
22,NL0 30 0 solar,legacy,NL0 30,1,0.0,53935.517593488104,53935.51759348803
22,NL0 31 0 solar,legacy,NL0 31,1,0.0,53935.517593488104,53935.51759348803
22,NL0 4 0 solar,legacy,NL0 4,1,0.0,53935.517593488104,53935.51759348806
22,NL0 5 0 solar,legacy,NL0 5,1,0.0,53935.517593488104,53935.51759348803
22,NL0 6 0 solar,legacy,NL0 6,1,0.0,53935.517593488104,53935.51759348803
22,NL0 7 0 solar,legacy,NL0 7,1,0.0,53935.517593488104,53935.51759348803
22,NL0 8 0 solar,legacy,NL0 8,1,0.0,53935.517593488104,53935.51759348803
22,NL0 9 0 solar,legacy,NL0 9,1,0.0,53935.517593488104,53935.51759348803
22,NL0 20 0 offwind-ac,legacy,NL0 20,1,0.0,53935.517593488104,53935.51759348803
22,NL0 27 0 offwind-ac,legacy,NL0 27,1,0.0,53935.517593488104,53935.51759348803
22,NL0 31 0 offwind-ac,legacy,NL0 31,1,0.0,53935.517593488104,53935.51759348803
22,NL0 32 0 offwind-ac,legacy,NL0 32,1,0.0,53935.517593488104,53935.51759348803
22,NL0 7 0 offwind-ac,legacy,NL0 7,1,0.0,53935.517593488104,53935.51759348803
22,NL0 0 0 onwind,legacy,NL0 0,1,0.0,53935.517593488104,53935.51759348803
22,NL0 1 0 onwind,legacy,NL0 1,1,0.0,53935.517593488104,53935.51759348803
22,NL0 10 0 onwind,legacy,NL0 10,1,0.0,53935.517593488104,53935.51759348803
22,NL0 11 0 onwind,legacy,NL0 11,1,0.0,53935.517593488104,53935.51759348803
22,NL0 12 0 onwind,legacy,NL0 12,1,0.0,53935.517593488104,53935.51759348803
22,NL0 13 0 onwind,legacy,NL0 13,1,0.0,53935.517593488104,53935.51759348803
22,NL0 14 0 onwind,legacy,NL0 14,1,0.0,53935.517593488104,53935.51759348803
22,NL0 15 0 onwind,legacy,NL0 15,1,0.0,53935.517593488104,53935.51759348803
22,NL0 17 0 onwind,legacy,NL0 17,1,0.0,53935.517593488104,53935.51759348803
22,NL0 19 0 onwind,legacy,NL0 19,1,0.0,53935.517593488104,53935.51759348803
22,NL0 2 0 onwind,legacy,NL0 2,1,0.0,53935.517593488104,53935.51759348803
22,NL0 20 0 onwind,legacy,NL0 20,1,0.0,53935.517593488104,53935.51759348803
22,NL0 21 0 onwind,legacy,NL0 21,1,0.0,53935.517593488104,53935.51759348803
22,NL0 22 0 onwind,legacy,NL0 22,1,0.0,53935.517593488104,53935.51759348803
22,NL0 23 0 onwind,legacy,NL0 23,1,0.0,53935.517593488104,53935.51759348803
22,NL0 24 0 onwind,legacy,NL0 24,1,0.0,53935.517593488104,53935.51759348803
22,NL0 27 0 onwind,legacy,NL0 27,1,0.0,53935.517593488104,53935.51759348803
22,NL0 3 0 onwind,legacy,NL0 3,1,0.0,53935.517593488104,53935.51759348803
22,NL0 30 0 onwind,legacy,NL0 30,1,0.0,53935.517593488104,53935.51759348803
22,NL0 31 0 onwind,legacy,NL0 31,1,0.0,53935.517593488104,53935.51759348803
22,NL0 4 0 onwind,legacy,NL0 4,1,0.0,53935.517593488104,53935.51759348803
22,NL0 5 0 onwind,legacy,NL0 5,1,0.0,53935.517593488104,53935.51759348803
22,NL0 6 0 onwind,legacy,NL0 6,1,0.0,53935.517593488104,53935.51759348803
22,NL0 7 0 onwind,legacy,NL0 7,1,0.0,53935.517593488104,53935.51759348803
22,NL0 8 0 onwind,legacy,NL0 8,1,0.0,53935.517593488104,53935.51759348803
22,NL0 9 0 onwind,legacy,NL0 9,1,0.0,53935.517593488104,53935.51759348803
23,NL0 0 Invest,investable,NL0 0,1,0.0,53935.51759343587,59329.06935292875
23,NL0 1 Invest,investable,NL0 1,1,1000.0,53935.51759343587,53935.51759357159
23,NL0 10 Invest,investable,NL0 10,1,0.0,53935.51759343587,59329.06935292875
23,NL0 11 Invest,investable,NL0 11,1,1000.0,53935.51759343587,53935.51759357159
23,NL0 12 Invest,investable,NL0 12,1,1000.0,53935.51759343587,53935.51759343562
23,NL0 13 Invest,investable,NL0 13,1,1000.0,53935.51759343587,53935.51759357159
23,NL0 14 Invest,investable,NL0 14,1,1000.0,53935.51759343587,53935.51759343575
23,NL0 15 Invest,investable,NL0 15,1,1000.0,53935.51759343587,53935.51759343575
23,NL0 16 Invest,investable,NL0 16,1,0.0,53935.51759343587,59329.06935292875
23,NL0 17 Invest,investable,NL0 17,1,0.0,53935.51759343587,59329.06935292875
23,NL0 18 Invest,investable,NL0 18,1,0.0,53935.51759343587,59329.06935292875
23,NL0 19 Invest,investable,NL0 19,1,1000.0,53935.51759343587,53935.51759343575
23,NL0 2 Invest,investable,NL0 2,1,1000.0,53935.51759343587,53935.51759343575
23,NL0 20 Invest,investable,NL0 20,1,0.0,53935.51759343587,59329.06935292875
23,NL0 21 Invest,investable,NL0 21,1,0.0,53935.51759343587,59329.06935292875
23,NL0 22 Invest,investable,NL0 22,1,0.0,53935.51759343587,53935.51759357159
23,NL0 23 Invest,investable,NL0 23,1,0.0,53935.51759343587,59329.06935292875
23,NL0 24 Invest,investable,NL0 24,1,0.0,53935.51759343587,59329.06935292875
23,NL0 25 Invest,investable,NL0 25,1,1000.0,53935.51759343587,53935.51759343575
23,NL0 26 Invest,investable,NL0 26,1,1000.0,53935.51759343587,53935.51759343575
23,NL0 27 Invest,investable,NL0 27,1,0.0,53935.51759343587,59329.06935292875
23,NL0 28 Invest,investable,NL0 28,1,1000.0,53935.51759343587,53935.51759343575
23,NL0 3 Invest,investable,NL0 3,1,0.0,53935.51759343587,59329.06935292875
23,NL0 30 Invest,investable,NL0 30,1,0.0,53935.51759343587,59329.06935292875
23,NL0 31 Invest,investable,NL0 31,1,1000.0,53935.51759343587,53935.51759343575
23,NL0 33 Invest,investable,NL0 33,1,0.0,53935.51759343587,59329.06935292875
23,NL0 4 Invest,investable,NL0 4,1,1000.0,53935.51759343587,53935.51759343575
23,NL0 5 Invest,investable,NL0 5,1,0.0,53935.51759343587,53935.51759357159
23,NL0 6 Invest,investable,NL0 6,1,634.5076028511185,53935.51759343587,53935.51759357159
23,NL0 7 Invest,investable,NL0 7,1,0.0,53935.51759343587,53935.51759357159
23,NL0 8 Invest,investable,NL0 8,1,0.0,53935.51759343587,59329.06935292875
23,NL0 9 Invest,investable,NL0 9,1,1000.0,53935.51759343587,53935.51759357159
23,NL0 1 biomass,legacy,NL0 1,1,71.0,53935.51759343587,53935.51759343587
23,NL0 1 waste,legacy,NL0 1,1,31.0,53935.51759343587,53935.51759343587
23,NL0 10 waste,legacy,NL0 10,1,150.0,53935.51759343587,53935.51759343587
23,NL0 11 biomass,legacy,NL0 11,1,20.0,53935.51759343587,53935.51759343587
23,NL0 11 waste,legacy,NL0 11,1,50.0,53935.51759343587,53935.51759343587
23,NL0 13 biomass,legacy,NL0 13,1,77.0,53935.51759343587,53935.51759343587
23,NL0 19 biomass,legacy,NL0 19,1,49.0,53935.51759343587,53935.51759343587
23,NL0 19 waste,legacy,NL0 19,1,36.0,53935.51759343587,53935.51759343587
23,NL0 22 biomass,legacy,NL0 22,1,500.0,53935.51759343587,53935.51759343587
23,NL0 25 waste,legacy,NL0 25,1,54.0,53935.51759343587,53935.51759343587
23,NL0 27 biomass,legacy,NL0 27,1,22.0,53935.51759343587,53935.51759343587
23,NL0 27 waste,legacy,NL0 27,1,71.2,53935.51759343587,53935.51759343587
23,NL0 3 biomass,legacy,NL0 3,1,22.0,53935.51759343587,53935.51759343587
23,NL0 3 waste,legacy,NL0 3,1,108.0,53935.51759343587,53935.51759343587
23,NL0 30 biomass,legacy,NL0 30,1,60.0,53935.51759343587,53935.51759343587
23,NL0 7 nuclear,legacy,NL0 7,1,515.0,53935.51759343587,53935.51759343587
23,NL0 7 waste,legacy,NL0 7,1,39.0,53935.51759343587,53935.51759343587
23,NL0 8 biomass,legacy,NL0 8,1,36.0,53935.51759343587,53935.51759343587
23,NL0 8 waste,legacy,NL0 8,1,157.0,53935.51759343587,53935.51759343587
23,NL0 9 biomass,legacy,NL0 9,1,20.0,53935.51759343587,53935.51759343587
23,NL0 0 0 solar,legacy,NL0 0,1,0.0,53935.51759343587,53935.517593435754
23,NL0 1 0 solar,legacy,NL0 1,1,0.0,53935.51759343587,53935.517593435754
23,NL0 10 0 solar,legacy,NL0 10,1,0.0,53935.51759343587,53935.517593435754
23,NL0 11 0 solar,legacy,NL0 11,1,0.0,53935.51759343587,53935.517593435754
23,NL0 12 0 solar,legacy,NL0 12,1,0.0,53935.51759343587,53935.517593435754
23,NL0 13 0 solar,legacy,NL0 13,1,0.0,53935.51759343587,53935.517593435754
23,NL0 14 0 solar,legacy,NL0 14,1,0.0,53935.51759343587,53935.517593435754
23,NL0 15 0 solar,legacy,NL0 15,1,0.0,53935.51759343587,53935.517593435754
23,NL0 16 0 solar,legacy,NL0 16,1,0.0,53935.51759343587,53935.517593435754
23,NL0 17 0 solar,legacy,NL0 17,1,0.0,53935.51759343587,53935.517593435754
23,NL0 18 0 solar,legacy,NL0 18,1,0.0,53935.51759343587,53935.517593435754
23,NL0 19 0 solar,legacy,NL0 19,1,0.0,53935.51759343587,53935.517593435754
23,NL0 2 0 solar,legacy,NL0 2,1,0.0,53935.51759343587,53935.517593435754
23,NL0 20 0 solar,legacy,NL0 20,1,0.0,53935.51759343587,53935.517593435754
23,NL0 21 0 solar,legacy,NL0 21,1,0.0,53935.51759343587,53935.517593435754
23,NL0 22 0 solar,legacy,NL0 22,1,0.0,53935.51759343587,53935.517593435754
23,NL0 23 0 solar,legacy,NL0 23,1,0.0,53935.51759343587,53935.517593435754
23,NL0 24 0 solar,legacy,NL0 24,1,0.0,53935.51759343587,53935.517593435754
23,NL0 25 0 solar,legacy,NL0 25,1,0.0,53935.51759343587,53935.517593435754
23,NL0 26 0 solar,legacy,NL0 26,1,0.0,53935.51759343587,53935.517593435754
23,NL0 27 0 solar,legacy,NL0 27,1,0.0,53935.51759343587,53935.517593435754
23,NL0 28 0 solar,legacy,NL0 28,1,0.0,53935.51759343587,53935.517593435754
23,NL0 3 0 solar,legacy,NL0 3,1,0.0,53935.51759343587,53935.517593435754
23,NL0 30 0 solar,legacy,NL0 30,1,0.0,53935.51759343587,53935.517593435754
23,NL0 31 0 solar,legacy,NL0 31,1,0.0,53935.51759343587,53935.517593435754
23,NL0 4 0 solar,legacy,NL0 4,1,0.0,53935.51759343587,53935.517593435754
23,NL0 5 0 solar,legacy,NL0 5,1,0.0,53935.51759343587,53935.517593435754
23,NL0 6 0 solar,legacy,NL0 6,1,0.0,53935.51759343587,53935.517593435754
23,NL0 7 0 solar,legacy,NL0 7,1,0.0,53935.51759343587,53935.517593435754
23,NL0 8 0 solar,legacy,NL0 8,1,0.0,53935.51759343587,53935.517593435754
23,NL0 9 0 solar,legacy,NL0 9,1,0.0,53935.51759343587,53935.517593435754
23,NL0 20 0 offwind-ac,legacy,NL0 20,1,0.0,53935.51759343587,53935.517593435754
23,NL0 27 0 offwind-ac,legacy,NL0 27,1,0.0,53935.51759343587,53935.517593435754
23,NL0 31 0 offwind-ac,legacy,NL0 31,1,0.0,53935.51759343587,53935.517593435754
23,NL0 32 0 offwind-ac,legacy,NL0 32,1,0.0,53935.51759343587,53935.517593435754
23,NL0 7 0 offwind-ac,legacy,NL0 7,1,0.0,53935.51759343587,53935.517593435754
23,NL0 0 0 onwind,legacy,NL0 0,1,0.0,53935.51759343587,53935.517593435754
23,NL0 1 0 onwind,legacy,NL0 1,1,0.0,53935.51759343587,53935.517593435754
23,NL0 10 0 onwind,legacy,NL0 10,1,0.0,53935.51759343587,53935.517593435754
23,NL0 11 0 onwind,legacy,NL0 11,1,0.0,53935.51759343587,53935.517593435754
23,NL0 12 0 onwind,legacy,NL0 12,1,0.0,53935.51759343587,53935.517593435754
23,NL0 13 0 onwind,legacy,NL0 13,1,0.0,53935.51759343587,53935.517593435754
23,NL0 14 0 onwind,legacy,NL0 14,1,0.0,53935.51759343587,53935.517593435754
23,NL0 15 0 onwind,legacy,NL0 15,1,0.0,53935.51759343587,53935.517593435754
23,NL0 17 0 onwind,legacy,NL0 17,1,0.0,53935.51759343587,53935.517593435754
23,NL0 19 0 onwind,legacy,NL0 19,1,0.0,53935.51759343587,53935.517593435754
23,NL0 2 0 onwind,legacy,NL0 2,1,0.0,53935.51759343587,53935.517593435754
23,NL0 20 0 onwind,legacy,NL0 20,1,0.0,53935.51759343587,53935.517593435754
23,NL0 21 0 onwind,legacy,NL0 21,1,0.0,53935.51759343587,53935.517593435754
23,NL0 22 0 onwind,legacy,NL0 22,1,0.0,53935.51759343587,53935.517593435754
23,NL0 23 0 onwind,legacy,NL0 23,1,0.0,53935.51759343587,53935.517593435754
23,NL0 24 0 onwind,legacy,NL0 24,1,0.0,53935.51759343587,53935.517593435754
23,NL0 27 0 onwind,legacy,NL0 27,1,0.0,53935.51759343587,53935.517593435754
23,NL0 3 0 onwind,legacy,NL0 3,1,0.0,53935.51759343587,53935.517593435754
23,NL0 30 0 onwind,legacy,NL0 30,1,0.0,53935.51759343587,53935.517593435754
23,NL0 31 0 onwind,legacy,NL0 31,1,0.0,53935.51759343587,53935.517593435754
23,NL0 4 0 onwind,legacy,NL0 4,1,0.0,53935.51759343587,53935.517593435754
23,NL0 5 0 onwind,legacy,NL0 5,1,0.0,53935.51759343587,53935.517593435754
23,NL0 6 0 onwind,legacy,NL0 6,1,0.0,53935.51759343587,53935.517593435754
23,NL0 7 0 onwind,legacy,NL0 7,1,0.0,53935.51759343587,53935.517593435754
23,NL0 8 0 onwind,legacy,NL0 8,1,0.0,53935.51759343587,53935.517593435754
23,NL0 9 0 onwind,legacy,NL0 9,1,0.0,53935.51759343587,53935.517593435754
24,NL0 0 Invest,investable,NL0 0,1,0.0,53935.51759343587,59329.06935292875
24,NL0 1 Invest,investable,NL0 1,1,0.0,53935.51759343587,53935.51759357159
24,NL0 10 Invest,investable,NL0 10,1,0.0,53935.51759343587,59329.06935292875
24,NL0 11 Invest,investable,NL0 11,1,0.0,53935.51759343587,53935.51759357159
24,NL0 12 Invest,investable,NL0 12,1,1000.0,53935.51759343587,53935.51759343562
24,NL0 13 Invest,investable,NL0 13,1,0.0,53935.51759343587,53935.51759357159
24,NL0 14 Invest,investable,NL0 14,1,1000.0,53935.51759343587,53935.51759343575
24,NL0 15 Invest,investable,NL0 15,1,1000.0,53935.51759343587,53935.51759343575
24,NL0 16 Invest,investable,NL0 16,1,0.0,53935.51759343587,59329.06935292875
24,NL0 17 Invest,investable,NL0 17,1,0.0,53935.51759343587,59329.06935292875
24,NL0 18 Invest,investable,NL0 18,1,0.0,53935.51759343587,59329.06935292875
24,NL0 19 Invest,investable,NL0 19,1,1000.0,53935.51759343587,53935.51759343575
24,NL0 2 Invest,investable,NL0 2,1,1000.0,53935.51759343587,53935.51759343575
24,NL0 20 Invest,investable,NL0 20,1,0.0,53935.51759343587,59329.06935292875
24,NL0 21 Invest,investable,NL0 21,1,0.0,53935.51759343587,59329.06935292875
24,NL0 22 Invest,investable,NL0 22,1,1000.0,53935.51759343587,53935.51759357159
24,NL0 23 Invest,investable,NL0 23,1,0.0,53935.51759343587,59329.06935292875
24,NL0 24 Invest,investable,NL0 24,1,0.0,53935.51759343587,59329.06935292875
24,NL0 25 Invest,investable,NL0 25,1,1000.0,53935.51759343587,53935.51759343575
24,NL0 26 Invest,investable,NL0 26,1,1000.0,53935.51759343587,53935.51759343575
24,NL0 27 Invest,investable,NL0 27,1,0.0,53935.51759343587,59329.06935292875
24,NL0 28 Invest,investable,NL0 28,1,1000.0,53935.51759343587,53935.51759343575
24,NL0 3 Invest,investable,NL0 3,1,0.0,53935.51759343587,59329.06935292875
24,NL0 30 Invest,investable,NL0 30,1,0.0,53935.51759343587,59329.06935292875
24,NL0 31 Invest,investable,NL0 31,1,1000.0,53935.51759343587,53935.51759343575
24,NL0 33 Invest,investable,NL0 33,1,0.0,53935.51759343587,59329.06935292875
24,NL0 4 Invest,investable,NL0 4,1,1000.0,53935.51759343587,53935.51759343575
24,NL0 5 Invest,investable,NL0 5,1,1000.0,53935.51759343587,53935.51759357159
24,NL0 6 Invest,investable,NL0 6,1,1000.0,53935.51759343587,53935.51759357159
24,NL0 7 Invest,investable,NL0 7,1,1000.0,53935.51759343587,53935.51759357159
24,NL0 8 Invest,investable,NL0 8,1,0.0,53935.51759343587,59329.06935292875
24,NL0 9 Invest,investable,NL0 9,1,634.5076028511185,53935.51759343587,53935.51759357159
24,NL0 1 biomass,legacy,NL0 1,1,71.0,53935.51759343587,53935.51759343587
24,NL0 1 waste,legacy,NL0 1,1,31.0,53935.51759343587,53935.51759343587
24,NL0 10 waste,legacy,NL0 10,1,150.0,53935.51759343587,53935.51759343587
24,NL0 11 biomass,legacy,NL0 11,1,20.0,53935.51759343587,53935.51759343587
24,NL0 11 waste,legacy,NL0 11,1,50.0,53935.51759343587,53935.51759343587
24,NL0 13 biomass,legacy,NL0 13,1,77.0,53935.51759343587,53935.51759343587
24,NL0 19 biomass,legacy,NL0 19,1,49.0,53935.51759343587,53935.51759343587
24,NL0 19 waste,legacy,NL0 19,1,36.0,53935.51759343587,53935.51759343587
24,NL0 22 biomass,legacy,NL0 22,1,500.0,53935.51759343587,53935.51759343587
24,NL0 25 waste,legacy,NL0 25,1,54.0,53935.51759343587,53935.51759343587
24,NL0 27 biomass,legacy,NL0 27,1,22.0,53935.51759343587,53935.51759343587
24,NL0 27 waste,legacy,NL0 27,1,71.2,53935.51759343587,53935.51759343587
24,NL0 3 biomass,legacy,NL0 3,1,22.0,53935.51759343587,53935.51759343587
24,NL0 3 waste,legacy,NL0 3,1,108.0,53935.51759343587,53935.51759343587
24,NL0 30 biomass,legacy,NL0 30,1,60.0,53935.51759343587,53935.51759343587
24,NL0 7 nuclear,legacy,NL0 7,1,515.0,53935.51759343587,53935.51759343587
24,NL0 7 waste,legacy,NL0 7,1,39.0,53935.51759343587,53935.51759343587
24,NL0 8 biomass,legacy,NL0 8,1,36.0,53935.51759343587,53935.51759343587
24,NL0 8 waste,legacy,NL0 8,1,157.0,53935.51759343587,53935.51759343587
24,NL0 9 biomass,legacy,NL0 9,1,20.0,53935.51759343587,53935.51759343587
24,NL0 0 0 solar,legacy,NL0 0,1,0.0,53935.51759343587,53935.517593435754
24,NL0 1 0 solar,legacy,NL0 1,1,0.0,53935.51759343587,53935.517593435754
24,NL0 10 0 solar,legacy,NL0 10,1,0.0,53935.51759343587,53935.517593435754
24,NL0 11 0 solar,legacy,NL0 11,1,0.0,53935.51759343587,53935.517593435754
24,NL0 12 0 solar,legacy,NL0 12,1,0.0,53935.51759343587,53935.517593435754
24,NL0 13 0 solar,legacy,NL0 13,1,0.0,53935.51759343587,53935.517593435754
24,NL0 14 0 solar,legacy,NL0 14,1,0.0,53935.51759343587,53935.517593435754
24,NL0 15 0 solar,legacy,NL0 15,1,0.0,53935.51759343587,53935.517593435754
24,NL0 16 0 solar,legacy,NL0 16,1,0.0,53935.51759343587,53935.517593435754
24,NL0 17 0 solar,legacy,NL0 17,1,0.0,53935.51759343587,53935.517593435754
24,NL0 18 0 solar,legacy,NL0 18,1,0.0,53935.51759343587,53935.517593435754
24,NL0 19 0 solar,legacy,NL0 19,1,0.0,53935.51759343587,53935.517593435754
24,NL0 2 0 solar,legacy,NL0 2,1,0.0,53935.51759343587,53935.517593435754
24,NL0 20 0 solar,legacy,NL0 20,1,0.0,53935.51759343587,53935.517593435754
24,NL0 21 0 solar,legacy,NL0 21,1,0.0,53935.51759343587,53935.517593435754
24,NL0 22 0 solar,legacy,NL0 22,1,0.0,53935.51759343587,53935.517593435754
24,NL0 23 0 solar,legacy,NL0 23,1,0.0,53935.51759343587,53935.517593435754
24,NL0 24 0 solar,legacy,NL0 24,1,0.0,53935.51759343587,53935.517593435754
24,NL0 25 0 solar,legacy,NL0 25,1,0.0,53935.51759343587,53935.517593435754
24,NL0 26 0 solar,legacy,NL0 26,1,0.0,53935.51759343587,53935.517593435754
24,NL0 27 0 solar,legacy,NL0 27,1,0.0,53935.51759343587,53935.517593435754
24,NL0 28 0 solar,legacy,NL0 28,1,0.0,53935.51759343587,53935.517593435754
24,NL0 3 0 solar,legacy,NL0 3,1,0.0,53935.51759343587,53935.517593435754
24,NL0 30 0 solar,legacy,NL0 30,1,0.0,53935.51759343587,53935.517593435754
24,NL0 31 0 solar,legacy,NL0 31,1,0.0,53935.51759343587,53935.517593435754
24,NL0 4 0 solar,legacy,NL0 4,1,0.0,53935.51759343587,53935.517593435754
24,NL0 5 0 solar,legacy,NL0 5,1,0.0,53935.51759343587,53935.517593435754
24,NL0 6 0 solar,legacy,NL0 6,1,0.0,53935.51759343587,53935.517593435754
24,NL0 7 0 solar,legacy,NL0 7,1,0.0,53935.51759343587,53935.517593435754
24,NL0 8 0 solar,legacy,NL0 8,1,0.0,53935.51759343587,53935.517593435754
24,NL0 9 0 solar,legacy,NL0 9,1,0.0,53935.51759343587,53935.517593435754
24,NL0 20 0 offwind-ac,legacy,NL0 20,1,0.0,53935.51759343587,53935.517593435754
24,NL0 27 0 offwind-ac,legacy,NL0 27,1,0.0,53935.51759343587,53935.517593435754
24,NL0 31 0 offwind-ac,legacy,NL0 31,1,0.0,53935.51759343587,53935.517593435754
24,NL0 32 0 offwind-ac,legacy,NL0 32,1,0.0,53935.51759343587,53935.517593435754
24,NL0 7 0 offwind-ac,legacy,NL0 7,1,0.0,53935.51759343587,53935.517593435754
24,NL0 0 0 onwind,legacy,NL0 0,1,0.0,53935.51759343587,53935.517593435754
24,NL0 1 0 onwind,legacy,NL0 1,1,0.0,53935.51759343587,53935.517593435754
24,NL0 10 0 onwind,legacy,NL0 10,1,0.0,53935.51759343587,53935.517593435754
24,NL0 11 0 onwind,legacy,NL0 11,1,0.0,53935.51759343587,53935.517593435754
24,NL0 12 0 onwind,legacy,NL0 12,1,0.0,53935.51759343587,53935.517593435754
24,NL0 13 0 onwind,legacy,NL0 13,1,0.0,53935.51759343587,53935.517593435754
24,NL0 14 0 onwind,legacy,NL0 14,1,0.0,53935.51759343587,53935.517593435754
24,NL0 15 0 onwind,legacy,NL0 15,1,0.0,53935.51759343587,53935.517593435754
24,NL0 17 0 onwind,legacy,NL0 17,1,0.0,53935.51759343587,53935.517593435754
24,NL0 19 0 onwind,legacy,NL0 19,1,0.0,53935.51759343587,53935.517593435754
24,NL0 2 0 onwind,legacy,NL0 2,1,0.0,53935.51759343587,53935.517593435754
24,NL0 20 0 onwind,legacy,NL0 20,1,0.0,53935.51759343587,53935.517593435754
24,NL0 21 0 onwind,legacy,NL0 21,1,0.0,53935.51759343587,53935.517593435754
24,NL0 22 0 onwind,legacy,NL0 22,1,0.0,53935.51759343587,53935.517593435754
24,NL0 23 0 onwind,legacy,NL0 23,1,0.0,53935.51759343587,53935.517593435754
24,NL0 24 0 onwind,legacy,NL0 24,1,0.0,53935.51759343587,53935.517593435754
24,NL0 27 0 onwind,legacy,NL0 27,1,0.0,53935.51759343587,53935.517593435754
24,NL0 3 0 onwind,legacy,NL0 3,1,0.0,53935.51759343587,53935.517593435754
24,NL0 30 0 onwind,legacy,NL0 30,1,0.0,53935.51759343587,53935.517593435754
24,NL0 31 0 onwind,legacy,NL0 31,1,0.0,53935.51759343587,53935.517593435754
24,NL0 4 0 onwind,legacy,NL0 4,1,0.0,53935.51759343587,53935.517593435754
24,NL0 5 0 onwind,legacy,NL0 5,1,0.0,53935.51759343587,53935.517593435754
24,NL0 6 0 onwind,legacy,NL0 6,1,0.0,53935.51759343587,53935.517593435754
24,NL0 7 0 onwind,legacy,NL0 7,1,0.0,53935.51759343587,53935.517593435754
24,NL0 8 0 onwind,legacy,NL0 8,1,0.0,53935.51759343587,53935.517593435754
24,NL0 9 0 onwind,legacy,NL0 9,1,0.0,53935.51759343587,53935.517593435754
25,NL0 0 Invest,investable,NL0 0,1,0.0,53935.5175935712,53935.517593571174
25,NL0 1 Invest,investable,NL0 1,1,1000.0,53935.5175935712,53935.5175935712
25,NL0 10 Invest,investable,NL0 10,1,0.0,53935.5175935712,59329.06935293344
25,NL0 11 Invest,investable,NL0 11,1,0.0,53935.5175935712,53935.5175935712
25,NL0 12 Invest,investable,NL0 12,1,999.9999999971617,53935.5175935712,53935.5175935712
25,NL0 13 Invest,investable,NL0 13,1,1000.0,53935.5175935712,53935.5175935712
25,NL0 14 Invest,investable,NL0 14,1,999.9999999971549,53935.5175935712,53935.5175935712
25,NL0 15 Invest,investable,NL0 15,1,1000.0,53935.5175935712,53935.5175935712
25,NL0 16 Invest,investable,NL0 16,1,0.0,53935.5175935712,53935.51759358651
25,NL0 17 Invest,investable,NL0 17,1,0.0,53935.5175935712,59329.06935292875
25,NL0 18 Invest,investable,NL0 18,1,0.0,53935.5175935712,59329.06935292816
25,NL0 19 Invest,investable,NL0 19,1,999.9999999971617,53935.5175935712,53935.5175935712
25,NL0 2 Invest,investable,NL0 2,1,999.9999999971549,53935.5175935712,53935.5175935712
25,NL0 20 Invest,investable,NL0 20,1,0.0,53935.5175935712,59329.06935293606
25,NL0 21 Invest,investable,NL0 21,1,0.0,53935.5175935712,53935.51759358651
25,NL0 22 Invest,investable,NL0 22,1,0.0,53935.5175935712,53935.517593571225
25,NL0 23 Invest,investable,NL0 23,1,0.0,53935.5175935712,53935.5175935712
25,NL0 24 Invest,investable,NL0 24,1,0.0,53935.5175935712,59329.06935293606
25,NL0 25 Invest,investable,NL0 25,1,1000.0,53935.5175935712,53935.5175935712
25,NL0 26 Invest,investable,NL0 26,1,999.9999999971576,53935.5175935712,53935.5175935712
25,NL0 27 Invest,investable,NL0 27,1,0.0,53935.5175935712,59329.06935293606
25,NL0 28 Invest,investable,NL0 28,1,999.9999999971603,53935.5175935712,53935.5175935712
25,NL0 3 Invest,investable,NL0 3,1,0.0,53935.5175935712,53935.51759358651
25,NL0 30 Invest,investable,NL0 30,1,0.0,53935.5175935712,53935.517593571174
25,NL0 31 Invest,investable,NL0 31,1,1000.0,53935.5175935712,53935.5175935712
25,NL0 33 Invest,investable,NL0 33,1,0.0,53935.5175935712,53935.517593571174
25,NL0 4 Invest,investable,NL0 4,1,1000.0,53935.5175935712,53935.5175935712
25,NL0 5 Invest,investable,NL0 5,1,634.5076028681665,53935.5175935712,53935.5175935712
25,NL0 6 Invest,investable,NL0 6,1,1000.0,53935.5175935712,53935.5175935712
25,NL0 7 Invest,investable,NL0 7,1,0.0,53935.5175935712,53935.5175935712
25,NL0 8 Invest,investable,NL0 8,1,0.0,53935.5175935712,53935.517593586526
25,NL0 9 Invest,investable,NL0 9,1,1000.0,53935.5175935712,53935.5175935712
25,NL0 1 biomass,legacy,NL0 1,1,71.0,53935.5175935712,53935.5175935712
25,NL0 1 waste,legacy,NL0 1,1,31.0,53935.5175935712,53935.5175935712
25,NL0 10 waste,legacy,NL0 10,1,150.0,53935.5175935712,53935.5175935712
25,NL0 11 biomass,legacy,NL0 11,1,20.0,53935.5175935712,53935.5175935712
25,NL0 11 waste,legacy,NL0 11,1,50.0,53935.5175935712,53935.5175935712
25,NL0 13 biomass,legacy,NL0 13,1,77.0,53935.5175935712,53935.5175935712
25,NL0 19 biomass,legacy,NL0 19,1,49.0,53935.5175935712,53935.5175935712
25,NL0 19 waste,legacy,NL0 19,1,36.0,53935.5175935712,53935.5175935712
25,NL0 22 biomass,legacy,NL0 22,1,500.0,53935.5175935712,53935.5175935712
25,NL0 25 waste,legacy,NL0 25,1,54.0,53935.5175935712,53935.5175935712
25,NL0 27 biomass,legacy,NL0 27,1,22.0,53935.5175935712,53935.5175935712
25,NL0 27 waste,legacy,NL0 27,1,71.2,53935.5175935712,53935.5175935712
25,NL0 3 biomass,legacy,NL0 3,1,22.0,53935.5175935712,53935.5175935712
25,NL0 3 waste,legacy,NL0 3,1,108.0,53935.5175935712,53935.5175935712
25,NL0 30 biomass,legacy,NL0 30,1,60.0,53935.5175935712,53935.5175935712
25,NL0 7 nuclear,legacy,NL0 7,1,515.0,53935.5175935712,53935.5175935712
25,NL0 7 waste,legacy,NL0 7,1,39.0,53935.5175935712,53935.5175935712
25,NL0 8 biomass,legacy,NL0 8,1,36.0,53935.5175935712,53935.5175935712
25,NL0 8 waste,legacy,NL0 8,1,157.0,53935.5175935712,53935.5175935712
25,NL0 9 biomass,legacy,NL0 9,1,20.0,53935.5175935712,53935.5175935712
25,NL0 0 0 solar,legacy,NL0 0,1,0.0,53935.5175935712,118658.1387058575
25,NL0 1 0 solar,legacy,NL0 1,1,0.0,53935.5175935712,118658.1387058575
25,NL0 10 0 solar,legacy,NL0 10,1,0.0,53935.5175935712,118658.1387058575
25,NL0 11 0 solar,legacy,NL0 11,1,0.0,53935.5175935712,118658.1387058575
25,NL0 12 0 solar,legacy,NL0 12,1,0.0,53935.5175935712,118658.1387058575
25,NL0 13 0 solar,legacy,NL0 13,1,0.0,53935.5175935712,118658.1387058575
25,NL0 14 0 solar,legacy,NL0 14,1,0.0,53935.5175935712,118658.1387058575
25,NL0 15 0 solar,legacy,NL0 15,1,0.0,53935.5175935712,118658.1387058575
25,NL0 16 0 solar,legacy,NL0 16,1,0.0,53935.5175935712,118658.1387058575
25,NL0 17 0 solar,legacy,NL0 17,1,0.0,53935.5175935712,118658.1387058575
25,NL0 18 0 solar,legacy,NL0 18,1,0.0,53935.5175935712,118658.1387058575
25,NL0 19 0 solar,legacy,NL0 19,1,0.0,53935.5175935712,118658.1387058575
25,NL0 2 0 solar,legacy,NL0 2,1,0.0,53935.5175935712,118658.1387058575
25,NL0 20 0 solar,legacy,NL0 20,1,0.0,53935.5175935712,118658.1387058575
25,NL0 21 0 solar,legacy,NL0 21,1,0.0,53935.5175935712,118658.1387058575
25,NL0 22 0 solar,legacy,NL0 22,1,0.0,53935.5175935712,118658.1387058575
25,NL0 23 0 solar,legacy,NL0 23,1,0.0,53935.5175935712,118658.1387058575
25,NL0 24 0 solar,legacy,NL0 24,1,0.0,53935.5175935712,118658.1387058575
25,NL0 25 0 solar,legacy,NL0 25,1,0.0,53935.5175935712,118658.1387058575
25,NL0 26 0 solar,legacy,NL0 26,1,0.0,53935.5175935712,118658.1387058575
25,NL0 27 0 solar,legacy,NL0 27,1,0.0,53935.5175935712,118658.1387058575
25,NL0 28 0 solar,legacy,NL0 28,1,0.0,53935.5175935712,118658.1387058575
25,NL0 3 0 solar,legacy,NL0 3,1,0.0,53935.5175935712,118658.1387058575
25,NL0 30 0 solar,legacy,NL0 30,1,0.0,53935.5175935712,118658.1387058575
25,NL0 31 0 solar,legacy,NL0 31,1,0.0,53935.5175935712,118658.1387058575
25,NL0 4 0 solar,legacy,NL0 4,1,0.0,53935.5175935712,118658.1387058575
25,NL0 5 0 solar,legacy,NL0 5,1,0.0,53935.5175935712,118658.1387058575
25,NL0 6 0 solar,legacy,NL0 6,1,0.0,53935.5175935712,118658.1387058575
25,NL0 7 0 solar,legacy,NL0 7,1,0.0,53935.5175935712,118658.1387058575
25,NL0 8 0 solar,legacy,NL0 8,1,0.0,53935.5175935712,118658.1387058575
25,NL0 9 0 solar,legacy,NL0 9,1,0.0,53935.5175935712,118658.1387058575
25,NL0 20 0 offwind-ac,legacy,NL0 20,1,0.0,53935.5175935712,118658.1387058575
25,NL0 27 0 offwind-ac,legacy,NL0 27,1,0.0,53935.5175935712,118658.1387058575
25,NL0 31 0 offwind-ac,legacy,NL0 31,1,0.0,53935.5175935712,118658.1387058575
25,NL0 32 0 offwind-ac,legacy,NL0 32,1,0.0,53935.5175935712,118658.1387058575
25,NL0 7 0 offwind-ac,legacy,NL0 7,1,0.0,53935.5175935712,118658.1387058575
25,NL0 0 0 onwind,legacy,NL0 0,1,0.0,53935.5175935712,118658.1387058575
25,NL0 1 0 onwind,legacy,NL0 1,1,0.0,53935.5175935712,118658.1387058575
25,NL0 10 0 onwind,legacy,NL0 10,1,0.0,53935.5175935712,118658.1387058575
25,NL0 11 0 onwind,legacy,NL0 11,1,0.0,53935.5175935712,118658.1387058575
25,NL0 12 0 onwind,legacy,NL0 12,1,0.0,53935.5175935712,118658.1387058575
25,NL0 13 0 onwind,legacy,NL0 13,1,0.0,53935.5175935712,118658.1387058575
25,NL0 14 0 onwind,legacy,NL0 14,1,0.0,53935.5175935712,118658.1387058575
25,NL0 15 0 onwind,legacy,NL0 15,1,0.0,53935.5175935712,118658.1387058575
25,NL0 17 0 onwind,legacy,NL0 17,1,0.0,53935.5175935712,118658.1387058575
25,NL0 19 0 onwind,legacy,NL0 19,1,0.0,53935.5175935712,118658.1387058575
25,NL0 2 0 onwind,legacy,NL0 2,1,0.0,53935.5175935712,118658.1387058575
25,NL0 20 0 onwind,legacy,NL0 20,1,0.0,53935.5175935712,118658.1387058575
25,NL0 21 0 onwind,legacy,NL0 21,1,0.0,53935.5175935712,118658.1387058575
25,NL0 22 0 onwind,legacy,NL0 22,1,0.0,53935.5175935712,118658.1387058575
25,NL0 23 0 onwind,legacy,NL0 23,1,0.0,53935.5175935712,118658.1387058575
25,NL0 24 0 onwind,legacy,NL0 24,1,0.0,53935.5175935712,118658.1387058575
25,NL0 27 0 onwind,legacy,NL0 27,1,0.0,53935.5175935712,118658.1387058575
25,NL0 3 0 onwind,legacy,NL0 3,1,0.0,53935.5175935712,118658.1387058575
25,NL0 30 0 onwind,legacy,NL0 30,1,0.0,53935.5175935712,118658.1387058575
25,NL0 31 0 onwind,legacy,NL0 31,1,0.0,53935.5175935712,118658.1387058575
25,NL0 4 0 onwind,legacy,NL0 4,1,0.0,53935.5175935712,118658.1387058575
25,NL0 5 0 onwind,legacy,NL0 5,1,0.0,53935.5175935712,118658.1387058575
25,NL0 6 0 onwind,legacy,NL0 6,1,0.0,53935.5175935712,118658.1387058575
25,NL0 7 0 onwind,legacy,NL0 7,1,0.0,53935.5175935712,118658.1387058575
25,NL0 8 0 onwind,legacy,NL0 8,1,0.0,53935.5175935712,118658.1387058575
25,NL0 9 0 onwind,legacy,NL0 9,1,0.0,53935.5175935712,118658.1387058575
26,NL0 0 Invest,investable,NL0 0,1,0.0,53935.51759343587,59329.06935292875
26,NL0 1 Invest,investable,NL0 1,1,0.0,53935.51759343587,53935.51759357159
26,NL0 10 Invest,investable,NL0 10,1,0.0,53935.51759343587,59329.06935292875
26,NL0 11 Invest,investable,NL0 11,1,1000.0,53935.51759343587,53935.51759357159
26,NL0 12 Invest,investable,NL0 12,1,1000.0,53935.51759343587,53935.51759343562
26,NL0 13 Invest,investable,NL0 13,1,0.0,53935.51759343587,53935.51759357159
26,NL0 14 Invest,investable,NL0 14,1,1000.0,53935.51759343587,53935.51759343575
26,NL0 15 Invest,investable,NL0 15,1,1000.0,53935.51759343587,53935.51759343575
26,NL0 16 Invest,investable,NL0 16,1,0.0,53935.51759343587,59329.06935292875
26,NL0 17 Invest,investable,NL0 17,1,0.0,53935.51759343587,59329.06935292875
26,NL0 18 Invest,investable,NL0 18,1,0.0,53935.51759343587,59329.06935292875
26,NL0 19 Invest,investable,NL0 19,1,1000.0,53935.51759343587,53935.51759343575
26,NL0 2 Invest,investable,NL0 2,1,1000.0,53935.51759343587,53935.51759343575
26,NL0 20 Invest,investable,NL0 20,1,0.0,53935.51759343587,59329.06935292875
26,NL0 21 Invest,investable,NL0 21,1,0.0,53935.51759343587,59329.06935292875
26,NL0 22 Invest,investable,NL0 22,1,1000.0,53935.51759343587,53935.51759357159
26,NL0 23 Invest,investable,NL0 23,1,0.0,53935.51759343587,59329.06935292875
26,NL0 24 Invest,investable,NL0 24,1,0.0,53935.51759343587,59329.06935292875
26,NL0 25 Invest,investable,NL0 25,1,1000.0,53935.51759343587,53935.51759343575
26,NL0 26 Invest,investable,NL0 26,1,1000.0,53935.51759343587,53935.51759343575
26,NL0 27 Invest,investable,NL0 27,1,0.0,53935.51759343587,59329.06935292875
26,NL0 28 Invest,investable,NL0 28,1,1000.0,53935.51759343587,53935.51759343575
26,NL0 3 Invest,investable,NL0 3,1,0.0,53935.51759343587,59329.06935292875
26,NL0 30 Invest,investable,NL0 30,1,0.0,53935.51759343587,59329.06935292875
26,NL0 31 Invest,investable,NL0 31,1,1000.0,53935.51759343587,53935.51759343575
26,NL0 33 Invest,investable,NL0 33,1,0.0,53935.51759343587,59329.06935292875
26,NL0 4 Invest,investable,NL0 4,1,1000.0,53935.51759343587,53935.51759343575
26,NL0 5 Invest,investable,NL0 5,1,1000.0,53935.51759343587,53935.51759357159
26,NL0 6 Invest,investable,NL0 6,1,634.5076028511185,53935.51759343587,53935.51759357159
26,NL0 7 Invest,investable,NL0 7,1,1000.0,53935.51759343587,53935.51759357159
26,NL0 8 Invest,investable,NL0 8,1,0.0,53935.51759343587,59329.06935292875
26,NL0 9 Invest,investable,NL0 9,1,0.0,53935.51759343587,53935.51759357159
26,NL0 1 biomass,legacy,NL0 1,1,71.0,53935.51759343587,53935.51759343587
26,NL0 1 waste,legacy,NL0 1,1,31.0,53935.51759343587,53935.51759343587
26,NL0 10 waste,legacy,NL0 10,1,150.0,53935.51759343587,53935.51759343587
26,NL0 11 biomass,legacy,NL0 11,1,20.0,53935.51759343587,53935.51759343587
26,NL0 11 waste,legacy,NL0 11,1,50.0,53935.51759343587,53935.51759343587
26,NL0 13 biomass,legacy,NL0 13,1,77.0,53935.51759343587,53935.51759343587
26,NL0 19 biomass,legacy,NL0 19,1,49.0,53935.51759343587,53935.51759343587
26,NL0 19 waste,legacy,NL0 19,1,36.0,53935.51759343587,53935.51759343587
26,NL0 22 biomass,legacy,NL0 22,1,500.0,53935.51759343587,53935.51759343587
26,NL0 25 waste,legacy,NL0 25,1,54.0,53935.51759343587,53935.51759343587
26,NL0 27 biomass,legacy,NL0 27,1,22.0,53935.51759343587,53935.51759343587
26,NL0 27 waste,legacy,NL0 27,1,71.2,53935.51759343587,53935.51759343587
26,NL0 3 biomass,legacy,NL0 3,1,22.0,53935.51759343587,53935.51759343587
26,NL0 3 waste,legacy,NL0 3,1,108.0,53935.51759343587,53935.51759343587
26,NL0 30 biomass,legacy,NL0 30,1,60.0,53935.51759343587,53935.51759343587
26,NL0 7 nuclear,legacy,NL0 7,1,515.0,53935.51759343587,53935.51759343587
26,NL0 7 waste,legacy,NL0 7,1,39.0,53935.51759343587,53935.51759343587
26,NL0 8 biomass,legacy,NL0 8,1,36.0,53935.51759343587,53935.51759343587
26,NL0 8 waste,legacy,NL0 8,1,157.0,53935.51759343587,53935.51759343587
26,NL0 9 biomass,legacy,NL0 9,1,20.0,53935.51759343587,53935.51759343587
26,NL0 0 0 solar,legacy,NL0 0,1,0.0,53935.51759343587,53935.517593435754
26,NL0 1 0 solar,legacy,NL0 1,1,0.0,53935.51759343587,53935.517593435754
26,NL0 10 0 solar,legacy,NL0 10,1,0.0,53935.51759343587,53935.517593435754
26,NL0 11 0 solar,legacy,NL0 11,1,0.0,53935.51759343587,53935.517593435754
26,NL0 12 0 solar,legacy,NL0 12,1,0.0,53935.51759343587,53935.517593435754
26,NL0 13 0 solar,legacy,NL0 13,1,0.0,53935.51759343587,53935.517593435754
26,NL0 14 0 solar,legacy,NL0 14,1,0.0,53935.51759343587,53935.517593435754
26,NL0 15 0 solar,legacy,NL0 15,1,0.0,53935.51759343587,53935.517593435754
26,NL0 16 0 solar,legacy,NL0 16,1,0.0,53935.51759343587,53935.517593435754
26,NL0 17 0 solar,legacy,NL0 17,1,0.0,53935.51759343587,53935.517593435754
26,NL0 18 0 solar,legacy,NL0 18,1,0.0,53935.51759343587,53935.517593435754
26,NL0 19 0 solar,legacy,NL0 19,1,0.0,53935.51759343587,53935.517593435754
26,NL0 2 0 solar,legacy,NL0 2,1,0.0,53935.51759343587,53935.517593435754
26,NL0 20 0 solar,legacy,NL0 20,1,0.0,53935.51759343587,53935.517593435754
26,NL0 21 0 solar,legacy,NL0 21,1,0.0,53935.51759343587,53935.517593435754
26,NL0 22 0 solar,legacy,NL0 22,1,0.0,53935.51759343587,53935.517593435754
26,NL0 23 0 solar,legacy,NL0 23,1,0.0,53935.51759343587,53935.517593435754
26,NL0 24 0 solar,legacy,NL0 24,1,0.0,53935.51759343587,53935.517593435754
26,NL0 25 0 solar,legacy,NL0 25,1,0.0,53935.51759343587,53935.517593435754
26,NL0 26 0 solar,legacy,NL0 26,1,0.0,53935.51759343587,53935.517593435754
26,NL0 27 0 solar,legacy,NL0 27,1,0.0,53935.51759343587,53935.517593435754
26,NL0 28 0 solar,legacy,NL0 28,1,0.0,53935.51759343587,53935.517593435754
26,NL0 3 0 solar,legacy,NL0 3,1,0.0,53935.51759343587,53935.517593435754
26,NL0 30 0 solar,legacy,NL0 30,1,0.0,53935.51759343587,53935.517593435754
26,NL0 31 0 solar,legacy,NL0 31,1,0.0,53935.51759343587,53935.517593435754
26,NL0 4 0 solar,legacy,NL0 4,1,0.0,53935.51759343587,53935.517593435754
26,NL0 5 0 solar,legacy,NL0 5,1,0.0,53935.51759343587,53935.517593435754
26,NL0 6 0 solar,legacy,NL0 6,1,0.0,53935.51759343587,53935.517593435754
26,NL0 7 0 solar,legacy,NL0 7,1,0.0,53935.51759343587,53935.517593435754
26,NL0 8 0 solar,legacy,NL0 8,1,0.0,53935.51759343587,53935.517593435754
26,NL0 9 0 solar,legacy,NL0 9,1,0.0,53935.51759343587,53935.517593435754
26,NL0 20 0 offwind-ac,legacy,NL0 20,1,0.0,53935.51759343587,53935.517593435754
26,NL0 27 0 offwind-ac,legacy,NL0 27,1,0.0,53935.51759343587,53935.517593435754
26,NL0 31 0 offwind-ac,legacy,NL0 31,1,0.0,53935.51759343587,53935.517593435754
26,NL0 32 0 offwind-ac,legacy,NL0 32,1,0.0,53935.51759343587,53935.517593435754
26,NL0 7 0 offwind-ac,legacy,NL0 7,1,0.0,53935.51759343587,53935.517593435754
26,NL0 0 0 onwind,legacy,NL0 0,1,0.0,53935.51759343587,53935.517593435754
26,NL0 1 0 onwind,legacy,NL0 1,1,0.0,53935.51759343587,53935.517593435754
26,NL0 10 0 onwind,legacy,NL0 10,1,0.0,53935.51759343587,53935.517593435754
26,NL0 11 0 onwind,legacy,NL0 11,1,0.0,53935.51759343587,53935.517593435754
26,NL0 12 0 onwind,legacy,NL0 12,1,0.0,53935.51759343587,53935.517593435754
26,NL0 13 0 onwind,legacy,NL0 13,1,0.0,53935.51759343587,53935.517593435754
26,NL0 14 0 onwind,legacy,NL0 14,1,0.0,53935.51759343587,53935.517593435754
26,NL0 15 0 onwind,legacy,NL0 15,1,0.0,53935.51759343587,53935.517593435754
26,NL0 17 0 onwind,legacy,NL0 17,1,0.0,53935.51759343587,53935.517593435754
26,NL0 19 0 onwind,legacy,NL0 19,1,0.0,53935.51759343587,53935.517593435754
26,NL0 2 0 onwind,legacy,NL0 2,1,0.0,53935.51759343587,53935.517593435754
26,NL0 20 0 onwind,legacy,NL0 20,1,0.0,53935.51759343587,53935.517593435754
26,NL0 21 0 onwind,legacy,NL0 21,1,0.0,53935.51759343587,53935.517593435754
26,NL0 22 0 onwind,legacy,NL0 22,1,0.0,53935.51759343587,53935.517593435754
26,NL0 23 0 onwind,legacy,NL0 23,1,0.0,53935.51759343587,53935.517593435754
26,NL0 24 0 onwind,legacy,NL0 24,1,0.0,53935.51759343587,53935.517593435754
26,NL0 27 0 onwind,legacy,NL0 27,1,0.0,53935.51759343587,53935.517593435754
26,NL0 3 0 onwind,legacy,NL0 3,1,0.0,53935.51759343587,53935.517593435754
26,NL0 30 0 onwind,legacy,NL0 30,1,0.0,53935.51759343587,53935.517593435754
26,NL0 31 0 onwind,legacy,NL0 31,1,0.0,53935.51759343587,53935.517593435754
26,NL0 4 0 onwind,legacy,NL0 4,1,0.0,53935.51759343587,53935.517593435754
26,NL0 5 0 onwind,legacy,NL0 5,1,0.0,53935.51759343587,53935.517593435754
26,NL0 6 0 onwind,legacy,NL0 6,1,0.0,53935.51759343587,53935.517593435754
26,NL0 7 0 onwind,legacy,NL0 7,1,0.0,53935.51759343587,53935.517593435754
26,NL0 8 0 onwind,legacy,NL0 8,1,0.0,53935.51759343587,53935.517593435754
26,NL0 9 0 onwind,legacy,NL0 9,1,0.0,53935.51759343587,53935.517593435754
27,NL0 0 Invest,investable,NL0 0,1,0.0,53935.51759343584,53935.51759343581
27,NL0 1 Invest,investable,NL0 1,1,0.0,53935.51759343584,53935.5175934358
27,NL0 10 Invest,investable,NL0 10,1,0.0,53935.51759343584,59329.06935292928
27,NL0 11 Invest,investable,NL0 11,1,0.0,53935.51759343584,53935.51759343581
27,NL0 12 Invest,investable,NL0 12,1,1000.0,53935.51759343584,53935.51759343581
27,NL0 13 Invest,investable,NL0 13,1,0.0,53935.51759343584,53935.51759343581
27,NL0 14 Invest,investable,NL0 14,1,1000.0,53935.51759343584,53935.51759343581
27,NL0 15 Invest,investable,NL0 15,1,1000.0,53935.51759343584,53935.51759343581
27,NL0 16 Invest,investable,NL0 16,1,0.0,53935.51759343584,53935.51759343581
27,NL0 17 Invest,investable,NL0 17,1,0.0,53935.51759343584,53935.51759343581
27,NL0 18 Invest,investable,NL0 18,1,0.0,53935.51759343584,53935.51759343581
27,NL0 19 Invest,investable,NL0 19,1,1000.0,53935.51759343584,53935.51759343581
27,NL0 2 Invest,investable,NL0 2,1,1000.0,53935.51759343584,53935.51759343581
27,NL0 20 Invest,investable,NL0 20,1,0.0,53935.51759343584,59329.06935292928
27,NL0 21 Invest,investable,NL0 21,1,0.0,53935.51759343584,53935.51759343581
27,NL0 22 Invest,investable,NL0 22,1,1000.0,53935.51759343584,53935.5175934358
27,NL0 23 Invest,investable,NL0 23,1,0.0,53935.51759343584,53935.51759343581
27,NL0 24 Invest,investable,NL0 24,1,0.0,53935.51759343584,53935.51759343581
27,NL0 25 Invest,investable,NL0 25,1,1000.0,53935.51759343584,53935.51759343581
27,NL0 26 Invest,investable,NL0 26,1,1000.0,53935.51759343584,53935.51759343581
27,NL0 27 Invest,investable,NL0 27,1,0.0,53935.51759343584,53935.51759343581
27,NL0 28 Invest,investable,NL0 28,1,1000.0,53935.51759343584,53935.51759343581
27,NL0 3 Invest,investable,NL0 3,1,0.0,53935.51759343584,53935.51759343581
27,NL0 30 Invest,investable,NL0 30,1,5.898510835322668e-6,53935.51759343584,53935.51759343581
27,NL0 31 Invest,investable,NL0 31,1,1000.0,53935.51759343584,53935.51759343581
27,NL0 33 Invest,investable,NL0 33,1,0.0,53935.51759343584,53935.5175934358
27,NL0 4 Invest,investable,NL0 4,1,1000.0,53935.51759343584,53935.51759343581
27,NL0 5 Invest,investable,NL0 5,1,1000.0,53935.51759343584,53935.51759343581
27,NL0 6 Invest,investable,NL0 6,1,1000.0,53935.51759343584,53935.51759343581
27,NL0 7 Invest,investable,NL0 7,1,1000.0,53935.51759343584,53935.51759343581
27,NL0 8 Invest,investable,NL0 8,1,0.0,53935.51759343584,53935.51759343581
27,NL0 9 Invest,investable,NL0 9,1,634.5075969526074,53935.51759343584,53935.51759343581
27,NL0 1 biomass,legacy,NL0 1,1,71.0,53935.51759343584,53935.51759343584
27,NL0 1 waste,legacy,NL0 1,1,31.0,53935.51759343584,53935.51759343584
27,NL0 10 waste,legacy,NL0 10,1,150.0,53935.51759343584,53935.51759343584
27,NL0 11 biomass,legacy,NL0 11,1,20.0,53935.51759343584,53935.51759343584
27,NL0 11 waste,legacy,NL0 11,1,50.0,53935.51759343584,53935.51759343584
27,NL0 13 biomass,legacy,NL0 13,1,77.0,53935.51759343584,53935.51759343584
27,NL0 19 biomass,legacy,NL0 19,1,49.0,53935.51759343584,53935.51759343584
27,NL0 19 waste,legacy,NL0 19,1,36.0,53935.51759343584,53935.51759343584
27,NL0 22 biomass,legacy,NL0 22,1,500.0,53935.51759343584,53935.51759343584
27,NL0 25 waste,legacy,NL0 25,1,54.0,53935.51759343584,53935.51759343584
27,NL0 27 biomass,legacy,NL0 27,1,22.0,53935.51759343584,53935.51759343584
27,NL0 27 waste,legacy,NL0 27,1,71.2,53935.51759343584,53935.51759343584
27,NL0 3 biomass,legacy,NL0 3,1,22.0,53935.51759343584,53935.51759343584
27,NL0 3 waste,legacy,NL0 3,1,108.0,53935.51759343584,53935.51759343584
27,NL0 30 biomass,legacy,NL0 30,1,60.0,53935.51759343584,53935.51759343584
27,NL0 7 nuclear,legacy,NL0 7,1,515.0,53935.51759343584,53935.51759343584
27,NL0 7 waste,legacy,NL0 7,1,39.0,53935.51759343584,53935.51759343584
27,NL0 8 biomass,legacy,NL0 8,1,36.0,53935.51759343584,53935.51759343584
27,NL0 8 waste,legacy,NL0 8,1,157.0,53935.51759343584,53935.51759343584
27,NL0 9 biomass,legacy,NL0 9,1,20.0,53935.51759343584,53935.51759343584
27,NL0 0 0 solar,legacy,NL0 0,1,0.0,53935.51759343584,53935.51759343577
27,NL0 1 0 solar,legacy,NL0 1,1,0.0,53935.51759343584,53935.51759343577
27,NL0 10 0 solar,legacy,NL0 10,1,0.0,53935.51759343584,53935.51759343577
27,NL0 11 0 solar,legacy,NL0 11,1,0.0,53935.51759343584,53935.51759343577
27,NL0 12 0 solar,legacy,NL0 12,1,0.0,53935.51759343584,53935.51759343577
27,NL0 13 0 solar,legacy,NL0 13,1,0.0,53935.51759343584,53935.51759343577
27,NL0 14 0 solar,legacy,NL0 14,1,0.0,53935.51759343584,53935.51759343577
27,NL0 15 0 solar,legacy,NL0 15,1,0.0,53935.51759343584,53935.51759343577
27,NL0 16 0 solar,legacy,NL0 16,1,0.0,53935.51759343584,53935.51759343577
27,NL0 17 0 solar,legacy,NL0 17,1,0.0,53935.51759343584,53935.51759343577
27,NL0 18 0 solar,legacy,NL0 18,1,0.0,53935.51759343584,53935.51759343577
27,NL0 19 0 solar,legacy,NL0 19,1,0.0,53935.51759343584,53935.51759343577
27,NL0 2 0 solar,legacy,NL0 2,1,0.0,53935.51759343584,53935.51759343577
27,NL0 20 0 solar,legacy,NL0 20,1,0.0,53935.51759343584,53935.51759343577
27,NL0 21 0 solar,legacy,NL0 21,1,0.0,53935.51759343584,53935.51759343577
27,NL0 22 0 solar,legacy,NL0 22,1,0.0,53935.51759343584,53935.51759343577
27,NL0 23 0 solar,legacy,NL0 23,1,0.0,53935.51759343584,53935.51759343577
27,NL0 24 0 solar,legacy,NL0 24,1,0.0,53935.51759343584,53935.51759343577
27,NL0 25 0 solar,legacy,NL0 25,1,0.0,53935.51759343584,53935.51759343577
27,NL0 26 0 solar,legacy,NL0 26,1,0.0,53935.51759343584,53935.51759343577
27,NL0 27 0 solar,legacy,NL0 27,1,0.0,53935.51759343584,53935.51759343577
27,NL0 28 0 solar,legacy,NL0 28,1,0.0,53935.51759343584,53935.51759343577
27,NL0 3 0 solar,legacy,NL0 3,1,0.0,53935.51759343584,53935.51759343577
27,NL0 30 0 solar,legacy,NL0 30,1,0.0,53935.51759343584,53935.51759343577
27,NL0 31 0 solar,legacy,NL0 31,1,0.0,53935.51759343584,53935.51759343577
27,NL0 4 0 solar,legacy,NL0 4,1,0.0,53935.51759343584,53935.51759343577
27,NL0 5 0 solar,legacy,NL0 5,1,0.0,53935.51759343584,53935.51759343577
27,NL0 6 0 solar,legacy,NL0 6,1,0.0,53935.51759343584,53935.51759343577
27,NL0 7 0 solar,legacy,NL0 7,1,0.0,53935.51759343584,53935.51759343577
27,NL0 8 0 solar,legacy,NL0 8,1,0.0,53935.51759343584,53935.51759343577
27,NL0 9 0 solar,legacy,NL0 9,1,0.0,53935.51759343584,53935.51759343577
27,NL0 20 0 offwind-ac,legacy,NL0 20,1,0.0,53935.51759343584,53935.51759343577
27,NL0 27 0 offwind-ac,legacy,NL0 27,1,0.0,53935.51759343584,53935.51759343577
27,NL0 31 0 offwind-ac,legacy,NL0 31,1,0.0,53935.51759343584,53935.51759343577
27,NL0 32 0 offwind-ac,legacy,NL0 32,1,0.0,53935.51759343584,53935.51759343577
27,NL0 7 0 offwind-ac,legacy,NL0 7,1,0.0,53935.51759343584,53935.51759343577
27,NL0 0 0 onwind,legacy,NL0 0,1,0.0,53935.51759343584,53935.51759343577
27,NL0 1 0 onwind,legacy,NL0 1,1,0.0,53935.51759343584,53935.51759343577
27,NL0 10 0 onwind,legacy,NL0 10,1,0.0,53935.51759343584,53935.51759343577
27,NL0 11 0 onwind,legacy,NL0 11,1,0.0,53935.51759343584,53935.51759343577
27,NL0 12 0 onwind,legacy,NL0 12,1,0.0,53935.51759343584,53935.51759343577
27,NL0 13 0 onwind,legacy,NL0 13,1,0.0,53935.51759343584,53935.51759343577
27,NL0 14 0 onwind,legacy,NL0 14,1,0.0,53935.51759343584,53935.51759343577
27,NL0 15 0 onwind,legacy,NL0 15,1,0.0,53935.51759343584,53935.51759343577
27,NL0 17 0 onwind,legacy,NL0 17,1,0.0,53935.51759343584,53935.51759343577
27,NL0 19 0 onwind,legacy,NL0 19,1,0.0,53935.51759343584,53935.51759343577
27,NL0 2 0 onwind,legacy,NL0 2,1,0.0,53935.51759343584,53935.51759343577
27,NL0 20 0 onwind,legacy,NL0 20,1,0.0,53935.51759343584,53935.51759343577
27,NL0 21 0 onwind,legacy,NL0 21,1,0.0,53935.51759343584,53935.51759343577
27,NL0 22 0 onwind,legacy,NL0 22,1,0.0,53935.51759343584,53935.51759343577
27,NL0 23 0 onwind,legacy,NL0 23,1,0.0,53935.51759343584,53935.51759343577
27,NL0 24 0 onwind,legacy,NL0 24,1,0.0,53935.51759343584,53935.51759343577
27,NL0 27 0 onwind,legacy,NL0 27,1,0.0,53935.51759343584,53935.51759343577
27,NL0 3 0 onwind,legacy,NL0 3,1,0.0,53935.51759343584,53935.51759343577
27,NL0 30 0 onwind,legacy,NL0 30,1,0.0,53935.51759343584,53935.51759343577
27,NL0 31 0 onwind,legacy,NL0 31,1,0.0,53935.51759343584,53935.51759343577
27,NL0 4 0 onwind,legacy,NL0 4,1,0.0,53935.51759343584,53935.51759343577
27,NL0 5 0 onwind,legacy,NL0 5,1,0.0,53935.51759343584,53935.51759343577
27,NL0 6 0 onwind,legacy,NL0 6,1,0.0,53935.51759343584,53935.51759343577
27,NL0 7 0 onwind,legacy,NL0 7,1,0.0,53935.51759343584,53935.51759343577
27,NL0 8 0 onwind,legacy,NL0 8,1,0.0,53935.51759343584,53935.51759343577
27,NL0 9 0 onwind,legacy,NL0 9,1,0.0,53935.51759343584,53935.51759343577
28,NL0 0 Invest,investable,NL0 0,1,0.0,53935.51759343587,59329.06935292875
28,NL0 1 Invest,investable,NL0 1,1,1000.0,53935.51759343587,53935.51759357159
28,NL0 10 Invest,investable,NL0 10,1,0.0,53935.51759343587,59329.06935292875
28,NL0 11 Invest,investable,NL0 11,1,1000.0,53935.51759343587,53935.51759357159
28,NL0 12 Invest,investable,NL0 12,1,1000.0,53935.51759343587,53935.51759343562
28,NL0 13 Invest,investable,NL0 13,1,1000.0,53935.51759343587,53935.51759357159
28,NL0 14 Invest,investable,NL0 14,1,1000.0,53935.51759343587,53935.51759343575
28,NL0 15 Invest,investable,NL0 15,1,1000.0,53935.51759343587,53935.51759343575
28,NL0 16 Invest,investable,NL0 16,1,0.0,53935.51759343587,59329.06935292875
28,NL0 17 Invest,investable,NL0 17,1,0.0,53935.51759343587,59329.06935292875
28,NL0 18 Invest,investable,NL0 18,1,0.0,53935.51759343587,59329.06935292875
28,NL0 19 Invest,investable,NL0 19,1,1000.0,53935.51759343587,53935.51759343575
28,NL0 2 Invest,investable,NL0 2,1,1000.0,53935.51759343587,53935.51759343575
28,NL0 20 Invest,investable,NL0 20,1,0.0,53935.51759343587,59329.06935292875
28,NL0 21 Invest,investable,NL0 21,1,0.0,53935.51759343587,59329.06935292875
28,NL0 22 Invest,investable,NL0 22,1,0.0,53935.51759343587,53935.51759357159
28,NL0 23 Invest,investable,NL0 23,1,0.0,53935.51759343587,59329.06935292875
28,NL0 24 Invest,investable,NL0 24,1,0.0,53935.51759343587,59329.06935292875
28,NL0 25 Invest,investable,NL0 25,1,1000.0,53935.51759343587,53935.51759343575
28,NL0 26 Invest,investable,NL0 26,1,1000.0,53935.51759343587,53935.51759343575
28,NL0 27 Invest,investable,NL0 27,1,0.0,53935.51759343587,59329.06935292875
28,NL0 28 Invest,investable,NL0 28,1,1000.0,53935.51759343587,53935.51759343575
28,NL0 3 Invest,investable,NL0 3,1,0.0,53935.51759343587,59329.06935292875
28,NL0 30 Invest,investable,NL0 30,1,0.0,53935.51759343587,59329.06935292875
28,NL0 31 Invest,investable,NL0 31,1,1000.0,53935.51759343587,53935.51759343575
28,NL0 33 Invest,investable,NL0 33,1,0.0,53935.51759343587,59329.06935292875
28,NL0 4 Invest,investable,NL0 4,1,1000.0,53935.51759343587,53935.51759343575
28,NL0 5 Invest,investable,NL0 5,1,0.0,53935.51759343587,53935.51759357159
28,NL0 6 Invest,investable,NL0 6,1,634.5076028511185,53935.51759343587,53935.51759357159
28,NL0 7 Invest,investable,NL0 7,1,0.0,53935.51759343587,53935.51759357159
28,NL0 8 Invest,investable,NL0 8,1,0.0,53935.51759343587,59329.06935292875
28,NL0 9 Invest,investable,NL0 9,1,1000.0,53935.51759343587,53935.51759357159
28,NL0 1 biomass,legacy,NL0 1,1,71.0,53935.51759343587,53935.51759343587
28,NL0 1 waste,legacy,NL0 1,1,31.0,53935.51759343587,53935.51759343587
28,NL0 10 waste,legacy,NL0 10,1,150.0,53935.51759343587,53935.51759343587
28,NL0 11 biomass,legacy,NL0 11,1,20.0,53935.51759343587,53935.51759343587
28,NL0 11 waste,legacy,NL0 11,1,50.0,53935.51759343587,53935.51759343587
28,NL0 13 biomass,legacy,NL0 13,1,77.0,53935.51759343587,53935.51759343587
28,NL0 19 biomass,legacy,NL0 19,1,49.0,53935.51759343587,53935.51759343587
28,NL0 19 waste,legacy,NL0 19,1,36.0,53935.51759343587,53935.51759343587
28,NL0 22 biomass,legacy,NL0 22,1,500.0,53935.51759343587,53935.51759343587
28,NL0 25 waste,legacy,NL0 25,1,54.0,53935.51759343587,53935.51759343587
28,NL0 27 biomass,legacy,NL0 27,1,22.0,53935.51759343587,53935.51759343587
28,NL0 27 waste,legacy,NL0 27,1,71.2,53935.51759343587,53935.51759343587
28,NL0 3 biomass,legacy,NL0 3,1,22.0,53935.51759343587,53935.51759343587
28,NL0 3 waste,legacy,NL0 3,1,108.0,53935.51759343587,53935.51759343587
28,NL0 30 biomass,legacy,NL0 30,1,60.0,53935.51759343587,53935.51759343587
28,NL0 7 nuclear,legacy,NL0 7,1,515.0,53935.51759343587,53935.51759343587
28,NL0 7 waste,legacy,NL0 7,1,39.0,53935.51759343587,53935.51759343587
28,NL0 8 biomass,legacy,NL0 8,1,36.0,53935.51759343587,53935.51759343587
28,NL0 8 waste,legacy,NL0 8,1,157.0,53935.51759343587,53935.51759343587
28,NL0 9 biomass,legacy,NL0 9,1,20.0,53935.51759343587,53935.51759343587
28,NL0 0 0 solar,legacy,NL0 0,1,0.0,53935.51759343587,53935.517593435754
28,NL0 1 0 solar,legacy,NL0 1,1,0.0,53935.51759343587,53935.517593435754
28,NL0 10 0 solar,legacy,NL0 10,1,0.0,53935.51759343587,53935.517593435754
28,NL0 11 0 solar,legacy,NL0 11,1,0.0,53935.51759343587,53935.517593435754
28,NL0 12 0 solar,legacy,NL0 12,1,0.0,53935.51759343587,53935.517593435754
28,NL0 13 0 solar,legacy,NL0 13,1,0.0,53935.51759343587,53935.517593435754
28,NL0 14 0 solar,legacy,NL0 14,1,0.0,53935.51759343587,53935.517593435754
28,NL0 15 0 solar,legacy,NL0 15,1,0.0,53935.51759343587,53935.517593435754
28,NL0 16 0 solar,legacy,NL0 16,1,0.0,53935.51759343587,53935.517593435754
28,NL0 17 0 solar,legacy,NL0 17,1,0.0,53935.51759343587,53935.517593435754
28,NL0 18 0 solar,legacy,NL0 18,1,0.0,53935.51759343587,53935.517593435754
28,NL0 19 0 solar,legacy,NL0 19,1,0.0,53935.51759343587,53935.517593435754
28,NL0 2 0 solar,legacy,NL0 2,1,0.0,53935.51759343587,53935.517593435754
28,NL0 20 0 solar,legacy,NL0 20,1,0.0,53935.51759343587,53935.517593435754
28,NL0 21 0 solar,legacy,NL0 21,1,0.0,53935.51759343587,53935.517593435754
28,NL0 22 0 solar,legacy,NL0 22,1,0.0,53935.51759343587,53935.517593435754
28,NL0 23 0 solar,legacy,NL0 23,1,0.0,53935.51759343587,53935.517593435754
28,NL0 24 0 solar,legacy,NL0 24,1,0.0,53935.51759343587,53935.517593435754
28,NL0 25 0 solar,legacy,NL0 25,1,0.0,53935.51759343587,53935.517593435754
28,NL0 26 0 solar,legacy,NL0 26,1,0.0,53935.51759343587,53935.517593435754
28,NL0 27 0 solar,legacy,NL0 27,1,0.0,53935.51759343587,53935.517593435754
28,NL0 28 0 solar,legacy,NL0 28,1,0.0,53935.51759343587,53935.517593435754
28,NL0 3 0 solar,legacy,NL0 3,1,0.0,53935.51759343587,53935.517593435754
28,NL0 30 0 solar,legacy,NL0 30,1,0.0,53935.51759343587,53935.517593435754
28,NL0 31 0 solar,legacy,NL0 31,1,0.0,53935.51759343587,53935.517593435754
28,NL0 4 0 solar,legacy,NL0 4,1,0.0,53935.51759343587,53935.517593435754
28,NL0 5 0 solar,legacy,NL0 5,1,0.0,53935.51759343587,53935.517593435754
28,NL0 6 0 solar,legacy,NL0 6,1,0.0,53935.51759343587,53935.517593435754
28,NL0 7 0 solar,legacy,NL0 7,1,0.0,53935.51759343587,53935.517593435754
28,NL0 8 0 solar,legacy,NL0 8,1,0.0,53935.51759343587,53935.517593435754
28,NL0 9 0 solar,legacy,NL0 9,1,0.0,53935.51759343587,53935.517593435754
28,NL0 20 0 offwind-ac,legacy,NL0 20,1,0.0,53935.51759343587,53935.517593435754
28,NL0 27 0 offwind-ac,legacy,NL0 27,1,0.0,53935.51759343587,53935.517593435754
28,NL0 31 0 offwind-ac,legacy,NL0 31,1,0.0,53935.51759343587,53935.517593435754
28,NL0 32 0 offwind-ac,legacy,NL0 32,1,0.0,53935.51759343587,53935.517593435754
28,NL0 7 0 offwind-ac,legacy,NL0 7,1,0.0,53935.51759343587,53935.517593435754
28,NL0 0 0 onwind,legacy,NL0 0,1,0.0,53935.51759343587,53935.517593435754
28,NL0 1 0 onwind,legacy,NL0 1,1,0.0,53935.51759343587,53935.517593435754
28,NL0 10 0 onwind,legacy,NL0 10,1,0.0,53935.51759343587,53935.517593435754
28,NL0 11 0 onwind,legacy,NL0 11,1,0.0,53935.51759343587,53935.517593435754
28,NL0 12 0 onwind,legacy,NL0 12,1,0.0,53935.51759343587,53935.517593435754
28,NL0 13 0 onwind,legacy,NL0 13,1,0.0,53935.51759343587,53935.517593435754
28,NL0 14 0 onwind,legacy,NL0 14,1,0.0,53935.51759343587,53935.517593435754
28,NL0 15 0 onwind,legacy,NL0 15,1,0.0,53935.51759343587,53935.517593435754
28,NL0 17 0 onwind,legacy,NL0 17,1,0.0,53935.51759343587,53935.517593435754
28,NL0 19 0 onwind,legacy,NL0 19,1,0.0,53935.51759343587,53935.517593435754
28,NL0 2 0 onwind,legacy,NL0 2,1,0.0,53935.51759343587,53935.517593435754
28,NL0 20 0 onwind,legacy,NL0 20,1,0.0,53935.51759343587,53935.517593435754
28,NL0 21 0 onwind,legacy,NL0 21,1,0.0,53935.51759343587,53935.517593435754
28,NL0 22 0 onwind,legacy,NL0 22,1,0.0,53935.51759343587,53935.517593435754
28,NL0 23 0 onwind,legacy,NL0 23,1,0.0,53935.51759343587,53935.517593435754
28,NL0 24 0 onwind,legacy,NL0 24,1,0.0,53935.51759343587,53935.517593435754
28,NL0 27 0 onwind,legacy,NL0 27,1,0.0,53935.51759343587,53935.517593435754
28,NL0 3 0 onwind,legacy,NL0 3,1,0.0,53935.51759343587,53935.517593435754
28,NL0 30 0 onwind,legacy,NL0 30,1,0.0,53935.51759343587,53935.517593435754
28,NL0 31 0 onwind,legacy,NL0 31,1,0.0,53935.51759343587,53935.517593435754
28,NL0 4 0 onwind,legacy,NL0 4,1,0.0,53935.51759343587,53935.517593435754
28,NL0 5 0 onwind,legacy,NL0 5,1,0.0,53935.51759343587,53935.517593435754
28,NL0 6 0 onwind,legacy,NL0 6,1,0.0,53935.51759343587,53935.517593435754
28,NL0 7 0 onwind,legacy,NL0 7,1,0.0,53935.51759343587,53935.517593435754
28,NL0 8 0 onwind,legacy,NL0 8,1,0.0,53935.51759343587,53935.517593435754
28,NL0 9 0 onwind,legacy,NL0 9,1,0.0,53935.51759343587,53935.517593435754
29,NL0 0 Invest,investable,NL0 0,1,0.0,53935.517593435914,53935.517593435885
29,NL0 1 Invest,investable,NL0 1,1,0.0,53935.517593435914,53935.51759343587
29,NL0 10 Invest,investable,NL0 10,1,0.0,53935.517593435914,53935.517593435885
29,NL0 11 Invest,investable,NL0 11,1,0.0,53935.517593435914,53935.517593435914
29,NL0 12 Invest,investable,NL0 12,1,1000.0,53935.517593435914,53935.517593435885
29,NL0 13 Invest,investable,NL0 13,1,0.0,53935.517593435914,53935.51759343587
29,NL0 14 Invest,investable,NL0 14,1,1000.0,53935.517593435914,53935.517593435914
29,NL0 15 Invest,investable,NL0 15,1,1000.0,53935.517593435914,53935.517593435885
29,NL0 16 Invest,investable,NL0 16,1,0.0,53935.517593435914,53935.51759343587
29,NL0 17 Invest,investable,NL0 17,1,0.0,53935.517593435914,53935.517593435885
29,NL0 18 Invest,investable,NL0 18,1,3.017383676251484e-9,53935.517593435914,53935.51759357209
29,NL0 19 Invest,investable,NL0 19,1,1000.0,53935.517593435914,53935.517593435914
29,NL0 2 Invest,investable,NL0 2,1,1000.0,53935.517593435914,53935.517593435914
29,NL0 20 Invest,investable,NL0 20,1,0.0,53935.517593435914,53935.517593435885
29,NL0 21 Invest,investable,NL0 21,1,0.0,53935.517593435914,53935.517593435885
29,NL0 22 Invest,investable,NL0 22,1,1000.0,53935.517593435914,53935.517593435914
29,NL0 23 Invest,investable,NL0 23,1,3.684021976368969e-9,53935.517593435914,53935.517593435885
29,NL0 24 Invest,investable,NL0 24,1,0.0,53935.517593435914,53935.51759343587
29,NL0 25 Invest,investable,NL0 25,1,1000.0,53935.517593435914,53935.517593435885
29,NL0 26 Invest,investable,NL0 26,1,1000.0,53935.517593435914,53935.517593435885
29,NL0 27 Invest,investable,NL0 27,1,0.0,53935.517593435914,59329.06935292875
29,NL0 28 Invest,investable,NL0 28,1,1000.0,53935.517593435914,53935.517593435914
29,NL0 3 Invest,investable,NL0 3,1,0.0,53935.517593435914,53935.517593435885
29,NL0 30 Invest,investable,NL0 30,1,7.839616955607203e-9,53935.517593435914,53935.517593435885
29,NL0 31 Invest,investable,NL0 31,1,1000.0,53935.517593435914,53935.517593435885
29,NL0 33 Invest,investable,NL0 33,1,2.299316292919685e-8,53935.517593435914,53935.517593435885
29,NL0 4 Invest,investable,NL0 4,1,1000.0,53935.517593435914,53935.517593435885
29,NL0 5 Invest,investable,NL0 5,1,999.999999996981,53935.517593435914,53935.51759343587
29,NL0 6 Invest,investable,NL0 6,1,1000.0,53935.517593435914,53935.517593435914
29,NL0 7 Invest,investable,NL0 7,1,1000.0,53935.517593435914,53935.517593435914
29,NL0 8 Invest,investable,NL0 8,1,0.0,53935.517593435914,53935.517593435885
29,NL0 9 Invest,investable,NL0 9,1,634.5076028166017,53935.517593435914,53935.517593435914
29,NL0 1 biomass,legacy,NL0 1,1,71.0,53935.517593435914,53935.517593435914
29,NL0 1 waste,legacy,NL0 1,1,31.0,53935.517593435914,53935.517593435914
29,NL0 10 waste,legacy,NL0 10,1,150.0,53935.517593435914,53935.517593435914
29,NL0 11 biomass,legacy,NL0 11,1,20.0,53935.517593435914,53935.517593435914
29,NL0 11 waste,legacy,NL0 11,1,50.0,53935.517593435914,53935.517593435914
29,NL0 13 biomass,legacy,NL0 13,1,77.0,53935.517593435914,53935.517593435914
29,NL0 19 biomass,legacy,NL0 19,1,49.0,53935.517593435914,53935.517593435914
29,NL0 19 waste,legacy,NL0 19,1,36.0,53935.517593435914,53935.517593435914
29,NL0 22 biomass,legacy,NL0 22,1,500.0,53935.517593435914,53935.517593435914
29,NL0 25 waste,legacy,NL0 25,1,54.0,53935.517593435914,53935.517593435914
29,NL0 27 biomass,legacy,NL0 27,1,22.0,53935.517593435914,53935.517593435914
29,NL0 27 waste,legacy,NL0 27,1,71.2,53935.517593435914,53935.517593435914
29,NL0 3 biomass,legacy,NL0 3,1,22.0,53935.517593435914,53935.517593435914
29,NL0 3 waste,legacy,NL0 3,1,108.0,53935.517593435914,53935.517593435914
29,NL0 30 biomass,legacy,NL0 30,1,60.0,53935.517593435914,53935.517593435914
29,NL0 7 nuclear,legacy,NL0 7,1,515.0,53935.517593435914,53935.517593435914
29,NL0 7 waste,legacy,NL0 7,1,39.0,53935.517593435914,53935.517593435914
29,NL0 8 biomass,legacy,NL0 8,1,36.0,53935.517593435914,53935.517593435914
29,NL0 8 waste,legacy,NL0 8,1,157.0,53935.517593435914,53935.517593435914
29,NL0 9 biomass,legacy,NL0 9,1,20.0,53935.517593435914,53935.517593435914
29,NL0 0 0 solar,legacy,NL0 0,1,0.0,53935.517593435914,118658.1387058575
29,NL0 1 0 solar,legacy,NL0 1,1,0.0,53935.517593435914,118658.1387058575
29,NL0 10 0 solar,legacy,NL0 10,1,0.0,53935.517593435914,118658.1387058575
29,NL0 11 0 solar,legacy,NL0 11,1,0.0,53935.517593435914,118658.1387058575
29,NL0 12 0 solar,legacy,NL0 12,1,0.0,53935.517593435914,118658.1387058575
29,NL0 13 0 solar,legacy,NL0 13,1,0.0,53935.517593435914,118658.1387058575
29,NL0 14 0 solar,legacy,NL0 14,1,0.0,53935.517593435914,118658.1387058575
29,NL0 15 0 solar,legacy,NL0 15,1,0.0,53935.517593435914,118658.1387058575
29,NL0 16 0 solar,legacy,NL0 16,1,0.0,53935.517593435914,118658.1387058575
29,NL0 17 0 solar,legacy,NL0 17,1,0.0,53935.517593435914,118658.1387058575
29,NL0 18 0 solar,legacy,NL0 18,1,0.0,53935.517593435914,118658.1387058575
29,NL0 19 0 solar,legacy,NL0 19,1,0.0,53935.517593435914,118658.1387058575
29,NL0 2 0 solar,legacy,NL0 2,1,0.0,53935.517593435914,118658.1387058575
29,NL0 20 0 solar,legacy,NL0 20,1,0.0,53935.517593435914,118658.1387058575
29,NL0 21 0 solar,legacy,NL0 21,1,0.0,53935.517593435914,118658.1387058575
29,NL0 22 0 solar,legacy,NL0 22,1,0.0,53935.517593435914,118658.1387058575
29,NL0 23 0 solar,legacy,NL0 23,1,0.0,53935.517593435914,118658.1387058575
29,NL0 24 0 solar,legacy,NL0 24,1,0.0,53935.517593435914,118658.1387058575
29,NL0 25 0 solar,legacy,NL0 25,1,0.0,53935.517593435914,118658.1387058575
29,NL0 26 0 solar,legacy,NL0 26,1,0.0,53935.517593435914,118658.1387058575
29,NL0 27 0 solar,legacy,NL0 27,1,0.0,53935.517593435914,118658.1387058575
29,NL0 28 0 solar,legacy,NL0 28,1,0.0,53935.517593435914,118658.1387058575
29,NL0 3 0 solar,legacy,NL0 3,1,0.0,53935.517593435914,118658.1387058575
29,NL0 30 0 solar,legacy,NL0 30,1,0.0,53935.517593435914,118658.1387058575
29,NL0 31 0 solar,legacy,NL0 31,1,0.0,53935.517593435914,118658.1387058575
29,NL0 4 0 solar,legacy,NL0 4,1,0.0,53935.517593435914,118658.1387058575
29,NL0 5 0 solar,legacy,NL0 5,1,0.0,53935.517593435914,118658.1387058575
29,NL0 6 0 solar,legacy,NL0 6,1,0.0,53935.517593435914,118658.1387058575
29,NL0 7 0 solar,legacy,NL0 7,1,0.0,53935.517593435914,118658.1387058575
29,NL0 8 0 solar,legacy,NL0 8,1,0.0,53935.517593435914,118658.1387058575
29,NL0 9 0 solar,legacy,NL0 9,1,0.0,53935.517593435914,118658.1387058575
29,NL0 20 0 offwind-ac,legacy,NL0 20,1,0.0,53935.517593435914,118658.1387058575
29,NL0 27 0 offwind-ac,legacy,NL0 27,1,0.0,53935.517593435914,118658.1387058575
29,NL0 31 0 offwind-ac,legacy,NL0 31,1,0.0,53935.517593435914,118658.1387058575
29,NL0 32 0 offwind-ac,legacy,NL0 32,1,0.0,53935.517593435914,118658.1387058575
29,NL0 7 0 offwind-ac,legacy,NL0 7,1,0.0,53935.517593435914,118658.1387058575
29,NL0 0 0 onwind,legacy,NL0 0,1,0.0,53935.517593435914,118658.1387058575
29,NL0 1 0 onwind,legacy,NL0 1,1,0.0,53935.517593435914,118658.1387058575
29,NL0 10 0 onwind,legacy,NL0 10,1,0.0,53935.517593435914,118658.1387058575
29,NL0 11 0 onwind,legacy,NL0 11,1,0.0,53935.517593435914,118658.1387058575
29,NL0 12 0 onwind,legacy,NL0 12,1,0.0,53935.517593435914,118658.1387058575
29,NL0 13 0 onwind,legacy,NL0 13,1,0.0,53935.517593435914,118658.1387058575
29,NL0 14 0 onwind,legacy,NL0 14,1,0.0,53935.517593435914,118658.1387058575
29,NL0 15 0 onwind,legacy,NL0 15,1,0.0,53935.517593435914,118658.1387058575
29,NL0 17 0 onwind,legacy,NL0 17,1,0.0,53935.517593435914,118658.1387058575
29,NL0 19 0 onwind,legacy,NL0 19,1,0.0,53935.517593435914,118658.1387058575
29,NL0 2 0 onwind,legacy,NL0 2,1,0.0,53935.517593435914,118658.1387058575
29,NL0 20 0 onwind,legacy,NL0 20,1,0.0,53935.517593435914,118658.1387058575
29,NL0 21 0 onwind,legacy,NL0 21,1,0.0,53935.517593435914,118658.1387058575
29,NL0 22 0 onwind,legacy,NL0 22,1,0.0,53935.517593435914,118658.1387058575
29,NL0 23 0 onwind,legacy,NL0 23,1,0.0,53935.517593435914,118658.1387058575
29,NL0 24 0 onwind,legacy,NL0 24,1,0.0,53935.517593435914,118658.1387058575
29,NL0 27 0 onwind,legacy,NL0 27,1,0.0,53935.517593435914,118658.1387058575
29,NL0 3 0 onwind,legacy,NL0 3,1,0.0,53935.517593435914,118658.1387058575
29,NL0 30 0 onwind,legacy,NL0 30,1,0.0,53935.517593435914,118658.1387058575
29,NL0 31 0 onwind,legacy,NL0 31,1,0.0,53935.517593435914,118658.1387058575
29,NL0 4 0 onwind,legacy,NL0 4,1,0.0,53935.517593435914,118658.1387058575
29,NL0 5 0 onwind,legacy,NL0 5,1,0.0,53935.517593435914,118658.1387058575
29,NL0 6 0 onwind,legacy,NL0 6,1,0.0,53935.517593435914,118658.1387058575
29,NL0 7 0 onwind,legacy,NL0 7,1,0.0,53935.517593435914,118658.1387058575
29,NL0 8 0 onwind,legacy,NL0 8,1,0.0,53935.517593435914,118658.1387058575
29,NL0 9 0 onwind,legacy,NL0 9,1,0.0,53935.517593435914,118658.1387058575
30,NL0 0 Invest,investable,NL0 0,1,0.0,53935.51759343587,59329.06935292875
30,NL0 1 Invest,investable,NL0 1,1,1000.0,53935.51759343587,53935.51759357159
30,NL0 10 Invest,investable,NL0 10,1,0.0,53935.51759343587,59329.06935292875
30,NL0 11 Invest,investable,NL0 11,1,1000.0,53935.51759343587,53935.51759357159
30,NL0 12 Invest,investable,NL0 12,1,1000.0,53935.51759343587,53935.51759343562
30,NL0 13 Invest,investable,NL0 13,1,1000.0,53935.51759343587,53935.51759357159
30,NL0 14 Invest,investable,NL0 14,1,1000.0,53935.51759343587,53935.51759343575
30,NL0 15 Invest,investable,NL0 15,1,1000.0,53935.51759343587,53935.51759343575
30,NL0 16 Invest,investable,NL0 16,1,0.0,53935.51759343587,59329.06935292875
30,NL0 17 Invest,investable,NL0 17,1,0.0,53935.51759343587,59329.06935292875
30,NL0 18 Invest,investable,NL0 18,1,0.0,53935.51759343587,59329.06935292875
30,NL0 19 Invest,investable,NL0 19,1,1000.0,53935.51759343587,53935.51759343575
30,NL0 2 Invest,investable,NL0 2,1,1000.0,53935.51759343587,53935.51759343575
30,NL0 20 Invest,investable,NL0 20,1,0.0,53935.51759343587,59329.06935292875
30,NL0 21 Invest,investable,NL0 21,1,0.0,53935.51759343587,59329.06935292875
30,NL0 22 Invest,investable,NL0 22,1,0.0,53935.51759343587,53935.51759357159
30,NL0 23 Invest,investable,NL0 23,1,0.0,53935.51759343587,59329.06935292875
30,NL0 24 Invest,investable,NL0 24,1,0.0,53935.51759343587,59329.06935292875
30,NL0 25 Invest,investable,NL0 25,1,1000.0,53935.51759343587,53935.51759343575
30,NL0 26 Invest,investable,NL0 26,1,1000.0,53935.51759343587,53935.51759343575
30,NL0 27 Invest,investable,NL0 27,1,0.0,53935.51759343587,59329.06935292875
30,NL0 28 Invest,investable,NL0 28,1,1000.0,53935.51759343587,53935.51759343575
30,NL0 3 Invest,investable,NL0 3,1,0.0,53935.51759343587,59329.06935292875
30,NL0 30 Invest,investable,NL0 30,1,0.0,53935.51759343587,59329.06935292875
30,NL0 31 Invest,investable,NL0 31,1,1000.0,53935.51759343587,53935.51759343575
30,NL0 33 Invest,investable,NL0 33,1,0.0,53935.51759343587,59329.06935292875
30,NL0 4 Invest,investable,NL0 4,1,1000.0,53935.51759343587,53935.51759343575
30,NL0 5 Invest,investable,NL0 5,1,0.0,53935.51759343587,53935.51759357159
30,NL0 6 Invest,investable,NL0 6,1,634.5076028511185,53935.51759343587,53935.51759357159
30,NL0 7 Invest,investable,NL0 7,1,0.0,53935.51759343587,53935.51759357159
30,NL0 8 Invest,investable,NL0 8,1,0.0,53935.51759343587,59329.06935292875
30,NL0 9 Invest,investable,NL0 9,1,1000.0,53935.51759343587,53935.51759357159
30,NL0 1 biomass,legacy,NL0 1,1,71.0,53935.51759343587,53935.51759343587
30,NL0 1 waste,legacy,NL0 1,1,31.0,53935.51759343587,53935.51759343587
30,NL0 10 waste,legacy,NL0 10,1,150.0,53935.51759343587,53935.51759343587
30,NL0 11 biomass,legacy,NL0 11,1,20.0,53935.51759343587,53935.51759343587
30,NL0 11 waste,legacy,NL0 11,1,50.0,53935.51759343587,53935.51759343587
30,NL0 13 biomass,legacy,NL0 13,1,77.0,53935.51759343587,53935.51759343587
30,NL0 19 biomass,legacy,NL0 19,1,49.0,53935.51759343587,53935.51759343587
30,NL0 19 waste,legacy,NL0 19,1,36.0,53935.51759343587,53935.51759343587
30,NL0 22 biomass,legacy,NL0 22,1,500.0,53935.51759343587,53935.51759343587
30,NL0 25 waste,legacy,NL0 25,1,54.0,53935.51759343587,53935.51759343587
30,NL0 27 biomass,legacy,NL0 27,1,22.0,53935.51759343587,53935.51759343587
30,NL0 27 waste,legacy,NL0 27,1,71.2,53935.51759343587,53935.51759343587
30,NL0 3 biomass,legacy,NL0 3,1,22.0,53935.51759343587,53935.51759343587
30,NL0 3 waste,legacy,NL0 3,1,108.0,53935.51759343587,53935.51759343587
30,NL0 30 biomass,legacy,NL0 30,1,60.0,53935.51759343587,53935.51759343587
30,NL0 7 nuclear,legacy,NL0 7,1,515.0,53935.51759343587,53935.51759343587
30,NL0 7 waste,legacy,NL0 7,1,39.0,53935.51759343587,53935.51759343587
30,NL0 8 biomass,legacy,NL0 8,1,36.0,53935.51759343587,53935.51759343587
30,NL0 8 waste,legacy,NL0 8,1,157.0,53935.51759343587,53935.51759343587
30,NL0 9 biomass,legacy,NL0 9,1,20.0,53935.51759343587,53935.51759343587
30,NL0 0 0 solar,legacy,NL0 0,1,0.0,53935.51759343587,53935.517593435754
30,NL0 1 0 solar,legacy,NL0 1,1,0.0,53935.51759343587,53935.517593435754
30,NL0 10 0 solar,legacy,NL0 10,1,0.0,53935.51759343587,53935.517593435754
30,NL0 11 0 solar,legacy,NL0 11,1,0.0,53935.51759343587,53935.517593435754
30,NL0 12 0 solar,legacy,NL0 12,1,0.0,53935.51759343587,53935.517593435754
30,NL0 13 0 solar,legacy,NL0 13,1,0.0,53935.51759343587,53935.517593435754
30,NL0 14 0 solar,legacy,NL0 14,1,0.0,53935.51759343587,53935.517593435754
30,NL0 15 0 solar,legacy,NL0 15,1,0.0,53935.51759343587,53935.517593435754
30,NL0 16 0 solar,legacy,NL0 16,1,0.0,53935.51759343587,53935.517593435754
30,NL0 17 0 solar,legacy,NL0 17,1,0.0,53935.51759343587,53935.517593435754
30,NL0 18 0 solar,legacy,NL0 18,1,0.0,53935.51759343587,53935.517593435754
30,NL0 19 0 solar,legacy,NL0 19,1,0.0,53935.51759343587,53935.517593435754
30,NL0 2 0 solar,legacy,NL0 2,1,0.0,53935.51759343587,53935.517593435754
30,NL0 20 0 solar,legacy,NL0 20,1,0.0,53935.51759343587,53935.517593435754
30,NL0 21 0 solar,legacy,NL0 21,1,0.0,53935.51759343587,53935.517593435754
30,NL0 22 0 solar,legacy,NL0 22,1,0.0,53935.51759343587,53935.517593435754
30,NL0 23 0 solar,legacy,NL0 23,1,0.0,53935.51759343587,53935.517593435754
30,NL0 24 0 solar,legacy,NL0 24,1,0.0,53935.51759343587,53935.517593435754
30,NL0 25 0 solar,legacy,NL0 25,1,0.0,53935.51759343587,53935.517593435754
30,NL0 26 0 solar,legacy,NL0 26,1,0.0,53935.51759343587,53935.517593435754
30,NL0 27 0 solar,legacy,NL0 27,1,0.0,53935.51759343587,53935.517593435754
30,NL0 28 0 solar,legacy,NL0 28,1,0.0,53935.51759343587,53935.517593435754
30,NL0 3 0 solar,legacy,NL0 3,1,0.0,53935.51759343587,53935.517593435754
30,NL0 30 0 solar,legacy,NL0 30,1,0.0,53935.51759343587,53935.517593435754
30,NL0 31 0 solar,legacy,NL0 31,1,0.0,53935.51759343587,53935.517593435754
30,NL0 4 0 solar,legacy,NL0 4,1,0.0,53935.51759343587,53935.517593435754
30,NL0 5 0 solar,legacy,NL0 5,1,0.0,53935.51759343587,53935.517593435754
30,NL0 6 0 solar,legacy,NL0 6,1,0.0,53935.51759343587,53935.517593435754
30,NL0 7 0 solar,legacy,NL0 7,1,0.0,53935.51759343587,53935.517593435754
30,NL0 8 0 solar,legacy,NL0 8,1,0.0,53935.51759343587,53935.517593435754
30,NL0 9 0 solar,legacy,NL0 9,1,0.0,53935.51759343587,53935.517593435754
30,NL0 20 0 offwind-ac,legacy,NL0 20,1,0.0,53935.51759343587,53935.517593435754
30,NL0 27 0 offwind-ac,legacy,NL0 27,1,0.0,53935.51759343587,53935.517593435754
30,NL0 31 0 offwind-ac,legacy,NL0 31,1,0.0,53935.51759343587,53935.517593435754
30,NL0 32 0 offwind-ac,legacy,NL0 32,1,0.0,53935.51759343587,53935.517593435754
30,NL0 7 0 offwind-ac,legacy,NL0 7,1,0.0,53935.51759343587,53935.517593435754
30,NL0 0 0 onwind,legacy,NL0 0,1,0.0,53935.51759343587,53935.517593435754
30,NL0 1 0 onwind,legacy,NL0 1,1,0.0,53935.51759343587,53935.517593435754
30,NL0 10 0 onwind,legacy,NL0 10,1,0.0,53935.51759343587,53935.517593435754
30,NL0 11 0 onwind,legacy,NL0 11,1,0.0,53935.51759343587,53935.517593435754
30,NL0 12 0 onwind,legacy,NL0 12,1,0.0,53935.51759343587,53935.517593435754
30,NL0 13 0 onwind,legacy,NL0 13,1,0.0,53935.51759343587,53935.517593435754
30,NL0 14 0 onwind,legacy,NL0 14,1,0.0,53935.51759343587,53935.517593435754
30,NL0 15 0 onwind,legacy,NL0 15,1,0.0,53935.51759343587,53935.517593435754
30,NL0 17 0 onwind,legacy,NL0 17,1,0.0,53935.51759343587,53935.517593435754
30,NL0 19 0 onwind,legacy,NL0 19,1,0.0,53935.51759343587,53935.517593435754
30,NL0 2 0 onwind,legacy,NL0 2,1,0.0,53935.51759343587,53935.517593435754
30,NL0 20 0 onwind,legacy,NL0 20,1,0.0,53935.51759343587,53935.517593435754
30,NL0 21 0 onwind,legacy,NL0 21,1,0.0,53935.51759343587,53935.517593435754
30,NL0 22 0 onwind,legacy,NL0 22,1,0.0,53935.51759343587,53935.517593435754
30,NL0 23 0 onwind,legacy,NL0 23,1,0.0,53935.51759343587,53935.517593435754
30,NL0 24 0 onwind,legacy,NL0 24,1,0.0,53935.51759343587,53935.517593435754
30,NL0 27 0 onwind,legacy,NL0 27,1,0.0,53935.51759343587,53935.517593435754
30,NL0 3 0 onwind,legacy,NL0 3,1,0.0,53935.51759343587,53935.517593435754
30,NL0 30 0 onwind,legacy,NL0 30,1,0.0,53935.51759343587,53935.517593435754
30,NL0 31 0 onwind,legacy,NL0 31,1,0.0,53935.51759343587,53935.517593435754
30,NL0 4 0 onwind,legacy,NL0 4,1,0.0,53935.51759343587,53935.517593435754
30,NL0 5 0 onwind,legacy,NL0 5,1,0.0,53935.51759343587,53935.517593435754
30,NL0 6 0 onwind,legacy,NL0 6,1,0.0,53935.51759343587,53935.517593435754
30,NL0 7 0 onwind,legacy,NL0 7,1,0.0,53935.51759343587,53935.517593435754
30,NL0 8 0 onwind,legacy,NL0 8,1,0.0,53935.51759343587,53935.517593435754
30,NL0 9 0 onwind,legacy,NL0 9,1,0.0,53935.51759343587,53935.517593435754
31,NL0 0 Invest,investable,NL0 0,1,0.0,53935.51759343587,59329.06935292875
31,NL0 1 Invest,investable,NL0 1,1,1000.0,53935.51759343587,53935.51759343587
31,NL0 10 Invest,investable,NL0 10,1,2.3004986360319897e-8,53935.51759343587,53935.51759343581
31,NL0 11 Invest,investable,NL0 11,1,1000.0,53935.51759343587,53935.51759343587
31,NL0 12 Invest,investable,NL0 12,1,1000.0,53935.51759343587,53935.51759343587
31,NL0 13 Invest,investable,NL0 13,1,999.9999999770007,53935.51759343587,53935.51759343587
31,NL0 14 Invest,investable,NL0 14,1,1000.0,53935.51759343587,53935.51759343587
31,NL0 15 Invest,investable,NL0 15,1,1000.0,53935.51759343587,53935.51759343587
31,NL0 16 Invest,investable,NL0 16,1,0.0,53935.51759343587,59329.06935292875
31,NL0 17 Invest,investable,NL0 17,1,2.3004986360319897e-8,53935.51759343587,59329.06935292876
31,NL0 18 Invest,investable,NL0 18,1,2.3004986360319897e-8,53935.51759343587,53935.51759343587
31,NL0 19 Invest,investable,NL0 19,1,1000.0,53935.51759343587,53935.51759343587
31,NL0 2 Invest,investable,NL0 2,1,1000.0,53935.51759343587,53935.51759343587
31,NL0 20 Invest,investable,NL0 20,1,0.0,53935.51759343587,59329.06935292875
31,NL0 21 Invest,investable,NL0 21,1,2.3004986360319897e-8,53935.51759343587,53935.51759358526
31,NL0 22 Invest,investable,NL0 22,1,0.0,53935.51759343587,53935.51759343582
31,NL0 23 Invest,investable,NL0 23,1,0.0,53935.51759343587,53935.51759343587
31,NL0 24 Invest,investable,NL0 24,1,2.3004986360319897e-8,53935.51759343587,53935.5175934358
31,NL0 25 Invest,investable,NL0 25,1,1000.0,53935.51759343587,53935.51759343587
31,NL0 26 Invest,investable,NL0 26,1,1000.0,53935.51759343587,53935.51759343587
31,NL0 27 Invest,investable,NL0 27,1,2.3004986360319897e-8,53935.51759343587,53935.51759358526
31,NL0 28 Invest,investable,NL0 28,1,1000.0,53935.51759343587,53935.51759343587
31,NL0 3 Invest,investable,NL0 3,1,0.0,53935.51759343587,53935.51759343587
31,NL0 30 Invest,investable,NL0 30,1,0.0,53935.51759343587,53935.51759343587
31,NL0 31 Invest,investable,NL0 31,1,1000.0,53935.51759343587,53935.51759343587
31,NL0 33 Invest,investable,NL0 33,1,0.0,53935.51759343587,53935.51759343587
31,NL0 4 Invest,investable,NL0 4,1,1000.0,53935.51759343587,53935.51759343587
31,NL0 5 Invest,investable,NL0 5,1,0.0,53935.51759343587,53935.51759343587
31,NL0 6 Invest,investable,NL0 6,1,634.5076028511178,53935.51759343587,53935.51759357159
31,NL0 7 Invest,investable,NL0 7,1,0.0,53935.51759343587,53935.51759343584
31,NL0 8 Invest,investable,NL0 8,1,0.0,53935.51759343587,59329.06935292875
31,NL0 9 Invest,investable,NL0 9,1,1000.0,53935.51759343587,53935.51759343587
31,NL0 1 biomass,legacy,NL0 1,1,71.0,53935.51759343587,53935.51759343587
31,NL0 1 waste,legacy,NL0 1,1,31.0,53935.51759343587,53935.51759343587
31,NL0 10 waste,legacy,NL0 10,1,150.0,53935.51759343587,53935.51759343587
31,NL0 11 biomass,legacy,NL0 11,1,20.0,53935.51759343587,53935.51759343587
31,NL0 11 waste,legacy,NL0 11,1,50.0,53935.51759343587,53935.51759343587
31,NL0 13 biomass,legacy,NL0 13,1,77.0,53935.51759343587,53935.51759343587
31,NL0 19 biomass,legacy,NL0 19,1,49.0,53935.51759343587,53935.51759343587
31,NL0 19 waste,legacy,NL0 19,1,36.0,53935.51759343587,53935.51759343587
31,NL0 22 biomass,legacy,NL0 22,1,500.0,53935.51759343587,53935.51759343587
31,NL0 25 waste,legacy,NL0 25,1,54.0,53935.51759343587,53935.51759343587
31,NL0 27 biomass,legacy,NL0 27,1,22.0,53935.51759343587,53935.51759343587
31,NL0 27 waste,legacy,NL0 27,1,71.2,53935.51759343587,53935.51759343587
31,NL0 3 biomass,legacy,NL0 3,1,22.0,53935.51759343587,53935.51759343587
31,NL0 3 waste,legacy,NL0 3,1,108.0,53935.51759343587,53935.51759343587
31,NL0 30 biomass,legacy,NL0 30,1,60.0,53935.51759343587,53935.51759343587
31,NL0 7 nuclear,legacy,NL0 7,1,515.0,53935.51759343587,53935.51759343587
31,NL0 7 waste,legacy,NL0 7,1,39.0,53935.51759343587,53935.51759343587
31,NL0 8 biomass,legacy,NL0 8,1,36.0,53935.51759343587,53935.51759343587
31,NL0 8 waste,legacy,NL0 8,1,157.0,53935.51759343587,53935.51759343587
31,NL0 9 biomass,legacy,NL0 9,1,20.0,53935.51759343587,53935.51759343587
31,NL0 0 0 solar,legacy,NL0 0,1,0.0,53935.51759343587,118658.1387058575
31,NL0 1 0 solar,legacy,NL0 1,1,0.0,53935.51759343587,118658.1387058575
31,NL0 10 0 solar,legacy,NL0 10,1,0.0,53935.51759343587,118658.1387058575
31,NL0 11 0 solar,legacy,NL0 11,1,0.0,53935.51759343587,118658.1387058575
31,NL0 12 0 solar,legacy,NL0 12,1,0.0,53935.51759343587,118658.1387058575
31,NL0 13 0 solar,legacy,NL0 13,1,0.0,53935.51759343587,118658.1387058575
31,NL0 14 0 solar,legacy,NL0 14,1,0.0,53935.51759343587,118658.1387058575
31,NL0 15 0 solar,legacy,NL0 15,1,0.0,53935.51759343587,118658.1387058575
31,NL0 16 0 solar,legacy,NL0 16,1,0.0,53935.51759343587,118658.1387058575
31,NL0 17 0 solar,legacy,NL0 17,1,0.0,53935.51759343587,118658.1387058575
31,NL0 18 0 solar,legacy,NL0 18,1,0.0,53935.51759343587,118658.1387058575
31,NL0 19 0 solar,legacy,NL0 19,1,0.0,53935.51759343587,118658.1387058575
31,NL0 2 0 solar,legacy,NL0 2,1,0.0,53935.51759343587,118658.1387058575
31,NL0 20 0 solar,legacy,NL0 20,1,0.0,53935.51759343587,118658.1387058575
31,NL0 21 0 solar,legacy,NL0 21,1,0.0,53935.51759343587,118658.1387058575
31,NL0 22 0 solar,legacy,NL0 22,1,0.0,53935.51759343587,118658.1387058575
31,NL0 23 0 solar,legacy,NL0 23,1,0.0,53935.51759343587,118658.1387058575
31,NL0 24 0 solar,legacy,NL0 24,1,0.0,53935.51759343587,118658.1387058575
31,NL0 25 0 solar,legacy,NL0 25,1,0.0,53935.51759343587,118658.1387058575
31,NL0 26 0 solar,legacy,NL0 26,1,0.0,53935.51759343587,118658.1387058575
31,NL0 27 0 solar,legacy,NL0 27,1,0.0,53935.51759343587,118658.1387058575
31,NL0 28 0 solar,legacy,NL0 28,1,0.0,53935.51759343587,118658.1387058575
31,NL0 3 0 solar,legacy,NL0 3,1,0.0,53935.51759343587,118658.1387058575
31,NL0 30 0 solar,legacy,NL0 30,1,0.0,53935.51759343587,118658.1387058575
31,NL0 31 0 solar,legacy,NL0 31,1,0.0,53935.51759343587,118658.1387058575
31,NL0 4 0 solar,legacy,NL0 4,1,0.0,53935.51759343587,118658.1387058575
31,NL0 5 0 solar,legacy,NL0 5,1,0.0,53935.51759343587,118658.1387058575
31,NL0 6 0 solar,legacy,NL0 6,1,0.0,53935.51759343587,118658.1387058575
31,NL0 7 0 solar,legacy,NL0 7,1,0.0,53935.51759343587,118658.1387058575
31,NL0 8 0 solar,legacy,NL0 8,1,0.0,53935.51759343587,118658.1387058575
31,NL0 9 0 solar,legacy,NL0 9,1,0.0,53935.51759343587,118658.1387058575
31,NL0 20 0 offwind-ac,legacy,NL0 20,1,0.0,53935.51759343587,118658.1387058575
31,NL0 27 0 offwind-ac,legacy,NL0 27,1,0.0,53935.51759343587,118658.1387058575
31,NL0 31 0 offwind-ac,legacy,NL0 31,1,0.0,53935.51759343587,118658.1387058575
31,NL0 32 0 offwind-ac,legacy,NL0 32,1,0.0,53935.51759343587,118658.1387058575
31,NL0 7 0 offwind-ac,legacy,NL0 7,1,0.0,53935.51759343587,118658.1387058575
31,NL0 0 0 onwind,legacy,NL0 0,1,0.0,53935.51759343587,118658.1387058575
31,NL0 1 0 onwind,legacy,NL0 1,1,0.0,53935.51759343587,118658.1387058575
31,NL0 10 0 onwind,legacy,NL0 10,1,0.0,53935.51759343587,118658.1387058575
31,NL0 11 0 onwind,legacy,NL0 11,1,0.0,53935.51759343587,118658.1387058575
31,NL0 12 0 onwind,legacy,NL0 12,1,0.0,53935.51759343587,118658.1387058575
31,NL0 13 0 onwind,legacy,NL0 13,1,0.0,53935.51759343587,118658.1387058575
31,NL0 14 0 onwind,legacy,NL0 14,1,0.0,53935.51759343587,118658.1387058575
31,NL0 15 0 onwind,legacy,NL0 15,1,0.0,53935.51759343587,118658.1387058575
31,NL0 17 0 onwind,legacy,NL0 17,1,0.0,53935.51759343587,118658.1387058575
31,NL0 19 0 onwind,legacy,NL0 19,1,0.0,53935.51759343587,118658.1387058575
31,NL0 2 0 onwind,legacy,NL0 2,1,0.0,53935.51759343587,118658.1387058575
31,NL0 20 0 onwind,legacy,NL0 20,1,0.0,53935.51759343587,118658.1387058575
31,NL0 21 0 onwind,legacy,NL0 21,1,0.0,53935.51759343587,118658.1387058575
31,NL0 22 0 onwind,legacy,NL0 22,1,0.0,53935.51759343587,118658.1387058575
31,NL0 23 0 onwind,legacy,NL0 23,1,0.0,53935.51759343587,118658.1387058575
31,NL0 24 0 onwind,legacy,NL0 24,1,0.0,53935.51759343587,118658.1387058575
31,NL0 27 0 onwind,legacy,NL0 27,1,0.0,53935.51759343587,118658.1387058575
31,NL0 3 0 onwind,legacy,NL0 3,1,0.0,53935.51759343587,118658.1387058575
31,NL0 30 0 onwind,legacy,NL0 30,1,0.0,53935.51759343587,118658.1387058575
31,NL0 31 0 onwind,legacy,NL0 31,1,0.0,53935.51759343587,118658.1387058575
31,NL0 4 0 onwind,legacy,NL0 4,1,0.0,53935.51759343587,118658.1387058575
31,NL0 5 0 onwind,legacy,NL0 5,1,0.0,53935.51759343587,118658.1387058575
31,NL0 6 0 onwind,legacy,NL0 6,1,0.0,53935.51759343587,118658.1387058575
31,NL0 7 0 onwind,legacy,NL0 7,1,0.0,53935.51759343587,118658.1387058575
31,NL0 8 0 onwind,legacy,NL0 8,1,0.0,53935.51759343587,118658.1387058575
31,NL0 9 0 onwind,legacy,NL0 9,1,0.0,53935.51759343587,118658.1387058575
32,NL0 0 Invest,investable,NL0 0,1,0.0,53935.517593571545,53935.517593438504
32,NL0 1 Invest,investable,NL0 1,1,0.0,53935.517593571545,53935.517593571516
32,NL0 10 Invest,investable,NL0 10,1,0.0,53935.517593571545,53935.51759357159
32,NL0 11 Invest,investable,NL0 11,1,0.0,53935.517593571545,53935.51759357159
32,NL0 12 Invest,investable,NL0 12,1,1000.0,53935.517593571545,53935.51759357159
32,NL0 13 Invest,investable,NL0 13,1,0.0,53935.517593571545,53935.51759357159
32,NL0 14 Invest,investable,NL0 14,1,1000.0,53935.517593571545,53935.51759357059
32,NL0 15 Invest,investable,NL0 15,1,1000.0,53935.517593571545,53935.51759357159
32,NL0 16 Invest,investable,NL0 16,1,0.0,53935.517593571545,53935.51759357156
32,NL0 17 Invest,investable,NL0 17,1,0.0,53935.517593571545,53935.51759357159
32,NL0 18 Invest,investable,NL0 18,1,0.0,53935.517593571545,53935.51759357159
32,NL0 19 Invest,investable,NL0 19,1,1000.0,53935.517593571545,53935.51759357159
32,NL0 2 Invest,investable,NL0 2,1,1000.0,53935.517593571545,53935.51759357159
32,NL0 20 Invest,investable,NL0 20,1,0.0,53935.517593571545,53935.51759357159
32,NL0 21 Invest,investable,NL0 21,1,0.0,53935.517593571545,53935.51759357159
32,NL0 22 Invest,investable,NL0 22,1,1000.0,53935.517593571545,53935.51759357159
32,NL0 23 Invest,investable,NL0 23,1,0.0,53935.517593571545,53935.5175935715
32,NL0 24 Invest,investable,NL0 24,1,0.0,53935.517593571545,53935.51759357159
32,NL0 25 Invest,investable,NL0 25,1,1000.0,53935.517593571545,53935.51759357159
32,NL0 26 Invest,investable,NL0 26,1,1000.0,53935.517593571545,53935.51759357159
32,NL0 27 Invest,investable,NL0 27,1,0.0,53935.517593571545,53935.51759357159
32,NL0 28 Invest,investable,NL0 28,1,1000.0,53935.517593571545,53935.51759357159
32,NL0 3 Invest,investable,NL0 3,1,0.0,53935.517593571545,59329.069352928775
32,NL0 30 Invest,investable,NL0 30,1,4.329939429226215e-7,53935.517593571545,53935.5175935715
32,NL0 31 Invest,investable,NL0 31,1,1000.0,53935.517593571545,53935.51759357159
32,NL0 33 Invest,investable,NL0 33,1,0.0,53935.517593571545,53935.51759357159
32,NL0 4 Invest,investable,NL0 4,1,1000.0,53935.517593571545,53935.517593571516
32,NL0 5 Invest,investable,NL0 5,1,1000.0,53935.517593571545,53935.51759357159
32,NL0 6 Invest,investable,NL0 6,1,999.9999996133296,53935.517593571545,53935.51759357159
32,NL0 7 Invest,investable,NL0 7,1,1000.0,53935.517593571545,53935.51759357159
32,NL0 8 Invest,investable,NL0 8,1,0.0,53935.517593571545,53935.5175935715
32,NL0 9 Invest,investable,NL0 9,1,634.5076028511182,53935.517593571545,53935.51759357159
32,NL0 1 biomass,legacy,NL0 1,1,71.0,53935.517593571545,53935.517593571545
32,NL0 1 waste,legacy,NL0 1,1,31.0,53935.517593571545,53935.517593571545
32,NL0 10 waste,legacy,NL0 10,1,150.0,53935.517593571545,53935.517593571545
32,NL0 11 biomass,legacy,NL0 11,1,20.0,53935.517593571545,53935.517593571545
32,NL0 11 waste,legacy,NL0 11,1,50.0,53935.517593571545,53935.517593571545
32,NL0 13 biomass,legacy,NL0 13,1,77.0,53935.517593571545,53935.517593571545
32,NL0 19 biomass,legacy,NL0 19,1,49.0,53935.517593571545,53935.517593571545
32,NL0 19 waste,legacy,NL0 19,1,36.0,53935.517593571545,53935.517593571545
32,NL0 22 biomass,legacy,NL0 22,1,500.0,53935.517593571545,53935.517593571545
32,NL0 25 waste,legacy,NL0 25,1,54.0,53935.517593571545,53935.517593571545
32,NL0 27 biomass,legacy,NL0 27,1,22.0,53935.517593571545,53935.517593571545
32,NL0 27 waste,legacy,NL0 27,1,71.2,53935.517593571545,53935.517593571545
32,NL0 3 biomass,legacy,NL0 3,1,22.0,53935.517593571545,53935.517593571545
32,NL0 3 waste,legacy,NL0 3,1,108.0,53935.517593571545,53935.517593571545
32,NL0 30 biomass,legacy,NL0 30,1,60.0,53935.517593571545,53935.517593571545
32,NL0 7 nuclear,legacy,NL0 7,1,515.0,53935.517593571545,53935.517593571545
32,NL0 7 waste,legacy,NL0 7,1,39.0,53935.517593571545,53935.517593571545
32,NL0 8 biomass,legacy,NL0 8,1,36.0,53935.517593571545,53935.517593571545
32,NL0 8 waste,legacy,NL0 8,1,157.0,53935.517593571545,53935.517593571545
32,NL0 9 biomass,legacy,NL0 9,1,20.0,53935.517593571545,53935.517593571545
32,NL0 0 0 solar,legacy,NL0 0,1,0.0,53935.517593571545,118658.1387058575
32,NL0 1 0 solar,legacy,NL0 1,1,0.0,53935.517593571545,118658.1387058575
32,NL0 10 0 solar,legacy,NL0 10,1,0.0,53935.517593571545,118658.1387058575
32,NL0 11 0 solar,legacy,NL0 11,1,0.0,53935.517593571545,118658.1387058575
32,NL0 12 0 solar,legacy,NL0 12,1,0.0,53935.517593571545,118658.1387058575
32,NL0 13 0 solar,legacy,NL0 13,1,0.0,53935.517593571545,118658.1387058575
32,NL0 14 0 solar,legacy,NL0 14,1,0.0,53935.517593571545,118658.1387058575
32,NL0 15 0 solar,legacy,NL0 15,1,0.0,53935.517593571545,118658.1387058575
32,NL0 16 0 solar,legacy,NL0 16,1,0.0,53935.517593571545,118658.1387058575
32,NL0 17 0 solar,legacy,NL0 17,1,0.0,53935.517593571545,118658.1387058575
32,NL0 18 0 solar,legacy,NL0 18,1,0.0,53935.517593571545,118658.1387058575
32,NL0 19 0 solar,legacy,NL0 19,1,0.0,53935.517593571545,118658.1387058575
32,NL0 2 0 solar,legacy,NL0 2,1,0.0,53935.517593571545,118658.1387058575
32,NL0 20 0 solar,legacy,NL0 20,1,0.0,53935.517593571545,118658.1387058575
32,NL0 21 0 solar,legacy,NL0 21,1,0.0,53935.517593571545,118658.1387058575
32,NL0 22 0 solar,legacy,NL0 22,1,0.0,53935.517593571545,118658.1387058575
32,NL0 23 0 solar,legacy,NL0 23,1,0.0,53935.517593571545,118658.1387058575
32,NL0 24 0 solar,legacy,NL0 24,1,0.0,53935.517593571545,118658.1387058575
32,NL0 25 0 solar,legacy,NL0 25,1,0.0,53935.517593571545,118658.1387058575
32,NL0 26 0 solar,legacy,NL0 26,1,0.0,53935.517593571545,118658.1387058575
32,NL0 27 0 solar,legacy,NL0 27,1,0.0,53935.517593571545,118658.1387058575
32,NL0 28 0 solar,legacy,NL0 28,1,0.0,53935.517593571545,118658.1387058575
32,NL0 3 0 solar,legacy,NL0 3,1,0.0,53935.517593571545,118658.1387058575
32,NL0 30 0 solar,legacy,NL0 30,1,0.0,53935.517593571545,118658.1387058575
32,NL0 31 0 solar,legacy,NL0 31,1,0.0,53935.517593571545,118658.1387058575
32,NL0 4 0 solar,legacy,NL0 4,1,0.0,53935.517593571545,118658.1387058575
32,NL0 5 0 solar,legacy,NL0 5,1,0.0,53935.517593571545,118658.1387058575
32,NL0 6 0 solar,legacy,NL0 6,1,0.0,53935.517593571545,118658.1387058575
32,NL0 7 0 solar,legacy,NL0 7,1,0.0,53935.517593571545,118658.1387058575
32,NL0 8 0 solar,legacy,NL0 8,1,0.0,53935.517593571545,118658.1387058575
32,NL0 9 0 solar,legacy,NL0 9,1,0.0,53935.517593571545,118658.1387058575
32,NL0 20 0 offwind-ac,legacy,NL0 20,1,0.0,53935.517593571545,118658.1387058575
32,NL0 27 0 offwind-ac,legacy,NL0 27,1,0.0,53935.517593571545,118658.1387058575
32,NL0 31 0 offwind-ac,legacy,NL0 31,1,0.0,53935.517593571545,118658.1387058575
32,NL0 32 0 offwind-ac,legacy,NL0 32,1,0.0,53935.517593571545,118658.1387058575
32,NL0 7 0 offwind-ac,legacy,NL0 7,1,0.0,53935.517593571545,118658.1387058575
32,NL0 0 0 onwind,legacy,NL0 0,1,0.0,53935.517593571545,118658.1387058575
32,NL0 1 0 onwind,legacy,NL0 1,1,0.0,53935.517593571545,118658.1387058575
32,NL0 10 0 onwind,legacy,NL0 10,1,0.0,53935.517593571545,118658.1387058575
32,NL0 11 0 onwind,legacy,NL0 11,1,0.0,53935.517593571545,118658.1387058575
32,NL0 12 0 onwind,legacy,NL0 12,1,0.0,53935.517593571545,118658.1387058575
32,NL0 13 0 onwind,legacy,NL0 13,1,0.0,53935.517593571545,118658.1387058575
32,NL0 14 0 onwind,legacy,NL0 14,1,0.0,53935.517593571545,118658.1387058575
32,NL0 15 0 onwind,legacy,NL0 15,1,0.0,53935.517593571545,118658.1387058575
32,NL0 17 0 onwind,legacy,NL0 17,1,0.0,53935.517593571545,118658.1387058575
32,NL0 19 0 onwind,legacy,NL0 19,1,0.0,53935.517593571545,118658.1387058575
32,NL0 2 0 onwind,legacy,NL0 2,1,0.0,53935.517593571545,118658.1387058575
32,NL0 20 0 onwind,legacy,NL0 20,1,0.0,53935.517593571545,118658.1387058575
32,NL0 21 0 onwind,legacy,NL0 21,1,0.0,53935.517593571545,118658.1387058575
32,NL0 22 0 onwind,legacy,NL0 22,1,0.0,53935.517593571545,118658.1387058575
32,NL0 23 0 onwind,legacy,NL0 23,1,0.0,53935.517593571545,118658.1387058575
32,NL0 24 0 onwind,legacy,NL0 24,1,0.0,53935.517593571545,118658.1387058575
32,NL0 27 0 onwind,legacy,NL0 27,1,0.0,53935.517593571545,118658.1387058575
32,NL0 3 0 onwind,legacy,NL0 3,1,0.0,53935.517593571545,118658.1387058575
32,NL0 30 0 onwind,legacy,NL0 30,1,0.0,53935.517593571545,118658.1387058575
32,NL0 31 0 onwind,legacy,NL0 31,1,0.0,53935.517593571545,118658.1387058575
32,NL0 4 0 onwind,legacy,NL0 4,1,0.0,53935.517593571545,118658.1387058575
32,NL0 5 0 onwind,legacy,NL0 5,1,0.0,53935.517593571545,118658.1387058575
32,NL0 6 0 onwind,legacy,NL0 6,1,0.0,53935.517593571545,118658.1387058575
32,NL0 7 0 onwind,legacy,NL0 7,1,0.0,53935.517593571545,118658.1387058575
32,NL0 8 0 onwind,legacy,NL0 8,1,0.0,53935.517593571545,118658.1387058575
32,NL0 9 0 onwind,legacy,NL0 9,1,0.0,53935.517593571545,118658.1387058575
33,NL0 0 Invest,investable,NL0 0,1,0.0,53935.51759343587,59329.06935292875
33,NL0 1 Invest,investable,NL0 1,1,0.0,53935.51759343587,53935.51759357159
33,NL0 10 Invest,investable,NL0 10,1,0.0,53935.51759343587,59329.06935292875
33,NL0 11 Invest,investable,NL0 11,1,0.0,53935.51759343587,53935.51759357159
33,NL0 12 Invest,investable,NL0 12,1,1000.0,53935.51759343587,53935.51759343562
33,NL0 13 Invest,investable,NL0 13,1,0.0,53935.51759343587,53935.51759357159
33,NL0 14 Invest,investable,NL0 14,1,1000.0,53935.51759343587,53935.51759343575
33,NL0 15 Invest,investable,NL0 15,1,1000.0,53935.51759343587,53935.51759343575
33,NL0 16 Invest,investable,NL0 16,1,0.0,53935.51759343587,59329.06935292875
33,NL0 17 Invest,investable,NL0 17,1,0.0,53935.51759343587,59329.06935292875
33,NL0 18 Invest,investable,NL0 18,1,0.0,53935.51759343587,59329.06935292875
33,NL0 19 Invest,investable,NL0 19,1,1000.0,53935.51759343587,53935.51759343575
33,NL0 2 Invest,investable,NL0 2,1,1000.0,53935.51759343587,53935.51759343575
33,NL0 20 Invest,investable,NL0 20,1,0.0,53935.51759343587,59329.06935292875
33,NL0 21 Invest,investable,NL0 21,1,0.0,53935.51759343587,59329.06935292875
33,NL0 22 Invest,investable,NL0 22,1,1000.0,53935.51759343587,53935.51759357159
33,NL0 23 Invest,investable,NL0 23,1,0.0,53935.51759343587,59329.06935292875
33,NL0 24 Invest,investable,NL0 24,1,0.0,53935.51759343587,59329.06935292875
33,NL0 25 Invest,investable,NL0 25,1,1000.0,53935.51759343587,53935.51759343575
33,NL0 26 Invest,investable,NL0 26,1,1000.0,53935.51759343587,53935.51759343575
33,NL0 27 Invest,investable,NL0 27,1,0.0,53935.51759343587,59329.06935292875
33,NL0 28 Invest,investable,NL0 28,1,1000.0,53935.51759343587,53935.51759343575
33,NL0 3 Invest,investable,NL0 3,1,0.0,53935.51759343587,59329.06935292875
33,NL0 30 Invest,investable,NL0 30,1,0.0,53935.51759343587,59329.06935292875
33,NL0 31 Invest,investable,NL0 31,1,1000.0,53935.51759343587,53935.51759343575
33,NL0 33 Invest,investable,NL0 33,1,0.0,53935.51759343587,59329.06935292875
33,NL0 4 Invest,investable,NL0 4,1,1000.0,53935.51759343587,53935.51759343575
33,NL0 5 Invest,investable,NL0 5,1,1000.0,53935.51759343587,53935.51759357159
33,NL0 6 Invest,investable,NL0 6,1,1000.0,53935.51759343587,53935.51759357159
33,NL0 7 Invest,investable,NL0 7,1,1000.0,53935.51759343587,53935.51759357159
33,NL0 8 Invest,investable,NL0 8,1,0.0,53935.51759343587,59329.06935292875
33,NL0 9 Invest,investable,NL0 9,1,634.5076028511185,53935.51759343587,53935.51759357159
33,NL0 1 biomass,legacy,NL0 1,1,71.0,53935.51759343587,53935.51759343587
33,NL0 1 waste,legacy,NL0 1,1,31.0,53935.51759343587,53935.51759343587
33,NL0 10 waste,legacy,NL0 10,1,150.0,53935.51759343587,53935.51759343587
33,NL0 11 biomass,legacy,NL0 11,1,20.0,53935.51759343587,53935.51759343587
33,NL0 11 waste,legacy,NL0 11,1,50.0,53935.51759343587,53935.51759343587
33,NL0 13 biomass,legacy,NL0 13,1,77.0,53935.51759343587,53935.51759343587
33,NL0 19 biomass,legacy,NL0 19,1,49.0,53935.51759343587,53935.51759343587
33,NL0 19 waste,legacy,NL0 19,1,36.0,53935.51759343587,53935.51759343587
33,NL0 22 biomass,legacy,NL0 22,1,500.0,53935.51759343587,53935.51759343587
33,NL0 25 waste,legacy,NL0 25,1,54.0,53935.51759343587,53935.51759343587
33,NL0 27 biomass,legacy,NL0 27,1,22.0,53935.51759343587,53935.51759343587
33,NL0 27 waste,legacy,NL0 27,1,71.2,53935.51759343587,53935.51759343587
33,NL0 3 biomass,legacy,NL0 3,1,22.0,53935.51759343587,53935.51759343587
33,NL0 3 waste,legacy,NL0 3,1,108.0,53935.51759343587,53935.51759343587
33,NL0 30 biomass,legacy,NL0 30,1,60.0,53935.51759343587,53935.51759343587
33,NL0 7 nuclear,legacy,NL0 7,1,515.0,53935.51759343587,53935.51759343587
33,NL0 7 waste,legacy,NL0 7,1,39.0,53935.51759343587,53935.51759343587
33,NL0 8 biomass,legacy,NL0 8,1,36.0,53935.51759343587,53935.51759343587
33,NL0 8 waste,legacy,NL0 8,1,157.0,53935.51759343587,53935.51759343587
33,NL0 9 biomass,legacy,NL0 9,1,20.0,53935.51759343587,53935.51759343587
33,NL0 0 0 solar,legacy,NL0 0,1,0.0,53935.51759343587,53935.517593435754
33,NL0 1 0 solar,legacy,NL0 1,1,0.0,53935.51759343587,53935.517593435754
33,NL0 10 0 solar,legacy,NL0 10,1,0.0,53935.51759343587,53935.517593435754
33,NL0 11 0 solar,legacy,NL0 11,1,0.0,53935.51759343587,53935.517593435754
33,NL0 12 0 solar,legacy,NL0 12,1,0.0,53935.51759343587,53935.517593435754
33,NL0 13 0 solar,legacy,NL0 13,1,0.0,53935.51759343587,53935.517593435754
33,NL0 14 0 solar,legacy,NL0 14,1,0.0,53935.51759343587,53935.517593435754
33,NL0 15 0 solar,legacy,NL0 15,1,0.0,53935.51759343587,53935.517593435754
33,NL0 16 0 solar,legacy,NL0 16,1,0.0,53935.51759343587,53935.517593435754
33,NL0 17 0 solar,legacy,NL0 17,1,0.0,53935.51759343587,53935.517593435754
33,NL0 18 0 solar,legacy,NL0 18,1,0.0,53935.51759343587,53935.517593435754
33,NL0 19 0 solar,legacy,NL0 19,1,0.0,53935.51759343587,53935.517593435754
33,NL0 2 0 solar,legacy,NL0 2,1,0.0,53935.51759343587,53935.517593435754
33,NL0 20 0 solar,legacy,NL0 20,1,0.0,53935.51759343587,53935.517593435754
33,NL0 21 0 solar,legacy,NL0 21,1,0.0,53935.51759343587,53935.517593435754
33,NL0 22 0 solar,legacy,NL0 22,1,0.0,53935.51759343587,53935.517593435754
33,NL0 23 0 solar,legacy,NL0 23,1,0.0,53935.51759343587,53935.517593435754
33,NL0 24 0 solar,legacy,NL0 24,1,0.0,53935.51759343587,53935.517593435754
33,NL0 25 0 solar,legacy,NL0 25,1,0.0,53935.51759343587,53935.517593435754
33,NL0 26 0 solar,legacy,NL0 26,1,0.0,53935.51759343587,53935.517593435754
33,NL0 27 0 solar,legacy,NL0 27,1,0.0,53935.51759343587,53935.517593435754
33,NL0 28 0 solar,legacy,NL0 28,1,0.0,53935.51759343587,53935.517593435754
33,NL0 3 0 solar,legacy,NL0 3,1,0.0,53935.51759343587,53935.517593435754
33,NL0 30 0 solar,legacy,NL0 30,1,0.0,53935.51759343587,53935.517593435754
33,NL0 31 0 solar,legacy,NL0 31,1,0.0,53935.51759343587,53935.517593435754
33,NL0 4 0 solar,legacy,NL0 4,1,0.0,53935.51759343587,53935.517593435754
33,NL0 5 0 solar,legacy,NL0 5,1,0.0,53935.51759343587,53935.517593435754
33,NL0 6 0 solar,legacy,NL0 6,1,0.0,53935.51759343587,53935.517593435754
33,NL0 7 0 solar,legacy,NL0 7,1,0.0,53935.51759343587,53935.517593435754
33,NL0 8 0 solar,legacy,NL0 8,1,0.0,53935.51759343587,53935.517593435754
33,NL0 9 0 solar,legacy,NL0 9,1,0.0,53935.51759343587,53935.517593435754
33,NL0 20 0 offwind-ac,legacy,NL0 20,1,0.0,53935.51759343587,53935.517593435754
33,NL0 27 0 offwind-ac,legacy,NL0 27,1,0.0,53935.51759343587,53935.517593435754
33,NL0 31 0 offwind-ac,legacy,NL0 31,1,0.0,53935.51759343587,53935.517593435754
33,NL0 32 0 offwind-ac,legacy,NL0 32,1,0.0,53935.51759343587,53935.517593435754
33,NL0 7 0 offwind-ac,legacy,NL0 7,1,0.0,53935.51759343587,53935.517593435754
33,NL0 0 0 onwind,legacy,NL0 0,1,0.0,53935.51759343587,53935.517593435754
33,NL0 1 0 onwind,legacy,NL0 1,1,0.0,53935.51759343587,53935.517593435754
33,NL0 10 0 onwind,legacy,NL0 10,1,0.0,53935.51759343587,53935.517593435754
33,NL0 11 0 onwind,legacy,NL0 11,1,0.0,53935.51759343587,53935.517593435754
33,NL0 12 0 onwind,legacy,NL0 12,1,0.0,53935.51759343587,53935.517593435754
33,NL0 13 0 onwind,legacy,NL0 13,1,0.0,53935.51759343587,53935.517593435754
33,NL0 14 0 onwind,legacy,NL0 14,1,0.0,53935.51759343587,53935.517593435754
33,NL0 15 0 onwind,legacy,NL0 15,1,0.0,53935.51759343587,53935.517593435754
33,NL0 17 0 onwind,legacy,NL0 17,1,0.0,53935.51759343587,53935.517593435754
33,NL0 19 0 onwind,legacy,NL0 19,1,0.0,53935.51759343587,53935.517593435754
33,NL0 2 0 onwind,legacy,NL0 2,1,0.0,53935.51759343587,53935.517593435754
33,NL0 20 0 onwind,legacy,NL0 20,1,0.0,53935.51759343587,53935.517593435754
33,NL0 21 0 onwind,legacy,NL0 21,1,0.0,53935.51759343587,53935.517593435754
33,NL0 22 0 onwind,legacy,NL0 22,1,0.0,53935.51759343587,53935.517593435754
33,NL0 23 0 onwind,legacy,NL0 23,1,0.0,53935.51759343587,53935.517593435754
33,NL0 24 0 onwind,legacy,NL0 24,1,0.0,53935.51759343587,53935.517593435754
33,NL0 27 0 onwind,legacy,NL0 27,1,0.0,53935.51759343587,53935.517593435754
33,NL0 3 0 onwind,legacy,NL0 3,1,0.0,53935.51759343587,53935.517593435754
33,NL0 30 0 onwind,legacy,NL0 30,1,0.0,53935.51759343587,53935.517593435754
33,NL0 31 0 onwind,legacy,NL0 31,1,0.0,53935.51759343587,53935.517593435754
33,NL0 4 0 onwind,legacy,NL0 4,1,0.0,53935.51759343587,53935.517593435754
33,NL0 5 0 onwind,legacy,NL0 5,1,0.0,53935.51759343587,53935.517593435754
33,NL0 6 0 onwind,legacy,NL0 6,1,0.0,53935.51759343587,53935.517593435754
33,NL0 7 0 onwind,legacy,NL0 7,1,0.0,53935.51759343587,53935.517593435754
33,NL0 8 0 onwind,legacy,NL0 8,1,0.0,53935.51759343587,53935.517593435754
33,NL0 9 0 onwind,legacy,NL0 9,1,0.0,53935.51759343587,53935.517593435754
34,NL0 0 Invest,investable,NL0 0,1,0.0,53935.51759343587,59329.06935292875
34,NL0 1 Invest,investable,NL0 1,1,1000.0,53935.51759343587,53935.51759357159
34,NL0 10 Invest,investable,NL0 10,1,0.0,53935.51759343587,59329.06935292875
34,NL0 11 Invest,investable,NL0 11,1,1000.0,53935.51759343587,53935.51759357159
34,NL0 12 Invest,investable,NL0 12,1,1000.0,53935.51759343587,53935.51759343562
34,NL0 13 Invest,investable,NL0 13,1,1000.0,53935.51759343587,53935.51759357159
34,NL0 14 Invest,investable,NL0 14,1,1000.0,53935.51759343587,53935.51759343575
34,NL0 15 Invest,investable,NL0 15,1,1000.0,53935.51759343587,53935.51759343575
34,NL0 16 Invest,investable,NL0 16,1,0.0,53935.51759343587,59329.06935292875
34,NL0 17 Invest,investable,NL0 17,1,0.0,53935.51759343587,59329.06935292875
34,NL0 18 Invest,investable,NL0 18,1,0.0,53935.51759343587,59329.06935292875
34,NL0 19 Invest,investable,NL0 19,1,1000.0,53935.51759343587,53935.51759343575
34,NL0 2 Invest,investable,NL0 2,1,1000.0,53935.51759343587,53935.51759343575
34,NL0 20 Invest,investable,NL0 20,1,0.0,53935.51759343587,59329.06935292875
34,NL0 21 Invest,investable,NL0 21,1,0.0,53935.51759343587,59329.06935292875
34,NL0 22 Invest,investable,NL0 22,1,0.0,53935.51759343587,53935.51759357159
34,NL0 23 Invest,investable,NL0 23,1,0.0,53935.51759343587,59329.06935292875
34,NL0 24 Invest,investable,NL0 24,1,0.0,53935.51759343587,59329.06935292875
34,NL0 25 Invest,investable,NL0 25,1,1000.0,53935.51759343587,53935.51759343575
34,NL0 26 Invest,investable,NL0 26,1,1000.0,53935.51759343587,53935.51759343575
34,NL0 27 Invest,investable,NL0 27,1,0.0,53935.51759343587,59329.06935292875
34,NL0 28 Invest,investable,NL0 28,1,1000.0,53935.51759343587,53935.51759343575
34,NL0 3 Invest,investable,NL0 3,1,0.0,53935.51759343587,59329.06935292875
34,NL0 30 Invest,investable,NL0 30,1,0.0,53935.51759343587,59329.06935292875
34,NL0 31 Invest,investable,NL0 31,1,1000.0,53935.51759343587,53935.51759343575
34,NL0 33 Invest,investable,NL0 33,1,0.0,53935.51759343587,59329.06935292875
34,NL0 4 Invest,investable,NL0 4,1,1000.0,53935.51759343587,53935.51759343575
34,NL0 5 Invest,investable,NL0 5,1,0.0,53935.51759343587,53935.51759357159
34,NL0 6 Invest,investable,NL0 6,1,634.5076028511185,53935.51759343587,53935.51759357159
34,NL0 7 Invest,investable,NL0 7,1,0.0,53935.51759343587,53935.51759357159
34,NL0 8 Invest,investable,NL0 8,1,0.0,53935.51759343587,59329.06935292875
34,NL0 9 Invest,investable,NL0 9,1,1000.0,53935.51759343587,53935.51759357159
34,NL0 1 biomass,legacy,NL0 1,1,71.0,53935.51759343587,53935.51759343587
34,NL0 1 waste,legacy,NL0 1,1,31.0,53935.51759343587,53935.51759343587
34,NL0 10 waste,legacy,NL0 10,1,150.0,53935.51759343587,53935.51759343587
34,NL0 11 biomass,legacy,NL0 11,1,20.0,53935.51759343587,53935.51759343587
34,NL0 11 waste,legacy,NL0 11,1,50.0,53935.51759343587,53935.51759343587
34,NL0 13 biomass,legacy,NL0 13,1,77.0,53935.51759343587,53935.51759343587
34,NL0 19 biomass,legacy,NL0 19,1,49.0,53935.51759343587,53935.51759343587
34,NL0 19 waste,legacy,NL0 19,1,36.0,53935.51759343587,53935.51759343587
34,NL0 22 biomass,legacy,NL0 22,1,500.0,53935.51759343587,53935.51759343587
34,NL0 25 waste,legacy,NL0 25,1,54.0,53935.51759343587,53935.51759343587
34,NL0 27 biomass,legacy,NL0 27,1,22.0,53935.51759343587,53935.51759343587
34,NL0 27 waste,legacy,NL0 27,1,71.2,53935.51759343587,53935.51759343587
34,NL0 3 biomass,legacy,NL0 3,1,22.0,53935.51759343587,53935.51759343587
34,NL0 3 waste,legacy,NL0 3,1,108.0,53935.51759343587,53935.51759343587
34,NL0 30 biomass,legacy,NL0 30,1,60.0,53935.51759343587,53935.51759343587
34,NL0 7 nuclear,legacy,NL0 7,1,515.0,53935.51759343587,53935.51759343587
34,NL0 7 waste,legacy,NL0 7,1,39.0,53935.51759343587,53935.51759343587
34,NL0 8 biomass,legacy,NL0 8,1,36.0,53935.51759343587,53935.51759343587
34,NL0 8 waste,legacy,NL0 8,1,157.0,53935.51759343587,53935.51759343587
34,NL0 9 biomass,legacy,NL0 9,1,20.0,53935.51759343587,53935.51759343587
34,NL0 0 0 solar,legacy,NL0 0,1,0.0,53935.51759343587,53935.517593435754
34,NL0 1 0 solar,legacy,NL0 1,1,0.0,53935.51759343587,53935.517593435754
34,NL0 10 0 solar,legacy,NL0 10,1,0.0,53935.51759343587,53935.517593435754
34,NL0 11 0 solar,legacy,NL0 11,1,0.0,53935.51759343587,53935.517593435754
34,NL0 12 0 solar,legacy,NL0 12,1,0.0,53935.51759343587,53935.517593435754
34,NL0 13 0 solar,legacy,NL0 13,1,0.0,53935.51759343587,53935.517593435754
34,NL0 14 0 solar,legacy,NL0 14,1,0.0,53935.51759343587,53935.517593435754
34,NL0 15 0 solar,legacy,NL0 15,1,0.0,53935.51759343587,53935.517593435754
34,NL0 16 0 solar,legacy,NL0 16,1,0.0,53935.51759343587,53935.517593435754
34,NL0 17 0 solar,legacy,NL0 17,1,0.0,53935.51759343587,53935.517593435754
34,NL0 18 0 solar,legacy,NL0 18,1,0.0,53935.51759343587,53935.517593435754
34,NL0 19 0 solar,legacy,NL0 19,1,0.0,53935.51759343587,53935.517593435754
34,NL0 2 0 solar,legacy,NL0 2,1,0.0,53935.51759343587,53935.517593435754
34,NL0 20 0 solar,legacy,NL0 20,1,0.0,53935.51759343587,53935.517593435754
34,NL0 21 0 solar,legacy,NL0 21,1,0.0,53935.51759343587,53935.517593435754
34,NL0 22 0 solar,legacy,NL0 22,1,0.0,53935.51759343587,53935.517593435754
34,NL0 23 0 solar,legacy,NL0 23,1,0.0,53935.51759343587,53935.517593435754
34,NL0 24 0 solar,legacy,NL0 24,1,0.0,53935.51759343587,53935.517593435754
34,NL0 25 0 solar,legacy,NL0 25,1,0.0,53935.51759343587,53935.517593435754
34,NL0 26 0 solar,legacy,NL0 26,1,0.0,53935.51759343587,53935.517593435754
34,NL0 27 0 solar,legacy,NL0 27,1,0.0,53935.51759343587,53935.517593435754
34,NL0 28 0 solar,legacy,NL0 28,1,0.0,53935.51759343587,53935.517593435754
34,NL0 3 0 solar,legacy,NL0 3,1,0.0,53935.51759343587,53935.517593435754
34,NL0 30 0 solar,legacy,NL0 30,1,0.0,53935.51759343587,53935.517593435754
34,NL0 31 0 solar,legacy,NL0 31,1,0.0,53935.51759343587,53935.517593435754
34,NL0 4 0 solar,legacy,NL0 4,1,0.0,53935.51759343587,53935.517593435754
34,NL0 5 0 solar,legacy,NL0 5,1,0.0,53935.51759343587,53935.517593435754
34,NL0 6 0 solar,legacy,NL0 6,1,0.0,53935.51759343587,53935.517593435754
34,NL0 7 0 solar,legacy,NL0 7,1,0.0,53935.51759343587,53935.517593435754
34,NL0 8 0 solar,legacy,NL0 8,1,0.0,53935.51759343587,53935.517593435754
34,NL0 9 0 solar,legacy,NL0 9,1,0.0,53935.51759343587,53935.517593435754
34,NL0 20 0 offwind-ac,legacy,NL0 20,1,0.0,53935.51759343587,53935.517593435754
34,NL0 27 0 offwind-ac,legacy,NL0 27,1,0.0,53935.51759343587,53935.517593435754
34,NL0 31 0 offwind-ac,legacy,NL0 31,1,0.0,53935.51759343587,53935.517593435754
34,NL0 32 0 offwind-ac,legacy,NL0 32,1,0.0,53935.51759343587,53935.517593435754
34,NL0 7 0 offwind-ac,legacy,NL0 7,1,0.0,53935.51759343587,53935.517593435754
34,NL0 0 0 onwind,legacy,NL0 0,1,0.0,53935.51759343587,53935.517593435754
34,NL0 1 0 onwind,legacy,NL0 1,1,0.0,53935.51759343587,53935.517593435754
34,NL0 10 0 onwind,legacy,NL0 10,1,0.0,53935.51759343587,53935.517593435754
34,NL0 11 0 onwind,legacy,NL0 11,1,0.0,53935.51759343587,53935.517593435754
34,NL0 12 0 onwind,legacy,NL0 12,1,0.0,53935.51759343587,53935.517593435754
34,NL0 13 0 onwind,legacy,NL0 13,1,0.0,53935.51759343587,53935.517593435754
34,NL0 14 0 onwind,legacy,NL0 14,1,0.0,53935.51759343587,53935.517593435754
34,NL0 15 0 onwind,legacy,NL0 15,1,0.0,53935.51759343587,53935.517593435754
34,NL0 17 0 onwind,legacy,NL0 17,1,0.0,53935.51759343587,53935.517593435754
34,NL0 19 0 onwind,legacy,NL0 19,1,0.0,53935.51759343587,53935.517593435754
34,NL0 2 0 onwind,legacy,NL0 2,1,0.0,53935.51759343587,53935.517593435754
34,NL0 20 0 onwind,legacy,NL0 20,1,0.0,53935.51759343587,53935.517593435754
34,NL0 21 0 onwind,legacy,NL0 21,1,0.0,53935.51759343587,53935.517593435754
34,NL0 22 0 onwind,legacy,NL0 22,1,0.0,53935.51759343587,53935.517593435754
34,NL0 23 0 onwind,legacy,NL0 23,1,0.0,53935.51759343587,53935.517593435754
34,NL0 24 0 onwind,legacy,NL0 24,1,0.0,53935.51759343587,53935.517593435754
34,NL0 27 0 onwind,legacy,NL0 27,1,0.0,53935.51759343587,53935.517593435754
34,NL0 3 0 onwind,legacy,NL0 3,1,0.0,53935.51759343587,53935.517593435754
34,NL0 30 0 onwind,legacy,NL0 30,1,0.0,53935.51759343587,53935.517593435754
34,NL0 31 0 onwind,legacy,NL0 31,1,0.0,53935.51759343587,53935.517593435754
34,NL0 4 0 onwind,legacy,NL0 4,1,0.0,53935.51759343587,53935.517593435754
34,NL0 5 0 onwind,legacy,NL0 5,1,0.0,53935.51759343587,53935.517593435754
34,NL0 6 0 onwind,legacy,NL0 6,1,0.0,53935.51759343587,53935.517593435754
34,NL0 7 0 onwind,legacy,NL0 7,1,0.0,53935.51759343587,53935.517593435754
34,NL0 8 0 onwind,legacy,NL0 8,1,0.0,53935.51759343587,53935.517593435754
34,NL0 9 0 onwind,legacy,NL0 9,1,0.0,53935.51759343587,53935.517593435754
35,NL0 0 Invest,investable,NL0 0,1,0.0,53935.51759343587,59329.06935292875
35,NL0 1 Invest,investable,NL0 1,1,1000.0,53935.51759343587,53935.51759357159
35,NL0 10 Invest,investable,NL0 10,1,0.0,53935.51759343587,59329.06935292875
35,NL0 11 Invest,investable,NL0 11,1,1000.0,53935.51759343587,53935.51759357159
35,NL0 12 Invest,investable,NL0 12,1,1000.0,53935.51759343587,53935.51759343562
35,NL0 13 Invest,investable,NL0 13,1,1000.0,53935.51759343587,53935.51759357159
35,NL0 14 Invest,investable,NL0 14,1,1000.0,53935.51759343587,53935.51759343575
35,NL0 15 Invest,investable,NL0 15,1,1000.0,53935.51759343587,53935.51759343575
35,NL0 16 Invest,investable,NL0 16,1,0.0,53935.51759343587,59329.06935292875
35,NL0 17 Invest,investable,NL0 17,1,0.0,53935.51759343587,59329.06935292875
35,NL0 18 Invest,investable,NL0 18,1,0.0,53935.51759343587,59329.06935292875
35,NL0 19 Invest,investable,NL0 19,1,1000.0,53935.51759343587,53935.51759343575
35,NL0 2 Invest,investable,NL0 2,1,1000.0,53935.51759343587,53935.51759343575
35,NL0 20 Invest,investable,NL0 20,1,0.0,53935.51759343587,59329.06935292875
35,NL0 21 Invest,investable,NL0 21,1,0.0,53935.51759343587,59329.06935292875
35,NL0 22 Invest,investable,NL0 22,1,0.0,53935.51759343587,53935.51759357159
35,NL0 23 Invest,investable,NL0 23,1,0.0,53935.51759343587,59329.06935292875
35,NL0 24 Invest,investable,NL0 24,1,0.0,53935.51759343587,59329.06935292875
35,NL0 25 Invest,investable,NL0 25,1,1000.0,53935.51759343587,53935.51759343575
35,NL0 26 Invest,investable,NL0 26,1,1000.0,53935.51759343587,53935.51759343575
35,NL0 27 Invest,investable,NL0 27,1,0.0,53935.51759343587,59329.06935292875
35,NL0 28 Invest,investable,NL0 28,1,1000.0,53935.51759343587,53935.51759343575
35,NL0 3 Invest,investable,NL0 3,1,0.0,53935.51759343587,59329.06935292875
35,NL0 30 Invest,investable,NL0 30,1,0.0,53935.51759343587,59329.06935292875
35,NL0 31 Invest,investable,NL0 31,1,1000.0,53935.51759343587,53935.51759343575
35,NL0 33 Invest,investable,NL0 33,1,0.0,53935.51759343587,59329.06935292875
35,NL0 4 Invest,investable,NL0 4,1,1000.0,53935.51759343587,53935.51759343575
35,NL0 5 Invest,investable,NL0 5,1,0.0,53935.51759343587,53935.51759357159
35,NL0 6 Invest,investable,NL0 6,1,634.5076028511185,53935.51759343587,53935.51759357159
35,NL0 7 Invest,investable,NL0 7,1,0.0,53935.51759343587,53935.51759357159
35,NL0 8 Invest,investable,NL0 8,1,0.0,53935.51759343587,59329.06935292875
35,NL0 9 Invest,investable,NL0 9,1,1000.0,53935.51759343587,53935.51759357159
35,NL0 1 biomass,legacy,NL0 1,1,71.0,53935.51759343587,53935.51759343587
35,NL0 1 waste,legacy,NL0 1,1,31.0,53935.51759343587,53935.51759343587
35,NL0 10 waste,legacy,NL0 10,1,150.0,53935.51759343587,53935.51759343587
35,NL0 11 biomass,legacy,NL0 11,1,20.0,53935.51759343587,53935.51759343587
35,NL0 11 waste,legacy,NL0 11,1,50.0,53935.51759343587,53935.51759343587
35,NL0 13 biomass,legacy,NL0 13,1,77.0,53935.51759343587,53935.51759343587
35,NL0 19 biomass,legacy,NL0 19,1,49.0,53935.51759343587,53935.51759343587
35,NL0 19 waste,legacy,NL0 19,1,36.0,53935.51759343587,53935.51759343587
35,NL0 22 biomass,legacy,NL0 22,1,500.0,53935.51759343587,53935.51759343587
35,NL0 25 waste,legacy,NL0 25,1,54.0,53935.51759343587,53935.51759343587
35,NL0 27 biomass,legacy,NL0 27,1,22.0,53935.51759343587,53935.51759343587
35,NL0 27 waste,legacy,NL0 27,1,71.2,53935.51759343587,53935.51759343587
35,NL0 3 biomass,legacy,NL0 3,1,22.0,53935.51759343587,53935.51759343587
35,NL0 3 waste,legacy,NL0 3,1,108.0,53935.51759343587,53935.51759343587
35,NL0 30 biomass,legacy,NL0 30,1,60.0,53935.51759343587,53935.51759343587
35,NL0 7 nuclear,legacy,NL0 7,1,515.0,53935.51759343587,53935.51759343587
35,NL0 7 waste,legacy,NL0 7,1,39.0,53935.51759343587,53935.51759343587
35,NL0 8 biomass,legacy,NL0 8,1,36.0,53935.51759343587,53935.51759343587
35,NL0 8 waste,legacy,NL0 8,1,157.0,53935.51759343587,53935.51759343587
35,NL0 9 biomass,legacy,NL0 9,1,20.0,53935.51759343587,53935.51759343587
35,NL0 0 0 solar,legacy,NL0 0,1,0.0,53935.51759343587,53935.517593435754
35,NL0 1 0 solar,legacy,NL0 1,1,0.0,53935.51759343587,53935.517593435754
35,NL0 10 0 solar,legacy,NL0 10,1,0.0,53935.51759343587,53935.517593435754
35,NL0 11 0 solar,legacy,NL0 11,1,0.0,53935.51759343587,53935.517593435754
35,NL0 12 0 solar,legacy,NL0 12,1,0.0,53935.51759343587,53935.517593435754
35,NL0 13 0 solar,legacy,NL0 13,1,0.0,53935.51759343587,53935.517593435754
35,NL0 14 0 solar,legacy,NL0 14,1,0.0,53935.51759343587,53935.517593435754
35,NL0 15 0 solar,legacy,NL0 15,1,0.0,53935.51759343587,53935.517593435754
35,NL0 16 0 solar,legacy,NL0 16,1,0.0,53935.51759343587,53935.517593435754
35,NL0 17 0 solar,legacy,NL0 17,1,0.0,53935.51759343587,53935.517593435754
35,NL0 18 0 solar,legacy,NL0 18,1,0.0,53935.51759343587,53935.517593435754
35,NL0 19 0 solar,legacy,NL0 19,1,0.0,53935.51759343587,53935.517593435754
35,NL0 2 0 solar,legacy,NL0 2,1,0.0,53935.51759343587,53935.517593435754
35,NL0 20 0 solar,legacy,NL0 20,1,0.0,53935.51759343587,53935.517593435754
35,NL0 21 0 solar,legacy,NL0 21,1,0.0,53935.51759343587,53935.517593435754
35,NL0 22 0 solar,legacy,NL0 22,1,0.0,53935.51759343587,53935.517593435754
35,NL0 23 0 solar,legacy,NL0 23,1,0.0,53935.51759343587,53935.517593435754
35,NL0 24 0 solar,legacy,NL0 24,1,0.0,53935.51759343587,53935.517593435754
35,NL0 25 0 solar,legacy,NL0 25,1,0.0,53935.51759343587,53935.517593435754
35,NL0 26 0 solar,legacy,NL0 26,1,0.0,53935.51759343587,53935.517593435754
35,NL0 27 0 solar,legacy,NL0 27,1,0.0,53935.51759343587,53935.517593435754
35,NL0 28 0 solar,legacy,NL0 28,1,0.0,53935.51759343587,53935.517593435754
35,NL0 3 0 solar,legacy,NL0 3,1,0.0,53935.51759343587,53935.517593435754
35,NL0 30 0 solar,legacy,NL0 30,1,0.0,53935.51759343587,53935.517593435754
35,NL0 31 0 solar,legacy,NL0 31,1,0.0,53935.51759343587,53935.517593435754
35,NL0 4 0 solar,legacy,NL0 4,1,0.0,53935.51759343587,53935.517593435754
35,NL0 5 0 solar,legacy,NL0 5,1,0.0,53935.51759343587,53935.517593435754
35,NL0 6 0 solar,legacy,NL0 6,1,0.0,53935.51759343587,53935.517593435754
35,NL0 7 0 solar,legacy,NL0 7,1,0.0,53935.51759343587,53935.517593435754
35,NL0 8 0 solar,legacy,NL0 8,1,0.0,53935.51759343587,53935.517593435754
35,NL0 9 0 solar,legacy,NL0 9,1,0.0,53935.51759343587,53935.517593435754
35,NL0 20 0 offwind-ac,legacy,NL0 20,1,0.0,53935.51759343587,53935.517593435754
35,NL0 27 0 offwind-ac,legacy,NL0 27,1,0.0,53935.51759343587,53935.517593435754
35,NL0 31 0 offwind-ac,legacy,NL0 31,1,0.0,53935.51759343587,53935.517593435754
35,NL0 32 0 offwind-ac,legacy,NL0 32,1,0.0,53935.51759343587,53935.517593435754
35,NL0 7 0 offwind-ac,legacy,NL0 7,1,0.0,53935.51759343587,53935.517593435754
35,NL0 0 0 onwind,legacy,NL0 0,1,0.0,53935.51759343587,53935.517593435754
35,NL0 1 0 onwind,legacy,NL0 1,1,0.0,53935.51759343587,53935.517593435754
35,NL0 10 0 onwind,legacy,NL0 10,1,0.0,53935.51759343587,53935.517593435754
35,NL0 11 0 onwind,legacy,NL0 11,1,0.0,53935.51759343587,53935.517593435754
35,NL0 12 0 onwind,legacy,NL0 12,1,0.0,53935.51759343587,53935.517593435754
35,NL0 13 0 onwind,legacy,NL0 13,1,0.0,53935.51759343587,53935.517593435754
35,NL0 14 0 onwind,legacy,NL0 14,1,0.0,53935.51759343587,53935.517593435754
35,NL0 15 0 onwind,legacy,NL0 15,1,0.0,53935.51759343587,53935.517593435754
35,NL0 17 0 onwind,legacy,NL0 17,1,0.0,53935.51759343587,53935.517593435754
35,NL0 19 0 onwind,legacy,NL0 19,1,0.0,53935.51759343587,53935.517593435754
35,NL0 2 0 onwind,legacy,NL0 2,1,0.0,53935.51759343587,53935.517593435754
35,NL0 20 0 onwind,legacy,NL0 20,1,0.0,53935.51759343587,53935.517593435754
35,NL0 21 0 onwind,legacy,NL0 21,1,0.0,53935.51759343587,53935.517593435754
35,NL0 22 0 onwind,legacy,NL0 22,1,0.0,53935.51759343587,53935.517593435754
35,NL0 23 0 onwind,legacy,NL0 23,1,0.0,53935.51759343587,53935.517593435754
35,NL0 24 0 onwind,legacy,NL0 24,1,0.0,53935.51759343587,53935.517593435754
35,NL0 27 0 onwind,legacy,NL0 27,1,0.0,53935.51759343587,53935.517593435754
35,NL0 3 0 onwind,legacy,NL0 3,1,0.0,53935.51759343587,53935.517593435754
35,NL0 30 0 onwind,legacy,NL0 30,1,0.0,53935.51759343587,53935.517593435754
35,NL0 31 0 onwind,legacy,NL0 31,1,0.0,53935.51759343587,53935.517593435754
35,NL0 4 0 onwind,legacy,NL0 4,1,0.0,53935.51759343587,53935.517593435754
35,NL0 5 0 onwind,legacy,NL0 5,1,0.0,53935.51759343587,53935.517593435754
35,NL0 6 0 onwind,legacy,NL0 6,1,0.0,53935.51759343587,53935.517593435754
35,NL0 7 0 onwind,legacy,NL0 7,1,0.0,53935.51759343587,53935.517593435754
35,NL0 8 0 onwind,legacy,NL0 8,1,0.0,53935.51759343587,53935.517593435754
35,NL0 9 0 onwind,legacy,NL0 9,1,0.0,53935.51759343587,53935.517593435754
36,NL0 0 Invest,investable,NL0 0,1,0.0,53935.51759343587,59329.06935292875
36,NL0 1 Invest,investable,NL0 1,1,0.0,53935.51759343587,53935.51759357159
36,NL0 10 Invest,investable,NL0 10,1,0.0,53935.51759343587,59329.06935292875
36,NL0 11 Invest,investable,NL0 11,1,0.0,53935.51759343587,53935.51759357159
36,NL0 12 Invest,investable,NL0 12,1,1000.0,53935.51759343587,53935.51759343562
36,NL0 13 Invest,investable,NL0 13,1,0.0,53935.51759343587,53935.51759357159
36,NL0 14 Invest,investable,NL0 14,1,1000.0,53935.51759343587,53935.51759343575
36,NL0 15 Invest,investable,NL0 15,1,1000.0,53935.51759343587,53935.51759343575
36,NL0 16 Invest,investable,NL0 16,1,0.0,53935.51759343587,59329.06935292875
36,NL0 17 Invest,investable,NL0 17,1,0.0,53935.51759343587,59329.06935292875
36,NL0 18 Invest,investable,NL0 18,1,0.0,53935.51759343587,59329.06935292875
36,NL0 19 Invest,investable,NL0 19,1,1000.0,53935.51759343587,53935.51759343575
36,NL0 2 Invest,investable,NL0 2,1,1000.0,53935.51759343587,53935.51759343575
36,NL0 20 Invest,investable,NL0 20,1,0.0,53935.51759343587,59329.06935292875
36,NL0 21 Invest,investable,NL0 21,1,0.0,53935.51759343587,59329.06935292875
36,NL0 22 Invest,investable,NL0 22,1,1000.0,53935.51759343587,53935.51759357159
36,NL0 23 Invest,investable,NL0 23,1,0.0,53935.51759343587,59329.06935292875
36,NL0 24 Invest,investable,NL0 24,1,0.0,53935.51759343587,59329.06935292875
36,NL0 25 Invest,investable,NL0 25,1,1000.0,53935.51759343587,53935.51759343575
36,NL0 26 Invest,investable,NL0 26,1,1000.0,53935.51759343587,53935.51759343575
36,NL0 27 Invest,investable,NL0 27,1,0.0,53935.51759343587,59329.06935292875
36,NL0 28 Invest,investable,NL0 28,1,1000.0,53935.51759343587,53935.51759343575
36,NL0 3 Invest,investable,NL0 3,1,0.0,53935.51759343587,59329.06935292875
36,NL0 30 Invest,investable,NL0 30,1,0.0,53935.51759343587,59329.06935292875
36,NL0 31 Invest,investable,NL0 31,1,1000.0,53935.51759343587,53935.51759343575
36,NL0 33 Invest,investable,NL0 33,1,0.0,53935.51759343587,59329.06935292875
36,NL0 4 Invest,investable,NL0 4,1,1000.0,53935.51759343587,53935.51759343575
36,NL0 5 Invest,investable,NL0 5,1,1000.0,53935.51759343587,53935.51759357159
36,NL0 6 Invest,investable,NL0 6,1,1000.0,53935.51759343587,53935.51759357159
36,NL0 7 Invest,investable,NL0 7,1,1000.0,53935.51759343587,53935.51759357159
36,NL0 8 Invest,investable,NL0 8,1,0.0,53935.51759343587,59329.06935292875
36,NL0 9 Invest,investable,NL0 9,1,634.5076028511185,53935.51759343587,53935.51759357159
36,NL0 1 biomass,legacy,NL0 1,1,71.0,53935.51759343587,53935.51759343587
36,NL0 1 waste,legacy,NL0 1,1,31.0,53935.51759343587,53935.51759343587
36,NL0 10 waste,legacy,NL0 10,1,150.0,53935.51759343587,53935.51759343587
36,NL0 11 biomass,legacy,NL0 11,1,20.0,53935.51759343587,53935.51759343587
36,NL0 11 waste,legacy,NL0 11,1,50.0,53935.51759343587,53935.51759343587
36,NL0 13 biomass,legacy,NL0 13,1,77.0,53935.51759343587,53935.51759343587
36,NL0 19 biomass,legacy,NL0 19,1,49.0,53935.51759343587,53935.51759343587
36,NL0 19 waste,legacy,NL0 19,1,36.0,53935.51759343587,53935.51759343587
36,NL0 22 biomass,legacy,NL0 22,1,500.0,53935.51759343587,53935.51759343587
36,NL0 25 waste,legacy,NL0 25,1,54.0,53935.51759343587,53935.51759343587
36,NL0 27 biomass,legacy,NL0 27,1,22.0,53935.51759343587,53935.51759343587
36,NL0 27 waste,legacy,NL0 27,1,71.2,53935.51759343587,53935.51759343587
36,NL0 3 biomass,legacy,NL0 3,1,22.0,53935.51759343587,53935.51759343587
36,NL0 3 waste,legacy,NL0 3,1,108.0,53935.51759343587,53935.51759343587
36,NL0 30 biomass,legacy,NL0 30,1,60.0,53935.51759343587,53935.51759343587
36,NL0 7 nuclear,legacy,NL0 7,1,515.0,53935.51759343587,53935.51759343587
36,NL0 7 waste,legacy,NL0 7,1,39.0,53935.51759343587,53935.51759343587
36,NL0 8 biomass,legacy,NL0 8,1,36.0,53935.51759343587,53935.51759343587
36,NL0 8 waste,legacy,NL0 8,1,157.0,53935.51759343587,53935.51759343587
36,NL0 9 biomass,legacy,NL0 9,1,20.0,53935.51759343587,53935.51759343587
36,NL0 0 0 solar,legacy,NL0 0,1,0.0,53935.51759343587,53935.517593435754
36,NL0 1 0 solar,legacy,NL0 1,1,0.0,53935.51759343587,53935.517593435754
36,NL0 10 0 solar,legacy,NL0 10,1,0.0,53935.51759343587,53935.517593435754
36,NL0 11 0 solar,legacy,NL0 11,1,0.0,53935.51759343587,53935.517593435754
36,NL0 12 0 solar,legacy,NL0 12,1,0.0,53935.51759343587,53935.517593435754
36,NL0 13 0 solar,legacy,NL0 13,1,0.0,53935.51759343587,53935.517593435754
36,NL0 14 0 solar,legacy,NL0 14,1,0.0,53935.51759343587,53935.517593435754
36,NL0 15 0 solar,legacy,NL0 15,1,0.0,53935.51759343587,53935.517593435754
36,NL0 16 0 solar,legacy,NL0 16,1,0.0,53935.51759343587,53935.517593435754
36,NL0 17 0 solar,legacy,NL0 17,1,0.0,53935.51759343587,53935.517593435754
36,NL0 18 0 solar,legacy,NL0 18,1,0.0,53935.51759343587,53935.517593435754
36,NL0 19 0 solar,legacy,NL0 19,1,0.0,53935.51759343587,53935.517593435754
36,NL0 2 0 solar,legacy,NL0 2,1,0.0,53935.51759343587,53935.517593435754
36,NL0 20 0 solar,legacy,NL0 20,1,0.0,53935.51759343587,53935.517593435754
36,NL0 21 0 solar,legacy,NL0 21,1,0.0,53935.51759343587,53935.517593435754
36,NL0 22 0 solar,legacy,NL0 22,1,0.0,53935.51759343587,53935.517593435754
36,NL0 23 0 solar,legacy,NL0 23,1,0.0,53935.51759343587,53935.517593435754
36,NL0 24 0 solar,legacy,NL0 24,1,0.0,53935.51759343587,53935.517593435754
36,NL0 25 0 solar,legacy,NL0 25,1,0.0,53935.51759343587,53935.517593435754
36,NL0 26 0 solar,legacy,NL0 26,1,0.0,53935.51759343587,53935.517593435754
36,NL0 27 0 solar,legacy,NL0 27,1,0.0,53935.51759343587,53935.517593435754
36,NL0 28 0 solar,legacy,NL0 28,1,0.0,53935.51759343587,53935.517593435754
36,NL0 3 0 solar,legacy,NL0 3,1,0.0,53935.51759343587,53935.517593435754
36,NL0 30 0 solar,legacy,NL0 30,1,0.0,53935.51759343587,53935.517593435754
36,NL0 31 0 solar,legacy,NL0 31,1,0.0,53935.51759343587,53935.517593435754
36,NL0 4 0 solar,legacy,NL0 4,1,0.0,53935.51759343587,53935.517593435754
36,NL0 5 0 solar,legacy,NL0 5,1,0.0,53935.51759343587,53935.517593435754
36,NL0 6 0 solar,legacy,NL0 6,1,0.0,53935.51759343587,53935.517593435754
36,NL0 7 0 solar,legacy,NL0 7,1,0.0,53935.51759343587,53935.517593435754
36,NL0 8 0 solar,legacy,NL0 8,1,0.0,53935.51759343587,53935.517593435754
36,NL0 9 0 solar,legacy,NL0 9,1,0.0,53935.51759343587,53935.517593435754
36,NL0 20 0 offwind-ac,legacy,NL0 20,1,0.0,53935.51759343587,53935.517593435754
36,NL0 27 0 offwind-ac,legacy,NL0 27,1,0.0,53935.51759343587,53935.517593435754
36,NL0 31 0 offwind-ac,legacy,NL0 31,1,0.0,53935.51759343587,53935.517593435754
36,NL0 32 0 offwind-ac,legacy,NL0 32,1,0.0,53935.51759343587,53935.517593435754
36,NL0 7 0 offwind-ac,legacy,NL0 7,1,0.0,53935.51759343587,53935.517593435754
36,NL0 0 0 onwind,legacy,NL0 0,1,0.0,53935.51759343587,53935.517593435754
36,NL0 1 0 onwind,legacy,NL0 1,1,0.0,53935.51759343587,53935.517593435754
36,NL0 10 0 onwind,legacy,NL0 10,1,0.0,53935.51759343587,53935.517593435754
36,NL0 11 0 onwind,legacy,NL0 11,1,0.0,53935.51759343587,53935.517593435754
36,NL0 12 0 onwind,legacy,NL0 12,1,0.0,53935.51759343587,53935.517593435754
36,NL0 13 0 onwind,legacy,NL0 13,1,0.0,53935.51759343587,53935.517593435754
36,NL0 14 0 onwind,legacy,NL0 14,1,0.0,53935.51759343587,53935.517593435754
36,NL0 15 0 onwind,legacy,NL0 15,1,0.0,53935.51759343587,53935.517593435754
36,NL0 17 0 onwind,legacy,NL0 17,1,0.0,53935.51759343587,53935.517593435754
36,NL0 19 0 onwind,legacy,NL0 19,1,0.0,53935.51759343587,53935.517593435754
36,NL0 2 0 onwind,legacy,NL0 2,1,0.0,53935.51759343587,53935.517593435754
36,NL0 20 0 onwind,legacy,NL0 20,1,0.0,53935.51759343587,53935.517593435754
36,NL0 21 0 onwind,legacy,NL0 21,1,0.0,53935.51759343587,53935.517593435754
36,NL0 22 0 onwind,legacy,NL0 22,1,0.0,53935.51759343587,53935.517593435754
36,NL0 23 0 onwind,legacy,NL0 23,1,0.0,53935.51759343587,53935.517593435754
36,NL0 24 0 onwind,legacy,NL0 24,1,0.0,53935.51759343587,53935.517593435754
36,NL0 27 0 onwind,legacy,NL0 27,1,0.0,53935.51759343587,53935.517593435754
36,NL0 3 0 onwind,legacy,NL0 3,1,0.0,53935.51759343587,53935.517593435754
36,NL0 30 0 onwind,legacy,NL0 30,1,0.0,53935.51759343587,53935.517593435754
36,NL0 31 0 onwind,legacy,NL0 31,1,0.0,53935.51759343587,53935.517593435754
36,NL0 4 0 onwind,legacy,NL0 4,1,0.0,53935.51759343587,53935.517593435754
36,NL0 5 0 onwind,legacy,NL0 5,1,0.0,53935.51759343587,53935.517593435754
36,NL0 6 0 onwind,legacy,NL0 6,1,0.0,53935.51759343587,53935.517593435754
36,NL0 7 0 onwind,legacy,NL0 7,1,0.0,53935.51759343587,53935.517593435754
36,NL0 8 0 onwind,legacy,NL0 8,1,0.0,53935.51759343587,53935.517593435754
36,NL0 9 0 onwind,legacy,NL0 9,1,0.0,53935.51759343587,53935.517593435754
37,NL0 0 Invest,investable,NL0 0,1,0.0,53935.51759343587,59329.06935292875
37,NL0 1 Invest,investable,NL0 1,1,1000.0,53935.51759343587,53935.51759357159
37,NL0 10 Invest,investable,NL0 10,1,0.0,53935.51759343587,59329.06935292875
37,NL0 11 Invest,investable,NL0 11,1,1000.0,53935.51759343587,53935.51759357159
37,NL0 12 Invest,investable,NL0 12,1,1000.0,53935.51759343587,53935.51759343562
37,NL0 13 Invest,investable,NL0 13,1,1000.0,53935.51759343587,53935.51759357159
37,NL0 14 Invest,investable,NL0 14,1,1000.0,53935.51759343587,53935.51759343575
37,NL0 15 Invest,investable,NL0 15,1,1000.0,53935.51759343587,53935.51759343575
37,NL0 16 Invest,investable,NL0 16,1,0.0,53935.51759343587,59329.06935292875
37,NL0 17 Invest,investable,NL0 17,1,0.0,53935.51759343587,59329.06935292875
37,NL0 18 Invest,investable,NL0 18,1,0.0,53935.51759343587,59329.06935292875
37,NL0 19 Invest,investable,NL0 19,1,1000.0,53935.51759343587,53935.51759343575
37,NL0 2 Invest,investable,NL0 2,1,1000.0,53935.51759343587,53935.51759343575
37,NL0 20 Invest,investable,NL0 20,1,0.0,53935.51759343587,59329.06935292875
37,NL0 21 Invest,investable,NL0 21,1,0.0,53935.51759343587,59329.06935292875
37,NL0 22 Invest,investable,NL0 22,1,0.0,53935.51759343587,53935.51759357159
37,NL0 23 Invest,investable,NL0 23,1,0.0,53935.51759343587,59329.06935292875
37,NL0 24 Invest,investable,NL0 24,1,0.0,53935.51759343587,59329.06935292875
37,NL0 25 Invest,investable,NL0 25,1,1000.0,53935.51759343587,53935.51759343575
37,NL0 26 Invest,investable,NL0 26,1,1000.0,53935.51759343587,53935.51759343575
37,NL0 27 Invest,investable,NL0 27,1,0.0,53935.51759343587,59329.06935292875
37,NL0 28 Invest,investable,NL0 28,1,1000.0,53935.51759343587,53935.51759343575
37,NL0 3 Invest,investable,NL0 3,1,0.0,53935.51759343587,59329.06935292875
37,NL0 30 Invest,investable,NL0 30,1,0.0,53935.51759343587,59329.06935292875
37,NL0 31 Invest,investable,NL0 31,1,1000.0,53935.51759343587,53935.51759343575
37,NL0 33 Invest,investable,NL0 33,1,0.0,53935.51759343587,59329.06935292875
37,NL0 4 Invest,investable,NL0 4,1,1000.0,53935.51759343587,53935.51759343575
37,NL0 5 Invest,investable,NL0 5,1,0.0,53935.51759343587,53935.51759357159
37,NL0 6 Invest,investable,NL0 6,1,634.5076028511185,53935.51759343587,53935.51759357159
37,NL0 7 Invest,investable,NL0 7,1,0.0,53935.51759343587,53935.51759357159
37,NL0 8 Invest,investable,NL0 8,1,0.0,53935.51759343587,59329.06935292875
37,NL0 9 Invest,investable,NL0 9,1,1000.0,53935.51759343587,53935.51759357159
37,NL0 1 biomass,legacy,NL0 1,1,71.0,53935.51759343587,53935.51759343587
37,NL0 1 waste,legacy,NL0 1,1,31.0,53935.51759343587,53935.51759343587
37,NL0 10 waste,legacy,NL0 10,1,150.0,53935.51759343587,53935.51759343587
37,NL0 11 biomass,legacy,NL0 11,1,20.0,53935.51759343587,53935.51759343587
37,NL0 11 waste,legacy,NL0 11,1,50.0,53935.51759343587,53935.51759343587
37,NL0 13 biomass,legacy,NL0 13,1,77.0,53935.51759343587,53935.51759343587
37,NL0 19 biomass,legacy,NL0 19,1,49.0,53935.51759343587,53935.51759343587
37,NL0 19 waste,legacy,NL0 19,1,36.0,53935.51759343587,53935.51759343587
37,NL0 22 biomass,legacy,NL0 22,1,500.0,53935.51759343587,53935.51759343587
37,NL0 25 waste,legacy,NL0 25,1,54.0,53935.51759343587,53935.51759343587
37,NL0 27 biomass,legacy,NL0 27,1,22.0,53935.51759343587,53935.51759343587
37,NL0 27 waste,legacy,NL0 27,1,71.2,53935.51759343587,53935.51759343587
37,NL0 3 biomass,legacy,NL0 3,1,22.0,53935.51759343587,53935.51759343587
37,NL0 3 waste,legacy,NL0 3,1,108.0,53935.51759343587,53935.51759343587
37,NL0 30 biomass,legacy,NL0 30,1,60.0,53935.51759343587,53935.51759343587
37,NL0 7 nuclear,legacy,NL0 7,1,515.0,53935.51759343587,53935.51759343587
37,NL0 7 waste,legacy,NL0 7,1,39.0,53935.51759343587,53935.51759343587
37,NL0 8 biomass,legacy,NL0 8,1,36.0,53935.51759343587,53935.51759343587
37,NL0 8 waste,legacy,NL0 8,1,157.0,53935.51759343587,53935.51759343587
37,NL0 9 biomass,legacy,NL0 9,1,20.0,53935.51759343587,53935.51759343587
37,NL0 0 0 solar,legacy,NL0 0,1,0.0,53935.51759343587,53935.517593435754
37,NL0 1 0 solar,legacy,NL0 1,1,0.0,53935.51759343587,53935.517593435754
37,NL0 10 0 solar,legacy,NL0 10,1,0.0,53935.51759343587,53935.517593435754
37,NL0 11 0 solar,legacy,NL0 11,1,0.0,53935.51759343587,53935.517593435754
37,NL0 12 0 solar,legacy,NL0 12,1,0.0,53935.51759343587,53935.517593435754
37,NL0 13 0 solar,legacy,NL0 13,1,0.0,53935.51759343587,53935.517593435754
37,NL0 14 0 solar,legacy,NL0 14,1,0.0,53935.51759343587,53935.517593435754
37,NL0 15 0 solar,legacy,NL0 15,1,0.0,53935.51759343587,53935.517593435754
37,NL0 16 0 solar,legacy,NL0 16,1,0.0,53935.51759343587,53935.517593435754
37,NL0 17 0 solar,legacy,NL0 17,1,0.0,53935.51759343587,53935.517593435754
37,NL0 18 0 solar,legacy,NL0 18,1,0.0,53935.51759343587,53935.517593435754
37,NL0 19 0 solar,legacy,NL0 19,1,0.0,53935.51759343587,53935.517593435754
37,NL0 2 0 solar,legacy,NL0 2,1,0.0,53935.51759343587,53935.517593435754
37,NL0 20 0 solar,legacy,NL0 20,1,0.0,53935.51759343587,53935.517593435754
37,NL0 21 0 solar,legacy,NL0 21,1,0.0,53935.51759343587,53935.517593435754
37,NL0 22 0 solar,legacy,NL0 22,1,0.0,53935.51759343587,53935.517593435754
37,NL0 23 0 solar,legacy,NL0 23,1,0.0,53935.51759343587,53935.517593435754
37,NL0 24 0 solar,legacy,NL0 24,1,0.0,53935.51759343587,53935.517593435754
37,NL0 25 0 solar,legacy,NL0 25,1,0.0,53935.51759343587,53935.517593435754
37,NL0 26 0 solar,legacy,NL0 26,1,0.0,53935.51759343587,53935.517593435754
37,NL0 27 0 solar,legacy,NL0 27,1,0.0,53935.51759343587,53935.517593435754
37,NL0 28 0 solar,legacy,NL0 28,1,0.0,53935.51759343587,53935.517593435754
37,NL0 3 0 solar,legacy,NL0 3,1,0.0,53935.51759343587,53935.517593435754
37,NL0 30 0 solar,legacy,NL0 30,1,0.0,53935.51759343587,53935.517593435754
37,NL0 31 0 solar,legacy,NL0 31,1,0.0,53935.51759343587,53935.517593435754
37,NL0 4 0 solar,legacy,NL0 4,1,0.0,53935.51759343587,53935.517593435754
37,NL0 5 0 solar,legacy,NL0 5,1,0.0,53935.51759343587,53935.517593435754
37,NL0 6 0 solar,legacy,NL0 6,1,0.0,53935.51759343587,53935.517593435754
37,NL0 7 0 solar,legacy,NL0 7,1,0.0,53935.51759343587,53935.517593435754
37,NL0 8 0 solar,legacy,NL0 8,1,0.0,53935.51759343587,53935.517593435754
37,NL0 9 0 solar,legacy,NL0 9,1,0.0,53935.51759343587,53935.517593435754
37,NL0 20 0 offwind-ac,legacy,NL0 20,1,0.0,53935.51759343587,53935.517593435754
37,NL0 27 0 offwind-ac,legacy,NL0 27,1,0.0,53935.51759343587,53935.517593435754
37,NL0 31 0 offwind-ac,legacy,NL0 31,1,0.0,53935.51759343587,53935.517593435754
37,NL0 32 0 offwind-ac,legacy,NL0 32,1,0.0,53935.51759343587,53935.517593435754
37,NL0 7 0 offwind-ac,legacy,NL0 7,1,0.0,53935.51759343587,53935.517593435754
37,NL0 0 0 onwind,legacy,NL0 0,1,0.0,53935.51759343587,53935.517593435754
37,NL0 1 0 onwind,legacy,NL0 1,1,0.0,53935.51759343587,53935.517593435754
37,NL0 10 0 onwind,legacy,NL0 10,1,0.0,53935.51759343587,53935.517593435754
37,NL0 11 0 onwind,legacy,NL0 11,1,0.0,53935.51759343587,53935.517593435754
37,NL0 12 0 onwind,legacy,NL0 12,1,0.0,53935.51759343587,53935.517593435754
37,NL0 13 0 onwind,legacy,NL0 13,1,0.0,53935.51759343587,53935.517593435754
37,NL0 14 0 onwind,legacy,NL0 14,1,0.0,53935.51759343587,53935.517593435754
37,NL0 15 0 onwind,legacy,NL0 15,1,0.0,53935.51759343587,53935.517593435754
37,NL0 17 0 onwind,legacy,NL0 17,1,0.0,53935.51759343587,53935.517593435754
37,NL0 19 0 onwind,legacy,NL0 19,1,0.0,53935.51759343587,53935.517593435754
37,NL0 2 0 onwind,legacy,NL0 2,1,0.0,53935.51759343587,53935.517593435754
37,NL0 20 0 onwind,legacy,NL0 20,1,0.0,53935.51759343587,53935.517593435754
37,NL0 21 0 onwind,legacy,NL0 21,1,0.0,53935.51759343587,53935.517593435754
37,NL0 22 0 onwind,legacy,NL0 22,1,0.0,53935.51759343587,53935.517593435754
37,NL0 23 0 onwind,legacy,NL0 23,1,0.0,53935.51759343587,53935.517593435754
37,NL0 24 0 onwind,legacy,NL0 24,1,0.0,53935.51759343587,53935.517593435754
37,NL0 27 0 onwind,legacy,NL0 27,1,0.0,53935.51759343587,53935.517593435754
37,NL0 3 0 onwind,legacy,NL0 3,1,0.0,53935.51759343587,53935.517593435754
37,NL0 30 0 onwind,legacy,NL0 30,1,0.0,53935.51759343587,53935.517593435754
37,NL0 31 0 onwind,legacy,NL0 31,1,0.0,53935.51759343587,53935.517593435754
37,NL0 4 0 onwind,legacy,NL0 4,1,0.0,53935.51759343587,53935.517593435754
37,NL0 5 0 onwind,legacy,NL0 5,1,0.0,53935.51759343587,53935.517593435754
37,NL0 6 0 onwind,legacy,NL0 6,1,0.0,53935.51759343587,53935.517593435754
37,NL0 7 0 onwind,legacy,NL0 7,1,0.0,53935.51759343587,53935.517593435754
37,NL0 8 0 onwind,legacy,NL0 8,1,0.0,53935.51759343587,53935.517593435754
37,NL0 9 0 onwind,legacy,NL0 9,1,0.0,53935.51759343587,53935.517593435754
38,NL0 0 Invest,investable,NL0 0,1,0.0,53935.51759343587,59329.06935292875
38,NL0 1 Invest,investable,NL0 1,1,0.0,53935.51759343587,53935.51759357159
38,NL0 10 Invest,investable,NL0 10,1,0.0,53935.51759343587,59329.06935292875
38,NL0 11 Invest,investable,NL0 11,1,0.0,53935.51759343587,53935.51759357159
38,NL0 12 Invest,investable,NL0 12,1,1000.0,53935.51759343587,53935.51759343562
38,NL0 13 Invest,investable,NL0 13,1,0.0,53935.51759343587,53935.51759357159
38,NL0 14 Invest,investable,NL0 14,1,1000.0,53935.51759343587,53935.51759343575
38,NL0 15 Invest,investable,NL0 15,1,1000.0,53935.51759343587,53935.51759343575
38,NL0 16 Invest,investable,NL0 16,1,0.0,53935.51759343587,59329.06935292875
38,NL0 17 Invest,investable,NL0 17,1,0.0,53935.51759343587,59329.06935292875
38,NL0 18 Invest,investable,NL0 18,1,0.0,53935.51759343587,59329.06935292875
38,NL0 19 Invest,investable,NL0 19,1,1000.0,53935.51759343587,53935.51759343575
38,NL0 2 Invest,investable,NL0 2,1,1000.0,53935.51759343587,53935.51759343575
38,NL0 20 Invest,investable,NL0 20,1,0.0,53935.51759343587,59329.06935292875
38,NL0 21 Invest,investable,NL0 21,1,0.0,53935.51759343587,59329.06935292875
38,NL0 22 Invest,investable,NL0 22,1,1000.0,53935.51759343587,53935.51759357159
38,NL0 23 Invest,investable,NL0 23,1,0.0,53935.51759343587,59329.06935292875
38,NL0 24 Invest,investable,NL0 24,1,0.0,53935.51759343587,59329.06935292875
38,NL0 25 Invest,investable,NL0 25,1,1000.0,53935.51759343587,53935.51759343575
38,NL0 26 Invest,investable,NL0 26,1,1000.0,53935.51759343587,53935.51759343575
38,NL0 27 Invest,investable,NL0 27,1,0.0,53935.51759343587,59329.06935292875
38,NL0 28 Invest,investable,NL0 28,1,1000.0,53935.51759343587,53935.51759343575
38,NL0 3 Invest,investable,NL0 3,1,0.0,53935.51759343587,59329.06935292875
38,NL0 30 Invest,investable,NL0 30,1,0.0,53935.51759343587,59329.06935292875
38,NL0 31 Invest,investable,NL0 31,1,1000.0,53935.51759343587,53935.51759343575
38,NL0 33 Invest,investable,NL0 33,1,0.0,53935.51759343587,59329.06935292875
38,NL0 4 Invest,investable,NL0 4,1,1000.0,53935.51759343587,53935.51759343575
38,NL0 5 Invest,investable,NL0 5,1,1000.0,53935.51759343587,53935.51759357159
38,NL0 6 Invest,investable,NL0 6,1,1000.0,53935.51759343587,53935.51759357159
38,NL0 7 Invest,investable,NL0 7,1,1000.0,53935.51759343587,53935.51759357159
38,NL0 8 Invest,investable,NL0 8,1,0.0,53935.51759343587,59329.06935292875
38,NL0 9 Invest,investable,NL0 9,1,634.5076028511185,53935.51759343587,53935.51759357159
38,NL0 1 biomass,legacy,NL0 1,1,71.0,53935.51759343587,53935.51759343587
38,NL0 1 waste,legacy,NL0 1,1,31.0,53935.51759343587,53935.51759343587
38,NL0 10 waste,legacy,NL0 10,1,150.0,53935.51759343587,53935.51759343587
38,NL0 11 biomass,legacy,NL0 11,1,20.0,53935.51759343587,53935.51759343587
38,NL0 11 waste,legacy,NL0 11,1,50.0,53935.51759343587,53935.51759343587
38,NL0 13 biomass,legacy,NL0 13,1,77.0,53935.51759343587,53935.51759343587
38,NL0 19 biomass,legacy,NL0 19,1,49.0,53935.51759343587,53935.51759343587
38,NL0 19 waste,legacy,NL0 19,1,36.0,53935.51759343587,53935.51759343587
38,NL0 22 biomass,legacy,NL0 22,1,500.0,53935.51759343587,53935.51759343587
38,NL0 25 waste,legacy,NL0 25,1,54.0,53935.51759343587,53935.51759343587
38,NL0 27 biomass,legacy,NL0 27,1,22.0,53935.51759343587,53935.51759343587
38,NL0 27 waste,legacy,NL0 27,1,71.2,53935.51759343587,53935.51759343587
38,NL0 3 biomass,legacy,NL0 3,1,22.0,53935.51759343587,53935.51759343587
38,NL0 3 waste,legacy,NL0 3,1,108.0,53935.51759343587,53935.51759343587
38,NL0 30 biomass,legacy,NL0 30,1,60.0,53935.51759343587,53935.51759343587
38,NL0 7 nuclear,legacy,NL0 7,1,515.0,53935.51759343587,53935.51759343587
38,NL0 7 waste,legacy,NL0 7,1,39.0,53935.51759343587,53935.51759343587
38,NL0 8 biomass,legacy,NL0 8,1,36.0,53935.51759343587,53935.51759343587
38,NL0 8 waste,legacy,NL0 8,1,157.0,53935.51759343587,53935.51759343587
38,NL0 9 biomass,legacy,NL0 9,1,20.0,53935.51759343587,53935.51759343587
38,NL0 0 0 solar,legacy,NL0 0,1,0.0,53935.51759343587,53935.517593435754
38,NL0 1 0 solar,legacy,NL0 1,1,0.0,53935.51759343587,53935.517593435754
38,NL0 10 0 solar,legacy,NL0 10,1,0.0,53935.51759343587,53935.517593435754
38,NL0 11 0 solar,legacy,NL0 11,1,0.0,53935.51759343587,53935.517593435754
38,NL0 12 0 solar,legacy,NL0 12,1,0.0,53935.51759343587,53935.517593435754
38,NL0 13 0 solar,legacy,NL0 13,1,0.0,53935.51759343587,53935.517593435754
38,NL0 14 0 solar,legacy,NL0 14,1,0.0,53935.51759343587,53935.517593435754
38,NL0 15 0 solar,legacy,NL0 15,1,0.0,53935.51759343587,53935.517593435754
38,NL0 16 0 solar,legacy,NL0 16,1,0.0,53935.51759343587,53935.517593435754
38,NL0 17 0 solar,legacy,NL0 17,1,0.0,53935.51759343587,53935.517593435754
38,NL0 18 0 solar,legacy,NL0 18,1,0.0,53935.51759343587,53935.517593435754
38,NL0 19 0 solar,legacy,NL0 19,1,0.0,53935.51759343587,53935.517593435754
38,NL0 2 0 solar,legacy,NL0 2,1,0.0,53935.51759343587,53935.517593435754
38,NL0 20 0 solar,legacy,NL0 20,1,0.0,53935.51759343587,53935.517593435754
38,NL0 21 0 solar,legacy,NL0 21,1,0.0,53935.51759343587,53935.517593435754
38,NL0 22 0 solar,legacy,NL0 22,1,0.0,53935.51759343587,53935.517593435754
38,NL0 23 0 solar,legacy,NL0 23,1,0.0,53935.51759343587,53935.517593435754
38,NL0 24 0 solar,legacy,NL0 24,1,0.0,53935.51759343587,53935.517593435754
38,NL0 25 0 solar,legacy,NL0 25,1,0.0,53935.51759343587,53935.517593435754
38,NL0 26 0 solar,legacy,NL0 26,1,0.0,53935.51759343587,53935.517593435754
38,NL0 27 0 solar,legacy,NL0 27,1,0.0,53935.51759343587,53935.517593435754
38,NL0 28 0 solar,legacy,NL0 28,1,0.0,53935.51759343587,53935.517593435754
38,NL0 3 0 solar,legacy,NL0 3,1,0.0,53935.51759343587,53935.517593435754
38,NL0 30 0 solar,legacy,NL0 30,1,0.0,53935.51759343587,53935.517593435754
38,NL0 31 0 solar,legacy,NL0 31,1,0.0,53935.51759343587,53935.517593435754
38,NL0 4 0 solar,legacy,NL0 4,1,0.0,53935.51759343587,53935.517593435754
38,NL0 5 0 solar,legacy,NL0 5,1,0.0,53935.51759343587,53935.517593435754
38,NL0 6 0 solar,legacy,NL0 6,1,0.0,53935.51759343587,53935.517593435754
38,NL0 7 0 solar,legacy,NL0 7,1,0.0,53935.51759343587,53935.517593435754
38,NL0 8 0 solar,legacy,NL0 8,1,0.0,53935.51759343587,53935.517593435754
38,NL0 9 0 solar,legacy,NL0 9,1,0.0,53935.51759343587,53935.517593435754
38,NL0 20 0 offwind-ac,legacy,NL0 20,1,0.0,53935.51759343587,53935.517593435754
38,NL0 27 0 offwind-ac,legacy,NL0 27,1,0.0,53935.51759343587,53935.517593435754
38,NL0 31 0 offwind-ac,legacy,NL0 31,1,0.0,53935.51759343587,53935.517593435754
38,NL0 32 0 offwind-ac,legacy,NL0 32,1,0.0,53935.51759343587,53935.517593435754
38,NL0 7 0 offwind-ac,legacy,NL0 7,1,0.0,53935.51759343587,53935.517593435754
38,NL0 0 0 onwind,legacy,NL0 0,1,0.0,53935.51759343587,53935.517593435754
38,NL0 1 0 onwind,legacy,NL0 1,1,0.0,53935.51759343587,53935.517593435754
38,NL0 10 0 onwind,legacy,NL0 10,1,0.0,53935.51759343587,53935.517593435754
38,NL0 11 0 onwind,legacy,NL0 11,1,0.0,53935.51759343587,53935.517593435754
38,NL0 12 0 onwind,legacy,NL0 12,1,0.0,53935.51759343587,53935.517593435754
38,NL0 13 0 onwind,legacy,NL0 13,1,0.0,53935.51759343587,53935.517593435754
38,NL0 14 0 onwind,legacy,NL0 14,1,0.0,53935.51759343587,53935.517593435754
38,NL0 15 0 onwind,legacy,NL0 15,1,0.0,53935.51759343587,53935.517593435754
38,NL0 17 0 onwind,legacy,NL0 17,1,0.0,53935.51759343587,53935.517593435754
38,NL0 19 0 onwind,legacy,NL0 19,1,0.0,53935.51759343587,53935.517593435754
38,NL0 2 0 onwind,legacy,NL0 2,1,0.0,53935.51759343587,53935.517593435754
38,NL0 20 0 onwind,legacy,NL0 20,1,0.0,53935.51759343587,53935.517593435754
38,NL0 21 0 onwind,legacy,NL0 21,1,0.0,53935.51759343587,53935.517593435754
38,NL0 22 0 onwind,legacy,NL0 22,1,0.0,53935.51759343587,53935.517593435754
38,NL0 23 0 onwind,legacy,NL0 23,1,0.0,53935.51759343587,53935.517593435754
38,NL0 24 0 onwind,legacy,NL0 24,1,0.0,53935.51759343587,53935.517593435754
38,NL0 27 0 onwind,legacy,NL0 27,1,0.0,53935.51759343587,53935.517593435754
38,NL0 3 0 onwind,legacy,NL0 3,1,0.0,53935.51759343587,53935.517593435754
38,NL0 30 0 onwind,legacy,NL0 30,1,0.0,53935.51759343587,53935.517593435754
38,NL0 31 0 onwind,legacy,NL0 31,1,0.0,53935.51759343587,53935.517593435754
38,NL0 4 0 onwind,legacy,NL0 4,1,0.0,53935.51759343587,53935.517593435754
38,NL0 5 0 onwind,legacy,NL0 5,1,0.0,53935.51759343587,53935.517593435754
38,NL0 6 0 onwind,legacy,NL0 6,1,0.0,53935.51759343587,53935.517593435754
38,NL0 7 0 onwind,legacy,NL0 7,1,0.0,53935.51759343587,53935.517593435754
38,NL0 8 0 onwind,legacy,NL0 8,1,0.0,53935.51759343587,53935.517593435754
38,NL0 9 0 onwind,legacy,NL0 9,1,0.0,53935.51759343587,53935.517593435754
39,NL0 0 Invest,investable,NL0 0,1,0.0,53935.517593570235,53935.51759357021
39,NL0 1 Invest,investable,NL0 1,1,1000.0,53935.517593570235,53935.51759357021
39,NL0 10 Invest,investable,NL0 10,1,0.0,53935.517593570235,53935.51759357021
39,NL0 11 Invest,investable,NL0 11,1,999.9999302962431,53935.517593570235,53935.51759357021
39,NL0 12 Invest,investable,NL0 12,1,1000.0,53935.517593570235,53935.51759357021
39,NL0 13 Invest,investable,NL0 13,1,1000.0,53935.517593570235,53935.51759357021
39,NL0 14 Invest,investable,NL0 14,1,1000.0,53935.517593570235,53935.51759357019
39,NL0 15 Invest,investable,NL0 15,1,1000.0,53935.517593570235,53935.51759357021
39,NL0 16 Invest,investable,NL0 16,1,0.0,53935.517593570235,53935.51759357021
39,NL0 17 Invest,investable,NL0 17,1,0.0,53935.517593570235,53935.51759357021
39,NL0 18 Invest,investable,NL0 18,1,0.0,53935.517593570235,53935.51759357021
39,NL0 19 Invest,investable,NL0 19,1,1000.0,53935.517593570235,53935.51759357019
39,NL0 2 Invest,investable,NL0 2,1,1000.0,53935.517593570235,53935.51759357019
39,NL0 20 Invest,investable,NL0 20,1,0.0,53935.517593570235,53935.51759357021
39,NL0 21 Invest,investable,NL0 21,1,0.0,53935.517593570235,53935.51759357021
39,NL0 22 Invest,investable,NL0 22,1,0.0,53935.517593570235,53935.51759357021
39,NL0 23 Invest,investable,NL0 23,1,0.0,53935.517593570235,53935.51759357021
39,NL0 24 Invest,investable,NL0 24,1,0.0,53935.517593570235,53935.51759357021
39,NL0 25 Invest,investable,NL0 25,1,1000.0,53935.517593570235,53935.51759357021
39,NL0 26 Invest,investable,NL0 26,1,1000.0,53935.517593570235,53935.51759357021
39,NL0 27 Invest,investable,NL0 27,1,0.0,53935.517593570235,53935.51759357021
39,NL0 28 Invest,investable,NL0 28,1,1000.0,53935.517593570235,53935.51759357021
39,NL0 3 Invest,investable,NL0 3,1,0.0,53935.517593570235,53935.51759357021
39,NL0 30 Invest,investable,NL0 30,1,0.0,53935.517593570235,53935.51759357104
39,NL0 31 Invest,investable,NL0 31,1,1000.0,53935.517593570235,53935.51759357021
39,NL0 33 Invest,investable,NL0 33,1,0.0,53935.517593570235,53935.51759357021
39,NL0 4 Invest,investable,NL0 4,1,1000.0,53935.517593570235,53935.51759357021
39,NL0 5 Invest,investable,NL0 5,1,0.0,53935.517593570235,53935.51759357021
39,NL0 6 Invest,investable,NL0 6,1,634.5076725548754,53935.517593570235,53935.517593570396
39,NL0 7 Invest,investable,NL0 7,1,0.0,53935.517593570235,53935.51759357021
39,NL0 8 Invest,investable,NL0 8,1,0.0,53935.517593570235,53935.51759357021
39,NL0 9 Invest,investable,NL0 9,1,1000.0,53935.517593570235,53935.51759357018
39,NL0 1 biomass,legacy,NL0 1,1,71.0,53935.517593570235,53935.517593570235
39,NL0 1 waste,legacy,NL0 1,1,31.0,53935.517593570235,53935.517593570235
39,NL0 10 waste,legacy,NL0 10,1,150.0,53935.517593570235,53935.517593570235
39,NL0 11 biomass,legacy,NL0 11,1,20.0,53935.517593570235,53935.517593570235
39,NL0 11 waste,legacy,NL0 11,1,50.0,53935.517593570235,53935.517593570235
39,NL0 13 biomass,legacy,NL0 13,1,77.0,53935.517593570235,53935.517593570235
39,NL0 19 biomass,legacy,NL0 19,1,49.0,53935.517593570235,53935.517593570235
39,NL0 19 waste,legacy,NL0 19,1,36.0,53935.517593570235,53935.517593570235
39,NL0 22 biomass,legacy,NL0 22,1,500.0,53935.517593570235,53935.517593570235
39,NL0 25 waste,legacy,NL0 25,1,54.0,53935.517593570235,53935.517593570235
39,NL0 27 biomass,legacy,NL0 27,1,22.0,53935.517593570235,53935.517593570235
39,NL0 27 waste,legacy,NL0 27,1,71.2,53935.517593570235,53935.517593570235
39,NL0 3 biomass,legacy,NL0 3,1,22.0,53935.517593570235,53935.517593570235
39,NL0 3 waste,legacy,NL0 3,1,108.0,53935.517593570235,53935.517593570235
39,NL0 30 biomass,legacy,NL0 30,1,60.0,53935.517593570235,53935.517593570235
39,NL0 7 nuclear,legacy,NL0 7,1,515.0,53935.517593570235,53935.517593570235
39,NL0 7 waste,legacy,NL0 7,1,39.0,53935.517593570235,53935.517593570235
39,NL0 8 biomass,legacy,NL0 8,1,36.0,53935.517593570235,53935.517593570235
39,NL0 8 waste,legacy,NL0 8,1,157.0,53935.517593570235,53935.517593570235
39,NL0 9 biomass,legacy,NL0 9,1,20.0,53935.517593570235,53935.517593570235
39,NL0 0 0 solar,legacy,NL0 0,1,0.0,53935.517593570235,53935.51759357016
39,NL0 1 0 solar,legacy,NL0 1,1,0.0,53935.517593570235,53935.51759357016
39,NL0 10 0 solar,legacy,NL0 10,1,0.0,53935.517593570235,53935.51759357016
39,NL0 11 0 solar,legacy,NL0 11,1,0.0,53935.517593570235,53935.51759357016
39,NL0 12 0 solar,legacy,NL0 12,1,0.0,53935.517593570235,53935.51759357016
39,NL0 13 0 solar,legacy,NL0 13,1,0.0,53935.517593570235,53935.51759357016
39,NL0 14 0 solar,legacy,NL0 14,1,0.0,53935.517593570235,53935.51759357016
39,NL0 15 0 solar,legacy,NL0 15,1,0.0,53935.517593570235,53935.51759357016
39,NL0 16 0 solar,legacy,NL0 16,1,0.0,53935.517593570235,53935.51759357016
39,NL0 17 0 solar,legacy,NL0 17,1,0.0,53935.517593570235,53935.51759357016
39,NL0 18 0 solar,legacy,NL0 18,1,0.0,53935.517593570235,53935.51759357016
39,NL0 19 0 solar,legacy,NL0 19,1,0.0,53935.517593570235,53935.51759357016
39,NL0 2 0 solar,legacy,NL0 2,1,0.0,53935.517593570235,53935.51759357016
39,NL0 20 0 solar,legacy,NL0 20,1,0.0,53935.517593570235,53935.51759357016
39,NL0 21 0 solar,legacy,NL0 21,1,0.0,53935.517593570235,53935.51759357016
39,NL0 22 0 solar,legacy,NL0 22,1,0.0,53935.517593570235,53935.51759357016
39,NL0 23 0 solar,legacy,NL0 23,1,0.0,53935.517593570235,53935.51759357016
39,NL0 24 0 solar,legacy,NL0 24,1,0.0,53935.517593570235,53935.51759357016
39,NL0 25 0 solar,legacy,NL0 25,1,0.0,53935.517593570235,53935.51759357016
39,NL0 26 0 solar,legacy,NL0 26,1,0.0,53935.517593570235,53935.51759357016
39,NL0 27 0 solar,legacy,NL0 27,1,0.0,53935.517593570235,53935.51759357016
39,NL0 28 0 solar,legacy,NL0 28,1,0.0,53935.517593570235,53935.51759357016
39,NL0 3 0 solar,legacy,NL0 3,1,0.0,53935.517593570235,53935.51759357016
39,NL0 30 0 solar,legacy,NL0 30,1,0.0,53935.517593570235,53935.51759357016
39,NL0 31 0 solar,legacy,NL0 31,1,0.0,53935.517593570235,53935.51759357016
39,NL0 4 0 solar,legacy,NL0 4,1,0.0,53935.517593570235,53935.51759357016
39,NL0 5 0 solar,legacy,NL0 5,1,0.0,53935.517593570235,53935.51759357016
39,NL0 6 0 solar,legacy,NL0 6,1,0.0,53935.517593570235,53935.51759357016
39,NL0 7 0 solar,legacy,NL0 7,1,0.0,53935.517593570235,53935.51759357016
39,NL0 8 0 solar,legacy,NL0 8,1,0.0,53935.517593570235,53935.51759357016
39,NL0 9 0 solar,legacy,NL0 9,1,0.0,53935.517593570235,53935.51759357016
39,NL0 20 0 offwind-ac,legacy,NL0 20,1,0.0,53935.517593570235,53935.51759357016
39,NL0 27 0 offwind-ac,legacy,NL0 27,1,0.0,53935.517593570235,53935.51759357016
39,NL0 31 0 offwind-ac,legacy,NL0 31,1,0.0,53935.517593570235,53935.51759357016
39,NL0 32 0 offwind-ac,legacy,NL0 32,1,0.0,53935.517593570235,53935.51759357016
39,NL0 7 0 offwind-ac,legacy,NL0 7,1,0.0,53935.517593570235,53935.51759357016
39,NL0 0 0 onwind,legacy,NL0 0,1,0.0,53935.517593570235,53935.51759357016
39,NL0 1 0 onwind,legacy,NL0 1,1,0.0,53935.517593570235,53935.51759357016
39,NL0 10 0 onwind,legacy,NL0 10,1,0.0,53935.517593570235,53935.51759357016
39,NL0 11 0 onwind,legacy,NL0 11,1,0.0,53935.517593570235,53935.51759357016
39,NL0 12 0 onwind,legacy,NL0 12,1,0.0,53935.517593570235,53935.51759357016
39,NL0 13 0 onwind,legacy,NL0 13,1,0.0,53935.517593570235,53935.51759357016
39,NL0 14 0 onwind,legacy,NL0 14,1,0.0,53935.517593570235,53935.51759357016
39,NL0 15 0 onwind,legacy,NL0 15,1,0.0,53935.517593570235,53935.51759357016
39,NL0 17 0 onwind,legacy,NL0 17,1,0.0,53935.517593570235,53935.51759357016
39,NL0 19 0 onwind,legacy,NL0 19,1,0.0,53935.517593570235,53935.51759357016
39,NL0 2 0 onwind,legacy,NL0 2,1,0.0,53935.517593570235,53935.51759357016
39,NL0 20 0 onwind,legacy,NL0 20,1,0.0,53935.517593570235,53935.51759357016
39,NL0 21 0 onwind,legacy,NL0 21,1,0.0,53935.517593570235,53935.51759357016
39,NL0 22 0 onwind,legacy,NL0 22,1,0.0,53935.517593570235,53935.51759357016
39,NL0 23 0 onwind,legacy,NL0 23,1,0.0,53935.517593570235,53935.51759357016
39,NL0 24 0 onwind,legacy,NL0 24,1,0.0,53935.517593570235,53935.51759357016
39,NL0 27 0 onwind,legacy,NL0 27,1,0.0,53935.517593570235,53935.51759357016
39,NL0 3 0 onwind,legacy,NL0 3,1,0.0,53935.517593570235,53935.51759357016
39,NL0 30 0 onwind,legacy,NL0 30,1,0.0,53935.517593570235,53935.51759357016
39,NL0 31 0 onwind,legacy,NL0 31,1,0.0,53935.517593570235,53935.51759357016
39,NL0 4 0 onwind,legacy,NL0 4,1,0.0,53935.517593570235,53935.51759357016
39,NL0 5 0 onwind,legacy,NL0 5,1,0.0,53935.517593570235,53935.51759357016
39,NL0 6 0 onwind,legacy,NL0 6,1,0.0,53935.517593570235,53935.51759357016
39,NL0 7 0 onwind,legacy,NL0 7,1,0.0,53935.517593570235,53935.51759357016
39,NL0 8 0 onwind,legacy,NL0 8,1,0.0,53935.517593570235,53935.51759357016
39,NL0 9 0 onwind,legacy,NL0 9,1,0.0,53935.517593570235,53935.51759357016
40,NL0 0 Invest,investable,NL0 0,1,0.0,53935.51759343587,59329.06935292875
40,NL0 1 Invest,investable,NL0 1,1,0.0,53935.51759343587,53935.51759357159
40,NL0 10 Invest,investable,NL0 10,1,0.0,53935.51759343587,59329.06935292875
40,NL0 11 Invest,investable,NL0 11,1,0.0,53935.51759343587,53935.51759357159
40,NL0 12 Invest,investable,NL0 12,1,1000.0,53935.51759343587,53935.51759343562
40,NL0 13 Invest,investable,NL0 13,1,0.0,53935.51759343587,53935.51759357159
40,NL0 14 Invest,investable,NL0 14,1,1000.0,53935.51759343587,53935.51759343575
40,NL0 15 Invest,investable,NL0 15,1,1000.0,53935.51759343587,53935.51759343575
40,NL0 16 Invest,investable,NL0 16,1,0.0,53935.51759343587,59329.06935292875
40,NL0 17 Invest,investable,NL0 17,1,0.0,53935.51759343587,59329.06935292875
40,NL0 18 Invest,investable,NL0 18,1,0.0,53935.51759343587,59329.06935292875
40,NL0 19 Invest,investable,NL0 19,1,1000.0,53935.51759343587,53935.51759343575
40,NL0 2 Invest,investable,NL0 2,1,1000.0,53935.51759343587,53935.51759343575
40,NL0 20 Invest,investable,NL0 20,1,0.0,53935.51759343587,59329.06935292875
40,NL0 21 Invest,investable,NL0 21,1,0.0,53935.51759343587,59329.06935292875
40,NL0 22 Invest,investable,NL0 22,1,1000.0,53935.51759343587,53935.51759357159
40,NL0 23 Invest,investable,NL0 23,1,0.0,53935.51759343587,59329.06935292875
40,NL0 24 Invest,investable,NL0 24,1,0.0,53935.51759343587,59329.06935292875
40,NL0 25 Invest,investable,NL0 25,1,1000.0,53935.51759343587,53935.51759343575
40,NL0 26 Invest,investable,NL0 26,1,1000.0,53935.51759343587,53935.51759343575
40,NL0 27 Invest,investable,NL0 27,1,0.0,53935.51759343587,59329.06935292875
40,NL0 28 Invest,investable,NL0 28,1,1000.0,53935.51759343587,53935.51759343575
40,NL0 3 Invest,investable,NL0 3,1,0.0,53935.51759343587,59329.06935292875
40,NL0 30 Invest,investable,NL0 30,1,0.0,53935.51759343587,59329.06935292875
40,NL0 31 Invest,investable,NL0 31,1,1000.0,53935.51759343587,53935.51759343575
40,NL0 33 Invest,investable,NL0 33,1,0.0,53935.51759343587,59329.06935292875
40,NL0 4 Invest,investable,NL0 4,1,1000.0,53935.51759343587,53935.51759343575
40,NL0 5 Invest,investable,NL0 5,1,1000.0,53935.51759343587,53935.51759357159
40,NL0 6 Invest,investable,NL0 6,1,1000.0,53935.51759343587,53935.51759357159
40,NL0 7 Invest,investable,NL0 7,1,1000.0,53935.51759343587,53935.51759357159
40,NL0 8 Invest,investable,NL0 8,1,0.0,53935.51759343587,59329.06935292875
40,NL0 9 Invest,investable,NL0 9,1,634.5076028511185,53935.51759343587,53935.51759357159
40,NL0 1 biomass,legacy,NL0 1,1,71.0,53935.51759343587,53935.51759343587
40,NL0 1 waste,legacy,NL0 1,1,31.0,53935.51759343587,53935.51759343587
40,NL0 10 waste,legacy,NL0 10,1,150.0,53935.51759343587,53935.51759343587
40,NL0 11 biomass,legacy,NL0 11,1,20.0,53935.51759343587,53935.51759343587
40,NL0 11 waste,legacy,NL0 11,1,50.0,53935.51759343587,53935.51759343587
40,NL0 13 biomass,legacy,NL0 13,1,77.0,53935.51759343587,53935.51759343587
40,NL0 19 biomass,legacy,NL0 19,1,49.0,53935.51759343587,53935.51759343587
40,NL0 19 waste,legacy,NL0 19,1,36.0,53935.51759343587,53935.51759343587
40,NL0 22 biomass,legacy,NL0 22,1,500.0,53935.51759343587,53935.51759343587
40,NL0 25 waste,legacy,NL0 25,1,54.0,53935.51759343587,53935.51759343587
40,NL0 27 biomass,legacy,NL0 27,1,22.0,53935.51759343587,53935.51759343587
40,NL0 27 waste,legacy,NL0 27,1,71.2,53935.51759343587,53935.51759343587
40,NL0 3 biomass,legacy,NL0 3,1,22.0,53935.51759343587,53935.51759343587
40,NL0 3 waste,legacy,NL0 3,1,108.0,53935.51759343587,53935.51759343587
40,NL0 30 biomass,legacy,NL0 30,1,60.0,53935.51759343587,53935.51759343587
40,NL0 7 nuclear,legacy,NL0 7,1,515.0,53935.51759343587,53935.51759343587
40,NL0 7 waste,legacy,NL0 7,1,39.0,53935.51759343587,53935.51759343587
40,NL0 8 biomass,legacy,NL0 8,1,36.0,53935.51759343587,53935.51759343587
40,NL0 8 waste,legacy,NL0 8,1,157.0,53935.51759343587,53935.51759343587
40,NL0 9 biomass,legacy,NL0 9,1,20.0,53935.51759343587,53935.51759343587
40,NL0 0 0 solar,legacy,NL0 0,1,0.0,53935.51759343587,53935.517593435754
40,NL0 1 0 solar,legacy,NL0 1,1,0.0,53935.51759343587,53935.517593435754
40,NL0 10 0 solar,legacy,NL0 10,1,0.0,53935.51759343587,53935.517593435754
40,NL0 11 0 solar,legacy,NL0 11,1,0.0,53935.51759343587,53935.517593435754
40,NL0 12 0 solar,legacy,NL0 12,1,0.0,53935.51759343587,53935.517593435754
40,NL0 13 0 solar,legacy,NL0 13,1,0.0,53935.51759343587,53935.517593435754
40,NL0 14 0 solar,legacy,NL0 14,1,0.0,53935.51759343587,53935.517593435754
40,NL0 15 0 solar,legacy,NL0 15,1,0.0,53935.51759343587,53935.517593435754
40,NL0 16 0 solar,legacy,NL0 16,1,0.0,53935.51759343587,53935.517593435754
40,NL0 17 0 solar,legacy,NL0 17,1,0.0,53935.51759343587,53935.517593435754
40,NL0 18 0 solar,legacy,NL0 18,1,0.0,53935.51759343587,53935.517593435754
40,NL0 19 0 solar,legacy,NL0 19,1,0.0,53935.51759343587,53935.517593435754
40,NL0 2 0 solar,legacy,NL0 2,1,0.0,53935.51759343587,53935.517593435754
40,NL0 20 0 solar,legacy,NL0 20,1,0.0,53935.51759343587,53935.517593435754
40,NL0 21 0 solar,legacy,NL0 21,1,0.0,53935.51759343587,53935.517593435754
40,NL0 22 0 solar,legacy,NL0 22,1,0.0,53935.51759343587,53935.517593435754
40,NL0 23 0 solar,legacy,NL0 23,1,0.0,53935.51759343587,53935.517593435754
40,NL0 24 0 solar,legacy,NL0 24,1,0.0,53935.51759343587,53935.517593435754
40,NL0 25 0 solar,legacy,NL0 25,1,0.0,53935.51759343587,53935.517593435754
40,NL0 26 0 solar,legacy,NL0 26,1,0.0,53935.51759343587,53935.517593435754
40,NL0 27 0 solar,legacy,NL0 27,1,0.0,53935.51759343587,53935.517593435754
40,NL0 28 0 solar,legacy,NL0 28,1,0.0,53935.51759343587,53935.517593435754
40,NL0 3 0 solar,legacy,NL0 3,1,0.0,53935.51759343587,53935.517593435754
40,NL0 30 0 solar,legacy,NL0 30,1,0.0,53935.51759343587,53935.517593435754
40,NL0 31 0 solar,legacy,NL0 31,1,0.0,53935.51759343587,53935.517593435754
40,NL0 4 0 solar,legacy,NL0 4,1,0.0,53935.51759343587,53935.517593435754
40,NL0 5 0 solar,legacy,NL0 5,1,0.0,53935.51759343587,53935.517593435754
40,NL0 6 0 solar,legacy,NL0 6,1,0.0,53935.51759343587,53935.517593435754
40,NL0 7 0 solar,legacy,NL0 7,1,0.0,53935.51759343587,53935.517593435754
40,NL0 8 0 solar,legacy,NL0 8,1,0.0,53935.51759343587,53935.517593435754
40,NL0 9 0 solar,legacy,NL0 9,1,0.0,53935.51759343587,53935.517593435754
40,NL0 20 0 offwind-ac,legacy,NL0 20,1,0.0,53935.51759343587,53935.517593435754
40,NL0 27 0 offwind-ac,legacy,NL0 27,1,0.0,53935.51759343587,53935.517593435754
40,NL0 31 0 offwind-ac,legacy,NL0 31,1,0.0,53935.51759343587,53935.517593435754
40,NL0 32 0 offwind-ac,legacy,NL0 32,1,0.0,53935.51759343587,53935.517593435754
40,NL0 7 0 offwind-ac,legacy,NL0 7,1,0.0,53935.51759343587,53935.517593435754
40,NL0 0 0 onwind,legacy,NL0 0,1,0.0,53935.51759343587,53935.517593435754
40,NL0 1 0 onwind,legacy,NL0 1,1,0.0,53935.51759343587,53935.517593435754
40,NL0 10 0 onwind,legacy,NL0 10,1,0.0,53935.51759343587,53935.517593435754
40,NL0 11 0 onwind,legacy,NL0 11,1,0.0,53935.51759343587,53935.517593435754
40,NL0 12 0 onwind,legacy,NL0 12,1,0.0,53935.51759343587,53935.517593435754
40,NL0 13 0 onwind,legacy,NL0 13,1,0.0,53935.51759343587,53935.517593435754
40,NL0 14 0 onwind,legacy,NL0 14,1,0.0,53935.51759343587,53935.517593435754
40,NL0 15 0 onwind,legacy,NL0 15,1,0.0,53935.51759343587,53935.517593435754
40,NL0 17 0 onwind,legacy,NL0 17,1,0.0,53935.51759343587,53935.517593435754
40,NL0 19 0 onwind,legacy,NL0 19,1,0.0,53935.51759343587,53935.517593435754
40,NL0 2 0 onwind,legacy,NL0 2,1,0.0,53935.51759343587,53935.517593435754
40,NL0 20 0 onwind,legacy,NL0 20,1,0.0,53935.51759343587,53935.517593435754
40,NL0 21 0 onwind,legacy,NL0 21,1,0.0,53935.51759343587,53935.517593435754
40,NL0 22 0 onwind,legacy,NL0 22,1,0.0,53935.51759343587,53935.517593435754
40,NL0 23 0 onwind,legacy,NL0 23,1,0.0,53935.51759343587,53935.517593435754
40,NL0 24 0 onwind,legacy,NL0 24,1,0.0,53935.51759343587,53935.517593435754
40,NL0 27 0 onwind,legacy,NL0 27,1,0.0,53935.51759343587,53935.517593435754
40,NL0 3 0 onwind,legacy,NL0 3,1,0.0,53935.51759343587,53935.517593435754
40,NL0 30 0 onwind,legacy,NL0 30,1,0.0,53935.51759343587,53935.517593435754
40,NL0 31 0 onwind,legacy,NL0 31,1,0.0,53935.51759343587,53935.517593435754
40,NL0 4 0 onwind,legacy,NL0 4,1,0.0,53935.51759343587,53935.517593435754
40,NL0 5 0 onwind,legacy,NL0 5,1,0.0,53935.51759343587,53935.517593435754
40,NL0 6 0 onwind,legacy,NL0 6,1,0.0,53935.51759343587,53935.517593435754
40,NL0 7 0 onwind,legacy,NL0 7,1,0.0,53935.51759343587,53935.517593435754
40,NL0 8 0 onwind,legacy,NL0 8,1,0.0,53935.51759343587,53935.517593435754
40,NL0 9 0 onwind,legacy,NL0 9,1,0.0,53935.51759343587,53935.517593435754
41,NL0 0 Invest,investable,NL0 0,1,0.0,53935.51759343587,59329.06935292875
41,NL0 1 Invest,investable,NL0 1,1,0.0,53935.51759343587,53935.51759357159
41,NL0 10 Invest,investable,NL0 10,1,0.0,53935.51759343587,59329.06935292875
41,NL0 11 Invest,investable,NL0 11,1,0.0,53935.51759343587,53935.51759357159
41,NL0 12 Invest,investable,NL0 12,1,1000.0,53935.51759343587,53935.51759343562
41,NL0 13 Invest,investable,NL0 13,1,0.0,53935.51759343587,53935.51759357159
41,NL0 14 Invest,investable,NL0 14,1,1000.0,53935.51759343587,53935.51759343575
41,NL0 15 Invest,investable,NL0 15,1,1000.0,53935.51759343587,53935.51759343575
41,NL0 16 Invest,investable,NL0 16,1,0.0,53935.51759343587,59329.06935292875
41,NL0 17 Invest,investable,NL0 17,1,0.0,53935.51759343587,59329.06935292875
41,NL0 18 Invest,investable,NL0 18,1,0.0,53935.51759343587,59329.06935292875
41,NL0 19 Invest,investable,NL0 19,1,1000.0,53935.51759343587,53935.51759343575
41,NL0 2 Invest,investable,NL0 2,1,1000.0,53935.51759343587,53935.51759343575
41,NL0 20 Invest,investable,NL0 20,1,0.0,53935.51759343587,59329.06935292875
41,NL0 21 Invest,investable,NL0 21,1,0.0,53935.51759343587,59329.06935292875
41,NL0 22 Invest,investable,NL0 22,1,1000.0,53935.51759343587,53935.51759357159
41,NL0 23 Invest,investable,NL0 23,1,0.0,53935.51759343587,59329.06935292875
41,NL0 24 Invest,investable,NL0 24,1,0.0,53935.51759343587,59329.06935292875
41,NL0 25 Invest,investable,NL0 25,1,1000.0,53935.51759343587,53935.51759343575
41,NL0 26 Invest,investable,NL0 26,1,1000.0,53935.51759343587,53935.51759343575
41,NL0 27 Invest,investable,NL0 27,1,0.0,53935.51759343587,59329.06935292875
41,NL0 28 Invest,investable,NL0 28,1,1000.0,53935.51759343587,53935.51759343575
41,NL0 3 Invest,investable,NL0 3,1,0.0,53935.51759343587,59329.06935292875
41,NL0 30 Invest,investable,NL0 30,1,0.0,53935.51759343587,59329.06935292875
41,NL0 31 Invest,investable,NL0 31,1,1000.0,53935.51759343587,53935.51759343575
41,NL0 33 Invest,investable,NL0 33,1,0.0,53935.51759343587,59329.06935292875
41,NL0 4 Invest,investable,NL0 4,1,1000.0,53935.51759343587,53935.51759343575
41,NL0 5 Invest,investable,NL0 5,1,1000.0,53935.51759343587,53935.51759357159
41,NL0 6 Invest,investable,NL0 6,1,1000.0,53935.51759343587,53935.51759357159
41,NL0 7 Invest,investable,NL0 7,1,1000.0,53935.51759343587,53935.51759357159
41,NL0 8 Invest,investable,NL0 8,1,0.0,53935.51759343587,59329.06935292875
41,NL0 9 Invest,investable,NL0 9,1,634.5076028511185,53935.51759343587,53935.51759357159
41,NL0 1 biomass,legacy,NL0 1,1,71.0,53935.51759343587,53935.51759343587
41,NL0 1 waste,legacy,NL0 1,1,31.0,53935.51759343587,53935.51759343587
41,NL0 10 waste,legacy,NL0 10,1,150.0,53935.51759343587,53935.51759343587
41,NL0 11 biomass,legacy,NL0 11,1,20.0,53935.51759343587,53935.51759343587
41,NL0 11 waste,legacy,NL0 11,1,50.0,53935.51759343587,53935.51759343587
41,NL0 13 biomass,legacy,NL0 13,1,77.0,53935.51759343587,53935.51759343587
41,NL0 19 biomass,legacy,NL0 19,1,49.0,53935.51759343587,53935.51759343587
41,NL0 19 waste,legacy,NL0 19,1,36.0,53935.51759343587,53935.51759343587
41,NL0 22 biomass,legacy,NL0 22,1,500.0,53935.51759343587,53935.51759343587
41,NL0 25 waste,legacy,NL0 25,1,54.0,53935.51759343587,53935.51759343587
41,NL0 27 biomass,legacy,NL0 27,1,22.0,53935.51759343587,53935.51759343587
41,NL0 27 waste,legacy,NL0 27,1,71.2,53935.51759343587,53935.51759343587
41,NL0 3 biomass,legacy,NL0 3,1,22.0,53935.51759343587,53935.51759343587
41,NL0 3 waste,legacy,NL0 3,1,108.0,53935.51759343587,53935.51759343587
41,NL0 30 biomass,legacy,NL0 30,1,60.0,53935.51759343587,53935.51759343587
41,NL0 7 nuclear,legacy,NL0 7,1,515.0,53935.51759343587,53935.51759343587
41,NL0 7 waste,legacy,NL0 7,1,39.0,53935.51759343587,53935.51759343587
41,NL0 8 biomass,legacy,NL0 8,1,36.0,53935.51759343587,53935.51759343587
41,NL0 8 waste,legacy,NL0 8,1,157.0,53935.51759343587,53935.51759343587
41,NL0 9 biomass,legacy,NL0 9,1,20.0,53935.51759343587,53935.51759343587
41,NL0 0 0 solar,legacy,NL0 0,1,0.0,53935.51759343587,53935.517593435754
41,NL0 1 0 solar,legacy,NL0 1,1,0.0,53935.51759343587,53935.517593435754
41,NL0 10 0 solar,legacy,NL0 10,1,0.0,53935.51759343587,53935.517593435754
41,NL0 11 0 solar,legacy,NL0 11,1,0.0,53935.51759343587,53935.517593435754
41,NL0 12 0 solar,legacy,NL0 12,1,0.0,53935.51759343587,53935.517593435754
41,NL0 13 0 solar,legacy,NL0 13,1,0.0,53935.51759343587,53935.517593435754
41,NL0 14 0 solar,legacy,NL0 14,1,0.0,53935.51759343587,53935.517593435754
41,NL0 15 0 solar,legacy,NL0 15,1,0.0,53935.51759343587,53935.517593435754
41,NL0 16 0 solar,legacy,NL0 16,1,0.0,53935.51759343587,53935.517593435754
41,NL0 17 0 solar,legacy,NL0 17,1,0.0,53935.51759343587,53935.517593435754
41,NL0 18 0 solar,legacy,NL0 18,1,0.0,53935.51759343587,53935.517593435754
41,NL0 19 0 solar,legacy,NL0 19,1,0.0,53935.51759343587,53935.517593435754
41,NL0 2 0 solar,legacy,NL0 2,1,0.0,53935.51759343587,53935.517593435754
41,NL0 20 0 solar,legacy,NL0 20,1,0.0,53935.51759343587,53935.517593435754
41,NL0 21 0 solar,legacy,NL0 21,1,0.0,53935.51759343587,53935.517593435754
41,NL0 22 0 solar,legacy,NL0 22,1,0.0,53935.51759343587,53935.517593435754
41,NL0 23 0 solar,legacy,NL0 23,1,0.0,53935.51759343587,53935.517593435754
41,NL0 24 0 solar,legacy,NL0 24,1,0.0,53935.51759343587,53935.517593435754
41,NL0 25 0 solar,legacy,NL0 25,1,0.0,53935.51759343587,53935.517593435754
41,NL0 26 0 solar,legacy,NL0 26,1,0.0,53935.51759343587,53935.517593435754
41,NL0 27 0 solar,legacy,NL0 27,1,0.0,53935.51759343587,53935.517593435754
41,NL0 28 0 solar,legacy,NL0 28,1,0.0,53935.51759343587,53935.517593435754
41,NL0 3 0 solar,legacy,NL0 3,1,0.0,53935.51759343587,53935.517593435754
41,NL0 30 0 solar,legacy,NL0 30,1,0.0,53935.51759343587,53935.517593435754
41,NL0 31 0 solar,legacy,NL0 31,1,0.0,53935.51759343587,53935.517593435754
41,NL0 4 0 solar,legacy,NL0 4,1,0.0,53935.51759343587,53935.517593435754
41,NL0 5 0 solar,legacy,NL0 5,1,0.0,53935.51759343587,53935.517593435754
41,NL0 6 0 solar,legacy,NL0 6,1,0.0,53935.51759343587,53935.517593435754
41,NL0 7 0 solar,legacy,NL0 7,1,0.0,53935.51759343587,53935.517593435754
41,NL0 8 0 solar,legacy,NL0 8,1,0.0,53935.51759343587,53935.517593435754
41,NL0 9 0 solar,legacy,NL0 9,1,0.0,53935.51759343587,53935.517593435754
41,NL0 20 0 offwind-ac,legacy,NL0 20,1,0.0,53935.51759343587,53935.517593435754
41,NL0 27 0 offwind-ac,legacy,NL0 27,1,0.0,53935.51759343587,53935.517593435754
41,NL0 31 0 offwind-ac,legacy,NL0 31,1,0.0,53935.51759343587,53935.517593435754
41,NL0 32 0 offwind-ac,legacy,NL0 32,1,0.0,53935.51759343587,53935.517593435754
41,NL0 7 0 offwind-ac,legacy,NL0 7,1,0.0,53935.51759343587,53935.517593435754
41,NL0 0 0 onwind,legacy,NL0 0,1,0.0,53935.51759343587,53935.517593435754
41,NL0 1 0 onwind,legacy,NL0 1,1,0.0,53935.51759343587,53935.517593435754
41,NL0 10 0 onwind,legacy,NL0 10,1,0.0,53935.51759343587,53935.517593435754
41,NL0 11 0 onwind,legacy,NL0 11,1,0.0,53935.51759343587,53935.517593435754
41,NL0 12 0 onwind,legacy,NL0 12,1,0.0,53935.51759343587,53935.517593435754
41,NL0 13 0 onwind,legacy,NL0 13,1,0.0,53935.51759343587,53935.517593435754
41,NL0 14 0 onwind,legacy,NL0 14,1,0.0,53935.51759343587,53935.517593435754
41,NL0 15 0 onwind,legacy,NL0 15,1,0.0,53935.51759343587,53935.517593435754
41,NL0 17 0 onwind,legacy,NL0 17,1,0.0,53935.51759343587,53935.517593435754
41,NL0 19 0 onwind,legacy,NL0 19,1,0.0,53935.51759343587,53935.517593435754
41,NL0 2 0 onwind,legacy,NL0 2,1,0.0,53935.51759343587,53935.517593435754
41,NL0 20 0 onwind,legacy,NL0 20,1,0.0,53935.51759343587,53935.517593435754
41,NL0 21 0 onwind,legacy,NL0 21,1,0.0,53935.51759343587,53935.517593435754
41,NL0 22 0 onwind,legacy,NL0 22,1,0.0,53935.51759343587,53935.517593435754
41,NL0 23 0 onwind,legacy,NL0 23,1,0.0,53935.51759343587,53935.517593435754
41,NL0 24 0 onwind,legacy,NL0 24,1,0.0,53935.51759343587,53935.517593435754
41,NL0 27 0 onwind,legacy,NL0 27,1,0.0,53935.51759343587,53935.517593435754
41,NL0 3 0 onwind,legacy,NL0 3,1,0.0,53935.51759343587,53935.517593435754
41,NL0 30 0 onwind,legacy,NL0 30,1,0.0,53935.51759343587,53935.517593435754
41,NL0 31 0 onwind,legacy,NL0 31,1,0.0,53935.51759343587,53935.517593435754
41,NL0 4 0 onwind,legacy,NL0 4,1,0.0,53935.51759343587,53935.517593435754
41,NL0 5 0 onwind,legacy,NL0 5,1,0.0,53935.51759343587,53935.517593435754
41,NL0 6 0 onwind,legacy,NL0 6,1,0.0,53935.51759343587,53935.517593435754
41,NL0 7 0 onwind,legacy,NL0 7,1,0.0,53935.51759343587,53935.517593435754
41,NL0 8 0 onwind,legacy,NL0 8,1,0.0,53935.51759343587,53935.517593435754
41,NL0 9 0 onwind,legacy,NL0 9,1,0.0,53935.51759343587,53935.517593435754
42,NL0 0 Invest,investable,NL0 0,1,0.0,53935.51759343587,59329.06935292875
42,NL0 1 Invest,investable,NL0 1,1,1000.0,53935.51759343587,53935.51759357159
42,NL0 10 Invest,investable,NL0 10,1,0.0,53935.51759343587,59329.06935292875
42,NL0 11 Invest,investable,NL0 11,1,1000.0,53935.51759343587,53935.51759357159
42,NL0 12 Invest,investable,NL0 12,1,1000.0,53935.51759343587,53935.51759343562
42,NL0 13 Invest,investable,NL0 13,1,1000.0,53935.51759343587,53935.51759357159
42,NL0 14 Invest,investable,NL0 14,1,1000.0,53935.51759343587,53935.51759343575
42,NL0 15 Invest,investable,NL0 15,1,1000.0,53935.51759343587,53935.51759343575
42,NL0 16 Invest,investable,NL0 16,1,0.0,53935.51759343587,59329.06935292875
42,NL0 17 Invest,investable,NL0 17,1,0.0,53935.51759343587,59329.06935292875
42,NL0 18 Invest,investable,NL0 18,1,0.0,53935.51759343587,59329.06935292875
42,NL0 19 Invest,investable,NL0 19,1,1000.0,53935.51759343587,53935.51759343575
42,NL0 2 Invest,investable,NL0 2,1,1000.0,53935.51759343587,53935.51759343575
42,NL0 20 Invest,investable,NL0 20,1,0.0,53935.51759343587,59329.06935292875
42,NL0 21 Invest,investable,NL0 21,1,0.0,53935.51759343587,59329.06935292875
42,NL0 22 Invest,investable,NL0 22,1,0.0,53935.51759343587,53935.51759357159
42,NL0 23 Invest,investable,NL0 23,1,0.0,53935.51759343587,59329.06935292875
42,NL0 24 Invest,investable,NL0 24,1,0.0,53935.51759343587,59329.06935292875
42,NL0 25 Invest,investable,NL0 25,1,1000.0,53935.51759343587,53935.51759343575
42,NL0 26 Invest,investable,NL0 26,1,1000.0,53935.51759343587,53935.51759343575
42,NL0 27 Invest,investable,NL0 27,1,0.0,53935.51759343587,59329.06935292875
42,NL0 28 Invest,investable,NL0 28,1,1000.0,53935.51759343587,53935.51759343575
42,NL0 3 Invest,investable,NL0 3,1,0.0,53935.51759343587,59329.06935292875
42,NL0 30 Invest,investable,NL0 30,1,0.0,53935.51759343587,59329.06935292875
42,NL0 31 Invest,investable,NL0 31,1,1000.0,53935.51759343587,53935.51759343575
42,NL0 33 Invest,investable,NL0 33,1,0.0,53935.51759343587,59329.06935292875
42,NL0 4 Invest,investable,NL0 4,1,1000.0,53935.51759343587,53935.51759343575
42,NL0 5 Invest,investable,NL0 5,1,0.0,53935.51759343587,53935.51759357159
42,NL0 6 Invest,investable,NL0 6,1,634.5076028511185,53935.51759343587,53935.51759357159
42,NL0 7 Invest,investable,NL0 7,1,0.0,53935.51759343587,53935.51759357159
42,NL0 8 Invest,investable,NL0 8,1,0.0,53935.51759343587,59329.06935292875
42,NL0 9 Invest,investable,NL0 9,1,1000.0,53935.51759343587,53935.51759357159
42,NL0 1 biomass,legacy,NL0 1,1,71.0,53935.51759343587,53935.51759343587
42,NL0 1 waste,legacy,NL0 1,1,31.0,53935.51759343587,53935.51759343587
42,NL0 10 waste,legacy,NL0 10,1,150.0,53935.51759343587,53935.51759343587
42,NL0 11 biomass,legacy,NL0 11,1,20.0,53935.51759343587,53935.51759343587
42,NL0 11 waste,legacy,NL0 11,1,50.0,53935.51759343587,53935.51759343587
42,NL0 13 biomass,legacy,NL0 13,1,77.0,53935.51759343587,53935.51759343587
42,NL0 19 biomass,legacy,NL0 19,1,49.0,53935.51759343587,53935.51759343587
42,NL0 19 waste,legacy,NL0 19,1,36.0,53935.51759343587,53935.51759343587
42,NL0 22 biomass,legacy,NL0 22,1,500.0,53935.51759343587,53935.51759343587
42,NL0 25 waste,legacy,NL0 25,1,54.0,53935.51759343587,53935.51759343587
42,NL0 27 biomass,legacy,NL0 27,1,22.0,53935.51759343587,53935.51759343587
42,NL0 27 waste,legacy,NL0 27,1,71.2,53935.51759343587,53935.51759343587
42,NL0 3 biomass,legacy,NL0 3,1,22.0,53935.51759343587,53935.51759343587
42,NL0 3 waste,legacy,NL0 3,1,108.0,53935.51759343587,53935.51759343587
42,NL0 30 biomass,legacy,NL0 30,1,60.0,53935.51759343587,53935.51759343587
42,NL0 7 nuclear,legacy,NL0 7,1,515.0,53935.51759343587,53935.51759343587
42,NL0 7 waste,legacy,NL0 7,1,39.0,53935.51759343587,53935.51759343587
42,NL0 8 biomass,legacy,NL0 8,1,36.0,53935.51759343587,53935.51759343587
42,NL0 8 waste,legacy,NL0 8,1,157.0,53935.51759343587,53935.51759343587
42,NL0 9 biomass,legacy,NL0 9,1,20.0,53935.51759343587,53935.51759343587
42,NL0 0 0 solar,legacy,NL0 0,1,0.0,53935.51759343587,53935.517593435754
42,NL0 1 0 solar,legacy,NL0 1,1,0.0,53935.51759343587,53935.517593435754
42,NL0 10 0 solar,legacy,NL0 10,1,0.0,53935.51759343587,53935.517593435754
42,NL0 11 0 solar,legacy,NL0 11,1,0.0,53935.51759343587,53935.517593435754
42,NL0 12 0 solar,legacy,NL0 12,1,0.0,53935.51759343587,53935.517593435754
42,NL0 13 0 solar,legacy,NL0 13,1,0.0,53935.51759343587,53935.517593435754
42,NL0 14 0 solar,legacy,NL0 14,1,0.0,53935.51759343587,53935.517593435754
42,NL0 15 0 solar,legacy,NL0 15,1,0.0,53935.51759343587,53935.517593435754
42,NL0 16 0 solar,legacy,NL0 16,1,0.0,53935.51759343587,53935.517593435754
42,NL0 17 0 solar,legacy,NL0 17,1,0.0,53935.51759343587,53935.517593435754
42,NL0 18 0 solar,legacy,NL0 18,1,0.0,53935.51759343587,53935.517593435754
42,NL0 19 0 solar,legacy,NL0 19,1,0.0,53935.51759343587,53935.517593435754
42,NL0 2 0 solar,legacy,NL0 2,1,0.0,53935.51759343587,53935.517593435754
42,NL0 20 0 solar,legacy,NL0 20,1,0.0,53935.51759343587,53935.517593435754
42,NL0 21 0 solar,legacy,NL0 21,1,0.0,53935.51759343587,53935.517593435754
42,NL0 22 0 solar,legacy,NL0 22,1,0.0,53935.51759343587,53935.517593435754
42,NL0 23 0 solar,legacy,NL0 23,1,0.0,53935.51759343587,53935.517593435754
42,NL0 24 0 solar,legacy,NL0 24,1,0.0,53935.51759343587,53935.517593435754
42,NL0 25 0 solar,legacy,NL0 25,1,0.0,53935.51759343587,53935.517593435754
42,NL0 26 0 solar,legacy,NL0 26,1,0.0,53935.51759343587,53935.517593435754
42,NL0 27 0 solar,legacy,NL0 27,1,0.0,53935.51759343587,53935.517593435754
42,NL0 28 0 solar,legacy,NL0 28,1,0.0,53935.51759343587,53935.517593435754
42,NL0 3 0 solar,legacy,NL0 3,1,0.0,53935.51759343587,53935.517593435754
42,NL0 30 0 solar,legacy,NL0 30,1,0.0,53935.51759343587,53935.517593435754
42,NL0 31 0 solar,legacy,NL0 31,1,0.0,53935.51759343587,53935.517593435754
42,NL0 4 0 solar,legacy,NL0 4,1,0.0,53935.51759343587,53935.517593435754
42,NL0 5 0 solar,legacy,NL0 5,1,0.0,53935.51759343587,53935.517593435754
42,NL0 6 0 solar,legacy,NL0 6,1,0.0,53935.51759343587,53935.517593435754
42,NL0 7 0 solar,legacy,NL0 7,1,0.0,53935.51759343587,53935.517593435754
42,NL0 8 0 solar,legacy,NL0 8,1,0.0,53935.51759343587,53935.517593435754
42,NL0 9 0 solar,legacy,NL0 9,1,0.0,53935.51759343587,53935.517593435754
42,NL0 20 0 offwind-ac,legacy,NL0 20,1,0.0,53935.51759343587,53935.517593435754
42,NL0 27 0 offwind-ac,legacy,NL0 27,1,0.0,53935.51759343587,53935.517593435754
42,NL0 31 0 offwind-ac,legacy,NL0 31,1,0.0,53935.51759343587,53935.517593435754
42,NL0 32 0 offwind-ac,legacy,NL0 32,1,0.0,53935.51759343587,53935.517593435754
42,NL0 7 0 offwind-ac,legacy,NL0 7,1,0.0,53935.51759343587,53935.517593435754
42,NL0 0 0 onwind,legacy,NL0 0,1,0.0,53935.51759343587,53935.517593435754
42,NL0 1 0 onwind,legacy,NL0 1,1,0.0,53935.51759343587,53935.517593435754
42,NL0 10 0 onwind,legacy,NL0 10,1,0.0,53935.51759343587,53935.517593435754
42,NL0 11 0 onwind,legacy,NL0 11,1,0.0,53935.51759343587,53935.517593435754
42,NL0 12 0 onwind,legacy,NL0 12,1,0.0,53935.51759343587,53935.517593435754
42,NL0 13 0 onwind,legacy,NL0 13,1,0.0,53935.51759343587,53935.517593435754
42,NL0 14 0 onwind,legacy,NL0 14,1,0.0,53935.51759343587,53935.517593435754
42,NL0 15 0 onwind,legacy,NL0 15,1,0.0,53935.51759343587,53935.517593435754
42,NL0 17 0 onwind,legacy,NL0 17,1,0.0,53935.51759343587,53935.517593435754
42,NL0 19 0 onwind,legacy,NL0 19,1,0.0,53935.51759343587,53935.517593435754
42,NL0 2 0 onwind,legacy,NL0 2,1,0.0,53935.51759343587,53935.517593435754
42,NL0 20 0 onwind,legacy,NL0 20,1,0.0,53935.51759343587,53935.517593435754
42,NL0 21 0 onwind,legacy,NL0 21,1,0.0,53935.51759343587,53935.517593435754
42,NL0 22 0 onwind,legacy,NL0 22,1,0.0,53935.51759343587,53935.517593435754
42,NL0 23 0 onwind,legacy,NL0 23,1,0.0,53935.51759343587,53935.517593435754
42,NL0 24 0 onwind,legacy,NL0 24,1,0.0,53935.51759343587,53935.517593435754
42,NL0 27 0 onwind,legacy,NL0 27,1,0.0,53935.51759343587,53935.517593435754
42,NL0 3 0 onwind,legacy,NL0 3,1,0.0,53935.51759343587,53935.517593435754
42,NL0 30 0 onwind,legacy,NL0 30,1,0.0,53935.51759343587,53935.517593435754
42,NL0 31 0 onwind,legacy,NL0 31,1,0.0,53935.51759343587,53935.517593435754
42,NL0 4 0 onwind,legacy,NL0 4,1,0.0,53935.51759343587,53935.517593435754
42,NL0 5 0 onwind,legacy,NL0 5,1,0.0,53935.51759343587,53935.517593435754
42,NL0 6 0 onwind,legacy,NL0 6,1,0.0,53935.51759343587,53935.517593435754
42,NL0 7 0 onwind,legacy,NL0 7,1,0.0,53935.51759343587,53935.517593435754
42,NL0 8 0 onwind,legacy,NL0 8,1,0.0,53935.51759343587,53935.517593435754
42,NL0 9 0 onwind,legacy,NL0 9,1,0.0,53935.51759343587,53935.517593435754
43,NL0 0 Invest,investable,NL0 0,1,0.0,53935.51759343587,59329.06935292875
43,NL0 1 Invest,investable,NL0 1,1,1000.0,53935.51759343587,53935.51759357159
43,NL0 10 Invest,investable,NL0 10,1,0.0,53935.51759343587,59329.06935292875
43,NL0 11 Invest,investable,NL0 11,1,1000.0,53935.51759343587,53935.51759357159
43,NL0 12 Invest,investable,NL0 12,1,1000.0,53935.51759343587,53935.51759343562
43,NL0 13 Invest,investable,NL0 13,1,634.5076028511185,53935.51759343587,53935.51759357159
43,NL0 14 Invest,investable,NL0 14,1,1000.0,53935.51759343587,53935.51759343575
43,NL0 15 Invest,investable,NL0 15,1,1000.0,53935.51759343587,53935.51759343575
43,NL0 16 Invest,investable,NL0 16,1,0.0,53935.51759343587,59329.06935292875
43,NL0 17 Invest,investable,NL0 17,1,0.0,53935.51759343587,59329.06935292875
43,NL0 18 Invest,investable,NL0 18,1,0.0,53935.51759343587,59329.06935292875
43,NL0 19 Invest,investable,NL0 19,1,1000.0,53935.51759343587,53935.51759343575
43,NL0 2 Invest,investable,NL0 2,1,1000.0,53935.51759343587,53935.51759343575
43,NL0 20 Invest,investable,NL0 20,1,0.0,53935.51759343587,59329.06935292875
43,NL0 21 Invest,investable,NL0 21,1,0.0,53935.51759343587,59329.06935292875
43,NL0 22 Invest,investable,NL0 22,1,1000.0,53935.51759343587,53935.51759357159
43,NL0 23 Invest,investable,NL0 23,1,0.0,53935.51759343587,59329.06935292875
43,NL0 24 Invest,investable,NL0 24,1,0.0,53935.51759343587,59329.06935292875
43,NL0 25 Invest,investable,NL0 25,1,1000.0,53935.51759343587,53935.51759343575
43,NL0 26 Invest,investable,NL0 26,1,1000.0,53935.51759343587,53935.51759343575
43,NL0 27 Invest,investable,NL0 27,1,0.0,53935.51759343587,59329.06935292875
43,NL0 28 Invest,investable,NL0 28,1,1000.0,53935.51759343587,53935.51759343575
43,NL0 3 Invest,investable,NL0 3,1,0.0,53935.51759343587,59329.06935292875
43,NL0 30 Invest,investable,NL0 30,1,0.0,53935.51759343587,59329.06935292875
43,NL0 31 Invest,investable,NL0 31,1,1000.0,53935.51759343587,53935.51759343575
43,NL0 33 Invest,investable,NL0 33,1,0.0,53935.51759343587,59329.06935292875
43,NL0 4 Invest,investable,NL0 4,1,1000.0,53935.51759343587,53935.51759343575
43,NL0 5 Invest,investable,NL0 5,1,0.0,53935.51759343587,53935.51759357159
43,NL0 6 Invest,investable,NL0 6,1,0.0,53935.51759343587,53935.51759357159
43,NL0 7 Invest,investable,NL0 7,1,1000.0,53935.51759343587,53935.51759357159
43,NL0 8 Invest,investable,NL0 8,1,0.0,53935.51759343587,59329.06935292875
43,NL0 9 Invest,investable,NL0 9,1,0.0,53935.51759343587,53935.51759357159
43,NL0 1 biomass,legacy,NL0 1,1,71.0,53935.51759343587,53935.51759343587
43,NL0 1 waste,legacy,NL0 1,1,31.0,53935.51759343587,53935.51759343587
43,NL0 10 waste,legacy,NL0 10,1,150.0,53935.51759343587,53935.51759343587
43,NL0 11 biomass,legacy,NL0 11,1,20.0,53935.51759343587,53935.51759343587
43,NL0 11 waste,legacy,NL0 11,1,50.0,53935.51759343587,53935.51759343587
43,NL0 13 biomass,legacy,NL0 13,1,77.0,53935.51759343587,53935.51759343587
43,NL0 19 biomass,legacy,NL0 19,1,49.0,53935.51759343587,53935.51759343587
43,NL0 19 waste,legacy,NL0 19,1,36.0,53935.51759343587,53935.51759343587
43,NL0 22 biomass,legacy,NL0 22,1,500.0,53935.51759343587,53935.51759343587
43,NL0 25 waste,legacy,NL0 25,1,54.0,53935.51759343587,53935.51759343587
43,NL0 27 biomass,legacy,NL0 27,1,22.0,53935.51759343587,53935.51759343587
43,NL0 27 waste,legacy,NL0 27,1,71.2,53935.51759343587,53935.51759343587
43,NL0 3 biomass,legacy,NL0 3,1,22.0,53935.51759343587,53935.51759343587
43,NL0 3 waste,legacy,NL0 3,1,108.0,53935.51759343587,53935.51759343587
43,NL0 30 biomass,legacy,NL0 30,1,60.0,53935.51759343587,53935.51759343587
43,NL0 7 nuclear,legacy,NL0 7,1,515.0,53935.51759343587,53935.51759343587
43,NL0 7 waste,legacy,NL0 7,1,39.0,53935.51759343587,53935.51759343587
43,NL0 8 biomass,legacy,NL0 8,1,36.0,53935.51759343587,53935.51759343587
43,NL0 8 waste,legacy,NL0 8,1,157.0,53935.51759343587,53935.51759343587
43,NL0 9 biomass,legacy,NL0 9,1,20.0,53935.51759343587,53935.51759343587
43,NL0 0 0 solar,legacy,NL0 0,1,0.0,53935.51759343587,53935.517593435754
43,NL0 1 0 solar,legacy,NL0 1,1,0.0,53935.51759343587,53935.517593435754
43,NL0 10 0 solar,legacy,NL0 10,1,0.0,53935.51759343587,53935.517593435754
43,NL0 11 0 solar,legacy,NL0 11,1,0.0,53935.51759343587,53935.517593435754
43,NL0 12 0 solar,legacy,NL0 12,1,0.0,53935.51759343587,53935.517593435754
43,NL0 13 0 solar,legacy,NL0 13,1,0.0,53935.51759343587,53935.517593435754
43,NL0 14 0 solar,legacy,NL0 14,1,0.0,53935.51759343587,53935.517593435754
43,NL0 15 0 solar,legacy,NL0 15,1,0.0,53935.51759343587,53935.517593435754
43,NL0 16 0 solar,legacy,NL0 16,1,0.0,53935.51759343587,53935.517593435754
43,NL0 17 0 solar,legacy,NL0 17,1,0.0,53935.51759343587,53935.517593435754
43,NL0 18 0 solar,legacy,NL0 18,1,0.0,53935.51759343587,53935.517593435754
43,NL0 19 0 solar,legacy,NL0 19,1,0.0,53935.51759343587,53935.517593435754
43,NL0 2 0 solar,legacy,NL0 2,1,0.0,53935.51759343587,53935.517593435754
43,NL0 20 0 solar,legacy,NL0 20,1,0.0,53935.51759343587,53935.517593435754
43,NL0 21 0 solar,legacy,NL0 21,1,0.0,53935.51759343587,53935.517593435754
43,NL0 22 0 solar,legacy,NL0 22,1,0.0,53935.51759343587,53935.517593435754
43,NL0 23 0 solar,legacy,NL0 23,1,0.0,53935.51759343587,53935.517593435754
43,NL0 24 0 solar,legacy,NL0 24,1,0.0,53935.51759343587,53935.517593435754
43,NL0 25 0 solar,legacy,NL0 25,1,0.0,53935.51759343587,53935.517593435754
43,NL0 26 0 solar,legacy,NL0 26,1,0.0,53935.51759343587,53935.517593435754
43,NL0 27 0 solar,legacy,NL0 27,1,0.0,53935.51759343587,53935.517593435754
43,NL0 28 0 solar,legacy,NL0 28,1,0.0,53935.51759343587,53935.517593435754
43,NL0 3 0 solar,legacy,NL0 3,1,0.0,53935.51759343587,53935.517593435754
43,NL0 30 0 solar,legacy,NL0 30,1,0.0,53935.51759343587,53935.517593435754
43,NL0 31 0 solar,legacy,NL0 31,1,0.0,53935.51759343587,53935.517593435754
43,NL0 4 0 solar,legacy,NL0 4,1,0.0,53935.51759343587,53935.517593435754
43,NL0 5 0 solar,legacy,NL0 5,1,0.0,53935.51759343587,53935.517593435754
43,NL0 6 0 solar,legacy,NL0 6,1,0.0,53935.51759343587,53935.517593435754
43,NL0 7 0 solar,legacy,NL0 7,1,0.0,53935.51759343587,53935.517593435754
43,NL0 8 0 solar,legacy,NL0 8,1,0.0,53935.51759343587,53935.517593435754
43,NL0 9 0 solar,legacy,NL0 9,1,0.0,53935.51759343587,53935.517593435754
43,NL0 20 0 offwind-ac,legacy,NL0 20,1,0.0,53935.51759343587,53935.517593435754
43,NL0 27 0 offwind-ac,legacy,NL0 27,1,0.0,53935.51759343587,53935.517593435754
43,NL0 31 0 offwind-ac,legacy,NL0 31,1,0.0,53935.51759343587,53935.517593435754
43,NL0 32 0 offwind-ac,legacy,NL0 32,1,0.0,53935.51759343587,53935.517593435754
43,NL0 7 0 offwind-ac,legacy,NL0 7,1,0.0,53935.51759343587,53935.517593435754
43,NL0 0 0 onwind,legacy,NL0 0,1,0.0,53935.51759343587,53935.517593435754
43,NL0 1 0 onwind,legacy,NL0 1,1,0.0,53935.51759343587,53935.517593435754
43,NL0 10 0 onwind,legacy,NL0 10,1,0.0,53935.51759343587,53935.517593435754
43,NL0 11 0 onwind,legacy,NL0 11,1,0.0,53935.51759343587,53935.517593435754
43,NL0 12 0 onwind,legacy,NL0 12,1,0.0,53935.51759343587,53935.517593435754
43,NL0 13 0 onwind,legacy,NL0 13,1,0.0,53935.51759343587,53935.517593435754
43,NL0 14 0 onwind,legacy,NL0 14,1,0.0,53935.51759343587,53935.517593435754
43,NL0 15 0 onwind,legacy,NL0 15,1,0.0,53935.51759343587,53935.517593435754
43,NL0 17 0 onwind,legacy,NL0 17,1,0.0,53935.51759343587,53935.517593435754
43,NL0 19 0 onwind,legacy,NL0 19,1,0.0,53935.51759343587,53935.517593435754
43,NL0 2 0 onwind,legacy,NL0 2,1,0.0,53935.51759343587,53935.517593435754
43,NL0 20 0 onwind,legacy,NL0 20,1,0.0,53935.51759343587,53935.517593435754
43,NL0 21 0 onwind,legacy,NL0 21,1,0.0,53935.51759343587,53935.517593435754
43,NL0 22 0 onwind,legacy,NL0 22,1,0.0,53935.51759343587,53935.517593435754
43,NL0 23 0 onwind,legacy,NL0 23,1,0.0,53935.51759343587,53935.517593435754
43,NL0 24 0 onwind,legacy,NL0 24,1,0.0,53935.51759343587,53935.517593435754
43,NL0 27 0 onwind,legacy,NL0 27,1,0.0,53935.51759343587,53935.517593435754
43,NL0 3 0 onwind,legacy,NL0 3,1,0.0,53935.51759343587,53935.517593435754
43,NL0 30 0 onwind,legacy,NL0 30,1,0.0,53935.51759343587,53935.517593435754
43,NL0 31 0 onwind,legacy,NL0 31,1,0.0,53935.51759343587,53935.517593435754
43,NL0 4 0 onwind,legacy,NL0 4,1,0.0,53935.51759343587,53935.517593435754
43,NL0 5 0 onwind,legacy,NL0 5,1,0.0,53935.51759343587,53935.517593435754
43,NL0 6 0 onwind,legacy,NL0 6,1,0.0,53935.51759343587,53935.517593435754
43,NL0 7 0 onwind,legacy,NL0 7,1,0.0,53935.51759343587,53935.517593435754
43,NL0 8 0 onwind,legacy,NL0 8,1,0.0,53935.51759343587,53935.517593435754
43,NL0 9 0 onwind,legacy,NL0 9,1,0.0,53935.51759343587,53935.517593435754
44,NL0 0 Invest,investable,NL0 0,1,0.0,53935.51759343587,59329.06935292875
44,NL0 1 Invest,investable,NL0 1,1,634.5076028511185,53935.51759343587,53935.51759357159
44,NL0 10 Invest,investable,NL0 10,1,0.0,53935.51759343587,59329.06935292875
44,NL0 11 Invest,investable,NL0 11,1,0.0,53935.51759343587,53935.51759357159
44,NL0 12 Invest,investable,NL0 12,1,1000.0,53935.51759343587,53935.51759343562
44,NL0 13 Invest,investable,NL0 13,1,1000.0,53935.51759343587,53935.51759357159
44,NL0 14 Invest,investable,NL0 14,1,1000.0,53935.51759343587,53935.51759343575
44,NL0 15 Invest,investable,NL0 15,1,1000.0,53935.51759343587,53935.51759343575
44,NL0 16 Invest,investable,NL0 16,1,0.0,53935.51759343587,59329.06935292875
44,NL0 17 Invest,investable,NL0 17,1,0.0,53935.51759343587,59329.06935292875
44,NL0 18 Invest,investable,NL0 18,1,0.0,53935.51759343587,59329.06935292875
44,NL0 19 Invest,investable,NL0 19,1,1000.0,53935.51759343587,53935.51759343575
44,NL0 2 Invest,investable,NL0 2,1,1000.0,53935.51759343587,53935.51759343575
44,NL0 20 Invest,investable,NL0 20,1,0.0,53935.51759343587,59329.06935292875
44,NL0 21 Invest,investable,NL0 21,1,0.0,53935.51759343587,59329.06935292875
44,NL0 22 Invest,investable,NL0 22,1,0.0,53935.51759343587,53935.51759357159
44,NL0 23 Invest,investable,NL0 23,1,0.0,53935.51759343587,59329.06935292875
44,NL0 24 Invest,investable,NL0 24,1,0.0,53935.51759343587,59329.06935292875
44,NL0 25 Invest,investable,NL0 25,1,1000.0,53935.51759343587,53935.51759343575
44,NL0 26 Invest,investable,NL0 26,1,1000.0,53935.51759343587,53935.51759343575
44,NL0 27 Invest,investable,NL0 27,1,0.0,53935.51759343587,59329.06935292875
44,NL0 28 Invest,investable,NL0 28,1,1000.0,53935.51759343587,53935.51759343575
44,NL0 3 Invest,investable,NL0 3,1,0.0,53935.51759343587,59329.06935292875
44,NL0 30 Invest,investable,NL0 30,1,0.0,53935.51759343587,59329.06935292875
44,NL0 31 Invest,investable,NL0 31,1,1000.0,53935.51759343587,53935.51759343575
44,NL0 33 Invest,investable,NL0 33,1,0.0,53935.51759343587,59329.06935292875
44,NL0 4 Invest,investable,NL0 4,1,1000.0,53935.51759343587,53935.51759343575
44,NL0 5 Invest,investable,NL0 5,1,1000.0,53935.51759343587,53935.51759357159
44,NL0 6 Invest,investable,NL0 6,1,1000.0,53935.51759343587,53935.51759357159
44,NL0 7 Invest,investable,NL0 7,1,0.0,53935.51759343587,53935.51759357159
44,NL0 8 Invest,investable,NL0 8,1,0.0,53935.51759343587,59329.06935292875
44,NL0 9 Invest,investable,NL0 9,1,1000.0,53935.51759343587,53935.51759357159
44,NL0 1 biomass,legacy,NL0 1,1,71.0,53935.51759343587,53935.51759343587
44,NL0 1 waste,legacy,NL0 1,1,31.0,53935.51759343587,53935.51759343587
44,NL0 10 waste,legacy,NL0 10,1,150.0,53935.51759343587,53935.51759343587
44,NL0 11 biomass,legacy,NL0 11,1,20.0,53935.51759343587,53935.51759343587
44,NL0 11 waste,legacy,NL0 11,1,50.0,53935.51759343587,53935.51759343587
44,NL0 13 biomass,legacy,NL0 13,1,77.0,53935.51759343587,53935.51759343587
44,NL0 19 biomass,legacy,NL0 19,1,49.0,53935.51759343587,53935.51759343587
44,NL0 19 waste,legacy,NL0 19,1,36.0,53935.51759343587,53935.51759343587
44,NL0 22 biomass,legacy,NL0 22,1,500.0,53935.51759343587,53935.51759343587
44,NL0 25 waste,legacy,NL0 25,1,54.0,53935.51759343587,53935.51759343587
44,NL0 27 biomass,legacy,NL0 27,1,22.0,53935.51759343587,53935.51759343587
44,NL0 27 waste,legacy,NL0 27,1,71.2,53935.51759343587,53935.51759343587
44,NL0 3 biomass,legacy,NL0 3,1,22.0,53935.51759343587,53935.51759343587
44,NL0 3 waste,legacy,NL0 3,1,108.0,53935.51759343587,53935.51759343587
44,NL0 30 biomass,legacy,NL0 30,1,60.0,53935.51759343587,53935.51759343587
44,NL0 7 nuclear,legacy,NL0 7,1,515.0,53935.51759343587,53935.51759343587
44,NL0 7 waste,legacy,NL0 7,1,39.0,53935.51759343587,53935.51759343587
44,NL0 8 biomass,legacy,NL0 8,1,36.0,53935.51759343587,53935.51759343587
44,NL0 8 waste,legacy,NL0 8,1,157.0,53935.51759343587,53935.51759343587
44,NL0 9 biomass,legacy,NL0 9,1,20.0,53935.51759343587,53935.51759343587
44,NL0 0 0 solar,legacy,NL0 0,1,0.0,53935.51759343587,53935.517593435754
44,NL0 1 0 solar,legacy,NL0 1,1,0.0,53935.51759343587,53935.517593435754
44,NL0 10 0 solar,legacy,NL0 10,1,0.0,53935.51759343587,53935.517593435754
44,NL0 11 0 solar,legacy,NL0 11,1,0.0,53935.51759343587,53935.517593435754
44,NL0 12 0 solar,legacy,NL0 12,1,0.0,53935.51759343587,53935.517593435754
44,NL0 13 0 solar,legacy,NL0 13,1,0.0,53935.51759343587,53935.517593435754
44,NL0 14 0 solar,legacy,NL0 14,1,0.0,53935.51759343587,53935.517593435754
44,NL0 15 0 solar,legacy,NL0 15,1,0.0,53935.51759343587,53935.517593435754
44,NL0 16 0 solar,legacy,NL0 16,1,0.0,53935.51759343587,53935.517593435754
44,NL0 17 0 solar,legacy,NL0 17,1,0.0,53935.51759343587,53935.517593435754
44,NL0 18 0 solar,legacy,NL0 18,1,0.0,53935.51759343587,53935.517593435754
44,NL0 19 0 solar,legacy,NL0 19,1,0.0,53935.51759343587,53935.517593435754
44,NL0 2 0 solar,legacy,NL0 2,1,0.0,53935.51759343587,53935.517593435754
44,NL0 20 0 solar,legacy,NL0 20,1,0.0,53935.51759343587,53935.517593435754
44,NL0 21 0 solar,legacy,NL0 21,1,0.0,53935.51759343587,53935.517593435754
44,NL0 22 0 solar,legacy,NL0 22,1,0.0,53935.51759343587,53935.517593435754
44,NL0 23 0 solar,legacy,NL0 23,1,0.0,53935.51759343587,53935.517593435754
44,NL0 24 0 solar,legacy,NL0 24,1,0.0,53935.51759343587,53935.517593435754
44,NL0 25 0 solar,legacy,NL0 25,1,0.0,53935.51759343587,53935.517593435754
44,NL0 26 0 solar,legacy,NL0 26,1,0.0,53935.51759343587,53935.517593435754
44,NL0 27 0 solar,legacy,NL0 27,1,0.0,53935.51759343587,53935.517593435754
44,NL0 28 0 solar,legacy,NL0 28,1,0.0,53935.51759343587,53935.517593435754
44,NL0 3 0 solar,legacy,NL0 3,1,0.0,53935.51759343587,53935.517593435754
44,NL0 30 0 solar,legacy,NL0 30,1,0.0,53935.51759343587,53935.517593435754
44,NL0 31 0 solar,legacy,NL0 31,1,0.0,53935.51759343587,53935.517593435754
44,NL0 4 0 solar,legacy,NL0 4,1,0.0,53935.51759343587,53935.517593435754
44,NL0 5 0 solar,legacy,NL0 5,1,0.0,53935.51759343587,53935.517593435754
44,NL0 6 0 solar,legacy,NL0 6,1,0.0,53935.51759343587,53935.517593435754
44,NL0 7 0 solar,legacy,NL0 7,1,0.0,53935.51759343587,53935.517593435754
44,NL0 8 0 solar,legacy,NL0 8,1,0.0,53935.51759343587,53935.517593435754
44,NL0 9 0 solar,legacy,NL0 9,1,0.0,53935.51759343587,53935.517593435754
44,NL0 20 0 offwind-ac,legacy,NL0 20,1,0.0,53935.51759343587,53935.517593435754
44,NL0 27 0 offwind-ac,legacy,NL0 27,1,0.0,53935.51759343587,53935.517593435754
44,NL0 31 0 offwind-ac,legacy,NL0 31,1,0.0,53935.51759343587,53935.517593435754
44,NL0 32 0 offwind-ac,legacy,NL0 32,1,0.0,53935.51759343587,53935.517593435754
44,NL0 7 0 offwind-ac,legacy,NL0 7,1,0.0,53935.51759343587,53935.517593435754
44,NL0 0 0 onwind,legacy,NL0 0,1,0.0,53935.51759343587,53935.517593435754
44,NL0 1 0 onwind,legacy,NL0 1,1,0.0,53935.51759343587,53935.517593435754
44,NL0 10 0 onwind,legacy,NL0 10,1,0.0,53935.51759343587,53935.517593435754
44,NL0 11 0 onwind,legacy,NL0 11,1,0.0,53935.51759343587,53935.517593435754
44,NL0 12 0 onwind,legacy,NL0 12,1,0.0,53935.51759343587,53935.517593435754
44,NL0 13 0 onwind,legacy,NL0 13,1,0.0,53935.51759343587,53935.517593435754
44,NL0 14 0 onwind,legacy,NL0 14,1,0.0,53935.51759343587,53935.517593435754
44,NL0 15 0 onwind,legacy,NL0 15,1,0.0,53935.51759343587,53935.517593435754
44,NL0 17 0 onwind,legacy,NL0 17,1,0.0,53935.51759343587,53935.517593435754
44,NL0 19 0 onwind,legacy,NL0 19,1,0.0,53935.51759343587,53935.517593435754
44,NL0 2 0 onwind,legacy,NL0 2,1,0.0,53935.51759343587,53935.517593435754
44,NL0 20 0 onwind,legacy,NL0 20,1,0.0,53935.51759343587,53935.517593435754
44,NL0 21 0 onwind,legacy,NL0 21,1,0.0,53935.51759343587,53935.517593435754
44,NL0 22 0 onwind,legacy,NL0 22,1,0.0,53935.51759343587,53935.517593435754
44,NL0 23 0 onwind,legacy,NL0 23,1,0.0,53935.51759343587,53935.517593435754
44,NL0 24 0 onwind,legacy,NL0 24,1,0.0,53935.51759343587,53935.517593435754
44,NL0 27 0 onwind,legacy,NL0 27,1,0.0,53935.51759343587,53935.517593435754
44,NL0 3 0 onwind,legacy,NL0 3,1,0.0,53935.51759343587,53935.517593435754
44,NL0 30 0 onwind,legacy,NL0 30,1,0.0,53935.51759343587,53935.517593435754
44,NL0 31 0 onwind,legacy,NL0 31,1,0.0,53935.51759343587,53935.517593435754
44,NL0 4 0 onwind,legacy,NL0 4,1,0.0,53935.51759343587,53935.517593435754
44,NL0 5 0 onwind,legacy,NL0 5,1,0.0,53935.51759343587,53935.517593435754
44,NL0 6 0 onwind,legacy,NL0 6,1,0.0,53935.51759343587,53935.517593435754
44,NL0 7 0 onwind,legacy,NL0 7,1,0.0,53935.51759343587,53935.517593435754
44,NL0 8 0 onwind,legacy,NL0 8,1,0.0,53935.51759343587,53935.517593435754
44,NL0 9 0 onwind,legacy,NL0 9,1,0.0,53935.51759343587,53935.517593435754
45,NL0 0 Invest,investable,NL0 0,1,0.0,53935.51759343587,59329.06935292875
45,NL0 1 Invest,investable,NL0 1,1,564.7446658974964,53935.51759343587,53935.51759357159
45,NL0 10 Invest,investable,NL0 10,1,0.0,53935.51759343587,59329.06935292875
45,NL0 11 Invest,investable,NL0 11,1,602.8203368263271,53935.51759343587,53935.51759357159
45,NL0 12 Invest,investable,NL0 12,1,1000.0,53935.51759343587,53935.51759343562
45,NL0 13 Invest,investable,NL0 13,1,687.9923183427886,53935.51759343587,53935.51759357159
45,NL0 14 Invest,investable,NL0 14,1,1000.0,53935.51759343587,53935.51759343575
45,NL0 15 Invest,investable,NL0 15,1,1000.0,53935.51759343587,53935.51759343575
45,NL0 16 Invest,investable,NL0 16,1,0.0,53935.51759343587,59329.06935292875
45,NL0 17 Invest,investable,NL0 17,1,0.0,53935.51759343587,59329.06935292875
45,NL0 18 Invest,investable,NL0 18,1,0.0,53935.51759343587,59329.06935292875
45,NL0 19 Invest,investable,NL0 19,1,1000.0,53935.51759343587,53935.51759343575
45,NL0 2 Invest,investable,NL0 2,1,1000.0,53935.51759343587,53935.51759343575
45,NL0 20 Invest,investable,NL0 20,1,0.0,53935.51759343587,59329.06935292875
45,NL0 21 Invest,investable,NL0 21,1,0.0,53935.51759343587,59329.06935292875
45,NL0 22 Invest,investable,NL0 22,1,658.8458379097419,53935.51759343587,53935.51759357159
45,NL0 23 Invest,investable,NL0 23,1,0.0,53935.51759343587,59329.06935292875
45,NL0 24 Invest,investable,NL0 24,1,0.0,53935.51759343587,59329.06935292875
45,NL0 25 Invest,investable,NL0 25,1,1000.0,53935.51759343587,53935.51759343575
45,NL0 26 Invest,investable,NL0 26,1,1000.0,53935.51759343587,53935.51759343575
45,NL0 27 Invest,investable,NL0 27,1,0.0,53935.51759343587,59329.06935292875
45,NL0 28 Invest,investable,NL0 28,1,1000.0,53935.51759343587,53935.51759343575
45,NL0 3 Invest,investable,NL0 3,1,0.0,53935.51759343587,59329.06935292875
45,NL0 30 Invest,investable,NL0 30,1,0.0,53935.51759343587,59329.06935292875
45,NL0 31 Invest,investable,NL0 31,1,1000.0,53935.51759343587,53935.51759343575
45,NL0 33 Invest,investable,NL0 33,1,0.0,53935.51759343587,59329.06935292875
45,NL0 4 Invest,investable,NL0 4,1,1000.0,53935.51759343587,53935.51759343575
45,NL0 5 Invest,investable,NL0 5,1,722.331113227398,53935.51759343587,53935.51759357159
45,NL0 6 Invest,investable,NL0 6,1,711.1502324177495,53935.51759343587,53935.51759357159
45,NL0 7 Invest,investable,NL0 7,1,0.0,53935.51759343587,53935.51759357159
45,NL0 8 Invest,investable,NL0 8,1,0.0,53935.51759343587,59329.06935292875
45,NL0 9 Invest,investable,NL0 9,1,686.623098229617,53935.51759343587,53935.51759357159
45,NL0 1 biomass,legacy,NL0 1,1,71.0,53935.51759343587,53935.51759343587
45,NL0 1 waste,legacy,NL0 1,1,31.0,53935.51759343587,53935.51759343587
45,NL0 10 waste,legacy,NL0 10,1,150.0,53935.51759343587,53935.51759343587
45,NL0 11 biomass,legacy,NL0 11,1,20.0,53935.51759343587,53935.51759343587
45,NL0 11 waste,legacy,NL0 11,1,50.0,53935.51759343587,53935.51759343587
45,NL0 13 biomass,legacy,NL0 13,1,77.0,53935.51759343587,53935.51759343587
45,NL0 19 biomass,legacy,NL0 19,1,49.0,53935.51759343587,53935.51759343587
45,NL0 19 waste,legacy,NL0 19,1,36.0,53935.51759343587,53935.51759343587
45,NL0 22 biomass,legacy,NL0 22,1,500.0,53935.51759343587,53935.51759343587
45,NL0 25 waste,legacy,NL0 25,1,54.0,53935.51759343587,53935.51759343587
45,NL0 27 biomass,legacy,NL0 27,1,22.0,53935.51759343587,53935.51759343587
45,NL0 27 waste,legacy,NL0 27,1,71.2,53935.51759343587,53935.51759343587
45,NL0 3 biomass,legacy,NL0 3,1,22.0,53935.51759343587,53935.51759343587
45,NL0 3 waste,legacy,NL0 3,1,108.0,53935.51759343587,53935.51759343587
45,NL0 30 biomass,legacy,NL0 30,1,60.0,53935.51759343587,53935.51759343587
45,NL0 7 nuclear,legacy,NL0 7,1,515.0,53935.51759343587,53935.51759343587
45,NL0 7 waste,legacy,NL0 7,1,39.0,53935.51759343587,53935.51759343587
45,NL0 8 biomass,legacy,NL0 8,1,36.0,53935.51759343587,53935.51759343587
45,NL0 8 waste,legacy,NL0 8,1,157.0,53935.51759343587,53935.51759343587
45,NL0 9 biomass,legacy,NL0 9,1,20.0,53935.51759343587,53935.51759343587
45,NL0 0 0 solar,legacy,NL0 0,1,0.0,53935.51759343587,53935.517593435754
45,NL0 1 0 solar,legacy,NL0 1,1,0.0,53935.51759343587,53935.517593435754
45,NL0 10 0 solar,legacy,NL0 10,1,0.0,53935.51759343587,53935.517593435754
45,NL0 11 0 solar,legacy,NL0 11,1,0.0,53935.51759343587,53935.517593435754
45,NL0 12 0 solar,legacy,NL0 12,1,0.0,53935.51759343587,53935.517593435754
45,NL0 13 0 solar,legacy,NL0 13,1,0.0,53935.51759343587,53935.517593435754
45,NL0 14 0 solar,legacy,NL0 14,1,0.0,53935.51759343587,53935.517593435754
45,NL0 15 0 solar,legacy,NL0 15,1,0.0,53935.51759343587,53935.517593435754
45,NL0 16 0 solar,legacy,NL0 16,1,0.0,53935.51759343587,53935.517593435754
45,NL0 17 0 solar,legacy,NL0 17,1,0.0,53935.51759343587,53935.517593435754
45,NL0 18 0 solar,legacy,NL0 18,1,0.0,53935.51759343587,53935.517593435754
45,NL0 19 0 solar,legacy,NL0 19,1,0.0,53935.51759343587,53935.517593435754
45,NL0 2 0 solar,legacy,NL0 2,1,0.0,53935.51759343587,53935.517593435754
45,NL0 20 0 solar,legacy,NL0 20,1,0.0,53935.51759343587,53935.517593435754
45,NL0 21 0 solar,legacy,NL0 21,1,0.0,53935.51759343587,53935.517593435754
45,NL0 22 0 solar,legacy,NL0 22,1,0.0,53935.51759343587,53935.517593435754
45,NL0 23 0 solar,legacy,NL0 23,1,0.0,53935.51759343587,53935.517593435754
45,NL0 24 0 solar,legacy,NL0 24,1,0.0,53935.51759343587,53935.517593435754
45,NL0 25 0 solar,legacy,NL0 25,1,0.0,53935.51759343587,53935.517593435754
45,NL0 26 0 solar,legacy,NL0 26,1,0.0,53935.51759343587,53935.517593435754
45,NL0 27 0 solar,legacy,NL0 27,1,0.0,53935.51759343587,53935.517593435754
45,NL0 28 0 solar,legacy,NL0 28,1,0.0,53935.51759343587,53935.517593435754
45,NL0 3 0 solar,legacy,NL0 3,1,0.0,53935.51759343587,53935.517593435754
45,NL0 30 0 solar,legacy,NL0 30,1,0.0,53935.51759343587,53935.517593435754
45,NL0 31 0 solar,legacy,NL0 31,1,0.0,53935.51759343587,53935.517593435754
45,NL0 4 0 solar,legacy,NL0 4,1,0.0,53935.51759343587,53935.517593435754
45,NL0 5 0 solar,legacy,NL0 5,1,0.0,53935.51759343587,53935.517593435754
45,NL0 6 0 solar,legacy,NL0 6,1,0.0,53935.51759343587,53935.517593435754
45,NL0 7 0 solar,legacy,NL0 7,1,0.0,53935.51759343587,53935.517593435754
45,NL0 8 0 solar,legacy,NL0 8,1,0.0,53935.51759343587,53935.517593435754
45,NL0 9 0 solar,legacy,NL0 9,1,0.0,53935.51759343587,53935.517593435754
45,NL0 20 0 offwind-ac,legacy,NL0 20,1,0.0,53935.51759343587,53935.517593435754
45,NL0 27 0 offwind-ac,legacy,NL0 27,1,0.0,53935.51759343587,53935.517593435754
45,NL0 31 0 offwind-ac,legacy,NL0 31,1,0.0,53935.51759343587,53935.517593435754
45,NL0 32 0 offwind-ac,legacy,NL0 32,1,0.0,53935.51759343587,53935.517593435754
45,NL0 7 0 offwind-ac,legacy,NL0 7,1,0.0,53935.51759343587,53935.517593435754
45,NL0 0 0 onwind,legacy,NL0 0,1,0.0,53935.51759343587,53935.517593435754
45,NL0 1 0 onwind,legacy,NL0 1,1,0.0,53935.51759343587,53935.517593435754
45,NL0 10 0 onwind,legacy,NL0 10,1,0.0,53935.51759343587,53935.517593435754
45,NL0 11 0 onwind,legacy,NL0 11,1,0.0,53935.51759343587,53935.517593435754
45,NL0 12 0 onwind,legacy,NL0 12,1,0.0,53935.51759343587,53935.517593435754
45,NL0 13 0 onwind,legacy,NL0 13,1,0.0,53935.51759343587,53935.517593435754
45,NL0 14 0 onwind,legacy,NL0 14,1,0.0,53935.51759343587,53935.517593435754
45,NL0 15 0 onwind,legacy,NL0 15,1,0.0,53935.51759343587,53935.517593435754
45,NL0 17 0 onwind,legacy,NL0 17,1,0.0,53935.51759343587,53935.517593435754
45,NL0 19 0 onwind,legacy,NL0 19,1,0.0,53935.51759343587,53935.517593435754
45,NL0 2 0 onwind,legacy,NL0 2,1,0.0,53935.51759343587,53935.517593435754
45,NL0 20 0 onwind,legacy,NL0 20,1,0.0,53935.51759343587,53935.517593435754
45,NL0 21 0 onwind,legacy,NL0 21,1,0.0,53935.51759343587,53935.517593435754
45,NL0 22 0 onwind,legacy,NL0 22,1,0.0,53935.51759343587,53935.517593435754
45,NL0 23 0 onwind,legacy,NL0 23,1,0.0,53935.51759343587,53935.517593435754
45,NL0 24 0 onwind,legacy,NL0 24,1,0.0,53935.51759343587,53935.517593435754
45,NL0 27 0 onwind,legacy,NL0 27,1,0.0,53935.51759343587,53935.517593435754
45,NL0 3 0 onwind,legacy,NL0 3,1,0.0,53935.51759343587,53935.517593435754
45,NL0 30 0 onwind,legacy,NL0 30,1,0.0,53935.51759343587,53935.517593435754
45,NL0 31 0 onwind,legacy,NL0 31,1,0.0,53935.51759343587,53935.517593435754
45,NL0 4 0 onwind,legacy,NL0 4,1,0.0,53935.51759343587,53935.517593435754
45,NL0 5 0 onwind,legacy,NL0 5,1,0.0,53935.51759343587,53935.517593435754
45,NL0 6 0 onwind,legacy,NL0 6,1,0.0,53935.51759343587,53935.517593435754
45,NL0 7 0 onwind,legacy,NL0 7,1,0.0,53935.51759343587,53935.517593435754
45,NL0 8 0 onwind,legacy,NL0 8,1,0.0,53935.51759343587,53935.517593435754
45,NL0 9 0 onwind,legacy,NL0 9,1,0.0,53935.51759343587,53935.517593435754
46,NL0 0 Invest,investable,NL0 0,1,0.0,53935.51759343587,59329.06935292875
46,NL0 1 Invest,investable,NL0 1,1,533.0101828220465,53935.51759343587,53935.51759357159
46,NL0 10 Invest,investable,NL0 10,1,0.0,53935.51759343587,59329.06935292875
46,NL0 11 Invest,investable,NL0 11,1,480.04268987980095,53935.51759343587,53935.51759357159
46,NL0 12 Invest,investable,NL0 12,1,1000.0,53935.51759343587,53935.51759343562
46,NL0 13 Invest,investable,NL0 13,1,471.17287174436456,53935.51759343587,53935.51759357159
46,NL0 14 Invest,investable,NL0 14,1,1000.0,53935.51759343587,53935.51759343575
46,NL0 15 Invest,investable,NL0 15,1,1000.0,53935.51759343587,53935.51759343575
46,NL0 16 Invest,investable,NL0 16,1,0.0,53935.51759343587,59329.06935292875
46,NL0 17 Invest,investable,NL0 17,1,0.0,53935.51759343587,59329.06935292875
46,NL0 18 Invest,investable,NL0 18,1,0.0,53935.51759343587,59329.06935292875
46,NL0 19 Invest,investable,NL0 19,1,1000.0,53935.51759343587,53935.51759343575
46,NL0 2 Invest,investable,NL0 2,1,1000.0,53935.51759343587,53935.51759343575
46,NL0 20 Invest,investable,NL0 20,1,0.0,53935.51759343587,59329.06935292875
46,NL0 21 Invest,investable,NL0 21,1,0.0,53935.51759343587,59329.06935292875
46,NL0 22 Invest,investable,NL0 22,1,530.8611701552124,53935.51759343587,53935.51759357159
46,NL0 23 Invest,investable,NL0 23,1,0.0,53935.51759343587,59329.06935292875
46,NL0 24 Invest,investable,NL0 24,1,0.0,53935.51759343587,59329.06935292875
46,NL0 25 Invest,investable,NL0 25,1,1000.0,53935.51759343587,53935.51759343575
46,NL0 26 Invest,investable,NL0 26,1,1000.0,53935.51759343587,53935.51759343575
46,NL0 27 Invest,investable,NL0 27,1,0.0,53935.51759343587,59329.06935292875
46,NL0 28 Invest,investable,NL0 28,1,1000.0,53935.51759343587,53935.51759343575
46,NL0 3 Invest,investable,NL0 3,1,0.0,53935.51759343587,59329.06935292875
46,NL0 30 Invest,investable,NL0 30,1,0.0,53935.51759343587,59329.06935292875
46,NL0 31 Invest,investable,NL0 31,1,1000.0,53935.51759343587,53935.51759343575
46,NL0 33 Invest,investable,NL0 33,1,0.0,53935.51759343587,59329.06935292875
46,NL0 4 Invest,investable,NL0 4,1,1000.0,53935.51759343587,53935.51759343575
46,NL0 5 Invest,investable,NL0 5,1,542.3878381289526,53935.51759343587,53935.51759357159
46,NL0 6 Invest,investable,NL0 6,1,526.6572130163015,53935.51759343587,53935.51759357159
46,NL0 7 Invest,investable,NL0 7,1,1000.0,53935.51759343587,53935.51759357159
46,NL0 8 Invest,investable,NL0 8,1,0.0,53935.51759343587,59329.06935292875
46,NL0 9 Invest,investable,NL0 9,1,550.3756371044399,53935.51759343587,53935.51759357159
46,NL0 1 biomass,legacy,NL0 1,1,71.0,53935.51759343587,53935.51759343587
46,NL0 1 waste,legacy,NL0 1,1,31.0,53935.51759343587,53935.51759343587
46,NL0 10 waste,legacy,NL0 10,1,150.0,53935.51759343587,53935.51759343587
46,NL0 11 biomass,legacy,NL0 11,1,20.0,53935.51759343587,53935.51759343587
46,NL0 11 waste,legacy,NL0 11,1,50.0,53935.51759343587,53935.51759343587
46,NL0 13 biomass,legacy,NL0 13,1,77.0,53935.51759343587,53935.51759343587
46,NL0 19 biomass,legacy,NL0 19,1,49.0,53935.51759343587,53935.51759343587
46,NL0 19 waste,legacy,NL0 19,1,36.0,53935.51759343587,53935.51759343587
46,NL0 22 biomass,legacy,NL0 22,1,500.0,53935.51759343587,53935.51759343587
46,NL0 25 waste,legacy,NL0 25,1,54.0,53935.51759343587,53935.51759343587
46,NL0 27 biomass,legacy,NL0 27,1,22.0,53935.51759343587,53935.51759343587
46,NL0 27 waste,legacy,NL0 27,1,71.2,53935.51759343587,53935.51759343587
46,NL0 3 biomass,legacy,NL0 3,1,22.0,53935.51759343587,53935.51759343587
46,NL0 3 waste,legacy,NL0 3,1,108.0,53935.51759343587,53935.51759343587
46,NL0 30 biomass,legacy,NL0 30,1,60.0,53935.51759343587,53935.51759343587
46,NL0 7 nuclear,legacy,NL0 7,1,515.0,53935.51759343587,53935.51759343587
46,NL0 7 waste,legacy,NL0 7,1,39.0,53935.51759343587,53935.51759343587
46,NL0 8 biomass,legacy,NL0 8,1,36.0,53935.51759343587,53935.51759343587
46,NL0 8 waste,legacy,NL0 8,1,157.0,53935.51759343587,53935.51759343587
46,NL0 9 biomass,legacy,NL0 9,1,20.0,53935.51759343587,53935.51759343587
46,NL0 0 0 solar,legacy,NL0 0,1,0.0,53935.51759343587,53935.517593435754
46,NL0 1 0 solar,legacy,NL0 1,1,0.0,53935.51759343587,53935.517593435754
46,NL0 10 0 solar,legacy,NL0 10,1,0.0,53935.51759343587,53935.517593435754
46,NL0 11 0 solar,legacy,NL0 11,1,0.0,53935.51759343587,53935.517593435754
46,NL0 12 0 solar,legacy,NL0 12,1,0.0,53935.51759343587,53935.517593435754
46,NL0 13 0 solar,legacy,NL0 13,1,0.0,53935.51759343587,53935.517593435754
46,NL0 14 0 solar,legacy,NL0 14,1,0.0,53935.51759343587,53935.517593435754
46,NL0 15 0 solar,legacy,NL0 15,1,0.0,53935.51759343587,53935.517593435754
46,NL0 16 0 solar,legacy,NL0 16,1,0.0,53935.51759343587,53935.517593435754
46,NL0 17 0 solar,legacy,NL0 17,1,0.0,53935.51759343587,53935.517593435754
46,NL0 18 0 solar,legacy,NL0 18,1,0.0,53935.51759343587,53935.517593435754
46,NL0 19 0 solar,legacy,NL0 19,1,0.0,53935.51759343587,53935.517593435754
46,NL0 2 0 solar,legacy,NL0 2,1,0.0,53935.51759343587,53935.517593435754
46,NL0 20 0 solar,legacy,NL0 20,1,0.0,53935.51759343587,53935.517593435754
46,NL0 21 0 solar,legacy,NL0 21,1,0.0,53935.51759343587,53935.517593435754
46,NL0 22 0 solar,legacy,NL0 22,1,0.0,53935.51759343587,53935.517593435754
46,NL0 23 0 solar,legacy,NL0 23,1,0.0,53935.51759343587,53935.517593435754
46,NL0 24 0 solar,legacy,NL0 24,1,0.0,53935.51759343587,53935.517593435754
46,NL0 25 0 solar,legacy,NL0 25,1,0.0,53935.51759343587,53935.517593435754
46,NL0 26 0 solar,legacy,NL0 26,1,0.0,53935.51759343587,53935.517593435754
46,NL0 27 0 solar,legacy,NL0 27,1,0.0,53935.51759343587,53935.517593435754
46,NL0 28 0 solar,legacy,NL0 28,1,0.0,53935.51759343587,53935.517593435754
46,NL0 3 0 solar,legacy,NL0 3,1,0.0,53935.51759343587,53935.517593435754
46,NL0 30 0 solar,legacy,NL0 30,1,0.0,53935.51759343587,53935.517593435754
46,NL0 31 0 solar,legacy,NL0 31,1,0.0,53935.51759343587,53935.517593435754
46,NL0 4 0 solar,legacy,NL0 4,1,0.0,53935.51759343587,53935.517593435754
46,NL0 5 0 solar,legacy,NL0 5,1,0.0,53935.51759343587,53935.517593435754
46,NL0 6 0 solar,legacy,NL0 6,1,0.0,53935.51759343587,53935.517593435754
46,NL0 7 0 solar,legacy,NL0 7,1,0.0,53935.51759343587,53935.517593435754
46,NL0 8 0 solar,legacy,NL0 8,1,0.0,53935.51759343587,53935.517593435754
46,NL0 9 0 solar,legacy,NL0 9,1,0.0,53935.51759343587,53935.517593435754
46,NL0 20 0 offwind-ac,legacy,NL0 20,1,0.0,53935.51759343587,53935.517593435754
46,NL0 27 0 offwind-ac,legacy,NL0 27,1,0.0,53935.51759343587,53935.517593435754
46,NL0 31 0 offwind-ac,legacy,NL0 31,1,0.0,53935.51759343587,53935.517593435754
46,NL0 32 0 offwind-ac,legacy,NL0 32,1,0.0,53935.51759343587,53935.517593435754
46,NL0 7 0 offwind-ac,legacy,NL0 7,1,0.0,53935.51759343587,53935.517593435754
46,NL0 0 0 onwind,legacy,NL0 0,1,0.0,53935.51759343587,53935.517593435754
46,NL0 1 0 onwind,legacy,NL0 1,1,0.0,53935.51759343587,53935.517593435754
46,NL0 10 0 onwind,legacy,NL0 10,1,0.0,53935.51759343587,53935.517593435754
46,NL0 11 0 onwind,legacy,NL0 11,1,0.0,53935.51759343587,53935.517593435754
46,NL0 12 0 onwind,legacy,NL0 12,1,0.0,53935.51759343587,53935.517593435754
46,NL0 13 0 onwind,legacy,NL0 13,1,0.0,53935.51759343587,53935.517593435754
46,NL0 14 0 onwind,legacy,NL0 14,1,0.0,53935.51759343587,53935.517593435754
46,NL0 15 0 onwind,legacy,NL0 15,1,0.0,53935.51759343587,53935.517593435754
46,NL0 17 0 onwind,legacy,NL0 17,1,0.0,53935.51759343587,53935.517593435754
46,NL0 19 0 onwind,legacy,NL0 19,1,0.0,53935.51759343587,53935.517593435754
46,NL0 2 0 onwind,legacy,NL0 2,1,0.0,53935.51759343587,53935.517593435754
46,NL0 20 0 onwind,legacy,NL0 20,1,0.0,53935.51759343587,53935.517593435754
46,NL0 21 0 onwind,legacy,NL0 21,1,0.0,53935.51759343587,53935.517593435754
46,NL0 22 0 onwind,legacy,NL0 22,1,0.0,53935.51759343587,53935.517593435754
46,NL0 23 0 onwind,legacy,NL0 23,1,0.0,53935.51759343587,53935.517593435754
46,NL0 24 0 onwind,legacy,NL0 24,1,0.0,53935.51759343587,53935.517593435754
46,NL0 27 0 onwind,legacy,NL0 27,1,0.0,53935.51759343587,53935.517593435754
46,NL0 3 0 onwind,legacy,NL0 3,1,0.0,53935.51759343587,53935.517593435754
46,NL0 30 0 onwind,legacy,NL0 30,1,0.0,53935.51759343587,53935.517593435754
46,NL0 31 0 onwind,legacy,NL0 31,1,0.0,53935.51759343587,53935.517593435754
46,NL0 4 0 onwind,legacy,NL0 4,1,0.0,53935.51759343587,53935.517593435754
46,NL0 5 0 onwind,legacy,NL0 5,1,0.0,53935.51759343587,53935.517593435754
46,NL0 6 0 onwind,legacy,NL0 6,1,0.0,53935.51759343587,53935.517593435754
46,NL0 7 0 onwind,legacy,NL0 7,1,0.0,53935.51759343587,53935.517593435754
46,NL0 8 0 onwind,legacy,NL0 8,1,0.0,53935.51759343587,53935.517593435754
46,NL0 9 0 onwind,legacy,NL0 9,1,0.0,53935.51759343587,53935.517593435754
47,NL0 0 Invest,investable,NL0 0,1,0.0,53935.51759343587,59329.06935292875
47,NL0 1 Invest,investable,NL0 1,1,1000.0,53935.51759343587,53935.51759357159
47,NL0 10 Invest,investable,NL0 10,1,0.0,53935.51759343587,59329.06935292875
47,NL0 11 Invest,investable,NL0 11,1,1000.0,53935.51759343587,53935.51759357159
47,NL0 12 Invest,investable,NL0 12,1,1000.0,53935.51759343587,53935.51759343562
47,NL0 13 Invest,investable,NL0 13,1,0.0,53935.51759343587,53935.51759357159
47,NL0 14 Invest,investable,NL0 14,1,1000.0,53935.51759343587,53935.51759343575
47,NL0 15 Invest,investable,NL0 15,1,1000.0,53935.51759343587,53935.51759343575
47,NL0 16 Invest,investable,NL0 16,1,0.0,53935.51759343587,59329.06935292875
47,NL0 17 Invest,investable,NL0 17,1,0.0,53935.51759343587,59329.06935292875
47,NL0 18 Invest,investable,NL0 18,1,0.0,53935.51759343587,59329.06935292875
47,NL0 19 Invest,investable,NL0 19,1,1000.0,53935.51759343587,53935.51759343575
47,NL0 2 Invest,investable,NL0 2,1,1000.0,53935.51759343587,53935.51759343575
47,NL0 20 Invest,investable,NL0 20,1,0.0,53935.51759343587,59329.06935292875
47,NL0 21 Invest,investable,NL0 21,1,0.0,53935.51759343587,59329.06935292875
47,NL0 22 Invest,investable,NL0 22,1,1000.0,53935.51759343587,53935.51759357159
47,NL0 23 Invest,investable,NL0 23,1,0.0,53935.51759343587,59329.06935292875
47,NL0 24 Invest,investable,NL0 24,1,0.0,53935.51759343587,59329.06935292875
47,NL0 25 Invest,investable,NL0 25,1,1000.0,53935.51759343587,53935.51759343575
47,NL0 26 Invest,investable,NL0 26,1,1000.0,53935.51759343587,53935.51759343575
47,NL0 27 Invest,investable,NL0 27,1,0.0,53935.51759343587,59329.06935292875
47,NL0 28 Invest,investable,NL0 28,1,1000.0,53935.51759343587,53935.51759343575
47,NL0 3 Invest,investable,NL0 3,1,0.0,53935.51759343587,59329.06935292875
47,NL0 30 Invest,investable,NL0 30,1,0.0,53935.51759343587,59329.06935292875
47,NL0 31 Invest,investable,NL0 31,1,1000.0,53935.51759343587,53935.51759343575
47,NL0 33 Invest,investable,NL0 33,1,0.0,53935.51759343587,59329.06935292875
47,NL0 4 Invest,investable,NL0 4,1,1000.0,53935.51759343587,53935.51759343575
47,NL0 5 Invest,investable,NL0 5,1,634.5076028511185,53935.51759343587,53935.51759357159
47,NL0 6 Invest,investable,NL0 6,1,0.0,53935.51759343587,53935.51759357159
47,NL0 7 Invest,investable,NL0 7,1,1000.0,53935.51759343587,53935.51759357159
47,NL0 8 Invest,investable,NL0 8,1,0.0,53935.51759343587,59329.06935292875
47,NL0 9 Invest,investable,NL0 9,1,0.0,53935.51759343587,53935.51759357159
47,NL0 1 biomass,legacy,NL0 1,1,71.0,53935.51759343587,53935.51759343587
47,NL0 1 waste,legacy,NL0 1,1,31.0,53935.51759343587,53935.51759343587
47,NL0 10 waste,legacy,NL0 10,1,150.0,53935.51759343587,53935.51759343587
47,NL0 11 biomass,legacy,NL0 11,1,20.0,53935.51759343587,53935.51759343587
47,NL0 11 waste,legacy,NL0 11,1,50.0,53935.51759343587,53935.51759343587
47,NL0 13 biomass,legacy,NL0 13,1,77.0,53935.51759343587,53935.51759343587
47,NL0 19 biomass,legacy,NL0 19,1,49.0,53935.51759343587,53935.51759343587
47,NL0 19 waste,legacy,NL0 19,1,36.0,53935.51759343587,53935.51759343587
47,NL0 22 biomass,legacy,NL0 22,1,500.0,53935.51759343587,53935.51759343587
47,NL0 25 waste,legacy,NL0 25,1,54.0,53935.51759343587,53935.51759343587
47,NL0 27 biomass,legacy,NL0 27,1,22.0,53935.51759343587,53935.51759343587
47,NL0 27 waste,legacy,NL0 27,1,71.2,53935.51759343587,53935.51759343587
47,NL0 3 biomass,legacy,NL0 3,1,22.0,53935.51759343587,53935.51759343587
47,NL0 3 waste,legacy,NL0 3,1,108.0,53935.51759343587,53935.51759343587
47,NL0 30 biomass,legacy,NL0 30,1,60.0,53935.51759343587,53935.51759343587
47,NL0 7 nuclear,legacy,NL0 7,1,515.0,53935.51759343587,53935.51759343587
47,NL0 7 waste,legacy,NL0 7,1,39.0,53935.51759343587,53935.51759343587
47,NL0 8 biomass,legacy,NL0 8,1,36.0,53935.51759343587,53935.51759343587
47,NL0 8 waste,legacy,NL0 8,1,157.0,53935.51759343587,53935.51759343587
47,NL0 9 biomass,legacy,NL0 9,1,20.0,53935.51759343587,53935.51759343587
47,NL0 0 0 solar,legacy,NL0 0,1,0.0,53935.51759343587,53935.517593435754
47,NL0 1 0 solar,legacy,NL0 1,1,0.0,53935.51759343587,53935.517593435754
47,NL0 10 0 solar,legacy,NL0 10,1,0.0,53935.51759343587,53935.517593435754
47,NL0 11 0 solar,legacy,NL0 11,1,0.0,53935.51759343587,53935.517593435754
47,NL0 12 0 solar,legacy,NL0 12,1,0.0,53935.51759343587,53935.517593435754
47,NL0 13 0 solar,legacy,NL0 13,1,0.0,53935.51759343587,53935.517593435754
47,NL0 14 0 solar,legacy,NL0 14,1,0.0,53935.51759343587,53935.517593435754
47,NL0 15 0 solar,legacy,NL0 15,1,0.0,53935.51759343587,53935.517593435754
47,NL0 16 0 solar,legacy,NL0 16,1,0.0,53935.51759343587,53935.517593435754
47,NL0 17 0 solar,legacy,NL0 17,1,0.0,53935.51759343587,53935.517593435754
47,NL0 18 0 solar,legacy,NL0 18,1,0.0,53935.51759343587,53935.517593435754
47,NL0 19 0 solar,legacy,NL0 19,1,0.0,53935.51759343587,53935.517593435754
47,NL0 2 0 solar,legacy,NL0 2,1,0.0,53935.51759343587,53935.517593435754
47,NL0 20 0 solar,legacy,NL0 20,1,0.0,53935.51759343587,53935.517593435754
47,NL0 21 0 solar,legacy,NL0 21,1,0.0,53935.51759343587,53935.517593435754
47,NL0 22 0 solar,legacy,NL0 22,1,0.0,53935.51759343587,53935.517593435754
47,NL0 23 0 solar,legacy,NL0 23,1,0.0,53935.51759343587,53935.517593435754
47,NL0 24 0 solar,legacy,NL0 24,1,0.0,53935.51759343587,53935.517593435754
47,NL0 25 0 solar,legacy,NL0 25,1,0.0,53935.51759343587,53935.517593435754
47,NL0 26 0 solar,legacy,NL0 26,1,0.0,53935.51759343587,53935.517593435754
47,NL0 27 0 solar,legacy,NL0 27,1,0.0,53935.51759343587,53935.517593435754
47,NL0 28 0 solar,legacy,NL0 28,1,0.0,53935.51759343587,53935.517593435754
47,NL0 3 0 solar,legacy,NL0 3,1,0.0,53935.51759343587,53935.517593435754
47,NL0 30 0 solar,legacy,NL0 30,1,0.0,53935.51759343587,53935.517593435754
47,NL0 31 0 solar,legacy,NL0 31,1,0.0,53935.51759343587,53935.517593435754
47,NL0 4 0 solar,legacy,NL0 4,1,0.0,53935.51759343587,53935.517593435754
47,NL0 5 0 solar,legacy,NL0 5,1,0.0,53935.51759343587,53935.517593435754
47,NL0 6 0 solar,legacy,NL0 6,1,0.0,53935.51759343587,53935.517593435754
47,NL0 7 0 solar,legacy,NL0 7,1,0.0,53935.51759343587,53935.517593435754
47,NL0 8 0 solar,legacy,NL0 8,1,0.0,53935.51759343587,53935.517593435754
47,NL0 9 0 solar,legacy,NL0 9,1,0.0,53935.51759343587,53935.517593435754
47,NL0 20 0 offwind-ac,legacy,NL0 20,1,0.0,53935.51759343587,53935.517593435754
47,NL0 27 0 offwind-ac,legacy,NL0 27,1,0.0,53935.51759343587,53935.517593435754
47,NL0 31 0 offwind-ac,legacy,NL0 31,1,0.0,53935.51759343587,53935.517593435754
47,NL0 32 0 offwind-ac,legacy,NL0 32,1,0.0,53935.51759343587,53935.517593435754
47,NL0 7 0 offwind-ac,legacy,NL0 7,1,0.0,53935.51759343587,53935.517593435754
47,NL0 0 0 onwind,legacy,NL0 0,1,0.0,53935.51759343587,53935.517593435754
47,NL0 1 0 onwind,legacy,NL0 1,1,0.0,53935.51759343587,53935.517593435754
47,NL0 10 0 onwind,legacy,NL0 10,1,0.0,53935.51759343587,53935.517593435754
47,NL0 11 0 onwind,legacy,NL0 11,1,0.0,53935.51759343587,53935.517593435754
47,NL0 12 0 onwind,legacy,NL0 12,1,0.0,53935.51759343587,53935.517593435754
47,NL0 13 0 onwind,legacy,NL0 13,1,0.0,53935.51759343587,53935.517593435754
47,NL0 14 0 onwind,legacy,NL0 14,1,0.0,53935.51759343587,53935.517593435754
47,NL0 15 0 onwind,legacy,NL0 15,1,0.0,53935.51759343587,53935.517593435754
47,NL0 17 0 onwind,legacy,NL0 17,1,0.0,53935.51759343587,53935.517593435754
47,NL0 19 0 onwind,legacy,NL0 19,1,0.0,53935.51759343587,53935.517593435754
47,NL0 2 0 onwind,legacy,NL0 2,1,0.0,53935.51759343587,53935.517593435754
47,NL0 20 0 onwind,legacy,NL0 20,1,0.0,53935.51759343587,53935.517593435754
47,NL0 21 0 onwind,legacy,NL0 21,1,0.0,53935.51759343587,53935.517593435754
47,NL0 22 0 onwind,legacy,NL0 22,1,0.0,53935.51759343587,53935.517593435754
47,NL0 23 0 onwind,legacy,NL0 23,1,0.0,53935.51759343587,53935.517593435754
47,NL0 24 0 onwind,legacy,NL0 24,1,0.0,53935.51759343587,53935.517593435754
47,NL0 27 0 onwind,legacy,NL0 27,1,0.0,53935.51759343587,53935.517593435754
47,NL0 3 0 onwind,legacy,NL0 3,1,0.0,53935.51759343587,53935.517593435754
47,NL0 30 0 onwind,legacy,NL0 30,1,0.0,53935.51759343587,53935.517593435754
47,NL0 31 0 onwind,legacy,NL0 31,1,0.0,53935.51759343587,53935.517593435754
47,NL0 4 0 onwind,legacy,NL0 4,1,0.0,53935.51759343587,53935.517593435754
47,NL0 5 0 onwind,legacy,NL0 5,1,0.0,53935.51759343587,53935.517593435754
47,NL0 6 0 onwind,legacy,NL0 6,1,0.0,53935.51759343587,53935.517593435754
47,NL0 7 0 onwind,legacy,NL0 7,1,0.0,53935.51759343587,53935.517593435754
47,NL0 8 0 onwind,legacy,NL0 8,1,0.0,53935.51759343587,53935.517593435754
47,NL0 9 0 onwind,legacy,NL0 9,1,0.0,53935.51759343587,53935.517593435754
48,NL0 0 Invest,investable,NL0 0,1,0.0,53935.51759343587,59329.06935292875
48,NL0 1 Invest,investable,NL0 1,1,0.0,53935.51759343587,53935.51759357159
48,NL0 10 Invest,investable,NL0 10,1,0.0,53935.51759343587,59329.06935292875
48,NL0 11 Invest,investable,NL0 11,1,0.0,53935.51759343587,53935.51759357159
48,NL0 12 Invest,investable,NL0 12,1,1000.0,53935.51759343587,53935.51759343562
48,NL0 13 Invest,investable,NL0 13,1,1000.0,53935.51759343587,53935.51759357159
48,NL0 14 Invest,investable,NL0 14,1,1000.0,53935.51759343587,53935.51759343575
48,NL0 15 Invest,investable,NL0 15,1,1000.0,53935.51759343587,53935.51759343575
48,NL0 16 Invest,investable,NL0 16,1,0.0,53935.51759343587,59329.06935292875
48,NL0 17 Invest,investable,NL0 17,1,0.0,53935.51759343587,59329.06935292875
48,NL0 18 Invest,investable,NL0 18,1,0.0,53935.51759343587,59329.06935292875
48,NL0 19 Invest,investable,NL0 19,1,1000.0,53935.51759343587,53935.51759343575
48,NL0 2 Invest,investable,NL0 2,1,1000.0,53935.51759343587,53935.51759343575
48,NL0 20 Invest,investable,NL0 20,1,0.0,53935.51759343587,59329.06935292875
48,NL0 21 Invest,investable,NL0 21,1,0.0,53935.51759343587,59329.06935292875
48,NL0 22 Invest,investable,NL0 22,1,634.5076028511185,53935.51759343587,53935.51759357159
48,NL0 23 Invest,investable,NL0 23,1,0.0,53935.51759343587,59329.06935292875
48,NL0 24 Invest,investable,NL0 24,1,0.0,53935.51759343587,59329.06935292875
48,NL0 25 Invest,investable,NL0 25,1,1000.0,53935.51759343587,53935.51759343575
48,NL0 26 Invest,investable,NL0 26,1,1000.0,53935.51759343587,53935.51759343575
48,NL0 27 Invest,investable,NL0 27,1,0.0,53935.51759343587,59329.06935292875
48,NL0 28 Invest,investable,NL0 28,1,1000.0,53935.51759343587,53935.51759343575
48,NL0 3 Invest,investable,NL0 3,1,0.0,53935.51759343587,59329.06935292875
48,NL0 30 Invest,investable,NL0 30,1,0.0,53935.51759343587,59329.06935292875
48,NL0 31 Invest,investable,NL0 31,1,1000.0,53935.51759343587,53935.51759343575
48,NL0 33 Invest,investable,NL0 33,1,0.0,53935.51759343587,59329.06935292875
48,NL0 4 Invest,investable,NL0 4,1,1000.0,53935.51759343587,53935.51759343575
48,NL0 5 Invest,investable,NL0 5,1,1000.0,53935.51759343587,53935.51759357159
48,NL0 6 Invest,investable,NL0 6,1,1000.0,53935.51759343587,53935.51759357159
48,NL0 7 Invest,investable,NL0 7,1,0.0,53935.51759343587,53935.51759357159
48,NL0 8 Invest,investable,NL0 8,1,0.0,53935.51759343587,59329.06935292875
48,NL0 9 Invest,investable,NL0 9,1,1000.0,53935.51759343587,53935.51759357159
48,NL0 1 biomass,legacy,NL0 1,1,71.0,53935.51759343587,53935.51759343587
48,NL0 1 waste,legacy,NL0 1,1,31.0,53935.51759343587,53935.51759343587
48,NL0 10 waste,legacy,NL0 10,1,150.0,53935.51759343587,53935.51759343587
48,NL0 11 biomass,legacy,NL0 11,1,20.0,53935.51759343587,53935.51759343587
48,NL0 11 waste,legacy,NL0 11,1,50.0,53935.51759343587,53935.51759343587
48,NL0 13 biomass,legacy,NL0 13,1,77.0,53935.51759343587,53935.51759343587
48,NL0 19 biomass,legacy,NL0 19,1,49.0,53935.51759343587,53935.51759343587
48,NL0 19 waste,legacy,NL0 19,1,36.0,53935.51759343587,53935.51759343587
48,NL0 22 biomass,legacy,NL0 22,1,500.0,53935.51759343587,53935.51759343587
48,NL0 25 waste,legacy,NL0 25,1,54.0,53935.51759343587,53935.51759343587
48,NL0 27 biomass,legacy,NL0 27,1,22.0,53935.51759343587,53935.51759343587
48,NL0 27 waste,legacy,NL0 27,1,71.2,53935.51759343587,53935.51759343587
48,NL0 3 biomass,legacy,NL0 3,1,22.0,53935.51759343587,53935.51759343587
48,NL0 3 waste,legacy,NL0 3,1,108.0,53935.51759343587,53935.51759343587
48,NL0 30 biomass,legacy,NL0 30,1,60.0,53935.51759343587,53935.51759343587
48,NL0 7 nuclear,legacy,NL0 7,1,515.0,53935.51759343587,53935.51759343587
48,NL0 7 waste,legacy,NL0 7,1,39.0,53935.51759343587,53935.51759343587
48,NL0 8 biomass,legacy,NL0 8,1,36.0,53935.51759343587,53935.51759343587
48,NL0 8 waste,legacy,NL0 8,1,157.0,53935.51759343587,53935.51759343587
48,NL0 9 biomass,legacy,NL0 9,1,20.0,53935.51759343587,53935.51759343587
48,NL0 0 0 solar,legacy,NL0 0,1,0.0,53935.51759343587,53935.517593435754
48,NL0 1 0 solar,legacy,NL0 1,1,0.0,53935.51759343587,53935.517593435754
48,NL0 10 0 solar,legacy,NL0 10,1,0.0,53935.51759343587,53935.517593435754
48,NL0 11 0 solar,legacy,NL0 11,1,0.0,53935.51759343587,53935.517593435754
48,NL0 12 0 solar,legacy,NL0 12,1,0.0,53935.51759343587,53935.517593435754
48,NL0 13 0 solar,legacy,NL0 13,1,0.0,53935.51759343587,53935.517593435754
48,NL0 14 0 solar,legacy,NL0 14,1,0.0,53935.51759343587,53935.517593435754
48,NL0 15 0 solar,legacy,NL0 15,1,0.0,53935.51759343587,53935.517593435754
48,NL0 16 0 solar,legacy,NL0 16,1,0.0,53935.51759343587,53935.517593435754
48,NL0 17 0 solar,legacy,NL0 17,1,0.0,53935.51759343587,53935.517593435754
48,NL0 18 0 solar,legacy,NL0 18,1,0.0,53935.51759343587,53935.517593435754
48,NL0 19 0 solar,legacy,NL0 19,1,0.0,53935.51759343587,53935.517593435754
48,NL0 2 0 solar,legacy,NL0 2,1,0.0,53935.51759343587,53935.517593435754
48,NL0 20 0 solar,legacy,NL0 20,1,0.0,53935.51759343587,53935.517593435754
48,NL0 21 0 solar,legacy,NL0 21,1,0.0,53935.51759343587,53935.517593435754
48,NL0 22 0 solar,legacy,NL0 22,1,0.0,53935.51759343587,53935.517593435754
48,NL0 23 0 solar,legacy,NL0 23,1,0.0,53935.51759343587,53935.517593435754
48,NL0 24 0 solar,legacy,NL0 24,1,0.0,53935.51759343587,53935.517593435754
48,NL0 25 0 solar,legacy,NL0 25,1,0.0,53935.51759343587,53935.517593435754
48,NL0 26 0 solar,legacy,NL0 26,1,0.0,53935.51759343587,53935.517593435754
48,NL0 27 0 solar,legacy,NL0 27,1,0.0,53935.51759343587,53935.517593435754
48,NL0 28 0 solar,legacy,NL0 28,1,0.0,53935.51759343587,53935.517593435754
48,NL0 3 0 solar,legacy,NL0 3,1,0.0,53935.51759343587,53935.517593435754
48,NL0 30 0 solar,legacy,NL0 30,1,0.0,53935.51759343587,53935.517593435754
48,NL0 31 0 solar,legacy,NL0 31,1,0.0,53935.51759343587,53935.517593435754
48,NL0 4 0 solar,legacy,NL0 4,1,0.0,53935.51759343587,53935.517593435754
48,NL0 5 0 solar,legacy,NL0 5,1,0.0,53935.51759343587,53935.517593435754
48,NL0 6 0 solar,legacy,NL0 6,1,0.0,53935.51759343587,53935.517593435754
48,NL0 7 0 solar,legacy,NL0 7,1,0.0,53935.51759343587,53935.517593435754
48,NL0 8 0 solar,legacy,NL0 8,1,0.0,53935.51759343587,53935.517593435754
48,NL0 9 0 solar,legacy,NL0 9,1,0.0,53935.51759343587,53935.517593435754
48,NL0 20 0 offwind-ac,legacy,NL0 20,1,0.0,53935.51759343587,53935.517593435754
48,NL0 27 0 offwind-ac,legacy,NL0 27,1,0.0,53935.51759343587,53935.517593435754
48,NL0 31 0 offwind-ac,legacy,NL0 31,1,0.0,53935.51759343587,53935.517593435754
48,NL0 32 0 offwind-ac,legacy,NL0 32,1,0.0,53935.51759343587,53935.517593435754
48,NL0 7 0 offwind-ac,legacy,NL0 7,1,0.0,53935.51759343587,53935.517593435754
48,NL0 0 0 onwind,legacy,NL0 0,1,0.0,53935.51759343587,53935.517593435754
48,NL0 1 0 onwind,legacy,NL0 1,1,0.0,53935.51759343587,53935.517593435754
48,NL0 10 0 onwind,legacy,NL0 10,1,0.0,53935.51759343587,53935.517593435754
48,NL0 11 0 onwind,legacy,NL0 11,1,0.0,53935.51759343587,53935.517593435754
48,NL0 12 0 onwind,legacy,NL0 12,1,0.0,53935.51759343587,53935.517593435754
48,NL0 13 0 onwind,legacy,NL0 13,1,0.0,53935.51759343587,53935.517593435754
48,NL0 14 0 onwind,legacy,NL0 14,1,0.0,53935.51759343587,53935.517593435754
48,NL0 15 0 onwind,legacy,NL0 15,1,0.0,53935.51759343587,53935.517593435754
48,NL0 17 0 onwind,legacy,NL0 17,1,0.0,53935.51759343587,53935.517593435754
48,NL0 19 0 onwind,legacy,NL0 19,1,0.0,53935.51759343587,53935.517593435754
48,NL0 2 0 onwind,legacy,NL0 2,1,0.0,53935.51759343587,53935.517593435754
48,NL0 20 0 onwind,legacy,NL0 20,1,0.0,53935.51759343587,53935.517593435754
48,NL0 21 0 onwind,legacy,NL0 21,1,0.0,53935.51759343587,53935.517593435754
48,NL0 22 0 onwind,legacy,NL0 22,1,0.0,53935.51759343587,53935.517593435754
48,NL0 23 0 onwind,legacy,NL0 23,1,0.0,53935.51759343587,53935.517593435754
48,NL0 24 0 onwind,legacy,NL0 24,1,0.0,53935.51759343587,53935.517593435754
48,NL0 27 0 onwind,legacy,NL0 27,1,0.0,53935.51759343587,53935.517593435754
48,NL0 3 0 onwind,legacy,NL0 3,1,0.0,53935.51759343587,53935.517593435754
48,NL0 30 0 onwind,legacy,NL0 30,1,0.0,53935.51759343587,53935.517593435754
48,NL0 31 0 onwind,legacy,NL0 31,1,0.0,53935.51759343587,53935.517593435754
48,NL0 4 0 onwind,legacy,NL0 4,1,0.0,53935.51759343587,53935.517593435754
48,NL0 5 0 onwind,legacy,NL0 5,1,0.0,53935.51759343587,53935.517593435754
48,NL0 6 0 onwind,legacy,NL0 6,1,0.0,53935.51759343587,53935.517593435754
48,NL0 7 0 onwind,legacy,NL0 7,1,0.0,53935.51759343587,53935.517593435754
48,NL0 8 0 onwind,legacy,NL0 8,1,0.0,53935.51759343587,53935.517593435754
48,NL0 9 0 onwind,legacy,NL0 9,1,0.0,53935.51759343587,53935.517593435754
49,NL0 0 Invest,investable,NL0 0,1,0.0,53935.51759357209,53935.51759357206
49,NL0 1 Invest,investable,NL0 1,1,1000.0,53935.51759357209,53935.51759357206
49,NL0 10 Invest,investable,NL0 10,1,0.0,53935.51759357209,53935.51759357206
49,NL0 11 Invest,investable,NL0 11,1,1000.0,53935.51759357209,53935.51759357206
49,NL0 12 Invest,investable,NL0 12,1,1000.0,53935.51759357209,53935.51759357205
49,NL0 13 Invest,investable,NL0 13,1,999.9999985371087,53935.51759357209,53935.51759357206
49,NL0 14 Invest,investable,NL0 14,1,1000.0,53935.51759357209,53935.51759357206
49,NL0 15 Invest,investable,NL0 15,1,1000.0,53935.51759357209,53935.51759357205
49,NL0 16 Invest,investable,NL0 16,1,0.0,53935.51759357209,53935.51759357206
49,NL0 17 Invest,investable,NL0 17,1,0.0,53935.51759357209,53935.51759357206
49,NL0 18 Invest,investable,NL0 18,1,3.057297135455883e-6,53935.51759357209,53935.51759357206
49,NL0 19 Invest,investable,NL0 19,1,1000.0,53935.51759357209,53935.51759357206
49,NL0 2 Invest,investable,NL0 2,1,1000.0,53935.51759357209,53935.51759357206
49,NL0 20 Invest,investable,NL0 20,1,0.0,53935.51759357209,53935.51759357206
49,NL0 21 Invest,investable,NL0 21,1,0.0,53935.51759357209,53935.51759357206
49,NL0 22 Invest,investable,NL0 22,1,0.0,53935.51759357209,53935.51759357206
49,NL0 23 Invest,investable,NL0 23,1,0.0,53935.51759357209,53935.51759357206
49,NL0 24 Invest,investable,NL0 24,1,0.0,53935.51759357209,53935.51759357206
49,NL0 25 Invest,investable,NL0 25,1,1000.0,53935.51759357209,53935.51759357206
49,NL0 26 Invest,investable,NL0 26,1,1000.0,53935.51759357209,53935.51759357205
49,NL0 27 Invest,investable,NL0 27,1,0.0,53935.51759357209,53935.51759357206
49,NL0 28 Invest,investable,NL0 28,1,1000.0,53935.51759357209,53935.51759357206
49,NL0 3 Invest,investable,NL0 3,1,0.0,53935.51759357209,59329.06935292928
49,NL0 30 Invest,investable,NL0 30,1,0.0,53935.51759357209,53935.51759357206
49,NL0 31 Invest,investable,NL0 31,1,1000.0,53935.51759357209,53935.51759357205
49,NL0 33 Invest,investable,NL0 33,1,0.0,53935.51759357209,53935.51759357206
49,NL0 4 Invest,investable,NL0 4,1,1000.0,53935.51759357209,53935.51759357206
49,NL0 5 Invest,investable,NL0 5,1,0.0,53935.51759357209,53935.51759357206
49,NL0 6 Invest,investable,NL0 6,1,634.5076027784135,53935.51759357209,53935.51759357206
49,NL0 7 Invest,investable,NL0 7,1,0.0,53935.51759357209,53935.51759357206
49,NL0 8 Invest,investable,NL0 8,1,0.0,53935.51759357209,59329.06935292928
49,NL0 9 Invest,investable,NL0 9,1,999.9999984637889,53935.51759357209,53935.51759357206
49,NL0 1 biomass,legacy,NL0 1,1,71.0,53935.51759357209,53935.51759357209
49,NL0 1 waste,legacy,NL0 1,1,31.0,53935.51759357209,53935.51759357209
49,NL0 10 waste,legacy,NL0 10,1,150.0,53935.51759357209,53935.51759357209
49,NL0 11 biomass,legacy,NL0 11,1,20.0,53935.51759357209,53935.51759357209
49,NL0 11 waste,legacy,NL0 11,1,50.0,53935.51759357209,53935.51759357209
49,NL0 13 biomass,legacy,NL0 13,1,77.0,53935.51759357209,53935.51759357209
49,NL0 19 biomass,legacy,NL0 19,1,49.0,53935.51759357209,53935.51759357209
49,NL0 19 waste,legacy,NL0 19,1,36.0,53935.51759357209,53935.51759357209
49,NL0 22 biomass,legacy,NL0 22,1,500.0,53935.51759357209,53935.51759357209
49,NL0 25 waste,legacy,NL0 25,1,54.0,53935.51759357209,53935.51759357209
49,NL0 27 biomass,legacy,NL0 27,1,22.0,53935.51759357209,53935.51759357209
49,NL0 27 waste,legacy,NL0 27,1,71.2,53935.51759357209,53935.51759357209
49,NL0 3 biomass,legacy,NL0 3,1,22.0,53935.51759357209,53935.51759357209
49,NL0 3 waste,legacy,NL0 3,1,108.0,53935.51759357209,53935.51759357209
49,NL0 30 biomass,legacy,NL0 30,1,60.0,53935.51759357209,53935.51759357209
49,NL0 7 nuclear,legacy,NL0 7,1,515.0,53935.51759357209,53935.51759357209
49,NL0 7 waste,legacy,NL0 7,1,39.0,53935.51759357209,53935.51759357209
49,NL0 8 biomass,legacy,NL0 8,1,36.0,53935.51759357209,53935.51759357209
49,NL0 8 waste,legacy,NL0 8,1,157.0,53935.51759357209,53935.51759357209
49,NL0 9 biomass,legacy,NL0 9,1,20.0,53935.51759357209,53935.51759357209
49,NL0 0 0 solar,legacy,NL0 0,1,0.0,53935.51759357209,53935.51759357202
49,NL0 1 0 solar,legacy,NL0 1,1,0.0,53935.51759357209,53935.51759357202
49,NL0 10 0 solar,legacy,NL0 10,1,0.0,53935.51759357209,53935.51759357202
49,NL0 11 0 solar,legacy,NL0 11,1,0.0,53935.51759357209,53935.51759357202
49,NL0 12 0 solar,legacy,NL0 12,1,0.0,53935.51759357209,53935.51759357202
49,NL0 13 0 solar,legacy,NL0 13,1,0.0,53935.51759357209,53935.51759357202
49,NL0 14 0 solar,legacy,NL0 14,1,0.0,53935.51759357209,53935.51759357202
49,NL0 15 0 solar,legacy,NL0 15,1,0.0,53935.51759357209,53935.51759357202
49,NL0 16 0 solar,legacy,NL0 16,1,0.0,53935.51759357209,53935.51759357202
49,NL0 17 0 solar,legacy,NL0 17,1,0.0,53935.51759357209,53935.51759357202
49,NL0 18 0 solar,legacy,NL0 18,1,0.0,53935.51759357209,53935.51759357202
49,NL0 19 0 solar,legacy,NL0 19,1,0.0,53935.51759357209,53935.51759357202
49,NL0 2 0 solar,legacy,NL0 2,1,0.0,53935.51759357209,53935.51759357202
49,NL0 20 0 solar,legacy,NL0 20,1,0.0,53935.51759357209,53935.51759357202
49,NL0 21 0 solar,legacy,NL0 21,1,0.0,53935.51759357209,53935.51759357202
49,NL0 22 0 solar,legacy,NL0 22,1,0.0,53935.51759357209,53935.51759357202
49,NL0 23 0 solar,legacy,NL0 23,1,0.0,53935.51759357209,53935.51759357202
49,NL0 24 0 solar,legacy,NL0 24,1,0.0,53935.51759357209,53935.51759357202
49,NL0 25 0 solar,legacy,NL0 25,1,0.0,53935.51759357209,53935.51759357202
49,NL0 26 0 solar,legacy,NL0 26,1,0.0,53935.51759357209,53935.51759357202
49,NL0 27 0 solar,legacy,NL0 27,1,0.0,53935.51759357209,53935.51759357202
49,NL0 28 0 solar,legacy,NL0 28,1,0.0,53935.51759357209,53935.51759357202
49,NL0 3 0 solar,legacy,NL0 3,1,0.0,53935.51759357209,53935.51759357202
49,NL0 30 0 solar,legacy,NL0 30,1,0.0,53935.51759357209,53935.51759357202
49,NL0 31 0 solar,legacy,NL0 31,1,0.0,53935.51759357209,53935.51759357202
49,NL0 4 0 solar,legacy,NL0 4,1,0.0,53935.51759357209,53935.51759357202
49,NL0 5 0 solar,legacy,NL0 5,1,0.0,53935.51759357209,53935.51759357202
49,NL0 6 0 solar,legacy,NL0 6,1,0.0,53935.51759357209,53935.51759357202
49,NL0 7 0 solar,legacy,NL0 7,1,0.0,53935.51759357209,53935.51759357202
49,NL0 8 0 solar,legacy,NL0 8,1,0.0,53935.51759357209,53935.51759357202
49,NL0 9 0 solar,legacy,NL0 9,1,0.0,53935.51759357209,53935.51759357202
49,NL0 20 0 offwind-ac,legacy,NL0 20,1,0.0,53935.51759357209,53935.51759357202
49,NL0 27 0 offwind-ac,legacy,NL0 27,1,0.0,53935.51759357209,53935.51759357202
49,NL0 31 0 offwind-ac,legacy,NL0 31,1,0.0,53935.51759357209,53935.51759357202
49,NL0 32 0 offwind-ac,legacy,NL0 32,1,0.0,53935.51759357209,53935.51759357202
49,NL0 7 0 offwind-ac,legacy,NL0 7,1,0.0,53935.51759357209,53935.51759357202
49,NL0 0 0 onwind,legacy,NL0 0,1,0.0,53935.51759357209,53935.51759357202
49,NL0 1 0 onwind,legacy,NL0 1,1,0.0,53935.51759357209,53935.51759357202
49,NL0 10 0 onwind,legacy,NL0 10,1,0.0,53935.51759357209,53935.51759357202
49,NL0 11 0 onwind,legacy,NL0 11,1,0.0,53935.51759357209,53935.51759357202
49,NL0 12 0 onwind,legacy,NL0 12,1,0.0,53935.51759357209,53935.51759357202
49,NL0 13 0 onwind,legacy,NL0 13,1,0.0,53935.51759357209,53935.51759357202
49,NL0 14 0 onwind,legacy,NL0 14,1,0.0,53935.51759357209,53935.51759357202
49,NL0 15 0 onwind,legacy,NL0 15,1,0.0,53935.51759357209,53935.51759357202
49,NL0 17 0 onwind,legacy,NL0 17,1,0.0,53935.51759357209,53935.51759357202
49,NL0 19 0 onwind,legacy,NL0 19,1,0.0,53935.51759357209,53935.51759357202
49,NL0 2 0 onwind,legacy,NL0 2,1,0.0,53935.51759357209,53935.51759357202
49,NL0 20 0 onwind,legacy,NL0 20,1,0.0,53935.51759357209,53935.51759357202
49,NL0 21 0 onwind,legacy,NL0 21,1,0.0,53935.51759357209,53935.51759357202
49,NL0 22 0 onwind,legacy,NL0 22,1,0.0,53935.51759357209,53935.51759357202
49,NL0 23 0 onwind,legacy,NL0 23,1,0.0,53935.51759357209,53935.51759357202
49,NL0 24 0 onwind,legacy,NL0 24,1,0.0,53935.51759357209,53935.51759357202
49,NL0 27 0 onwind,legacy,NL0 27,1,0.0,53935.51759357209,53935.51759357202
49,NL0 3 0 onwind,legacy,NL0 3,1,0.0,53935.51759357209,53935.51759357202
49,NL0 30 0 onwind,legacy,NL0 30,1,0.0,53935.51759357209,53935.51759357202
49,NL0 31 0 onwind,legacy,NL0 31,1,0.0,53935.51759357209,53935.51759357202
49,NL0 4 0 onwind,legacy,NL0 4,1,0.0,53935.51759357209,53935.51759357202
49,NL0 5 0 onwind,legacy,NL0 5,1,0.0,53935.51759357209,53935.51759357202
49,NL0 6 0 onwind,legacy,NL0 6,1,0.0,53935.51759357209,53935.51759357202
49,NL0 7 0 onwind,legacy,NL0 7,1,0.0,53935.51759357209,53935.51759357202
49,NL0 8 0 onwind,legacy,NL0 8,1,0.0,53935.51759357209,53935.51759357202
49,NL0 9 0 onwind,legacy,NL0 9,1,0.0,53935.51759357209,53935.51759357202
50,NL0 0 Invest,investable,NL0 0,1,0.0,53935.51759358695,59329.069352928396
50,NL0 1 Invest,investable,NL0 1,1,0.0,53935.51759358695,53935.51759358695
50,NL0 10 Invest,investable,NL0 10,1,0.0,53935.51759358695,59329.069352936494
50,NL0 11 Invest,investable,NL0 11,1,0.0,53935.51759358695,53935.517593586905
50,NL0 12 Invest,investable,NL0 12,1,1000.0,53935.51759358695,53935.51759358695
50,NL0 13 Invest,investable,NL0 13,1,0.0,53935.51759358695,53935.51759358695
50,NL0 14 Invest,investable,NL0 14,1,1000.0,53935.51759358695,53935.51759358695
50,NL0 15 Invest,investable,NL0 15,1,1000.0,53935.51759358695,53935.51759358695
50,NL0 16 Invest,investable,NL0 16,1,0.0,53935.51759358695,59329.06935292875
50,NL0 17 Invest,investable,NL0 17,1,0.0,53935.51759358695,59329.069352938706
50,NL0 18 Invest,investable,NL0 18,1,0.0,53935.51759358695,53935.517593539866
50,NL0 19 Invest,investable,NL0 19,1,1000.0,53935.51759358695,53935.51759358695
50,NL0 2 Invest,investable,NL0 2,1,1000.0,53935.51759358695,53935.51759358695
50,NL0 20 Invest,investable,NL0 20,1,0.0,53935.51759358695,53935.51759358695
50,NL0 21 Invest,investable,NL0 21,1,0.0,53935.51759358695,59329.06935292928
50,NL0 22 Invest,investable,NL0 22,1,1000.0,53935.51759358695,53935.51759358695
50,NL0 23 Invest,investable,NL0 23,1,0.0,53935.51759358695,59329.06935292692
50,NL0 24 Invest,investable,NL0 24,1,0.0,53935.51759358695,59329.06935292875
50,NL0 25 Invest,investable,NL0 25,1,1000.0,53935.51759358695,53935.51759358695
50,NL0 26 Invest,investable,NL0 26,1,1000.0,53935.51759358695,53935.51759358695
50,NL0 27 Invest,investable,NL0 27,1,0.0,53935.51759358695,53935.517593539866
50,NL0 28 Invest,investable,NL0 28,1,1000.0,53935.51759358695,53935.51759358695
50,NL0 3 Invest,investable,NL0 3,1,0.0,53935.51759358695,59329.06935292875
50,NL0 30 Invest,investable,NL0 30,1,0.0,53935.51759358695,59329.06935292928
50,NL0 31 Invest,investable,NL0 31,1,1000.0,53935.51759358695,53935.51759358695
50,NL0 33 Invest,investable,NL0 33,1,0.0,53935.51759358695,59329.06935292758
50,NL0 4 Invest,investable,NL0 4,1,1000.0,53935.51759358695,53935.51759358695
50,NL0 5 Invest,investable,NL0 5,1,1000.0,53935.51759358695,53935.51759358695
50,NL0 6 Invest,investable,NL0 6,1,1000.0,53935.51759358695,53935.51759358695
50,NL0 7 Invest,investable,NL0 7,1,1000.0,53935.51759358695,53935.51759358695
50,NL0 8 Invest,investable,NL0 8,1,1.7469687918492127e-8,53935.51759358695,53935.517593539866
50,NL0 9 Invest,investable,NL0 9,1,634.5076028336479,53935.51759358695,53935.51759358695
50,NL0 1 biomass,legacy,NL0 1,1,71.0,53935.51759358695,53935.51759358695
50,NL0 1 waste,legacy,NL0 1,1,31.0,53935.51759358695,53935.51759358695
50,NL0 10 waste,legacy,NL0 10,1,150.0,53935.51759358695,53935.51759358695
50,NL0 11 biomass,legacy,NL0 11,1,20.0,53935.51759358695,53935.51759358695
50,NL0 11 waste,legacy,NL0 11,1,50.0,53935.51759358695,53935.51759358695
50,NL0 13 biomass,legacy,NL0 13,1,77.0,53935.51759358695,53935.51759358695
50,NL0 19 biomass,legacy,NL0 19,1,49.0,53935.51759358695,53935.51759358695
50,NL0 19 waste,legacy,NL0 19,1,36.0,53935.51759358695,53935.51759358695
50,NL0 22 biomass,legacy,NL0 22,1,500.0,53935.51759358695,53935.51759358695
50,NL0 25 waste,legacy,NL0 25,1,54.0,53935.51759358695,53935.51759358695
50,NL0 27 biomass,legacy,NL0 27,1,22.0,53935.51759358695,53935.51759358695
50,NL0 27 waste,legacy,NL0 27,1,71.2,53935.51759358695,53935.51759358695
50,NL0 3 biomass,legacy,NL0 3,1,22.0,53935.51759358695,53935.51759358695
50,NL0 3 waste,legacy,NL0 3,1,108.0,53935.51759358695,53935.51759358695
50,NL0 30 biomass,legacy,NL0 30,1,60.0,53935.51759358695,53935.51759358695
50,NL0 7 nuclear,legacy,NL0 7,1,515.0,53935.51759358695,53935.51759358695
50,NL0 7 waste,legacy,NL0 7,1,39.0,53935.51759358695,53935.51759358695
50,NL0 8 biomass,legacy,NL0 8,1,36.0,53935.51759358695,53935.51759358695
50,NL0 8 waste,legacy,NL0 8,1,157.0,53935.51759358695,53935.51759358695
50,NL0 9 biomass,legacy,NL0 9,1,20.0,53935.51759358695,53935.51759358695
50,NL0 0 0 solar,legacy,NL0 0,1,0.0,53935.51759358695,118658.1387058575
50,NL0 1 0 solar,legacy,NL0 1,1,0.0,53935.51759358695,118658.1387058575
50,NL0 10 0 solar,legacy,NL0 10,1,0.0,53935.51759358695,118658.1387058575
50,NL0 11 0 solar,legacy,NL0 11,1,0.0,53935.51759358695,118658.1387058575
50,NL0 12 0 solar,legacy,NL0 12,1,0.0,53935.51759358695,118658.1387058575
50,NL0 13 0 solar,legacy,NL0 13,1,0.0,53935.51759358695,118658.1387058575
50,NL0 14 0 solar,legacy,NL0 14,1,0.0,53935.51759358695,118658.1387058575
50,NL0 15 0 solar,legacy,NL0 15,1,0.0,53935.51759358695,118658.1387058575
50,NL0 16 0 solar,legacy,NL0 16,1,0.0,53935.51759358695,118658.1387058575
50,NL0 17 0 solar,legacy,NL0 17,1,0.0,53935.51759358695,118658.1387058575
50,NL0 18 0 solar,legacy,NL0 18,1,0.0,53935.51759358695,118658.1387058575
50,NL0 19 0 solar,legacy,NL0 19,1,0.0,53935.51759358695,118658.1387058575
50,NL0 2 0 solar,legacy,NL0 2,1,0.0,53935.51759358695,118658.1387058575
50,NL0 20 0 solar,legacy,NL0 20,1,0.0,53935.51759358695,118658.1387058575
50,NL0 21 0 solar,legacy,NL0 21,1,0.0,53935.51759358695,118658.1387058575
50,NL0 22 0 solar,legacy,NL0 22,1,0.0,53935.51759358695,118658.1387058575
50,NL0 23 0 solar,legacy,NL0 23,1,0.0,53935.51759358695,118658.1387058575
50,NL0 24 0 solar,legacy,NL0 24,1,0.0,53935.51759358695,118658.1387058575
50,NL0 25 0 solar,legacy,NL0 25,1,0.0,53935.51759358695,118658.1387058575
50,NL0 26 0 solar,legacy,NL0 26,1,0.0,53935.51759358695,118658.1387058575
50,NL0 27 0 solar,legacy,NL0 27,1,0.0,53935.51759358695,118658.1387058575
50,NL0 28 0 solar,legacy,NL0 28,1,0.0,53935.51759358695,118658.1387058575
50,NL0 3 0 solar,legacy,NL0 3,1,0.0,53935.51759358695,118658.1387058575
50,NL0 30 0 solar,legacy,NL0 30,1,0.0,53935.51759358695,118658.1387058575
50,NL0 31 0 solar,legacy,NL0 31,1,0.0,53935.51759358695,118658.1387058575
50,NL0 4 0 solar,legacy,NL0 4,1,0.0,53935.51759358695,118658.1387058575
50,NL0 5 0 solar,legacy,NL0 5,1,0.0,53935.51759358695,118658.1387058575
50,NL0 6 0 solar,legacy,NL0 6,1,0.0,53935.51759358695,118658.1387058575
50,NL0 7 0 solar,legacy,NL0 7,1,0.0,53935.51759358695,118658.1387058575
50,NL0 8 0 solar,legacy,NL0 8,1,0.0,53935.51759358695,118658.1387058575
50,NL0 9 0 solar,legacy,NL0 9,1,0.0,53935.51759358695,118658.1387058575
50,NL0 20 0 offwind-ac,legacy,NL0 20,1,0.0,53935.51759358695,118658.1387058575
50,NL0 27 0 offwind-ac,legacy,NL0 27,1,0.0,53935.51759358695,118658.1387058575
50,NL0 31 0 offwind-ac,legacy,NL0 31,1,0.0,53935.51759358695,118658.1387058575
50,NL0 32 0 offwind-ac,legacy,NL0 32,1,0.0,53935.51759358695,118658.1387058575
50,NL0 7 0 offwind-ac,legacy,NL0 7,1,0.0,53935.51759358695,118658.1387058575
50,NL0 0 0 onwind,legacy,NL0 0,1,0.0,53935.51759358695,118658.1387058575
50,NL0 1 0 onwind,legacy,NL0 1,1,0.0,53935.51759358695,118658.1387058575
50,NL0 10 0 onwind,legacy,NL0 10,1,0.0,53935.51759358695,118658.1387058575
50,NL0 11 0 onwind,legacy,NL0 11,1,0.0,53935.51759358695,118658.1387058575
50,NL0 12 0 onwind,legacy,NL0 12,1,0.0,53935.51759358695,118658.1387058575
50,NL0 13 0 onwind,legacy,NL0 13,1,0.0,53935.51759358695,118658.1387058575
50,NL0 14 0 onwind,legacy,NL0 14,1,0.0,53935.51759358695,118658.1387058575
50,NL0 15 0 onwind,legacy,NL0 15,1,0.0,53935.51759358695,118658.1387058575
50,NL0 17 0 onwind,legacy,NL0 17,1,0.0,53935.51759358695,118658.1387058575
50,NL0 19 0 onwind,legacy,NL0 19,1,0.0,53935.51759358695,118658.1387058575
50,NL0 2 0 onwind,legacy,NL0 2,1,0.0,53935.51759358695,118658.1387058575
50,NL0 20 0 onwind,legacy,NL0 20,1,0.0,53935.51759358695,118658.1387058575
50,NL0 21 0 onwind,legacy,NL0 21,1,0.0,53935.51759358695,118658.1387058575
50,NL0 22 0 onwind,legacy,NL0 22,1,0.0,53935.51759358695,118658.1387058575
50,NL0 23 0 onwind,legacy,NL0 23,1,0.0,53935.51759358695,118658.1387058575
50,NL0 24 0 onwind,legacy,NL0 24,1,0.0,53935.51759358695,118658.1387058575
50,NL0 27 0 onwind,legacy,NL0 27,1,0.0,53935.51759358695,118658.1387058575
50,NL0 3 0 onwind,legacy,NL0 3,1,0.0,53935.51759358695,118658.1387058575
50,NL0 30 0 onwind,legacy,NL0 30,1,0.0,53935.51759358695,118658.1387058575
50,NL0 31 0 onwind,legacy,NL0 31,1,0.0,53935.51759358695,118658.1387058575
50,NL0 4 0 onwind,legacy,NL0 4,1,0.0,53935.51759358695,118658.1387058575
50,NL0 5 0 onwind,legacy,NL0 5,1,0.0,53935.51759358695,118658.1387058575
50,NL0 6 0 onwind,legacy,NL0 6,1,0.0,53935.51759358695,118658.1387058575
50,NL0 7 0 onwind,legacy,NL0 7,1,0.0,53935.51759358695,118658.1387058575
50,NL0 8 0 onwind,legacy,NL0 8,1,0.0,53935.51759358695,118658.1387058575
50,NL0 9 0 onwind,legacy,NL0 9,1,0.0,53935.51759358695,118658.1387058575
51,NL0 0 Invest,investable,NL0 0,1,0.0,53935.51759357154,59329.06935292928
51,NL0 1 Invest,investable,NL0 1,1,0.0,53935.51759357154,53935.51759357154
51,NL0 10 Invest,investable,NL0 10,1,0.0,53935.51759357154,53935.51759357154
51,NL0 11 Invest,investable,NL0 11,1,0.0,53935.51759357154,53935.51759357154
51,NL0 12 Invest,investable,NL0 12,1,1000.0,53935.51759357154,53935.51759357154
51,NL0 13 Invest,investable,NL0 13,1,0.0,53935.51759357154,53935.51759357154
51,NL0 14 Invest,investable,NL0 14,1,1000.0,53935.51759357154,53935.51759357154
51,NL0 15 Invest,investable,NL0 15,1,1000.0,53935.51759357154,53935.51759357154
51,NL0 16 Invest,investable,NL0 16,1,0.0,53935.51759357154,53935.51759358618
51,NL0 17 Invest,investable,NL0 17,1,0.0,53935.51759357154,59329.06935292875
51,NL0 18 Invest,investable,NL0 18,1,0.0,53935.51759357154,53935.51759357154
51,NL0 19 Invest,investable,NL0 19,1,1000.0,53935.51759357154,53935.51759357154
51,NL0 2 Invest,investable,NL0 2,1,1000.0,53935.51759357154,53935.51759357154
51,NL0 20 Invest,investable,NL0 20,1,0.0,53935.51759357154,53935.51759357154
51,NL0 21 Invest,investable,NL0 21,1,0.0,53935.51759357154,53935.51759357154
51,NL0 22 Invest,investable,NL0 22,1,1000.0,53935.51759357154,53935.51759357154
51,NL0 23 Invest,investable,NL0 23,1,3.5254731756140256e-7,53935.51759357154,59329.06935292875
51,NL0 24 Invest,investable,NL0 24,1,0.0,53935.51759357154,53935.51759357154
51,NL0 25 Invest,investable,NL0 25,1,1000.0,53935.51759357154,53935.51759357154
51,NL0 26 Invest,investable,NL0 26,1,1000.0,53935.51759357154,53935.51759357154
51,NL0 27 Invest,investable,NL0 27,1,0.0,53935.51759357154,53935.51759357154
51,NL0 28 Invest,investable,NL0 28,1,1000.0,53935.51759357154,53935.51759357154
51,NL0 3 Invest,investable,NL0 3,1,2.732247139647371e-8,53935.51759357154,53935.51759357116
51,NL0 30 Invest,investable,NL0 30,1,0.0,53935.51759357154,53935.51759357154
51,NL0 31 Invest,investable,NL0 31,1,1000.0,53935.51759357154,53935.51759357154
51,NL0 33 Invest,investable,NL0 33,1,-3.7610694675163055e-7,53935.51759357154,53935.51759357154
51,NL0 4 Invest,investable,NL0 4,1,1000.0,53935.51759357154,53935.51759357154
51,NL0 5 Invest,investable,NL0 5,1,1000.0,53935.51759357154,53935.517593571225
51,NL0 6 Invest,investable,NL0 6,1,1000.0,53935.51759357154,53935.51759357154
51,NL0 7 Invest,investable,NL0 7,1,1000.0,53935.51759357154,53935.51759357154
51,NL0 8 Invest,investable,NL0 8,1,0.0,53935.51759357154,53935.51759357154
51,NL0 9 Invest,investable,NL0 9,1,634.5076028506879,53935.51759357154,53935.51759357154
51,NL0 1 biomass,legacy,NL0 1,1,71.0,53935.51759357154,53935.51759357154
51,NL0 1 waste,legacy,NL0 1,1,31.0,53935.51759357154,53935.51759357154
51,NL0 10 waste,legacy,NL0 10,1,150.0,53935.51759357154,53935.51759357154
51,NL0 11 biomass,legacy,NL0 11,1,20.0,53935.51759357154,53935.51759357154
51,NL0 11 waste,legacy,NL0 11,1,50.0,53935.51759357154,53935.51759357154
51,NL0 13 biomass,legacy,NL0 13,1,77.0,53935.51759357154,53935.51759357154
51,NL0 19 biomass,legacy,NL0 19,1,49.0,53935.51759357154,53935.51759357154
51,NL0 19 waste,legacy,NL0 19,1,36.0,53935.51759357154,53935.51759357154
51,NL0 22 biomass,legacy,NL0 22,1,500.0,53935.51759357154,53935.51759357154
51,NL0 25 waste,legacy,NL0 25,1,54.0,53935.51759357154,53935.51759357154
51,NL0 27 biomass,legacy,NL0 27,1,22.0,53935.51759357154,53935.51759357154
51,NL0 27 waste,legacy,NL0 27,1,71.2,53935.51759357154,53935.51759357154
51,NL0 3 biomass,legacy,NL0 3,1,22.0,53935.51759357154,53935.51759357154
51,NL0 3 waste,legacy,NL0 3,1,108.0,53935.51759357154,53935.51759357154
51,NL0 30 biomass,legacy,NL0 30,1,60.0,53935.51759357154,53935.51759357154
51,NL0 7 nuclear,legacy,NL0 7,1,515.0,53935.51759357154,53935.51759357154
51,NL0 7 waste,legacy,NL0 7,1,39.0,53935.51759357154,53935.51759357154
51,NL0 8 biomass,legacy,NL0 8,1,36.0,53935.51759357154,53935.51759357154
51,NL0 8 waste,legacy,NL0 8,1,157.0,53935.51759357154,53935.51759357154
51,NL0 9 biomass,legacy,NL0 9,1,20.0,53935.51759357154,53935.51759357154
51,NL0 0 0 solar,legacy,NL0 0,1,0.0,53935.51759357154,118658.1387058575
51,NL0 1 0 solar,legacy,NL0 1,1,0.0,53935.51759357154,118658.1387058575
51,NL0 10 0 solar,legacy,NL0 10,1,0.0,53935.51759357154,118658.1387058575
51,NL0 11 0 solar,legacy,NL0 11,1,0.0,53935.51759357154,118658.1387058575
51,NL0 12 0 solar,legacy,NL0 12,1,0.0,53935.51759357154,118658.1387058575
51,NL0 13 0 solar,legacy,NL0 13,1,0.0,53935.51759357154,118658.1387058575
51,NL0 14 0 solar,legacy,NL0 14,1,0.0,53935.51759357154,118658.1387058575
51,NL0 15 0 solar,legacy,NL0 15,1,0.0,53935.51759357154,118658.1387058575
51,NL0 16 0 solar,legacy,NL0 16,1,0.0,53935.51759357154,118658.1387058575
51,NL0 17 0 solar,legacy,NL0 17,1,0.0,53935.51759357154,118658.1387058575
51,NL0 18 0 solar,legacy,NL0 18,1,0.0,53935.51759357154,118658.1387058575
51,NL0 19 0 solar,legacy,NL0 19,1,0.0,53935.51759357154,118658.1387058575
51,NL0 2 0 solar,legacy,NL0 2,1,0.0,53935.51759357154,118658.1387058575
51,NL0 20 0 solar,legacy,NL0 20,1,0.0,53935.51759357154,118658.1387058575
51,NL0 21 0 solar,legacy,NL0 21,1,0.0,53935.51759357154,118658.1387058575
51,NL0 22 0 solar,legacy,NL0 22,1,0.0,53935.51759357154,118658.1387058575
51,NL0 23 0 solar,legacy,NL0 23,1,0.0,53935.51759357154,118658.1387058575
51,NL0 24 0 solar,legacy,NL0 24,1,0.0,53935.51759357154,118658.1387058575
51,NL0 25 0 solar,legacy,NL0 25,1,0.0,53935.51759357154,118658.1387058575
51,NL0 26 0 solar,legacy,NL0 26,1,0.0,53935.51759357154,118658.1387058575
51,NL0 27 0 solar,legacy,NL0 27,1,0.0,53935.51759357154,118658.1387058575
51,NL0 28 0 solar,legacy,NL0 28,1,0.0,53935.51759357154,118658.1387058575
51,NL0 3 0 solar,legacy,NL0 3,1,0.0,53935.51759357154,118658.1387058575
51,NL0 30 0 solar,legacy,NL0 30,1,0.0,53935.51759357154,118658.1387058575
51,NL0 31 0 solar,legacy,NL0 31,1,0.0,53935.51759357154,118658.1387058575
51,NL0 4 0 solar,legacy,NL0 4,1,0.0,53935.51759357154,118658.1387058575
51,NL0 5 0 solar,legacy,NL0 5,1,0.0,53935.51759357154,118658.1387058575
51,NL0 6 0 solar,legacy,NL0 6,1,0.0,53935.51759357154,118658.1387058575
51,NL0 7 0 solar,legacy,NL0 7,1,0.0,53935.51759357154,118658.1387058575
51,NL0 8 0 solar,legacy,NL0 8,1,0.0,53935.51759357154,118658.1387058575
51,NL0 9 0 solar,legacy,NL0 9,1,0.0,53935.51759357154,118658.1387058575
51,NL0 20 0 offwind-ac,legacy,NL0 20,1,0.0,53935.51759357154,118658.1387058575
51,NL0 27 0 offwind-ac,legacy,NL0 27,1,0.0,53935.51759357154,118658.1387058575
51,NL0 31 0 offwind-ac,legacy,NL0 31,1,0.0,53935.51759357154,118658.1387058575
51,NL0 32 0 offwind-ac,legacy,NL0 32,1,0.0,53935.51759357154,118658.1387058575
51,NL0 7 0 offwind-ac,legacy,NL0 7,1,0.0,53935.51759357154,118658.1387058575
51,NL0 0 0 onwind,legacy,NL0 0,1,0.0,53935.51759357154,118658.1387058575
51,NL0 1 0 onwind,legacy,NL0 1,1,0.0,53935.51759357154,118658.1387058575
51,NL0 10 0 onwind,legacy,NL0 10,1,0.0,53935.51759357154,118658.1387058575
51,NL0 11 0 onwind,legacy,NL0 11,1,0.0,53935.51759357154,118658.1387058575
51,NL0 12 0 onwind,legacy,NL0 12,1,0.0,53935.51759357154,118658.1387058575
51,NL0 13 0 onwind,legacy,NL0 13,1,0.0,53935.51759357154,118658.1387058575
51,NL0 14 0 onwind,legacy,NL0 14,1,0.0,53935.51759357154,118658.1387058575
51,NL0 15 0 onwind,legacy,NL0 15,1,0.0,53935.51759357154,118658.1387058575
51,NL0 17 0 onwind,legacy,NL0 17,1,0.0,53935.51759357154,118658.1387058575
51,NL0 19 0 onwind,legacy,NL0 19,1,0.0,53935.51759357154,118658.1387058575
51,NL0 2 0 onwind,legacy,NL0 2,1,0.0,53935.51759357154,118658.1387058575
51,NL0 20 0 onwind,legacy,NL0 20,1,0.0,53935.51759357154,118658.1387058575
51,NL0 21 0 onwind,legacy,NL0 21,1,0.0,53935.51759357154,118658.1387058575
51,NL0 22 0 onwind,legacy,NL0 22,1,0.0,53935.51759357154,118658.1387058575
51,NL0 23 0 onwind,legacy,NL0 23,1,0.0,53935.51759357154,118658.1387058575
51,NL0 24 0 onwind,legacy,NL0 24,1,0.0,53935.51759357154,118658.1387058575
51,NL0 27 0 onwind,legacy,NL0 27,1,0.0,53935.51759357154,118658.1387058575
51,NL0 3 0 onwind,legacy,NL0 3,1,0.0,53935.51759357154,118658.1387058575
51,NL0 30 0 onwind,legacy,NL0 30,1,0.0,53935.51759357154,118658.1387058575
51,NL0 31 0 onwind,legacy,NL0 31,1,0.0,53935.51759357154,118658.1387058575
51,NL0 4 0 onwind,legacy,NL0 4,1,0.0,53935.51759357154,118658.1387058575
51,NL0 5 0 onwind,legacy,NL0 5,1,0.0,53935.51759357154,118658.1387058575
51,NL0 6 0 onwind,legacy,NL0 6,1,0.0,53935.51759357154,118658.1387058575
51,NL0 7 0 onwind,legacy,NL0 7,1,0.0,53935.51759357154,118658.1387058575
51,NL0 8 0 onwind,legacy,NL0 8,1,0.0,53935.51759357154,118658.1387058575
51,NL0 9 0 onwind,legacy,NL0 9,1,0.0,53935.51759357154,118658.1387058575
52,NL0 0 Invest,investable,NL0 0,1,0.0,53935.51759357147,53935.51759357144
52,NL0 1 Invest,investable,NL0 1,1,1000.0,53935.51759357147,53935.51759357144
52,NL0 10 Invest,investable,NL0 10,1,8.678441190568265e-6,53935.51759357147,53935.51759357144
52,NL0 11 Invest,investable,NL0 11,1,1000.0,53935.51759357147,53935.51759357144
52,NL0 12 Invest,investable,NL0 12,1,1000.0,53935.51759357147,53935.51759357144
52,NL0 13 Invest,investable,NL0 13,1,1000.0,53935.51759357147,53935.51759357144
52,NL0 14 Invest,investable,NL0 14,1,1000.0,53935.51759357147,53935.51759357144
52,NL0 15 Invest,investable,NL0 15,1,1000.0,53935.51759357147,53935.51759357144
52,NL0 16 Invest,investable,NL0 16,1,0.0,53935.51759357147,53935.51759357144
52,NL0 17 Invest,investable,NL0 17,1,0.0,53935.51759357147,53935.51759357144
52,NL0 18 Invest,investable,NL0 18,1,0.0,53935.51759357147,53935.51759357144
52,NL0 19 Invest,investable,NL0 19,1,1000.0,53935.51759357147,53935.51759357143
52,NL0 2 Invest,investable,NL0 2,1,1000.0,53935.51759357147,53935.51759357143
52,NL0 20 Invest,investable,NL0 20,1,0.0,53935.51759357147,53935.51759357144
52,NL0 21 Invest,investable,NL0 21,1,0.0,53935.51759357147,53935.51759357144
52,NL0 22 Invest,investable,NL0 22,1,0.0,53935.51759357147,53935.51759357144
52,NL0 23 Invest,investable,NL0 23,1,0.0,53935.51759357147,53935.51759357144
52,NL0 24 Invest,investable,NL0 24,1,0.0,53935.51759357147,53935.51759357144
52,NL0 25 Invest,investable,NL0 25,1,1000.0,53935.51759357147,53935.51759357143
52,NL0 26 Invest,investable,NL0 26,1,1000.0,53935.51759357147,53935.51759357144
52,NL0 27 Invest,investable,NL0 27,1,0.0,53935.51759357147,53935.51759357144
52,NL0 28 Invest,investable,NL0 28,1,1000.0,53935.51759357147,53935.51759357144
52,NL0 3 Invest,investable,NL0 3,1,0.0,53935.51759357147,53935.51759357144
52,NL0 30 Invest,investable,NL0 30,1,0.0,53935.51759357147,53935.51759357144
52,NL0 31 Invest,investable,NL0 31,1,1000.0,53935.51759357147,53935.51759357144
52,NL0 33 Invest,investable,NL0 33,1,0.0,53935.51759357147,53935.51759357144
52,NL0 4 Invest,investable,NL0 4,1,1000.0,53935.51759357147,53935.51759357144
52,NL0 5 Invest,investable,NL0 5,1,0.0,53935.51759357147,53935.51759357144
52,NL0 6 Invest,investable,NL0 6,1,634.507594172677,53935.51759357147,53935.51759357144
52,NL0 7 Invest,investable,NL0 7,1,0.0,53935.51759357147,53935.51759357144
52,NL0 8 Invest,investable,NL0 8,1,0.0,53935.51759357147,53935.51759357144
52,NL0 9 Invest,investable,NL0 9,1,1000.0,53935.51759357147,53935.51759357144
52,NL0 1 biomass,legacy,NL0 1,1,71.0,53935.51759357147,53935.51759357147
52,NL0 1 waste,legacy,NL0 1,1,31.0,53935.51759357147,53935.51759357147
52,NL0 10 waste,legacy,NL0 10,1,150.0,53935.51759357147,53935.51759357147
52,NL0 11 biomass,legacy,NL0 11,1,20.0,53935.51759357147,53935.51759357147
52,NL0 11 waste,legacy,NL0 11,1,50.0,53935.51759357147,53935.51759357147
52,NL0 13 biomass,legacy,NL0 13,1,77.0,53935.51759357147,53935.51759357147
52,NL0 19 biomass,legacy,NL0 19,1,49.0,53935.51759357147,53935.51759357147
52,NL0 19 waste,legacy,NL0 19,1,36.0,53935.51759357147,53935.51759357147
52,NL0 22 biomass,legacy,NL0 22,1,500.0,53935.51759357147,53935.51759357147
52,NL0 25 waste,legacy,NL0 25,1,54.0,53935.51759357147,53935.51759357147
52,NL0 27 biomass,legacy,NL0 27,1,22.0,53935.51759357147,53935.51759357147
52,NL0 27 waste,legacy,NL0 27,1,71.2,53935.51759357147,53935.51759357147
52,NL0 3 biomass,legacy,NL0 3,1,22.0,53935.51759357147,53935.51759357147
52,NL0 3 waste,legacy,NL0 3,1,108.0,53935.51759357147,53935.51759357147
52,NL0 30 biomass,legacy,NL0 30,1,60.0,53935.51759357147,53935.51759357147
52,NL0 7 nuclear,legacy,NL0 7,1,515.0,53935.51759357147,53935.51759357147
52,NL0 7 waste,legacy,NL0 7,1,39.0,53935.51759357147,53935.51759357147
52,NL0 8 biomass,legacy,NL0 8,1,36.0,53935.51759357147,53935.51759357147
52,NL0 8 waste,legacy,NL0 8,1,157.0,53935.51759357147,53935.51759357147
52,NL0 9 biomass,legacy,NL0 9,1,20.0,53935.51759357147,53935.51759357147
52,NL0 0 0 solar,legacy,NL0 0,1,0.0,53935.51759357147,53935.5175935714
52,NL0 1 0 solar,legacy,NL0 1,1,0.0,53935.51759357147,53935.5175935714
52,NL0 10 0 solar,legacy,NL0 10,1,0.0,53935.51759357147,53935.5175935714
52,NL0 11 0 solar,legacy,NL0 11,1,0.0,53935.51759357147,53935.5175935714
52,NL0 12 0 solar,legacy,NL0 12,1,0.0,53935.51759357147,53935.5175935714
52,NL0 13 0 solar,legacy,NL0 13,1,0.0,53935.51759357147,53935.5175935714
52,NL0 14 0 solar,legacy,NL0 14,1,0.0,53935.51759357147,53935.5175935714
52,NL0 15 0 solar,legacy,NL0 15,1,0.0,53935.51759357147,53935.5175935714
52,NL0 16 0 solar,legacy,NL0 16,1,0.0,53935.51759357147,53935.5175935714
52,NL0 17 0 solar,legacy,NL0 17,1,0.0,53935.51759357147,53935.5175935714
52,NL0 18 0 solar,legacy,NL0 18,1,0.0,53935.51759357147,53935.5175935714
52,NL0 19 0 solar,legacy,NL0 19,1,0.0,53935.51759357147,53935.5175935714
52,NL0 2 0 solar,legacy,NL0 2,1,0.0,53935.51759357147,53935.5175935714
52,NL0 20 0 solar,legacy,NL0 20,1,0.0,53935.51759357147,53935.5175935714
52,NL0 21 0 solar,legacy,NL0 21,1,0.0,53935.51759357147,53935.5175935714
52,NL0 22 0 solar,legacy,NL0 22,1,0.0,53935.51759357147,53935.5175935714
52,NL0 23 0 solar,legacy,NL0 23,1,0.0,53935.51759357147,53935.5175935714
52,NL0 24 0 solar,legacy,NL0 24,1,0.0,53935.51759357147,53935.5175935714
52,NL0 25 0 solar,legacy,NL0 25,1,0.0,53935.51759357147,53935.5175935714
52,NL0 26 0 solar,legacy,NL0 26,1,0.0,53935.51759357147,53935.5175935714
52,NL0 27 0 solar,legacy,NL0 27,1,0.0,53935.51759357147,53935.5175935714
52,NL0 28 0 solar,legacy,NL0 28,1,0.0,53935.51759357147,53935.5175935714
52,NL0 3 0 solar,legacy,NL0 3,1,0.0,53935.51759357147,118658.1387058575
52,NL0 30 0 solar,legacy,NL0 30,1,0.0,53935.51759357147,53935.5175935714
52,NL0 31 0 solar,legacy,NL0 31,1,0.0,53935.51759357147,53935.5175935714
52,NL0 4 0 solar,legacy,NL0 4,1,0.0,53935.51759357147,53935.5175935714
52,NL0 5 0 solar,legacy,NL0 5,1,0.0,53935.51759357147,53935.5175935714
52,NL0 6 0 solar,legacy,NL0 6,1,0.0,53935.51759357147,53935.5175935714
52,NL0 7 0 solar,legacy,NL0 7,1,0.0,53935.51759357147,53935.5175935714
52,NL0 8 0 solar,legacy,NL0 8,1,0.0,53935.51759357147,53935.5175935714
52,NL0 9 0 solar,legacy,NL0 9,1,0.0,53935.51759357147,53935.5175935714
52,NL0 20 0 offwind-ac,legacy,NL0 20,1,0.0,53935.51759357147,53935.5175935714
52,NL0 27 0 offwind-ac,legacy,NL0 27,1,0.0,53935.51759357147,53935.5175935714
52,NL0 31 0 offwind-ac,legacy,NL0 31,1,0.0,53935.51759357147,53935.5175935714
52,NL0 32 0 offwind-ac,legacy,NL0 32,1,0.0,53935.51759357147,118658.1387058575
52,NL0 7 0 offwind-ac,legacy,NL0 7,1,0.0,53935.51759357147,53935.5175935714
52,NL0 0 0 onwind,legacy,NL0 0,1,0.0,53935.51759357147,53935.5175935714
52,NL0 1 0 onwind,legacy,NL0 1,1,0.0,53935.51759357147,53935.5175935714
52,NL0 10 0 onwind,legacy,NL0 10,1,0.0,53935.51759357147,53935.5175935714
52,NL0 11 0 onwind,legacy,NL0 11,1,0.0,53935.51759357147,118658.1387058575
52,NL0 12 0 onwind,legacy,NL0 12,1,0.0,53935.51759357147,53935.5175935714
52,NL0 13 0 onwind,legacy,NL0 13,1,0.0,53935.51759357147,53935.5175935714
52,NL0 14 0 onwind,legacy,NL0 14,1,0.0,53935.51759357147,53935.5175935714
52,NL0 15 0 onwind,legacy,NL0 15,1,0.0,53935.51759357147,53935.5175935714
52,NL0 17 0 onwind,legacy,NL0 17,1,0.0,53935.51759357147,53935.5175935714
52,NL0 19 0 onwind,legacy,NL0 19,1,0.0,53935.51759357147,53935.5175935714
52,NL0 2 0 onwind,legacy,NL0 2,1,0.0,53935.51759357147,53935.5175935714
52,NL0 20 0 onwind,legacy,NL0 20,1,0.0,53935.51759357147,53935.5175935714
52,NL0 21 0 onwind,legacy,NL0 21,1,0.0,53935.51759357147,53935.5175935714
52,NL0 22 0 onwind,legacy,NL0 22,1,0.0,53935.51759357147,53935.5175935714
52,NL0 23 0 onwind,legacy,NL0 23,1,0.0,53935.51759357147,53935.51759357143
52,NL0 24 0 onwind,legacy,NL0 24,1,0.0,53935.51759357147,53935.5175935714
52,NL0 27 0 onwind,legacy,NL0 27,1,0.0,53935.51759357147,53935.5175935714
52,NL0 3 0 onwind,legacy,NL0 3,1,0.0,53935.51759357147,53935.5175935714
52,NL0 30 0 onwind,legacy,NL0 30,1,0.0,53935.51759357147,53935.5175935714
52,NL0 31 0 onwind,legacy,NL0 31,1,0.0,53935.51759357147,53935.5175935714
52,NL0 4 0 onwind,legacy,NL0 4,1,0.0,53935.51759357147,53935.5175935714
52,NL0 5 0 onwind,legacy,NL0 5,1,0.0,53935.51759357147,53935.5175935714
52,NL0 6 0 onwind,legacy,NL0 6,1,0.0,53935.51759357147,53935.5175935714
52,NL0 7 0 onwind,legacy,NL0 7,1,0.0,53935.51759357147,53935.5175935714
52,NL0 8 0 onwind,legacy,NL0 8,1,0.0,53935.51759357147,53935.5175935714
52,NL0 9 0 onwind,legacy,NL0 9,1,0.0,53935.51759357147,53935.5175935714
53,NL0 0 Invest,investable,NL0 0,1,0.0,53935.51759343587,59329.06935292875
53,NL0 1 Invest,investable,NL0 1,1,544.9553169523765,53935.51759343587,53935.51759357159
53,NL0 10 Invest,investable,NL0 10,1,0.0,53935.51759343587,59329.06935292875
53,NL0 11 Invest,investable,NL0 11,1,465.00887396520193,53935.51759343587,53935.51759357159
53,NL0 12 Invest,investable,NL0 12,1,1000.0,53935.51759343587,53935.51759343562
53,NL0 13 Invest,investable,NL0 13,1,764.6818877821147,53935.51759343587,53935.51759357159
53,NL0 14 Invest,investable,NL0 14,1,1000.0,53935.51759343587,53935.51759343575
53,NL0 15 Invest,investable,NL0 15,1,1000.0,53935.51759343587,53935.51759343575
53,NL0 16 Invest,investable,NL0 16,1,0.0,53935.51759343587,59329.06935292875
53,NL0 17 Invest,investable,NL0 17,1,0.0,53935.51759343587,59329.06935292875
53,NL0 18 Invest,investable,NL0 18,1,0.0,53935.51759343587,59329.06935292875
53,NL0 19 Invest,investable,NL0 19,1,1000.0,53935.51759343587,53935.51759343575
53,NL0 2 Invest,investable,NL0 2,1,1000.0,53935.51759343587,53935.51759343575
53,NL0 20 Invest,investable,NL0 20,1,0.0,53935.51759343587,59329.06935292875
53,NL0 21 Invest,investable,NL0 21,1,0.0,53935.51759343587,59329.06935292875
53,NL0 22 Invest,investable,NL0 22,1,457.9137837282733,53935.51759343587,53935.51759357159
53,NL0 23 Invest,investable,NL0 23,1,0.0,53935.51759343587,59329.06935292875
53,NL0 24 Invest,investable,NL0 24,1,0.0,53935.51759343587,59329.06935292875
53,NL0 25 Invest,investable,NL0 25,1,1000.0,53935.51759343587,53935.51759343575
53,NL0 26 Invest,investable,NL0 26,1,1000.0,53935.51759343587,53935.51759343575
53,NL0 27 Invest,investable,NL0 27,1,0.0,53935.51759343587,59329.06935292875
53,NL0 28 Invest,investable,NL0 28,1,1000.0,53935.51759343587,53935.51759343575
53,NL0 3 Invest,investable,NL0 3,1,0.0,53935.51759343587,59329.06935292875
53,NL0 30 Invest,investable,NL0 30,1,0.0,53935.51759343587,59329.06935292875
53,NL0 31 Invest,investable,NL0 31,1,1000.0,53935.51759343587,53935.51759343575
53,NL0 33 Invest,investable,NL0 33,1,0.0,53935.51759343587,59329.06935292875
53,NL0 4 Invest,investable,NL0 4,1,1000.0,53935.51759343587,53935.51759343575
53,NL0 5 Invest,investable,NL0 5,1,769.8461471719233,53935.51759343587,53935.51759357159
53,NL0 6 Invest,investable,NL0 6,1,279.3619283044868,53935.51759343587,53935.51759357159
53,NL0 7 Invest,investable,NL0 7,1,879.8743004219482,53935.51759343587,53935.51759357159
53,NL0 8 Invest,investable,NL0 8,1,0.0,53935.51759343587,59329.06935292875
53,NL0 9 Invest,investable,NL0 9,1,472.8653645247937,53935.51759343587,53935.51759357159
53,NL0 1 biomass,legacy,NL0 1,1,71.0,53935.51759343587,53935.51759343587
53,NL0 1 waste,legacy,NL0 1,1,31.0,53935.51759343587,53935.51759343587
53,NL0 10 waste,legacy,NL0 10,1,150.0,53935.51759343587,53935.51759343587
53,NL0 11 biomass,legacy,NL0 11,1,20.0,53935.51759343587,53935.51759343587
53,NL0 11 waste,legacy,NL0 11,1,50.0,53935.51759343587,53935.51759343587
53,NL0 13 biomass,legacy,NL0 13,1,77.0,53935.51759343587,53935.51759343587
53,NL0 19 biomass,legacy,NL0 19,1,49.0,53935.51759343587,53935.51759343587
53,NL0 19 waste,legacy,NL0 19,1,36.0,53935.51759343587,53935.51759343587
53,NL0 22 biomass,legacy,NL0 22,1,500.0,53935.51759343587,53935.51759343587
53,NL0 25 waste,legacy,NL0 25,1,54.0,53935.51759343587,53935.51759343587
53,NL0 27 biomass,legacy,NL0 27,1,22.0,53935.51759343587,53935.51759343587
53,NL0 27 waste,legacy,NL0 27,1,71.2,53935.51759343587,53935.51759343587
53,NL0 3 biomass,legacy,NL0 3,1,22.0,53935.51759343587,53935.51759343587
53,NL0 3 waste,legacy,NL0 3,1,108.0,53935.51759343587,53935.51759343587
53,NL0 30 biomass,legacy,NL0 30,1,60.0,53935.51759343587,53935.51759343587
53,NL0 7 nuclear,legacy,NL0 7,1,515.0,53935.51759343587,53935.51759343587
53,NL0 7 waste,legacy,NL0 7,1,39.0,53935.51759343587,53935.51759343587
53,NL0 8 biomass,legacy,NL0 8,1,36.0,53935.51759343587,53935.51759343587
53,NL0 8 waste,legacy,NL0 8,1,157.0,53935.51759343587,53935.51759343587
53,NL0 9 biomass,legacy,NL0 9,1,20.0,53935.51759343587,53935.51759343587
53,NL0 0 0 solar,legacy,NL0 0,1,0.0,53935.51759343587,53935.517593435754
53,NL0 1 0 solar,legacy,NL0 1,1,0.0,53935.51759343587,53935.517593435754
53,NL0 10 0 solar,legacy,NL0 10,1,0.0,53935.51759343587,53935.517593435754
53,NL0 11 0 solar,legacy,NL0 11,1,0.0,53935.51759343587,53935.517593435754
53,NL0 12 0 solar,legacy,NL0 12,1,0.0,53935.51759343587,53935.517593435754
53,NL0 13 0 solar,legacy,NL0 13,1,0.0,53935.51759343587,53935.517593435754
53,NL0 14 0 solar,legacy,NL0 14,1,0.0,53935.51759343587,53935.517593435754
53,NL0 15 0 solar,legacy,NL0 15,1,0.0,53935.51759343587,53935.517593435754
53,NL0 16 0 solar,legacy,NL0 16,1,0.0,53935.51759343587,53935.517593435754
53,NL0 17 0 solar,legacy,NL0 17,1,0.0,53935.51759343587,53935.517593435754
53,NL0 18 0 solar,legacy,NL0 18,1,0.0,53935.51759343587,53935.517593435754
53,NL0 19 0 solar,legacy,NL0 19,1,0.0,53935.51759343587,53935.517593435754
53,NL0 2 0 solar,legacy,NL0 2,1,0.0,53935.51759343587,53935.517593435754
53,NL0 20 0 solar,legacy,NL0 20,1,0.0,53935.51759343587,53935.517593435754
53,NL0 21 0 solar,legacy,NL0 21,1,0.0,53935.51759343587,53935.517593435754
53,NL0 22 0 solar,legacy,NL0 22,1,0.0,53935.51759343587,53935.517593435754
53,NL0 23 0 solar,legacy,NL0 23,1,0.0,53935.51759343587,53935.517593435754
53,NL0 24 0 solar,legacy,NL0 24,1,0.0,53935.51759343587,53935.517593435754
53,NL0 25 0 solar,legacy,NL0 25,1,0.0,53935.51759343587,53935.517593435754
53,NL0 26 0 solar,legacy,NL0 26,1,0.0,53935.51759343587,53935.517593435754
53,NL0 27 0 solar,legacy,NL0 27,1,0.0,53935.51759343587,53935.517593435754
53,NL0 28 0 solar,legacy,NL0 28,1,0.0,53935.51759343587,53935.517593435754
53,NL0 3 0 solar,legacy,NL0 3,1,0.0,53935.51759343587,53935.517593435754
53,NL0 30 0 solar,legacy,NL0 30,1,0.0,53935.51759343587,53935.517593435754
53,NL0 31 0 solar,legacy,NL0 31,1,0.0,53935.51759343587,53935.517593435754
53,NL0 4 0 solar,legacy,NL0 4,1,0.0,53935.51759343587,53935.517593435754
53,NL0 5 0 solar,legacy,NL0 5,1,0.0,53935.51759343587,53935.517593435754
53,NL0 6 0 solar,legacy,NL0 6,1,0.0,53935.51759343587,53935.517593435754
53,NL0 7 0 solar,legacy,NL0 7,1,0.0,53935.51759343587,53935.517593435754
53,NL0 8 0 solar,legacy,NL0 8,1,0.0,53935.51759343587,53935.517593435754
53,NL0 9 0 solar,legacy,NL0 9,1,0.0,53935.51759343587,53935.517593435754
53,NL0 20 0 offwind-ac,legacy,NL0 20,1,0.0,53935.51759343587,53935.517593435754
53,NL0 27 0 offwind-ac,legacy,NL0 27,1,0.0,53935.51759343587,53935.517593435754
53,NL0 31 0 offwind-ac,legacy,NL0 31,1,0.0,53935.51759343587,53935.517593435754
53,NL0 32 0 offwind-ac,legacy,NL0 32,1,0.0,53935.51759343587,53935.517593435754
53,NL0 7 0 offwind-ac,legacy,NL0 7,1,0.0,53935.51759343587,53935.517593435754
53,NL0 0 0 onwind,legacy,NL0 0,1,0.0,53935.51759343587,53935.517593435754
53,NL0 1 0 onwind,legacy,NL0 1,1,0.0,53935.51759343587,53935.517593435754
53,NL0 10 0 onwind,legacy,NL0 10,1,0.0,53935.51759343587,53935.517593435754
53,NL0 11 0 onwind,legacy,NL0 11,1,0.0,53935.51759343587,53935.517593435754
53,NL0 12 0 onwind,legacy,NL0 12,1,0.0,53935.51759343587,53935.517593435754
53,NL0 13 0 onwind,legacy,NL0 13,1,0.0,53935.51759343587,53935.517593435754
53,NL0 14 0 onwind,legacy,NL0 14,1,0.0,53935.51759343587,53935.517593435754
53,NL0 15 0 onwind,legacy,NL0 15,1,0.0,53935.51759343587,53935.517593435754
53,NL0 17 0 onwind,legacy,NL0 17,1,0.0,53935.51759343587,53935.517593435754
53,NL0 19 0 onwind,legacy,NL0 19,1,0.0,53935.51759343587,53935.517593435754
53,NL0 2 0 onwind,legacy,NL0 2,1,0.0,53935.51759343587,53935.517593435754
53,NL0 20 0 onwind,legacy,NL0 20,1,0.0,53935.51759343587,53935.517593435754
53,NL0 21 0 onwind,legacy,NL0 21,1,0.0,53935.51759343587,53935.517593435754
53,NL0 22 0 onwind,legacy,NL0 22,1,0.0,53935.51759343587,53935.517593435754
53,NL0 23 0 onwind,legacy,NL0 23,1,0.0,53935.51759343587,53935.517593435754
53,NL0 24 0 onwind,legacy,NL0 24,1,0.0,53935.51759343587,53935.517593435754
53,NL0 27 0 onwind,legacy,NL0 27,1,0.0,53935.51759343587,53935.517593435754
53,NL0 3 0 onwind,legacy,NL0 3,1,0.0,53935.51759343587,53935.517593435754
53,NL0 30 0 onwind,legacy,NL0 30,1,0.0,53935.51759343587,53935.517593435754
53,NL0 31 0 onwind,legacy,NL0 31,1,0.0,53935.51759343587,53935.517593435754
53,NL0 4 0 onwind,legacy,NL0 4,1,0.0,53935.51759343587,53935.517593435754
53,NL0 5 0 onwind,legacy,NL0 5,1,0.0,53935.51759343587,53935.517593435754
53,NL0 6 0 onwind,legacy,NL0 6,1,0.0,53935.51759343587,53935.517593435754
53,NL0 7 0 onwind,legacy,NL0 7,1,0.0,53935.51759343587,53935.517593435754
53,NL0 8 0 onwind,legacy,NL0 8,1,0.0,53935.51759343587,53935.517593435754
53,NL0 9 0 onwind,legacy,NL0 9,1,0.0,53935.51759343587,53935.517593435754
54,NL0 0 Invest,investable,NL0 0,1,0.0,53935.51759357209,53935.51759357209
54,NL0 1 Invest,investable,NL0 1,1,544.9553167649407,53935.51759357209,53935.51759357206
54,NL0 10 Invest,investable,NL0 10,1,0.0,53935.51759357209,59329.06935292875
54,NL0 11 Invest,investable,NL0 11,1,465.0088739370773,53935.51759357209,53935.51759357206
54,NL0 12 Invest,investable,NL0 12,1,1000.0,53935.51759357209,53935.51759357209
54,NL0 13 Invest,investable,NL0 13,1,764.6818877589955,53935.51759357209,53935.51759357209
54,NL0 14 Invest,investable,NL0 14,1,1000.0,53935.51759357209,53935.51759357209
54,NL0 15 Invest,investable,NL0 15,1,1000.0,53935.51759357209,53935.51759357209
54,NL0 16 Invest,investable,NL0 16,1,0.0,53935.51759357209,53935.51759357206
54,NL0 17 Invest,investable,NL0 17,1,0.0,53935.51759357209,53935.517593572054
54,NL0 18 Invest,investable,NL0 18,1,0.0,53935.51759357209,53935.51759357209
54,NL0 19 Invest,investable,NL0 19,1,1000.0,53935.51759357209,53935.51759357209
54,NL0 2 Invest,investable,NL0 2,1,1000.0,53935.51759357209,53935.51759357209
54,NL0 20 Invest,investable,NL0 20,1,0.0,53935.51759357209,53935.51759357206
54,NL0 21 Invest,investable,NL0 21,1,0.0,53935.51759357209,53935.517593572054
54,NL0 22 Invest,investable,NL0 22,1,457.91378372729605,53935.51759357209,53935.51759357206
54,NL0 23 Invest,investable,NL0 23,1,0.0,53935.51759357209,56062.95825067596
54,NL0 24 Invest,investable,NL0 24,1,0.0,53935.51759357209,56062.95825067596
54,NL0 25 Invest,investable,NL0 25,1,1000.0,53935.51759357209,53935.51759357209
54,NL0 26 Invest,investable,NL0 26,1,1000.0,53935.51759357209,53935.51759357209
54,NL0 27 Invest,investable,NL0 27,1,0.0,53935.51759357209,53935.51759357209
54,NL0 28 Invest,investable,NL0 28,1,1000.0,53935.51759357209,53935.51759357209
54,NL0 3 Invest,investable,NL0 3,1,0.0,53935.51759357209,53935.51759357206
54,NL0 30 Invest,investable,NL0 30,1,0.0,53935.51759357209,53935.51759357209
54,NL0 31 Invest,investable,NL0 31,1,1000.0,53935.51759357209,53935.51759357209
54,NL0 33 Invest,investable,NL0 33,1,8.819885124466966e-7,53935.51759357209,53935.51759357209
54,NL0 4 Invest,investable,NL0 4,1,1000.0,53935.51759357209,53935.51759357209
54,NL0 5 Invest,investable,NL0 5,1,769.8461471504454,53935.51759357209,53935.51759357209
54,NL0 6 Invest,investable,NL0 6,1,279.36192830409084,53935.51759357209,53935.51759357206
54,NL0 7 Invest,investable,NL0 7,1,879.8742998015293,53935.51759357209,53935.51759357206
54,NL0 8 Invest,investable,NL0 8,1,0.0,53935.51759357209,56062.95825067596
54,NL0 9 Invest,investable,NL0 9,1,472.8653645247922,53935.51759357209,53935.51759357209
54,NL0 1 biomass,legacy,NL0 1,1,71.0,53935.51759357209,53935.51759357209
54,NL0 1 waste,legacy,NL0 1,1,31.0,53935.51759357209,53935.51759357209
54,NL0 10 waste,legacy,NL0 10,1,150.0,53935.51759357209,53935.51759357209
54,NL0 11 biomass,legacy,NL0 11,1,20.0,53935.51759357209,53935.51759357209
54,NL0 11 waste,legacy,NL0 11,1,50.0,53935.51759357209,53935.51759357209
54,NL0 13 biomass,legacy,NL0 13,1,77.0,53935.51759357209,53935.51759357209
54,NL0 19 biomass,legacy,NL0 19,1,49.0,53935.51759357209,53935.51759357209
54,NL0 19 waste,legacy,NL0 19,1,36.0,53935.51759357209,53935.51759357209
54,NL0 22 biomass,legacy,NL0 22,1,500.0,53935.51759357209,53935.51759357209
54,NL0 25 waste,legacy,NL0 25,1,54.0,53935.51759357209,53935.51759357209
54,NL0 27 biomass,legacy,NL0 27,1,22.0,53935.51759357209,53935.51759357209
54,NL0 27 waste,legacy,NL0 27,1,71.2,53935.51759357209,53935.51759357209
54,NL0 3 biomass,legacy,NL0 3,1,22.0,53935.51759357209,53935.51759357209
54,NL0 3 waste,legacy,NL0 3,1,108.0,53935.51759357209,53935.51759357209
54,NL0 30 biomass,legacy,NL0 30,1,60.0,53935.51759357209,53935.51759357209
54,NL0 7 nuclear,legacy,NL0 7,1,515.0,53935.51759357209,53935.51759357209
54,NL0 7 waste,legacy,NL0 7,1,39.0,53935.51759357209,53935.51759357209
54,NL0 8 biomass,legacy,NL0 8,1,36.0,53935.51759357209,53935.51759357209
54,NL0 8 waste,legacy,NL0 8,1,157.0,53935.51759357209,53935.51759357209
54,NL0 9 biomass,legacy,NL0 9,1,20.0,53935.51759357209,53935.51759357209
54,NL0 0 0 solar,legacy,NL0 0,1,0.0,53935.51759357209,118658.1387058575
54,NL0 1 0 solar,legacy,NL0 1,1,0.0,53935.51759357209,118658.1387058575
54,NL0 10 0 solar,legacy,NL0 10,1,0.0,53935.51759357209,118658.1387058575
54,NL0 11 0 solar,legacy,NL0 11,1,0.0,53935.51759357209,118658.1387058575
54,NL0 12 0 solar,legacy,NL0 12,1,0.0,53935.51759357209,118658.1387058575
54,NL0 13 0 solar,legacy,NL0 13,1,0.0,53935.51759357209,118658.1387058575
54,NL0 14 0 solar,legacy,NL0 14,1,0.0,53935.51759357209,118658.1387058575
54,NL0 15 0 solar,legacy,NL0 15,1,0.0,53935.51759357209,118658.1387058575
54,NL0 16 0 solar,legacy,NL0 16,1,0.0,53935.51759357209,118658.1387058575
54,NL0 17 0 solar,legacy,NL0 17,1,0.0,53935.51759357209,53935.51759357209
54,NL0 18 0 solar,legacy,NL0 18,1,0.0,53935.51759357209,118658.1387058575
54,NL0 19 0 solar,legacy,NL0 19,1,0.0,53935.51759357209,118658.1387058575
54,NL0 2 0 solar,legacy,NL0 2,1,0.0,53935.51759357209,118658.1387058575
54,NL0 20 0 solar,legacy,NL0 20,1,0.0,53935.51759357209,118658.1387058575
54,NL0 21 0 solar,legacy,NL0 21,1,0.0,53935.51759357209,118658.1387058575
54,NL0 22 0 solar,legacy,NL0 22,1,0.0,53935.51759357209,118658.1387058575
54,NL0 23 0 solar,legacy,NL0 23,1,0.0,53935.51759357209,118658.1387058575
54,NL0 24 0 solar,legacy,NL0 24,1,0.0,53935.51759357209,118658.1387058575
54,NL0 25 0 solar,legacy,NL0 25,1,0.0,53935.51759357209,118658.1387058575
54,NL0 26 0 solar,legacy,NL0 26,1,0.0,53935.51759357209,118658.1387058575
54,NL0 27 0 solar,legacy,NL0 27,1,0.0,53935.51759357209,118658.1387058575
54,NL0 28 0 solar,legacy,NL0 28,1,0.0,53935.51759357209,118658.1387058575
54,NL0 3 0 solar,legacy,NL0 3,1,0.0,53935.51759357209,118658.1387058575
54,NL0 30 0 solar,legacy,NL0 30,1,0.0,53935.51759357209,53935.51759357209
54,NL0 31 0 solar,legacy,NL0 31,1,0.0,53935.51759357209,118658.1387058575
54,NL0 4 0 solar,legacy,NL0 4,1,0.0,53935.51759357209,118658.1387058575
54,NL0 5 0 solar,legacy,NL0 5,1,0.0,53935.51759357209,118658.1387058575
54,NL0 6 0 solar,legacy,NL0 6,1,0.0,53935.51759357209,118658.1387058575
54,NL0 7 0 solar,legacy,NL0 7,1,0.0,53935.51759357209,118658.1387058575
54,NL0 8 0 solar,legacy,NL0 8,1,0.0,53935.51759357209,118658.1387058575
54,NL0 9 0 solar,legacy,NL0 9,1,0.0,53935.51759357209,118658.1387058575
54,NL0 20 0 offwind-ac,legacy,NL0 20,1,0.0,53935.51759357209,53935.51759357209
54,NL0 27 0 offwind-ac,legacy,NL0 27,1,0.0,53935.51759357209,118658.1387058575
54,NL0 31 0 offwind-ac,legacy,NL0 31,1,0.0,53935.51759357209,118658.1387058575
54,NL0 32 0 offwind-ac,legacy,NL0 32,1,0.0,53935.51759357209,118658.1387058575
54,NL0 7 0 offwind-ac,legacy,NL0 7,1,0.0,53935.51759357209,53935.51759357209
54,NL0 0 0 onwind,legacy,NL0 0,1,0.0,53935.51759357209,118658.1387058575
54,NL0 1 0 onwind,legacy,NL0 1,1,0.0,53935.51759357209,118658.1387058575
54,NL0 10 0 onwind,legacy,NL0 10,1,0.0,53935.51759357209,118658.1387058575
54,NL0 11 0 onwind,legacy,NL0 11,1,0.0,53935.51759357209,118658.1387058575
54,NL0 12 0 onwind,legacy,NL0 12,1,0.0,53935.51759357209,53935.51759357209
54,NL0 13 0 onwind,legacy,NL0 13,1,0.0,53935.51759357209,118658.1387058575
54,NL0 14 0 onwind,legacy,NL0 14,1,0.0,53935.51759357209,118658.1387058575
54,NL0 15 0 onwind,legacy,NL0 15,1,0.0,53935.51759357209,118658.1387058575
54,NL0 17 0 onwind,legacy,NL0 17,1,0.0,53935.51759357209,118658.1387058575
54,NL0 19 0 onwind,legacy,NL0 19,1,0.0,53935.51759357209,118658.1387058575
54,NL0 2 0 onwind,legacy,NL0 2,1,0.0,53935.51759357209,118658.1387058575
54,NL0 20 0 onwind,legacy,NL0 20,1,0.0,53935.51759357209,118658.1387058575
54,NL0 21 0 onwind,legacy,NL0 21,1,0.0,53935.51759357209,118658.1387058575
54,NL0 22 0 onwind,legacy,NL0 22,1,0.0,53935.51759357209,118658.1387058575
54,NL0 23 0 onwind,legacy,NL0 23,1,0.0,53935.51759357209,118658.1387058575
54,NL0 24 0 onwind,legacy,NL0 24,1,0.0,53935.51759357209,118658.1387058575
54,NL0 27 0 onwind,legacy,NL0 27,1,0.0,53935.51759357209,118658.1387058575
54,NL0 3 0 onwind,legacy,NL0 3,1,0.0,53935.51759357209,118658.1387058575
54,NL0 30 0 onwind,legacy,NL0 30,1,0.0,53935.51759357209,118658.1387058575
54,NL0 31 0 onwind,legacy,NL0 31,1,0.0,53935.51759357209,118658.1387058575
54,NL0 4 0 onwind,legacy,NL0 4,1,0.0,53935.51759357209,118658.1387058575
54,NL0 5 0 onwind,legacy,NL0 5,1,0.0,53935.51759357209,53935.51759357209
54,NL0 6 0 onwind,legacy,NL0 6,1,0.0,53935.51759357209,118658.1387058575
54,NL0 7 0 onwind,legacy,NL0 7,1,0.0,53935.51759357209,118658.1387058575
54,NL0 8 0 onwind,legacy,NL0 8,1,0.0,53935.51759357209,118658.1387058575
54,NL0 9 0 onwind,legacy,NL0 9,1,0.0,53935.51759357209,53935.51759357209
55,NL0 0 Invest,investable,NL0 0,1,0.0,53935.51759343587,59329.06935292875
55,NL0 1 Invest,investable,NL0 1,1,1000.0,53935.51759343587,53935.51759357159
55,NL0 10 Invest,investable,NL0 10,1,0.0,53935.51759343587,59329.06935292875
55,NL0 11 Invest,investable,NL0 11,1,1000.0,53935.51759343587,53935.51759357159
55,NL0 12 Invest,investable,NL0 12,1,1000.0,53935.51759343587,53935.51759343562
55,NL0 13 Invest,investable,NL0 13,1,1000.0,53935.51759343587,53935.51759357159
55,NL0 14 Invest,investable,NL0 14,1,1000.0,53935.51759343587,53935.51759343575
55,NL0 15 Invest,investable,NL0 15,1,1000.0,53935.51759343587,53935.51759343575
55,NL0 16 Invest,investable,NL0 16,1,0.0,53935.51759343587,59329.06935292875
55,NL0 17 Invest,investable,NL0 17,1,0.0,53935.51759343587,59329.06935292875
55,NL0 18 Invest,investable,NL0 18,1,0.0,53935.51759343587,59329.06935292875
55,NL0 19 Invest,investable,NL0 19,1,1000.0,53935.51759343587,53935.51759343575
55,NL0 2 Invest,investable,NL0 2,1,1000.0,53935.51759343587,53935.51759343575
55,NL0 20 Invest,investable,NL0 20,1,0.0,53935.51759343587,59329.06935292875
55,NL0 21 Invest,investable,NL0 21,1,0.0,53935.51759343587,59329.06935292875
55,NL0 22 Invest,investable,NL0 22,1,0.0,53935.51759343587,53935.51759357159
55,NL0 23 Invest,investable,NL0 23,1,0.0,53935.51759343587,59329.06935292875
55,NL0 24 Invest,investable,NL0 24,1,0.0,53935.51759343587,59329.06935292875
55,NL0 25 Invest,investable,NL0 25,1,1000.0,53935.51759343587,53935.51759343575
55,NL0 26 Invest,investable,NL0 26,1,1000.0,53935.51759343587,53935.51759343575
55,NL0 27 Invest,investable,NL0 27,1,0.0,53935.51759343587,59329.06935292875
55,NL0 28 Invest,investable,NL0 28,1,1000.0,53935.51759343587,53935.51759343575
55,NL0 3 Invest,investable,NL0 3,1,0.0,53935.51759343587,59329.06935292875
55,NL0 30 Invest,investable,NL0 30,1,0.0,53935.51759343587,59329.06935292875
55,NL0 31 Invest,investable,NL0 31,1,1000.0,53935.51759343587,53935.51759343575
55,NL0 33 Invest,investable,NL0 33,1,0.0,53935.51759343587,59329.06935292875
55,NL0 4 Invest,investable,NL0 4,1,1000.0,53935.51759343587,53935.51759343575
55,NL0 5 Invest,investable,NL0 5,1,0.0,53935.51759343587,53935.51759357159
55,NL0 6 Invest,investable,NL0 6,1,634.5076028511185,53935.51759343587,53935.51759357159
55,NL0 7 Invest,investable,NL0 7,1,0.0,53935.51759343587,53935.51759357159
55,NL0 8 Invest,investable,NL0 8,1,0.0,53935.51759343587,59329.06935292875
55,NL0 9 Invest,investable,NL0 9,1,1000.0,53935.51759343587,53935.51759357159
55,NL0 1 biomass,legacy,NL0 1,1,71.0,53935.51759343587,53935.51759343587
55,NL0 1 waste,legacy,NL0 1,1,31.0,53935.51759343587,53935.51759343587
55,NL0 10 waste,legacy,NL0 10,1,150.0,53935.51759343587,53935.51759343587
55,NL0 11 biomass,legacy,NL0 11,1,20.0,53935.51759343587,53935.51759343587
55,NL0 11 waste,legacy,NL0 11,1,50.0,53935.51759343587,53935.51759343587
55,NL0 13 biomass,legacy,NL0 13,1,77.0,53935.51759343587,53935.51759343587
55,NL0 19 biomass,legacy,NL0 19,1,49.0,53935.51759343587,53935.51759343587
55,NL0 19 waste,legacy,NL0 19,1,36.0,53935.51759343587,53935.51759343587
55,NL0 22 biomass,legacy,NL0 22,1,500.0,53935.51759343587,53935.51759343587
55,NL0 25 waste,legacy,NL0 25,1,54.0,53935.51759343587,53935.51759343587
55,NL0 27 biomass,legacy,NL0 27,1,22.0,53935.51759343587,53935.51759343587
55,NL0 27 waste,legacy,NL0 27,1,71.2,53935.51759343587,53935.51759343587
55,NL0 3 biomass,legacy,NL0 3,1,22.0,53935.51759343587,53935.51759343587
55,NL0 3 waste,legacy,NL0 3,1,108.0,53935.51759343587,53935.51759343587
55,NL0 30 biomass,legacy,NL0 30,1,60.0,53935.51759343587,53935.51759343587
55,NL0 7 nuclear,legacy,NL0 7,1,515.0,53935.51759343587,53935.51759343587
55,NL0 7 waste,legacy,NL0 7,1,39.0,53935.51759343587,53935.51759343587
55,NL0 8 biomass,legacy,NL0 8,1,36.0,53935.51759343587,53935.51759343587
55,NL0 8 waste,legacy,NL0 8,1,157.0,53935.51759343587,53935.51759343587
55,NL0 9 biomass,legacy,NL0 9,1,20.0,53935.51759343587,53935.51759343587
55,NL0 0 0 solar,legacy,NL0 0,1,0.0,53935.51759343587,53935.517593435754
55,NL0 1 0 solar,legacy,NL0 1,1,0.0,53935.51759343587,53935.517593435754
55,NL0 10 0 solar,legacy,NL0 10,1,0.0,53935.51759343587,53935.517593435754
55,NL0 11 0 solar,legacy,NL0 11,1,0.0,53935.51759343587,53935.517593435754
55,NL0 12 0 solar,legacy,NL0 12,1,0.0,53935.51759343587,53935.517593435754
55,NL0 13 0 solar,legacy,NL0 13,1,0.0,53935.51759343587,53935.517593435754
55,NL0 14 0 solar,legacy,NL0 14,1,0.0,53935.51759343587,53935.517593435754
55,NL0 15 0 solar,legacy,NL0 15,1,0.0,53935.51759343587,53935.517593435754
55,NL0 16 0 solar,legacy,NL0 16,1,0.0,53935.51759343587,53935.517593435754
55,NL0 17 0 solar,legacy,NL0 17,1,0.0,53935.51759343587,53935.517593435754
55,NL0 18 0 solar,legacy,NL0 18,1,0.0,53935.51759343587,53935.517593435754
55,NL0 19 0 solar,legacy,NL0 19,1,0.0,53935.51759343587,53935.517593435754
55,NL0 2 0 solar,legacy,NL0 2,1,0.0,53935.51759343587,53935.517593435754
55,NL0 20 0 solar,legacy,NL0 20,1,0.0,53935.51759343587,53935.517593435754
55,NL0 21 0 solar,legacy,NL0 21,1,0.0,53935.51759343587,53935.517593435754
55,NL0 22 0 solar,legacy,NL0 22,1,0.0,53935.51759343587,53935.517593435754
55,NL0 23 0 solar,legacy,NL0 23,1,0.0,53935.51759343587,53935.517593435754
55,NL0 24 0 solar,legacy,NL0 24,1,0.0,53935.51759343587,53935.517593435754
55,NL0 25 0 solar,legacy,NL0 25,1,0.0,53935.51759343587,53935.517593435754
55,NL0 26 0 solar,legacy,NL0 26,1,0.0,53935.51759343587,53935.517593435754
55,NL0 27 0 solar,legacy,NL0 27,1,0.0,53935.51759343587,53935.517593435754
55,NL0 28 0 solar,legacy,NL0 28,1,0.0,53935.51759343587,53935.517593435754
55,NL0 3 0 solar,legacy,NL0 3,1,0.0,53935.51759343587,53935.517593435754
55,NL0 30 0 solar,legacy,NL0 30,1,0.0,53935.51759343587,53935.517593435754
55,NL0 31 0 solar,legacy,NL0 31,1,0.0,53935.51759343587,53935.517593435754
55,NL0 4 0 solar,legacy,NL0 4,1,0.0,53935.51759343587,53935.517593435754
55,NL0 5 0 solar,legacy,NL0 5,1,0.0,53935.51759343587,53935.517593435754
55,NL0 6 0 solar,legacy,NL0 6,1,0.0,53935.51759343587,53935.517593435754
55,NL0 7 0 solar,legacy,NL0 7,1,0.0,53935.51759343587,53935.517593435754
55,NL0 8 0 solar,legacy,NL0 8,1,0.0,53935.51759343587,53935.517593435754
55,NL0 9 0 solar,legacy,NL0 9,1,0.0,53935.51759343587,53935.517593435754
55,NL0 20 0 offwind-ac,legacy,NL0 20,1,0.0,53935.51759343587,53935.517593435754
55,NL0 27 0 offwind-ac,legacy,NL0 27,1,0.0,53935.51759343587,53935.517593435754
55,NL0 31 0 offwind-ac,legacy,NL0 31,1,0.0,53935.51759343587,53935.517593435754
55,NL0 32 0 offwind-ac,legacy,NL0 32,1,0.0,53935.51759343587,53935.517593435754
55,NL0 7 0 offwind-ac,legacy,NL0 7,1,0.0,53935.51759343587,53935.517593435754
55,NL0 0 0 onwind,legacy,NL0 0,1,0.0,53935.51759343587,53935.517593435754
55,NL0 1 0 onwind,legacy,NL0 1,1,0.0,53935.51759343587,53935.517593435754
55,NL0 10 0 onwind,legacy,NL0 10,1,0.0,53935.51759343587,53935.517593435754
55,NL0 11 0 onwind,legacy,NL0 11,1,0.0,53935.51759343587,53935.517593435754
55,NL0 12 0 onwind,legacy,NL0 12,1,0.0,53935.51759343587,53935.517593435754
55,NL0 13 0 onwind,legacy,NL0 13,1,0.0,53935.51759343587,53935.517593435754
55,NL0 14 0 onwind,legacy,NL0 14,1,0.0,53935.51759343587,53935.517593435754
55,NL0 15 0 onwind,legacy,NL0 15,1,0.0,53935.51759343587,53935.517593435754
55,NL0 17 0 onwind,legacy,NL0 17,1,0.0,53935.51759343587,53935.517593435754
55,NL0 19 0 onwind,legacy,NL0 19,1,0.0,53935.51759343587,53935.517593435754
55,NL0 2 0 onwind,legacy,NL0 2,1,0.0,53935.51759343587,53935.517593435754
55,NL0 20 0 onwind,legacy,NL0 20,1,0.0,53935.51759343587,53935.517593435754
55,NL0 21 0 onwind,legacy,NL0 21,1,0.0,53935.51759343587,53935.517593435754
55,NL0 22 0 onwind,legacy,NL0 22,1,0.0,53935.51759343587,53935.517593435754
55,NL0 23 0 onwind,legacy,NL0 23,1,0.0,53935.51759343587,53935.517593435754
55,NL0 24 0 onwind,legacy,NL0 24,1,0.0,53935.51759343587,53935.517593435754
55,NL0 27 0 onwind,legacy,NL0 27,1,0.0,53935.51759343587,53935.517593435754
55,NL0 3 0 onwind,legacy,NL0 3,1,0.0,53935.51759343587,53935.517593435754
55,NL0 30 0 onwind,legacy,NL0 30,1,0.0,53935.51759343587,53935.517593435754
55,NL0 31 0 onwind,legacy,NL0 31,1,0.0,53935.51759343587,53935.517593435754
55,NL0 4 0 onwind,legacy,NL0 4,1,0.0,53935.51759343587,53935.517593435754
55,NL0 5 0 onwind,legacy,NL0 5,1,0.0,53935.51759343587,53935.517593435754
55,NL0 6 0 onwind,legacy,NL0 6,1,0.0,53935.51759343587,53935.517593435754
55,NL0 7 0 onwind,legacy,NL0 7,1,0.0,53935.51759343587,53935.517593435754
55,NL0 8 0 onwind,legacy,NL0 8,1,0.0,53935.51759343587,53935.517593435754
55,NL0 9 0 onwind,legacy,NL0 9,1,0.0,53935.51759343587,53935.517593435754
56,NL0 0 Invest,investable,NL0 0,1,0.0,53935.51759343587,59329.06935292875
56,NL0 1 Invest,investable,NL0 1,1,0.0,53935.51759343587,53935.51759357159
56,NL0 10 Invest,investable,NL0 10,1,0.0,53935.51759343587,59329.06935292875
56,NL0 11 Invest,investable,NL0 11,1,0.0,53935.51759343587,53935.51759357159
56,NL0 12 Invest,investable,NL0 12,1,1000.0,53935.51759343587,53935.51759343562
56,NL0 13 Invest,investable,NL0 13,1,0.0,53935.51759343587,53935.51759357159
56,NL0 14 Invest,investable,NL0 14,1,1000.0,53935.51759343587,53935.51759343575
56,NL0 15 Invest,investable,NL0 15,1,1000.0,53935.51759343587,53935.51759343575
56,NL0 16 Invest,investable,NL0 16,1,0.0,53935.51759343587,59329.06935292875
56,NL0 17 Invest,investable,NL0 17,1,0.0,53935.51759343587,59329.06935292875
56,NL0 18 Invest,investable,NL0 18,1,0.0,53935.51759343587,59329.06935292875
56,NL0 19 Invest,investable,NL0 19,1,1000.0,53935.51759343587,53935.51759343575
56,NL0 2 Invest,investable,NL0 2,1,1000.0,53935.51759343587,53935.51759343575
56,NL0 20 Invest,investable,NL0 20,1,0.0,53935.51759343587,59329.06935292875
56,NL0 21 Invest,investable,NL0 21,1,0.0,53935.51759343587,59329.06935292875
56,NL0 22 Invest,investable,NL0 22,1,1000.0,53935.51759343587,53935.51759357159
56,NL0 23 Invest,investable,NL0 23,1,0.0,53935.51759343587,59329.06935292875
56,NL0 24 Invest,investable,NL0 24,1,0.0,53935.51759343587,59329.06935292875
56,NL0 25 Invest,investable,NL0 25,1,1000.0,53935.51759343587,53935.51759343575
56,NL0 26 Invest,investable,NL0 26,1,1000.0,53935.51759343587,53935.51759343575
56,NL0 27 Invest,investable,NL0 27,1,0.0,53935.51759343587,59329.06935292875
56,NL0 28 Invest,investable,NL0 28,1,1000.0,53935.51759343587,53935.51759343575
56,NL0 3 Invest,investable,NL0 3,1,0.0,53935.51759343587,59329.06935292875
56,NL0 30 Invest,investable,NL0 30,1,0.0,53935.51759343587,59329.06935292875
56,NL0 31 Invest,investable,NL0 31,1,1000.0,53935.51759343587,53935.51759343575
56,NL0 33 Invest,investable,NL0 33,1,0.0,53935.51759343587,59329.06935292875
56,NL0 4 Invest,investable,NL0 4,1,1000.0,53935.51759343587,53935.51759343575
56,NL0 5 Invest,investable,NL0 5,1,1000.0,53935.51759343587,53935.51759357159
56,NL0 6 Invest,investable,NL0 6,1,1000.0,53935.51759343587,53935.51759357159
56,NL0 7 Invest,investable,NL0 7,1,1000.0,53935.51759343587,53935.51759357159
56,NL0 8 Invest,investable,NL0 8,1,0.0,53935.51759343587,59329.06935292875
56,NL0 9 Invest,investable,NL0 9,1,634.5076028511185,53935.51759343587,53935.51759357159
56,NL0 1 biomass,legacy,NL0 1,1,71.0,53935.51759343587,53935.51759343587
56,NL0 1 waste,legacy,NL0 1,1,31.0,53935.51759343587,53935.51759343587
56,NL0 10 waste,legacy,NL0 10,1,150.0,53935.51759343587,53935.51759343587
56,NL0 11 biomass,legacy,NL0 11,1,20.0,53935.51759343587,53935.51759343587
56,NL0 11 waste,legacy,NL0 11,1,50.0,53935.51759343587,53935.51759343587
56,NL0 13 biomass,legacy,NL0 13,1,77.0,53935.51759343587,53935.51759343587
56,NL0 19 biomass,legacy,NL0 19,1,49.0,53935.51759343587,53935.51759343587
56,NL0 19 waste,legacy,NL0 19,1,36.0,53935.51759343587,53935.51759343587
56,NL0 22 biomass,legacy,NL0 22,1,500.0,53935.51759343587,53935.51759343587
56,NL0 25 waste,legacy,NL0 25,1,54.0,53935.51759343587,53935.51759343587
56,NL0 27 biomass,legacy,NL0 27,1,22.0,53935.51759343587,53935.51759343587
56,NL0 27 waste,legacy,NL0 27,1,71.2,53935.51759343587,53935.51759343587
56,NL0 3 biomass,legacy,NL0 3,1,22.0,53935.51759343587,53935.51759343587
56,NL0 3 waste,legacy,NL0 3,1,108.0,53935.51759343587,53935.51759343587
56,NL0 30 biomass,legacy,NL0 30,1,60.0,53935.51759343587,53935.51759343587
56,NL0 7 nuclear,legacy,NL0 7,1,515.0,53935.51759343587,53935.51759343587
56,NL0 7 waste,legacy,NL0 7,1,39.0,53935.51759343587,53935.51759343587
56,NL0 8 biomass,legacy,NL0 8,1,36.0,53935.51759343587,53935.51759343587
56,NL0 8 waste,legacy,NL0 8,1,157.0,53935.51759343587,53935.51759343587
56,NL0 9 biomass,legacy,NL0 9,1,20.0,53935.51759343587,53935.51759343587
56,NL0 0 0 solar,legacy,NL0 0,1,0.0,53935.51759343587,53935.517593435754
56,NL0 1 0 solar,legacy,NL0 1,1,0.0,53935.51759343587,53935.517593435754
56,NL0 10 0 solar,legacy,NL0 10,1,0.0,53935.51759343587,53935.517593435754
56,NL0 11 0 solar,legacy,NL0 11,1,0.0,53935.51759343587,53935.517593435754
56,NL0 12 0 solar,legacy,NL0 12,1,0.0,53935.51759343587,53935.517593435754
56,NL0 13 0 solar,legacy,NL0 13,1,0.0,53935.51759343587,53935.517593435754
56,NL0 14 0 solar,legacy,NL0 14,1,0.0,53935.51759343587,53935.517593435754
56,NL0 15 0 solar,legacy,NL0 15,1,0.0,53935.51759343587,53935.517593435754
56,NL0 16 0 solar,legacy,NL0 16,1,0.0,53935.51759343587,53935.517593435754
56,NL0 17 0 solar,legacy,NL0 17,1,0.0,53935.51759343587,53935.517593435754
56,NL0 18 0 solar,legacy,NL0 18,1,0.0,53935.51759343587,53935.517593435754
56,NL0 19 0 solar,legacy,NL0 19,1,0.0,53935.51759343587,53935.517593435754
56,NL0 2 0 solar,legacy,NL0 2,1,0.0,53935.51759343587,53935.517593435754
56,NL0 20 0 solar,legacy,NL0 20,1,0.0,53935.51759343587,53935.517593435754
56,NL0 21 0 solar,legacy,NL0 21,1,0.0,53935.51759343587,53935.517593435754
56,NL0 22 0 solar,legacy,NL0 22,1,0.0,53935.51759343587,53935.517593435754
56,NL0 23 0 solar,legacy,NL0 23,1,0.0,53935.51759343587,53935.517593435754
56,NL0 24 0 solar,legacy,NL0 24,1,0.0,53935.51759343587,53935.517593435754
56,NL0 25 0 solar,legacy,NL0 25,1,0.0,53935.51759343587,53935.517593435754
56,NL0 26 0 solar,legacy,NL0 26,1,0.0,53935.51759343587,53935.517593435754
56,NL0 27 0 solar,legacy,NL0 27,1,0.0,53935.51759343587,53935.517593435754
56,NL0 28 0 solar,legacy,NL0 28,1,0.0,53935.51759343587,53935.517593435754
56,NL0 3 0 solar,legacy,NL0 3,1,0.0,53935.51759343587,53935.517593435754
56,NL0 30 0 solar,legacy,NL0 30,1,0.0,53935.51759343587,53935.517593435754
56,NL0 31 0 solar,legacy,NL0 31,1,0.0,53935.51759343587,53935.517593435754
56,NL0 4 0 solar,legacy,NL0 4,1,0.0,53935.51759343587,53935.517593435754
56,NL0 5 0 solar,legacy,NL0 5,1,0.0,53935.51759343587,53935.517593435754
56,NL0 6 0 solar,legacy,NL0 6,1,0.0,53935.51759343587,53935.517593435754
56,NL0 7 0 solar,legacy,NL0 7,1,0.0,53935.51759343587,53935.517593435754
56,NL0 8 0 solar,legacy,NL0 8,1,0.0,53935.51759343587,53935.517593435754
56,NL0 9 0 solar,legacy,NL0 9,1,0.0,53935.51759343587,53935.517593435754
56,NL0 20 0 offwind-ac,legacy,NL0 20,1,0.0,53935.51759343587,53935.517593435754
56,NL0 27 0 offwind-ac,legacy,NL0 27,1,0.0,53935.51759343587,53935.517593435754
56,NL0 31 0 offwind-ac,legacy,NL0 31,1,0.0,53935.51759343587,53935.517593435754
56,NL0 32 0 offwind-ac,legacy,NL0 32,1,0.0,53935.51759343587,53935.517593435754
56,NL0 7 0 offwind-ac,legacy,NL0 7,1,0.0,53935.51759343587,53935.517593435754
56,NL0 0 0 onwind,legacy,NL0 0,1,0.0,53935.51759343587,53935.517593435754
56,NL0 1 0 onwind,legacy,NL0 1,1,0.0,53935.51759343587,53935.517593435754
56,NL0 10 0 onwind,legacy,NL0 10,1,0.0,53935.51759343587,53935.517593435754
56,NL0 11 0 onwind,legacy,NL0 11,1,0.0,53935.51759343587,53935.517593435754
56,NL0 12 0 onwind,legacy,NL0 12,1,0.0,53935.51759343587,53935.517593435754
56,NL0 13 0 onwind,legacy,NL0 13,1,0.0,53935.51759343587,53935.517593435754
56,NL0 14 0 onwind,legacy,NL0 14,1,0.0,53935.51759343587,53935.517593435754
56,NL0 15 0 onwind,legacy,NL0 15,1,0.0,53935.51759343587,53935.517593435754
56,NL0 17 0 onwind,legacy,NL0 17,1,0.0,53935.51759343587,53935.517593435754
56,NL0 19 0 onwind,legacy,NL0 19,1,0.0,53935.51759343587,53935.517593435754
56,NL0 2 0 onwind,legacy,NL0 2,1,0.0,53935.51759343587,53935.517593435754
56,NL0 20 0 onwind,legacy,NL0 20,1,0.0,53935.51759343587,53935.517593435754
56,NL0 21 0 onwind,legacy,NL0 21,1,0.0,53935.51759343587,53935.517593435754
56,NL0 22 0 onwind,legacy,NL0 22,1,0.0,53935.51759343587,53935.517593435754
56,NL0 23 0 onwind,legacy,NL0 23,1,0.0,53935.51759343587,53935.517593435754
56,NL0 24 0 onwind,legacy,NL0 24,1,0.0,53935.51759343587,53935.517593435754
56,NL0 27 0 onwind,legacy,NL0 27,1,0.0,53935.51759343587,53935.517593435754
56,NL0 3 0 onwind,legacy,NL0 3,1,0.0,53935.51759343587,53935.517593435754
56,NL0 30 0 onwind,legacy,NL0 30,1,0.0,53935.51759343587,53935.517593435754
56,NL0 31 0 onwind,legacy,NL0 31,1,0.0,53935.51759343587,53935.517593435754
56,NL0 4 0 onwind,legacy,NL0 4,1,0.0,53935.51759343587,53935.517593435754
56,NL0 5 0 onwind,legacy,NL0 5,1,0.0,53935.51759343587,53935.517593435754
56,NL0 6 0 onwind,legacy,NL0 6,1,0.0,53935.51759343587,53935.517593435754
56,NL0 7 0 onwind,legacy,NL0 7,1,0.0,53935.51759343587,53935.517593435754
56,NL0 8 0 onwind,legacy,NL0 8,1,0.0,53935.51759343587,53935.517593435754
56,NL0 9 0 onwind,legacy,NL0 9,1,0.0,53935.51759343587,53935.517593435754
57,NL0 0 Invest,investable,NL0 0,1,0.0,53935.51759343587,59329.06935292875
57,NL0 1 Invest,investable,NL0 1,1,544.9553169523765,53935.51759343587,53935.51759357159
57,NL0 10 Invest,investable,NL0 10,1,0.0,53935.51759343587,59329.06935292875
57,NL0 11 Invest,investable,NL0 11,1,465.00887396520193,53935.51759343587,53935.51759357159
57,NL0 12 Invest,investable,NL0 12,1,1000.0,53935.51759343587,53935.51759343562
57,NL0 13 Invest,investable,NL0 13,1,764.6818877821147,53935.51759343587,53935.51759357159
57,NL0 14 Invest,investable,NL0 14,1,1000.0,53935.51759343587,53935.51759343575
57,NL0 15 Invest,investable,NL0 15,1,1000.0,53935.51759343587,53935.51759343575
57,NL0 16 Invest,investable,NL0 16,1,0.0,53935.51759343587,59329.06935292875
57,NL0 17 Invest,investable,NL0 17,1,0.0,53935.51759343587,59329.06935292875
57,NL0 18 Invest,investable,NL0 18,1,0.0,53935.51759343587,59329.06935292875
57,NL0 19 Invest,investable,NL0 19,1,1000.0,53935.51759343587,53935.51759343575
57,NL0 2 Invest,investable,NL0 2,1,1000.0,53935.51759343587,53935.51759343575
57,NL0 20 Invest,investable,NL0 20,1,0.0,53935.51759343587,59329.06935292875
57,NL0 21 Invest,investable,NL0 21,1,0.0,53935.51759343587,59329.06935292875
57,NL0 22 Invest,investable,NL0 22,1,457.9137837282733,53935.51759343587,53935.51759357159
57,NL0 23 Invest,investable,NL0 23,1,0.0,53935.51759343587,59329.06935292875
57,NL0 24 Invest,investable,NL0 24,1,0.0,53935.51759343587,59329.06935292875
57,NL0 25 Invest,investable,NL0 25,1,1000.0,53935.51759343587,53935.51759343575
57,NL0 26 Invest,investable,NL0 26,1,1000.0,53935.51759343587,53935.51759343575
57,NL0 27 Invest,investable,NL0 27,1,0.0,53935.51759343587,59329.06935292875
57,NL0 28 Invest,investable,NL0 28,1,1000.0,53935.51759343587,53935.51759343575
57,NL0 3 Invest,investable,NL0 3,1,0.0,53935.51759343587,59329.06935292875
57,NL0 30 Invest,investable,NL0 30,1,0.0,53935.51759343587,59329.06935292875
57,NL0 31 Invest,investable,NL0 31,1,1000.0,53935.51759343587,53935.51759343575
57,NL0 33 Invest,investable,NL0 33,1,0.0,53935.51759343587,59329.06935292875
57,NL0 4 Invest,investable,NL0 4,1,1000.0,53935.51759343587,53935.51759343575
57,NL0 5 Invest,investable,NL0 5,1,769.8461471719233,53935.51759343587,53935.51759357159
57,NL0 6 Invest,investable,NL0 6,1,279.3619283044868,53935.51759343587,53935.51759357159
57,NL0 7 Invest,investable,NL0 7,1,879.8743004219482,53935.51759343587,53935.51759357159
57,NL0 8 Invest,investable,NL0 8,1,0.0,53935.51759343587,59329.06935292875
57,NL0 9 Invest,investable,NL0 9,1,472.8653645247937,53935.51759343587,53935.51759357159
57,NL0 1 biomass,legacy,NL0 1,1,71.0,53935.51759343587,53935.51759343587
57,NL0 1 waste,legacy,NL0 1,1,31.0,53935.51759343587,53935.51759343587
57,NL0 10 waste,legacy,NL0 10,1,150.0,53935.51759343587,53935.51759343587
57,NL0 11 biomass,legacy,NL0 11,1,20.0,53935.51759343587,53935.51759343587
57,NL0 11 waste,legacy,NL0 11,1,50.0,53935.51759343587,53935.51759343587
57,NL0 13 biomass,legacy,NL0 13,1,77.0,53935.51759343587,53935.51759343587
57,NL0 19 biomass,legacy,NL0 19,1,49.0,53935.51759343587,53935.51759343587
57,NL0 19 waste,legacy,NL0 19,1,36.0,53935.51759343587,53935.51759343587
57,NL0 22 biomass,legacy,NL0 22,1,500.0,53935.51759343587,53935.51759343587
57,NL0 25 waste,legacy,NL0 25,1,54.0,53935.51759343587,53935.51759343587
57,NL0 27 biomass,legacy,NL0 27,1,22.0,53935.51759343587,53935.51759343587
57,NL0 27 waste,legacy,NL0 27,1,71.2,53935.51759343587,53935.51759343587
57,NL0 3 biomass,legacy,NL0 3,1,22.0,53935.51759343587,53935.51759343587
57,NL0 3 waste,legacy,NL0 3,1,108.0,53935.51759343587,53935.51759343587
57,NL0 30 biomass,legacy,NL0 30,1,60.0,53935.51759343587,53935.51759343587
57,NL0 7 nuclear,legacy,NL0 7,1,515.0,53935.51759343587,53935.51759343587
57,NL0 7 waste,legacy,NL0 7,1,39.0,53935.51759343587,53935.51759343587
57,NL0 8 biomass,legacy,NL0 8,1,36.0,53935.51759343587,53935.51759343587
57,NL0 8 waste,legacy,NL0 8,1,157.0,53935.51759343587,53935.51759343587
57,NL0 9 biomass,legacy,NL0 9,1,20.0,53935.51759343587,53935.51759343587
57,NL0 0 0 solar,legacy,NL0 0,1,0.0,53935.51759343587,53935.517593435754
57,NL0 1 0 solar,legacy,NL0 1,1,0.0,53935.51759343587,53935.517593435754
57,NL0 10 0 solar,legacy,NL0 10,1,0.0,53935.51759343587,53935.517593435754
57,NL0 11 0 solar,legacy,NL0 11,1,0.0,53935.51759343587,53935.517593435754
57,NL0 12 0 solar,legacy,NL0 12,1,0.0,53935.51759343587,53935.517593435754
57,NL0 13 0 solar,legacy,NL0 13,1,0.0,53935.51759343587,53935.517593435754
57,NL0 14 0 solar,legacy,NL0 14,1,0.0,53935.51759343587,53935.517593435754
57,NL0 15 0 solar,legacy,NL0 15,1,0.0,53935.51759343587,53935.517593435754
57,NL0 16 0 solar,legacy,NL0 16,1,0.0,53935.51759343587,53935.517593435754
57,NL0 17 0 solar,legacy,NL0 17,1,0.0,53935.51759343587,53935.517593435754
57,NL0 18 0 solar,legacy,NL0 18,1,0.0,53935.51759343587,53935.517593435754
57,NL0 19 0 solar,legacy,NL0 19,1,0.0,53935.51759343587,53935.517593435754
57,NL0 2 0 solar,legacy,NL0 2,1,0.0,53935.51759343587,53935.517593435754
57,NL0 20 0 solar,legacy,NL0 20,1,0.0,53935.51759343587,53935.517593435754
57,NL0 21 0 solar,legacy,NL0 21,1,0.0,53935.51759343587,53935.517593435754
57,NL0 22 0 solar,legacy,NL0 22,1,0.0,53935.51759343587,53935.517593435754
57,NL0 23 0 solar,legacy,NL0 23,1,0.0,53935.51759343587,53935.517593435754
57,NL0 24 0 solar,legacy,NL0 24,1,0.0,53935.51759343587,53935.517593435754
57,NL0 25 0 solar,legacy,NL0 25,1,0.0,53935.51759343587,53935.517593435754
57,NL0 26 0 solar,legacy,NL0 26,1,0.0,53935.51759343587,53935.517593435754
57,NL0 27 0 solar,legacy,NL0 27,1,0.0,53935.51759343587,53935.517593435754
57,NL0 28 0 solar,legacy,NL0 28,1,0.0,53935.51759343587,53935.517593435754
57,NL0 3 0 solar,legacy,NL0 3,1,0.0,53935.51759343587,53935.517593435754
57,NL0 30 0 solar,legacy,NL0 30,1,0.0,53935.51759343587,53935.517593435754
57,NL0 31 0 solar,legacy,NL0 31,1,0.0,53935.51759343587,53935.517593435754
57,NL0 4 0 solar,legacy,NL0 4,1,0.0,53935.51759343587,53935.517593435754
57,NL0 5 0 solar,legacy,NL0 5,1,0.0,53935.51759343587,53935.517593435754
57,NL0 6 0 solar,legacy,NL0 6,1,0.0,53935.51759343587,53935.517593435754
57,NL0 7 0 solar,legacy,NL0 7,1,0.0,53935.51759343587,53935.517593435754
57,NL0 8 0 solar,legacy,NL0 8,1,0.0,53935.51759343587,53935.517593435754
57,NL0 9 0 solar,legacy,NL0 9,1,0.0,53935.51759343587,53935.517593435754
57,NL0 20 0 offwind-ac,legacy,NL0 20,1,0.0,53935.51759343587,53935.517593435754
57,NL0 27 0 offwind-ac,legacy,NL0 27,1,0.0,53935.51759343587,53935.517593435754
57,NL0 31 0 offwind-ac,legacy,NL0 31,1,0.0,53935.51759343587,53935.517593435754
57,NL0 32 0 offwind-ac,legacy,NL0 32,1,0.0,53935.51759343587,53935.517593435754
57,NL0 7 0 offwind-ac,legacy,NL0 7,1,0.0,53935.51759343587,53935.517593435754
57,NL0 0 0 onwind,legacy,NL0 0,1,0.0,53935.51759343587,53935.517593435754
57,NL0 1 0 onwind,legacy,NL0 1,1,0.0,53935.51759343587,53935.517593435754
57,NL0 10 0 onwind,legacy,NL0 10,1,0.0,53935.51759343587,53935.517593435754
57,NL0 11 0 onwind,legacy,NL0 11,1,0.0,53935.51759343587,53935.517593435754
57,NL0 12 0 onwind,legacy,NL0 12,1,0.0,53935.51759343587,53935.517593435754
57,NL0 13 0 onwind,legacy,NL0 13,1,0.0,53935.51759343587,53935.517593435754
57,NL0 14 0 onwind,legacy,NL0 14,1,0.0,53935.51759343587,53935.517593435754
57,NL0 15 0 onwind,legacy,NL0 15,1,0.0,53935.51759343587,53935.517593435754
57,NL0 17 0 onwind,legacy,NL0 17,1,0.0,53935.51759343587,53935.517593435754
57,NL0 19 0 onwind,legacy,NL0 19,1,0.0,53935.51759343587,53935.517593435754
57,NL0 2 0 onwind,legacy,NL0 2,1,0.0,53935.51759343587,53935.517593435754
57,NL0 20 0 onwind,legacy,NL0 20,1,0.0,53935.51759343587,53935.517593435754
57,NL0 21 0 onwind,legacy,NL0 21,1,0.0,53935.51759343587,53935.517593435754
57,NL0 22 0 onwind,legacy,NL0 22,1,0.0,53935.51759343587,53935.517593435754
57,NL0 23 0 onwind,legacy,NL0 23,1,0.0,53935.51759343587,53935.517593435754
57,NL0 24 0 onwind,legacy,NL0 24,1,0.0,53935.51759343587,53935.517593435754
57,NL0 27 0 onwind,legacy,NL0 27,1,0.0,53935.51759343587,53935.517593435754
57,NL0 3 0 onwind,legacy,NL0 3,1,0.0,53935.51759343587,53935.517593435754
57,NL0 30 0 onwind,legacy,NL0 30,1,0.0,53935.51759343587,53935.517593435754
57,NL0 31 0 onwind,legacy,NL0 31,1,0.0,53935.51759343587,53935.517593435754
57,NL0 4 0 onwind,legacy,NL0 4,1,0.0,53935.51759343587,53935.517593435754
57,NL0 5 0 onwind,legacy,NL0 5,1,0.0,53935.51759343587,53935.517593435754
57,NL0 6 0 onwind,legacy,NL0 6,1,0.0,53935.51759343587,53935.517593435754
57,NL0 7 0 onwind,legacy,NL0 7,1,0.0,53935.51759343587,53935.517593435754
57,NL0 8 0 onwind,legacy,NL0 8,1,0.0,53935.51759343587,53935.517593435754
57,NL0 9 0 onwind,legacy,NL0 9,1,0.0,53935.51759343587,53935.517593435754
58,NL0 0 Invest,investable,NL0 0,1,0.0,53935.51759343587,59329.06935292875
58,NL0 1 Invest,investable,NL0 1,1,544.9553169523765,53935.51759343587,53935.51759357159
58,NL0 10 Invest,investable,NL0 10,1,0.0,53935.51759343587,59329.06935292875
58,NL0 11 Invest,investable,NL0 11,1,465.00887396520193,53935.51759343587,53935.51759357159
58,NL0 12 Invest,investable,NL0 12,1,1000.0,53935.51759343587,53935.51759343562
58,NL0 13 Invest,investable,NL0 13,1,764.6818877821147,53935.51759343587,53935.51759357159
58,NL0 14 Invest,investable,NL0 14,1,1000.0,53935.51759343587,53935.51759343575
58,NL0 15 Invest,investable,NL0 15,1,1000.0,53935.51759343587,53935.51759343575
58,NL0 16 Invest,investable,NL0 16,1,0.0,53935.51759343587,59329.06935292875
58,NL0 17 Invest,investable,NL0 17,1,0.0,53935.51759343587,59329.06935292875
58,NL0 18 Invest,investable,NL0 18,1,0.0,53935.51759343587,59329.06935292875
58,NL0 19 Invest,investable,NL0 19,1,1000.0,53935.51759343587,53935.51759343575
58,NL0 2 Invest,investable,NL0 2,1,1000.0,53935.51759343587,53935.51759343575
58,NL0 20 Invest,investable,NL0 20,1,0.0,53935.51759343587,59329.06935292875
58,NL0 21 Invest,investable,NL0 21,1,0.0,53935.51759343587,59329.06935292875
58,NL0 22 Invest,investable,NL0 22,1,457.9137837282733,53935.51759343587,53935.51759357159
58,NL0 23 Invest,investable,NL0 23,1,0.0,53935.51759343587,59329.06935292875
58,NL0 24 Invest,investable,NL0 24,1,0.0,53935.51759343587,59329.06935292875
58,NL0 25 Invest,investable,NL0 25,1,1000.0,53935.51759343587,53935.51759343575
58,NL0 26 Invest,investable,NL0 26,1,1000.0,53935.51759343587,53935.51759343575
58,NL0 27 Invest,investable,NL0 27,1,0.0,53935.51759343587,59329.06935292875
58,NL0 28 Invest,investable,NL0 28,1,1000.0,53935.51759343587,53935.51759343575
58,NL0 3 Invest,investable,NL0 3,1,0.0,53935.51759343587,59329.06935292875
58,NL0 30 Invest,investable,NL0 30,1,0.0,53935.51759343587,59329.06935292875
58,NL0 31 Invest,investable,NL0 31,1,1000.0,53935.51759343587,53935.51759343575
58,NL0 33 Invest,investable,NL0 33,1,0.0,53935.51759343587,59329.06935292875
58,NL0 4 Invest,investable,NL0 4,1,1000.0,53935.51759343587,53935.51759343575
58,NL0 5 Invest,investable,NL0 5,1,769.8461471719233,53935.51759343587,53935.51759357159
58,NL0 6 Invest,investable,NL0 6,1,279.3619283044868,53935.51759343587,53935.51759357159
58,NL0 7 Invest,investable,NL0 7,1,879.8743004219482,53935.51759343587,53935.51759357159
58,NL0 8 Invest,investable,NL0 8,1,0.0,53935.51759343587,59329.06935292875
58,NL0 9 Invest,investable,NL0 9,1,472.8653645247937,53935.51759343587,53935.51759357159
58,NL0 1 biomass,legacy,NL0 1,1,71.0,53935.51759343587,53935.51759343587
58,NL0 1 waste,legacy,NL0 1,1,31.0,53935.51759343587,53935.51759343587
58,NL0 10 waste,legacy,NL0 10,1,150.0,53935.51759343587,53935.51759343587
58,NL0 11 biomass,legacy,NL0 11,1,20.0,53935.51759343587,53935.51759343587
58,NL0 11 waste,legacy,NL0 11,1,50.0,53935.51759343587,53935.51759343587
58,NL0 13 biomass,legacy,NL0 13,1,77.0,53935.51759343587,53935.51759343587
58,NL0 19 biomass,legacy,NL0 19,1,49.0,53935.51759343587,53935.51759343587
58,NL0 19 waste,legacy,NL0 19,1,36.0,53935.51759343587,53935.51759343587
58,NL0 22 biomass,legacy,NL0 22,1,500.0,53935.51759343587,53935.51759343587
58,NL0 25 waste,legacy,NL0 25,1,54.0,53935.51759343587,53935.51759343587
58,NL0 27 biomass,legacy,NL0 27,1,22.0,53935.51759343587,53935.51759343587
58,NL0 27 waste,legacy,NL0 27,1,71.2,53935.51759343587,53935.51759343587
58,NL0 3 biomass,legacy,NL0 3,1,22.0,53935.51759343587,53935.51759343587
58,NL0 3 waste,legacy,NL0 3,1,108.0,53935.51759343587,53935.51759343587
58,NL0 30 biomass,legacy,NL0 30,1,60.0,53935.51759343587,53935.51759343587
58,NL0 7 nuclear,legacy,NL0 7,1,515.0,53935.51759343587,53935.51759343587
58,NL0 7 waste,legacy,NL0 7,1,39.0,53935.51759343587,53935.51759343587
58,NL0 8 biomass,legacy,NL0 8,1,36.0,53935.51759343587,53935.51759343587
58,NL0 8 waste,legacy,NL0 8,1,157.0,53935.51759343587,53935.51759343587
58,NL0 9 biomass,legacy,NL0 9,1,20.0,53935.51759343587,53935.51759343587
58,NL0 0 0 solar,legacy,NL0 0,1,0.0,53935.51759343587,53935.517593435754
58,NL0 1 0 solar,legacy,NL0 1,1,0.0,53935.51759343587,53935.517593435754
58,NL0 10 0 solar,legacy,NL0 10,1,0.0,53935.51759343587,53935.517593435754
58,NL0 11 0 solar,legacy,NL0 11,1,0.0,53935.51759343587,53935.517593435754
58,NL0 12 0 solar,legacy,NL0 12,1,0.0,53935.51759343587,53935.517593435754
58,NL0 13 0 solar,legacy,NL0 13,1,0.0,53935.51759343587,53935.517593435754
58,NL0 14 0 solar,legacy,NL0 14,1,0.0,53935.51759343587,53935.517593435754
58,NL0 15 0 solar,legacy,NL0 15,1,0.0,53935.51759343587,53935.517593435754
58,NL0 16 0 solar,legacy,NL0 16,1,0.0,53935.51759343587,53935.517593435754
58,NL0 17 0 solar,legacy,NL0 17,1,0.0,53935.51759343587,53935.517593435754
58,NL0 18 0 solar,legacy,NL0 18,1,0.0,53935.51759343587,53935.517593435754
58,NL0 19 0 solar,legacy,NL0 19,1,0.0,53935.51759343587,53935.517593435754
58,NL0 2 0 solar,legacy,NL0 2,1,0.0,53935.51759343587,53935.517593435754
58,NL0 20 0 solar,legacy,NL0 20,1,0.0,53935.51759343587,53935.517593435754
58,NL0 21 0 solar,legacy,NL0 21,1,0.0,53935.51759343587,53935.517593435754
58,NL0 22 0 solar,legacy,NL0 22,1,0.0,53935.51759343587,53935.517593435754
58,NL0 23 0 solar,legacy,NL0 23,1,0.0,53935.51759343587,53935.517593435754
58,NL0 24 0 solar,legacy,NL0 24,1,0.0,53935.51759343587,53935.517593435754
58,NL0 25 0 solar,legacy,NL0 25,1,0.0,53935.51759343587,53935.517593435754
58,NL0 26 0 solar,legacy,NL0 26,1,0.0,53935.51759343587,53935.517593435754
58,NL0 27 0 solar,legacy,NL0 27,1,0.0,53935.51759343587,53935.517593435754
58,NL0 28 0 solar,legacy,NL0 28,1,0.0,53935.51759343587,53935.517593435754
58,NL0 3 0 solar,legacy,NL0 3,1,0.0,53935.51759343587,53935.517593435754
58,NL0 30 0 solar,legacy,NL0 30,1,0.0,53935.51759343587,53935.517593435754
58,NL0 31 0 solar,legacy,NL0 31,1,0.0,53935.51759343587,53935.517593435754
58,NL0 4 0 solar,legacy,NL0 4,1,0.0,53935.51759343587,53935.517593435754
58,NL0 5 0 solar,legacy,NL0 5,1,0.0,53935.51759343587,53935.517593435754
58,NL0 6 0 solar,legacy,NL0 6,1,0.0,53935.51759343587,53935.517593435754
58,NL0 7 0 solar,legacy,NL0 7,1,0.0,53935.51759343587,53935.517593435754
58,NL0 8 0 solar,legacy,NL0 8,1,0.0,53935.51759343587,53935.517593435754
58,NL0 9 0 solar,legacy,NL0 9,1,0.0,53935.51759343587,53935.517593435754
58,NL0 20 0 offwind-ac,legacy,NL0 20,1,0.0,53935.51759343587,53935.517593435754
58,NL0 27 0 offwind-ac,legacy,NL0 27,1,0.0,53935.51759343587,53935.517593435754
58,NL0 31 0 offwind-ac,legacy,NL0 31,1,0.0,53935.51759343587,53935.517593435754
58,NL0 32 0 offwind-ac,legacy,NL0 32,1,0.0,53935.51759343587,53935.517593435754
58,NL0 7 0 offwind-ac,legacy,NL0 7,1,0.0,53935.51759343587,53935.517593435754
58,NL0 0 0 onwind,legacy,NL0 0,1,0.0,53935.51759343587,53935.517593435754
58,NL0 1 0 onwind,legacy,NL0 1,1,0.0,53935.51759343587,53935.517593435754
58,NL0 10 0 onwind,legacy,NL0 10,1,0.0,53935.51759343587,53935.517593435754
58,NL0 11 0 onwind,legacy,NL0 11,1,0.0,53935.51759343587,53935.517593435754
58,NL0 12 0 onwind,legacy,NL0 12,1,0.0,53935.51759343587,53935.517593435754
58,NL0 13 0 onwind,legacy,NL0 13,1,0.0,53935.51759343587,53935.517593435754
58,NL0 14 0 onwind,legacy,NL0 14,1,0.0,53935.51759343587,53935.517593435754
58,NL0 15 0 onwind,legacy,NL0 15,1,0.0,53935.51759343587,53935.517593435754
58,NL0 17 0 onwind,legacy,NL0 17,1,0.0,53935.51759343587,53935.517593435754
58,NL0 19 0 onwind,legacy,NL0 19,1,0.0,53935.51759343587,53935.517593435754
58,NL0 2 0 onwind,legacy,NL0 2,1,0.0,53935.51759343587,53935.517593435754
58,NL0 20 0 onwind,legacy,NL0 20,1,0.0,53935.51759343587,53935.517593435754
58,NL0 21 0 onwind,legacy,NL0 21,1,0.0,53935.51759343587,53935.517593435754
58,NL0 22 0 onwind,legacy,NL0 22,1,0.0,53935.51759343587,53935.517593435754
58,NL0 23 0 onwind,legacy,NL0 23,1,0.0,53935.51759343587,53935.517593435754
58,NL0 24 0 onwind,legacy,NL0 24,1,0.0,53935.51759343587,53935.517593435754
58,NL0 27 0 onwind,legacy,NL0 27,1,0.0,53935.51759343587,53935.517593435754
58,NL0 3 0 onwind,legacy,NL0 3,1,0.0,53935.51759343587,53935.517593435754
58,NL0 30 0 onwind,legacy,NL0 30,1,0.0,53935.51759343587,53935.517593435754
58,NL0 31 0 onwind,legacy,NL0 31,1,0.0,53935.51759343587,53935.517593435754
58,NL0 4 0 onwind,legacy,NL0 4,1,0.0,53935.51759343587,53935.517593435754
58,NL0 5 0 onwind,legacy,NL0 5,1,0.0,53935.51759343587,53935.517593435754
58,NL0 6 0 onwind,legacy,NL0 6,1,0.0,53935.51759343587,53935.517593435754
58,NL0 7 0 onwind,legacy,NL0 7,1,0.0,53935.51759343587,53935.517593435754
58,NL0 8 0 onwind,legacy,NL0 8,1,0.0,53935.51759343587,53935.517593435754
58,NL0 9 0 onwind,legacy,NL0 9,1,0.0,53935.51759343587,53935.517593435754
59,NL0 0 Invest,investable,NL0 0,1,0.0,53935.51759343587,59329.06935292875
59,NL0 1 Invest,investable,NL0 1,1,544.9553169523765,53935.51759343587,53935.51759357159
59,NL0 10 Invest,investable,NL0 10,1,0.0,53935.51759343587,59329.06935292875
59,NL0 11 Invest,investable,NL0 11,1,465.00887396520193,53935.51759343587,53935.51759357159
59,NL0 12 Invest,investable,NL0 12,1,1000.0,53935.51759343587,53935.51759343562
59,NL0 13 Invest,investable,NL0 13,1,764.6818877821147,53935.51759343587,53935.51759357159
59,NL0 14 Invest,investable,NL0 14,1,1000.0,53935.51759343587,53935.51759343575
59,NL0 15 Invest,investable,NL0 15,1,1000.0,53935.51759343587,53935.51759343575
59,NL0 16 Invest,investable,NL0 16,1,0.0,53935.51759343587,59329.06935292875
59,NL0 17 Invest,investable,NL0 17,1,0.0,53935.51759343587,59329.06935292875
59,NL0 18 Invest,investable,NL0 18,1,0.0,53935.51759343587,59329.06935292875
59,NL0 19 Invest,investable,NL0 19,1,1000.0,53935.51759343587,53935.51759343575
59,NL0 2 Invest,investable,NL0 2,1,1000.0,53935.51759343587,53935.51759343575
59,NL0 20 Invest,investable,NL0 20,1,0.0,53935.51759343587,59329.06935292875
59,NL0 21 Invest,investable,NL0 21,1,0.0,53935.51759343587,59329.06935292875
59,NL0 22 Invest,investable,NL0 22,1,457.9137837282733,53935.51759343587,53935.51759357159
59,NL0 23 Invest,investable,NL0 23,1,0.0,53935.51759343587,59329.06935292875
59,NL0 24 Invest,investable,NL0 24,1,0.0,53935.51759343587,59329.06935292875
59,NL0 25 Invest,investable,NL0 25,1,1000.0,53935.51759343587,53935.51759343575
59,NL0 26 Invest,investable,NL0 26,1,1000.0,53935.51759343587,53935.51759343575
59,NL0 27 Invest,investable,NL0 27,1,0.0,53935.51759343587,59329.06935292875
59,NL0 28 Invest,investable,NL0 28,1,1000.0,53935.51759343587,53935.51759343575
59,NL0 3 Invest,investable,NL0 3,1,0.0,53935.51759343587,59329.06935292875
59,NL0 30 Invest,investable,NL0 30,1,0.0,53935.51759343587,59329.06935292875
59,NL0 31 Invest,investable,NL0 31,1,1000.0,53935.51759343587,53935.51759343575
59,NL0 33 Invest,investable,NL0 33,1,0.0,53935.51759343587,59329.06935292875
59,NL0 4 Invest,investable,NL0 4,1,1000.0,53935.51759343587,53935.51759343575
59,NL0 5 Invest,investable,NL0 5,1,769.8461471719233,53935.51759343587,53935.51759357159
59,NL0 6 Invest,investable,NL0 6,1,279.3619283044868,53935.51759343587,53935.51759357159
59,NL0 7 Invest,investable,NL0 7,1,879.8743004219482,53935.51759343587,53935.51759357159
59,NL0 8 Invest,investable,NL0 8,1,0.0,53935.51759343587,59329.06935292875
59,NL0 9 Invest,investable,NL0 9,1,472.8653645247937,53935.51759343587,53935.51759357159
59,NL0 1 biomass,legacy,NL0 1,1,71.0,53935.51759343587,53935.51759343587
59,NL0 1 waste,legacy,NL0 1,1,31.0,53935.51759343587,53935.51759343587
59,NL0 10 waste,legacy,NL0 10,1,150.0,53935.51759343587,53935.51759343587
59,NL0 11 biomass,legacy,NL0 11,1,20.0,53935.51759343587,53935.51759343587
59,NL0 11 waste,legacy,NL0 11,1,50.0,53935.51759343587,53935.51759343587
59,NL0 13 biomass,legacy,NL0 13,1,77.0,53935.51759343587,53935.51759343587
59,NL0 19 biomass,legacy,NL0 19,1,49.0,53935.51759343587,53935.51759343587
59,NL0 19 waste,legacy,NL0 19,1,36.0,53935.51759343587,53935.51759343587
59,NL0 22 biomass,legacy,NL0 22,1,500.0,53935.51759343587,53935.51759343587
59,NL0 25 waste,legacy,NL0 25,1,54.0,53935.51759343587,53935.51759343587
59,NL0 27 biomass,legacy,NL0 27,1,22.0,53935.51759343587,53935.51759343587
59,NL0 27 waste,legacy,NL0 27,1,71.2,53935.51759343587,53935.51759343587
59,NL0 3 biomass,legacy,NL0 3,1,22.0,53935.51759343587,53935.51759343587
59,NL0 3 waste,legacy,NL0 3,1,108.0,53935.51759343587,53935.51759343587
59,NL0 30 biomass,legacy,NL0 30,1,60.0,53935.51759343587,53935.51759343587
59,NL0 7 nuclear,legacy,NL0 7,1,515.0,53935.51759343587,53935.51759343587
59,NL0 7 waste,legacy,NL0 7,1,39.0,53935.51759343587,53935.51759343587
59,NL0 8 biomass,legacy,NL0 8,1,36.0,53935.51759343587,53935.51759343587
59,NL0 8 waste,legacy,NL0 8,1,157.0,53935.51759343587,53935.51759343587
59,NL0 9 biomass,legacy,NL0 9,1,20.0,53935.51759343587,53935.51759343587
59,NL0 0 0 solar,legacy,NL0 0,1,0.0,53935.51759343587,53935.517593435754
59,NL0 1 0 solar,legacy,NL0 1,1,0.0,53935.51759343587,53935.517593435754
59,NL0 10 0 solar,legacy,NL0 10,1,0.0,53935.51759343587,53935.517593435754
59,NL0 11 0 solar,legacy,NL0 11,1,0.0,53935.51759343587,53935.517593435754
59,NL0 12 0 solar,legacy,NL0 12,1,0.0,53935.51759343587,53935.517593435754
59,NL0 13 0 solar,legacy,NL0 13,1,0.0,53935.51759343587,53935.517593435754
59,NL0 14 0 solar,legacy,NL0 14,1,0.0,53935.51759343587,53935.517593435754
59,NL0 15 0 solar,legacy,NL0 15,1,0.0,53935.51759343587,53935.517593435754
59,NL0 16 0 solar,legacy,NL0 16,1,0.0,53935.51759343587,53935.517593435754
59,NL0 17 0 solar,legacy,NL0 17,1,0.0,53935.51759343587,53935.517593435754
59,NL0 18 0 solar,legacy,NL0 18,1,0.0,53935.51759343587,53935.517593435754
59,NL0 19 0 solar,legacy,NL0 19,1,0.0,53935.51759343587,53935.517593435754
59,NL0 2 0 solar,legacy,NL0 2,1,0.0,53935.51759343587,53935.517593435754
59,NL0 20 0 solar,legacy,NL0 20,1,0.0,53935.51759343587,53935.517593435754
59,NL0 21 0 solar,legacy,NL0 21,1,0.0,53935.51759343587,53935.517593435754
59,NL0 22 0 solar,legacy,NL0 22,1,0.0,53935.51759343587,53935.517593435754
59,NL0 23 0 solar,legacy,NL0 23,1,0.0,53935.51759343587,53935.517593435754
59,NL0 24 0 solar,legacy,NL0 24,1,0.0,53935.51759343587,53935.517593435754
59,NL0 25 0 solar,legacy,NL0 25,1,0.0,53935.51759343587,53935.517593435754
59,NL0 26 0 solar,legacy,NL0 26,1,0.0,53935.51759343587,53935.517593435754
59,NL0 27 0 solar,legacy,NL0 27,1,0.0,53935.51759343587,53935.517593435754
59,NL0 28 0 solar,legacy,NL0 28,1,0.0,53935.51759343587,53935.517593435754
59,NL0 3 0 solar,legacy,NL0 3,1,0.0,53935.51759343587,53935.517593435754
59,NL0 30 0 solar,legacy,NL0 30,1,0.0,53935.51759343587,53935.517593435754
59,NL0 31 0 solar,legacy,NL0 31,1,0.0,53935.51759343587,53935.517593435754
59,NL0 4 0 solar,legacy,NL0 4,1,0.0,53935.51759343587,53935.517593435754
59,NL0 5 0 solar,legacy,NL0 5,1,0.0,53935.51759343587,53935.517593435754
59,NL0 6 0 solar,legacy,NL0 6,1,0.0,53935.51759343587,53935.517593435754
59,NL0 7 0 solar,legacy,NL0 7,1,0.0,53935.51759343587,53935.517593435754
59,NL0 8 0 solar,legacy,NL0 8,1,0.0,53935.51759343587,53935.517593435754
59,NL0 9 0 solar,legacy,NL0 9,1,0.0,53935.51759343587,53935.517593435754
59,NL0 20 0 offwind-ac,legacy,NL0 20,1,0.0,53935.51759343587,53935.517593435754
59,NL0 27 0 offwind-ac,legacy,NL0 27,1,0.0,53935.51759343587,53935.517593435754
59,NL0 31 0 offwind-ac,legacy,NL0 31,1,0.0,53935.51759343587,53935.517593435754
59,NL0 32 0 offwind-ac,legacy,NL0 32,1,0.0,53935.51759343587,53935.517593435754
59,NL0 7 0 offwind-ac,legacy,NL0 7,1,0.0,53935.51759343587,53935.517593435754
59,NL0 0 0 onwind,legacy,NL0 0,1,0.0,53935.51759343587,53935.517593435754
59,NL0 1 0 onwind,legacy,NL0 1,1,0.0,53935.51759343587,53935.517593435754
59,NL0 10 0 onwind,legacy,NL0 10,1,0.0,53935.51759343587,53935.517593435754
59,NL0 11 0 onwind,legacy,NL0 11,1,0.0,53935.51759343587,53935.517593435754
59,NL0 12 0 onwind,legacy,NL0 12,1,0.0,53935.51759343587,53935.517593435754
59,NL0 13 0 onwind,legacy,NL0 13,1,0.0,53935.51759343587,53935.517593435754
59,NL0 14 0 onwind,legacy,NL0 14,1,0.0,53935.51759343587,53935.517593435754
59,NL0 15 0 onwind,legacy,NL0 15,1,0.0,53935.51759343587,53935.517593435754
59,NL0 17 0 onwind,legacy,NL0 17,1,0.0,53935.51759343587,53935.517593435754
59,NL0 19 0 onwind,legacy,NL0 19,1,0.0,53935.51759343587,53935.517593435754
59,NL0 2 0 onwind,legacy,NL0 2,1,0.0,53935.51759343587,53935.517593435754
59,NL0 20 0 onwind,legacy,NL0 20,1,0.0,53935.51759343587,53935.517593435754
59,NL0 21 0 onwind,legacy,NL0 21,1,0.0,53935.51759343587,53935.517593435754
59,NL0 22 0 onwind,legacy,NL0 22,1,0.0,53935.51759343587,53935.517593435754
59,NL0 23 0 onwind,legacy,NL0 23,1,0.0,53935.51759343587,53935.517593435754
59,NL0 24 0 onwind,legacy,NL0 24,1,0.0,53935.51759343587,53935.517593435754
59,NL0 27 0 onwind,legacy,NL0 27,1,0.0,53935.51759343587,53935.517593435754
59,NL0 3 0 onwind,legacy,NL0 3,1,0.0,53935.51759343587,53935.517593435754
59,NL0 30 0 onwind,legacy,NL0 30,1,0.0,53935.51759343587,53935.517593435754
59,NL0 31 0 onwind,legacy,NL0 31,1,0.0,53935.51759343587,53935.517593435754
59,NL0 4 0 onwind,legacy,NL0 4,1,0.0,53935.51759343587,53935.517593435754
59,NL0 5 0 onwind,legacy,NL0 5,1,0.0,53935.51759343587,53935.517593435754
59,NL0 6 0 onwind,legacy,NL0 6,1,0.0,53935.51759343587,53935.517593435754
59,NL0 7 0 onwind,legacy,NL0 7,1,0.0,53935.51759343587,53935.517593435754
59,NL0 8 0 onwind,legacy,NL0 8,1,0.0,53935.51759343587,53935.517593435754
59,NL0 9 0 onwind,legacy,NL0 9,1,0.0,53935.51759343587,53935.517593435754
60,NL0 0 Invest,investable,NL0 0,1,0.0,53935.51759343587,59329.06935292875
60,NL0 1 Invest,investable,NL0 1,1,544.9553169523765,53935.51759343587,53935.51759357159
60,NL0 10 Invest,investable,NL0 10,1,0.0,53935.51759343587,59329.06935292875
60,NL0 11 Invest,investable,NL0 11,1,465.00887396520193,53935.51759343587,53935.51759357159
60,NL0 12 Invest,investable,NL0 12,1,1000.0,53935.51759343587,53935.51759343562
60,NL0 13 Invest,investable,NL0 13,1,764.6818877821147,53935.51759343587,53935.51759357159
60,NL0 14 Invest,investable,NL0 14,1,1000.0,53935.51759343587,53935.51759343575
60,NL0 15 Invest,investable,NL0 15,1,1000.0,53935.51759343587,53935.51759343575
60,NL0 16 Invest,investable,NL0 16,1,0.0,53935.51759343587,59329.06935292875
60,NL0 17 Invest,investable,NL0 17,1,0.0,53935.51759343587,59329.06935292875
60,NL0 18 Invest,investable,NL0 18,1,0.0,53935.51759343587,59329.06935292875
60,NL0 19 Invest,investable,NL0 19,1,1000.0,53935.51759343587,53935.51759343575
60,NL0 2 Invest,investable,NL0 2,1,1000.0,53935.51759343587,53935.51759343575
60,NL0 20 Invest,investable,NL0 20,1,0.0,53935.51759343587,59329.06935292875
60,NL0 21 Invest,investable,NL0 21,1,0.0,53935.51759343587,59329.06935292875
60,NL0 22 Invest,investable,NL0 22,1,457.9137837282733,53935.51759343587,53935.51759357159
60,NL0 23 Invest,investable,NL0 23,1,0.0,53935.51759343587,59329.06935292875
60,NL0 24 Invest,investable,NL0 24,1,0.0,53935.51759343587,59329.06935292875
60,NL0 25 Invest,investable,NL0 25,1,1000.0,53935.51759343587,53935.51759343575
60,NL0 26 Invest,investable,NL0 26,1,1000.0,53935.51759343587,53935.51759343575
60,NL0 27 Invest,investable,NL0 27,1,0.0,53935.51759343587,59329.06935292875
60,NL0 28 Invest,investable,NL0 28,1,1000.0,53935.51759343587,53935.51759343575
60,NL0 3 Invest,investable,NL0 3,1,0.0,53935.51759343587,59329.06935292875
60,NL0 30 Invest,investable,NL0 30,1,0.0,53935.51759343587,59329.06935292875
60,NL0 31 Invest,investable,NL0 31,1,1000.0,53935.51759343587,53935.51759343575
60,NL0 33 Invest,investable,NL0 33,1,0.0,53935.51759343587,59329.06935292875
60,NL0 4 Invest,investable,NL0 4,1,1000.0,53935.51759343587,53935.51759343575
60,NL0 5 Invest,investable,NL0 5,1,769.8461471719233,53935.51759343587,53935.51759357159
60,NL0 6 Invest,investable,NL0 6,1,279.3619283044868,53935.51759343587,53935.51759357159
60,NL0 7 Invest,investable,NL0 7,1,879.8743004219482,53935.51759343587,53935.51759357159
60,NL0 8 Invest,investable,NL0 8,1,0.0,53935.51759343587,59329.06935292875
60,NL0 9 Invest,investable,NL0 9,1,472.8653645247937,53935.51759343587,53935.51759357159
60,NL0 1 biomass,legacy,NL0 1,1,71.0,53935.51759343587,53935.51759343587
60,NL0 1 waste,legacy,NL0 1,1,31.0,53935.51759343587,53935.51759343587
60,NL0 10 waste,legacy,NL0 10,1,150.0,53935.51759343587,53935.51759343587
60,NL0 11 biomass,legacy,NL0 11,1,20.0,53935.51759343587,53935.51759343587
60,NL0 11 waste,legacy,NL0 11,1,50.0,53935.51759343587,53935.51759343587
60,NL0 13 biomass,legacy,NL0 13,1,77.0,53935.51759343587,53935.51759343587
60,NL0 19 biomass,legacy,NL0 19,1,49.0,53935.51759343587,53935.51759343587
60,NL0 19 waste,legacy,NL0 19,1,36.0,53935.51759343587,53935.51759343587
60,NL0 22 biomass,legacy,NL0 22,1,500.0,53935.51759343587,53935.51759343587
60,NL0 25 waste,legacy,NL0 25,1,54.0,53935.51759343587,53935.51759343587
60,NL0 27 biomass,legacy,NL0 27,1,22.0,53935.51759343587,53935.51759343587
60,NL0 27 waste,legacy,NL0 27,1,71.2,53935.51759343587,53935.51759343587
60,NL0 3 biomass,legacy,NL0 3,1,22.0,53935.51759343587,53935.51759343587
60,NL0 3 waste,legacy,NL0 3,1,108.0,53935.51759343587,53935.51759343587
60,NL0 30 biomass,legacy,NL0 30,1,60.0,53935.51759343587,53935.51759343587
60,NL0 7 nuclear,legacy,NL0 7,1,515.0,53935.51759343587,53935.51759343587
60,NL0 7 waste,legacy,NL0 7,1,39.0,53935.51759343587,53935.51759343587
60,NL0 8 biomass,legacy,NL0 8,1,36.0,53935.51759343587,53935.51759343587
60,NL0 8 waste,legacy,NL0 8,1,157.0,53935.51759343587,53935.51759343587
60,NL0 9 biomass,legacy,NL0 9,1,20.0,53935.51759343587,53935.51759343587
60,NL0 0 0 solar,legacy,NL0 0,1,0.0,53935.51759343587,53935.517593435754
60,NL0 1 0 solar,legacy,NL0 1,1,0.0,53935.51759343587,53935.517593435754
60,NL0 10 0 solar,legacy,NL0 10,1,0.0,53935.51759343587,53935.517593435754
60,NL0 11 0 solar,legacy,NL0 11,1,0.0,53935.51759343587,53935.517593435754
60,NL0 12 0 solar,legacy,NL0 12,1,0.0,53935.51759343587,53935.517593435754
60,NL0 13 0 solar,legacy,NL0 13,1,0.0,53935.51759343587,53935.517593435754
60,NL0 14 0 solar,legacy,NL0 14,1,0.0,53935.51759343587,53935.517593435754
60,NL0 15 0 solar,legacy,NL0 15,1,0.0,53935.51759343587,53935.517593435754
60,NL0 16 0 solar,legacy,NL0 16,1,0.0,53935.51759343587,53935.517593435754
60,NL0 17 0 solar,legacy,NL0 17,1,0.0,53935.51759343587,53935.517593435754
60,NL0 18 0 solar,legacy,NL0 18,1,0.0,53935.51759343587,53935.517593435754
60,NL0 19 0 solar,legacy,NL0 19,1,0.0,53935.51759343587,53935.517593435754
60,NL0 2 0 solar,legacy,NL0 2,1,0.0,53935.51759343587,53935.517593435754
60,NL0 20 0 solar,legacy,NL0 20,1,0.0,53935.51759343587,53935.517593435754
60,NL0 21 0 solar,legacy,NL0 21,1,0.0,53935.51759343587,53935.517593435754
60,NL0 22 0 solar,legacy,NL0 22,1,0.0,53935.51759343587,53935.517593435754
60,NL0 23 0 solar,legacy,NL0 23,1,0.0,53935.51759343587,53935.517593435754
60,NL0 24 0 solar,legacy,NL0 24,1,0.0,53935.51759343587,53935.517593435754
60,NL0 25 0 solar,legacy,NL0 25,1,0.0,53935.51759343587,53935.517593435754
60,NL0 26 0 solar,legacy,NL0 26,1,0.0,53935.51759343587,53935.517593435754
60,NL0 27 0 solar,legacy,NL0 27,1,0.0,53935.51759343587,53935.517593435754
60,NL0 28 0 solar,legacy,NL0 28,1,0.0,53935.51759343587,53935.517593435754
60,NL0 3 0 solar,legacy,NL0 3,1,0.0,53935.51759343587,53935.517593435754
60,NL0 30 0 solar,legacy,NL0 30,1,0.0,53935.51759343587,53935.517593435754
60,NL0 31 0 solar,legacy,NL0 31,1,0.0,53935.51759343587,53935.517593435754
60,NL0 4 0 solar,legacy,NL0 4,1,0.0,53935.51759343587,53935.517593435754
60,NL0 5 0 solar,legacy,NL0 5,1,0.0,53935.51759343587,53935.517593435754
60,NL0 6 0 solar,legacy,NL0 6,1,0.0,53935.51759343587,53935.517593435754
60,NL0 7 0 solar,legacy,NL0 7,1,0.0,53935.51759343587,53935.517593435754
60,NL0 8 0 solar,legacy,NL0 8,1,0.0,53935.51759343587,53935.517593435754
60,NL0 9 0 solar,legacy,NL0 9,1,0.0,53935.51759343587,53935.517593435754
60,NL0 20 0 offwind-ac,legacy,NL0 20,1,0.0,53935.51759343587,53935.517593435754
60,NL0 27 0 offwind-ac,legacy,NL0 27,1,0.0,53935.51759343587,53935.517593435754
60,NL0 31 0 offwind-ac,legacy,NL0 31,1,0.0,53935.51759343587,53935.517593435754
60,NL0 32 0 offwind-ac,legacy,NL0 32,1,0.0,53935.51759343587,53935.517593435754
60,NL0 7 0 offwind-ac,legacy,NL0 7,1,0.0,53935.51759343587,53935.517593435754
60,NL0 0 0 onwind,legacy,NL0 0,1,0.0,53935.51759343587,53935.517593435754
60,NL0 1 0 onwind,legacy,NL0 1,1,0.0,53935.51759343587,53935.517593435754
60,NL0 10 0 onwind,legacy,NL0 10,1,0.0,53935.51759343587,53935.517593435754
60,NL0 11 0 onwind,legacy,NL0 11,1,0.0,53935.51759343587,53935.517593435754
60,NL0 12 0 onwind,legacy,NL0 12,1,0.0,53935.51759343587,53935.517593435754
60,NL0 13 0 onwind,legacy,NL0 13,1,0.0,53935.51759343587,53935.517593435754
60,NL0 14 0 onwind,legacy,NL0 14,1,0.0,53935.51759343587,53935.517593435754
60,NL0 15 0 onwind,legacy,NL0 15,1,0.0,53935.51759343587,53935.517593435754
60,NL0 17 0 onwind,legacy,NL0 17,1,0.0,53935.51759343587,53935.517593435754
60,NL0 19 0 onwind,legacy,NL0 19,1,0.0,53935.51759343587,53935.517593435754
60,NL0 2 0 onwind,legacy,NL0 2,1,0.0,53935.51759343587,53935.517593435754
60,NL0 20 0 onwind,legacy,NL0 20,1,0.0,53935.51759343587,53935.517593435754
60,NL0 21 0 onwind,legacy,NL0 21,1,0.0,53935.51759343587,53935.517593435754
60,NL0 22 0 onwind,legacy,NL0 22,1,0.0,53935.51759343587,53935.517593435754
60,NL0 23 0 onwind,legacy,NL0 23,1,0.0,53935.51759343587,53935.517593435754
60,NL0 24 0 onwind,legacy,NL0 24,1,0.0,53935.51759343587,53935.517593435754
60,NL0 27 0 onwind,legacy,NL0 27,1,0.0,53935.51759343587,53935.517593435754
60,NL0 3 0 onwind,legacy,NL0 3,1,0.0,53935.51759343587,53935.517593435754
60,NL0 30 0 onwind,legacy,NL0 30,1,0.0,53935.51759343587,53935.517593435754
60,NL0 31 0 onwind,legacy,NL0 31,1,0.0,53935.51759343587,53935.517593435754
60,NL0 4 0 onwind,legacy,NL0 4,1,0.0,53935.51759343587,53935.517593435754
60,NL0 5 0 onwind,legacy,NL0 5,1,0.0,53935.51759343587,53935.517593435754
60,NL0 6 0 onwind,legacy,NL0 6,1,0.0,53935.51759343587,53935.517593435754
60,NL0 7 0 onwind,legacy,NL0 7,1,0.0,53935.51759343587,53935.517593435754
60,NL0 8 0 onwind,legacy,NL0 8,1,0.0,53935.51759343587,53935.517593435754
60,NL0 9 0 onwind,legacy,NL0 9,1,0.0,53935.51759343587,53935.517593435754
61,NL0 0 Invest,investable,NL0 0,1,0.0,53935.517593435725,53935.51759343532
61,NL0 1 Invest,investable,NL0 1,1,1000.0,53935.517593435725,53935.517593435696
61,NL0 10 Invest,investable,NL0 10,1,0.0,53935.517593435725,53935.51759343532
61,NL0 11 Invest,investable,NL0 11,1,1000.0,53935.517593435725,53935.51759343532
61,NL0 12 Invest,investable,NL0 12,1,1000.0,53935.517593435725,53935.51759343532
61,NL0 13 Invest,investable,NL0 13,1,1000.0,53935.517593435725,53935.517593435696
61,NL0 14 Invest,investable,NL0 14,1,1000.0,53935.517593435725,53935.517593435885
61,NL0 15 Invest,investable,NL0 15,1,1000.0,53935.517593435725,53935.51759343532
61,NL0 16 Invest,investable,NL0 16,1,0.0,53935.517593435725,53935.517593435325
61,NL0 17 Invest,investable,NL0 17,1,0.0,53935.517593435725,53935.517593435325
61,NL0 18 Invest,investable,NL0 18,1,4.5893341393821174e-7,53935.517593435725,53935.5175934364
61,NL0 19 Invest,investable,NL0 19,1,1000.0,53935.517593435725,53935.5175934353
61,NL0 2 Invest,investable,NL0 2,1,1000.0,53935.517593435725,53935.517593435885
61,NL0 20 Invest,investable,NL0 20,1,0.0,53935.517593435725,53935.51759343532
61,NL0 21 Invest,investable,NL0 21,1,0.0,53935.517593435725,53935.517593435325
61,NL0 22 Invest,investable,NL0 22,1,0.0,53935.517593435725,53935.51759343584
61,NL0 23 Invest,investable,NL0 23,1,0.0,53935.517593435725,53935.51759343584
61,NL0 24 Invest,investable,NL0 24,1,0.0,53935.517593435725,59329.0693529281
61,NL0 25 Invest,investable,NL0 25,1,1000.0,53935.517593435725,53935.51759343532
61,NL0 26 Invest,investable,NL0 26,1,1000.0,53935.517593435725,53935.517593435885
61,NL0 27 Invest,investable,NL0 27,1,0.0,53935.517593435725,53935.51759343532
61,NL0 28 Invest,investable,NL0 28,1,1000.0,53935.517593435725,53935.51759343587
61,NL0 3 Invest,investable,NL0 3,1,0.0,53935.517593435725,53935.517593435325
61,NL0 30 Invest,investable,NL0 30,1,0.0,53935.517593435725,53935.517593435696
61,NL0 31 Invest,investable,NL0 31,1,1000.0,53935.517593435725,53935.51759343532
61,NL0 33 Invest,investable,NL0 33,1,0.0,53935.517593435725,53935.51759343532
61,NL0 4 Invest,investable,NL0 4,1,1000.0,53935.517593435725,53935.51759343531
61,NL0 5 Invest,investable,NL0 5,1,0.0,53935.517593435725,53935.517593435696
61,NL0 6 Invest,investable,NL0 6,1,634.5076028354414,53935.517593435725,53935.51759343532
61,NL0 7 Invest,investable,NL0 7,1,0.0,53935.517593435725,53935.517593435325
61,NL0 8 Invest,investable,NL0 8,1,0.0,53935.517593435725,53935.517593435325
61,NL0 9 Invest,investable,NL0 9,1,999.9999995567433,53935.517593435725,53935.517593435914
61,NL0 1 biomass,legacy,NL0 1,1,71.0,53935.517593435725,53935.517593435725
61,NL0 1 waste,legacy,NL0 1,1,31.0,53935.517593435725,53935.517593435725
61,NL0 10 waste,legacy,NL0 10,1,150.0,53935.517593435725,53935.517593435725
61,NL0 11 biomass,legacy,NL0 11,1,20.0,53935.517593435725,53935.517593435725
61,NL0 11 waste,legacy,NL0 11,1,50.0,53935.517593435725,53935.517593435725
61,NL0 13 biomass,legacy,NL0 13,1,77.0,53935.517593435725,53935.517593435725
61,NL0 19 biomass,legacy,NL0 19,1,49.0,53935.517593435725,53935.517593435725
61,NL0 19 waste,legacy,NL0 19,1,36.0,53935.517593435725,53935.517593435725
61,NL0 22 biomass,legacy,NL0 22,1,500.0,53935.517593435725,53935.517593435725
61,NL0 25 waste,legacy,NL0 25,1,54.0,53935.517593435725,53935.517593435725
61,NL0 27 biomass,legacy,NL0 27,1,22.0,53935.517593435725,53935.517593435725
61,NL0 27 waste,legacy,NL0 27,1,71.2,53935.517593435725,53935.517593435725
61,NL0 3 biomass,legacy,NL0 3,1,22.0,53935.517593435725,53935.517593435725
61,NL0 3 waste,legacy,NL0 3,1,108.0,53935.517593435725,53935.517593435725
61,NL0 30 biomass,legacy,NL0 30,1,60.0,53935.517593435725,53935.517593435725
61,NL0 7 nuclear,legacy,NL0 7,1,515.0,53935.517593435725,53935.517593435725
61,NL0 7 waste,legacy,NL0 7,1,39.0,53935.517593435725,53935.517593435725
61,NL0 8 biomass,legacy,NL0 8,1,36.0,53935.517593435725,53935.517593435725
61,NL0 8 waste,legacy,NL0 8,1,157.0,53935.517593435725,53935.517593435725
61,NL0 9 biomass,legacy,NL0 9,1,20.0,53935.517593435725,53935.517593435725
61,NL0 0 0 solar,legacy,NL0 0,1,0.0,53935.517593435725,53935.51759343568
61,NL0 1 0 solar,legacy,NL0 1,1,0.0,53935.517593435725,118658.1387058575
61,NL0 10 0 solar,legacy,NL0 10,1,0.0,53935.517593435725,53935.51759343507
61,NL0 11 0 solar,legacy,NL0 11,1,0.0,53935.517593435725,53935.51759343507
61,NL0 12 0 solar,legacy,NL0 12,1,0.0,53935.517593435725,118658.1387058575
61,NL0 13 0 solar,legacy,NL0 13,1,0.0,53935.517593435725,53935.51759343507
61,NL0 14 0 solar,legacy,NL0 14,1,0.0,53935.517593435725,53935.51759343507
61,NL0 15 0 solar,legacy,NL0 15,1,0.0,53935.517593435725,53935.51759343507
61,NL0 16 0 solar,legacy,NL0 16,1,0.0,53935.517593435725,53935.51759343507
61,NL0 17 0 solar,legacy,NL0 17,1,0.0,53935.517593435725,53935.51759343568
61,NL0 18 0 solar,legacy,NL0 18,1,0.0,53935.517593435725,53935.51759343507
61,NL0 19 0 solar,legacy,NL0 19,1,0.0,53935.517593435725,53935.51759343507
61,NL0 2 0 solar,legacy,NL0 2,1,0.0,53935.517593435725,53935.51759343507
61,NL0 20 0 solar,legacy,NL0 20,1,0.0,53935.517593435725,53935.51759343507
61,NL0 21 0 solar,legacy,NL0 21,1,0.0,53935.517593435725,53935.51759343507
61,NL0 22 0 solar,legacy,NL0 22,1,0.0,53935.517593435725,53935.51759343507
61,NL0 23 0 solar,legacy,NL0 23,1,0.0,53935.517593435725,53935.51759343507
61,NL0 24 0 solar,legacy,NL0 24,1,0.0,53935.517593435725,53935.51759343507
61,NL0 25 0 solar,legacy,NL0 25,1,0.0,53935.517593435725,53935.51759343565
61,NL0 26 0 solar,legacy,NL0 26,1,0.0,53935.517593435725,53935.51759343507
61,NL0 27 0 solar,legacy,NL0 27,1,0.0,53935.517593435725,53935.51759343507
61,NL0 28 0 solar,legacy,NL0 28,1,0.0,53935.517593435725,53935.51759343507
61,NL0 3 0 solar,legacy,NL0 3,1,0.0,53935.517593435725,118658.1387058575
61,NL0 30 0 solar,legacy,NL0 30,1,0.0,53935.517593435725,53935.51759343507
61,NL0 31 0 solar,legacy,NL0 31,1,0.0,53935.517593435725,53935.51759343507
61,NL0 4 0 solar,legacy,NL0 4,1,0.0,53935.517593435725,53935.51759343507
61,NL0 5 0 solar,legacy,NL0 5,1,0.0,53935.517593435725,53935.51759343507
61,NL0 6 0 solar,legacy,NL0 6,1,0.0,53935.517593435725,53935.51759343507
61,NL0 7 0 solar,legacy,NL0 7,1,0.0,53935.517593435725,53935.51759343507
61,NL0 8 0 solar,legacy,NL0 8,1,0.0,53935.517593435725,118658.1387058575
61,NL0 9 0 solar,legacy,NL0 9,1,0.0,53935.517593435725,53935.51759343507
61,NL0 20 0 offwind-ac,legacy,NL0 20,1,0.0,53935.517593435725,118658.1387058575
61,NL0 27 0 offwind-ac,legacy,NL0 27,1,0.0,53935.517593435725,53935.51759343507
61,NL0 31 0 offwind-ac,legacy,NL0 31,1,0.0,53935.517593435725,53935.51759343507
61,NL0 32 0 offwind-ac,legacy,NL0 32,1,0.0,53935.517593435725,53935.51759343565
61,NL0 7 0 offwind-ac,legacy,NL0 7,1,0.0,53935.517593435725,53935.51759343507
61,NL0 0 0 onwind,legacy,NL0 0,1,0.0,53935.517593435725,118658.1387058575
61,NL0 1 0 onwind,legacy,NL0 1,1,0.0,53935.517593435725,53935.51759343507
61,NL0 10 0 onwind,legacy,NL0 10,1,0.0,53935.517593435725,53935.51759343507
61,NL0 11 0 onwind,legacy,NL0 11,1,0.0,53935.517593435725,53935.51759343507
61,NL0 12 0 onwind,legacy,NL0 12,1,0.0,53935.517593435725,53935.51759343507
61,NL0 13 0 onwind,legacy,NL0 13,1,0.0,53935.517593435725,53935.51759343568
61,NL0 14 0 onwind,legacy,NL0 14,1,0.0,53935.517593435725,53935.51759343507
61,NL0 15 0 onwind,legacy,NL0 15,1,0.0,53935.517593435725,53935.51759343507
61,NL0 17 0 onwind,legacy,NL0 17,1,0.0,53935.517593435725,53935.51759343507
61,NL0 19 0 onwind,legacy,NL0 19,1,0.0,53935.517593435725,53935.51759343507
61,NL0 2 0 onwind,legacy,NL0 2,1,0.0,53935.517593435725,53935.51759343507
61,NL0 20 0 onwind,legacy,NL0 20,1,0.0,53935.517593435725,53935.51759343507
61,NL0 21 0 onwind,legacy,NL0 21,1,0.0,53935.517593435725,53935.51759343568
61,NL0 22 0 onwind,legacy,NL0 22,1,0.0,53935.517593435725,53935.51759343507
61,NL0 23 0 onwind,legacy,NL0 23,1,0.0,53935.517593435725,118658.1387058575
61,NL0 24 0 onwind,legacy,NL0 24,1,0.0,53935.517593435725,53935.51759343568
61,NL0 27 0 onwind,legacy,NL0 27,1,0.0,53935.517593435725,53935.51759343507
61,NL0 3 0 onwind,legacy,NL0 3,1,0.0,53935.517593435725,118658.1387058575
61,NL0 30 0 onwind,legacy,NL0 30,1,0.0,53935.517593435725,53935.51759343507
61,NL0 31 0 onwind,legacy,NL0 31,1,0.0,53935.517593435725,118658.1387058575
61,NL0 4 0 onwind,legacy,NL0 4,1,0.0,53935.517593435725,53935.51759343507
61,NL0 5 0 onwind,legacy,NL0 5,1,0.0,53935.517593435725,53935.51759343565
61,NL0 6 0 onwind,legacy,NL0 6,1,0.0,53935.517593435725,53935.51759343507
61,NL0 7 0 onwind,legacy,NL0 7,1,0.0,53935.517593435725,118658.1387058575
61,NL0 8 0 onwind,legacy,NL0 8,1,0.0,53935.517593435725,53935.51759343507
61,NL0 9 0 onwind,legacy,NL0 9,1,0.0,53935.517593435725,53935.51759343507
62,NL0 0 Invest,investable,NL0 0,1,0.0,53935.51759357065,53935.51759357062
62,NL0 1 Invest,investable,NL0 1,1,0.0,53935.51759357065,53935.51759357062
62,NL0 10 Invest,investable,NL0 10,1,0.0,53935.51759357065,59329.06935292289
62,NL0 11 Invest,investable,NL0 11,1,0.0,53935.51759357065,53935.51759357062
62,NL0 12 Invest,investable,NL0 12,1,1000.0,53935.51759357065,53935.51759357062
62,NL0 13 Invest,investable,NL0 13,1,0.0,53935.51759357065,53935.51759357062
62,NL0 14 Invest,investable,NL0 14,1,1000.0,53935.51759357065,53935.51759357062
62,NL0 15 Invest,investable,NL0 15,1,1000.0,53935.51759357065,53935.51759357062
62,NL0 16 Invest,investable,NL0 16,1,2.0059235339431325e-7,53935.51759357065,53935.51759357062
62,NL0 17 Invest,investable,NL0 17,1,0.0,53935.51759357065,53935.51759357062
62,NL0 18 Invest,investable,NL0 18,1,0.0,53935.51759357065,59329.06935292002
62,NL0 19 Invest,investable,NL0 19,1,1000.0,53935.51759357065,53935.51759357062
62,NL0 2 Invest,investable,NL0 2,1,1000.0,53935.51759357065,53935.51759357062
62,NL0 20 Invest,investable,NL0 20,1,0.0,53935.51759357065,59329.069352922765
62,NL0 21 Invest,investable,NL0 21,1,0.0,53935.51759357065,53935.51759357209
62,NL0 22 Invest,investable,NL0 22,1,1000.0,53935.51759357065,53935.51759357062
62,NL0 23 Invest,investable,NL0 23,1,0.0,53935.51759357065,59329.06935292928
62,NL0 24 Invest,investable,NL0 24,1,0.0,53935.51759357065,59329.069352920436
62,NL0 25 Invest,investable,NL0 25,1,1000.0,53935.51759357065,53935.51759357062
62,NL0 26 Invest,investable,NL0 26,1,1000.0,53935.51759357065,53935.51759357062
62,NL0 27 Invest,investable,NL0 27,1,0.0,53935.51759357065,59329.06935292928
62,NL0 28 Invest,investable,NL0 28,1,1000.0,53935.51759357065,53935.51759357062
62,NL0 3 Invest,investable,NL0 3,1,0.0,53935.51759357065,59329.069352922066
62,NL0 30 Invest,investable,NL0 30,1,0.0,53935.51759357065,59329.06935292235
62,NL0 31 Invest,investable,NL0 31,1,1000.0,53935.51759357065,53935.51759357062
62,NL0 33 Invest,investable,NL0 33,1,0.0,53935.51759357065,59329.06935292242
62,NL0 4 Invest,investable,NL0 4,1,1000.0,53935.51759357065,53935.51759357062
62,NL0 5 Invest,investable,NL0 5,1,999.9999995984577,53935.51759357065,53935.51759357062
62,NL0 6 Invest,investable,NL0 6,1,1000.0,53935.51759357065,53935.51759357062
62,NL0 7 Invest,investable,NL0 7,1,1000.0,53935.51759357065,53935.51759357062
62,NL0 8 Invest,investable,NL0 8,1,2.0053857952007098e-7,53935.51759357065,53935.51759357062
62,NL0 9 Invest,investable,NL0 9,1,634.5076028511166,53935.51759357065,53935.51759357062
62,NL0 1 biomass,legacy,NL0 1,1,71.0,53935.51759357065,53935.51759357065
62,NL0 1 waste,legacy,NL0 1,1,31.0,53935.51759357065,53935.51759357065
62,NL0 10 waste,legacy,NL0 10,1,150.0,53935.51759357065,53935.51759357065
62,NL0 11 biomass,legacy,NL0 11,1,20.0,53935.51759357065,53935.51759357065
62,NL0 11 waste,legacy,NL0 11,1,50.0,53935.51759357065,53935.51759357065
62,NL0 13 biomass,legacy,NL0 13,1,77.0,53935.51759357065,53935.51759357065
62,NL0 19 biomass,legacy,NL0 19,1,49.0,53935.51759357065,53935.51759357065
62,NL0 19 waste,legacy,NL0 19,1,36.0,53935.51759357065,53935.51759357065
62,NL0 22 biomass,legacy,NL0 22,1,500.0,53935.51759357065,53935.51759357065
62,NL0 25 waste,legacy,NL0 25,1,54.0,53935.51759357065,53935.51759357065
62,NL0 27 biomass,legacy,NL0 27,1,22.0,53935.51759357065,53935.51759357065
62,NL0 27 waste,legacy,NL0 27,1,71.2,53935.51759357065,53935.51759357065
62,NL0 3 biomass,legacy,NL0 3,1,22.0,53935.51759357065,53935.51759357065
62,NL0 3 waste,legacy,NL0 3,1,108.0,53935.51759357065,53935.51759357065
62,NL0 30 biomass,legacy,NL0 30,1,60.0,53935.51759357065,53935.51759357065
62,NL0 7 nuclear,legacy,NL0 7,1,515.0,53935.51759357065,53935.51759357065
62,NL0 7 waste,legacy,NL0 7,1,39.0,53935.51759357065,53935.51759357065
62,NL0 8 biomass,legacy,NL0 8,1,36.0,53935.51759357065,53935.51759357065
62,NL0 8 waste,legacy,NL0 8,1,157.0,53935.51759357065,53935.51759357065
62,NL0 9 biomass,legacy,NL0 9,1,20.0,53935.51759357065,53935.51759357065
62,NL0 0 0 solar,legacy,NL0 0,1,0.0,53935.51759357065,118658.1387058575
62,NL0 1 0 solar,legacy,NL0 1,1,0.0,53935.51759357065,118658.1387058575
62,NL0 10 0 solar,legacy,NL0 10,1,0.0,53935.51759357065,53935.51759357058
62,NL0 11 0 solar,legacy,NL0 11,1,0.0,53935.51759357065,53935.51759357058
62,NL0 12 0 solar,legacy,NL0 12,1,0.0,53935.51759357065,118658.1387058575
62,NL0 13 0 solar,legacy,NL0 13,1,0.0,53935.51759357065,53935.51759357058
62,NL0 14 0 solar,legacy,NL0 14,1,0.0,53935.51759357065,53935.51759357058
62,NL0 15 0 solar,legacy,NL0 15,1,0.0,53935.51759357065,53935.51759357058
62,NL0 16 0 solar,legacy,NL0 16,1,0.0,53935.51759357065,118658.1387058575
62,NL0 17 0 solar,legacy,NL0 17,1,0.0,53935.51759357065,118658.1387058575
62,NL0 18 0 solar,legacy,NL0 18,1,0.0,53935.51759357065,118658.1387058575
62,NL0 19 0 solar,legacy,NL0 19,1,0.0,53935.51759357065,53935.51759357058
62,NL0 2 0 solar,legacy,NL0 2,1,0.0,53935.51759357065,53935.51759357058
62,NL0 20 0 solar,legacy,NL0 20,1,0.0,53935.51759357065,118658.1387058575
62,NL0 21 0 solar,legacy,NL0 21,1,0.0,53935.51759357065,53935.51759357058
62,NL0 22 0 solar,legacy,NL0 22,1,0.0,53935.51759357065,118658.1387058575
62,NL0 23 0 solar,legacy,NL0 23,1,0.0,53935.51759357065,118658.1387058575
62,NL0 24 0 solar,legacy,NL0 24,1,0.0,53935.51759357065,118658.1387058575
62,NL0 25 0 solar,legacy,NL0 25,1,0.0,53935.51759357065,53935.51759357058
62,NL0 26 0 solar,legacy,NL0 26,1,0.0,53935.51759357065,118658.1387058575
62,NL0 27 0 solar,legacy,NL0 27,1,0.0,53935.51759357065,118658.1387058575
62,NL0 28 0 solar,legacy,NL0 28,1,0.0,53935.51759357065,53935.51759357058
62,NL0 3 0 solar,legacy,NL0 3,1,0.0,53935.51759357065,53935.51759357058
62,NL0 30 0 solar,legacy,NL0 30,1,0.0,53935.51759357065,53935.51759357058
62,NL0 31 0 solar,legacy,NL0 31,1,0.0,53935.51759357065,118658.1387058575
62,NL0 4 0 solar,legacy,NL0 4,1,0.0,53935.51759357065,118658.1387058575
62,NL0 5 0 solar,legacy,NL0 5,1,0.0,53935.51759357065,118658.1387058575
62,NL0 6 0 solar,legacy,NL0 6,1,0.0,53935.51759357065,53935.51759357058
62,NL0 7 0 solar,legacy,NL0 7,1,0.0,53935.51759357065,53935.51759357058
62,NL0 8 0 solar,legacy,NL0 8,1,0.0,53935.51759357065,118658.1387058575
62,NL0 9 0 solar,legacy,NL0 9,1,0.0,53935.51759357065,118658.1387058575
62,NL0 20 0 offwind-ac,legacy,NL0 20,1,0.0,53935.51759357065,118658.1387058575
62,NL0 27 0 offwind-ac,legacy,NL0 27,1,0.0,53935.51759357065,118658.1387058575
62,NL0 31 0 offwind-ac,legacy,NL0 31,1,0.0,53935.51759357065,53935.51759357058
62,NL0 32 0 offwind-ac,legacy,NL0 32,1,0.0,53935.51759357065,53935.51759357058
62,NL0 7 0 offwind-ac,legacy,NL0 7,1,0.0,53935.51759357065,53935.51759357058
62,NL0 0 0 onwind,legacy,NL0 0,1,0.0,53935.51759357065,118658.1387058575
62,NL0 1 0 onwind,legacy,NL0 1,1,0.0,53935.51759357065,118658.1387058575
62,NL0 10 0 onwind,legacy,NL0 10,1,0.0,53935.51759357065,53935.51759357058
62,NL0 11 0 onwind,legacy,NL0 11,1,0.0,53935.51759357065,118658.1387058575
62,NL0 12 0 onwind,legacy,NL0 12,1,0.0,53935.51759357065,53935.51759357058
62,NL0 13 0 onwind,legacy,NL0 13,1,0.0,53935.51759357065,118658.1387058575
62,NL0 14 0 onwind,legacy,NL0 14,1,0.0,53935.51759357065,118658.1387058575
62,NL0 15 0 onwind,legacy,NL0 15,1,0.0,53935.51759357065,118658.1387058575
62,NL0 17 0 onwind,legacy,NL0 17,1,0.0,53935.51759357065,118658.1387058575
62,NL0 19 0 onwind,legacy,NL0 19,1,0.0,53935.51759357065,118658.1387058575
62,NL0 2 0 onwind,legacy,NL0 2,1,0.0,53935.51759357065,53935.51759357058
62,NL0 20 0 onwind,legacy,NL0 20,1,0.0,53935.51759357065,118658.1387058575
62,NL0 21 0 onwind,legacy,NL0 21,1,0.0,53935.51759357065,53935.51759357058
62,NL0 22 0 onwind,legacy,NL0 22,1,0.0,53935.51759357065,118658.1387058575
62,NL0 23 0 onwind,legacy,NL0 23,1,0.0,53935.51759357065,118658.1387058575
62,NL0 24 0 onwind,legacy,NL0 24,1,0.0,53935.51759357065,53935.51759357058
62,NL0 27 0 onwind,legacy,NL0 27,1,0.0,53935.51759357065,118658.1387058575
62,NL0 3 0 onwind,legacy,NL0 3,1,0.0,53935.51759357065,53935.51759357058
62,NL0 30 0 onwind,legacy,NL0 30,1,0.0,53935.51759357065,118658.1387058575
62,NL0 31 0 onwind,legacy,NL0 31,1,0.0,53935.51759357065,118658.1387058575
62,NL0 4 0 onwind,legacy,NL0 4,1,0.0,53935.51759357065,118658.1387058575
62,NL0 5 0 onwind,legacy,NL0 5,1,0.0,53935.51759357065,118658.1387058575
62,NL0 6 0 onwind,legacy,NL0 6,1,0.0,53935.51759357065,53935.51759357058
62,NL0 7 0 onwind,legacy,NL0 7,1,0.0,53935.51759357065,118658.1387058575
62,NL0 8 0 onwind,legacy,NL0 8,1,0.0,53935.51759357065,118658.1387058575
62,NL0 9 0 onwind,legacy,NL0 9,1,0.0,53935.51759357065,118658.1387058575
63,NL0 0 Invest,investable,NL0 0,1,0.0,53935.51759343587,59329.06935292875
63,NL0 1 Invest,investable,NL0 1,1,544.9553169523765,53935.51759343587,53935.51759357159
63,NL0 10 Invest,investable,NL0 10,1,0.0,53935.51759343587,59329.06935292875
63,NL0 11 Invest,investable,NL0 11,1,465.00887396520193,53935.51759343587,53935.51759357159
63,NL0 12 Invest,investable,NL0 12,1,1000.0,53935.51759343587,53935.51759343562
63,NL0 13 Invest,investable,NL0 13,1,764.6818877821147,53935.51759343587,53935.51759357159
63,NL0 14 Invest,investable,NL0 14,1,1000.0,53935.51759343587,53935.51759343575
63,NL0 15 Invest,investable,NL0 15,1,1000.0,53935.51759343587,53935.51759343575
63,NL0 16 Invest,investable,NL0 16,1,0.0,53935.51759343587,59329.06935292875
63,NL0 17 Invest,investable,NL0 17,1,0.0,53935.51759343587,59329.06935292875
63,NL0 18 Invest,investable,NL0 18,1,0.0,53935.51759343587,59329.06935292875
63,NL0 19 Invest,investable,NL0 19,1,1000.0,53935.51759343587,53935.51759343575
63,NL0 2 Invest,investable,NL0 2,1,1000.0,53935.51759343587,53935.51759343575
63,NL0 20 Invest,investable,NL0 20,1,0.0,53935.51759343587,59329.06935292875
63,NL0 21 Invest,investable,NL0 21,1,0.0,53935.51759343587,59329.06935292875
63,NL0 22 Invest,investable,NL0 22,1,457.9137837282733,53935.51759343587,53935.51759357159
63,NL0 23 Invest,investable,NL0 23,1,0.0,53935.51759343587,59329.06935292875
63,NL0 24 Invest,investable,NL0 24,1,0.0,53935.51759343587,59329.06935292875
63,NL0 25 Invest,investable,NL0 25,1,1000.0,53935.51759343587,53935.51759343575
63,NL0 26 Invest,investable,NL0 26,1,1000.0,53935.51759343587,53935.51759343575
63,NL0 27 Invest,investable,NL0 27,1,0.0,53935.51759343587,59329.06935292875
63,NL0 28 Invest,investable,NL0 28,1,1000.0,53935.51759343587,53935.51759343575
63,NL0 3 Invest,investable,NL0 3,1,0.0,53935.51759343587,59329.06935292875
63,NL0 30 Invest,investable,NL0 30,1,0.0,53935.51759343587,59329.06935292875
63,NL0 31 Invest,investable,NL0 31,1,1000.0,53935.51759343587,53935.51759343575
63,NL0 33 Invest,investable,NL0 33,1,0.0,53935.51759343587,59329.06935292875
63,NL0 4 Invest,investable,NL0 4,1,1000.0,53935.51759343587,53935.51759343575
63,NL0 5 Invest,investable,NL0 5,1,769.8461471719233,53935.51759343587,53935.51759357159
63,NL0 6 Invest,investable,NL0 6,1,279.3619283044868,53935.51759343587,53935.51759357159
63,NL0 7 Invest,investable,NL0 7,1,879.8743004219482,53935.51759343587,53935.51759357159
63,NL0 8 Invest,investable,NL0 8,1,0.0,53935.51759343587,59329.06935292875
63,NL0 9 Invest,investable,NL0 9,1,472.8653645247937,53935.51759343587,53935.51759357159
63,NL0 1 biomass,legacy,NL0 1,1,71.0,53935.51759343587,53935.51759343587
63,NL0 1 waste,legacy,NL0 1,1,31.0,53935.51759343587,53935.51759343587
63,NL0 10 waste,legacy,NL0 10,1,150.0,53935.51759343587,53935.51759343587
63,NL0 11 biomass,legacy,NL0 11,1,20.0,53935.51759343587,53935.51759343587
63,NL0 11 waste,legacy,NL0 11,1,50.0,53935.51759343587,53935.51759343587
63,NL0 13 biomass,legacy,NL0 13,1,77.0,53935.51759343587,53935.51759343587
63,NL0 19 biomass,legacy,NL0 19,1,49.0,53935.51759343587,53935.51759343587
63,NL0 19 waste,legacy,NL0 19,1,36.0,53935.51759343587,53935.51759343587
63,NL0 22 biomass,legacy,NL0 22,1,500.0,53935.51759343587,53935.51759343587
63,NL0 25 waste,legacy,NL0 25,1,54.0,53935.51759343587,53935.51759343587
63,NL0 27 biomass,legacy,NL0 27,1,22.0,53935.51759343587,53935.51759343587
63,NL0 27 waste,legacy,NL0 27,1,71.2,53935.51759343587,53935.51759343587
63,NL0 3 biomass,legacy,NL0 3,1,22.0,53935.51759343587,53935.51759343587
63,NL0 3 waste,legacy,NL0 3,1,108.0,53935.51759343587,53935.51759343587
63,NL0 30 biomass,legacy,NL0 30,1,60.0,53935.51759343587,53935.51759343587
63,NL0 7 nuclear,legacy,NL0 7,1,515.0,53935.51759343587,53935.51759343587
63,NL0 7 waste,legacy,NL0 7,1,39.0,53935.51759343587,53935.51759343587
63,NL0 8 biomass,legacy,NL0 8,1,36.0,53935.51759343587,53935.51759343587
63,NL0 8 waste,legacy,NL0 8,1,157.0,53935.51759343587,53935.51759343587
63,NL0 9 biomass,legacy,NL0 9,1,20.0,53935.51759343587,53935.51759343587
63,NL0 0 0 solar,legacy,NL0 0,1,0.0,53935.51759343587,53935.517593435754
63,NL0 1 0 solar,legacy,NL0 1,1,0.0,53935.51759343587,53935.517593435754
63,NL0 10 0 solar,legacy,NL0 10,1,0.0,53935.51759343587,53935.517593435754
63,NL0 11 0 solar,legacy,NL0 11,1,0.0,53935.51759343587,53935.517593435754
63,NL0 12 0 solar,legacy,NL0 12,1,0.0,53935.51759343587,53935.517593435754
63,NL0 13 0 solar,legacy,NL0 13,1,0.0,53935.51759343587,53935.517593435754
63,NL0 14 0 solar,legacy,NL0 14,1,0.0,53935.51759343587,53935.517593435754
63,NL0 15 0 solar,legacy,NL0 15,1,0.0,53935.51759343587,53935.517593435754
63,NL0 16 0 solar,legacy,NL0 16,1,0.0,53935.51759343587,53935.517593435754
63,NL0 17 0 solar,legacy,NL0 17,1,0.0,53935.51759343587,53935.517593435754
63,NL0 18 0 solar,legacy,NL0 18,1,0.0,53935.51759343587,53935.517593435754
63,NL0 19 0 solar,legacy,NL0 19,1,0.0,53935.51759343587,53935.517593435754
63,NL0 2 0 solar,legacy,NL0 2,1,0.0,53935.51759343587,53935.517593435754
63,NL0 20 0 solar,legacy,NL0 20,1,0.0,53935.51759343587,53935.517593435754
63,NL0 21 0 solar,legacy,NL0 21,1,0.0,53935.51759343587,53935.517593435754
63,NL0 22 0 solar,legacy,NL0 22,1,0.0,53935.51759343587,53935.517593435754
63,NL0 23 0 solar,legacy,NL0 23,1,0.0,53935.51759343587,53935.517593435754
63,NL0 24 0 solar,legacy,NL0 24,1,0.0,53935.51759343587,53935.517593435754
63,NL0 25 0 solar,legacy,NL0 25,1,0.0,53935.51759343587,53935.517593435754
63,NL0 26 0 solar,legacy,NL0 26,1,0.0,53935.51759343587,53935.517593435754
63,NL0 27 0 solar,legacy,NL0 27,1,0.0,53935.51759343587,53935.517593435754
63,NL0 28 0 solar,legacy,NL0 28,1,0.0,53935.51759343587,53935.517593435754
63,NL0 3 0 solar,legacy,NL0 3,1,0.0,53935.51759343587,53935.517593435754
63,NL0 30 0 solar,legacy,NL0 30,1,0.0,53935.51759343587,53935.517593435754
63,NL0 31 0 solar,legacy,NL0 31,1,0.0,53935.51759343587,53935.517593435754
63,NL0 4 0 solar,legacy,NL0 4,1,0.0,53935.51759343587,53935.517593435754
63,NL0 5 0 solar,legacy,NL0 5,1,0.0,53935.51759343587,53935.517593435754
63,NL0 6 0 solar,legacy,NL0 6,1,0.0,53935.51759343587,53935.517593435754
63,NL0 7 0 solar,legacy,NL0 7,1,0.0,53935.51759343587,53935.517593435754
63,NL0 8 0 solar,legacy,NL0 8,1,0.0,53935.51759343587,53935.517593435754
63,NL0 9 0 solar,legacy,NL0 9,1,0.0,53935.51759343587,53935.517593435754
63,NL0 20 0 offwind-ac,legacy,NL0 20,1,0.0,53935.51759343587,53935.517593435754
63,NL0 27 0 offwind-ac,legacy,NL0 27,1,0.0,53935.51759343587,53935.517593435754
63,NL0 31 0 offwind-ac,legacy,NL0 31,1,0.0,53935.51759343587,53935.517593435754
63,NL0 32 0 offwind-ac,legacy,NL0 32,1,0.0,53935.51759343587,53935.517593435754
63,NL0 7 0 offwind-ac,legacy,NL0 7,1,0.0,53935.51759343587,53935.517593435754
63,NL0 0 0 onwind,legacy,NL0 0,1,0.0,53935.51759343587,53935.517593435754
63,NL0 1 0 onwind,legacy,NL0 1,1,0.0,53935.51759343587,53935.517593435754
63,NL0 10 0 onwind,legacy,NL0 10,1,0.0,53935.51759343587,53935.517593435754
63,NL0 11 0 onwind,legacy,NL0 11,1,0.0,53935.51759343587,53935.517593435754
63,NL0 12 0 onwind,legacy,NL0 12,1,0.0,53935.51759343587,53935.517593435754
63,NL0 13 0 onwind,legacy,NL0 13,1,0.0,53935.51759343587,53935.517593435754
63,NL0 14 0 onwind,legacy,NL0 14,1,0.0,53935.51759343587,53935.517593435754
63,NL0 15 0 onwind,legacy,NL0 15,1,0.0,53935.51759343587,53935.517593435754
63,NL0 17 0 onwind,legacy,NL0 17,1,0.0,53935.51759343587,53935.517593435754
63,NL0 19 0 onwind,legacy,NL0 19,1,0.0,53935.51759343587,53935.517593435754
63,NL0 2 0 onwind,legacy,NL0 2,1,0.0,53935.51759343587,53935.517593435754
63,NL0 20 0 onwind,legacy,NL0 20,1,0.0,53935.51759343587,53935.517593435754
63,NL0 21 0 onwind,legacy,NL0 21,1,0.0,53935.51759343587,53935.517593435754
63,NL0 22 0 onwind,legacy,NL0 22,1,0.0,53935.51759343587,53935.517593435754
63,NL0 23 0 onwind,legacy,NL0 23,1,0.0,53935.51759343587,53935.517593435754
63,NL0 24 0 onwind,legacy,NL0 24,1,0.0,53935.51759343587,53935.517593435754
63,NL0 27 0 onwind,legacy,NL0 27,1,0.0,53935.51759343587,53935.517593435754
63,NL0 3 0 onwind,legacy,NL0 3,1,0.0,53935.51759343587,53935.517593435754
63,NL0 30 0 onwind,legacy,NL0 30,1,0.0,53935.51759343587,53935.517593435754
63,NL0 31 0 onwind,legacy,NL0 31,1,0.0,53935.51759343587,53935.517593435754
63,NL0 4 0 onwind,legacy,NL0 4,1,0.0,53935.51759343587,53935.517593435754
63,NL0 5 0 onwind,legacy,NL0 5,1,0.0,53935.51759343587,53935.517593435754
63,NL0 6 0 onwind,legacy,NL0 6,1,0.0,53935.51759343587,53935.517593435754
63,NL0 7 0 onwind,legacy,NL0 7,1,0.0,53935.51759343587,53935.517593435754
63,NL0 8 0 onwind,legacy,NL0 8,1,0.0,53935.51759343587,53935.517593435754
63,NL0 9 0 onwind,legacy,NL0 9,1,0.0,53935.51759343587,53935.517593435754
64,NL0 0 Invest,investable,NL0 0,1,0.0,53935.51759343587,59329.06935292875
64,NL0 1 Invest,investable,NL0 1,1,544.9553169523765,53935.51759343587,53935.51759357159
64,NL0 10 Invest,investable,NL0 10,1,0.0,53935.51759343587,59329.06935292875
64,NL0 11 Invest,investable,NL0 11,1,465.00887396520193,53935.51759343587,53935.51759357159
64,NL0 12 Invest,investable,NL0 12,1,1000.0,53935.51759343587,53935.51759343562
64,NL0 13 Invest,investable,NL0 13,1,764.6818877821147,53935.51759343587,53935.51759357159
64,NL0 14 Invest,investable,NL0 14,1,1000.0,53935.51759343587,53935.51759343575
64,NL0 15 Invest,investable,NL0 15,1,1000.0,53935.51759343587,53935.51759343575
64,NL0 16 Invest,investable,NL0 16,1,0.0,53935.51759343587,59329.06935292875
64,NL0 17 Invest,investable,NL0 17,1,0.0,53935.51759343587,59329.06935292875
64,NL0 18 Invest,investable,NL0 18,1,0.0,53935.51759343587,59329.06935292875
64,NL0 19 Invest,investable,NL0 19,1,1000.0,53935.51759343587,53935.51759343575
64,NL0 2 Invest,investable,NL0 2,1,1000.0,53935.51759343587,53935.51759343575
64,NL0 20 Invest,investable,NL0 20,1,0.0,53935.51759343587,59329.06935292875
64,NL0 21 Invest,investable,NL0 21,1,0.0,53935.51759343587,59329.06935292875
64,NL0 22 Invest,investable,NL0 22,1,457.9137837282733,53935.51759343587,53935.51759357159
64,NL0 23 Invest,investable,NL0 23,1,0.0,53935.51759343587,59329.06935292875
64,NL0 24 Invest,investable,NL0 24,1,0.0,53935.51759343587,59329.06935292875
64,NL0 25 Invest,investable,NL0 25,1,1000.0,53935.51759343587,53935.51759343575
64,NL0 26 Invest,investable,NL0 26,1,1000.0,53935.51759343587,53935.51759343575
64,NL0 27 Invest,investable,NL0 27,1,0.0,53935.51759343587,59329.06935292875
64,NL0 28 Invest,investable,NL0 28,1,1000.0,53935.51759343587,53935.51759343575
64,NL0 3 Invest,investable,NL0 3,1,0.0,53935.51759343587,59329.06935292875
64,NL0 30 Invest,investable,NL0 30,1,0.0,53935.51759343587,59329.06935292875
64,NL0 31 Invest,investable,NL0 31,1,1000.0,53935.51759343587,53935.51759343575
64,NL0 33 Invest,investable,NL0 33,1,0.0,53935.51759343587,59329.06935292875
64,NL0 4 Invest,investable,NL0 4,1,1000.0,53935.51759343587,53935.51759343575
64,NL0 5 Invest,investable,NL0 5,1,769.8461471719233,53935.51759343587,53935.51759357159
64,NL0 6 Invest,investable,NL0 6,1,279.3619283044868,53935.51759343587,53935.51759357159
64,NL0 7 Invest,investable,NL0 7,1,879.8743004219482,53935.51759343587,53935.51759357159
64,NL0 8 Invest,investable,NL0 8,1,0.0,53935.51759343587,59329.06935292875
64,NL0 9 Invest,investable,NL0 9,1,472.8653645247937,53935.51759343587,53935.51759357159
64,NL0 1 biomass,legacy,NL0 1,1,71.0,53935.51759343587,53935.51759343587
64,NL0 1 waste,legacy,NL0 1,1,31.0,53935.51759343587,53935.51759343587
64,NL0 10 waste,legacy,NL0 10,1,150.0,53935.51759343587,53935.51759343587
64,NL0 11 biomass,legacy,NL0 11,1,20.0,53935.51759343587,53935.51759343587
64,NL0 11 waste,legacy,NL0 11,1,50.0,53935.51759343587,53935.51759343587
64,NL0 13 biomass,legacy,NL0 13,1,77.0,53935.51759343587,53935.51759343587
64,NL0 19 biomass,legacy,NL0 19,1,49.0,53935.51759343587,53935.51759343587
64,NL0 19 waste,legacy,NL0 19,1,36.0,53935.51759343587,53935.51759343587
64,NL0 22 biomass,legacy,NL0 22,1,500.0,53935.51759343587,53935.51759343587
64,NL0 25 waste,legacy,NL0 25,1,54.0,53935.51759343587,53935.51759343587
64,NL0 27 biomass,legacy,NL0 27,1,22.0,53935.51759343587,53935.51759343587
64,NL0 27 waste,legacy,NL0 27,1,71.2,53935.51759343587,53935.51759343587
64,NL0 3 biomass,legacy,NL0 3,1,22.0,53935.51759343587,53935.51759343587
64,NL0 3 waste,legacy,NL0 3,1,108.0,53935.51759343587,53935.51759343587
64,NL0 30 biomass,legacy,NL0 30,1,60.0,53935.51759343587,53935.51759343587
64,NL0 7 nuclear,legacy,NL0 7,1,515.0,53935.51759343587,53935.51759343587
64,NL0 7 waste,legacy,NL0 7,1,39.0,53935.51759343587,53935.51759343587
64,NL0 8 biomass,legacy,NL0 8,1,36.0,53935.51759343587,53935.51759343587
64,NL0 8 waste,legacy,NL0 8,1,157.0,53935.51759343587,53935.51759343587
64,NL0 9 biomass,legacy,NL0 9,1,20.0,53935.51759343587,53935.51759343587
64,NL0 0 0 solar,legacy,NL0 0,1,0.0,53935.51759343587,53935.517593435754
64,NL0 1 0 solar,legacy,NL0 1,1,0.0,53935.51759343587,53935.517593435754
64,NL0 10 0 solar,legacy,NL0 10,1,0.0,53935.51759343587,53935.517593435754
64,NL0 11 0 solar,legacy,NL0 11,1,0.0,53935.51759343587,53935.517593435754
64,NL0 12 0 solar,legacy,NL0 12,1,0.0,53935.51759343587,53935.517593435754
64,NL0 13 0 solar,legacy,NL0 13,1,0.0,53935.51759343587,53935.517593435754
64,NL0 14 0 solar,legacy,NL0 14,1,0.0,53935.51759343587,53935.517593435754
64,NL0 15 0 solar,legacy,NL0 15,1,0.0,53935.51759343587,53935.517593435754
64,NL0 16 0 solar,legacy,NL0 16,1,0.0,53935.51759343587,53935.517593435754
64,NL0 17 0 solar,legacy,NL0 17,1,0.0,53935.51759343587,53935.517593435754
64,NL0 18 0 solar,legacy,NL0 18,1,0.0,53935.51759343587,53935.517593435754
64,NL0 19 0 solar,legacy,NL0 19,1,0.0,53935.51759343587,53935.517593435754
64,NL0 2 0 solar,legacy,NL0 2,1,0.0,53935.51759343587,53935.517593435754
64,NL0 20 0 solar,legacy,NL0 20,1,0.0,53935.51759343587,53935.517593435754
64,NL0 21 0 solar,legacy,NL0 21,1,0.0,53935.51759343587,53935.517593435754
64,NL0 22 0 solar,legacy,NL0 22,1,0.0,53935.51759343587,53935.517593435754
64,NL0 23 0 solar,legacy,NL0 23,1,0.0,53935.51759343587,53935.517593435754
64,NL0 24 0 solar,legacy,NL0 24,1,0.0,53935.51759343587,53935.517593435754
64,NL0 25 0 solar,legacy,NL0 25,1,0.0,53935.51759343587,53935.517593435754
64,NL0 26 0 solar,legacy,NL0 26,1,0.0,53935.51759343587,53935.517593435754
64,NL0 27 0 solar,legacy,NL0 27,1,0.0,53935.51759343587,53935.517593435754
64,NL0 28 0 solar,legacy,NL0 28,1,0.0,53935.51759343587,53935.517593435754
64,NL0 3 0 solar,legacy,NL0 3,1,0.0,53935.51759343587,53935.517593435754
64,NL0 30 0 solar,legacy,NL0 30,1,0.0,53935.51759343587,53935.517593435754
64,NL0 31 0 solar,legacy,NL0 31,1,0.0,53935.51759343587,53935.517593435754
64,NL0 4 0 solar,legacy,NL0 4,1,0.0,53935.51759343587,53935.517593435754
64,NL0 5 0 solar,legacy,NL0 5,1,0.0,53935.51759343587,53935.517593435754
64,NL0 6 0 solar,legacy,NL0 6,1,0.0,53935.51759343587,53935.517593435754
64,NL0 7 0 solar,legacy,NL0 7,1,0.0,53935.51759343587,53935.517593435754
64,NL0 8 0 solar,legacy,NL0 8,1,0.0,53935.51759343587,53935.517593435754
64,NL0 9 0 solar,legacy,NL0 9,1,0.0,53935.51759343587,53935.517593435754
64,NL0 20 0 offwind-ac,legacy,NL0 20,1,0.0,53935.51759343587,53935.517593435754
64,NL0 27 0 offwind-ac,legacy,NL0 27,1,0.0,53935.51759343587,53935.517593435754
64,NL0 31 0 offwind-ac,legacy,NL0 31,1,0.0,53935.51759343587,53935.517593435754
64,NL0 32 0 offwind-ac,legacy,NL0 32,1,0.0,53935.51759343587,53935.517593435754
64,NL0 7 0 offwind-ac,legacy,NL0 7,1,0.0,53935.51759343587,53935.517593435754
64,NL0 0 0 onwind,legacy,NL0 0,1,0.0,53935.51759343587,53935.517593435754
64,NL0 1 0 onwind,legacy,NL0 1,1,0.0,53935.51759343587,53935.517593435754
64,NL0 10 0 onwind,legacy,NL0 10,1,0.0,53935.51759343587,53935.517593435754
64,NL0 11 0 onwind,legacy,NL0 11,1,0.0,53935.51759343587,53935.517593435754
64,NL0 12 0 onwind,legacy,NL0 12,1,0.0,53935.51759343587,53935.517593435754
64,NL0 13 0 onwind,legacy,NL0 13,1,0.0,53935.51759343587,53935.517593435754
64,NL0 14 0 onwind,legacy,NL0 14,1,0.0,53935.51759343587,53935.517593435754
64,NL0 15 0 onwind,legacy,NL0 15,1,0.0,53935.51759343587,53935.517593435754
64,NL0 17 0 onwind,legacy,NL0 17,1,0.0,53935.51759343587,53935.517593435754
64,NL0 19 0 onwind,legacy,NL0 19,1,0.0,53935.51759343587,53935.517593435754
64,NL0 2 0 onwind,legacy,NL0 2,1,0.0,53935.51759343587,53935.517593435754
64,NL0 20 0 onwind,legacy,NL0 20,1,0.0,53935.51759343587,53935.517593435754
64,NL0 21 0 onwind,legacy,NL0 21,1,0.0,53935.51759343587,53935.517593435754
64,NL0 22 0 onwind,legacy,NL0 22,1,0.0,53935.51759343587,53935.517593435754
64,NL0 23 0 onwind,legacy,NL0 23,1,0.0,53935.51759343587,53935.517593435754
64,NL0 24 0 onwind,legacy,NL0 24,1,0.0,53935.51759343587,53935.517593435754
64,NL0 27 0 onwind,legacy,NL0 27,1,0.0,53935.51759343587,53935.517593435754
64,NL0 3 0 onwind,legacy,NL0 3,1,0.0,53935.51759343587,53935.517593435754
64,NL0 30 0 onwind,legacy,NL0 30,1,0.0,53935.51759343587,53935.517593435754
64,NL0 31 0 onwind,legacy,NL0 31,1,0.0,53935.51759343587,53935.517593435754
64,NL0 4 0 onwind,legacy,NL0 4,1,0.0,53935.51759343587,53935.517593435754
64,NL0 5 0 onwind,legacy,NL0 5,1,0.0,53935.51759343587,53935.517593435754
64,NL0 6 0 onwind,legacy,NL0 6,1,0.0,53935.51759343587,53935.517593435754
64,NL0 7 0 onwind,legacy,NL0 7,1,0.0,53935.51759343587,53935.517593435754
64,NL0 8 0 onwind,legacy,NL0 8,1,0.0,53935.51759343587,53935.517593435754
64,NL0 9 0 onwind,legacy,NL0 9,1,0.0,53935.51759343587,53935.517593435754
65,NL0 0 Invest,investable,NL0 0,1,0.0,53935.51759343587,59329.06935292875
65,NL0 1 Invest,investable,NL0 1,1,634.5076028511176,53935.51759343587,53935.51759357159
65,NL0 10 Invest,investable,NL0 10,1,0.0,53935.51759343587,59329.06935292875
65,NL0 11 Invest,investable,NL0 11,1,1000.0,53935.51759343587,53935.51759357159
65,NL0 12 Invest,investable,NL0 12,1,1000.0,53935.51759343587,53935.51759343562
65,NL0 13 Invest,investable,NL0 13,1,0.0,53935.51759343587,53935.51759357159
65,NL0 14 Invest,investable,NL0 14,1,1000.0,53935.51759343587,53935.51759343575
65,NL0 15 Invest,investable,NL0 15,1,1000.0,53935.51759343587,53935.51759343575
65,NL0 16 Invest,investable,NL0 16,1,0.0,53935.51759343587,59329.06935292875
65,NL0 17 Invest,investable,NL0 17,1,0.0,53935.51759343587,59329.06935292875
65,NL0 18 Invest,investable,NL0 18,1,0.0,53935.51759343587,59329.06935292875
65,NL0 19 Invest,investable,NL0 19,1,1000.0,53935.51759343587,53935.51759343575
65,NL0 2 Invest,investable,NL0 2,1,1000.0,53935.51759343587,53935.51759343575
65,NL0 20 Invest,investable,NL0 20,1,0.0,53935.51759343587,59329.06935292875
65,NL0 21 Invest,investable,NL0 21,1,0.0,53935.51759343587,59329.06935292875
65,NL0 22 Invest,investable,NL0 22,1,1000.0,53935.51759343587,53935.51759357159
65,NL0 23 Invest,investable,NL0 23,1,0.0,53935.51759343587,59329.06935292875
65,NL0 24 Invest,investable,NL0 24,1,0.0,53935.51759343587,59329.06935292875
65,NL0 25 Invest,investable,NL0 25,1,1000.0,53935.51759343587,53935.51759343575
65,NL0 26 Invest,investable,NL0 26,1,1000.0,53935.51759343587,53935.51759343575
65,NL0 27 Invest,investable,NL0 27,1,0.0,53935.51759343587,59329.06935292875
65,NL0 28 Invest,investable,NL0 28,1,1000.0,53935.51759343587,53935.51759343575
65,NL0 3 Invest,investable,NL0 3,1,0.0,53935.51759343587,59329.06935292875
65,NL0 30 Invest,investable,NL0 30,1,0.0,53935.51759343587,59329.06935292875
65,NL0 31 Invest,investable,NL0 31,1,1000.0,53935.51759343587,53935.51759343575
65,NL0 33 Invest,investable,NL0 33,1,0.0,53935.51759343587,59329.06935292875
65,NL0 4 Invest,investable,NL0 4,1,1000.0,53935.51759343587,53935.51759343575
65,NL0 5 Invest,investable,NL0 5,1,1000.0,53935.51759343587,53935.51759357159
65,NL0 6 Invest,investable,NL0 6,1,0.0,53935.51759343587,53935.51759357159
65,NL0 7 Invest,investable,NL0 7,1,1000.0,53935.51759343587,53935.51759357159
65,NL0 8 Invest,investable,NL0 8,1,0.0,53935.51759343587,59329.06935292875
65,NL0 9 Invest,investable,NL0 9,1,0.0,53935.51759343587,53935.51759357159
65,NL0 1 biomass,legacy,NL0 1,1,71.0,53935.51759343587,53935.51759343587
65,NL0 1 waste,legacy,NL0 1,1,31.0,53935.51759343587,53935.51759343587
65,NL0 10 waste,legacy,NL0 10,1,150.0,53935.51759343587,53935.51759343587
65,NL0 11 biomass,legacy,NL0 11,1,20.0,53935.51759343587,53935.51759343587
65,NL0 11 waste,legacy,NL0 11,1,50.0,53935.51759343587,53935.51759343587
65,NL0 13 biomass,legacy,NL0 13,1,77.0,53935.51759343587,53935.51759343587
65,NL0 19 biomass,legacy,NL0 19,1,49.0,53935.51759343587,53935.51759343587
65,NL0 19 waste,legacy,NL0 19,1,36.0,53935.51759343587,53935.51759343587
65,NL0 22 biomass,legacy,NL0 22,1,500.0,53935.51759343587,53935.51759343587
65,NL0 25 waste,legacy,NL0 25,1,54.0,53935.51759343587,53935.51759343587
65,NL0 27 biomass,legacy,NL0 27,1,22.0,53935.51759343587,53935.51759343587
65,NL0 27 waste,legacy,NL0 27,1,71.2,53935.51759343587,53935.51759343587
65,NL0 3 biomass,legacy,NL0 3,1,22.0,53935.51759343587,53935.51759343587
65,NL0 3 waste,legacy,NL0 3,1,108.0,53935.51759343587,53935.51759343587
65,NL0 30 biomass,legacy,NL0 30,1,60.0,53935.51759343587,53935.51759343587
65,NL0 7 nuclear,legacy,NL0 7,1,515.0,53935.51759343587,53935.51759343587
65,NL0 7 waste,legacy,NL0 7,1,39.0,53935.51759343587,53935.51759343587
65,NL0 8 biomass,legacy,NL0 8,1,36.0,53935.51759343587,53935.51759343587
65,NL0 8 waste,legacy,NL0 8,1,157.0,53935.51759343587,53935.51759343587
65,NL0 9 biomass,legacy,NL0 9,1,20.0,53935.51759343587,53935.51759343587
65,NL0 0 0 solar,legacy,NL0 0,1,0.0,53935.51759343587,53935.517593435754
65,NL0 1 0 solar,legacy,NL0 1,1,0.0,53935.51759343587,53935.517593435754
65,NL0 10 0 solar,legacy,NL0 10,1,0.0,53935.51759343587,53935.517593435754
65,NL0 11 0 solar,legacy,NL0 11,1,0.0,53935.51759343587,53935.517593435754
65,NL0 12 0 solar,legacy,NL0 12,1,0.0,53935.51759343587,53935.517593435754
65,NL0 13 0 solar,legacy,NL0 13,1,0.0,53935.51759343587,53935.517593435754
65,NL0 14 0 solar,legacy,NL0 14,1,0.0,53935.51759343587,53935.517593435754
65,NL0 15 0 solar,legacy,NL0 15,1,0.0,53935.51759343587,53935.517593435754
65,NL0 16 0 solar,legacy,NL0 16,1,0.0,53935.51759343587,53935.517593435754
65,NL0 17 0 solar,legacy,NL0 17,1,0.0,53935.51759343587,53935.517593435754
65,NL0 18 0 solar,legacy,NL0 18,1,0.0,53935.51759343587,53935.517593435754
65,NL0 19 0 solar,legacy,NL0 19,1,0.0,53935.51759343587,53935.517593435754
65,NL0 2 0 solar,legacy,NL0 2,1,0.0,53935.51759343587,53935.517593435754
65,NL0 20 0 solar,legacy,NL0 20,1,0.0,53935.51759343587,53935.517593435754
65,NL0 21 0 solar,legacy,NL0 21,1,0.0,53935.51759343587,53935.517593435754
65,NL0 22 0 solar,legacy,NL0 22,1,0.0,53935.51759343587,53935.517593435754
65,NL0 23 0 solar,legacy,NL0 23,1,0.0,53935.51759343587,53935.517593435754
65,NL0 24 0 solar,legacy,NL0 24,1,0.0,53935.51759343587,53935.517593435754
65,NL0 25 0 solar,legacy,NL0 25,1,0.0,53935.51759343587,53935.517593435754
65,NL0 26 0 solar,legacy,NL0 26,1,0.0,53935.51759343587,53935.517593435754
65,NL0 27 0 solar,legacy,NL0 27,1,0.0,53935.51759343587,53935.517593435754
65,NL0 28 0 solar,legacy,NL0 28,1,0.0,53935.51759343587,53935.517593435754
65,NL0 3 0 solar,legacy,NL0 3,1,0.0,53935.51759343587,53935.517593435754
65,NL0 30 0 solar,legacy,NL0 30,1,0.0,53935.51759343587,53935.517593435754
65,NL0 31 0 solar,legacy,NL0 31,1,0.0,53935.51759343587,53935.517593435754
65,NL0 4 0 solar,legacy,NL0 4,1,0.0,53935.51759343587,53935.517593435754
65,NL0 5 0 solar,legacy,NL0 5,1,0.0,53935.51759343587,53935.517593435754
65,NL0 6 0 solar,legacy,NL0 6,1,0.0,53935.51759343587,53935.517593435754
65,NL0 7 0 solar,legacy,NL0 7,1,0.0,53935.51759343587,53935.517593435754
65,NL0 8 0 solar,legacy,NL0 8,1,0.0,53935.51759343587,53935.517593435754
65,NL0 9 0 solar,legacy,NL0 9,1,0.0,53935.51759343587,53935.517593435754
65,NL0 20 0 offwind-ac,legacy,NL0 20,1,0.0,53935.51759343587,53935.517593435754
65,NL0 27 0 offwind-ac,legacy,NL0 27,1,0.0,53935.51759343587,53935.517593435754
65,NL0 31 0 offwind-ac,legacy,NL0 31,1,0.0,53935.51759343587,53935.517593435754
65,NL0 32 0 offwind-ac,legacy,NL0 32,1,0.0,53935.51759343587,53935.517593435754
65,NL0 7 0 offwind-ac,legacy,NL0 7,1,0.0,53935.51759343587,53935.517593435754
65,NL0 0 0 onwind,legacy,NL0 0,1,0.0,53935.51759343587,53935.517593435754
65,NL0 1 0 onwind,legacy,NL0 1,1,0.0,53935.51759343587,53935.517593435754
65,NL0 10 0 onwind,legacy,NL0 10,1,0.0,53935.51759343587,53935.517593435754
65,NL0 11 0 onwind,legacy,NL0 11,1,0.0,53935.51759343587,53935.517593435754
65,NL0 12 0 onwind,legacy,NL0 12,1,0.0,53935.51759343587,53935.517593435754
65,NL0 13 0 onwind,legacy,NL0 13,1,0.0,53935.51759343587,53935.517593435754
65,NL0 14 0 onwind,legacy,NL0 14,1,0.0,53935.51759343587,53935.517593435754
65,NL0 15 0 onwind,legacy,NL0 15,1,0.0,53935.51759343587,53935.517593435754
65,NL0 17 0 onwind,legacy,NL0 17,1,0.0,53935.51759343587,53935.517593435754
65,NL0 19 0 onwind,legacy,NL0 19,1,0.0,53935.51759343587,53935.517593435754
65,NL0 2 0 onwind,legacy,NL0 2,1,0.0,53935.51759343587,53935.517593435754
65,NL0 20 0 onwind,legacy,NL0 20,1,0.0,53935.51759343587,53935.517593435754
65,NL0 21 0 onwind,legacy,NL0 21,1,0.0,53935.51759343587,53935.517593435754
65,NL0 22 0 onwind,legacy,NL0 22,1,0.0,53935.51759343587,53935.517593435754
65,NL0 23 0 onwind,legacy,NL0 23,1,0.0,53935.51759343587,53935.517593435754
65,NL0 24 0 onwind,legacy,NL0 24,1,0.0,53935.51759343587,53935.517593435754
65,NL0 27 0 onwind,legacy,NL0 27,1,0.0,53935.51759343587,53935.517593435754
65,NL0 3 0 onwind,legacy,NL0 3,1,0.0,53935.51759343587,53935.517593435754
65,NL0 30 0 onwind,legacy,NL0 30,1,0.0,53935.51759343587,53935.517593435754
65,NL0 31 0 onwind,legacy,NL0 31,1,0.0,53935.51759343587,53935.517593435754
65,NL0 4 0 onwind,legacy,NL0 4,1,0.0,53935.51759343587,53935.517593435754
65,NL0 5 0 onwind,legacy,NL0 5,1,0.0,53935.51759343587,53935.517593435754
65,NL0 6 0 onwind,legacy,NL0 6,1,0.0,53935.51759343587,53935.517593435754
65,NL0 7 0 onwind,legacy,NL0 7,1,0.0,53935.51759343587,53935.517593435754
65,NL0 8 0 onwind,legacy,NL0 8,1,0.0,53935.51759343587,53935.517593435754
65,NL0 9 0 onwind,legacy,NL0 9,1,0.0,53935.51759343587,53935.517593435754
66,NL0 0 Invest,investable,NL0 0,1,0.0,53935.51759343587,59329.06935292875
66,NL0 1 Invest,investable,NL0 1,1,1000.0,53935.51759343587,53935.51759357159
66,NL0 10 Invest,investable,NL0 10,1,0.0,53935.51759343587,59329.06935292875
66,NL0 11 Invest,investable,NL0 11,1,634.5076028511185,53935.51759343587,53935.51759357159
66,NL0 12 Invest,investable,NL0 12,1,1000.0,53935.51759343587,53935.51759343562
66,NL0 13 Invest,investable,NL0 13,1,1000.0,53935.51759343587,53935.51759357159
66,NL0 14 Invest,investable,NL0 14,1,1000.0,53935.51759343587,53935.51759343575
66,NL0 15 Invest,investable,NL0 15,1,1000.0,53935.51759343587,53935.51759343575
66,NL0 16 Invest,investable,NL0 16,1,0.0,53935.51759343587,59329.06935292875
66,NL0 17 Invest,investable,NL0 17,1,0.0,53935.51759343587,59329.06935292875
66,NL0 18 Invest,investable,NL0 18,1,0.0,53935.51759343587,59329.06935292875
66,NL0 19 Invest,investable,NL0 19,1,1000.0,53935.51759343587,53935.51759343575
66,NL0 2 Invest,investable,NL0 2,1,1000.0,53935.51759343587,53935.51759343575
66,NL0 20 Invest,investable,NL0 20,1,0.0,53935.51759343587,59329.06935292875
66,NL0 21 Invest,investable,NL0 21,1,0.0,53935.51759343587,59329.06935292875
66,NL0 22 Invest,investable,NL0 22,1,0.0,53935.51759343587,53935.51759357159
66,NL0 23 Invest,investable,NL0 23,1,0.0,53935.51759343587,59329.06935292875
66,NL0 24 Invest,investable,NL0 24,1,0.0,53935.51759343587,59329.06935292875
66,NL0 25 Invest,investable,NL0 25,1,1000.0,53935.51759343587,53935.51759343575
66,NL0 26 Invest,investable,NL0 26,1,1000.0,53935.51759343587,53935.51759343575
66,NL0 27 Invest,investable,NL0 27,1,0.0,53935.51759343587,59329.06935292875
66,NL0 28 Invest,investable,NL0 28,1,1000.0,53935.51759343587,53935.51759343575
66,NL0 3 Invest,investable,NL0 3,1,0.0,53935.51759343587,59329.06935292875
66,NL0 30 Invest,investable,NL0 30,1,0.0,53935.51759343587,59329.06935292875
66,NL0 31 Invest,investable,NL0 31,1,1000.0,53935.51759343587,53935.51759343575
66,NL0 33 Invest,investable,NL0 33,1,0.0,53935.51759343587,59329.06935292875
66,NL0 4 Invest,investable,NL0 4,1,1000.0,53935.51759343587,53935.51759343575
66,NL0 5 Invest,investable,NL0 5,1,0.0,53935.51759343587,53935.51759357159
66,NL0 6 Invest,investable,NL0 6,1,1000.0,53935.51759343587,53935.51759357159
66,NL0 7 Invest,investable,NL0 7,1,0.0,53935.51759343587,53935.51759357159
66,NL0 8 Invest,investable,NL0 8,1,0.0,53935.51759343587,59329.06935292875
66,NL0 9 Invest,investable,NL0 9,1,1000.0,53935.51759343587,53935.51759357159
66,NL0 1 biomass,legacy,NL0 1,1,71.0,53935.51759343587,53935.51759343587
66,NL0 1 waste,legacy,NL0 1,1,31.0,53935.51759343587,53935.51759343587
66,NL0 10 waste,legacy,NL0 10,1,150.0,53935.51759343587,53935.51759343587
66,NL0 11 biomass,legacy,NL0 11,1,20.0,53935.51759343587,53935.51759343587
66,NL0 11 waste,legacy,NL0 11,1,50.0,53935.51759343587,53935.51759343587
66,NL0 13 biomass,legacy,NL0 13,1,77.0,53935.51759343587,53935.51759343587
66,NL0 19 biomass,legacy,NL0 19,1,49.0,53935.51759343587,53935.51759343587
66,NL0 19 waste,legacy,NL0 19,1,36.0,53935.51759343587,53935.51759343587
66,NL0 22 biomass,legacy,NL0 22,1,500.0,53935.51759343587,53935.51759343587
66,NL0 25 waste,legacy,NL0 25,1,54.0,53935.51759343587,53935.51759343587
66,NL0 27 biomass,legacy,NL0 27,1,22.0,53935.51759343587,53935.51759343587
66,NL0 27 waste,legacy,NL0 27,1,71.2,53935.51759343587,53935.51759343587
66,NL0 3 biomass,legacy,NL0 3,1,22.0,53935.51759343587,53935.51759343587
66,NL0 3 waste,legacy,NL0 3,1,108.0,53935.51759343587,53935.51759343587
66,NL0 30 biomass,legacy,NL0 30,1,60.0,53935.51759343587,53935.51759343587
66,NL0 7 nuclear,legacy,NL0 7,1,515.0,53935.51759343587,53935.51759343587
66,NL0 7 waste,legacy,NL0 7,1,39.0,53935.51759343587,53935.51759343587
66,NL0 8 biomass,legacy,NL0 8,1,36.0,53935.51759343587,53935.51759343587
66,NL0 8 waste,legacy,NL0 8,1,157.0,53935.51759343587,53935.51759343587
66,NL0 9 biomass,legacy,NL0 9,1,20.0,53935.51759343587,53935.51759343587
66,NL0 0 0 solar,legacy,NL0 0,1,0.0,53935.51759343587,53935.517593435754
66,NL0 1 0 solar,legacy,NL0 1,1,0.0,53935.51759343587,53935.517593435754
66,NL0 10 0 solar,legacy,NL0 10,1,0.0,53935.51759343587,53935.517593435754
66,NL0 11 0 solar,legacy,NL0 11,1,0.0,53935.51759343587,53935.517593435754
66,NL0 12 0 solar,legacy,NL0 12,1,0.0,53935.51759343587,53935.517593435754
66,NL0 13 0 solar,legacy,NL0 13,1,0.0,53935.51759343587,53935.517593435754
66,NL0 14 0 solar,legacy,NL0 14,1,0.0,53935.51759343587,53935.517593435754
66,NL0 15 0 solar,legacy,NL0 15,1,0.0,53935.51759343587,53935.517593435754
66,NL0 16 0 solar,legacy,NL0 16,1,0.0,53935.51759343587,53935.517593435754
66,NL0 17 0 solar,legacy,NL0 17,1,0.0,53935.51759343587,53935.517593435754
66,NL0 18 0 solar,legacy,NL0 18,1,0.0,53935.51759343587,53935.517593435754
66,NL0 19 0 solar,legacy,NL0 19,1,0.0,53935.51759343587,53935.517593435754
66,NL0 2 0 solar,legacy,NL0 2,1,0.0,53935.51759343587,53935.517593435754
66,NL0 20 0 solar,legacy,NL0 20,1,0.0,53935.51759343587,53935.517593435754
66,NL0 21 0 solar,legacy,NL0 21,1,0.0,53935.51759343587,53935.517593435754
66,NL0 22 0 solar,legacy,NL0 22,1,0.0,53935.51759343587,53935.517593435754
66,NL0 23 0 solar,legacy,NL0 23,1,0.0,53935.51759343587,53935.517593435754
66,NL0 24 0 solar,legacy,NL0 24,1,0.0,53935.51759343587,53935.517593435754
66,NL0 25 0 solar,legacy,NL0 25,1,0.0,53935.51759343587,53935.517593435754
66,NL0 26 0 solar,legacy,NL0 26,1,0.0,53935.51759343587,53935.517593435754
66,NL0 27 0 solar,legacy,NL0 27,1,0.0,53935.51759343587,53935.517593435754
66,NL0 28 0 solar,legacy,NL0 28,1,0.0,53935.51759343587,53935.517593435754
66,NL0 3 0 solar,legacy,NL0 3,1,0.0,53935.51759343587,53935.517593435754
66,NL0 30 0 solar,legacy,NL0 30,1,0.0,53935.51759343587,53935.517593435754
66,NL0 31 0 solar,legacy,NL0 31,1,0.0,53935.51759343587,53935.517593435754
66,NL0 4 0 solar,legacy,NL0 4,1,0.0,53935.51759343587,53935.517593435754
66,NL0 5 0 solar,legacy,NL0 5,1,0.0,53935.51759343587,53935.517593435754
66,NL0 6 0 solar,legacy,NL0 6,1,0.0,53935.51759343587,53935.517593435754
66,NL0 7 0 solar,legacy,NL0 7,1,0.0,53935.51759343587,53935.517593435754
66,NL0 8 0 solar,legacy,NL0 8,1,0.0,53935.51759343587,53935.517593435754
66,NL0 9 0 solar,legacy,NL0 9,1,0.0,53935.51759343587,53935.517593435754
66,NL0 20 0 offwind-ac,legacy,NL0 20,1,0.0,53935.51759343587,53935.517593435754
66,NL0 27 0 offwind-ac,legacy,NL0 27,1,0.0,53935.51759343587,53935.517593435754
66,NL0 31 0 offwind-ac,legacy,NL0 31,1,0.0,53935.51759343587,53935.517593435754
66,NL0 32 0 offwind-ac,legacy,NL0 32,1,0.0,53935.51759343587,53935.517593435754
66,NL0 7 0 offwind-ac,legacy,NL0 7,1,0.0,53935.51759343587,53935.517593435754
66,NL0 0 0 onwind,legacy,NL0 0,1,0.0,53935.51759343587,53935.517593435754
66,NL0 1 0 onwind,legacy,NL0 1,1,0.0,53935.51759343587,53935.517593435754
66,NL0 10 0 onwind,legacy,NL0 10,1,0.0,53935.51759343587,53935.517593435754
66,NL0 11 0 onwind,legacy,NL0 11,1,0.0,53935.51759343587,53935.517593435754
66,NL0 12 0 onwind,legacy,NL0 12,1,0.0,53935.51759343587,53935.517593435754
66,NL0 13 0 onwind,legacy,NL0 13,1,0.0,53935.51759343587,53935.517593435754
66,NL0 14 0 onwind,legacy,NL0 14,1,0.0,53935.51759343587,53935.517593435754
66,NL0 15 0 onwind,legacy,NL0 15,1,0.0,53935.51759343587,53935.517593435754
66,NL0 17 0 onwind,legacy,NL0 17,1,0.0,53935.51759343587,53935.517593435754
66,NL0 19 0 onwind,legacy,NL0 19,1,0.0,53935.51759343587,53935.517593435754
66,NL0 2 0 onwind,legacy,NL0 2,1,0.0,53935.51759343587,53935.517593435754
66,NL0 20 0 onwind,legacy,NL0 20,1,0.0,53935.51759343587,53935.517593435754
66,NL0 21 0 onwind,legacy,NL0 21,1,0.0,53935.51759343587,53935.517593435754
66,NL0 22 0 onwind,legacy,NL0 22,1,0.0,53935.51759343587,53935.517593435754
66,NL0 23 0 onwind,legacy,NL0 23,1,0.0,53935.51759343587,53935.517593435754
66,NL0 24 0 onwind,legacy,NL0 24,1,0.0,53935.51759343587,53935.517593435754
66,NL0 27 0 onwind,legacy,NL0 27,1,0.0,53935.51759343587,53935.517593435754
66,NL0 3 0 onwind,legacy,NL0 3,1,0.0,53935.51759343587,53935.517593435754
66,NL0 30 0 onwind,legacy,NL0 30,1,0.0,53935.51759343587,53935.517593435754
66,NL0 31 0 onwind,legacy,NL0 31,1,0.0,53935.51759343587,53935.517593435754
66,NL0 4 0 onwind,legacy,NL0 4,1,0.0,53935.51759343587,53935.517593435754
66,NL0 5 0 onwind,legacy,NL0 5,1,0.0,53935.51759343587,53935.517593435754
66,NL0 6 0 onwind,legacy,NL0 6,1,0.0,53935.51759343587,53935.517593435754
66,NL0 7 0 onwind,legacy,NL0 7,1,0.0,53935.51759343587,53935.517593435754
66,NL0 8 0 onwind,legacy,NL0 8,1,0.0,53935.51759343587,53935.517593435754
66,NL0 9 0 onwind,legacy,NL0 9,1,0.0,53935.51759343587,53935.517593435754
67,NL0 0 Invest,investable,NL0 0,1,0.0,53935.51759357157,59329.069352933504
67,NL0 1 Invest,investable,NL0 1,1,0.0,53935.51759357157,53935.51759357154
67,NL0 10 Invest,investable,NL0 10,1,1.30265107145533e-7,53935.51759357157,53935.51759357207
67,NL0 11 Invest,investable,NL0 11,1,0.0,53935.51759357157,53935.51759357157
67,NL0 12 Invest,investable,NL0 12,1,1000.0,53935.51759357157,53935.51759357154
67,NL0 13 Invest,investable,NL0 13,1,0.0,53935.51759357157,53935.51759357157
67,NL0 14 Invest,investable,NL0 14,1,1000.0,53935.51759357157,53935.51759357157
67,NL0 15 Invest,investable,NL0 15,1,1000.0,53935.51759357157,53935.51759357157
67,NL0 16 Invest,investable,NL0 16,1,0.0,53935.51759357157,59329.06935292875
67,NL0 17 Invest,investable,NL0 17,1,0.0,53935.51759357157,53935.51759357154
67,NL0 18 Invest,investable,NL0 18,1,0.0,53935.51759357157,59329.06935292875
67,NL0 19 Invest,investable,NL0 19,1,1000.0,53935.51759357157,53935.51759357154
67,NL0 2 Invest,investable,NL0 2,1,1000.0,53935.51759357157,53935.51759357157
67,NL0 20 Invest,investable,NL0 20,1,0.0,53935.51759357157,53935.51759357157
67,NL0 21 Invest,investable,NL0 21,1,1.3046519597992306e-7,53935.51759357157,53935.51759357157
67,NL0 22 Invest,investable,NL0 22,1,1000.0,53935.51759357157,53935.51759357157
67,NL0 23 Invest,investable,NL0 23,1,0.0,53935.51759357157,59329.06935292928
67,NL0 24 Invest,investable,NL0 24,1,0.0,53935.51759357157,53935.51759357157
67,NL0 25 Invest,investable,NL0 25,1,1000.0,53935.51759357157,53935.51759357157
67,NL0 26 Invest,investable,NL0 26,1,1000.0,53935.51759357157,53935.51759357157
67,NL0 27 Invest,investable,NL0 27,1,0.0,53935.51759357157,59329.06935292875
67,NL0 28 Invest,investable,NL0 28,1,1000.0,53935.51759357157,53935.51759357157
67,NL0 3 Invest,investable,NL0 3,1,0.0,53935.51759357157,53935.51759357157
67,NL0 30 Invest,investable,NL0 30,1,1.3026601664023477e-7,53935.51759357157,53935.51759357154
67,NL0 31 Invest,investable,NL0 31,1,1000.0,53935.51759357157,53935.51759357157
67,NL0 33 Invest,investable,NL0 33,1,0.0,53935.51759357157,59329.06935292875
67,NL0 4 Invest,investable,NL0 4,1,1000.0,53935.51759357157,53935.51759357154
67,NL0 5 Invest,investable,NL0 5,1,999.9999998697351,53935.51759357157,53935.51759357157
67,NL0 6 Invest,investable,NL0 6,1,1000.0,53935.51759357157,53935.51759357154
67,NL0 7 Invest,investable,NL0 7,1,1000.0,53935.51759357157,53935.51759357157
67,NL0 8 Invest,investable,NL0 8,1,0.0,53935.51759357157,59329.06935292875
67,NL0 9 Invest,investable,NL0 9,1,634.5076028510101,53935.51759357157,53935.51759357157
67,NL0 1 biomass,legacy,NL0 1,1,71.0,53935.51759357157,53935.51759357157
67,NL0 1 waste,legacy,NL0 1,1,31.0,53935.51759357157,53935.51759357157
67,NL0 10 waste,legacy,NL0 10,1,150.0,53935.51759357157,53935.51759357157
67,NL0 11 biomass,legacy,NL0 11,1,20.0,53935.51759357157,53935.51759357157
67,NL0 11 waste,legacy,NL0 11,1,50.0,53935.51759357157,53935.51759357157
67,NL0 13 biomass,legacy,NL0 13,1,77.0,53935.51759357157,53935.51759357157
67,NL0 19 biomass,legacy,NL0 19,1,49.0,53935.51759357157,53935.51759357157
67,NL0 19 waste,legacy,NL0 19,1,36.0,53935.51759357157,53935.51759357157
67,NL0 22 biomass,legacy,NL0 22,1,500.0,53935.51759357157,53935.51759357157
67,NL0 25 waste,legacy,NL0 25,1,54.0,53935.51759357157,53935.51759357157
67,NL0 27 biomass,legacy,NL0 27,1,22.0,53935.51759357157,53935.51759357157
67,NL0 27 waste,legacy,NL0 27,1,71.2,53935.51759357157,53935.51759357157
67,NL0 3 biomass,legacy,NL0 3,1,22.0,53935.51759357157,53935.51759357157
67,NL0 3 waste,legacy,NL0 3,1,108.0,53935.51759357157,53935.51759357157
67,NL0 30 biomass,legacy,NL0 30,1,60.0,53935.51759357157,53935.51759357157
67,NL0 7 nuclear,legacy,NL0 7,1,515.0,53935.51759357157,53935.51759357157
67,NL0 7 waste,legacy,NL0 7,1,39.0,53935.51759357157,53935.51759357157
67,NL0 8 biomass,legacy,NL0 8,1,36.0,53935.51759357157,53935.51759357157
67,NL0 8 waste,legacy,NL0 8,1,157.0,53935.51759357157,53935.51759357157
67,NL0 9 biomass,legacy,NL0 9,1,20.0,53935.51759357157,53935.51759357157
67,NL0 0 0 solar,legacy,NL0 0,1,0.0,53935.51759357157,118658.1387058575
67,NL0 1 0 solar,legacy,NL0 1,1,0.0,53935.51759357157,118658.1387058575
67,NL0 10 0 solar,legacy,NL0 10,1,0.0,53935.51759357157,118658.1387058575
67,NL0 11 0 solar,legacy,NL0 11,1,0.0,53935.51759357157,118658.1387058575
67,NL0 12 0 solar,legacy,NL0 12,1,0.0,53935.51759357157,118658.1387058575
67,NL0 13 0 solar,legacy,NL0 13,1,0.0,53935.51759357157,118658.1387058575
67,NL0 14 0 solar,legacy,NL0 14,1,0.0,53935.51759357157,118658.1387058575
67,NL0 15 0 solar,legacy,NL0 15,1,0.0,53935.51759357157,118658.1387058575
67,NL0 16 0 solar,legacy,NL0 16,1,0.0,53935.51759357157,118658.1387058575
67,NL0 17 0 solar,legacy,NL0 17,1,0.0,53935.51759357157,118658.1387058575
67,NL0 18 0 solar,legacy,NL0 18,1,0.0,53935.51759357157,118658.1387058575
67,NL0 19 0 solar,legacy,NL0 19,1,0.0,53935.51759357157,118658.1387058575
67,NL0 2 0 solar,legacy,NL0 2,1,0.0,53935.51759357157,118658.1387058575
67,NL0 20 0 solar,legacy,NL0 20,1,0.0,53935.51759357157,118658.1387058575
67,NL0 21 0 solar,legacy,NL0 21,1,0.0,53935.51759357157,118658.1387058575
67,NL0 22 0 solar,legacy,NL0 22,1,0.0,53935.51759357157,118658.1387058575
67,NL0 23 0 solar,legacy,NL0 23,1,0.0,53935.51759357157,118658.1387058575
67,NL0 24 0 solar,legacy,NL0 24,1,0.0,53935.51759357157,118658.1387058575
67,NL0 25 0 solar,legacy,NL0 25,1,0.0,53935.51759357157,118658.1387058575
67,NL0 26 0 solar,legacy,NL0 26,1,0.0,53935.51759357157,118658.1387058575
67,NL0 27 0 solar,legacy,NL0 27,1,0.0,53935.51759357157,118658.1387058575
67,NL0 28 0 solar,legacy,NL0 28,1,0.0,53935.51759357157,118658.1387058575
67,NL0 3 0 solar,legacy,NL0 3,1,0.0,53935.51759357157,118658.1387058575
67,NL0 30 0 solar,legacy,NL0 30,1,0.0,53935.51759357157,118658.1387058575
67,NL0 31 0 solar,legacy,NL0 31,1,0.0,53935.51759357157,118658.1387058575
67,NL0 4 0 solar,legacy,NL0 4,1,0.0,53935.51759357157,118658.1387058575
67,NL0 5 0 solar,legacy,NL0 5,1,0.0,53935.51759357157,118658.1387058575
67,NL0 6 0 solar,legacy,NL0 6,1,0.0,53935.51759357157,118658.1387058575
67,NL0 7 0 solar,legacy,NL0 7,1,0.0,53935.51759357157,118658.1387058575
67,NL0 8 0 solar,legacy,NL0 8,1,0.0,53935.51759357157,118658.1387058575
67,NL0 9 0 solar,legacy,NL0 9,1,0.0,53935.51759357157,118658.1387058575
67,NL0 20 0 offwind-ac,legacy,NL0 20,1,0.0,53935.51759357157,118658.1387058575
67,NL0 27 0 offwind-ac,legacy,NL0 27,1,0.0,53935.51759357157,118658.1387058575
67,NL0 31 0 offwind-ac,legacy,NL0 31,1,0.0,53935.51759357157,118658.1387058575
67,NL0 32 0 offwind-ac,legacy,NL0 32,1,0.0,53935.51759357157,118658.1387058575
67,NL0 7 0 offwind-ac,legacy,NL0 7,1,0.0,53935.51759357157,118658.1387058575
67,NL0 0 0 onwind,legacy,NL0 0,1,0.0,53935.51759357157,118658.1387058575
67,NL0 1 0 onwind,legacy,NL0 1,1,0.0,53935.51759357157,118658.1387058575
67,NL0 10 0 onwind,legacy,NL0 10,1,0.0,53935.51759357157,118658.1387058575
67,NL0 11 0 onwind,legacy,NL0 11,1,0.0,53935.51759357157,118658.1387058575
67,NL0 12 0 onwind,legacy,NL0 12,1,0.0,53935.51759357157,118658.1387058575
67,NL0 13 0 onwind,legacy,NL0 13,1,0.0,53935.51759357157,118658.1387058575
67,NL0 14 0 onwind,legacy,NL0 14,1,0.0,53935.51759357157,118658.1387058575
67,NL0 15 0 onwind,legacy,NL0 15,1,0.0,53935.51759357157,118658.1387058575
67,NL0 17 0 onwind,legacy,NL0 17,1,0.0,53935.51759357157,118658.1387058575
67,NL0 19 0 onwind,legacy,NL0 19,1,0.0,53935.51759357157,118658.1387058575
67,NL0 2 0 onwind,legacy,NL0 2,1,0.0,53935.51759357157,118658.1387058575
67,NL0 20 0 onwind,legacy,NL0 20,1,0.0,53935.51759357157,118658.1387058575
67,NL0 21 0 onwind,legacy,NL0 21,1,0.0,53935.51759357157,118658.1387058575
67,NL0 22 0 onwind,legacy,NL0 22,1,0.0,53935.51759357157,118658.1387058575
67,NL0 23 0 onwind,legacy,NL0 23,1,0.0,53935.51759357157,118658.1387058575
67,NL0 24 0 onwind,legacy,NL0 24,1,0.0,53935.51759357157,118658.1387058575
67,NL0 27 0 onwind,legacy,NL0 27,1,0.0,53935.51759357157,118658.1387058575
67,NL0 3 0 onwind,legacy,NL0 3,1,0.0,53935.51759357157,118658.1387058575
67,NL0 30 0 onwind,legacy,NL0 30,1,0.0,53935.51759357157,118658.1387058575
67,NL0 31 0 onwind,legacy,NL0 31,1,0.0,53935.51759357157,118658.1387058575
67,NL0 4 0 onwind,legacy,NL0 4,1,0.0,53935.51759357157,118658.1387058575
67,NL0 5 0 onwind,legacy,NL0 5,1,0.0,53935.51759357157,118658.1387058575
67,NL0 6 0 onwind,legacy,NL0 6,1,0.0,53935.51759357157,118658.1387058575
67,NL0 7 0 onwind,legacy,NL0 7,1,0.0,53935.51759357157,118658.1387058575
67,NL0 8 0 onwind,legacy,NL0 8,1,0.0,53935.51759357157,118658.1387058575
67,NL0 9 0 onwind,legacy,NL0 9,1,0.0,53935.51759357157,118658.1387058575
68,NL0 0 Invest,investable,NL0 0,1,0.0,53935.51759343587,59329.06935292875
68,NL0 1 Invest,investable,NL0 1,1,1000.0,53935.51759343587,53935.51759357159
68,NL0 10 Invest,investable,NL0 10,1,0.0,53935.51759343587,59329.06935292875
68,NL0 11 Invest,investable,NL0 11,1,1000.0,53935.51759343587,53935.51759357159
68,NL0 12 Invest,investable,NL0 12,1,1000.0,53935.51759343587,53935.51759343562
68,NL0 13 Invest,investable,NL0 13,1,1000.0,53935.51759343587,53935.51759357159
68,NL0 14 Invest,investable,NL0 14,1,1000.0,53935.51759343587,53935.51759343575
68,NL0 15 Invest,investable,NL0 15,1,1000.0,53935.51759343587,53935.51759343575
68,NL0 16 Invest,investable,NL0 16,1,0.0,53935.51759343587,59329.06935292875
68,NL0 17 Invest,investable,NL0 17,1,0.0,53935.51759343587,59329.06935292875
68,NL0 18 Invest,investable,NL0 18,1,0.0,53935.51759343587,59329.06935292875
68,NL0 19 Invest,investable,NL0 19,1,1000.0,53935.51759343587,53935.51759343575
68,NL0 2 Invest,investable,NL0 2,1,1000.0,53935.51759343587,53935.51759343575
68,NL0 20 Invest,investable,NL0 20,1,0.0,53935.51759343587,59329.06935292875
68,NL0 21 Invest,investable,NL0 21,1,0.0,53935.51759343587,59329.06935292875
68,NL0 22 Invest,investable,NL0 22,1,0.0,53935.51759343587,53935.51759357159
68,NL0 23 Invest,investable,NL0 23,1,0.0,53935.51759343587,59329.06935292875
68,NL0 24 Invest,investable,NL0 24,1,0.0,53935.51759343587,59329.06935292875
68,NL0 25 Invest,investable,NL0 25,1,1000.0,53935.51759343587,53935.51759343575
68,NL0 26 Invest,investable,NL0 26,1,1000.0,53935.51759343587,53935.51759343575
68,NL0 27 Invest,investable,NL0 27,1,0.0,53935.51759343587,59329.06935292875
68,NL0 28 Invest,investable,NL0 28,1,1000.0,53935.51759343587,53935.51759343575
68,NL0 3 Invest,investable,NL0 3,1,0.0,53935.51759343587,59329.06935292875
68,NL0 30 Invest,investable,NL0 30,1,0.0,53935.51759343587,59329.06935292875
68,NL0 31 Invest,investable,NL0 31,1,1000.0,53935.51759343587,53935.51759343575
68,NL0 33 Invest,investable,NL0 33,1,0.0,53935.51759343587,59329.06935292875
68,NL0 4 Invest,investable,NL0 4,1,1000.0,53935.51759343587,53935.51759343575
68,NL0 5 Invest,investable,NL0 5,1,0.0,53935.51759343587,53935.51759357159
68,NL0 6 Invest,investable,NL0 6,1,634.5076028511185,53935.51759343587,53935.51759357159
68,NL0 7 Invest,investable,NL0 7,1,0.0,53935.51759343587,53935.51759357159
68,NL0 8 Invest,investable,NL0 8,1,0.0,53935.51759343587,59329.06935292875
68,NL0 9 Invest,investable,NL0 9,1,1000.0,53935.51759343587,53935.51759357159
68,NL0 1 biomass,legacy,NL0 1,1,71.0,53935.51759343587,53935.51759343587
68,NL0 1 waste,legacy,NL0 1,1,31.0,53935.51759343587,53935.51759343587
68,NL0 10 waste,legacy,NL0 10,1,150.0,53935.51759343587,53935.51759343587
68,NL0 11 biomass,legacy,NL0 11,1,20.0,53935.51759343587,53935.51759343587
68,NL0 11 waste,legacy,NL0 11,1,50.0,53935.51759343587,53935.51759343587
68,NL0 13 biomass,legacy,NL0 13,1,77.0,53935.51759343587,53935.51759343587
68,NL0 19 biomass,legacy,NL0 19,1,49.0,53935.51759343587,53935.51759343587
68,NL0 19 waste,legacy,NL0 19,1,36.0,53935.51759343587,53935.51759343587
68,NL0 22 biomass,legacy,NL0 22,1,500.0,53935.51759343587,53935.51759343587
68,NL0 25 waste,legacy,NL0 25,1,54.0,53935.51759343587,53935.51759343587
68,NL0 27 biomass,legacy,NL0 27,1,22.0,53935.51759343587,53935.51759343587
68,NL0 27 waste,legacy,NL0 27,1,71.2,53935.51759343587,53935.51759343587
68,NL0 3 biomass,legacy,NL0 3,1,22.0,53935.51759343587,53935.51759343587
68,NL0 3 waste,legacy,NL0 3,1,108.0,53935.51759343587,53935.51759343587
68,NL0 30 biomass,legacy,NL0 30,1,60.0,53935.51759343587,53935.51759343587
68,NL0 7 nuclear,legacy,NL0 7,1,515.0,53935.51759343587,53935.51759343587
68,NL0 7 waste,legacy,NL0 7,1,39.0,53935.51759343587,53935.51759343587
68,NL0 8 biomass,legacy,NL0 8,1,36.0,53935.51759343587,53935.51759343587
68,NL0 8 waste,legacy,NL0 8,1,157.0,53935.51759343587,53935.51759343587
68,NL0 9 biomass,legacy,NL0 9,1,20.0,53935.51759343587,53935.51759343587
68,NL0 0 0 solar,legacy,NL0 0,1,0.0,53935.51759343587,53935.517593435754
68,NL0 1 0 solar,legacy,NL0 1,1,0.0,53935.51759343587,53935.517593435754
68,NL0 10 0 solar,legacy,NL0 10,1,0.0,53935.51759343587,53935.517593435754
68,NL0 11 0 solar,legacy,NL0 11,1,0.0,53935.51759343587,53935.517593435754
68,NL0 12 0 solar,legacy,NL0 12,1,0.0,53935.51759343587,53935.517593435754
68,NL0 13 0 solar,legacy,NL0 13,1,0.0,53935.51759343587,53935.517593435754
68,NL0 14 0 solar,legacy,NL0 14,1,0.0,53935.51759343587,53935.517593435754
68,NL0 15 0 solar,legacy,NL0 15,1,0.0,53935.51759343587,53935.517593435754
68,NL0 16 0 solar,legacy,NL0 16,1,0.0,53935.51759343587,53935.517593435754
68,NL0 17 0 solar,legacy,NL0 17,1,0.0,53935.51759343587,53935.517593435754
68,NL0 18 0 solar,legacy,NL0 18,1,0.0,53935.51759343587,53935.517593435754
68,NL0 19 0 solar,legacy,NL0 19,1,0.0,53935.51759343587,53935.517593435754
68,NL0 2 0 solar,legacy,NL0 2,1,0.0,53935.51759343587,53935.517593435754
68,NL0 20 0 solar,legacy,NL0 20,1,0.0,53935.51759343587,53935.517593435754
68,NL0 21 0 solar,legacy,NL0 21,1,0.0,53935.51759343587,53935.517593435754
68,NL0 22 0 solar,legacy,NL0 22,1,0.0,53935.51759343587,53935.517593435754
68,NL0 23 0 solar,legacy,NL0 23,1,0.0,53935.51759343587,53935.517593435754
68,NL0 24 0 solar,legacy,NL0 24,1,0.0,53935.51759343587,53935.517593435754
68,NL0 25 0 solar,legacy,NL0 25,1,0.0,53935.51759343587,53935.517593435754
68,NL0 26 0 solar,legacy,NL0 26,1,0.0,53935.51759343587,53935.517593435754
68,NL0 27 0 solar,legacy,NL0 27,1,0.0,53935.51759343587,53935.517593435754
68,NL0 28 0 solar,legacy,NL0 28,1,0.0,53935.51759343587,53935.517593435754
68,NL0 3 0 solar,legacy,NL0 3,1,0.0,53935.51759343587,53935.517593435754
68,NL0 30 0 solar,legacy,NL0 30,1,0.0,53935.51759343587,53935.517593435754
68,NL0 31 0 solar,legacy,NL0 31,1,0.0,53935.51759343587,53935.517593435754
68,NL0 4 0 solar,legacy,NL0 4,1,0.0,53935.51759343587,53935.517593435754
68,NL0 5 0 solar,legacy,NL0 5,1,0.0,53935.51759343587,53935.517593435754
68,NL0 6 0 solar,legacy,NL0 6,1,0.0,53935.51759343587,53935.517593435754
68,NL0 7 0 solar,legacy,NL0 7,1,0.0,53935.51759343587,53935.517593435754
68,NL0 8 0 solar,legacy,NL0 8,1,0.0,53935.51759343587,53935.517593435754
68,NL0 9 0 solar,legacy,NL0 9,1,0.0,53935.51759343587,53935.517593435754
68,NL0 20 0 offwind-ac,legacy,NL0 20,1,0.0,53935.51759343587,53935.517593435754
68,NL0 27 0 offwind-ac,legacy,NL0 27,1,0.0,53935.51759343587,53935.517593435754
68,NL0 31 0 offwind-ac,legacy,NL0 31,1,0.0,53935.51759343587,53935.517593435754
68,NL0 32 0 offwind-ac,legacy,NL0 32,1,0.0,53935.51759343587,53935.517593435754
68,NL0 7 0 offwind-ac,legacy,NL0 7,1,0.0,53935.51759343587,53935.517593435754
68,NL0 0 0 onwind,legacy,NL0 0,1,0.0,53935.51759343587,53935.517593435754
68,NL0 1 0 onwind,legacy,NL0 1,1,0.0,53935.51759343587,53935.517593435754
68,NL0 10 0 onwind,legacy,NL0 10,1,0.0,53935.51759343587,53935.517593435754
68,NL0 11 0 onwind,legacy,NL0 11,1,0.0,53935.51759343587,53935.517593435754
68,NL0 12 0 onwind,legacy,NL0 12,1,0.0,53935.51759343587,53935.517593435754
68,NL0 13 0 onwind,legacy,NL0 13,1,0.0,53935.51759343587,53935.517593435754
68,NL0 14 0 onwind,legacy,NL0 14,1,0.0,53935.51759343587,53935.517593435754
68,NL0 15 0 onwind,legacy,NL0 15,1,0.0,53935.51759343587,53935.517593435754
68,NL0 17 0 onwind,legacy,NL0 17,1,0.0,53935.51759343587,53935.517593435754
68,NL0 19 0 onwind,legacy,NL0 19,1,0.0,53935.51759343587,53935.517593435754
68,NL0 2 0 onwind,legacy,NL0 2,1,0.0,53935.51759343587,53935.517593435754
68,NL0 20 0 onwind,legacy,NL0 20,1,0.0,53935.51759343587,53935.517593435754
68,NL0 21 0 onwind,legacy,NL0 21,1,0.0,53935.51759343587,53935.517593435754
68,NL0 22 0 onwind,legacy,NL0 22,1,0.0,53935.51759343587,53935.517593435754
68,NL0 23 0 onwind,legacy,NL0 23,1,0.0,53935.51759343587,53935.517593435754
68,NL0 24 0 onwind,legacy,NL0 24,1,0.0,53935.51759343587,53935.517593435754
68,NL0 27 0 onwind,legacy,NL0 27,1,0.0,53935.51759343587,53935.517593435754
68,NL0 3 0 onwind,legacy,NL0 3,1,0.0,53935.51759343587,53935.517593435754
68,NL0 30 0 onwind,legacy,NL0 30,1,0.0,53935.51759343587,53935.517593435754
68,NL0 31 0 onwind,legacy,NL0 31,1,0.0,53935.51759343587,53935.517593435754
68,NL0 4 0 onwind,legacy,NL0 4,1,0.0,53935.51759343587,53935.517593435754
68,NL0 5 0 onwind,legacy,NL0 5,1,0.0,53935.51759343587,53935.517593435754
68,NL0 6 0 onwind,legacy,NL0 6,1,0.0,53935.51759343587,53935.517593435754
68,NL0 7 0 onwind,legacy,NL0 7,1,0.0,53935.51759343587,53935.517593435754
68,NL0 8 0 onwind,legacy,NL0 8,1,0.0,53935.51759343587,53935.517593435754
68,NL0 9 0 onwind,legacy,NL0 9,1,0.0,53935.51759343587,53935.517593435754
69,NL0 0 Invest,investable,NL0 0,1,0.0,53935.51759357147,59329.06935292928
69,NL0 1 Invest,investable,NL0 1,1,0.0,53935.51759357147,53935.51759357145
69,NL0 10 Invest,investable,NL0 10,1,0.0,53935.51759357147,59329.06935292928
69,NL0 11 Invest,investable,NL0 11,1,634.5076024139339,53935.51759357147,53935.51759357147
69,NL0 12 Invest,investable,NL0 12,1,1000.0,53935.51759357147,53935.51759357147
69,NL0 13 Invest,investable,NL0 13,1,0.0,53935.51759357147,53935.51759357147
69,NL0 14 Invest,investable,NL0 14,1,1000.0,53935.51759357147,53935.51759357147
69,NL0 15 Invest,investable,NL0 15,1,1000.0,53935.51759357147,53935.51759357147
69,NL0 16 Invest,investable,NL0 16,1,0.0,53935.51759357147,59329.06935292928
69,NL0 17 Invest,investable,NL0 17,1,0.0,53935.51759357147,59329.06935292875
69,NL0 18 Invest,investable,NL0 18,1,0.0,53935.51759357147,59329.06935292712
69,NL0 19 Invest,investable,NL0 19,1,1000.0,53935.51759357147,53935.51759357147
69,NL0 2 Invest,investable,NL0 2,1,1000.0,53935.51759357147,53935.51759357147
69,NL0 20 Invest,investable,NL0 20,1,0.0,53935.51759357147,53935.517593572105
69,NL0 21 Invest,investable,NL0 21,1,0.0,53935.51759357147,59329.06935292875
69,NL0 22 Invest,investable,NL0 22,1,1000.0000004363512,53935.51759357147,53935.51759357147
69,NL0 23 Invest,investable,NL0 23,1,0.0,53935.51759357147,59329.06935292875
69,NL0 24 Invest,investable,NL0 24,1,0.0,53935.51759357147,59329.06935292928
69,NL0 25 Invest,investable,NL0 25,1,1000.0,53935.51759357147,53935.51759357147
69,NL0 26 Invest,investable,NL0 26,1,1000.0,53935.51759357147,53935.51759357147
69,NL0 27 Invest,investable,NL0 27,1,0.0,53935.51759357147,59329.06935292875
69,NL0 28 Invest,investable,NL0 28,1,1000.0,53935.51759357147,53935.51759357147
69,NL0 3 Invest,investable,NL0 3,1,0.0,53935.51759357147,53935.517593572105
69,NL0 30 Invest,investable,NL0 30,1,0.0,53935.51759357147,53935.517593572105
69,NL0 31 Invest,investable,NL0 31,1,1000.0,53935.51759357147,53935.51759357147
69,NL0 33 Invest,investable,NL0 33,1,0.0,53935.51759357147,59329.06935292875
69,NL0 4 Invest,investable,NL0 4,1,1000.0,53935.51759357147,53935.51759357147
69,NL0 5 Invest,investable,NL0 5,1,1000.0,53935.51759357147,53935.51759357147
69,NL0 6 Invest,investable,NL0 6,1,1000.0,53935.51759357147,53935.5175935715
69,NL0 7 Invest,investable,NL0 7,1,1000.0,53935.51759357147,53935.51759357147
69,NL0 8 Invest,investable,NL0 8,1,0.0,53935.51759357147,59329.06935292875
69,NL0 9 Invest,investable,NL0 9,1,0.0,53935.51759357147,53935.51759357145
69,NL0 1 biomass,legacy,NL0 1,1,71.0,53935.51759357147,53935.51759357147
69,NL0 1 waste,legacy,NL0 1,1,31.0,53935.51759357147,53935.51759357147
69,NL0 10 waste,legacy,NL0 10,1,150.0,53935.51759357147,53935.51759357147
69,NL0 11 biomass,legacy,NL0 11,1,20.0,53935.51759357147,53935.51759357147
69,NL0 11 waste,legacy,NL0 11,1,50.0,53935.51759357147,53935.51759357147
69,NL0 13 biomass,legacy,NL0 13,1,77.0,53935.51759357147,53935.51759357147
69,NL0 19 biomass,legacy,NL0 19,1,49.0,53935.51759357147,53935.51759357147
69,NL0 19 waste,legacy,NL0 19,1,36.0,53935.51759357147,53935.51759357147
69,NL0 22 biomass,legacy,NL0 22,1,500.0,53935.51759357147,53935.51759357147
69,NL0 25 waste,legacy,NL0 25,1,54.0,53935.51759357147,53935.51759357147
69,NL0 27 biomass,legacy,NL0 27,1,22.0,53935.51759357147,53935.51759357147
69,NL0 27 waste,legacy,NL0 27,1,71.2,53935.51759357147,53935.51759357147
69,NL0 3 biomass,legacy,NL0 3,1,22.0,53935.51759357147,53935.51759357147
69,NL0 3 waste,legacy,NL0 3,1,108.0,53935.51759357147,53935.51759357147
69,NL0 30 biomass,legacy,NL0 30,1,60.0,53935.51759357147,53935.51759357147
69,NL0 7 nuclear,legacy,NL0 7,1,515.0,53935.51759357147,53935.51759357147
69,NL0 7 waste,legacy,NL0 7,1,39.0,53935.51759357147,53935.51759357147
69,NL0 8 biomass,legacy,NL0 8,1,36.0,53935.51759357147,53935.51759357147
69,NL0 8 waste,legacy,NL0 8,1,157.0,53935.51759357147,53935.51759357147
69,NL0 9 biomass,legacy,NL0 9,1,20.0,53935.51759357147,53935.51759357147
69,NL0 0 0 solar,legacy,NL0 0,1,0.0,53935.51759357147,118658.1387058575
69,NL0 1 0 solar,legacy,NL0 1,1,0.0,53935.51759357147,118658.1387058575
69,NL0 10 0 solar,legacy,NL0 10,1,0.0,53935.51759357147,118658.1387058575
69,NL0 11 0 solar,legacy,NL0 11,1,0.0,53935.51759357147,118658.1387058575
69,NL0 12 0 solar,legacy,NL0 12,1,0.0,53935.51759357147,118658.1387058575
69,NL0 13 0 solar,legacy,NL0 13,1,0.0,53935.51759357147,118658.1387058575
69,NL0 14 0 solar,legacy,NL0 14,1,0.0,53935.51759357147,118658.1387058575
69,NL0 15 0 solar,legacy,NL0 15,1,0.0,53935.51759357147,118658.1387058575
69,NL0 16 0 solar,legacy,NL0 16,1,0.0,53935.51759357147,118658.1387058575
69,NL0 17 0 solar,legacy,NL0 17,1,0.0,53935.51759357147,118658.1387058575
69,NL0 18 0 solar,legacy,NL0 18,1,0.0,53935.51759357147,118658.1387058575
69,NL0 19 0 solar,legacy,NL0 19,1,0.0,53935.51759357147,118658.1387058575
69,NL0 2 0 solar,legacy,NL0 2,1,0.0,53935.51759357147,118658.1387058575
69,NL0 20 0 solar,legacy,NL0 20,1,0.0,53935.51759357147,118658.1387058575
69,NL0 21 0 solar,legacy,NL0 21,1,0.0,53935.51759357147,118658.1387058575
69,NL0 22 0 solar,legacy,NL0 22,1,0.0,53935.51759357147,118658.1387058575
69,NL0 23 0 solar,legacy,NL0 23,1,0.0,53935.51759357147,118658.1387058575
69,NL0 24 0 solar,legacy,NL0 24,1,0.0,53935.51759357147,118658.1387058575
69,NL0 25 0 solar,legacy,NL0 25,1,0.0,53935.51759357147,118658.1387058575
69,NL0 26 0 solar,legacy,NL0 26,1,0.0,53935.51759357147,118658.1387058575
69,NL0 27 0 solar,legacy,NL0 27,1,0.0,53935.51759357147,118658.1387058575
69,NL0 28 0 solar,legacy,NL0 28,1,0.0,53935.51759357147,118658.1387058575
69,NL0 3 0 solar,legacy,NL0 3,1,0.0,53935.51759357147,118658.1387058575
69,NL0 30 0 solar,legacy,NL0 30,1,0.0,53935.51759357147,118658.1387058575
69,NL0 31 0 solar,legacy,NL0 31,1,0.0,53935.51759357147,118658.1387058575
69,NL0 4 0 solar,legacy,NL0 4,1,0.0,53935.51759357147,118658.1387058575
69,NL0 5 0 solar,legacy,NL0 5,1,0.0,53935.51759357147,118658.1387058575
69,NL0 6 0 solar,legacy,NL0 6,1,0.0,53935.51759357147,118658.1387058575
69,NL0 7 0 solar,legacy,NL0 7,1,0.0,53935.51759357147,118658.1387058575
69,NL0 8 0 solar,legacy,NL0 8,1,0.0,53935.51759357147,118658.1387058575
69,NL0 9 0 solar,legacy,NL0 9,1,0.0,53935.51759357147,118658.1387058575
69,NL0 20 0 offwind-ac,legacy,NL0 20,1,0.0,53935.51759357147,118658.1387058575
69,NL0 27 0 offwind-ac,legacy,NL0 27,1,0.0,53935.51759357147,118658.1387058575
69,NL0 31 0 offwind-ac,legacy,NL0 31,1,0.0,53935.51759357147,118658.1387058575
69,NL0 32 0 offwind-ac,legacy,NL0 32,1,0.0,53935.51759357147,118658.1387058575
69,NL0 7 0 offwind-ac,legacy,NL0 7,1,0.0,53935.51759357147,118658.1387058575
69,NL0 0 0 onwind,legacy,NL0 0,1,0.0,53935.51759357147,118658.1387058575
69,NL0 1 0 onwind,legacy,NL0 1,1,0.0,53935.51759357147,118658.1387058575
69,NL0 10 0 onwind,legacy,NL0 10,1,0.0,53935.51759357147,118658.1387058575
69,NL0 11 0 onwind,legacy,NL0 11,1,0.0,53935.51759357147,118658.1387058575
69,NL0 12 0 onwind,legacy,NL0 12,1,0.0,53935.51759357147,118658.1387058575
69,NL0 13 0 onwind,legacy,NL0 13,1,0.0,53935.51759357147,118658.1387058575
69,NL0 14 0 onwind,legacy,NL0 14,1,0.0,53935.51759357147,118658.1387058575
69,NL0 15 0 onwind,legacy,NL0 15,1,0.0,53935.51759357147,118658.1387058575
69,NL0 17 0 onwind,legacy,NL0 17,1,0.0,53935.51759357147,118658.1387058575
69,NL0 19 0 onwind,legacy,NL0 19,1,0.0,53935.51759357147,118658.1387058575
69,NL0 2 0 onwind,legacy,NL0 2,1,0.0,53935.51759357147,118658.1387058575
69,NL0 20 0 onwind,legacy,NL0 20,1,0.0,53935.51759357147,118658.1387058575
69,NL0 21 0 onwind,legacy,NL0 21,1,0.0,53935.51759357147,118658.1387058575
69,NL0 22 0 onwind,legacy,NL0 22,1,0.0,53935.51759357147,118658.1387058575
69,NL0 23 0 onwind,legacy,NL0 23,1,0.0,53935.51759357147,118658.1387058575
69,NL0 24 0 onwind,legacy,NL0 24,1,0.0,53935.51759357147,118658.1387058575
69,NL0 27 0 onwind,legacy,NL0 27,1,0.0,53935.51759357147,118658.1387058575
69,NL0 3 0 onwind,legacy,NL0 3,1,0.0,53935.51759357147,118658.1387058575
69,NL0 30 0 onwind,legacy,NL0 30,1,0.0,53935.51759357147,118658.1387058575
69,NL0 31 0 onwind,legacy,NL0 31,1,0.0,53935.51759357147,118658.1387058575
69,NL0 4 0 onwind,legacy,NL0 4,1,0.0,53935.51759357147,118658.1387058575
69,NL0 5 0 onwind,legacy,NL0 5,1,0.0,53935.51759357147,118658.1387058575
69,NL0 6 0 onwind,legacy,NL0 6,1,0.0,53935.51759357147,118658.1387058575
69,NL0 7 0 onwind,legacy,NL0 7,1,0.0,53935.51759357147,118658.1387058575
69,NL0 8 0 onwind,legacy,NL0 8,1,0.0,53935.51759357147,118658.1387058575
69,NL0 9 0 onwind,legacy,NL0 9,1,0.0,53935.51759357147,118658.1387058575
70,NL0 0 Invest,investable,NL0 0,1,0.0,53935.51759343587,59329.06935292875
70,NL0 1 Invest,investable,NL0 1,1,1000.0,53935.51759343587,53935.51759357159
70,NL0 10 Invest,investable,NL0 10,1,0.0,53935.51759343587,59329.06935292875
70,NL0 11 Invest,investable,NL0 11,1,1000.0,53935.51759343587,53935.51759357159
70,NL0 12 Invest,investable,NL0 12,1,1000.0,53935.51759343587,53935.51759343562
70,NL0 13 Invest,investable,NL0 13,1,1000.0,53935.51759343587,53935.51759357159
70,NL0 14 Invest,investable,NL0 14,1,1000.0,53935.51759343587,53935.51759343575
70,NL0 15 Invest,investable,NL0 15,1,1000.0,53935.51759343587,53935.51759343575
70,NL0 16 Invest,investable,NL0 16,1,0.0,53935.51759343587,59329.06935292875
70,NL0 17 Invest,investable,NL0 17,1,0.0,53935.51759343587,59329.06935292875
70,NL0 18 Invest,investable,NL0 18,1,0.0,53935.51759343587,59329.06935292875
70,NL0 19 Invest,investable,NL0 19,1,1000.0,53935.51759343587,53935.51759343575
70,NL0 2 Invest,investable,NL0 2,1,1000.0,53935.51759343587,53935.51759343575
70,NL0 20 Invest,investable,NL0 20,1,0.0,53935.51759343587,59329.06935292875
70,NL0 21 Invest,investable,NL0 21,1,0.0,53935.51759343587,59329.06935292875
70,NL0 22 Invest,investable,NL0 22,1,0.0,53935.51759343587,53935.51759357159
70,NL0 23 Invest,investable,NL0 23,1,0.0,53935.51759343587,59329.06935292875
70,NL0 24 Invest,investable,NL0 24,1,0.0,53935.51759343587,59329.06935292875
70,NL0 25 Invest,investable,NL0 25,1,1000.0,53935.51759343587,53935.51759343575
70,NL0 26 Invest,investable,NL0 26,1,1000.0,53935.51759343587,53935.51759343575
70,NL0 27 Invest,investable,NL0 27,1,0.0,53935.51759343587,59329.06935292875
70,NL0 28 Invest,investable,NL0 28,1,1000.0,53935.51759343587,53935.51759343575
70,NL0 3 Invest,investable,NL0 3,1,0.0,53935.51759343587,59329.06935292875
70,NL0 30 Invest,investable,NL0 30,1,0.0,53935.51759343587,59329.06935292875
70,NL0 31 Invest,investable,NL0 31,1,1000.0,53935.51759343587,53935.51759343575
70,NL0 33 Invest,investable,NL0 33,1,0.0,53935.51759343587,59329.06935292875
70,NL0 4 Invest,investable,NL0 4,1,1000.0,53935.51759343587,53935.51759343575
70,NL0 5 Invest,investable,NL0 5,1,0.0,53935.51759343587,53935.51759357159
70,NL0 6 Invest,investable,NL0 6,1,0.0,53935.51759343587,53935.51759357159
70,NL0 7 Invest,investable,NL0 7,1,634.5076028511185,53935.51759343587,53935.51759357159
70,NL0 8 Invest,investable,NL0 8,1,0.0,53935.51759343587,59329.06935292875
70,NL0 9 Invest,investable,NL0 9,1,1000.0,53935.51759343587,53935.51759357159
70,NL0 1 biomass,legacy,NL0 1,1,71.0,53935.51759343587,53935.51759343587
70,NL0 1 waste,legacy,NL0 1,1,31.0,53935.51759343587,53935.51759343587
70,NL0 10 waste,legacy,NL0 10,1,150.0,53935.51759343587,53935.51759343587
70,NL0 11 biomass,legacy,NL0 11,1,20.0,53935.51759343587,53935.51759343587
70,NL0 11 waste,legacy,NL0 11,1,50.0,53935.51759343587,53935.51759343587
70,NL0 13 biomass,legacy,NL0 13,1,77.0,53935.51759343587,53935.51759343587
70,NL0 19 biomass,legacy,NL0 19,1,49.0,53935.51759343587,53935.51759343587
70,NL0 19 waste,legacy,NL0 19,1,36.0,53935.51759343587,53935.51759343587
70,NL0 22 biomass,legacy,NL0 22,1,500.0,53935.51759343587,53935.51759343587
70,NL0 25 waste,legacy,NL0 25,1,54.0,53935.51759343587,53935.51759343587
70,NL0 27 biomass,legacy,NL0 27,1,22.0,53935.51759343587,53935.51759343587
70,NL0 27 waste,legacy,NL0 27,1,71.2,53935.51759343587,53935.51759343587
70,NL0 3 biomass,legacy,NL0 3,1,22.0,53935.51759343587,53935.51759343587
70,NL0 3 waste,legacy,NL0 3,1,108.0,53935.51759343587,53935.51759343587
70,NL0 30 biomass,legacy,NL0 30,1,60.0,53935.51759343587,53935.51759343587
70,NL0 7 nuclear,legacy,NL0 7,1,515.0,53935.51759343587,53935.51759343587
70,NL0 7 waste,legacy,NL0 7,1,39.0,53935.51759343587,53935.51759343587
70,NL0 8 biomass,legacy,NL0 8,1,36.0,53935.51759343587,53935.51759343587
70,NL0 8 waste,legacy,NL0 8,1,157.0,53935.51759343587,53935.51759343587
70,NL0 9 biomass,legacy,NL0 9,1,20.0,53935.51759343587,53935.51759343587
70,NL0 0 0 solar,legacy,NL0 0,1,0.0,53935.51759343587,53935.517593435754
70,NL0 1 0 solar,legacy,NL0 1,1,0.0,53935.51759343587,53935.517593435754
70,NL0 10 0 solar,legacy,NL0 10,1,0.0,53935.51759343587,53935.517593435754
70,NL0 11 0 solar,legacy,NL0 11,1,0.0,53935.51759343587,53935.517593435754
70,NL0 12 0 solar,legacy,NL0 12,1,0.0,53935.51759343587,53935.517593435754
70,NL0 13 0 solar,legacy,NL0 13,1,0.0,53935.51759343587,53935.517593435754
70,NL0 14 0 solar,legacy,NL0 14,1,0.0,53935.51759343587,53935.517593435754
70,NL0 15 0 solar,legacy,NL0 15,1,0.0,53935.51759343587,53935.517593435754
70,NL0 16 0 solar,legacy,NL0 16,1,0.0,53935.51759343587,53935.517593435754
70,NL0 17 0 solar,legacy,NL0 17,1,0.0,53935.51759343587,53935.517593435754
70,NL0 18 0 solar,legacy,NL0 18,1,0.0,53935.51759343587,53935.517593435754
70,NL0 19 0 solar,legacy,NL0 19,1,0.0,53935.51759343587,53935.517593435754
70,NL0 2 0 solar,legacy,NL0 2,1,0.0,53935.51759343587,53935.517593435754
70,NL0 20 0 solar,legacy,NL0 20,1,0.0,53935.51759343587,53935.517593435754
70,NL0 21 0 solar,legacy,NL0 21,1,0.0,53935.51759343587,53935.517593435754
70,NL0 22 0 solar,legacy,NL0 22,1,0.0,53935.51759343587,53935.517593435754
70,NL0 23 0 solar,legacy,NL0 23,1,0.0,53935.51759343587,53935.517593435754
70,NL0 24 0 solar,legacy,NL0 24,1,0.0,53935.51759343587,53935.517593435754
70,NL0 25 0 solar,legacy,NL0 25,1,0.0,53935.51759343587,53935.517593435754
70,NL0 26 0 solar,legacy,NL0 26,1,0.0,53935.51759343587,53935.517593435754
70,NL0 27 0 solar,legacy,NL0 27,1,0.0,53935.51759343587,53935.517593435754
70,NL0 28 0 solar,legacy,NL0 28,1,0.0,53935.51759343587,53935.517593435754
70,NL0 3 0 solar,legacy,NL0 3,1,0.0,53935.51759343587,53935.517593435754
70,NL0 30 0 solar,legacy,NL0 30,1,0.0,53935.51759343587,53935.517593435754
70,NL0 31 0 solar,legacy,NL0 31,1,0.0,53935.51759343587,53935.517593435754
70,NL0 4 0 solar,legacy,NL0 4,1,0.0,53935.51759343587,53935.517593435754
70,NL0 5 0 solar,legacy,NL0 5,1,0.0,53935.51759343587,53935.517593435754
70,NL0 6 0 solar,legacy,NL0 6,1,0.0,53935.51759343587,53935.517593435754
70,NL0 7 0 solar,legacy,NL0 7,1,0.0,53935.51759343587,53935.517593435754
70,NL0 8 0 solar,legacy,NL0 8,1,0.0,53935.51759343587,53935.517593435754
70,NL0 9 0 solar,legacy,NL0 9,1,0.0,53935.51759343587,53935.517593435754
70,NL0 20 0 offwind-ac,legacy,NL0 20,1,0.0,53935.51759343587,53935.517593435754
70,NL0 27 0 offwind-ac,legacy,NL0 27,1,0.0,53935.51759343587,53935.517593435754
70,NL0 31 0 offwind-ac,legacy,NL0 31,1,0.0,53935.51759343587,53935.517593435754
70,NL0 32 0 offwind-ac,legacy,NL0 32,1,0.0,53935.51759343587,53935.517593435754
70,NL0 7 0 offwind-ac,legacy,NL0 7,1,0.0,53935.51759343587,53935.517593435754
70,NL0 0 0 onwind,legacy,NL0 0,1,0.0,53935.51759343587,53935.517593435754
70,NL0 1 0 onwind,legacy,NL0 1,1,0.0,53935.51759343587,53935.517593435754
70,NL0 10 0 onwind,legacy,NL0 10,1,0.0,53935.51759343587,53935.517593435754
70,NL0 11 0 onwind,legacy,NL0 11,1,0.0,53935.51759343587,53935.517593435754
70,NL0 12 0 onwind,legacy,NL0 12,1,0.0,53935.51759343587,53935.517593435754
70,NL0 13 0 onwind,legacy,NL0 13,1,0.0,53935.51759343587,53935.517593435754
70,NL0 14 0 onwind,legacy,NL0 14,1,0.0,53935.51759343587,53935.517593435754
70,NL0 15 0 onwind,legacy,NL0 15,1,0.0,53935.51759343587,53935.517593435754
70,NL0 17 0 onwind,legacy,NL0 17,1,0.0,53935.51759343587,53935.517593435754
70,NL0 19 0 onwind,legacy,NL0 19,1,0.0,53935.51759343587,53935.517593435754
70,NL0 2 0 onwind,legacy,NL0 2,1,0.0,53935.51759343587,53935.517593435754
70,NL0 20 0 onwind,legacy,NL0 20,1,0.0,53935.51759343587,53935.517593435754
70,NL0 21 0 onwind,legacy,NL0 21,1,0.0,53935.51759343587,53935.517593435754
70,NL0 22 0 onwind,legacy,NL0 22,1,0.0,53935.51759343587,53935.517593435754
70,NL0 23 0 onwind,legacy,NL0 23,1,0.0,53935.51759343587,53935.517593435754
70,NL0 24 0 onwind,legacy,NL0 24,1,0.0,53935.51759343587,53935.517593435754
70,NL0 27 0 onwind,legacy,NL0 27,1,0.0,53935.51759343587,53935.517593435754
70,NL0 3 0 onwind,legacy,NL0 3,1,0.0,53935.51759343587,53935.517593435754
70,NL0 30 0 onwind,legacy,NL0 30,1,0.0,53935.51759343587,53935.517593435754
70,NL0 31 0 onwind,legacy,NL0 31,1,0.0,53935.51759343587,53935.517593435754
70,NL0 4 0 onwind,legacy,NL0 4,1,0.0,53935.51759343587,53935.517593435754
70,NL0 5 0 onwind,legacy,NL0 5,1,0.0,53935.51759343587,53935.517593435754
70,NL0 6 0 onwind,legacy,NL0 6,1,0.0,53935.51759343587,53935.517593435754
70,NL0 7 0 onwind,legacy,NL0 7,1,0.0,53935.51759343587,53935.517593435754
70,NL0 8 0 onwind,legacy,NL0 8,1,0.0,53935.51759343587,53935.517593435754
70,NL0 9 0 onwind,legacy,NL0 9,1,0.0,53935.51759343587,53935.517593435754
71,NL0 0 Invest,investable,NL0 0,1,0.0,53935.51759343587,59329.06935292875
71,NL0 1 Invest,investable,NL0 1,1,1000.0,53935.51759343587,53935.51759357159
71,NL0 10 Invest,investable,NL0 10,1,0.0,53935.51759343587,59329.06935292875
71,NL0 11 Invest,investable,NL0 11,1,1000.0,53935.51759343587,53935.51759357159
71,NL0 12 Invest,investable,NL0 12,1,1000.0,53935.51759343587,53935.51759343562
71,NL0 13 Invest,investable,NL0 13,1,1000.0,53935.51759343587,53935.51759357159
71,NL0 14 Invest,investable,NL0 14,1,1000.0,53935.51759343587,53935.51759343575
71,NL0 15 Invest,investable,NL0 15,1,1000.0,53935.51759343587,53935.51759343575
71,NL0 16 Invest,investable,NL0 16,1,0.0,53935.51759343587,59329.06935292875
71,NL0 17 Invest,investable,NL0 17,1,0.0,53935.51759343587,59329.06935292875
71,NL0 18 Invest,investable,NL0 18,1,0.0,53935.51759343587,59329.06935292875
71,NL0 19 Invest,investable,NL0 19,1,1000.0,53935.51759343587,53935.51759343575
71,NL0 2 Invest,investable,NL0 2,1,1000.0,53935.51759343587,53935.51759343575
71,NL0 20 Invest,investable,NL0 20,1,0.0,53935.51759343587,59329.06935292875
71,NL0 21 Invest,investable,NL0 21,1,0.0,53935.51759343587,59329.06935292875
71,NL0 22 Invest,investable,NL0 22,1,0.0,53935.51759343587,53935.51759357159
71,NL0 23 Invest,investable,NL0 23,1,0.0,53935.51759343587,59329.06935292875
71,NL0 24 Invest,investable,NL0 24,1,0.0,53935.51759343587,59329.06935292875
71,NL0 25 Invest,investable,NL0 25,1,1000.0,53935.51759343587,53935.51759343575
71,NL0 26 Invest,investable,NL0 26,1,1000.0,53935.51759343587,53935.51759343575
71,NL0 27 Invest,investable,NL0 27,1,0.0,53935.51759343587,59329.06935292875
71,NL0 28 Invest,investable,NL0 28,1,1000.0,53935.51759343587,53935.51759343575
71,NL0 3 Invest,investable,NL0 3,1,0.0,53935.51759343587,59329.06935292875
71,NL0 30 Invest,investable,NL0 30,1,0.0,53935.51759343587,59329.06935292875
71,NL0 31 Invest,investable,NL0 31,1,1000.0,53935.51759343587,53935.51759343575
71,NL0 33 Invest,investable,NL0 33,1,0.0,53935.51759343587,59329.06935292875
71,NL0 4 Invest,investable,NL0 4,1,1000.0,53935.51759343587,53935.51759343575
71,NL0 5 Invest,investable,NL0 5,1,0.0,53935.51759343587,53935.51759357159
71,NL0 6 Invest,investable,NL0 6,1,634.5076028511185,53935.51759343587,53935.51759357159
71,NL0 7 Invest,investable,NL0 7,1,0.0,53935.51759343587,53935.51759357159
71,NL0 8 Invest,investable,NL0 8,1,0.0,53935.51759343587,59329.06935292875
71,NL0 9 Invest,investable,NL0 9,1,1000.0,53935.51759343587,53935.51759357159
71,NL0 1 biomass,legacy,NL0 1,1,71.0,53935.51759343587,53935.51759343587
71,NL0 1 waste,legacy,NL0 1,1,31.0,53935.51759343587,53935.51759343587
71,NL0 10 waste,legacy,NL0 10,1,150.0,53935.51759343587,53935.51759343587
71,NL0 11 biomass,legacy,NL0 11,1,20.0,53935.51759343587,53935.51759343587
71,NL0 11 waste,legacy,NL0 11,1,50.0,53935.51759343587,53935.51759343587
71,NL0 13 biomass,legacy,NL0 13,1,77.0,53935.51759343587,53935.51759343587
71,NL0 19 biomass,legacy,NL0 19,1,49.0,53935.51759343587,53935.51759343587
71,NL0 19 waste,legacy,NL0 19,1,36.0,53935.51759343587,53935.51759343587
71,NL0 22 biomass,legacy,NL0 22,1,500.0,53935.51759343587,53935.51759343587
71,NL0 25 waste,legacy,NL0 25,1,54.0,53935.51759343587,53935.51759343587
71,NL0 27 biomass,legacy,NL0 27,1,22.0,53935.51759343587,53935.51759343587
71,NL0 27 waste,legacy,NL0 27,1,71.2,53935.51759343587,53935.51759343587
71,NL0 3 biomass,legacy,NL0 3,1,22.0,53935.51759343587,53935.51759343587
71,NL0 3 waste,legacy,NL0 3,1,108.0,53935.51759343587,53935.51759343587
71,NL0 30 biomass,legacy,NL0 30,1,60.0,53935.51759343587,53935.51759343587
71,NL0 7 nuclear,legacy,NL0 7,1,515.0,53935.51759343587,53935.51759343587
71,NL0 7 waste,legacy,NL0 7,1,39.0,53935.51759343587,53935.51759343587
71,NL0 8 biomass,legacy,NL0 8,1,36.0,53935.51759343587,53935.51759343587
71,NL0 8 waste,legacy,NL0 8,1,157.0,53935.51759343587,53935.51759343587
71,NL0 9 biomass,legacy,NL0 9,1,20.0,53935.51759343587,53935.51759343587
71,NL0 0 0 solar,legacy,NL0 0,1,0.0,53935.51759343587,53935.517593435754
71,NL0 1 0 solar,legacy,NL0 1,1,0.0,53935.51759343587,53935.517593435754
71,NL0 10 0 solar,legacy,NL0 10,1,0.0,53935.51759343587,53935.517593435754
71,NL0 11 0 solar,legacy,NL0 11,1,0.0,53935.51759343587,53935.517593435754
71,NL0 12 0 solar,legacy,NL0 12,1,0.0,53935.51759343587,53935.517593435754
71,NL0 13 0 solar,legacy,NL0 13,1,0.0,53935.51759343587,53935.517593435754
71,NL0 14 0 solar,legacy,NL0 14,1,0.0,53935.51759343587,53935.517593435754
71,NL0 15 0 solar,legacy,NL0 15,1,0.0,53935.51759343587,53935.517593435754
71,NL0 16 0 solar,legacy,NL0 16,1,0.0,53935.51759343587,53935.517593435754
71,NL0 17 0 solar,legacy,NL0 17,1,0.0,53935.51759343587,53935.517593435754
71,NL0 18 0 solar,legacy,NL0 18,1,0.0,53935.51759343587,53935.517593435754
71,NL0 19 0 solar,legacy,NL0 19,1,0.0,53935.51759343587,53935.517593435754
71,NL0 2 0 solar,legacy,NL0 2,1,0.0,53935.51759343587,53935.517593435754
71,NL0 20 0 solar,legacy,NL0 20,1,0.0,53935.51759343587,53935.517593435754
71,NL0 21 0 solar,legacy,NL0 21,1,0.0,53935.51759343587,53935.517593435754
71,NL0 22 0 solar,legacy,NL0 22,1,0.0,53935.51759343587,53935.517593435754
71,NL0 23 0 solar,legacy,NL0 23,1,0.0,53935.51759343587,53935.517593435754
71,NL0 24 0 solar,legacy,NL0 24,1,0.0,53935.51759343587,53935.517593435754
71,NL0 25 0 solar,legacy,NL0 25,1,0.0,53935.51759343587,53935.517593435754
71,NL0 26 0 solar,legacy,NL0 26,1,0.0,53935.51759343587,53935.517593435754
71,NL0 27 0 solar,legacy,NL0 27,1,0.0,53935.51759343587,53935.517593435754
71,NL0 28 0 solar,legacy,NL0 28,1,0.0,53935.51759343587,53935.517593435754
71,NL0 3 0 solar,legacy,NL0 3,1,0.0,53935.51759343587,53935.517593435754
71,NL0 30 0 solar,legacy,NL0 30,1,0.0,53935.51759343587,53935.517593435754
71,NL0 31 0 solar,legacy,NL0 31,1,0.0,53935.51759343587,53935.517593435754
71,NL0 4 0 solar,legacy,NL0 4,1,0.0,53935.51759343587,53935.517593435754
71,NL0 5 0 solar,legacy,NL0 5,1,0.0,53935.51759343587,53935.517593435754
71,NL0 6 0 solar,legacy,NL0 6,1,0.0,53935.51759343587,53935.517593435754
71,NL0 7 0 solar,legacy,NL0 7,1,0.0,53935.51759343587,53935.517593435754
71,NL0 8 0 solar,legacy,NL0 8,1,0.0,53935.51759343587,53935.517593435754
71,NL0 9 0 solar,legacy,NL0 9,1,0.0,53935.51759343587,53935.517593435754
71,NL0 20 0 offwind-ac,legacy,NL0 20,1,0.0,53935.51759343587,53935.517593435754
71,NL0 27 0 offwind-ac,legacy,NL0 27,1,0.0,53935.51759343587,53935.517593435754
71,NL0 31 0 offwind-ac,legacy,NL0 31,1,0.0,53935.51759343587,53935.517593435754
71,NL0 32 0 offwind-ac,legacy,NL0 32,1,0.0,53935.51759343587,53935.517593435754
71,NL0 7 0 offwind-ac,legacy,NL0 7,1,0.0,53935.51759343587,53935.517593435754
71,NL0 0 0 onwind,legacy,NL0 0,1,0.0,53935.51759343587,53935.517593435754
71,NL0 1 0 onwind,legacy,NL0 1,1,0.0,53935.51759343587,53935.517593435754
71,NL0 10 0 onwind,legacy,NL0 10,1,0.0,53935.51759343587,53935.517593435754
71,NL0 11 0 onwind,legacy,NL0 11,1,0.0,53935.51759343587,53935.517593435754
71,NL0 12 0 onwind,legacy,NL0 12,1,0.0,53935.51759343587,53935.517593435754
71,NL0 13 0 onwind,legacy,NL0 13,1,0.0,53935.51759343587,53935.517593435754
71,NL0 14 0 onwind,legacy,NL0 14,1,0.0,53935.51759343587,53935.517593435754
71,NL0 15 0 onwind,legacy,NL0 15,1,0.0,53935.51759343587,53935.517593435754
71,NL0 17 0 onwind,legacy,NL0 17,1,0.0,53935.51759343587,53935.517593435754
71,NL0 19 0 onwind,legacy,NL0 19,1,0.0,53935.51759343587,53935.517593435754
71,NL0 2 0 onwind,legacy,NL0 2,1,0.0,53935.51759343587,53935.517593435754
71,NL0 20 0 onwind,legacy,NL0 20,1,0.0,53935.51759343587,53935.517593435754
71,NL0 21 0 onwind,legacy,NL0 21,1,0.0,53935.51759343587,53935.517593435754
71,NL0 22 0 onwind,legacy,NL0 22,1,0.0,53935.51759343587,53935.517593435754
71,NL0 23 0 onwind,legacy,NL0 23,1,0.0,53935.51759343587,53935.517593435754
71,NL0 24 0 onwind,legacy,NL0 24,1,0.0,53935.51759343587,53935.517593435754
71,NL0 27 0 onwind,legacy,NL0 27,1,0.0,53935.51759343587,53935.517593435754
71,NL0 3 0 onwind,legacy,NL0 3,1,0.0,53935.51759343587,53935.517593435754
71,NL0 30 0 onwind,legacy,NL0 30,1,0.0,53935.51759343587,53935.517593435754
71,NL0 31 0 onwind,legacy,NL0 31,1,0.0,53935.51759343587,53935.517593435754
71,NL0 4 0 onwind,legacy,NL0 4,1,0.0,53935.51759343587,53935.517593435754
71,NL0 5 0 onwind,legacy,NL0 5,1,0.0,53935.51759343587,53935.517593435754
71,NL0 6 0 onwind,legacy,NL0 6,1,0.0,53935.51759343587,53935.517593435754
71,NL0 7 0 onwind,legacy,NL0 7,1,0.0,53935.51759343587,53935.517593435754
71,NL0 8 0 onwind,legacy,NL0 8,1,0.0,53935.51759343587,53935.517593435754
71,NL0 9 0 onwind,legacy,NL0 9,1,0.0,53935.51759343587,53935.517593435754
72,NL0 0 Invest,investable,NL0 0,1,0.0,53935.51759357051,59329.06935292877
72,NL0 1 Invest,investable,NL0 1,1,0.0,53935.51759357051,53935.51759357051
72,NL0 10 Invest,investable,NL0 10,1,0.0,53935.51759357051,53935.51759357051
72,NL0 11 Invest,investable,NL0 11,1,0.0,53935.51759357051,53935.51759357051
72,NL0 12 Invest,investable,NL0 12,1,1000.0,53935.51759357051,53935.51759357051
72,NL0 13 Invest,investable,NL0 13,1,0.0,53935.51759357051,53935.51759357051
72,NL0 14 Invest,investable,NL0 14,1,1000.0,53935.51759357051,53935.51759357051
72,NL0 15 Invest,investable,NL0 15,1,1000.0,53935.51759357051,53935.51759357051
72,NL0 16 Invest,investable,NL0 16,1,0.0,53935.51759357051,59329.06935292876
72,NL0 17 Invest,investable,NL0 17,1,0.0,53935.51759357051,53935.517593570454
72,NL0 18 Invest,investable,NL0 18,1,0.0,53935.51759357051,53935.517593571545
72,NL0 19 Invest,investable,NL0 19,1,1000.0,53935.51759357051,53935.51759357051
72,NL0 2 Invest,investable,NL0 2,1,1000.0,53935.51759357051,53935.51759357051
72,NL0 20 Invest,investable,NL0 20,1,0.0,53935.51759357051,53935.51759357051
72,NL0 21 Invest,investable,NL0 21,1,0.0,53935.51759357051,53935.517593570454
72,NL0 22 Invest,investable,NL0 22,1,999.9999990776987,53935.51759357051,53935.51759357051
72,NL0 23 Invest,investable,NL0 23,1,0.0,53935.51759357051,53935.51759357051
72,NL0 24 Invest,investable,NL0 24,1,0.0,53935.51759357051,53935.51759357051
72,NL0 25 Invest,investable,NL0 25,1,1000.0,53935.51759357051,53935.51759357051
72,NL0 26 Invest,investable,NL0 26,1,1000.0,53935.51759357051,53935.51759357051
72,NL0 27 Invest,investable,NL0 27,1,0.0,53935.51759357051,53935.517593570454
72,NL0 28 Invest,investable,NL0 28,1,1000.0,53935.51759357051,53935.51759357051
72,NL0 3 Invest,investable,NL0 3,1,0.0,53935.51759357051,53935.51759357051
72,NL0 30 Invest,investable,NL0 30,1,0.0,53935.51759357051,53935.517593570454
72,NL0 31 Invest,investable,NL0 31,1,1000.0,53935.51759357051,53935.517593570454
72,NL0 33 Invest,investable,NL0 33,1,0.0,53935.51759357051,53935.517593570454
72,NL0 4 Invest,investable,NL0 4,1,1000.0,53935.51759357051,53935.51759357051
72,NL0 5 Invest,investable,NL0 5,1,1000.0,53935.51759357051,53935.51759357051
72,NL0 6 Invest,investable,NL0 6,1,1000.0,53935.51759357051,53935.51759357051
72,NL0 7 Invest,investable,NL0 7,1,1000.0,53935.51759357051,53935.51759357044
72,NL0 8 Invest,investable,NL0 8,1,0.0,53935.51759357051,59329.06935292875
72,NL0 9 Invest,investable,NL0 9,1,634.5076028955827,53935.51759357051,53935.51759357051
72,NL0 1 biomass,legacy,NL0 1,1,71.0,53935.51759357051,53935.51759357051
72,NL0 1 waste,legacy,NL0 1,1,31.0,53935.51759357051,53935.51759357051
72,NL0 10 waste,legacy,NL0 10,1,150.0,53935.51759357051,53935.51759357051
72,NL0 11 biomass,legacy,NL0 11,1,20.0,53935.51759357051,53935.51759357051
72,NL0 11 waste,legacy,NL0 11,1,50.0,53935.51759357051,53935.51759357051
72,NL0 13 biomass,legacy,NL0 13,1,77.0,53935.51759357051,53935.51759357051
72,NL0 19 biomass,legacy,NL0 19,1,49.0,53935.51759357051,53935.51759357051
72,NL0 19 waste,legacy,NL0 19,1,36.0,53935.51759357051,53935.51759357051
72,NL0 22 biomass,legacy,NL0 22,1,500.0,53935.51759357051,53935.51759357051
72,NL0 25 waste,legacy,NL0 25,1,54.0,53935.51759357051,53935.51759357051
72,NL0 27 biomass,legacy,NL0 27,1,22.0,53935.51759357051,53935.51759357051
72,NL0 27 waste,legacy,NL0 27,1,71.2,53935.51759357051,53935.51759357051
72,NL0 3 biomass,legacy,NL0 3,1,22.0,53935.51759357051,53935.51759357051
72,NL0 3 waste,legacy,NL0 3,1,108.0,53935.51759357051,53935.51759357051
72,NL0 30 biomass,legacy,NL0 30,1,60.0,53935.51759357051,53935.51759357051
72,NL0 7 nuclear,legacy,NL0 7,1,515.0,53935.51759357051,53935.51759357051
72,NL0 7 waste,legacy,NL0 7,1,39.0,53935.51759357051,53935.51759357051
72,NL0 8 biomass,legacy,NL0 8,1,36.0,53935.51759357051,53935.51759357051
72,NL0 8 waste,legacy,NL0 8,1,157.0,53935.51759357051,53935.51759357051
72,NL0 9 biomass,legacy,NL0 9,1,20.0,53935.51759357051,53935.51759357051
72,NL0 0 0 solar,legacy,NL0 0,1,0.0,53935.51759357051,118658.1387058575
72,NL0 1 0 solar,legacy,NL0 1,1,0.0,53935.51759357051,118658.1387058575
72,NL0 10 0 solar,legacy,NL0 10,1,0.0,53935.51759357051,118658.1387058575
72,NL0 11 0 solar,legacy,NL0 11,1,0.0,53935.51759357051,118658.1387058575
72,NL0 12 0 solar,legacy,NL0 12,1,0.0,53935.51759357051,118658.1387058575
72,NL0 13 0 solar,legacy,NL0 13,1,0.0,53935.51759357051,118658.1387058575
72,NL0 14 0 solar,legacy,NL0 14,1,0.0,53935.51759357051,118658.1387058575
72,NL0 15 0 solar,legacy,NL0 15,1,0.0,53935.51759357051,118658.1387058575
72,NL0 16 0 solar,legacy,NL0 16,1,0.0,53935.51759357051,118658.1387058575
72,NL0 17 0 solar,legacy,NL0 17,1,0.0,53935.51759357051,118658.1387058575
72,NL0 18 0 solar,legacy,NL0 18,1,0.0,53935.51759357051,118658.1387058575
72,NL0 19 0 solar,legacy,NL0 19,1,0.0,53935.51759357051,118658.1387058575
72,NL0 2 0 solar,legacy,NL0 2,1,0.0,53935.51759357051,118658.1387058575
72,NL0 20 0 solar,legacy,NL0 20,1,0.0,53935.51759357051,118658.1387058575
72,NL0 21 0 solar,legacy,NL0 21,1,0.0,53935.51759357051,118658.1387058575
72,NL0 22 0 solar,legacy,NL0 22,1,0.0,53935.51759357051,118658.1387058575
72,NL0 23 0 solar,legacy,NL0 23,1,0.0,53935.51759357051,118658.1387058575
72,NL0 24 0 solar,legacy,NL0 24,1,0.0,53935.51759357051,118658.1387058575
72,NL0 25 0 solar,legacy,NL0 25,1,0.0,53935.51759357051,118658.1387058575
72,NL0 26 0 solar,legacy,NL0 26,1,0.0,53935.51759357051,118658.1387058575
72,NL0 27 0 solar,legacy,NL0 27,1,0.0,53935.51759357051,118658.1387058575
72,NL0 28 0 solar,legacy,NL0 28,1,0.0,53935.51759357051,118658.1387058575
72,NL0 3 0 solar,legacy,NL0 3,1,0.0,53935.51759357051,118658.1387058575
72,NL0 30 0 solar,legacy,NL0 30,1,0.0,53935.51759357051,118658.1387058575
72,NL0 31 0 solar,legacy,NL0 31,1,0.0,53935.51759357051,118658.1387058575
72,NL0 4 0 solar,legacy,NL0 4,1,0.0,53935.51759357051,118658.1387058575
72,NL0 5 0 solar,legacy,NL0 5,1,0.0,53935.51759357051,118658.1387058575
72,NL0 6 0 solar,legacy,NL0 6,1,0.0,53935.51759357051,118658.1387058575
72,NL0 7 0 solar,legacy,NL0 7,1,0.0,53935.51759357051,118658.1387058575
72,NL0 8 0 solar,legacy,NL0 8,1,0.0,53935.51759357051,118658.1387058575
72,NL0 9 0 solar,legacy,NL0 9,1,0.0,53935.51759357051,118658.1387058575
72,NL0 20 0 offwind-ac,legacy,NL0 20,1,0.0,53935.51759357051,118658.1387058575
72,NL0 27 0 offwind-ac,legacy,NL0 27,1,0.0,53935.51759357051,118658.1387058575
72,NL0 31 0 offwind-ac,legacy,NL0 31,1,0.0,53935.51759357051,118658.1387058575
72,NL0 32 0 offwind-ac,legacy,NL0 32,1,0.0,53935.51759357051,118658.1387058575
72,NL0 7 0 offwind-ac,legacy,NL0 7,1,0.0,53935.51759357051,118658.1387058575
72,NL0 0 0 onwind,legacy,NL0 0,1,0.0,53935.51759357051,118658.1387058575
72,NL0 1 0 onwind,legacy,NL0 1,1,0.0,53935.51759357051,118658.1387058575
72,NL0 10 0 onwind,legacy,NL0 10,1,0.0,53935.51759357051,118658.1387058575
72,NL0 11 0 onwind,legacy,NL0 11,1,0.0,53935.51759357051,118658.1387058575
72,NL0 12 0 onwind,legacy,NL0 12,1,0.0,53935.51759357051,118658.1387058575
72,NL0 13 0 onwind,legacy,NL0 13,1,0.0,53935.51759357051,118658.1387058575
72,NL0 14 0 onwind,legacy,NL0 14,1,0.0,53935.51759357051,118658.1387058575
72,NL0 15 0 onwind,legacy,NL0 15,1,0.0,53935.51759357051,118658.1387058575
72,NL0 17 0 onwind,legacy,NL0 17,1,0.0,53935.51759357051,118658.1387058575
72,NL0 19 0 onwind,legacy,NL0 19,1,0.0,53935.51759357051,118658.1387058575
72,NL0 2 0 onwind,legacy,NL0 2,1,0.0,53935.51759357051,118658.1387058575
72,NL0 20 0 onwind,legacy,NL0 20,1,0.0,53935.51759357051,118658.1387058575
72,NL0 21 0 onwind,legacy,NL0 21,1,0.0,53935.51759357051,118658.1387058575
72,NL0 22 0 onwind,legacy,NL0 22,1,0.0,53935.51759357051,118658.1387058575
72,NL0 23 0 onwind,legacy,NL0 23,1,0.0,53935.51759357051,118658.1387058575
72,NL0 24 0 onwind,legacy,NL0 24,1,0.0,53935.51759357051,118658.1387058575
72,NL0 27 0 onwind,legacy,NL0 27,1,0.0,53935.51759357051,118658.1387058575
72,NL0 3 0 onwind,legacy,NL0 3,1,0.0,53935.51759357051,118658.1387058575
72,NL0 30 0 onwind,legacy,NL0 30,1,0.0,53935.51759357051,118658.1387058575
72,NL0 31 0 onwind,legacy,NL0 31,1,0.0,53935.51759357051,118658.1387058575
72,NL0 4 0 onwind,legacy,NL0 4,1,0.0,53935.51759357051,118658.1387058575
72,NL0 5 0 onwind,legacy,NL0 5,1,0.0,53935.51759357051,118658.1387058575
72,NL0 6 0 onwind,legacy,NL0 6,1,0.0,53935.51759357051,118658.1387058575
72,NL0 7 0 onwind,legacy,NL0 7,1,0.0,53935.51759357051,118658.1387058575
72,NL0 8 0 onwind,legacy,NL0 8,1,0.0,53935.51759357051,118658.1387058575
72,NL0 9 0 onwind,legacy,NL0 9,1,0.0,53935.51759357051,118658.1387058575
73,NL0 0 Invest,investable,NL0 0,1,0.0,53935.51759343587,59329.06935292875
73,NL0 1 Invest,investable,NL0 1,1,1000.0,53935.51759343587,53935.51759357159
73,NL0 10 Invest,investable,NL0 10,1,0.0,53935.51759343587,59329.06935292875
73,NL0 11 Invest,investable,NL0 11,1,1000.0,53935.51759343587,53935.51759357159
73,NL0 12 Invest,investable,NL0 12,1,1000.0,53935.51759343587,53935.51759343562
73,NL0 13 Invest,investable,NL0 13,1,1000.0,53935.51759343587,53935.51759357159
73,NL0 14 Invest,investable,NL0 14,1,1000.0,53935.51759343587,53935.51759343575
73,NL0 15 Invest,investable,NL0 15,1,1000.0,53935.51759343587,53935.51759343575
73,NL0 16 Invest,investable,NL0 16,1,0.0,53935.51759343587,59329.06935292875
73,NL0 17 Invest,investable,NL0 17,1,0.0,53935.51759343587,59329.06935292875
73,NL0 18 Invest,investable,NL0 18,1,0.0,53935.51759343587,59329.06935292875
73,NL0 19 Invest,investable,NL0 19,1,1000.0,53935.51759343587,53935.51759343575
73,NL0 2 Invest,investable,NL0 2,1,1000.0,53935.51759343587,53935.51759343575
73,NL0 20 Invest,investable,NL0 20,1,0.0,53935.51759343587,59329.06935292875
73,NL0 21 Invest,investable,NL0 21,1,0.0,53935.51759343587,59329.06935292875
73,NL0 22 Invest,investable,NL0 22,1,0.0,53935.51759343587,53935.51759357159
73,NL0 23 Invest,investable,NL0 23,1,0.0,53935.51759343587,59329.06935292875
73,NL0 24 Invest,investable,NL0 24,1,0.0,53935.51759343587,59329.06935292875
73,NL0 25 Invest,investable,NL0 25,1,1000.0,53935.51759343587,53935.51759343575
73,NL0 26 Invest,investable,NL0 26,1,1000.0,53935.51759343587,53935.51759343575
73,NL0 27 Invest,investable,NL0 27,1,0.0,53935.51759343587,59329.06935292875
73,NL0 28 Invest,investable,NL0 28,1,1000.0,53935.51759343587,53935.51759343575
73,NL0 3 Invest,investable,NL0 3,1,0.0,53935.51759343587,59329.06935292875
73,NL0 30 Invest,investable,NL0 30,1,0.0,53935.51759343587,59329.06935292875
73,NL0 31 Invest,investable,NL0 31,1,1000.0,53935.51759343587,53935.51759343575
73,NL0 33 Invest,investable,NL0 33,1,0.0,53935.51759343587,59329.06935292875
73,NL0 4 Invest,investable,NL0 4,1,1000.0,53935.51759343587,53935.51759343575
73,NL0 5 Invest,investable,NL0 5,1,0.0,53935.51759343587,53935.51759357159
73,NL0 6 Invest,investable,NL0 6,1,634.5076028511185,53935.51759343587,53935.51759357159
73,NL0 7 Invest,investable,NL0 7,1,0.0,53935.51759343587,53935.51759357159
73,NL0 8 Invest,investable,NL0 8,1,0.0,53935.51759343587,59329.06935292875
73,NL0 9 Invest,investable,NL0 9,1,1000.0,53935.51759343587,53935.51759357159
73,NL0 1 biomass,legacy,NL0 1,1,71.0,53935.51759343587,53935.51759343587
73,NL0 1 waste,legacy,NL0 1,1,31.0,53935.51759343587,53935.51759343587
73,NL0 10 waste,legacy,NL0 10,1,150.0,53935.51759343587,53935.51759343587
73,NL0 11 biomass,legacy,NL0 11,1,20.0,53935.51759343587,53935.51759343587
73,NL0 11 waste,legacy,NL0 11,1,50.0,53935.51759343587,53935.51759343587
73,NL0 13 biomass,legacy,NL0 13,1,77.0,53935.51759343587,53935.51759343587
73,NL0 19 biomass,legacy,NL0 19,1,49.0,53935.51759343587,53935.51759343587
73,NL0 19 waste,legacy,NL0 19,1,36.0,53935.51759343587,53935.51759343587
73,NL0 22 biomass,legacy,NL0 22,1,500.0,53935.51759343587,53935.51759343587
73,NL0 25 waste,legacy,NL0 25,1,54.0,53935.51759343587,53935.51759343587
73,NL0 27 biomass,legacy,NL0 27,1,22.0,53935.51759343587,53935.51759343587
73,NL0 27 waste,legacy,NL0 27,1,71.2,53935.51759343587,53935.51759343587
73,NL0 3 biomass,legacy,NL0 3,1,22.0,53935.51759343587,53935.51759343587
73,NL0 3 waste,legacy,NL0 3,1,108.0,53935.51759343587,53935.51759343587
73,NL0 30 biomass,legacy,NL0 30,1,60.0,53935.51759343587,53935.51759343587
73,NL0 7 nuclear,legacy,NL0 7,1,515.0,53935.51759343587,53935.51759343587
73,NL0 7 waste,legacy,NL0 7,1,39.0,53935.51759343587,53935.51759343587
73,NL0 8 biomass,legacy,NL0 8,1,36.0,53935.51759343587,53935.51759343587
73,NL0 8 waste,legacy,NL0 8,1,157.0,53935.51759343587,53935.51759343587
73,NL0 9 biomass,legacy,NL0 9,1,20.0,53935.51759343587,53935.51759343587
73,NL0 0 0 solar,legacy,NL0 0,1,0.0,53935.51759343587,53935.517593435754
73,NL0 1 0 solar,legacy,NL0 1,1,0.0,53935.51759343587,53935.517593435754
73,NL0 10 0 solar,legacy,NL0 10,1,0.0,53935.51759343587,53935.517593435754
73,NL0 11 0 solar,legacy,NL0 11,1,0.0,53935.51759343587,53935.517593435754
73,NL0 12 0 solar,legacy,NL0 12,1,0.0,53935.51759343587,53935.517593435754
73,NL0 13 0 solar,legacy,NL0 13,1,0.0,53935.51759343587,53935.517593435754
73,NL0 14 0 solar,legacy,NL0 14,1,0.0,53935.51759343587,53935.517593435754
73,NL0 15 0 solar,legacy,NL0 15,1,0.0,53935.51759343587,53935.517593435754
73,NL0 16 0 solar,legacy,NL0 16,1,0.0,53935.51759343587,53935.517593435754
73,NL0 17 0 solar,legacy,NL0 17,1,0.0,53935.51759343587,53935.517593435754
73,NL0 18 0 solar,legacy,NL0 18,1,0.0,53935.51759343587,53935.517593435754
73,NL0 19 0 solar,legacy,NL0 19,1,0.0,53935.51759343587,53935.517593435754
73,NL0 2 0 solar,legacy,NL0 2,1,0.0,53935.51759343587,53935.517593435754
73,NL0 20 0 solar,legacy,NL0 20,1,0.0,53935.51759343587,53935.517593435754
73,NL0 21 0 solar,legacy,NL0 21,1,0.0,53935.51759343587,53935.517593435754
73,NL0 22 0 solar,legacy,NL0 22,1,0.0,53935.51759343587,53935.517593435754
73,NL0 23 0 solar,legacy,NL0 23,1,0.0,53935.51759343587,53935.517593435754
73,NL0 24 0 solar,legacy,NL0 24,1,0.0,53935.51759343587,53935.517593435754
73,NL0 25 0 solar,legacy,NL0 25,1,0.0,53935.51759343587,53935.517593435754
73,NL0 26 0 solar,legacy,NL0 26,1,0.0,53935.51759343587,53935.517593435754
73,NL0 27 0 solar,legacy,NL0 27,1,0.0,53935.51759343587,53935.517593435754
73,NL0 28 0 solar,legacy,NL0 28,1,0.0,53935.51759343587,53935.517593435754
73,NL0 3 0 solar,legacy,NL0 3,1,0.0,53935.51759343587,53935.517593435754
73,NL0 30 0 solar,legacy,NL0 30,1,0.0,53935.51759343587,53935.517593435754
73,NL0 31 0 solar,legacy,NL0 31,1,0.0,53935.51759343587,53935.517593435754
73,NL0 4 0 solar,legacy,NL0 4,1,0.0,53935.51759343587,53935.517593435754
73,NL0 5 0 solar,legacy,NL0 5,1,0.0,53935.51759343587,53935.517593435754
73,NL0 6 0 solar,legacy,NL0 6,1,0.0,53935.51759343587,53935.517593435754
73,NL0 7 0 solar,legacy,NL0 7,1,0.0,53935.51759343587,53935.517593435754
73,NL0 8 0 solar,legacy,NL0 8,1,0.0,53935.51759343587,53935.517593435754
73,NL0 9 0 solar,legacy,NL0 9,1,0.0,53935.51759343587,53935.517593435754
73,NL0 20 0 offwind-ac,legacy,NL0 20,1,0.0,53935.51759343587,53935.517593435754
73,NL0 27 0 offwind-ac,legacy,NL0 27,1,0.0,53935.51759343587,53935.517593435754
73,NL0 31 0 offwind-ac,legacy,NL0 31,1,0.0,53935.51759343587,53935.517593435754
73,NL0 32 0 offwind-ac,legacy,NL0 32,1,0.0,53935.51759343587,53935.517593435754
73,NL0 7 0 offwind-ac,legacy,NL0 7,1,0.0,53935.51759343587,53935.517593435754
73,NL0 0 0 onwind,legacy,NL0 0,1,0.0,53935.51759343587,53935.517593435754
73,NL0 1 0 onwind,legacy,NL0 1,1,0.0,53935.51759343587,53935.517593435754
73,NL0 10 0 onwind,legacy,NL0 10,1,0.0,53935.51759343587,53935.517593435754
73,NL0 11 0 onwind,legacy,NL0 11,1,0.0,53935.51759343587,53935.517593435754
73,NL0 12 0 onwind,legacy,NL0 12,1,0.0,53935.51759343587,53935.517593435754
73,NL0 13 0 onwind,legacy,NL0 13,1,0.0,53935.51759343587,53935.517593435754
73,NL0 14 0 onwind,legacy,NL0 14,1,0.0,53935.51759343587,53935.517593435754
73,NL0 15 0 onwind,legacy,NL0 15,1,0.0,53935.51759343587,53935.517593435754
73,NL0 17 0 onwind,legacy,NL0 17,1,0.0,53935.51759343587,53935.517593435754
73,NL0 19 0 onwind,legacy,NL0 19,1,0.0,53935.51759343587,53935.517593435754
73,NL0 2 0 onwind,legacy,NL0 2,1,0.0,53935.51759343587,53935.517593435754
73,NL0 20 0 onwind,legacy,NL0 20,1,0.0,53935.51759343587,53935.517593435754
73,NL0 21 0 onwind,legacy,NL0 21,1,0.0,53935.51759343587,53935.517593435754
73,NL0 22 0 onwind,legacy,NL0 22,1,0.0,53935.51759343587,53935.517593435754
73,NL0 23 0 onwind,legacy,NL0 23,1,0.0,53935.51759343587,53935.517593435754
73,NL0 24 0 onwind,legacy,NL0 24,1,0.0,53935.51759343587,53935.517593435754
73,NL0 27 0 onwind,legacy,NL0 27,1,0.0,53935.51759343587,53935.517593435754
73,NL0 3 0 onwind,legacy,NL0 3,1,0.0,53935.51759343587,53935.517593435754
73,NL0 30 0 onwind,legacy,NL0 30,1,0.0,53935.51759343587,53935.517593435754
73,NL0 31 0 onwind,legacy,NL0 31,1,0.0,53935.51759343587,53935.517593435754
73,NL0 4 0 onwind,legacy,NL0 4,1,0.0,53935.51759343587,53935.517593435754
73,NL0 5 0 onwind,legacy,NL0 5,1,0.0,53935.51759343587,53935.517593435754
73,NL0 6 0 onwind,legacy,NL0 6,1,0.0,53935.51759343587,53935.517593435754
73,NL0 7 0 onwind,legacy,NL0 7,1,0.0,53935.51759343587,53935.517593435754
73,NL0 8 0 onwind,legacy,NL0 8,1,0.0,53935.51759343587,53935.517593435754
73,NL0 9 0 onwind,legacy,NL0 9,1,0.0,53935.51759343587,53935.517593435754
74,NL0 0 Invest,investable,NL0 0,1,0.0,53935.51759343587,59329.06935292875
74,NL0 1 Invest,investable,NL0 1,1,0.0,53935.51759343587,53935.51759357159
74,NL0 10 Invest,investable,NL0 10,1,0.0,53935.51759343587,59329.06935292875
74,NL0 11 Invest,investable,NL0 11,1,0.0,53935.51759343587,53935.51759357159
74,NL0 12 Invest,investable,NL0 12,1,1000.0,53935.51759343587,53935.51759343562
74,NL0 13 Invest,investable,NL0 13,1,0.0,53935.51759343587,53935.51759357159
74,NL0 14 Invest,investable,NL0 14,1,1000.0,53935.51759343587,53935.51759343575
74,NL0 15 Invest,investable,NL0 15,1,1000.0,53935.51759343587,53935.51759343575
74,NL0 16 Invest,investable,NL0 16,1,0.0,53935.51759343587,59329.06935292875
74,NL0 17 Invest,investable,NL0 17,1,0.0,53935.51759343587,59329.06935292875
74,NL0 18 Invest,investable,NL0 18,1,0.0,53935.51759343587,59329.06935292875
74,NL0 19 Invest,investable,NL0 19,1,1000.0,53935.51759343587,53935.51759343575
74,NL0 2 Invest,investable,NL0 2,1,1000.0,53935.51759343587,53935.51759343575
74,NL0 20 Invest,investable,NL0 20,1,0.0,53935.51759343587,59329.06935292875
74,NL0 21 Invest,investable,NL0 21,1,0.0,53935.51759343587,59329.06935292875
74,NL0 22 Invest,investable,NL0 22,1,1000.0,53935.51759343587,53935.51759357159
74,NL0 23 Invest,investable,NL0 23,1,0.0,53935.51759343587,59329.06935292875
74,NL0 24 Invest,investable,NL0 24,1,0.0,53935.51759343587,59329.06935292875
74,NL0 25 Invest,investable,NL0 25,1,1000.0,53935.51759343587,53935.51759343575
74,NL0 26 Invest,investable,NL0 26,1,1000.0,53935.51759343587,53935.51759343575
74,NL0 27 Invest,investable,NL0 27,1,0.0,53935.51759343587,59329.06935292875
74,NL0 28 Invest,investable,NL0 28,1,1000.0,53935.51759343587,53935.51759343575
74,NL0 3 Invest,investable,NL0 3,1,0.0,53935.51759343587,59329.06935292875
74,NL0 30 Invest,investable,NL0 30,1,0.0,53935.51759343587,59329.06935292875
74,NL0 31 Invest,investable,NL0 31,1,1000.0,53935.51759343587,53935.51759343575
74,NL0 33 Invest,investable,NL0 33,1,0.0,53935.51759343587,59329.06935292875
74,NL0 4 Invest,investable,NL0 4,1,1000.0,53935.51759343587,53935.51759343575
74,NL0 5 Invest,investable,NL0 5,1,1000.0,53935.51759343587,53935.51759357159
74,NL0 6 Invest,investable,NL0 6,1,1000.0,53935.51759343587,53935.51759357159
74,NL0 7 Invest,investable,NL0 7,1,1000.0,53935.51759343587,53935.51759357159
74,NL0 8 Invest,investable,NL0 8,1,0.0,53935.51759343587,59329.06935292875
74,NL0 9 Invest,investable,NL0 9,1,634.5076028511185,53935.51759343587,53935.51759357159
74,NL0 1 biomass,legacy,NL0 1,1,71.0,53935.51759343587,53935.51759343587
74,NL0 1 waste,legacy,NL0 1,1,31.0,53935.51759343587,53935.51759343587
74,NL0 10 waste,legacy,NL0 10,1,150.0,53935.51759343587,53935.51759343587
74,NL0 11 biomass,legacy,NL0 11,1,20.0,53935.51759343587,53935.51759343587
74,NL0 11 waste,legacy,NL0 11,1,50.0,53935.51759343587,53935.51759343587
74,NL0 13 biomass,legacy,NL0 13,1,77.0,53935.51759343587,53935.51759343587
74,NL0 19 biomass,legacy,NL0 19,1,49.0,53935.51759343587,53935.51759343587
74,NL0 19 waste,legacy,NL0 19,1,36.0,53935.51759343587,53935.51759343587
74,NL0 22 biomass,legacy,NL0 22,1,500.0,53935.51759343587,53935.51759343587
74,NL0 25 waste,legacy,NL0 25,1,54.0,53935.51759343587,53935.51759343587
74,NL0 27 biomass,legacy,NL0 27,1,22.0,53935.51759343587,53935.51759343587
74,NL0 27 waste,legacy,NL0 27,1,71.2,53935.51759343587,53935.51759343587
74,NL0 3 biomass,legacy,NL0 3,1,22.0,53935.51759343587,53935.51759343587
74,NL0 3 waste,legacy,NL0 3,1,108.0,53935.51759343587,53935.51759343587
74,NL0 30 biomass,legacy,NL0 30,1,60.0,53935.51759343587,53935.51759343587
74,NL0 7 nuclear,legacy,NL0 7,1,515.0,53935.51759343587,53935.51759343587
74,NL0 7 waste,legacy,NL0 7,1,39.0,53935.51759343587,53935.51759343587
74,NL0 8 biomass,legacy,NL0 8,1,36.0,53935.51759343587,53935.51759343587
74,NL0 8 waste,legacy,NL0 8,1,157.0,53935.51759343587,53935.51759343587
74,NL0 9 biomass,legacy,NL0 9,1,20.0,53935.51759343587,53935.51759343587
74,NL0 0 0 solar,legacy,NL0 0,1,0.0,53935.51759343587,53935.517593435754
74,NL0 1 0 solar,legacy,NL0 1,1,0.0,53935.51759343587,53935.517593435754
74,NL0 10 0 solar,legacy,NL0 10,1,0.0,53935.51759343587,53935.517593435754
74,NL0 11 0 solar,legacy,NL0 11,1,0.0,53935.51759343587,53935.517593435754
74,NL0 12 0 solar,legacy,NL0 12,1,0.0,53935.51759343587,53935.517593435754
74,NL0 13 0 solar,legacy,NL0 13,1,0.0,53935.51759343587,53935.517593435754
74,NL0 14 0 solar,legacy,NL0 14,1,0.0,53935.51759343587,53935.517593435754
74,NL0 15 0 solar,legacy,NL0 15,1,0.0,53935.51759343587,53935.517593435754
74,NL0 16 0 solar,legacy,NL0 16,1,0.0,53935.51759343587,53935.517593435754
74,NL0 17 0 solar,legacy,NL0 17,1,0.0,53935.51759343587,53935.517593435754
74,NL0 18 0 solar,legacy,NL0 18,1,0.0,53935.51759343587,53935.517593435754
74,NL0 19 0 solar,legacy,NL0 19,1,0.0,53935.51759343587,53935.517593435754
74,NL0 2 0 solar,legacy,NL0 2,1,0.0,53935.51759343587,53935.517593435754
74,NL0 20 0 solar,legacy,NL0 20,1,0.0,53935.51759343587,53935.517593435754
74,NL0 21 0 solar,legacy,NL0 21,1,0.0,53935.51759343587,53935.517593435754
74,NL0 22 0 solar,legacy,NL0 22,1,0.0,53935.51759343587,53935.517593435754
74,NL0 23 0 solar,legacy,NL0 23,1,0.0,53935.51759343587,53935.517593435754
74,NL0 24 0 solar,legacy,NL0 24,1,0.0,53935.51759343587,53935.517593435754
74,NL0 25 0 solar,legacy,NL0 25,1,0.0,53935.51759343587,53935.517593435754
74,NL0 26 0 solar,legacy,NL0 26,1,0.0,53935.51759343587,53935.517593435754
74,NL0 27 0 solar,legacy,NL0 27,1,0.0,53935.51759343587,53935.517593435754
74,NL0 28 0 solar,legacy,NL0 28,1,0.0,53935.51759343587,53935.517593435754
74,NL0 3 0 solar,legacy,NL0 3,1,0.0,53935.51759343587,53935.517593435754
74,NL0 30 0 solar,legacy,NL0 30,1,0.0,53935.51759343587,53935.517593435754
74,NL0 31 0 solar,legacy,NL0 31,1,0.0,53935.51759343587,53935.517593435754
74,NL0 4 0 solar,legacy,NL0 4,1,0.0,53935.51759343587,53935.517593435754
74,NL0 5 0 solar,legacy,NL0 5,1,0.0,53935.51759343587,53935.517593435754
74,NL0 6 0 solar,legacy,NL0 6,1,0.0,53935.51759343587,53935.517593435754
74,NL0 7 0 solar,legacy,NL0 7,1,0.0,53935.51759343587,53935.517593435754
74,NL0 8 0 solar,legacy,NL0 8,1,0.0,53935.51759343587,53935.517593435754
74,NL0 9 0 solar,legacy,NL0 9,1,0.0,53935.51759343587,53935.517593435754
74,NL0 20 0 offwind-ac,legacy,NL0 20,1,0.0,53935.51759343587,53935.517593435754
74,NL0 27 0 offwind-ac,legacy,NL0 27,1,0.0,53935.51759343587,53935.517593435754
74,NL0 31 0 offwind-ac,legacy,NL0 31,1,0.0,53935.51759343587,53935.517593435754
74,NL0 32 0 offwind-ac,legacy,NL0 32,1,0.0,53935.51759343587,53935.517593435754
74,NL0 7 0 offwind-ac,legacy,NL0 7,1,0.0,53935.51759343587,53935.517593435754
74,NL0 0 0 onwind,legacy,NL0 0,1,0.0,53935.51759343587,53935.517593435754
74,NL0 1 0 onwind,legacy,NL0 1,1,0.0,53935.51759343587,53935.517593435754
74,NL0 10 0 onwind,legacy,NL0 10,1,0.0,53935.51759343587,53935.517593435754
74,NL0 11 0 onwind,legacy,NL0 11,1,0.0,53935.51759343587,53935.517593435754
74,NL0 12 0 onwind,legacy,NL0 12,1,0.0,53935.51759343587,53935.517593435754
74,NL0 13 0 onwind,legacy,NL0 13,1,0.0,53935.51759343587,53935.517593435754
74,NL0 14 0 onwind,legacy,NL0 14,1,0.0,53935.51759343587,53935.517593435754
74,NL0 15 0 onwind,legacy,NL0 15,1,0.0,53935.51759343587,53935.517593435754
74,NL0 17 0 onwind,legacy,NL0 17,1,0.0,53935.51759343587,53935.517593435754
74,NL0 19 0 onwind,legacy,NL0 19,1,0.0,53935.51759343587,53935.517593435754
74,NL0 2 0 onwind,legacy,NL0 2,1,0.0,53935.51759343587,53935.517593435754
74,NL0 20 0 onwind,legacy,NL0 20,1,0.0,53935.51759343587,53935.517593435754
74,NL0 21 0 onwind,legacy,NL0 21,1,0.0,53935.51759343587,53935.517593435754
74,NL0 22 0 onwind,legacy,NL0 22,1,0.0,53935.51759343587,53935.517593435754
74,NL0 23 0 onwind,legacy,NL0 23,1,0.0,53935.51759343587,53935.517593435754
74,NL0 24 0 onwind,legacy,NL0 24,1,0.0,53935.51759343587,53935.517593435754
74,NL0 27 0 onwind,legacy,NL0 27,1,0.0,53935.51759343587,53935.517593435754
74,NL0 3 0 onwind,legacy,NL0 3,1,0.0,53935.51759343587,53935.517593435754
74,NL0 30 0 onwind,legacy,NL0 30,1,0.0,53935.51759343587,53935.517593435754
74,NL0 31 0 onwind,legacy,NL0 31,1,0.0,53935.51759343587,53935.517593435754
74,NL0 4 0 onwind,legacy,NL0 4,1,0.0,53935.51759343587,53935.517593435754
74,NL0 5 0 onwind,legacy,NL0 5,1,0.0,53935.51759343587,53935.517593435754
74,NL0 6 0 onwind,legacy,NL0 6,1,0.0,53935.51759343587,53935.517593435754
74,NL0 7 0 onwind,legacy,NL0 7,1,0.0,53935.51759343587,53935.517593435754
74,NL0 8 0 onwind,legacy,NL0 8,1,0.0,53935.51759343587,53935.517593435754
74,NL0 9 0 onwind,legacy,NL0 9,1,0.0,53935.51759343587,53935.517593435754
75,NL0 0 Invest,investable,NL0 0,1,0.0,53935.51759343587,59329.06935292875
75,NL0 1 Invest,investable,NL0 1,1,0.0,53935.51759343587,53935.51759357159
75,NL0 10 Invest,investable,NL0 10,1,0.0,53935.51759343587,59329.06935292875
75,NL0 11 Invest,investable,NL0 11,1,0.0,53935.51759343587,53935.51759357159
75,NL0 12 Invest,investable,NL0 12,1,1000.0,53935.51759343587,53935.51759343562
75,NL0 13 Invest,investable,NL0 13,1,0.0,53935.51759343587,53935.51759357159
75,NL0 14 Invest,investable,NL0 14,1,1000.0,53935.51759343587,53935.51759343575
75,NL0 15 Invest,investable,NL0 15,1,1000.0,53935.51759343587,53935.51759343575
75,NL0 16 Invest,investable,NL0 16,1,0.0,53935.51759343587,59329.06935292875
75,NL0 17 Invest,investable,NL0 17,1,0.0,53935.51759343587,59329.06935292875
75,NL0 18 Invest,investable,NL0 18,1,0.0,53935.51759343587,59329.06935292875
75,NL0 19 Invest,investable,NL0 19,1,1000.0,53935.51759343587,53935.51759343575
75,NL0 2 Invest,investable,NL0 2,1,1000.0,53935.51759343587,53935.51759343575
75,NL0 20 Invest,investable,NL0 20,1,0.0,53935.51759343587,59329.06935292875
75,NL0 21 Invest,investable,NL0 21,1,0.0,53935.51759343587,59329.06935292875
75,NL0 22 Invest,investable,NL0 22,1,1000.0,53935.51759343587,53935.51759357159
75,NL0 23 Invest,investable,NL0 23,1,0.0,53935.51759343587,59329.06935292875
75,NL0 24 Invest,investable,NL0 24,1,0.0,53935.51759343587,59329.06935292875
75,NL0 25 Invest,investable,NL0 25,1,1000.0,53935.51759343587,53935.51759343575
75,NL0 26 Invest,investable,NL0 26,1,1000.0,53935.51759343587,53935.51759343575
75,NL0 27 Invest,investable,NL0 27,1,0.0,53935.51759343587,59329.06935292875
75,NL0 28 Invest,investable,NL0 28,1,1000.0,53935.51759343587,53935.51759343575
75,NL0 3 Invest,investable,NL0 3,1,0.0,53935.51759343587,59329.06935292875
75,NL0 30 Invest,investable,NL0 30,1,0.0,53935.51759343587,59329.06935292875
75,NL0 31 Invest,investable,NL0 31,1,1000.0,53935.51759343587,53935.51759343575
75,NL0 33 Invest,investable,NL0 33,1,0.0,53935.51759343587,59329.06935292875
75,NL0 4 Invest,investable,NL0 4,1,1000.0,53935.51759343587,53935.51759343575
75,NL0 5 Invest,investable,NL0 5,1,1000.0,53935.51759343587,53935.51759357159
75,NL0 6 Invest,investable,NL0 6,1,1000.0,53935.51759343587,53935.51759357159
75,NL0 7 Invest,investable,NL0 7,1,1000.0,53935.51759343587,53935.51759357159
75,NL0 8 Invest,investable,NL0 8,1,0.0,53935.51759343587,59329.06935292875
75,NL0 9 Invest,investable,NL0 9,1,634.5076028511185,53935.51759343587,53935.51759357159
75,NL0 1 biomass,legacy,NL0 1,1,71.0,53935.51759343587,53935.51759343587
75,NL0 1 waste,legacy,NL0 1,1,31.0,53935.51759343587,53935.51759343587
75,NL0 10 waste,legacy,NL0 10,1,150.0,53935.51759343587,53935.51759343587
75,NL0 11 biomass,legacy,NL0 11,1,20.0,53935.51759343587,53935.51759343587
75,NL0 11 waste,legacy,NL0 11,1,50.0,53935.51759343587,53935.51759343587
75,NL0 13 biomass,legacy,NL0 13,1,77.0,53935.51759343587,53935.51759343587
75,NL0 19 biomass,legacy,NL0 19,1,49.0,53935.51759343587,53935.51759343587
75,NL0 19 waste,legacy,NL0 19,1,36.0,53935.51759343587,53935.51759343587
75,NL0 22 biomass,legacy,NL0 22,1,500.0,53935.51759343587,53935.51759343587
75,NL0 25 waste,legacy,NL0 25,1,54.0,53935.51759343587,53935.51759343587
75,NL0 27 biomass,legacy,NL0 27,1,22.0,53935.51759343587,53935.51759343587
75,NL0 27 waste,legacy,NL0 27,1,71.2,53935.51759343587,53935.51759343587
75,NL0 3 biomass,legacy,NL0 3,1,22.0,53935.51759343587,53935.51759343587
75,NL0 3 waste,legacy,NL0 3,1,108.0,53935.51759343587,53935.51759343587
75,NL0 30 biomass,legacy,NL0 30,1,60.0,53935.51759343587,53935.51759343587
75,NL0 7 nuclear,legacy,NL0 7,1,515.0,53935.51759343587,53935.51759343587
75,NL0 7 waste,legacy,NL0 7,1,39.0,53935.51759343587,53935.51759343587
75,NL0 8 biomass,legacy,NL0 8,1,36.0,53935.51759343587,53935.51759343587
75,NL0 8 waste,legacy,NL0 8,1,157.0,53935.51759343587,53935.51759343587
75,NL0 9 biomass,legacy,NL0 9,1,20.0,53935.51759343587,53935.51759343587
75,NL0 0 0 solar,legacy,NL0 0,1,0.0,53935.51759343587,53935.517593435754
75,NL0 1 0 solar,legacy,NL0 1,1,0.0,53935.51759343587,53935.517593435754
75,NL0 10 0 solar,legacy,NL0 10,1,0.0,53935.51759343587,53935.517593435754
75,NL0 11 0 solar,legacy,NL0 11,1,0.0,53935.51759343587,53935.517593435754
75,NL0 12 0 solar,legacy,NL0 12,1,0.0,53935.51759343587,53935.517593435754
75,NL0 13 0 solar,legacy,NL0 13,1,0.0,53935.51759343587,53935.517593435754
75,NL0 14 0 solar,legacy,NL0 14,1,0.0,53935.51759343587,53935.517593435754
75,NL0 15 0 solar,legacy,NL0 15,1,0.0,53935.51759343587,53935.517593435754
75,NL0 16 0 solar,legacy,NL0 16,1,0.0,53935.51759343587,53935.517593435754
75,NL0 17 0 solar,legacy,NL0 17,1,0.0,53935.51759343587,53935.517593435754
75,NL0 18 0 solar,legacy,NL0 18,1,0.0,53935.51759343587,53935.517593435754
75,NL0 19 0 solar,legacy,NL0 19,1,0.0,53935.51759343587,53935.517593435754
75,NL0 2 0 solar,legacy,NL0 2,1,0.0,53935.51759343587,53935.517593435754
75,NL0 20 0 solar,legacy,NL0 20,1,0.0,53935.51759343587,53935.517593435754
75,NL0 21 0 solar,legacy,NL0 21,1,0.0,53935.51759343587,53935.517593435754
75,NL0 22 0 solar,legacy,NL0 22,1,0.0,53935.51759343587,53935.517593435754
75,NL0 23 0 solar,legacy,NL0 23,1,0.0,53935.51759343587,53935.517593435754
75,NL0 24 0 solar,legacy,NL0 24,1,0.0,53935.51759343587,53935.517593435754
75,NL0 25 0 solar,legacy,NL0 25,1,0.0,53935.51759343587,53935.517593435754
75,NL0 26 0 solar,legacy,NL0 26,1,0.0,53935.51759343587,53935.517593435754
75,NL0 27 0 solar,legacy,NL0 27,1,0.0,53935.51759343587,53935.517593435754
75,NL0 28 0 solar,legacy,NL0 28,1,0.0,53935.51759343587,53935.517593435754
75,NL0 3 0 solar,legacy,NL0 3,1,0.0,53935.51759343587,53935.517593435754
75,NL0 30 0 solar,legacy,NL0 30,1,0.0,53935.51759343587,53935.517593435754
75,NL0 31 0 solar,legacy,NL0 31,1,0.0,53935.51759343587,53935.517593435754
75,NL0 4 0 solar,legacy,NL0 4,1,0.0,53935.51759343587,53935.517593435754
75,NL0 5 0 solar,legacy,NL0 5,1,0.0,53935.51759343587,53935.517593435754
75,NL0 6 0 solar,legacy,NL0 6,1,0.0,53935.51759343587,53935.517593435754
75,NL0 7 0 solar,legacy,NL0 7,1,0.0,53935.51759343587,53935.517593435754
75,NL0 8 0 solar,legacy,NL0 8,1,0.0,53935.51759343587,53935.517593435754
75,NL0 9 0 solar,legacy,NL0 9,1,0.0,53935.51759343587,53935.517593435754
75,NL0 20 0 offwind-ac,legacy,NL0 20,1,0.0,53935.51759343587,53935.517593435754
75,NL0 27 0 offwind-ac,legacy,NL0 27,1,0.0,53935.51759343587,53935.517593435754
75,NL0 31 0 offwind-ac,legacy,NL0 31,1,0.0,53935.51759343587,53935.517593435754
75,NL0 32 0 offwind-ac,legacy,NL0 32,1,0.0,53935.51759343587,53935.517593435754
75,NL0 7 0 offwind-ac,legacy,NL0 7,1,0.0,53935.51759343587,53935.517593435754
75,NL0 0 0 onwind,legacy,NL0 0,1,0.0,53935.51759343587,53935.517593435754
75,NL0 1 0 onwind,legacy,NL0 1,1,0.0,53935.51759343587,53935.517593435754
75,NL0 10 0 onwind,legacy,NL0 10,1,0.0,53935.51759343587,53935.517593435754
75,NL0 11 0 onwind,legacy,NL0 11,1,0.0,53935.51759343587,53935.517593435754
75,NL0 12 0 onwind,legacy,NL0 12,1,0.0,53935.51759343587,53935.517593435754
75,NL0 13 0 onwind,legacy,NL0 13,1,0.0,53935.51759343587,53935.517593435754
75,NL0 14 0 onwind,legacy,NL0 14,1,0.0,53935.51759343587,53935.517593435754
75,NL0 15 0 onwind,legacy,NL0 15,1,0.0,53935.51759343587,53935.517593435754
75,NL0 17 0 onwind,legacy,NL0 17,1,0.0,53935.51759343587,53935.517593435754
75,NL0 19 0 onwind,legacy,NL0 19,1,0.0,53935.51759343587,53935.517593435754
75,NL0 2 0 onwind,legacy,NL0 2,1,0.0,53935.51759343587,53935.517593435754
75,NL0 20 0 onwind,legacy,NL0 20,1,0.0,53935.51759343587,53935.517593435754
75,NL0 21 0 onwind,legacy,NL0 21,1,0.0,53935.51759343587,53935.517593435754
75,NL0 22 0 onwind,legacy,NL0 22,1,0.0,53935.51759343587,53935.517593435754
75,NL0 23 0 onwind,legacy,NL0 23,1,0.0,53935.51759343587,53935.517593435754
75,NL0 24 0 onwind,legacy,NL0 24,1,0.0,53935.51759343587,53935.517593435754
75,NL0 27 0 onwind,legacy,NL0 27,1,0.0,53935.51759343587,53935.517593435754
75,NL0 3 0 onwind,legacy,NL0 3,1,0.0,53935.51759343587,53935.517593435754
75,NL0 30 0 onwind,legacy,NL0 30,1,0.0,53935.51759343587,53935.517593435754
75,NL0 31 0 onwind,legacy,NL0 31,1,0.0,53935.51759343587,53935.517593435754
75,NL0 4 0 onwind,legacy,NL0 4,1,0.0,53935.51759343587,53935.517593435754
75,NL0 5 0 onwind,legacy,NL0 5,1,0.0,53935.51759343587,53935.517593435754
75,NL0 6 0 onwind,legacy,NL0 6,1,0.0,53935.51759343587,53935.517593435754
75,NL0 7 0 onwind,legacy,NL0 7,1,0.0,53935.51759343587,53935.517593435754
75,NL0 8 0 onwind,legacy,NL0 8,1,0.0,53935.51759343587,53935.517593435754
75,NL0 9 0 onwind,legacy,NL0 9,1,0.0,53935.51759343587,53935.517593435754
76,NL0 0 Invest,investable,NL0 0,1,0.0,53935.51759343587,59329.06935292875
76,NL0 1 Invest,investable,NL0 1,1,1000.0,53935.51759343587,53935.51759357159
76,NL0 10 Invest,investable,NL0 10,1,0.0,53935.51759343587,59329.06935292875
76,NL0 11 Invest,investable,NL0 11,1,1000.0,53935.51759343587,53935.51759357159
76,NL0 12 Invest,investable,NL0 12,1,1000.0,53935.51759343587,53935.51759343562
76,NL0 13 Invest,investable,NL0 13,1,1000.0,53935.51759343587,53935.51759357159
76,NL0 14 Invest,investable,NL0 14,1,1000.0,53935.51759343587,53935.51759343575
76,NL0 15 Invest,investable,NL0 15,1,1000.0,53935.51759343587,53935.51759343575
76,NL0 16 Invest,investable,NL0 16,1,0.0,53935.51759343587,59329.06935292875
76,NL0 17 Invest,investable,NL0 17,1,0.0,53935.51759343587,59329.06935292875
76,NL0 18 Invest,investable,NL0 18,1,0.0,53935.51759343587,59329.06935292875
76,NL0 19 Invest,investable,NL0 19,1,1000.0,53935.51759343587,53935.51759343575
76,NL0 2 Invest,investable,NL0 2,1,1000.0,53935.51759343587,53935.51759343575
76,NL0 20 Invest,investable,NL0 20,1,0.0,53935.51759343587,59329.06935292875
76,NL0 21 Invest,investable,NL0 21,1,0.0,53935.51759343587,59329.06935292875
76,NL0 22 Invest,investable,NL0 22,1,0.0,53935.51759343587,53935.51759357159
76,NL0 23 Invest,investable,NL0 23,1,0.0,53935.51759343587,59329.06935292875
76,NL0 24 Invest,investable,NL0 24,1,0.0,53935.51759343587,59329.06935292875
76,NL0 25 Invest,investable,NL0 25,1,1000.0,53935.51759343587,53935.51759343575
76,NL0 26 Invest,investable,NL0 26,1,1000.0,53935.51759343587,53935.51759343575
76,NL0 27 Invest,investable,NL0 27,1,0.0,53935.51759343587,59329.06935292875
76,NL0 28 Invest,investable,NL0 28,1,1000.0,53935.51759343587,53935.51759343575
76,NL0 3 Invest,investable,NL0 3,1,0.0,53935.51759343587,59329.06935292875
76,NL0 30 Invest,investable,NL0 30,1,0.0,53935.51759343587,59329.06935292875
76,NL0 31 Invest,investable,NL0 31,1,1000.0,53935.51759343587,53935.51759343575
76,NL0 33 Invest,investable,NL0 33,1,0.0,53935.51759343587,59329.06935292875
76,NL0 4 Invest,investable,NL0 4,1,1000.0,53935.51759343587,53935.51759343575
76,NL0 5 Invest,investable,NL0 5,1,0.0,53935.51759343587,53935.51759357159
76,NL0 6 Invest,investable,NL0 6,1,634.5076028511185,53935.51759343587,53935.51759357159
76,NL0 7 Invest,investable,NL0 7,1,0.0,53935.51759343587,53935.51759357159
76,NL0 8 Invest,investable,NL0 8,1,0.0,53935.51759343587,59329.06935292875
76,NL0 9 Invest,investable,NL0 9,1,1000.0,53935.51759343587,53935.51759357159
76,NL0 1 biomass,legacy,NL0 1,1,71.0,53935.51759343587,53935.51759343587
76,NL0 1 waste,legacy,NL0 1,1,31.0,53935.51759343587,53935.51759343587
76,NL0 10 waste,legacy,NL0 10,1,150.0,53935.51759343587,53935.51759343587
76,NL0 11 biomass,legacy,NL0 11,1,20.0,53935.51759343587,53935.51759343587
76,NL0 11 waste,legacy,NL0 11,1,50.0,53935.51759343587,53935.51759343587
76,NL0 13 biomass,legacy,NL0 13,1,77.0,53935.51759343587,53935.51759343587
76,NL0 19 biomass,legacy,NL0 19,1,49.0,53935.51759343587,53935.51759343587
76,NL0 19 waste,legacy,NL0 19,1,36.0,53935.51759343587,53935.51759343587
76,NL0 22 biomass,legacy,NL0 22,1,500.0,53935.51759343587,53935.51759343587
76,NL0 25 waste,legacy,NL0 25,1,54.0,53935.51759343587,53935.51759343587
76,NL0 27 biomass,legacy,NL0 27,1,22.0,53935.51759343587,53935.51759343587
76,NL0 27 waste,legacy,NL0 27,1,71.2,53935.51759343587,53935.51759343587
76,NL0 3 biomass,legacy,NL0 3,1,22.0,53935.51759343587,53935.51759343587
76,NL0 3 waste,legacy,NL0 3,1,108.0,53935.51759343587,53935.51759343587
76,NL0 30 biomass,legacy,NL0 30,1,60.0,53935.51759343587,53935.51759343587
76,NL0 7 nuclear,legacy,NL0 7,1,515.0,53935.51759343587,53935.51759343587
76,NL0 7 waste,legacy,NL0 7,1,39.0,53935.51759343587,53935.51759343587
76,NL0 8 biomass,legacy,NL0 8,1,36.0,53935.51759343587,53935.51759343587
76,NL0 8 waste,legacy,NL0 8,1,157.0,53935.51759343587,53935.51759343587
76,NL0 9 biomass,legacy,NL0 9,1,20.0,53935.51759343587,53935.51759343587
76,NL0 0 0 solar,legacy,NL0 0,1,0.0,53935.51759343587,53935.517593435754
76,NL0 1 0 solar,legacy,NL0 1,1,0.0,53935.51759343587,53935.517593435754
76,NL0 10 0 solar,legacy,NL0 10,1,0.0,53935.51759343587,53935.517593435754
76,NL0 11 0 solar,legacy,NL0 11,1,0.0,53935.51759343587,53935.517593435754
76,NL0 12 0 solar,legacy,NL0 12,1,0.0,53935.51759343587,53935.517593435754
76,NL0 13 0 solar,legacy,NL0 13,1,0.0,53935.51759343587,53935.517593435754
76,NL0 14 0 solar,legacy,NL0 14,1,0.0,53935.51759343587,53935.517593435754
76,NL0 15 0 solar,legacy,NL0 15,1,0.0,53935.51759343587,53935.517593435754
76,NL0 16 0 solar,legacy,NL0 16,1,0.0,53935.51759343587,53935.517593435754
76,NL0 17 0 solar,legacy,NL0 17,1,0.0,53935.51759343587,53935.517593435754
76,NL0 18 0 solar,legacy,NL0 18,1,0.0,53935.51759343587,53935.517593435754
76,NL0 19 0 solar,legacy,NL0 19,1,0.0,53935.51759343587,53935.517593435754
76,NL0 2 0 solar,legacy,NL0 2,1,0.0,53935.51759343587,53935.517593435754
76,NL0 20 0 solar,legacy,NL0 20,1,0.0,53935.51759343587,53935.517593435754
76,NL0 21 0 solar,legacy,NL0 21,1,0.0,53935.51759343587,53935.517593435754
76,NL0 22 0 solar,legacy,NL0 22,1,0.0,53935.51759343587,53935.517593435754
76,NL0 23 0 solar,legacy,NL0 23,1,0.0,53935.51759343587,53935.517593435754
76,NL0 24 0 solar,legacy,NL0 24,1,0.0,53935.51759343587,53935.517593435754
76,NL0 25 0 solar,legacy,NL0 25,1,0.0,53935.51759343587,53935.517593435754
76,NL0 26 0 solar,legacy,NL0 26,1,0.0,53935.51759343587,53935.517593435754
76,NL0 27 0 solar,legacy,NL0 27,1,0.0,53935.51759343587,53935.517593435754
76,NL0 28 0 solar,legacy,NL0 28,1,0.0,53935.51759343587,53935.517593435754
76,NL0 3 0 solar,legacy,NL0 3,1,0.0,53935.51759343587,53935.517593435754
76,NL0 30 0 solar,legacy,NL0 30,1,0.0,53935.51759343587,53935.517593435754
76,NL0 31 0 solar,legacy,NL0 31,1,0.0,53935.51759343587,53935.517593435754
76,NL0 4 0 solar,legacy,NL0 4,1,0.0,53935.51759343587,53935.517593435754
76,NL0 5 0 solar,legacy,NL0 5,1,0.0,53935.51759343587,53935.517593435754
76,NL0 6 0 solar,legacy,NL0 6,1,0.0,53935.51759343587,53935.517593435754
76,NL0 7 0 solar,legacy,NL0 7,1,0.0,53935.51759343587,53935.517593435754
76,NL0 8 0 solar,legacy,NL0 8,1,0.0,53935.51759343587,53935.517593435754
76,NL0 9 0 solar,legacy,NL0 9,1,0.0,53935.51759343587,53935.517593435754
76,NL0 20 0 offwind-ac,legacy,NL0 20,1,0.0,53935.51759343587,53935.517593435754
76,NL0 27 0 offwind-ac,legacy,NL0 27,1,0.0,53935.51759343587,53935.517593435754
76,NL0 31 0 offwind-ac,legacy,NL0 31,1,0.0,53935.51759343587,53935.517593435754
76,NL0 32 0 offwind-ac,legacy,NL0 32,1,0.0,53935.51759343587,53935.517593435754
76,NL0 7 0 offwind-ac,legacy,NL0 7,1,0.0,53935.51759343587,53935.517593435754
76,NL0 0 0 onwind,legacy,NL0 0,1,0.0,53935.51759343587,53935.517593435754
76,NL0 1 0 onwind,legacy,NL0 1,1,0.0,53935.51759343587,53935.517593435754
76,NL0 10 0 onwind,legacy,NL0 10,1,0.0,53935.51759343587,53935.517593435754
76,NL0 11 0 onwind,legacy,NL0 11,1,0.0,53935.51759343587,53935.517593435754
76,NL0 12 0 onwind,legacy,NL0 12,1,0.0,53935.51759343587,53935.517593435754
76,NL0 13 0 onwind,legacy,NL0 13,1,0.0,53935.51759343587,53935.517593435754
76,NL0 14 0 onwind,legacy,NL0 14,1,0.0,53935.51759343587,53935.517593435754
76,NL0 15 0 onwind,legacy,NL0 15,1,0.0,53935.51759343587,53935.517593435754
76,NL0 17 0 onwind,legacy,NL0 17,1,0.0,53935.51759343587,53935.517593435754
76,NL0 19 0 onwind,legacy,NL0 19,1,0.0,53935.51759343587,53935.517593435754
76,NL0 2 0 onwind,legacy,NL0 2,1,0.0,53935.51759343587,53935.517593435754
76,NL0 20 0 onwind,legacy,NL0 20,1,0.0,53935.51759343587,53935.517593435754
76,NL0 21 0 onwind,legacy,NL0 21,1,0.0,53935.51759343587,53935.517593435754
76,NL0 22 0 onwind,legacy,NL0 22,1,0.0,53935.51759343587,53935.517593435754
76,NL0 23 0 onwind,legacy,NL0 23,1,0.0,53935.51759343587,53935.517593435754
76,NL0 24 0 onwind,legacy,NL0 24,1,0.0,53935.51759343587,53935.517593435754
76,NL0 27 0 onwind,legacy,NL0 27,1,0.0,53935.51759343587,53935.517593435754
76,NL0 3 0 onwind,legacy,NL0 3,1,0.0,53935.51759343587,53935.517593435754
76,NL0 30 0 onwind,legacy,NL0 30,1,0.0,53935.51759343587,53935.517593435754
76,NL0 31 0 onwind,legacy,NL0 31,1,0.0,53935.51759343587,53935.517593435754
76,NL0 4 0 onwind,legacy,NL0 4,1,0.0,53935.51759343587,53935.517593435754
76,NL0 5 0 onwind,legacy,NL0 5,1,0.0,53935.51759343587,53935.517593435754
76,NL0 6 0 onwind,legacy,NL0 6,1,0.0,53935.51759343587,53935.517593435754
76,NL0 7 0 onwind,legacy,NL0 7,1,0.0,53935.51759343587,53935.517593435754
76,NL0 8 0 onwind,legacy,NL0 8,1,0.0,53935.51759343587,53935.517593435754
76,NL0 9 0 onwind,legacy,NL0 9,1,0.0,53935.51759343587,53935.517593435754
77,NL0 0 Invest,investable,NL0 0,1,0.0,53935.51759343587,59329.06935292875
77,NL0 1 Invest,investable,NL0 1,1,1000.0,53935.51759343587,53935.51759357159
77,NL0 10 Invest,investable,NL0 10,1,0.0,53935.51759343587,59329.06935292875
77,NL0 11 Invest,investable,NL0 11,1,1000.0,53935.51759343587,53935.51759357159
77,NL0 12 Invest,investable,NL0 12,1,1000.0,53935.51759343587,53935.51759343562
77,NL0 13 Invest,investable,NL0 13,1,1000.0,53935.51759343587,53935.51759357159
77,NL0 14 Invest,investable,NL0 14,1,1000.0,53935.51759343587,53935.51759343575
77,NL0 15 Invest,investable,NL0 15,1,1000.0,53935.51759343587,53935.51759343575
77,NL0 16 Invest,investable,NL0 16,1,0.0,53935.51759343587,59329.06935292875
77,NL0 17 Invest,investable,NL0 17,1,0.0,53935.51759343587,59329.06935292875
77,NL0 18 Invest,investable,NL0 18,1,0.0,53935.51759343587,59329.06935292875
77,NL0 19 Invest,investable,NL0 19,1,1000.0,53935.51759343587,53935.51759343575
77,NL0 2 Invest,investable,NL0 2,1,1000.0,53935.51759343587,53935.51759343575
77,NL0 20 Invest,investable,NL0 20,1,0.0,53935.51759343587,59329.06935292875
77,NL0 21 Invest,investable,NL0 21,1,0.0,53935.51759343587,59329.06935292875
77,NL0 22 Invest,investable,NL0 22,1,0.0,53935.51759343587,53935.51759357159
77,NL0 23 Invest,investable,NL0 23,1,0.0,53935.51759343587,59329.06935292875
77,NL0 24 Invest,investable,NL0 24,1,0.0,53935.51759343587,59329.06935292875
77,NL0 25 Invest,investable,NL0 25,1,1000.0,53935.51759343587,53935.51759343575
77,NL0 26 Invest,investable,NL0 26,1,1000.0,53935.51759343587,53935.51759343575
77,NL0 27 Invest,investable,NL0 27,1,0.0,53935.51759343587,59329.06935292875
77,NL0 28 Invest,investable,NL0 28,1,1000.0,53935.51759343587,53935.51759343575
77,NL0 3 Invest,investable,NL0 3,1,0.0,53935.51759343587,59329.06935292875
77,NL0 30 Invest,investable,NL0 30,1,0.0,53935.51759343587,59329.06935292875
77,NL0 31 Invest,investable,NL0 31,1,1000.0,53935.51759343587,53935.51759343575
77,NL0 33 Invest,investable,NL0 33,1,0.0,53935.51759343587,59329.06935292875
77,NL0 4 Invest,investable,NL0 4,1,1000.0,53935.51759343587,53935.51759343575
77,NL0 5 Invest,investable,NL0 5,1,0.0,53935.51759343587,53935.51759357159
77,NL0 6 Invest,investable,NL0 6,1,634.5076028511185,53935.51759343587,53935.51759357159
77,NL0 7 Invest,investable,NL0 7,1,0.0,53935.51759343587,53935.51759357159
77,NL0 8 Invest,investable,NL0 8,1,0.0,53935.51759343587,59329.06935292875
77,NL0 9 Invest,investable,NL0 9,1,1000.0,53935.51759343587,53935.51759357159
77,NL0 1 biomass,legacy,NL0 1,1,71.0,53935.51759343587,53935.51759343587
77,NL0 1 waste,legacy,NL0 1,1,31.0,53935.51759343587,53935.51759343587
77,NL0 10 waste,legacy,NL0 10,1,150.0,53935.51759343587,53935.51759343587
77,NL0 11 biomass,legacy,NL0 11,1,20.0,53935.51759343587,53935.51759343587
77,NL0 11 waste,legacy,NL0 11,1,50.0,53935.51759343587,53935.51759343587
77,NL0 13 biomass,legacy,NL0 13,1,77.0,53935.51759343587,53935.51759343587
77,NL0 19 biomass,legacy,NL0 19,1,49.0,53935.51759343587,53935.51759343587
77,NL0 19 waste,legacy,NL0 19,1,36.0,53935.51759343587,53935.51759343587
77,NL0 22 biomass,legacy,NL0 22,1,500.0,53935.51759343587,53935.51759343587
77,NL0 25 waste,legacy,NL0 25,1,54.0,53935.51759343587,53935.51759343587
77,NL0 27 biomass,legacy,NL0 27,1,22.0,53935.51759343587,53935.51759343587
77,NL0 27 waste,legacy,NL0 27,1,71.2,53935.51759343587,53935.51759343587
77,NL0 3 biomass,legacy,NL0 3,1,22.0,53935.51759343587,53935.51759343587
77,NL0 3 waste,legacy,NL0 3,1,108.0,53935.51759343587,53935.51759343587
77,NL0 30 biomass,legacy,NL0 30,1,60.0,53935.51759343587,53935.51759343587
77,NL0 7 nuclear,legacy,NL0 7,1,515.0,53935.51759343587,53935.51759343587
77,NL0 7 waste,legacy,NL0 7,1,39.0,53935.51759343587,53935.51759343587
77,NL0 8 biomass,legacy,NL0 8,1,36.0,53935.51759343587,53935.51759343587
77,NL0 8 waste,legacy,NL0 8,1,157.0,53935.51759343587,53935.51759343587
77,NL0 9 biomass,legacy,NL0 9,1,20.0,53935.51759343587,53935.51759343587
77,NL0 0 0 solar,legacy,NL0 0,1,0.0,53935.51759343587,53935.517593435754
77,NL0 1 0 solar,legacy,NL0 1,1,0.0,53935.51759343587,53935.517593435754
77,NL0 10 0 solar,legacy,NL0 10,1,0.0,53935.51759343587,53935.517593435754
77,NL0 11 0 solar,legacy,NL0 11,1,0.0,53935.51759343587,53935.517593435754
77,NL0 12 0 solar,legacy,NL0 12,1,0.0,53935.51759343587,53935.517593435754
77,NL0 13 0 solar,legacy,NL0 13,1,0.0,53935.51759343587,53935.517593435754
77,NL0 14 0 solar,legacy,NL0 14,1,0.0,53935.51759343587,53935.517593435754
77,NL0 15 0 solar,legacy,NL0 15,1,0.0,53935.51759343587,53935.517593435754
77,NL0 16 0 solar,legacy,NL0 16,1,0.0,53935.51759343587,53935.517593435754
77,NL0 17 0 solar,legacy,NL0 17,1,0.0,53935.51759343587,53935.517593435754
77,NL0 18 0 solar,legacy,NL0 18,1,0.0,53935.51759343587,53935.517593435754
77,NL0 19 0 solar,legacy,NL0 19,1,0.0,53935.51759343587,53935.517593435754
77,NL0 2 0 solar,legacy,NL0 2,1,0.0,53935.51759343587,53935.517593435754
77,NL0 20 0 solar,legacy,NL0 20,1,0.0,53935.51759343587,53935.517593435754
77,NL0 21 0 solar,legacy,NL0 21,1,0.0,53935.51759343587,53935.517593435754
77,NL0 22 0 solar,legacy,NL0 22,1,0.0,53935.51759343587,53935.517593435754
77,NL0 23 0 solar,legacy,NL0 23,1,0.0,53935.51759343587,53935.517593435754
77,NL0 24 0 solar,legacy,NL0 24,1,0.0,53935.51759343587,53935.517593435754
77,NL0 25 0 solar,legacy,NL0 25,1,0.0,53935.51759343587,53935.517593435754
77,NL0 26 0 solar,legacy,NL0 26,1,0.0,53935.51759343587,53935.517593435754
77,NL0 27 0 solar,legacy,NL0 27,1,0.0,53935.51759343587,53935.517593435754
77,NL0 28 0 solar,legacy,NL0 28,1,0.0,53935.51759343587,53935.517593435754
77,NL0 3 0 solar,legacy,NL0 3,1,0.0,53935.51759343587,53935.517593435754
77,NL0 30 0 solar,legacy,NL0 30,1,0.0,53935.51759343587,53935.517593435754
77,NL0 31 0 solar,legacy,NL0 31,1,0.0,53935.51759343587,53935.517593435754
77,NL0 4 0 solar,legacy,NL0 4,1,0.0,53935.51759343587,53935.517593435754
77,NL0 5 0 solar,legacy,NL0 5,1,0.0,53935.51759343587,53935.517593435754
77,NL0 6 0 solar,legacy,NL0 6,1,0.0,53935.51759343587,53935.517593435754
77,NL0 7 0 solar,legacy,NL0 7,1,0.0,53935.51759343587,53935.517593435754
77,NL0 8 0 solar,legacy,NL0 8,1,0.0,53935.51759343587,53935.517593435754
77,NL0 9 0 solar,legacy,NL0 9,1,0.0,53935.51759343587,53935.517593435754
77,NL0 20 0 offwind-ac,legacy,NL0 20,1,0.0,53935.51759343587,53935.517593435754
77,NL0 27 0 offwind-ac,legacy,NL0 27,1,0.0,53935.51759343587,53935.517593435754
77,NL0 31 0 offwind-ac,legacy,NL0 31,1,0.0,53935.51759343587,53935.517593435754
77,NL0 32 0 offwind-ac,legacy,NL0 32,1,0.0,53935.51759343587,53935.517593435754
77,NL0 7 0 offwind-ac,legacy,NL0 7,1,0.0,53935.51759343587,53935.517593435754
77,NL0 0 0 onwind,legacy,NL0 0,1,0.0,53935.51759343587,53935.517593435754
77,NL0 1 0 onwind,legacy,NL0 1,1,0.0,53935.51759343587,53935.517593435754
77,NL0 10 0 onwind,legacy,NL0 10,1,0.0,53935.51759343587,53935.517593435754
77,NL0 11 0 onwind,legacy,NL0 11,1,0.0,53935.51759343587,53935.517593435754
77,NL0 12 0 onwind,legacy,NL0 12,1,0.0,53935.51759343587,53935.517593435754
77,NL0 13 0 onwind,legacy,NL0 13,1,0.0,53935.51759343587,53935.517593435754
77,NL0 14 0 onwind,legacy,NL0 14,1,0.0,53935.51759343587,53935.517593435754
77,NL0 15 0 onwind,legacy,NL0 15,1,0.0,53935.51759343587,53935.517593435754
77,NL0 17 0 onwind,legacy,NL0 17,1,0.0,53935.51759343587,53935.517593435754
77,NL0 19 0 onwind,legacy,NL0 19,1,0.0,53935.51759343587,53935.517593435754
77,NL0 2 0 onwind,legacy,NL0 2,1,0.0,53935.51759343587,53935.517593435754
77,NL0 20 0 onwind,legacy,NL0 20,1,0.0,53935.51759343587,53935.517593435754
77,NL0 21 0 onwind,legacy,NL0 21,1,0.0,53935.51759343587,53935.517593435754
77,NL0 22 0 onwind,legacy,NL0 22,1,0.0,53935.51759343587,53935.517593435754
77,NL0 23 0 onwind,legacy,NL0 23,1,0.0,53935.51759343587,53935.517593435754
77,NL0 24 0 onwind,legacy,NL0 24,1,0.0,53935.51759343587,53935.517593435754
77,NL0 27 0 onwind,legacy,NL0 27,1,0.0,53935.51759343587,53935.517593435754
77,NL0 3 0 onwind,legacy,NL0 3,1,0.0,53935.51759343587,53935.517593435754
77,NL0 30 0 onwind,legacy,NL0 30,1,0.0,53935.51759343587,53935.517593435754
77,NL0 31 0 onwind,legacy,NL0 31,1,0.0,53935.51759343587,53935.517593435754
77,NL0 4 0 onwind,legacy,NL0 4,1,0.0,53935.51759343587,53935.517593435754
77,NL0 5 0 onwind,legacy,NL0 5,1,0.0,53935.51759343587,53935.517593435754
77,NL0 6 0 onwind,legacy,NL0 6,1,0.0,53935.51759343587,53935.517593435754
77,NL0 7 0 onwind,legacy,NL0 7,1,0.0,53935.51759343587,53935.517593435754
77,NL0 8 0 onwind,legacy,NL0 8,1,0.0,53935.51759343587,53935.517593435754
77,NL0 9 0 onwind,legacy,NL0 9,1,0.0,53935.51759343587,53935.517593435754
78,NL0 0 Invest,investable,NL0 0,1,0.0,53935.51759343587,59329.06935292875
78,NL0 1 Invest,investable,NL0 1,1,0.0,53935.51759343587,53935.51759357159
78,NL0 10 Invest,investable,NL0 10,1,0.0,53935.51759343587,59329.06935292875
78,NL0 11 Invest,investable,NL0 11,1,0.0,53935.51759343587,53935.51759357159
78,NL0 12 Invest,investable,NL0 12,1,1000.0,53935.51759343587,53935.51759343562
78,NL0 13 Invest,investable,NL0 13,1,0.0,53935.51759343587,53935.51759357159
78,NL0 14 Invest,investable,NL0 14,1,1000.0,53935.51759343587,53935.51759343575
78,NL0 15 Invest,investable,NL0 15,1,1000.0,53935.51759343587,53935.51759343575
78,NL0 16 Invest,investable,NL0 16,1,0.0,53935.51759343587,59329.06935292875
78,NL0 17 Invest,investable,NL0 17,1,0.0,53935.51759343587,59329.06935292875
78,NL0 18 Invest,investable,NL0 18,1,0.0,53935.51759343587,59329.06935292875
78,NL0 19 Invest,investable,NL0 19,1,1000.0,53935.51759343587,53935.51759343575
78,NL0 2 Invest,investable,NL0 2,1,1000.0,53935.51759343587,53935.51759343575
78,NL0 20 Invest,investable,NL0 20,1,0.0,53935.51759343587,59329.06935292875
78,NL0 21 Invest,investable,NL0 21,1,0.0,53935.51759343587,59329.06935292875
78,NL0 22 Invest,investable,NL0 22,1,1000.0,53935.51759343587,53935.51759357159
78,NL0 23 Invest,investable,NL0 23,1,0.0,53935.51759343587,59329.06935292875
78,NL0 24 Invest,investable,NL0 24,1,0.0,53935.51759343587,59329.06935292875
78,NL0 25 Invest,investable,NL0 25,1,1000.0,53935.51759343587,53935.51759343575
78,NL0 26 Invest,investable,NL0 26,1,1000.0,53935.51759343587,53935.51759343575
78,NL0 27 Invest,investable,NL0 27,1,0.0,53935.51759343587,59329.06935292875
78,NL0 28 Invest,investable,NL0 28,1,1000.0,53935.51759343587,53935.51759343575
78,NL0 3 Invest,investable,NL0 3,1,0.0,53935.51759343587,59329.06935292875
78,NL0 30 Invest,investable,NL0 30,1,0.0,53935.51759343587,59329.06935292875
78,NL0 31 Invest,investable,NL0 31,1,1000.0,53935.51759343587,53935.51759343575
78,NL0 33 Invest,investable,NL0 33,1,0.0,53935.51759343587,59329.06935292875
78,NL0 4 Invest,investable,NL0 4,1,1000.0,53935.51759343587,53935.51759343575
78,NL0 5 Invest,investable,NL0 5,1,1000.0,53935.51759343587,53935.51759357159
78,NL0 6 Invest,investable,NL0 6,1,1000.0,53935.51759343587,53935.51759357159
78,NL0 7 Invest,investable,NL0 7,1,1000.0,53935.51759343587,53935.51759357159
78,NL0 8 Invest,investable,NL0 8,1,0.0,53935.51759343587,59329.06935292875
78,NL0 9 Invest,investable,NL0 9,1,634.5076028511185,53935.51759343587,53935.51759357159
78,NL0 1 biomass,legacy,NL0 1,1,71.0,53935.51759343587,53935.51759343587
78,NL0 1 waste,legacy,NL0 1,1,31.0,53935.51759343587,53935.51759343587
78,NL0 10 waste,legacy,NL0 10,1,150.0,53935.51759343587,53935.51759343587
78,NL0 11 biomass,legacy,NL0 11,1,20.0,53935.51759343587,53935.51759343587
78,NL0 11 waste,legacy,NL0 11,1,50.0,53935.51759343587,53935.51759343587
78,NL0 13 biomass,legacy,NL0 13,1,77.0,53935.51759343587,53935.51759343587
78,NL0 19 biomass,legacy,NL0 19,1,49.0,53935.51759343587,53935.51759343587
78,NL0 19 waste,legacy,NL0 19,1,36.0,53935.51759343587,53935.51759343587
78,NL0 22 biomass,legacy,NL0 22,1,500.0,53935.51759343587,53935.51759343587
78,NL0 25 waste,legacy,NL0 25,1,54.0,53935.51759343587,53935.51759343587
78,NL0 27 biomass,legacy,NL0 27,1,22.0,53935.51759343587,53935.51759343587
78,NL0 27 waste,legacy,NL0 27,1,71.2,53935.51759343587,53935.51759343587
78,NL0 3 biomass,legacy,NL0 3,1,22.0,53935.51759343587,53935.51759343587
78,NL0 3 waste,legacy,NL0 3,1,108.0,53935.51759343587,53935.51759343587
78,NL0 30 biomass,legacy,NL0 30,1,60.0,53935.51759343587,53935.51759343587
78,NL0 7 nuclear,legacy,NL0 7,1,515.0,53935.51759343587,53935.51759343587
78,NL0 7 waste,legacy,NL0 7,1,39.0,53935.51759343587,53935.51759343587
78,NL0 8 biomass,legacy,NL0 8,1,36.0,53935.51759343587,53935.51759343587
78,NL0 8 waste,legacy,NL0 8,1,157.0,53935.51759343587,53935.51759343587
78,NL0 9 biomass,legacy,NL0 9,1,20.0,53935.51759343587,53935.51759343587
78,NL0 0 0 solar,legacy,NL0 0,1,0.0,53935.51759343587,53935.517593435754
78,NL0 1 0 solar,legacy,NL0 1,1,0.0,53935.51759343587,53935.517593435754
78,NL0 10 0 solar,legacy,NL0 10,1,0.0,53935.51759343587,53935.517593435754
78,NL0 11 0 solar,legacy,NL0 11,1,0.0,53935.51759343587,53935.517593435754
78,NL0 12 0 solar,legacy,NL0 12,1,0.0,53935.51759343587,53935.517593435754
78,NL0 13 0 solar,legacy,NL0 13,1,0.0,53935.51759343587,53935.517593435754
78,NL0 14 0 solar,legacy,NL0 14,1,0.0,53935.51759343587,53935.517593435754
78,NL0 15 0 solar,legacy,NL0 15,1,0.0,53935.51759343587,53935.517593435754
78,NL0 16 0 solar,legacy,NL0 16,1,0.0,53935.51759343587,53935.517593435754
78,NL0 17 0 solar,legacy,NL0 17,1,0.0,53935.51759343587,53935.517593435754
78,NL0 18 0 solar,legacy,NL0 18,1,0.0,53935.51759343587,53935.517593435754
78,NL0 19 0 solar,legacy,NL0 19,1,0.0,53935.51759343587,53935.517593435754
78,NL0 2 0 solar,legacy,NL0 2,1,0.0,53935.51759343587,53935.517593435754
78,NL0 20 0 solar,legacy,NL0 20,1,0.0,53935.51759343587,53935.517593435754
78,NL0 21 0 solar,legacy,NL0 21,1,0.0,53935.51759343587,53935.517593435754
78,NL0 22 0 solar,legacy,NL0 22,1,0.0,53935.51759343587,53935.517593435754
78,NL0 23 0 solar,legacy,NL0 23,1,0.0,53935.51759343587,53935.517593435754
78,NL0 24 0 solar,legacy,NL0 24,1,0.0,53935.51759343587,53935.517593435754
78,NL0 25 0 solar,legacy,NL0 25,1,0.0,53935.51759343587,53935.517593435754
78,NL0 26 0 solar,legacy,NL0 26,1,0.0,53935.51759343587,53935.517593435754
78,NL0 27 0 solar,legacy,NL0 27,1,0.0,53935.51759343587,53935.517593435754
78,NL0 28 0 solar,legacy,NL0 28,1,0.0,53935.51759343587,53935.517593435754
78,NL0 3 0 solar,legacy,NL0 3,1,0.0,53935.51759343587,53935.517593435754
78,NL0 30 0 solar,legacy,NL0 30,1,0.0,53935.51759343587,53935.517593435754
78,NL0 31 0 solar,legacy,NL0 31,1,0.0,53935.51759343587,53935.517593435754
78,NL0 4 0 solar,legacy,NL0 4,1,0.0,53935.51759343587,53935.517593435754
78,NL0 5 0 solar,legacy,NL0 5,1,0.0,53935.51759343587,53935.517593435754
78,NL0 6 0 solar,legacy,NL0 6,1,0.0,53935.51759343587,53935.517593435754
78,NL0 7 0 solar,legacy,NL0 7,1,0.0,53935.51759343587,53935.517593435754
78,NL0 8 0 solar,legacy,NL0 8,1,0.0,53935.51759343587,53935.517593435754
78,NL0 9 0 solar,legacy,NL0 9,1,0.0,53935.51759343587,53935.517593435754
78,NL0 20 0 offwind-ac,legacy,NL0 20,1,0.0,53935.51759343587,53935.517593435754
78,NL0 27 0 offwind-ac,legacy,NL0 27,1,0.0,53935.51759343587,53935.517593435754
78,NL0 31 0 offwind-ac,legacy,NL0 31,1,0.0,53935.51759343587,53935.517593435754
78,NL0 32 0 offwind-ac,legacy,NL0 32,1,0.0,53935.51759343587,53935.517593435754
78,NL0 7 0 offwind-ac,legacy,NL0 7,1,0.0,53935.51759343587,53935.517593435754
78,NL0 0 0 onwind,legacy,NL0 0,1,0.0,53935.51759343587,53935.517593435754
78,NL0 1 0 onwind,legacy,NL0 1,1,0.0,53935.51759343587,53935.517593435754
78,NL0 10 0 onwind,legacy,NL0 10,1,0.0,53935.51759343587,53935.517593435754
78,NL0 11 0 onwind,legacy,NL0 11,1,0.0,53935.51759343587,53935.517593435754
78,NL0 12 0 onwind,legacy,NL0 12,1,0.0,53935.51759343587,53935.517593435754
78,NL0 13 0 onwind,legacy,NL0 13,1,0.0,53935.51759343587,53935.517593435754
78,NL0 14 0 onwind,legacy,NL0 14,1,0.0,53935.51759343587,53935.517593435754
78,NL0 15 0 onwind,legacy,NL0 15,1,0.0,53935.51759343587,53935.517593435754
78,NL0 17 0 onwind,legacy,NL0 17,1,0.0,53935.51759343587,53935.517593435754
78,NL0 19 0 onwind,legacy,NL0 19,1,0.0,53935.51759343587,53935.517593435754
78,NL0 2 0 onwind,legacy,NL0 2,1,0.0,53935.51759343587,53935.517593435754
78,NL0 20 0 onwind,legacy,NL0 20,1,0.0,53935.51759343587,53935.517593435754
78,NL0 21 0 onwind,legacy,NL0 21,1,0.0,53935.51759343587,53935.517593435754
78,NL0 22 0 onwind,legacy,NL0 22,1,0.0,53935.51759343587,53935.517593435754
78,NL0 23 0 onwind,legacy,NL0 23,1,0.0,53935.51759343587,53935.517593435754
78,NL0 24 0 onwind,legacy,NL0 24,1,0.0,53935.51759343587,53935.517593435754
78,NL0 27 0 onwind,legacy,NL0 27,1,0.0,53935.51759343587,53935.517593435754
78,NL0 3 0 onwind,legacy,NL0 3,1,0.0,53935.51759343587,53935.517593435754
78,NL0 30 0 onwind,legacy,NL0 30,1,0.0,53935.51759343587,53935.517593435754
78,NL0 31 0 onwind,legacy,NL0 31,1,0.0,53935.51759343587,53935.517593435754
78,NL0 4 0 onwind,legacy,NL0 4,1,0.0,53935.51759343587,53935.517593435754
78,NL0 5 0 onwind,legacy,NL0 5,1,0.0,53935.51759343587,53935.517593435754
78,NL0 6 0 onwind,legacy,NL0 6,1,0.0,53935.51759343587,53935.517593435754
78,NL0 7 0 onwind,legacy,NL0 7,1,0.0,53935.51759343587,53935.517593435754
78,NL0 8 0 onwind,legacy,NL0 8,1,0.0,53935.51759343587,53935.517593435754
78,NL0 9 0 onwind,legacy,NL0 9,1,0.0,53935.51759343587,53935.517593435754
79,NL0 0 Invest,investable,NL0 0,1,0.0,53935.51759343587,59329.06935292875
79,NL0 1 Invest,investable,NL0 1,1,0.0,53935.51759343587,53935.51759357159
79,NL0 10 Invest,investable,NL0 10,1,0.0,53935.51759343587,59329.06935292875
79,NL0 11 Invest,investable,NL0 11,1,0.0,53935.51759343587,53935.51759357159
79,NL0 12 Invest,investable,NL0 12,1,1000.0,53935.51759343587,53935.51759343562
79,NL0 13 Invest,investable,NL0 13,1,0.0,53935.51759343587,53935.51759357159
79,NL0 14 Invest,investable,NL0 14,1,1000.0,53935.51759343587,53935.51759343575
79,NL0 15 Invest,investable,NL0 15,1,1000.0,53935.51759343587,53935.51759343575
79,NL0 16 Invest,investable,NL0 16,1,0.0,53935.51759343587,59329.06935292875
79,NL0 17 Invest,investable,NL0 17,1,0.0,53935.51759343587,59329.06935292875
79,NL0 18 Invest,investable,NL0 18,1,0.0,53935.51759343587,59329.06935292875
79,NL0 19 Invest,investable,NL0 19,1,1000.0,53935.51759343587,53935.51759343575
79,NL0 2 Invest,investable,NL0 2,1,1000.0,53935.51759343587,53935.51759343575
79,NL0 20 Invest,investable,NL0 20,1,0.0,53935.51759343587,59329.06935292875
79,NL0 21 Invest,investable,NL0 21,1,0.0,53935.51759343587,59329.06935292875
79,NL0 22 Invest,investable,NL0 22,1,1000.0,53935.51759343587,53935.51759357159
79,NL0 23 Invest,investable,NL0 23,1,0.0,53935.51759343587,59329.06935292875
79,NL0 24 Invest,investable,NL0 24,1,0.0,53935.51759343587,59329.06935292875
79,NL0 25 Invest,investable,NL0 25,1,1000.0,53935.51759343587,53935.51759343575
79,NL0 26 Invest,investable,NL0 26,1,1000.0,53935.51759343587,53935.51759343575
79,NL0 27 Invest,investable,NL0 27,1,0.0,53935.51759343587,59329.06935292875
79,NL0 28 Invest,investable,NL0 28,1,1000.0,53935.51759343587,53935.51759343575
79,NL0 3 Invest,investable,NL0 3,1,0.0,53935.51759343587,59329.06935292875
79,NL0 30 Invest,investable,NL0 30,1,0.0,53935.51759343587,59329.06935292875
79,NL0 31 Invest,investable,NL0 31,1,1000.0,53935.51759343587,53935.51759343575
79,NL0 33 Invest,investable,NL0 33,1,0.0,53935.51759343587,59329.06935292875
79,NL0 4 Invest,investable,NL0 4,1,1000.0,53935.51759343587,53935.51759343575
79,NL0 5 Invest,investable,NL0 5,1,1000.0,53935.51759343587,53935.51759357159
79,NL0 6 Invest,investable,NL0 6,1,1000.0,53935.51759343587,53935.51759357159
79,NL0 7 Invest,investable,NL0 7,1,1000.0,53935.51759343587,53935.51759357159
79,NL0 8 Invest,investable,NL0 8,1,0.0,53935.51759343587,59329.06935292875
79,NL0 9 Invest,investable,NL0 9,1,634.5076028511185,53935.51759343587,53935.51759357159
79,NL0 1 biomass,legacy,NL0 1,1,71.0,53935.51759343587,53935.51759343587
79,NL0 1 waste,legacy,NL0 1,1,31.0,53935.51759343587,53935.51759343587
79,NL0 10 waste,legacy,NL0 10,1,150.0,53935.51759343587,53935.51759343587
79,NL0 11 biomass,legacy,NL0 11,1,20.0,53935.51759343587,53935.51759343587
79,NL0 11 waste,legacy,NL0 11,1,50.0,53935.51759343587,53935.51759343587
79,NL0 13 biomass,legacy,NL0 13,1,77.0,53935.51759343587,53935.51759343587
79,NL0 19 biomass,legacy,NL0 19,1,49.0,53935.51759343587,53935.51759343587
79,NL0 19 waste,legacy,NL0 19,1,36.0,53935.51759343587,53935.51759343587
79,NL0 22 biomass,legacy,NL0 22,1,500.0,53935.51759343587,53935.51759343587
79,NL0 25 waste,legacy,NL0 25,1,54.0,53935.51759343587,53935.51759343587
79,NL0 27 biomass,legacy,NL0 27,1,22.0,53935.51759343587,53935.51759343587
79,NL0 27 waste,legacy,NL0 27,1,71.2,53935.51759343587,53935.51759343587
79,NL0 3 biomass,legacy,NL0 3,1,22.0,53935.51759343587,53935.51759343587
79,NL0 3 waste,legacy,NL0 3,1,108.0,53935.51759343587,53935.51759343587
79,NL0 30 biomass,legacy,NL0 30,1,60.0,53935.51759343587,53935.51759343587
79,NL0 7 nuclear,legacy,NL0 7,1,515.0,53935.51759343587,53935.51759343587
79,NL0 7 waste,legacy,NL0 7,1,39.0,53935.51759343587,53935.51759343587
79,NL0 8 biomass,legacy,NL0 8,1,36.0,53935.51759343587,53935.51759343587
79,NL0 8 waste,legacy,NL0 8,1,157.0,53935.51759343587,53935.51759343587
79,NL0 9 biomass,legacy,NL0 9,1,20.0,53935.51759343587,53935.51759343587
79,NL0 0 0 solar,legacy,NL0 0,1,0.0,53935.51759343587,53935.517593435754
79,NL0 1 0 solar,legacy,NL0 1,1,0.0,53935.51759343587,53935.517593435754
79,NL0 10 0 solar,legacy,NL0 10,1,0.0,53935.51759343587,53935.517593435754
79,NL0 11 0 solar,legacy,NL0 11,1,0.0,53935.51759343587,53935.517593435754
79,NL0 12 0 solar,legacy,NL0 12,1,0.0,53935.51759343587,53935.517593435754
79,NL0 13 0 solar,legacy,NL0 13,1,0.0,53935.51759343587,53935.517593435754
79,NL0 14 0 solar,legacy,NL0 14,1,0.0,53935.51759343587,53935.517593435754
79,NL0 15 0 solar,legacy,NL0 15,1,0.0,53935.51759343587,53935.517593435754
79,NL0 16 0 solar,legacy,NL0 16,1,0.0,53935.51759343587,53935.517593435754
79,NL0 17 0 solar,legacy,NL0 17,1,0.0,53935.51759343587,53935.517593435754
79,NL0 18 0 solar,legacy,NL0 18,1,0.0,53935.51759343587,53935.517593435754
79,NL0 19 0 solar,legacy,NL0 19,1,0.0,53935.51759343587,53935.517593435754
79,NL0 2 0 solar,legacy,NL0 2,1,0.0,53935.51759343587,53935.517593435754
79,NL0 20 0 solar,legacy,NL0 20,1,0.0,53935.51759343587,53935.517593435754
79,NL0 21 0 solar,legacy,NL0 21,1,0.0,53935.51759343587,53935.517593435754
79,NL0 22 0 solar,legacy,NL0 22,1,0.0,53935.51759343587,53935.517593435754
79,NL0 23 0 solar,legacy,NL0 23,1,0.0,53935.51759343587,53935.517593435754
79,NL0 24 0 solar,legacy,NL0 24,1,0.0,53935.51759343587,53935.517593435754
79,NL0 25 0 solar,legacy,NL0 25,1,0.0,53935.51759343587,53935.517593435754
79,NL0 26 0 solar,legacy,NL0 26,1,0.0,53935.51759343587,53935.517593435754
79,NL0 27 0 solar,legacy,NL0 27,1,0.0,53935.51759343587,53935.517593435754
79,NL0 28 0 solar,legacy,NL0 28,1,0.0,53935.51759343587,53935.517593435754
79,NL0 3 0 solar,legacy,NL0 3,1,0.0,53935.51759343587,53935.517593435754
79,NL0 30 0 solar,legacy,NL0 30,1,0.0,53935.51759343587,53935.517593435754
79,NL0 31 0 solar,legacy,NL0 31,1,0.0,53935.51759343587,53935.517593435754
79,NL0 4 0 solar,legacy,NL0 4,1,0.0,53935.51759343587,53935.517593435754
79,NL0 5 0 solar,legacy,NL0 5,1,0.0,53935.51759343587,53935.517593435754
79,NL0 6 0 solar,legacy,NL0 6,1,0.0,53935.51759343587,53935.517593435754
79,NL0 7 0 solar,legacy,NL0 7,1,0.0,53935.51759343587,53935.517593435754
79,NL0 8 0 solar,legacy,NL0 8,1,0.0,53935.51759343587,53935.517593435754
79,NL0 9 0 solar,legacy,NL0 9,1,0.0,53935.51759343587,53935.517593435754
79,NL0 20 0 offwind-ac,legacy,NL0 20,1,0.0,53935.51759343587,53935.517593435754
79,NL0 27 0 offwind-ac,legacy,NL0 27,1,0.0,53935.51759343587,53935.517593435754
79,NL0 31 0 offwind-ac,legacy,NL0 31,1,0.0,53935.51759343587,53935.517593435754
79,NL0 32 0 offwind-ac,legacy,NL0 32,1,0.0,53935.51759343587,53935.517593435754
79,NL0 7 0 offwind-ac,legacy,NL0 7,1,0.0,53935.51759343587,53935.517593435754
79,NL0 0 0 onwind,legacy,NL0 0,1,0.0,53935.51759343587,53935.517593435754
79,NL0 1 0 onwind,legacy,NL0 1,1,0.0,53935.51759343587,53935.517593435754
79,NL0 10 0 onwind,legacy,NL0 10,1,0.0,53935.51759343587,53935.517593435754
79,NL0 11 0 onwind,legacy,NL0 11,1,0.0,53935.51759343587,53935.517593435754
79,NL0 12 0 onwind,legacy,NL0 12,1,0.0,53935.51759343587,53935.517593435754
79,NL0 13 0 onwind,legacy,NL0 13,1,0.0,53935.51759343587,53935.517593435754
79,NL0 14 0 onwind,legacy,NL0 14,1,0.0,53935.51759343587,53935.517593435754
79,NL0 15 0 onwind,legacy,NL0 15,1,0.0,53935.51759343587,53935.517593435754
79,NL0 17 0 onwind,legacy,NL0 17,1,0.0,53935.51759343587,53935.517593435754
79,NL0 19 0 onwind,legacy,NL0 19,1,0.0,53935.51759343587,53935.517593435754
79,NL0 2 0 onwind,legacy,NL0 2,1,0.0,53935.51759343587,53935.517593435754
79,NL0 20 0 onwind,legacy,NL0 20,1,0.0,53935.51759343587,53935.517593435754
79,NL0 21 0 onwind,legacy,NL0 21,1,0.0,53935.51759343587,53935.517593435754
79,NL0 22 0 onwind,legacy,NL0 22,1,0.0,53935.51759343587,53935.517593435754
79,NL0 23 0 onwind,legacy,NL0 23,1,0.0,53935.51759343587,53935.517593435754
79,NL0 24 0 onwind,legacy,NL0 24,1,0.0,53935.51759343587,53935.517593435754
79,NL0 27 0 onwind,legacy,NL0 27,1,0.0,53935.51759343587,53935.517593435754
79,NL0 3 0 onwind,legacy,NL0 3,1,0.0,53935.51759343587,53935.517593435754
79,NL0 30 0 onwind,legacy,NL0 30,1,0.0,53935.51759343587,53935.517593435754
79,NL0 31 0 onwind,legacy,NL0 31,1,0.0,53935.51759343587,53935.517593435754
79,NL0 4 0 onwind,legacy,NL0 4,1,0.0,53935.51759343587,53935.517593435754
79,NL0 5 0 onwind,legacy,NL0 5,1,0.0,53935.51759343587,53935.517593435754
79,NL0 6 0 onwind,legacy,NL0 6,1,0.0,53935.51759343587,53935.517593435754
79,NL0 7 0 onwind,legacy,NL0 7,1,0.0,53935.51759343587,53935.517593435754
79,NL0 8 0 onwind,legacy,NL0 8,1,0.0,53935.51759343587,53935.517593435754
79,NL0 9 0 onwind,legacy,NL0 9,1,0.0,53935.51759343587,53935.517593435754
80,NL0 0 Invest,investable,NL0 0,1,0.0,53935.51759343587,59329.06935292875
80,NL0 1 Invest,investable,NL0 1,1,1000.0,53935.51759343587,53935.51759357159
80,NL0 10 Invest,investable,NL0 10,1,0.0,53935.51759343587,59329.06935292875
80,NL0 11 Invest,investable,NL0 11,1,1000.0,53935.51759343587,53935.51759357159
80,NL0 12 Invest,investable,NL0 12,1,1000.0,53935.51759343587,53935.51759343562
80,NL0 13 Invest,investable,NL0 13,1,1000.0,53935.51759343587,53935.51759357159
80,NL0 14 Invest,investable,NL0 14,1,1000.0,53935.51759343587,53935.51759343575
80,NL0 15 Invest,investable,NL0 15,1,1000.0,53935.51759343587,53935.51759343575
80,NL0 16 Invest,investable,NL0 16,1,0.0,53935.51759343587,59329.06935292875
80,NL0 17 Invest,investable,NL0 17,1,0.0,53935.51759343587,59329.06935292875
80,NL0 18 Invest,investable,NL0 18,1,0.0,53935.51759343587,59329.06935292875
80,NL0 19 Invest,investable,NL0 19,1,1000.0,53935.51759343587,53935.51759343575
80,NL0 2 Invest,investable,NL0 2,1,1000.0,53935.51759343587,53935.51759343575
80,NL0 20 Invest,investable,NL0 20,1,0.0,53935.51759343587,59329.06935292875
80,NL0 21 Invest,investable,NL0 21,1,0.0,53935.51759343587,59329.06935292875
80,NL0 22 Invest,investable,NL0 22,1,0.0,53935.51759343587,53935.51759357159
80,NL0 23 Invest,investable,NL0 23,1,0.0,53935.51759343587,59329.06935292875
80,NL0 24 Invest,investable,NL0 24,1,0.0,53935.51759343587,59329.06935292875
80,NL0 25 Invest,investable,NL0 25,1,1000.0,53935.51759343587,53935.51759343575
80,NL0 26 Invest,investable,NL0 26,1,1000.0,53935.51759343587,53935.51759343575
80,NL0 27 Invest,investable,NL0 27,1,0.0,53935.51759343587,59329.06935292875
80,NL0 28 Invest,investable,NL0 28,1,1000.0,53935.51759343587,53935.51759343575
80,NL0 3 Invest,investable,NL0 3,1,0.0,53935.51759343587,59329.06935292875
80,NL0 30 Invest,investable,NL0 30,1,0.0,53935.51759343587,59329.06935292875
80,NL0 31 Invest,investable,NL0 31,1,1000.0,53935.51759343587,53935.51759343575
80,NL0 33 Invest,investable,NL0 33,1,0.0,53935.51759343587,59329.06935292875
80,NL0 4 Invest,investable,NL0 4,1,1000.0,53935.51759343587,53935.51759343575
80,NL0 5 Invest,investable,NL0 5,1,0.0,53935.51759343587,53935.51759357159
80,NL0 6 Invest,investable,NL0 6,1,634.5076028511185,53935.51759343587,53935.51759357159
80,NL0 7 Invest,investable,NL0 7,1,0.0,53935.51759343587,53935.51759357159
80,NL0 8 Invest,investable,NL0 8,1,0.0,53935.51759343587,59329.06935292875
80,NL0 9 Invest,investable,NL0 9,1,1000.0,53935.51759343587,53935.51759357159
80,NL0 1 biomass,legacy,NL0 1,1,71.0,53935.51759343587,53935.51759343587
80,NL0 1 waste,legacy,NL0 1,1,31.0,53935.51759343587,53935.51759343587
80,NL0 10 waste,legacy,NL0 10,1,150.0,53935.51759343587,53935.51759343587
80,NL0 11 biomass,legacy,NL0 11,1,20.0,53935.51759343587,53935.51759343587
80,NL0 11 waste,legacy,NL0 11,1,50.0,53935.51759343587,53935.51759343587
80,NL0 13 biomass,legacy,NL0 13,1,77.0,53935.51759343587,53935.51759343587
80,NL0 19 biomass,legacy,NL0 19,1,49.0,53935.51759343587,53935.51759343587
80,NL0 19 waste,legacy,NL0 19,1,36.0,53935.51759343587,53935.51759343587
80,NL0 22 biomass,legacy,NL0 22,1,500.0,53935.51759343587,53935.51759343587
80,NL0 25 waste,legacy,NL0 25,1,54.0,53935.51759343587,53935.51759343587
80,NL0 27 biomass,legacy,NL0 27,1,22.0,53935.51759343587,53935.51759343587
80,NL0 27 waste,legacy,NL0 27,1,71.2,53935.51759343587,53935.51759343587
80,NL0 3 biomass,legacy,NL0 3,1,22.0,53935.51759343587,53935.51759343587
80,NL0 3 waste,legacy,NL0 3,1,108.0,53935.51759343587,53935.51759343587
80,NL0 30 biomass,legacy,NL0 30,1,60.0,53935.51759343587,53935.51759343587
80,NL0 7 nuclear,legacy,NL0 7,1,515.0,53935.51759343587,53935.51759343587
80,NL0 7 waste,legacy,NL0 7,1,39.0,53935.51759343587,53935.51759343587
80,NL0 8 biomass,legacy,NL0 8,1,36.0,53935.51759343587,53935.51759343587
80,NL0 8 waste,legacy,NL0 8,1,157.0,53935.51759343587,53935.51759343587
80,NL0 9 biomass,legacy,NL0 9,1,20.0,53935.51759343587,53935.51759343587
80,NL0 0 0 solar,legacy,NL0 0,1,0.0,53935.51759343587,53935.517593435754
80,NL0 1 0 solar,legacy,NL0 1,1,0.0,53935.51759343587,53935.517593435754
80,NL0 10 0 solar,legacy,NL0 10,1,0.0,53935.51759343587,53935.517593435754
80,NL0 11 0 solar,legacy,NL0 11,1,0.0,53935.51759343587,53935.517593435754
80,NL0 12 0 solar,legacy,NL0 12,1,0.0,53935.51759343587,53935.517593435754
80,NL0 13 0 solar,legacy,NL0 13,1,0.0,53935.51759343587,53935.517593435754
80,NL0 14 0 solar,legacy,NL0 14,1,0.0,53935.51759343587,53935.517593435754
80,NL0 15 0 solar,legacy,NL0 15,1,0.0,53935.51759343587,53935.517593435754
80,NL0 16 0 solar,legacy,NL0 16,1,0.0,53935.51759343587,53935.517593435754
80,NL0 17 0 solar,legacy,NL0 17,1,0.0,53935.51759343587,53935.517593435754
80,NL0 18 0 solar,legacy,NL0 18,1,0.0,53935.51759343587,53935.517593435754
80,NL0 19 0 solar,legacy,NL0 19,1,0.0,53935.51759343587,53935.517593435754
80,NL0 2 0 solar,legacy,NL0 2,1,0.0,53935.51759343587,53935.517593435754
80,NL0 20 0 solar,legacy,NL0 20,1,0.0,53935.51759343587,53935.517593435754
80,NL0 21 0 solar,legacy,NL0 21,1,0.0,53935.51759343587,53935.517593435754
80,NL0 22 0 solar,legacy,NL0 22,1,0.0,53935.51759343587,53935.517593435754
80,NL0 23 0 solar,legacy,NL0 23,1,0.0,53935.51759343587,53935.517593435754
80,NL0 24 0 solar,legacy,NL0 24,1,0.0,53935.51759343587,53935.517593435754
80,NL0 25 0 solar,legacy,NL0 25,1,0.0,53935.51759343587,53935.517593435754
80,NL0 26 0 solar,legacy,NL0 26,1,0.0,53935.51759343587,53935.517593435754
80,NL0 27 0 solar,legacy,NL0 27,1,0.0,53935.51759343587,53935.517593435754
80,NL0 28 0 solar,legacy,NL0 28,1,0.0,53935.51759343587,53935.517593435754
80,NL0 3 0 solar,legacy,NL0 3,1,0.0,53935.51759343587,53935.517593435754
80,NL0 30 0 solar,legacy,NL0 30,1,0.0,53935.51759343587,53935.517593435754
80,NL0 31 0 solar,legacy,NL0 31,1,0.0,53935.51759343587,53935.517593435754
80,NL0 4 0 solar,legacy,NL0 4,1,0.0,53935.51759343587,53935.517593435754
80,NL0 5 0 solar,legacy,NL0 5,1,0.0,53935.51759343587,53935.517593435754
80,NL0 6 0 solar,legacy,NL0 6,1,0.0,53935.51759343587,53935.517593435754
80,NL0 7 0 solar,legacy,NL0 7,1,0.0,53935.51759343587,53935.517593435754
80,NL0 8 0 solar,legacy,NL0 8,1,0.0,53935.51759343587,53935.517593435754
80,NL0 9 0 solar,legacy,NL0 9,1,0.0,53935.51759343587,53935.517593435754
80,NL0 20 0 offwind-ac,legacy,NL0 20,1,0.0,53935.51759343587,53935.517593435754
80,NL0 27 0 offwind-ac,legacy,NL0 27,1,0.0,53935.51759343587,53935.517593435754
80,NL0 31 0 offwind-ac,legacy,NL0 31,1,0.0,53935.51759343587,53935.517593435754
80,NL0 32 0 offwind-ac,legacy,NL0 32,1,0.0,53935.51759343587,53935.517593435754
80,NL0 7 0 offwind-ac,legacy,NL0 7,1,0.0,53935.51759343587,53935.517593435754
80,NL0 0 0 onwind,legacy,NL0 0,1,0.0,53935.51759343587,53935.517593435754
80,NL0 1 0 onwind,legacy,NL0 1,1,0.0,53935.51759343587,53935.517593435754
80,NL0 10 0 onwind,legacy,NL0 10,1,0.0,53935.51759343587,53935.517593435754
80,NL0 11 0 onwind,legacy,NL0 11,1,0.0,53935.51759343587,53935.517593435754
80,NL0 12 0 onwind,legacy,NL0 12,1,0.0,53935.51759343587,53935.517593435754
80,NL0 13 0 onwind,legacy,NL0 13,1,0.0,53935.51759343587,53935.517593435754
80,NL0 14 0 onwind,legacy,NL0 14,1,0.0,53935.51759343587,53935.517593435754
80,NL0 15 0 onwind,legacy,NL0 15,1,0.0,53935.51759343587,53935.517593435754
80,NL0 17 0 onwind,legacy,NL0 17,1,0.0,53935.51759343587,53935.517593435754
80,NL0 19 0 onwind,legacy,NL0 19,1,0.0,53935.51759343587,53935.517593435754
80,NL0 2 0 onwind,legacy,NL0 2,1,0.0,53935.51759343587,53935.517593435754
80,NL0 20 0 onwind,legacy,NL0 20,1,0.0,53935.51759343587,53935.517593435754
80,NL0 21 0 onwind,legacy,NL0 21,1,0.0,53935.51759343587,53935.517593435754
80,NL0 22 0 onwind,legacy,NL0 22,1,0.0,53935.51759343587,53935.517593435754
80,NL0 23 0 onwind,legacy,NL0 23,1,0.0,53935.51759343587,53935.517593435754
80,NL0 24 0 onwind,legacy,NL0 24,1,0.0,53935.51759343587,53935.517593435754
80,NL0 27 0 onwind,legacy,NL0 27,1,0.0,53935.51759343587,53935.517593435754
80,NL0 3 0 onwind,legacy,NL0 3,1,0.0,53935.51759343587,53935.517593435754
80,NL0 30 0 onwind,legacy,NL0 30,1,0.0,53935.51759343587,53935.517593435754
80,NL0 31 0 onwind,legacy,NL0 31,1,0.0,53935.51759343587,53935.517593435754
80,NL0 4 0 onwind,legacy,NL0 4,1,0.0,53935.51759343587,53935.517593435754
80,NL0 5 0 onwind,legacy,NL0 5,1,0.0,53935.51759343587,53935.517593435754
80,NL0 6 0 onwind,legacy,NL0 6,1,0.0,53935.51759343587,53935.517593435754
80,NL0 7 0 onwind,legacy,NL0 7,1,0.0,53935.51759343587,53935.517593435754
80,NL0 8 0 onwind,legacy,NL0 8,1,0.0,53935.51759343587,53935.517593435754
80,NL0 9 0 onwind,legacy,NL0 9,1,0.0,53935.51759343587,53935.517593435754
