line_idx,name,bus0,bus1,x,s_nom
0,0,NL0 0,NL0 1,4.257969811615361,5
1,1,NL0 1,NL0 10,2.6724919349740266,65
