zone_1,zone_2,mec_MW
1,2,2377.3436564367385
1,3,2377.3436564367385
2,3,2377.3436564367385
