run_id,generator,type,bus,zone,cm_offer,lambda_c_z,mu_cm_bud
1,NL0 0 Invest,investable,NL0 0,1,1000.0,59329.069352818755,59329.06935292875
1,NL0 1 Invest,investable,NL0 1,3,1000.0,53935.51759344085,53935.51759357159
1,NL0 10 Invest,investable,NL0 10,1,1000.0,59329.069352818755,59329.06935292875
1,NL0 11 Invest,investable,NL0 11,3,1000.0,53935.51759344085,53935.51759357159
1,NL0 12 Invest,investable,NL0 12,2,0.0,48541.9658340839,48541.96583421443
1,NL0 13 Invest,investable,NL0 13,3,1000.0,53935.51759344085,53935.51759357159
1,NL0 14 Invest,investable,NL0 14,2,421.30931852923914,48541.9658340839,48541.96583421443
1,NL0 15 Invest,investable,NL0 15,2,0.0,48541.9658340839,48541.96583421443
1,NL0 16 Invest,investable,NL0 16,1,0.0,59329.069352818755,59329.06935292875
1,NL0 17 Invest,investable,NL0 17,1,1000.0,59329.069352818755,59329.06935292875
1,NL0 18 Invest,investable,NL0 18,1,0.0,59329.069352818755,59329.06935292875
1,NL0 19 Invest,investable,NL0 19,2,0.0,48541.9658340839,48541.96583421443
1,NL0 2 Invest,investable,NL0 2,2,0.0,48541.9658340839,48541.96583421443
1,NL0 20 Invest,investable,NL0 20,1,1000.0,59329.069352818755,59329.06935292875
1,NL0 21 Invest,investable,NL0 21,1,601.5467025248663,59329.069352818755,59329.06935292875
1,NL0 22 Invest,investable,NL0 22,3,0.0,53935.51759344085,53935.51759357159
1,NL0 23 Invest,investable,NL0 23,1,0.0,59329.069352818755,59329.06935292875
1,NL0 24 Invest,investable,NL0 24,1,1000.0,59329.069352818755,59329.06935292875
1,NL0 25 Invest,investable,NL0 25,2,0.0,48541.9658340839,48541.96583421443
1,NL0 26 Invest,investable,NL0 26,2,1000.0,48541.9658340839,48541.96583421443
1,NL0 27 Invest,investable,NL0 27,1,1000.0,59329.069352818755,59329.06935292875
1,NL0 28 Invest,investable,NL0 28,2,0.0,48541.9658340839,48541.96583421443
1,NL0 3 Invest,investable,NL0 3,1,0.0,59329.069352818755,59329.06935292875
1,NL0 30 Invest,investable,NL0 30,1,0.0,59329.069352818755,59329.06935292875
1,NL0 31 Invest,investable,NL0 31,2,0.0,48541.9658340839,48541.96583421443
1,NL0 33 Invest,investable,NL0 33,1,0.0,59329.069352818755,59329.06935292875
1,NL0 4 Invest,investable,NL0 4,2,1000.0,48541.9658340839,48541.96583421443
1,NL0 5 Invest,investable,NL0 5,3,678.1047541590287,53935.51759344085,53935.51759357159
1,NL0 6 Invest,investable,NL0 6,3,1000.0,53935.51759344085,53935.51759357159
1,NL0 7 Invest,investable,NL0 7,3,0.0,53935.51759344085,53935.51759357159
1,NL0 8 Invest,investable,NL0 8,1,0.0,59329.069352818755,59329.06935292875
1,NL0 9 Invest,investable,NL0 9,3,1000.0,53935.51759344085,53935.51759357159
1,NL0 1 biomass,legacy,NL0 1,3,71.0,53935.51759344085,53935.51759344085
1,NL0 1 waste,legacy,NL0 1,3,31.0,53935.51759344085,53935.51759344085
1,NL0 10 waste,legacy,NL0 10,1,150.0,59329.069352818755,59329.069352818755
1,NL0 11 biomass,legacy,NL0 11,3,20.0,53935.51759344085,53935.51759344085
1,NL0 11 waste,legacy,NL0 11,3,50.0,53935.51759344085,53935.51759344085
1,NL0 13 biomass,legacy,NL0 13,3,77.0,53935.51759344085,53935.51759344085
1,NL0 19 biomass,legacy,NL0 19,2,49.0,48541.9658340839,48541.9658340839
1,NL0 19 waste,legacy,NL0 19,2,36.0,48541.9658340839,48541.9658340839
1,NL0 22 biomass,legacy,NL0 22,3,500.0,53935.51759344085,53935.51759344085
1,NL0 25 waste,legacy,NL0 25,2,54.0,48541.9658340839,48541.9658340839
1,NL0 27 biomass,legacy,NL0 27,1,22.0,59329.069352818755,59329.069352818755
1,NL0 27 waste,legacy,NL0 27,1,71.2,59329.069352818755,59329.069352818755
1,NL0 3 biomass,legacy,NL0 3,1,22.0,59329.069352818755,59329.069352818755
1,NL0 3 waste,legacy,NL0 3,1,108.0,59329.069352818755,59329.069352818755
1,NL0 30 biomass,legacy,NL0 30,1,60.0,59329.069352818755,59329.069352818755
1,NL0 7 nuclear,legacy,NL0 7,3,515.0,53935.51759344085,53935.51759344085
1,NL0 7 waste,legacy,NL0 7,3,39.0,53935.51759344085,53935.51759344085
1,NL0 8 biomass,legacy,NL0 8,1,36.0,59329.069352818755,59329.069352818755
1,NL0 8 waste,legacy,NL0 8,1,157.0,59329.069352818755,59329.069352818755
1,NL0 9 biomass,legacy,NL0 9,3,20.0,53935.51759344085,53935.51759344085
1,NL0 0 0 solar,legacy,NL0 0,1,0.0,59329.069352818755,59329.06935281868
1,NL0 1 0 solar,legacy,NL0 1,3,0.0,53935.51759344085,53935.517593440774
1,NL0 10 0 solar,legacy,NL0 10,1,0.0,59329.069352818755,59329.06935281868
1,NL0 11 0 solar,legacy,NL0 11,3,0.0,53935.51759344085,53935.517593440774
1,NL0 12 0 solar,legacy,NL0 12,2,0.0,48541.9658340839,48541.965834083836
1,NL0 13 0 solar,legacy,NL0 13,3,0.0,53935.51759344085,53935.517593440774
1,NL0 14 0 solar,legacy,NL0 14,2,0.0,48541.9658340839,48541.965834083836
1,NL0 15 0 solar,legacy,NL0 15,2,0.0,48541.9658340839,48541.965834083836
1,NL0 16 0 solar,legacy,NL0 16,1,0.0,59329.069352818755,59329.06935281868
1,NL0 17 0 solar,legacy,NL0 17,1,0.0,59329.069352818755,59329.06935281868
1,NL0 18 0 solar,legacy,NL0 18,1,0.0,59329.069352818755,59329.06935281868
1,NL0 19 0 solar,legacy,NL0 19,2,0.0,48541.9658340839,48541.965834083836
1,NL0 2 0 solar,legacy,NL0 2,2,0.0,48541.9658340839,48541.965834083836
1,NL0 20 0 solar,legacy,NL0 20,1,0.0,59329.069352818755,59329.06935281868
1,NL0 21 0 solar,legacy,NL0 21,1,0.0,59329.069352818755,59329.06935281868
1,NL0 22 0 solar,legacy,NL0 22,3,0.0,53935.51759344085,53935.517593440774
1,NL0 23 0 solar,legacy,NL0 23,1,0.0,59329.069352818755,59329.06935281868
1,NL0 24 0 solar,legacy,NL0 24,1,0.0,59329.069352818755,59329.06935281868
1,NL0 25 0 solar,legacy,NL0 25,2,0.0,48541.9658340839,48541.965834083836
1,NL0 26 0 solar,legacy,NL0 26,2,0.0,48541.9658340839,48541.965834083836
1,NL0 27 0 solar,legacy,NL0 27,1,0.0,59329.069352818755,59329.06935281868
1,NL0 28 0 solar,legacy,NL0 28,2,0.0,48541.9658340839,48541.965834083836
1,NL0 3 0 solar,legacy,NL0 3,1,0.0,59329.069352818755,59329.06935281868
1,NL0 30 0 solar,legacy,NL0 30,1,0.0,59329.069352818755,59329.06935281868
1,NL0 31 0 solar,legacy,NL0 31,2,0.0,48541.9658340839,48541.965834083836
1,NL0 4 0 solar,legacy,NL0 4,2,0.0,48541.9658340839,48541.965834083836
1,NL0 5 0 solar,legacy,NL0 5,3,0.0,53935.51759344085,53935.517593440774
1,NL0 6 0 solar,legacy,NL0 6,3,0.0,53935.51759344085,53935.517593440774
1,NL0 7 0 solar,legacy,NL0 7,3,0.0,53935.51759344085,53935.517593440774
1,NL0 8 0 solar,legacy,NL0 8,1,0.0,59329.069352818755,59329.06935281868
1,NL0 9 0 solar,legacy,NL0 9,3,0.0,53935.51759344085,53935.517593440774
1,NL0 20 0 offwind-ac,legacy,NL0 20,1,0.0,59329.069352818755,59329.06935281868
1,NL0 27 0 offwind-ac,legacy,NL0 27,1,0.0,59329.069352818755,59329.06935281868
1,NL0 31 0 offwind-ac,legacy,NL0 31,2,0.0,48541.9658340839,48541.965834083836
1,NL0 32 0 offwind-ac,legacy,NL0 32,1,0.0,59329.069352818755,59329.06935281868
1,NL0 7 0 offwind-ac,legacy,NL0 7,3,0.0,53935.51759344085,53935.517593440774
1,NL0 0 0 onwind,legacy,NL0 0,1,0.0,59329.069352818755,59329.06935281868
1,NL0 1 0 onwind,legacy,NL0 1,3,0.0,53935.51759344085,53935.517593440774
1,NL0 10 0 onwind,legacy,NL0 10,1,0.0,59329.069352818755,59329.06935281868
1,NL0 11 0 onwind,legacy,NL0 11,3,0.0,53935.51759344085,53935.517593440774
1,NL0 12 0 onwind,legacy,NL0 12,2,0.0,48541.9658340839,48541.965834083836
1,NL0 13 0 onwind,legacy,NL0 13,3,0.0,53935.51759344085,53935.517593440774
1,NL0 14 0 onwind,legacy,NL0 14,2,0.0,48541.9658340839,48541.965834083836
1,NL0 15 0 onwind,legacy,NL0 15,2,0.0,48541.9658340839,48541.965834083836
1,NL0 17 0 onwind,legacy,NL0 17,1,0.0,59329.069352818755,59329.06935281868
1,NL0 19 0 onwind,legacy,NL0 19,2,0.0,48541.9658340839,48541.965834083836
1,NL0 2 0 onwind,legacy,NL0 2,2,0.0,48541.9658340839,48541.965834083836
1,NL0 20 0 onwind,legacy,NL0 20,1,0.0,59329.069352818755,59329.06935281868
1,NL0 21 0 onwind,legacy,NL0 21,1,0.0,59329.069352818755,59329.06935281868
1,NL0 22 0 onwind,legacy,NL0 22,3,0.0,53935.51759344085,53935.517593440774
1,NL0 23 0 onwind,legacy,NL0 23,1,0.0,59329.069352818755,59329.06935281868
1,NL0 24 0 onwind,legacy,NL0 24,1,0.0,59329.069352818755,59329.06935281868
1,NL0 27 0 onwind,legacy,NL0 27,1,0.0,59329.069352818755,59329.06935281868
1,NL0 3 0 onwind,legacy,NL0 3,1,0.0,59329.069352818755,59329.06935281868
1,NL0 30 0 onwind,legacy,NL0 30,1,0.0,59329.069352818755,59329.06935281868
1,NL0 31 0 onwind,legacy,NL0 31,2,0.0,48541.9658340839,48541.965834083836
1,NL0 4 0 onwind,legacy,NL0 4,2,0.0,48541.9658340839,48541.965834083836
1,NL0 5 0 onwind,legacy,NL0 5,3,0.0,53935.51759344085,53935.517593440774
1,NL0 6 0 onwind,legacy,NL0 6,3,0.0,53935.51759344085,53935.517593440774
1,NL0 7 0 onwind,legacy,NL0 7,3,0.0,53935.51759344085,53935.517593440774
1,NL0 8 0 onwind,legacy,NL0 8,1,0.0,59329.069352818755,59329.06935281868
1,NL0 9 0 onwind,legacy,NL0 9,3,0.0,53935.51759344085,53935.517593440774
2,NL0 0 Invest,investable,NL0 0,1,0.0,59329.069352818755,59329.06935292875
2,NL0 1 Invest,investable,NL0 1,3,0.0,53935.51759344085,53935.51759357159
2,NL0 10 Invest,investable,NL0 10,1,0.0,59329.069352818755,59329.06935292875
2,NL0 11 Invest,investable,NL0 11,3,0.0,53935.51759344085,53935.51759357159
2,NL0 12 Invest,investable,NL0 12,2,0.0,48541.9658340839,48541.96583421443
2,NL0 13 Invest,investable,NL0 13,3,678.1047541590287,53935.51759344085,53935.51759357159
2,NL0 14 Invest,investable,NL0 14,2,0.0,48541.9658340839,48541.96583421443
2,NL0 15 Invest,investable,NL0 15,2,1000.0,48541.9658340839,48541.96583421443
2,NL0 16 Invest,investable,NL0 16,1,1000.0,59329.069352818755,59329.06935292875
2,NL0 17 Invest,investable,NL0 17,1,0.0,59329.069352818755,59329.06935292875
2,NL0 18 Invest,investable,NL0 18,1,601.5467025248663,59329.069352818755,59329.06935292875
2,NL0 19 Invest,investable,NL0 19,2,421.30931852923914,48541.9658340839,48541.96583421443
2,NL0 2 Invest,investable,NL0 2,2,1000.0,48541.9658340839,48541.96583421443
2,NL0 20 Invest,investable,NL0 20,1,0.0,59329.069352818755,59329.06935292875
2,NL0 21 Invest,investable,NL0 21,1,0.0,59329.069352818755,59329.06935292875
2,NL0 22 Invest,investable,NL0 22,3,1000.0,53935.51759344085,53935.51759357159
2,NL0 23 Invest,investable,NL0 23,1,1000.0,59329.069352818755,59329.06935292875
2,NL0 24 Invest,investable,NL0 24,1,0.0,59329.069352818755,59329.06935292875
2,NL0 25 Invest,investable,NL0 25,2,0.0,48541.9658340839,48541.96583421443
2,NL0 26 Invest,investable,NL0 26,2,0.0,48541.9658340839,48541.96583421443
2,NL0 27 Invest,investable,NL0 27,1,0.0,59329.069352818755,59329.06935292875
2,NL0 28 Invest,investable,NL0 28,2,0.0,48541.9658340839,48541.96583421443
2,NL0 3 Invest,investable,NL0 3,1,1000.0,59329.069352818755,59329.06935292875
2,NL0 30 Invest,investable,NL0 30,1,1000.0,59329.069352818755,59329.06935292875
2,NL0 31 Invest,investable,NL0 31,2,0.0,48541.9658340839,48541.96583421443
2,NL0 33 Invest,investable,NL0 33,1,1000.0,59329.069352818755,59329.06935292875
2,NL0 4 Invest,investable,NL0 4,2,0.0,48541.9658340839,48541.96583421443
2,NL0 5 Invest,investable,NL0 5,3,1000.0,53935.51759344085,53935.51759357159
2,NL0 6 Invest,investable,NL0 6,3,1000.0,53935.51759344085,53935.51759357159
2,NL0 7 Invest,investable,NL0 7,3,1000.0,53935.51759344085,53935.51759357159
2,NL0 8 Invest,investable,NL0 8,1,1000.0,59329.069352818755,59329.06935292875
2,NL0 9 Invest,investable,NL0 9,3,1000.0,53935.51759344085,53935.51759357159
2,NL0 1 biomass,legacy,NL0 1,3,71.0,53935.51759344085,53935.51759344085
2,NL0 1 waste,legacy,NL0 1,3,31.0,53935.51759344085,53935.51759344085
2,NL0 10 waste,legacy,NL0 10,1,150.0,59329.069352818755,59329.069352818755
2,NL0 11 biomass,legacy,NL0 11,3,20.0,53935.51759344085,53935.51759344085
2,NL0 11 waste,legacy,NL0 11,3,50.0,53935.51759344085,53935.51759344085
2,NL0 13 biomass,legacy,NL0 13,3,77.0,53935.51759344085,53935.51759344085
2,NL0 19 biomass,legacy,NL0 19,2,49.0,48541.9658340839,48541.9658340839
2,NL0 19 waste,legacy,NL0 19,2,36.0,48541.9658340839,48541.9658340839
2,NL0 22 biomass,legacy,NL0 22,3,500.0,53935.51759344085,53935.51759344085
2,NL0 25 waste,legacy,NL0 25,2,54.0,48541.9658340839,48541.9658340839
2,NL0 27 biomass,legacy,NL0 27,1,22.0,59329.069352818755,59329.069352818755
2,NL0 27 waste,legacy,NL0 27,1,71.2,59329.069352818755,59329.069352818755
2,NL0 3 biomass,legacy,NL0 3,1,22.0,59329.069352818755,59329.069352818755
2,NL0 3 waste,legacy,NL0 3,1,108.0,59329.069352818755,59329.069352818755
2,NL0 30 biomass,legacy,NL0 30,1,60.0,59329.069352818755,59329.069352818755
2,NL0 7 nuclear,legacy,NL0 7,3,515.0,53935.51759344085,53935.51759344085
2,NL0 7 waste,legacy,NL0 7,3,39.0,53935.51759344085,53935.51759344085
2,NL0 8 biomass,legacy,NL0 8,1,36.0,59329.069352818755,59329.069352818755
2,NL0 8 waste,legacy,NL0 8,1,157.0,59329.069352818755,59329.069352818755
2,NL0 9 biomass,legacy,NL0 9,3,20.0,53935.51759344085,53935.51759344085
2,NL0 0 0 solar,legacy,NL0 0,1,0.0,59329.069352818755,59329.06935281868
2,NL0 1 0 solar,legacy,NL0 1,3,0.0,53935.51759344085,53935.517593440774
2,NL0 10 0 solar,legacy,NL0 10,1,0.0,59329.069352818755,59329.06935281868
2,NL0 11 0 solar,legacy,NL0 11,3,0.0,53935.51759344085,53935.517593440774
2,NL0 12 0 solar,legacy,NL0 12,2,0.0,48541.9658340839,48541.965834083836
2,NL0 13 0 solar,legacy,NL0 13,3,0.0,53935.51759344085,53935.517593440774
2,NL0 14 0 solar,legacy,NL0 14,2,0.0,48541.9658340839,48541.965834083836
2,NL0 15 0 solar,legacy,NL0 15,2,0.0,48541.9658340839,48541.965834083836
2,NL0 16 0 solar,legacy,NL0 16,1,0.0,59329.069352818755,59329.06935281868
2,NL0 17 0 solar,legacy,NL0 17,1,0.0,59329.069352818755,59329.06935281868
2,NL0 18 0 solar,legacy,NL0 18,1,0.0,59329.069352818755,59329.06935281868
2,NL0 19 0 solar,legacy,NL0 19,2,0.0,48541.9658340839,48541.965834083836
2,NL0 2 0 solar,legacy,NL0 2,2,0.0,48541.9658340839,48541.965834083836
2,NL0 20 0 solar,legacy,NL0 20,1,0.0,59329.069352818755,59329.06935281868
2,NL0 21 0 solar,legacy,NL0 21,1,0.0,59329.069352818755,59329.06935281868
2,NL0 22 0 solar,legacy,NL0 22,3,0.0,53935.51759344085,53935.517593440774
2,NL0 23 0 solar,legacy,NL0 23,1,0.0,59329.069352818755,59329.06935281868
2,NL0 24 0 solar,legacy,NL0 24,1,0.0,59329.069352818755,59329.06935281868
2,NL0 25 0 solar,legacy,NL0 25,2,0.0,48541.9658340839,48541.965834083836
2,NL0 26 0 solar,legacy,NL0 26,2,0.0,48541.9658340839,48541.965834083836
2,NL0 27 0 solar,legacy,NL0 27,1,0.0,59329.069352818755,59329.06935281868
2,NL0 28 0 solar,legacy,NL0 28,2,0.0,48541.9658340839,48541.965834083836
2,NL0 3 0 solar,legacy,NL0 3,1,0.0,59329.069352818755,59329.06935281868
2,NL0 30 0 solar,legacy,NL0 30,1,0.0,59329.069352818755,59329.06935281868
2,NL0 31 0 solar,legacy,NL0 31,2,0.0,48541.9658340839,48541.965834083836
2,NL0 4 0 solar,legacy,NL0 4,2,0.0,48541.9658340839,48541.965834083836
2,NL0 5 0 solar,legacy,NL0 5,3,0.0,53935.51759344085,53935.517593440774
2,NL0 6 0 solar,legacy,NL0 6,3,0.0,53935.51759344085,53935.517593440774
2,NL0 7 0 solar,legacy,NL0 7,3,0.0,53935.51759344085,53935.517593440774
2,NL0 8 0 solar,legacy,NL0 8,1,0.0,59329.069352818755,59329.06935281868
2,NL0 9 0 solar,legacy,NL0 9,3,0.0,53935.51759344085,53935.517593440774
2,NL0 20 0 offwind-ac,legacy,NL0 20,1,0.0,59329.069352818755,59329.06935281868
2,NL0 27 0 offwind-ac,legacy,NL0 27,1,0.0,59329.069352818755,59329.06935281868
2,NL0 31 0 offwind-ac,legacy,NL0 31,2,0.0,48541.9658340839,48541.965834083836
2,NL0 32 0 offwind-ac,legacy,NL0 32,1,0.0,59329.069352818755,59329.06935281868
2,NL0 7 0 offwind-ac,legacy,NL0 7,3,0.0,53935.51759344085,53935.517593440774
2,NL0 0 0 onwind,legacy,NL0 0,1,0.0,59329.069352818755,59329.06935281868
2,NL0 1 0 onwind,legacy,NL0 1,3,0.0,53935.51759344085,53935.517593440774
2,NL0 10 0 onwind,legacy,NL0 10,1,0.0,59329.069352818755,59329.06935281868
2,NL0 11 0 onwind,legacy,NL0 11,3,0.0,53935.51759344085,53935.517593440774
2,NL0 12 0 onwind,legacy,NL0 12,2,0.0,48541.9658340839,48541.965834083836
2,NL0 13 0 onwind,legacy,NL0 13,3,0.0,53935.51759344085,53935.517593440774
2,NL0 14 0 onwind,legacy,NL0 14,2,0.0,48541.9658340839,48541.965834083836
2,NL0 15 0 onwind,legacy,NL0 15,2,0.0,48541.9658340839,48541.965834083836
2,NL0 17 0 onwind,legacy,NL0 17,1,0.0,59329.069352818755,59329.06935281868
2,NL0 19 0 onwind,legacy,NL0 19,2,0.0,48541.9658340839,48541.965834083836
2,NL0 2 0 onwind,legacy,NL0 2,2,0.0,48541.9658340839,48541.965834083836
2,NL0 20 0 onwind,legacy,NL0 20,1,0.0,59329.069352818755,59329.06935281868
2,NL0 21 0 onwind,legacy,NL0 21,1,0.0,59329.069352818755,59329.06935281868
2,NL0 22 0 onwind,legacy,NL0 22,3,0.0,53935.51759344085,53935.517593440774
2,NL0 23 0 onwind,legacy,NL0 23,1,0.0,59329.069352818755,59329.06935281868
2,NL0 24 0 onwind,legacy,NL0 24,1,0.0,59329.069352818755,59329.06935281868
2,NL0 27 0 onwind,legacy,NL0 27,1,0.0,59329.069352818755,59329.06935281868
2,NL0 3 0 onwind,legacy,NL0 3,1,0.0,59329.069352818755,59329.06935281868
2,NL0 30 0 onwind,legacy,NL0 30,1,0.0,59329.069352818755,59329.06935281868
2,NL0 31 0 onwind,legacy,NL0 31,2,0.0,48541.9658340839,48541.965834083836
2,NL0 4 0 onwind,legacy,NL0 4,2,0.0,48541.9658340839,48541.965834083836
2,NL0 5 0 onwind,legacy,NL0 5,3,0.0,53935.51759344085,53935.517593440774
2,NL0 6 0 onwind,legacy,NL0 6,3,0.0,53935.51759344085,53935.517593440774
2,NL0 7 0 onwind,legacy,NL0 7,3,0.0,53935.51759344085,53935.517593440774
2,NL0 8 0 onwind,legacy,NL0 8,1,0.0,59329.069352818755,59329.06935281868
2,NL0 9 0 onwind,legacy,NL0 9,3,0.0,53935.51759344085,53935.517593440774
3,NL0 0 Invest,investable,NL0 0,1,1000.0,59329.069352818755,59329.06935292875
3,NL0 1 Invest,investable,NL0 1,3,0.0,53935.51759344085,53935.51759357159
3,NL0 10 Invest,investable,NL0 10,1,0.0,59329.069352818755,59329.06935292875
3,NL0 11 Invest,investable,NL0 11,3,0.0,53935.51759344085,53935.51759357159
3,NL0 12 Invest,investable,NL0 12,2,0.0,48541.9658340839,48541.96583421443
3,NL0 13 Invest,investable,NL0 13,3,678.1047541590287,53935.51759344085,53935.51759357159
3,NL0 14 Invest,investable,NL0 14,2,0.0,48541.9658340839,48541.96583421443
3,NL0 15 Invest,investable,NL0 15,2,1000.0,48541.9658340839,48541.96583421443
3,NL0 16 Invest,investable,NL0 16,1,1000.0,59329.069352818755,59329.06935292875
3,NL0 17 Invest,investable,NL0 17,1,0.0,59329.069352818755,59329.06935292875
3,NL0 18 Invest,investable,NL0 18,1,0.0,59329.069352818755,59329.06935292875
3,NL0 19 Invest,investable,NL0 19,2,421.30931852923914,48541.9658340839,48541.96583421443
3,NL0 2 Invest,investable,NL0 2,2,1000.0,48541.9658340839,48541.96583421443
3,NL0 20 Invest,investable,NL0 20,1,0.0,59329.069352818755,59329.06935292875
3,NL0 21 Invest,investable,NL0 21,1,0.0,59329.069352818755,59329.06935292875
3,NL0 22 Invest,investable,NL0 22,3,1000.0,53935.51759344085,53935.51759357159
3,NL0 23 Invest,investable,NL0 23,1,1000.0,59329.069352818755,59329.06935292875
3,NL0 24 Invest,investable,NL0 24,1,0.0,59329.069352818755,59329.06935292875
3,NL0 25 Invest,investable,NL0 25,2,0.0,48541.9658340839,48541.96583421443
3,NL0 26 Invest,investable,NL0 26,2,0.0,48541.9658340839,48541.96583421443
3,NL0 27 Invest,investable,NL0 27,1,0.0,59329.069352818755,59329.06935292875
3,NL0 28 Invest,investable,NL0 28,2,0.0,48541.9658340839,48541.96583421443
3,NL0 3 Invest,investable,NL0 3,1,1000.0,59329.069352818755,59329.06935292875
3,NL0 30 Invest,investable,NL0 30,1,601.5467025248663,59329.069352818755,59329.06935292875
3,NL0 31 Invest,investable,NL0 31,2,0.0,48541.9658340839,48541.96583421443
3,NL0 33 Invest,investable,NL0 33,1,1000.0,59329.069352818755,59329.06935292875
3,NL0 4 Invest,investable,NL0 4,2,0.0,48541.9658340839,48541.96583421443
3,NL0 5 Invest,investable,NL0 5,3,1000.0,53935.51759344085,53935.51759357159
3,NL0 6 Invest,investable,NL0 6,3,1000.0,53935.51759344085,53935.51759357159
3,NL0 7 Invest,investable,NL0 7,3,1000.0,53935.51759344085,53935.51759357159
3,NL0 8 Invest,investable,NL0 8,1,1000.0,59329.069352818755,59329.06935292875
3,NL0 9 Invest,investable,NL0 9,3,1000.0,53935.51759344085,53935.51759357159
3,NL0 1 biomass,legacy,NL0 1,3,71.0,53935.51759344085,53935.51759344085
3,NL0 1 waste,legacy,NL0 1,3,31.0,53935.51759344085,53935.51759344085
3,NL0 10 waste,legacy,NL0 10,1,150.0,59329.069352818755,59329.069352818755
3,NL0 11 biomass,legacy,NL0 11,3,20.0,53935.51759344085,53935.51759344085
3,NL0 11 waste,legacy,NL0 11,3,50.0,53935.51759344085,53935.51759344085
3,NL0 13 biomass,legacy,NL0 13,3,77.0,53935.51759344085,53935.51759344085
3,NL0 19 biomass,legacy,NL0 19,2,49.0,48541.9658340839,48541.9658340839
3,NL0 19 waste,legacy,NL0 19,2,36.0,48541.9658340839,48541.9658340839
3,NL0 22 biomass,legacy,NL0 22,3,500.0,53935.51759344085,53935.51759344085
3,NL0 25 waste,legacy,NL0 25,2,54.0,48541.9658340839,48541.9658340839
3,NL0 27 biomass,legacy,NL0 27,1,22.0,59329.069352818755,59329.069352818755
3,NL0 27 waste,legacy,NL0 27,1,71.2,59329.069352818755,59329.069352818755
3,NL0 3 biomass,legacy,NL0 3,1,22.0,59329.069352818755,59329.069352818755
3,NL0 3 waste,legacy,NL0 3,1,108.0,59329.069352818755,59329.069352818755
3,NL0 30 biomass,legacy,NL0 30,1,60.0,59329.069352818755,59329.069352818755
3,NL0 7 nuclear,legacy,NL0 7,3,515.0,53935.51759344085,53935.51759344085
3,NL0 7 waste,legacy,NL0 7,3,39.0,53935.51759344085,53935.51759344085
3,NL0 8 biomass,legacy,NL0 8,1,36.0,59329.069352818755,59329.069352818755
3,NL0 8 waste,legacy,NL0 8,1,157.0,59329.069352818755,59329.069352818755
3,NL0 9 biomass,legacy,NL0 9,3,20.0,53935.51759344085,53935.51759344085
3,NL0 0 0 solar,legacy,NL0 0,1,0.0,59329.069352818755,59329.06935281868
3,NL0 1 0 solar,legacy,NL0 1,3,0.0,53935.51759344085,53935.517593440774
3,NL0 10 0 solar,legacy,NL0 10,1,0.0,59329.069352818755,59329.06935281868
3,NL0 11 0 solar,legacy,NL0 11,3,0.0,53935.51759344085,53935.517593440774
3,NL0 12 0 solar,legacy,NL0 12,2,0.0,48541.9658340839,48541.965834083836
3,NL0 13 0 solar,legacy,NL0 13,3,0.0,53935.51759344085,53935.517593440774
3,NL0 14 0 solar,legacy,NL0 14,2,0.0,48541.9658340839,48541.965834083836
3,NL0 15 0 solar,legacy,NL0 15,2,0.0,48541.9658340839,48541.965834083836
3,NL0 16 0 solar,legacy,NL0 16,1,0.0,59329.069352818755,59329.06935281868
3,NL0 17 0 solar,legacy,NL0 17,1,0.0,59329.069352818755,59329.06935281868
3,NL0 18 0 solar,legacy,NL0 18,1,0.0,59329.069352818755,59329.06935281868
3,NL0 19 0 solar,legacy,NL0 19,2,0.0,48541.9658340839,48541.965834083836
3,NL0 2 0 solar,legacy,NL0 2,2,0.0,48541.9658340839,48541.965834083836
3,NL0 20 0 solar,legacy,NL0 20,1,0.0,59329.069352818755,59329.06935281868
3,NL0 21 0 solar,legacy,NL0 21,1,0.0,59329.069352818755,59329.06935281868
3,NL0 22 0 solar,legacy,NL0 22,3,0.0,53935.51759344085,53935.517593440774
3,NL0 23 0 solar,legacy,NL0 23,1,0.0,59329.069352818755,59329.06935281868
3,NL0 24 0 solar,legacy,NL0 24,1,0.0,59329.069352818755,59329.06935281868
3,NL0 25 0 solar,legacy,NL0 25,2,0.0,48541.9658340839,48541.965834083836
3,NL0 26 0 solar,legacy,NL0 26,2,0.0,48541.9658340839,48541.965834083836
3,NL0 27 0 solar,legacy,NL0 27,1,0.0,59329.069352818755,59329.06935281868
3,NL0 28 0 solar,legacy,NL0 28,2,0.0,48541.9658340839,48541.965834083836
3,NL0 3 0 solar,legacy,NL0 3,1,0.0,59329.069352818755,59329.06935281868
3,NL0 30 0 solar,legacy,NL0 30,1,0.0,59329.069352818755,59329.06935281868
3,NL0 31 0 solar,legacy,NL0 31,2,0.0,48541.9658340839,48541.965834083836
3,NL0 4 0 solar,legacy,NL0 4,2,0.0,48541.9658340839,48541.965834083836
3,NL0 5 0 solar,legacy,NL0 5,3,0.0,53935.51759344085,53935.517593440774
3,NL0 6 0 solar,legacy,NL0 6,3,0.0,53935.51759344085,53935.517593440774
3,NL0 7 0 solar,legacy,NL0 7,3,0.0,53935.51759344085,53935.517593440774
3,NL0 8 0 solar,legacy,NL0 8,1,0.0,59329.069352818755,59329.06935281868
3,NL0 9 0 solar,legacy,NL0 9,3,0.0,53935.51759344085,53935.517593440774
3,NL0 20 0 offwind-ac,legacy,NL0 20,1,0.0,59329.069352818755,59329.06935281868
3,NL0 27 0 offwind-ac,legacy,NL0 27,1,0.0,59329.069352818755,59329.06935281868
3,NL0 31 0 offwind-ac,legacy,NL0 31,2,0.0,48541.9658340839,48541.965834083836
3,NL0 32 0 offwind-ac,legacy,NL0 32,1,0.0,59329.069352818755,59329.06935281868
3,NL0 7 0 offwind-ac,legacy,NL0 7,3,0.0,53935.51759344085,53935.517593440774
3,NL0 0 0 onwind,legacy,NL0 0,1,0.0,59329.069352818755,59329.06935281868
3,NL0 1 0 onwind,legacy,NL0 1,3,0.0,53935.51759344085,53935.517593440774
3,NL0 10 0 onwind,legacy,NL0 10,1,0.0,59329.069352818755,59329.06935281868
3,NL0 11 0 onwind,legacy,NL0 11,3,0.0,53935.51759344085,53935.517593440774
3,NL0 12 0 onwind,legacy,NL0 12,2,0.0,48541.9658340839,48541.965834083836
3,NL0 13 0 onwind,legacy,NL0 13,3,0.0,53935.51759344085,53935.517593440774
3,NL0 14 0 onwind,legacy,NL0 14,2,0.0,48541.9658340839,48541.965834083836
3,NL0 15 0 onwind,legacy,NL0 15,2,0.0,48541.9658340839,48541.965834083836
3,NL0 17 0 onwind,legacy,NL0 17,1,0.0,59329.069352818755,59329.06935281868
3,NL0 19 0 onwind,legacy,NL0 19,2,0.0,48541.9658340839,48541.965834083836
3,NL0 2 0 onwind,legacy,NL0 2,2,0.0,48541.9658340839,48541.965834083836
3,NL0 20 0 onwind,legacy,NL0 20,1,0.0,59329.069352818755,59329.06935281868
3,NL0 21 0 onwind,legacy,NL0 21,1,0.0,59329.069352818755,59329.06935281868
3,NL0 22 0 onwind,legacy,NL0 22,3,0.0,53935.51759344085,53935.517593440774
3,NL0 23 0 onwind,legacy,NL0 23,1,0.0,59329.069352818755,59329.06935281868
3,NL0 24 0 onwind,legacy,NL0 24,1,0.0,59329.069352818755,59329.06935281868
3,NL0 27 0 onwind,legacy,NL0 27,1,0.0,59329.069352818755,59329.06935281868
3,NL0 3 0 onwind,legacy,NL0 3,1,0.0,59329.069352818755,59329.06935281868
3,NL0 30 0 onwind,legacy,NL0 30,1,0.0,59329.069352818755,59329.06935281868
3,NL0 31 0 onwind,legacy,NL0 31,2,0.0,48541.9658340839,48541.965834083836
3,NL0 4 0 onwind,legacy,NL0 4,2,0.0,48541.9658340839,48541.965834083836
3,NL0 5 0 onwind,legacy,NL0 5,3,0.0,53935.51759344085,53935.517593440774
3,NL0 6 0 onwind,legacy,NL0 6,3,0.0,53935.51759344085,53935.517593440774
3,NL0 7 0 onwind,legacy,NL0 7,3,0.0,53935.51759344085,53935.517593440774
3,NL0 8 0 onwind,legacy,NL0 8,1,0.0,59329.069352818755,59329.06935281868
3,NL0 9 0 onwind,legacy,NL0 9,3,0.0,53935.51759344085,53935.517593440774
4,NL0 0 Invest,investable,NL0 0,1,0.0,59329.069352818755,59329.06935292875
4,NL0 1 Invest,investable,NL0 1,3,1000.0,53935.51759344085,53935.51759357159
4,NL0 10 Invest,investable,NL0 10,1,1000.0,59329.069352818755,59329.06935292875
4,NL0 11 Invest,investable,NL0 11,3,1000.0,53935.51759344085,53935.51759357159
4,NL0 12 Invest,investable,NL0 12,2,0.0,48541.9658340839,48541.96583421443
4,NL0 13 Invest,investable,NL0 13,3,1000.0,53935.51759344085,53935.51759357159
4,NL0 14 Invest,investable,NL0 14,2,421.30931852923914,48541.9658340839,48541.96583421443
4,NL0 15 Invest,investable,NL0 15,2,0.0,48541.9658340839,48541.96583421443
4,NL0 16 Invest,investable,NL0 16,1,0.0,59329.069352818755,59329.06935292875
4,NL0 17 Invest,investable,NL0 17,1,1000.0,59329.069352818755,59329.06935292875
4,NL0 18 Invest,investable,NL0 18,1,601.5467025248663,59329.069352818755,59329.06935292875
4,NL0 19 Invest,investable,NL0 19,2,0.0,48541.9658340839,48541.96583421443
4,NL0 2 Invest,investable,NL0 2,2,0.0,48541.9658340839,48541.96583421443
4,NL0 20 Invest,investable,NL0 20,1,1000.0,59329.069352818755,59329.06935292875
4,NL0 21 Invest,investable,NL0 21,1,1000.0,59329.069352818755,59329.06935292875
4,NL0 22 Invest,investable,NL0 22,3,0.0,53935.51759344085,53935.51759357159
4,NL0 23 Invest,investable,NL0 23,1,0.0,59329.069352818755,59329.06935292875
4,NL0 24 Invest,investable,NL0 24,1,1000.0,59329.069352818755,59329.06935292875
4,NL0 25 Invest,investable,NL0 25,2,0.0,48541.9658340839,48541.96583421443
4,NL0 26 Invest,investable,NL0 26,2,1000.0,48541.9658340839,48541.96583421443
4,NL0 27 Invest,investable,NL0 27,1,1000.0,59329.069352818755,59329.06935292875
4,NL0 28 Invest,investable,NL0 28,2,0.0,48541.9658340839,48541.96583421443
4,NL0 3 Invest,investable,NL0 3,1,0.0,59329.069352818755,59329.06935292875
4,NL0 30 Invest,investable,NL0 30,1,0.0,59329.069352818755,59329.06935292875
4,NL0 31 Invest,investable,NL0 31,2,0.0,48541.9658340839,48541.96583421443
4,NL0 33 Invest,investable,NL0 33,1,0.0,59329.069352818755,59329.06935292875
4,NL0 4 Invest,investable,NL0 4,2,1000.0,48541.9658340839,48541.96583421443
4,NL0 5 Invest,investable,NL0 5,3,678.1047541590287,53935.51759344085,53935.51759357159
4,NL0 6 Invest,investable,NL0 6,3,1000.0,53935.51759344085,53935.51759357159
4,NL0 7 Invest,investable,NL0 7,3,0.0,53935.51759344085,53935.51759357159
4,NL0 8 Invest,investable,NL0 8,1,0.0,59329.069352818755,59329.06935292875
4,NL0 9 Invest,investable,NL0 9,3,1000.0,53935.51759344085,53935.51759357159
4,NL0 1 biomass,legacy,NL0 1,3,71.0,53935.51759344085,53935.51759344085
4,NL0 1 waste,legacy,NL0 1,3,31.0,53935.51759344085,53935.51759344085
4,NL0 10 waste,legacy,NL0 10,1,150.0,59329.069352818755,59329.069352818755
4,NL0 11 biomass,legacy,NL0 11,3,20.0,53935.51759344085,53935.51759344085
4,NL0 11 waste,legacy,NL0 11,3,50.0,53935.51759344085,53935.51759344085
4,NL0 13 biomass,legacy,NL0 13,3,77.0,53935.51759344085,53935.51759344085
4,NL0 19 biomass,legacy,NL0 19,2,49.0,48541.9658340839,48541.9658340839
4,NL0 19 waste,legacy,NL0 19,2,36.0,48541.9658340839,48541.9658340839
4,NL0 22 biomass,legacy,NL0 22,3,500.0,53935.51759344085,53935.51759344085
4,NL0 25 waste,legacy,NL0 25,2,54.0,48541.9658340839,48541.9658340839
4,NL0 27 biomass,legacy,NL0 27,1,22.0,59329.069352818755,59329.069352818755
4,NL0 27 waste,legacy,NL0 27,1,71.2,59329.069352818755,59329.069352818755
4,NL0 3 biomass,legacy,NL0 3,1,22.0,59329.069352818755,59329.069352818755
4,NL0 3 waste,legacy,NL0 3,1,108.0,59329.069352818755,59329.069352818755
4,NL0 30 biomass,legacy,NL0 30,1,60.0,59329.069352818755,59329.069352818755
4,NL0 7 nuclear,legacy,NL0 7,3,515.0,53935.51759344085,53935.51759344085
4,NL0 7 waste,legacy,NL0 7,3,39.0,53935.51759344085,53935.51759344085
4,NL0 8 biomass,legacy,NL0 8,1,36.0,59329.069352818755,59329.069352818755
4,NL0 8 waste,legacy,NL0 8,1,157.0,59329.069352818755,59329.069352818755
4,NL0 9 biomass,legacy,NL0 9,3,20.0,53935.51759344085,53935.51759344085
4,NL0 0 0 solar,legacy,NL0 0,1,0.0,59329.069352818755,59329.06935281868
4,NL0 1 0 solar,legacy,NL0 1,3,0.0,53935.51759344085,53935.517593440774
4,NL0 10 0 solar,legacy,NL0 10,1,0.0,59329.069352818755,59329.06935281868
4,NL0 11 0 solar,legacy,NL0 11,3,0.0,53935.51759344085,53935.517593440774
4,NL0 12 0 solar,legacy,NL0 12,2,0.0,48541.9658340839,48541.965834083836
4,NL0 13 0 solar,legacy,NL0 13,3,0.0,53935.51759344085,53935.517593440774
4,NL0 14 0 solar,legacy,NL0 14,2,0.0,48541.9658340839,48541.965834083836
4,NL0 15 0 solar,legacy,NL0 15,2,0.0,48541.9658340839,48541.965834083836
4,NL0 16 0 solar,legacy,NL0 16,1,0.0,59329.069352818755,59329.06935281868
4,NL0 17 0 solar,legacy,NL0 17,1,0.0,59329.069352818755,59329.06935281868
4,NL0 18 0 solar,legacy,NL0 18,1,0.0,59329.069352818755,59329.06935281868
4,NL0 19 0 solar,legacy,NL0 19,2,0.0,48541.9658340839,48541.965834083836
4,NL0 2 0 solar,legacy,NL0 2,2,0.0,48541.9658340839,48541.965834083836
4,NL0 20 0 solar,legacy,NL0 20,1,0.0,59329.069352818755,59329.06935281868
4,NL0 21 0 solar,legacy,NL0 21,1,0.0,59329.069352818755,59329.06935281868
4,NL0 22 0 solar,legacy,NL0 22,3,0.0,53935.51759344085,53935.517593440774
4,NL0 23 0 solar,legacy,NL0 23,1,0.0,59329.069352818755,59329.06935281868
4,NL0 24 0 solar,legacy,NL0 24,1,0.0,59329.069352818755,59329.06935281868
4,NL0 25 0 solar,legacy,NL0 25,2,0.0,48541.9658340839,48541.965834083836
4,NL0 26 0 solar,legacy,NL0 26,2,0.0,48541.9658340839,48541.965834083836
4,NL0 27 0 solar,legacy,NL0 27,1,0.0,59329.069352818755,59329.06935281868
4,NL0 28 0 solar,legacy,NL0 28,2,0.0,48541.9658340839,48541.965834083836
4,NL0 3 0 solar,legacy,NL0 3,1,0.0,59329.069352818755,59329.06935281868
4,NL0 30 0 solar,legacy,NL0 30,1,0.0,59329.069352818755,59329.06935281868
4,NL0 31 0 solar,legacy,NL0 31,2,0.0,48541.9658340839,48541.965834083836
4,NL0 4 0 solar,legacy,NL0 4,2,0.0,48541.9658340839,48541.965834083836
4,NL0 5 0 solar,legacy,NL0 5,3,0.0,53935.51759344085,53935.517593440774
4,NL0 6 0 solar,legacy,NL0 6,3,0.0,53935.51759344085,53935.517593440774
4,NL0 7 0 solar,legacy,NL0 7,3,0.0,53935.51759344085,53935.517593440774
4,NL0 8 0 solar,legacy,NL0 8,1,0.0,59329.069352818755,59329.06935281868
4,NL0 9 0 solar,legacy,NL0 9,3,0.0,53935.51759344085,53935.517593440774
4,NL0 20 0 offwind-ac,legacy,NL0 20,1,0.0,59329.069352818755,59329.06935281868
4,NL0 27 0 offwind-ac,legacy,NL0 27,1,0.0,59329.069352818755,59329.06935281868
4,NL0 31 0 offwind-ac,legacy,NL0 31,2,0.0,48541.9658340839,48541.965834083836
4,NL0 32 0 offwind-ac,legacy,NL0 32,1,0.0,59329.069352818755,59329.06935281868
4,NL0 7 0 offwind-ac,legacy,NL0 7,3,0.0,53935.51759344085,53935.517593440774
4,NL0 0 0 onwind,legacy,NL0 0,1,0.0,59329.069352818755,59329.06935281868
4,NL0 1 0 onwind,legacy,NL0 1,3,0.0,53935.51759344085,53935.517593440774
4,NL0 10 0 onwind,legacy,NL0 10,1,0.0,59329.069352818755,59329.06935281868
4,NL0 11 0 onwind,legacy,NL0 11,3,0.0,53935.51759344085,53935.517593440774
4,NL0 12 0 onwind,legacy,NL0 12,2,0.0,48541.9658340839,48541.965834083836
4,NL0 13 0 onwind,legacy,NL0 13,3,0.0,53935.51759344085,53935.517593440774
4,NL0 14 0 onwind,legacy,NL0 14,2,0.0,48541.9658340839,48541.965834083836
4,NL0 15 0 onwind,legacy,NL0 15,2,0.0,48541.9658340839,48541.965834083836
4,NL0 17 0 onwind,legacy,NL0 17,1,0.0,59329.069352818755,59329.06935281868
4,NL0 19 0 onwind,legacy,NL0 19,2,0.0,48541.9658340839,48541.965834083836
4,NL0 2 0 onwind,legacy,NL0 2,2,0.0,48541.9658340839,48541.965834083836
4,NL0 20 0 onwind,legacy,NL0 20,1,0.0,59329.069352818755,59329.06935281868
4,NL0 21 0 onwind,legacy,NL0 21,1,0.0,59329.069352818755,59329.06935281868
4,NL0 22 0 onwind,legacy,NL0 22,3,0.0,53935.51759344085,53935.517593440774
4,NL0 23 0 onwind,legacy,NL0 23,1,0.0,59329.069352818755,59329.06935281868
4,NL0 24 0 onwind,legacy,NL0 24,1,0.0,59329.069352818755,59329.06935281868
4,NL0 27 0 onwind,legacy,NL0 27,1,0.0,59329.069352818755,59329.06935281868
4,NL0 3 0 onwind,legacy,NL0 3,1,0.0,59329.069352818755,59329.06935281868
4,NL0 30 0 onwind,legacy,NL0 30,1,0.0,59329.069352818755,59329.06935281868
4,NL0 31 0 onwind,legacy,NL0 31,2,0.0,48541.9658340839,48541.965834083836
4,NL0 4 0 onwind,legacy,NL0 4,2,0.0,48541.9658340839,48541.965834083836
4,NL0 5 0 onwind,legacy,NL0 5,3,0.0,53935.51759344085,53935.517593440774
4,NL0 6 0 onwind,legacy,NL0 6,3,0.0,53935.51759344085,53935.517593440774
4,NL0 7 0 onwind,legacy,NL0 7,3,0.0,53935.51759344085,53935.517593440774
4,NL0 8 0 onwind,legacy,NL0 8,1,0.0,59329.069352818755,59329.06935281868
4,NL0 9 0 onwind,legacy,NL0 9,3,0.0,53935.51759344085,53935.517593440774
5,NL0 0 Invest,investable,NL0 0,1,1000.0,59329.069352818755,59329.06935292875
5,NL0 1 Invest,investable,NL0 1,3,1000.0,53935.51759344085,53935.51759357159
5,NL0 10 Invest,investable,NL0 10,1,1000.0,59329.069352818755,59329.06935292875
5,NL0 11 Invest,investable,NL0 11,3,1000.0,53935.51759344085,53935.51759357159
5,NL0 12 Invest,investable,NL0 12,2,0.0,48541.9658340839,48541.96583421443
5,NL0 13 Invest,investable,NL0 13,3,1000.0,53935.51759344085,53935.51759357159
5,NL0 14 Invest,investable,NL0 14,2,0.0,48541.9658340839,48541.96583421443
5,NL0 15 Invest,investable,NL0 15,2,1000.0,48541.9658340839,48541.96583421443
5,NL0 16 Invest,investable,NL0 16,1,0.0,59329.069352818755,59329.06935292875
5,NL0 17 Invest,investable,NL0 17,1,1000.0,59329.069352818755,59329.06935292875
5,NL0 18 Invest,investable,NL0 18,1,0.0,59329.069352818755,59329.06935292875
5,NL0 19 Invest,investable,NL0 19,2,421.30931852923914,48541.9658340839,48541.96583421443
5,NL0 2 Invest,investable,NL0 2,2,1000.0,48541.9658340839,48541.96583421443
5,NL0 20 Invest,investable,NL0 20,1,1000.0,59329.069352818755,59329.06935292875
5,NL0 21 Invest,investable,NL0 21,1,601.5467025248663,59329.069352818755,59329.06935292875
5,NL0 22 Invest,investable,NL0 22,3,1000.0,53935.51759344085,53935.51759357159
5,NL0 23 Invest,investable,NL0 23,1,0.0,59329.069352818755,59329.06935292875
5,NL0 24 Invest,investable,NL0 24,1,1000.0,59329.069352818755,59329.06935292875
5,NL0 25 Invest,investable,NL0 25,2,0.0,48541.9658340839,48541.96583421443
5,NL0 26 Invest,investable,NL0 26,2,0.0,48541.9658340839,48541.96583421443
5,NL0 27 Invest,investable,NL0 27,1,1000.0,59329.069352818755,59329.06935292875
5,NL0 28 Invest,investable,NL0 28,2,0.0,48541.9658340839,48541.96583421443
5,NL0 3 Invest,investable,NL0 3,1,0.0,59329.069352818755,59329.06935292875
5,NL0 30 Invest,investable,NL0 30,1,0.0,59329.069352818755,59329.06935292875
5,NL0 31 Invest,investable,NL0 31,2,0.0,48541.9658340839,48541.96583421443
5,NL0 33 Invest,investable,NL0 33,1,0.0,59329.069352818755,59329.06935292875
5,NL0 4 Invest,investable,NL0 4,2,0.0,48541.9658340839,48541.96583421443
5,NL0 5 Invest,investable,NL0 5,3,678.1047541590287,53935.51759344085,53935.51759357159
5,NL0 6 Invest,investable,NL0 6,3,0.0,53935.51759344085,53935.51759357159
5,NL0 7 Invest,investable,NL0 7,3,1000.0,53935.51759344085,53935.51759357159
5,NL0 8 Invest,investable,NL0 8,1,0.0,59329.069352818755,59329.06935292875
5,NL0 9 Invest,investable,NL0 9,3,0.0,53935.51759344085,53935.51759357159
5,NL0 1 biomass,legacy,NL0 1,3,71.0,53935.51759344085,53935.51759344085
5,NL0 1 waste,legacy,NL0 1,3,31.0,53935.51759344085,53935.51759344085
5,NL0 10 waste,legacy,NL0 10,1,150.0,59329.069352818755,59329.069352818755
5,NL0 11 biomass,legacy,NL0 11,3,20.0,53935.51759344085,53935.51759344085
5,NL0 11 waste,legacy,NL0 11,3,50.0,53935.51759344085,53935.51759344085
5,NL0 13 biomass,legacy,NL0 13,3,77.0,53935.51759344085,53935.51759344085
5,NL0 19 biomass,legacy,NL0 19,2,49.0,48541.9658340839,48541.9658340839
5,NL0 19 waste,legacy,NL0 19,2,36.0,48541.9658340839,48541.9658340839
5,NL0 22 biomass,legacy,NL0 22,3,500.0,53935.51759344085,53935.51759344085
5,NL0 25 waste,legacy,NL0 25,2,54.0,48541.9658340839,48541.9658340839
5,NL0 27 biomass,legacy,NL0 27,1,22.0,59329.069352818755,59329.069352818755
5,NL0 27 waste,legacy,NL0 27,1,71.2,59329.069352818755,59329.069352818755
5,NL0 3 biomass,legacy,NL0 3,1,22.0,59329.069352818755,59329.069352818755
5,NL0 3 waste,legacy,NL0 3,1,108.0,59329.069352818755,59329.069352818755
5,NL0 30 biomass,legacy,NL0 30,1,60.0,59329.069352818755,59329.069352818755
5,NL0 7 nuclear,legacy,NL0 7,3,515.0,53935.51759344085,53935.51759344085
5,NL0 7 waste,legacy,NL0 7,3,39.0,53935.51759344085,53935.51759344085
5,NL0 8 biomass,legacy,NL0 8,1,36.0,59329.069352818755,59329.069352818755
5,NL0 8 waste,legacy,NL0 8,1,157.0,59329.069352818755,59329.069352818755
5,NL0 9 biomass,legacy,NL0 9,3,20.0,53935.51759344085,53935.51759344085
5,NL0 0 0 solar,legacy,NL0 0,1,0.0,59329.069352818755,59329.06935281868
5,NL0 1 0 solar,legacy,NL0 1,3,0.0,53935.51759344085,53935.517593440774
5,NL0 10 0 solar,legacy,NL0 10,1,0.0,59329.069352818755,59329.06935281868
5,NL0 11 0 solar,legacy,NL0 11,3,0.0,53935.51759344085,53935.517593440774
5,NL0 12 0 solar,legacy,NL0 12,2,0.0,48541.9658340839,48541.965834083836
5,NL0 13 0 solar,legacy,NL0 13,3,0.0,53935.51759344085,53935.517593440774
5,NL0 14 0 solar,legacy,NL0 14,2,0.0,48541.9658340839,48541.965834083836
5,NL0 15 0 solar,legacy,NL0 15,2,0.0,48541.9658340839,48541.965834083836
5,NL0 16 0 solar,legacy,NL0 16,1,0.0,59329.069352818755,59329.06935281868
5,NL0 17 0 solar,legacy,NL0 17,1,0.0,59329.069352818755,59329.06935281868
5,NL0 18 0 solar,legacy,NL0 18,1,0.0,59329.069352818755,59329.06935281868
5,NL0 19 0 solar,legacy,NL0 19,2,0.0,48541.9658340839,48541.965834083836
5,NL0 2 0 solar,legacy,NL0 2,2,0.0,48541.9658340839,48541.965834083836
5,NL0 20 0 solar,legacy,NL0 20,1,0.0,59329.069352818755,59329.06935281868
5,NL0 21 0 solar,legacy,NL0 21,1,0.0,59329.069352818755,59329.06935281868
5,NL0 22 0 solar,legacy,NL0 22,3,0.0,53935.51759344085,53935.517593440774
5,NL0 23 0 solar,legacy,NL0 23,1,0.0,59329.069352818755,59329.06935281868
5,NL0 24 0 solar,legacy,NL0 24,1,0.0,59329.069352818755,59329.06935281868
5,NL0 25 0 solar,legacy,NL0 25,2,0.0,48541.9658340839,48541.965834083836
5,NL0 26 0 solar,legacy,NL0 26,2,0.0,48541.9658340839,48541.965834083836
5,NL0 27 0 solar,legacy,NL0 27,1,0.0,59329.069352818755,59329.06935281868
5,NL0 28 0 solar,legacy,NL0 28,2,0.0,48541.9658340839,48541.965834083836
5,NL0 3 0 solar,legacy,NL0 3,1,0.0,59329.069352818755,59329.06935281868
5,NL0 30 0 solar,legacy,NL0 30,1,0.0,59329.069352818755,59329.06935281868
5,NL0 31 0 solar,legacy,NL0 31,2,0.0,48541.9658340839,48541.965834083836
5,NL0 4 0 solar,legacy,NL0 4,2,0.0,48541.9658340839,48541.965834083836
5,NL0 5 0 solar,legacy,NL0 5,3,0.0,53935.51759344085,53935.517593440774
5,NL0 6 0 solar,legacy,NL0 6,3,0.0,53935.51759344085,53935.517593440774
5,NL0 7 0 solar,legacy,NL0 7,3,0.0,53935.51759344085,53935.517593440774
5,NL0 8 0 solar,legacy,NL0 8,1,0.0,59329.069352818755,59329.06935281868
5,NL0 9 0 solar,legacy,NL0 9,3,0.0,53935.51759344085,53935.517593440774
5,NL0 20 0 offwind-ac,legacy,NL0 20,1,0.0,59329.069352818755,59329.06935281868
5,NL0 27 0 offwind-ac,legacy,NL0 27,1,0.0,59329.069352818755,59329.06935281868
5,NL0 31 0 offwind-ac,legacy,NL0 31,2,0.0,48541.9658340839,48541.965834083836
5,NL0 32 0 offwind-ac,legacy,NL0 32,1,0.0,59329.069352818755,59329.06935281868
5,NL0 7 0 offwind-ac,legacy,NL0 7,3,0.0,53935.51759344085,53935.517593440774
5,NL0 0 0 onwind,legacy,NL0 0,1,0.0,59329.069352818755,59329.06935281868
5,NL0 1 0 onwind,legacy,NL0 1,3,0.0,53935.51759344085,53935.517593440774
5,NL0 10 0 onwind,legacy,NL0 10,1,0.0,59329.069352818755,59329.06935281868
5,NL0 11 0 onwind,legacy,NL0 11,3,0.0,53935.51759344085,53935.517593440774
5,NL0 12 0 onwind,legacy,NL0 12,2,0.0,48541.9658340839,48541.965834083836
5,NL0 13 0 onwind,legacy,NL0 13,3,0.0,53935.51759344085,53935.517593440774
5,NL0 14 0 onwind,legacy,NL0 14,2,0.0,48541.9658340839,48541.965834083836
5,NL0 15 0 onwind,legacy,NL0 15,2,0.0,48541.9658340839,48541.965834083836
5,NL0 17 0 onwind,legacy,NL0 17,1,0.0,59329.069352818755,59329.06935281868
5,NL0 19 0 onwind,legacy,NL0 19,2,0.0,48541.9658340839,48541.965834083836
5,NL0 2 0 onwind,legacy,NL0 2,2,0.0,48541.9658340839,48541.965834083836
5,NL0 20 0 onwind,legacy,NL0 20,1,0.0,59329.069352818755,59329.06935281868
5,NL0 21 0 onwind,legacy,NL0 21,1,0.0,59329.069352818755,59329.06935281868
5,NL0 22 0 onwind,legacy,NL0 22,3,0.0,53935.51759344085,53935.517593440774
5,NL0 23 0 onwind,legacy,NL0 23,1,0.0,59329.069352818755,59329.06935281868
5,NL0 24 0 onwind,legacy,NL0 24,1,0.0,59329.069352818755,59329.06935281868
5,NL0 27 0 onwind,legacy,NL0 27,1,0.0,59329.069352818755,59329.06935281868
5,NL0 3 0 onwind,legacy,NL0 3,1,0.0,59329.069352818755,59329.06935281868
5,NL0 30 0 onwind,legacy,NL0 30,1,0.0,59329.069352818755,59329.06935281868
5,NL0 31 0 onwind,legacy,NL0 31,2,0.0,48541.9658340839,48541.965834083836
5,NL0 4 0 onwind,legacy,NL0 4,2,0.0,48541.9658340839,48541.965834083836
5,NL0 5 0 onwind,legacy,NL0 5,3,0.0,53935.51759344085,53935.517593440774
5,NL0 6 0 onwind,legacy,NL0 6,3,0.0,53935.51759344085,53935.517593440774
5,NL0 7 0 onwind,legacy,NL0 7,3,0.0,53935.51759344085,53935.517593440774
5,NL0 8 0 onwind,legacy,NL0 8,1,0.0,59329.069352818755,59329.06935281868
5,NL0 9 0 onwind,legacy,NL0 9,3,0.0,53935.51759344085,53935.517593440774
6,NL0 0 Invest,investable,NL0 0,1,0.0,59329.069352818755,59329.06935292875
6,NL0 1 Invest,investable,NL0 1,3,0.0,53935.51759344085,53935.51759357159
6,NL0 10 Invest,investable,NL0 10,1,0.0,59329.069352818755,59329.06935292875
6,NL0 11 Invest,investable,NL0 11,3,678.1047541590287,53935.51759344085,53935.51759357159
6,NL0 12 Invest,investable,NL0 12,2,0.0,48541.9658340839,48541.96583421443
6,NL0 13 Invest,investable,NL0 13,3,0.0,53935.51759344085,53935.51759357159
6,NL0 14 Invest,investable,NL0 14,2,421.30931852923914,48541.9658340839,48541.96583421443
6,NL0 15 Invest,investable,NL0 15,2,0.0,48541.9658340839,48541.96583421443
6,NL0 16 Invest,investable,NL0 16,1,1000.0,59329.069352818755,59329.06935292875
6,NL0 17 Invest,investable,NL0 17,1,0.0,59329.069352818755,59329.06935292875
6,NL0 18 Invest,investable,NL0 18,1,601.5467025248663,59329.069352818755,59329.06935292875
6,NL0 19 Invest,investable,NL0 19,2,0.0,48541.9658340839,48541.96583421443
6,NL0 2 Invest,investable,NL0 2,2,0.0,48541.9658340839,48541.96583421443
6,NL0 20 Invest,investable,NL0 20,1,0.0,59329.069352818755,59329.06935292875
6,NL0 21 Invest,investable,NL0 21,1,0.0,59329.069352818755,59329.06935292875
6,NL0 22 Invest,investable,NL0 22,3,1000.0,53935.51759344085,53935.51759357159
6,NL0 23 Invest,investable,NL0 23,1,1000.0,59329.069352818755,59329.06935292875
6,NL0 24 Invest,investable,NL0 24,1,0.0,59329.069352818755,59329.06935292875
6,NL0 25 Invest,investable,NL0 25,2,0.0,48541.9658340839,48541.96583421443
6,NL0 26 Invest,investable,NL0 26,2,1000.0,48541.9658340839,48541.96583421443
6,NL0 27 Invest,investable,NL0 27,1,0.0,59329.069352818755,59329.06935292875
6,NL0 28 Invest,investable,NL0 28,2,0.0,48541.9658340839,48541.96583421443
6,NL0 3 Invest,investable,NL0 3,1,1000.0,59329.069352818755,59329.06935292875
6,NL0 30 Invest,investable,NL0 30,1,1000.0,59329.069352818755,59329.06935292875
6,NL0 31 Invest,investable,NL0 31,2,0.0,48541.9658340839,48541.96583421443
6,NL0 33 Invest,investable,NL0 33,1,1000.0,59329.069352818755,59329.06935292875
6,NL0 4 Invest,investable,NL0 4,2,1000.0,48541.9658340839,48541.96583421443
6,NL0 5 Invest,investable,NL0 5,3,1000.0,53935.51759344085,53935.51759357159
6,NL0 6 Invest,investable,NL0 6,3,1000.0,53935.51759344085,53935.51759357159
6,NL0 7 Invest,investable,NL0 7,3,1000.0,53935.51759344085,53935.51759357159
6,NL0 8 Invest,investable,NL0 8,1,1000.0,59329.069352818755,59329.06935292875
6,NL0 9 Invest,investable,NL0 9,3,1000.0,53935.51759344085,53935.51759357159
6,NL0 1 biomass,legacy,NL0 1,3,71.0,53935.51759344085,53935.51759344085
6,NL0 1 waste,legacy,NL0 1,3,31.0,53935.51759344085,53935.51759344085
6,NL0 10 waste,legacy,NL0 10,1,150.0,59329.069352818755,59329.069352818755
6,NL0 11 biomass,legacy,NL0 11,3,20.0,53935.51759344085,53935.51759344085
6,NL0 11 waste,legacy,NL0 11,3,50.0,53935.51759344085,53935.51759344085
6,NL0 13 biomass,legacy,NL0 13,3,77.0,53935.51759344085,53935.51759344085
6,NL0 19 biomass,legacy,NL0 19,2,49.0,48541.9658340839,48541.9658340839
6,NL0 19 waste,legacy,NL0 19,2,36.0,48541.9658340839,48541.9658340839
6,NL0 22 biomass,legacy,NL0 22,3,500.0,53935.51759344085,53935.51759344085
6,NL0 25 waste,legacy,NL0 25,2,54.0,48541.9658340839,48541.9658340839
6,NL0 27 biomass,legacy,NL0 27,1,22.0,59329.069352818755,59329.069352818755
6,NL0 27 waste,legacy,NL0 27,1,71.2,59329.069352818755,59329.069352818755
6,NL0 3 biomass,legacy,NL0 3,1,22.0,59329.069352818755,59329.069352818755
6,NL0 3 waste,legacy,NL0 3,1,108.0,59329.069352818755,59329.069352818755
6,NL0 30 biomass,legacy,NL0 30,1,60.0,59329.069352818755,59329.069352818755
6,NL0 7 nuclear,legacy,NL0 7,3,515.0,53935.51759344085,53935.51759344085
6,NL0 7 waste,legacy,NL0 7,3,39.0,53935.51759344085,53935.51759344085
6,NL0 8 biomass,legacy,NL0 8,1,36.0,59329.069352818755,59329.069352818755
6,NL0 8 waste,legacy,NL0 8,1,157.0,59329.069352818755,59329.069352818755
6,NL0 9 biomass,legacy,NL0 9,3,20.0,53935.51759344085,53935.51759344085
6,NL0 0 0 solar,legacy,NL0 0,1,0.0,59329.069352818755,59329.06935281868
6,NL0 1 0 solar,legacy,NL0 1,3,0.0,53935.51759344085,53935.517593440774
6,NL0 10 0 solar,legacy,NL0 10,1,0.0,59329.069352818755,59329.06935281868
6,NL0 11 0 solar,legacy,NL0 11,3,0.0,53935.51759344085,53935.517593440774
6,NL0 12 0 solar,legacy,NL0 12,2,0.0,48541.9658340839,48541.965834083836
6,NL0 13 0 solar,legacy,NL0 13,3,0.0,53935.51759344085,53935.517593440774
6,NL0 14 0 solar,legacy,NL0 14,2,0.0,48541.9658340839,48541.965834083836
6,NL0 15 0 solar,legacy,NL0 15,2,0.0,48541.9658340839,48541.965834083836
6,NL0 16 0 solar,legacy,NL0 16,1,0.0,59329.069352818755,59329.06935281868
6,NL0 17 0 solar,legacy,NL0 17,1,0.0,59329.069352818755,59329.06935281868
6,NL0 18 0 solar,legacy,NL0 18,1,0.0,59329.069352818755,59329.06935281868
6,NL0 19 0 solar,legacy,NL0 19,2,0.0,48541.9658340839,48541.965834083836
6,NL0 2 0 solar,legacy,NL0 2,2,0.0,48541.9658340839,48541.965834083836
6,NL0 20 0 solar,legacy,NL0 20,1,0.0,59329.069352818755,59329.06935281868
6,NL0 21 0 solar,legacy,NL0 21,1,0.0,59329.069352818755,59329.06935281868
6,NL0 22 0 solar,legacy,NL0 22,3,0.0,53935.51759344085,53935.517593440774
6,NL0 23 0 solar,legacy,NL0 23,1,0.0,59329.069352818755,59329.06935281868
6,NL0 24 0 solar,legacy,NL0 24,1,0.0,59329.069352818755,59329.06935281868
6,NL0 25 0 solar,legacy,NL0 25,2,0.0,48541.9658340839,48541.965834083836
6,NL0 26 0 solar,legacy,NL0 26,2,0.0,48541.9658340839,48541.965834083836
6,NL0 27 0 solar,legacy,NL0 27,1,0.0,59329.069352818755,59329.06935281868
6,NL0 28 0 solar,legacy,NL0 28,2,0.0,48541.9658340839,48541.965834083836
6,NL0 3 0 solar,legacy,NL0 3,1,0.0,59329.069352818755,59329.06935281868
6,NL0 30 0 solar,legacy,NL0 30,1,0.0,59329.069352818755,59329.06935281868
6,NL0 31 0 solar,legacy,NL0 31,2,0.0,48541.9658340839,48541.965834083836
6,NL0 4 0 solar,legacy,NL0 4,2,0.0,48541.9658340839,48541.965834083836
6,NL0 5 0 solar,legacy,NL0 5,3,0.0,53935.51759344085,53935.517593440774
6,NL0 6 0 solar,legacy,NL0 6,3,0.0,53935.51759344085,53935.517593440774
6,NL0 7 0 solar,legacy,NL0 7,3,0.0,53935.51759344085,53935.517593440774
6,NL0 8 0 solar,legacy,NL0 8,1,0.0,59329.069352818755,59329.06935281868
6,NL0 9 0 solar,legacy,NL0 9,3,0.0,53935.51759344085,53935.517593440774
6,NL0 20 0 offwind-ac,legacy,NL0 20,1,0.0,59329.069352818755,59329.06935281868
6,NL0 27 0 offwind-ac,legacy,NL0 27,1,0.0,59329.069352818755,59329.06935281868
6,NL0 31 0 offwind-ac,legacy,NL0 31,2,0.0,48541.9658340839,48541.965834083836
6,NL0 32 0 offwind-ac,legacy,NL0 32,1,0.0,59329.069352818755,59329.06935281868
6,NL0 7 0 offwind-ac,legacy,NL0 7,3,0.0,53935.51759344085,53935.517593440774
6,NL0 0 0 onwind,legacy,NL0 0,1,0.0,59329.069352818755,59329.06935281868
6,NL0 1 0 onwind,legacy,NL0 1,3,0.0,53935.51759344085,53935.517593440774
6,NL0 10 0 onwind,legacy,NL0 10,1,0.0,59329.069352818755,59329.06935281868
6,NL0 11 0 onwind,legacy,NL0 11,3,0.0,53935.51759344085,53935.517593440774
6,NL0 12 0 onwind,legacy,NL0 12,2,0.0,48541.9658340839,48541.965834083836
6,NL0 13 0 onwind,legacy,NL0 13,3,0.0,53935.51759344085,53935.517593440774
6,NL0 14 0 onwind,legacy,NL0 14,2,0.0,48541.9658340839,48541.965834083836
6,NL0 15 0 onwind,legacy,NL0 15,2,0.0,48541.9658340839,48541.965834083836
6,NL0 17 0 onwind,legacy,NL0 17,1,0.0,59329.069352818755,59329.06935281868
6,NL0 19 0 onwind,legacy,NL0 19,2,0.0,48541.9658340839,48541.965834083836
6,NL0 2 0 onwind,legacy,NL0 2,2,0.0,48541.9658340839,48541.965834083836
6,NL0 20 0 onwind,legacy,NL0 20,1,0.0,59329.069352818755,59329.06935281868
6,NL0 21 0 onwind,legacy,NL0 21,1,0.0,59329.069352818755,59329.06935281868
6,NL0 22 0 onwind,legacy,NL0 22,3,0.0,53935.51759344085,53935.517593440774
6,NL0 23 0 onwind,legacy,NL0 23,1,0.0,59329.069352818755,59329.06935281868
6,NL0 24 0 onwind,legacy,NL0 24,1,0.0,59329.069352818755,59329.06935281868
6,NL0 27 0 onwind,legacy,NL0 27,1,0.0,59329.069352818755,59329.06935281868
6,NL0 3 0 onwind,legacy,NL0 3,1,0.0,59329.069352818755,59329.06935281868
6,NL0 30 0 onwind,legacy,NL0 30,1,0.0,59329.069352818755,59329.06935281868
6,NL0 31 0 onwind,legacy,NL0 31,2,0.0,48541.9658340839,48541.965834083836
6,NL0 4 0 onwind,legacy,NL0 4,2,0.0,48541.9658340839,48541.965834083836
6,NL0 5 0 onwind,legacy,NL0 5,3,0.0,53935.51759344085,53935.517593440774
6,NL0 6 0 onwind,legacy,NL0 6,3,0.0,53935.51759344085,53935.517593440774
6,NL0 7 0 onwind,legacy,NL0 7,3,0.0,53935.51759344085,53935.517593440774
6,NL0 8 0 onwind,legacy,NL0 8,1,0.0,59329.069352818755,59329.06935281868
6,NL0 9 0 onwind,legacy,NL0 9,3,0.0,53935.51759344085,53935.517593440774
7,NL0 0 Invest,investable,NL0 0,1,0.0,59329.069352818755,59329.06935292875
7,NL0 1 Invest,investable,NL0 1,3,1000.0,53935.51759344085,53935.51759357159
7,NL0 10 Invest,investable,NL0 10,1,0.0,59329.069352818755,59329.06935292875
7,NL0 11 Invest,investable,NL0 11,3,1000.0,53935.51759344085,53935.51759357159
7,NL0 12 Invest,investable,NL0 12,2,421.30931852923914,48541.9658340839,48541.96583421443
7,NL0 13 Invest,investable,NL0 13,3,1000.0,53935.51759344085,53935.51759357159
7,NL0 14 Invest,investable,NL0 14,2,1000.0,48541.9658340839,48541.96583421443
7,NL0 15 Invest,investable,NL0 15,2,0.0,48541.9658340839,48541.96583421443
7,NL0 16 Invest,investable,NL0 16,1,1000.0,59329.069352818755,59329.06935292875
7,NL0 17 Invest,investable,NL0 17,1,0.0,59329.069352818755,59329.06935292875
7,NL0 18 Invest,investable,NL0 18,1,601.5467025248663,59329.069352818755,59329.06935292875
7,NL0 19 Invest,investable,NL0 19,2,0.0,48541.9658340839,48541.96583421443
7,NL0 2 Invest,investable,NL0 2,2,0.0,48541.9658340839,48541.96583421443
7,NL0 20 Invest,investable,NL0 20,1,0.0,59329.069352818755,59329.06935292875
7,NL0 21 Invest,investable,NL0 21,1,0.0,59329.069352818755,59329.06935292875
7,NL0 22 Invest,investable,NL0 22,3,0.0,53935.51759344085,53935.51759357159
7,NL0 23 Invest,investable,NL0 23,1,1000.0,59329.069352818755,59329.06935292875
7,NL0 24 Invest,investable,NL0 24,1,0.0,59329.069352818755,59329.06935292875
7,NL0 25 Invest,investable,NL0 25,2,0.0,48541.9658340839,48541.96583421443
7,NL0 26 Invest,investable,NL0 26,2,0.0,48541.9658340839,48541.96583421443
7,NL0 27 Invest,investable,NL0 27,1,0.0,59329.069352818755,59329.06935292875
7,NL0 28 Invest,investable,NL0 28,2,1000.0,48541.9658340839,48541.96583421443
7,NL0 3 Invest,investable,NL0 3,1,1000.0,59329.069352818755,59329.06935292875
7,NL0 30 Invest,investable,NL0 30,1,1000.0,59329.069352818755,59329.06935292875
7,NL0 31 Invest,investable,NL0 31,2,0.0,48541.9658340839,48541.96583421443
7,NL0 33 Invest,investable,NL0 33,1,1000.0,59329.069352818755,59329.06935292875
7,NL0 4 Invest,investable,NL0 4,2,0.0,48541.9658340839,48541.96583421443
7,NL0 5 Invest,investable,NL0 5,3,678.1047541590287,53935.51759344085,53935.51759357159
7,NL0 6 Invest,investable,NL0 6,3,1000.0,53935.51759344085,53935.51759357159
7,NL0 7 Invest,investable,NL0 7,3,0.0,53935.51759344085,53935.51759357159
7,NL0 8 Invest,investable,NL0 8,1,1000.0,59329.069352818755,59329.06935292875
7,NL0 9 Invest,investable,NL0 9,3,1000.0,53935.51759344085,53935.51759357159
7,NL0 1 biomass,legacy,NL0 1,3,71.0,53935.51759344085,53935.51759344085
7,NL0 1 waste,legacy,NL0 1,3,31.0,53935.51759344085,53935.51759344085
7,NL0 10 waste,legacy,NL0 10,1,150.0,59329.069352818755,59329.069352818755
7,NL0 11 biomass,legacy,NL0 11,3,20.0,53935.51759344085,53935.51759344085
7,NL0 11 waste,legacy,NL0 11,3,50.0,53935.51759344085,53935.51759344085
7,NL0 13 biomass,legacy,NL0 13,3,77.0,53935.51759344085,53935.51759344085
7,NL0 19 biomass,legacy,NL0 19,2,49.0,48541.9658340839,48541.9658340839
7,NL0 19 waste,legacy,NL0 19,2,36.0,48541.9658340839,48541.9658340839
7,NL0 22 biomass,legacy,NL0 22,3,500.0,53935.51759344085,53935.51759344085
7,NL0 25 waste,legacy,NL0 25,2,54.0,48541.9658340839,48541.9658340839
7,NL0 27 biomass,legacy,NL0 27,1,22.0,59329.069352818755,59329.069352818755
7,NL0 27 waste,legacy,NL0 27,1,71.2,59329.069352818755,59329.069352818755
7,NL0 3 biomass,legacy,NL0 3,1,22.0,59329.069352818755,59329.069352818755
7,NL0 3 waste,legacy,NL0 3,1,108.0,59329.069352818755,59329.069352818755
7,NL0 30 biomass,legacy,NL0 30,1,60.0,59329.069352818755,59329.069352818755
7,NL0 7 nuclear,legacy,NL0 7,3,515.0,53935.51759344085,53935.51759344085
7,NL0 7 waste,legacy,NL0 7,3,39.0,53935.51759344085,53935.51759344085
7,NL0 8 biomass,legacy,NL0 8,1,36.0,59329.069352818755,59329.069352818755
7,NL0 8 waste,legacy,NL0 8,1,157.0,59329.069352818755,59329.069352818755
7,NL0 9 biomass,legacy,NL0 9,3,20.0,53935.51759344085,53935.51759344085
7,NL0 0 0 solar,legacy,NL0 0,1,0.0,59329.069352818755,59329.06935281868
7,NL0 1 0 solar,legacy,NL0 1,3,0.0,53935.51759344085,53935.517593440774
7,NL0 10 0 solar,legacy,NL0 10,1,0.0,59329.069352818755,59329.06935281868
7,NL0 11 0 solar,legacy,NL0 11,3,0.0,53935.51759344085,53935.517593440774
7,NL0 12 0 solar,legacy,NL0 12,2,0.0,48541.9658340839,48541.965834083836
7,NL0 13 0 solar,legacy,NL0 13,3,0.0,53935.51759344085,53935.517593440774
7,NL0 14 0 solar,legacy,NL0 14,2,0.0,48541.9658340839,48541.965834083836
7,NL0 15 0 solar,legacy,NL0 15,2,0.0,48541.9658340839,48541.965834083836
7,NL0 16 0 solar,legacy,NL0 16,1,0.0,59329.069352818755,59329.06935281868
7,NL0 17 0 solar,legacy,NL0 17,1,0.0,59329.069352818755,59329.06935281868
7,NL0 18 0 solar,legacy,NL0 18,1,0.0,59329.069352818755,59329.06935281868
7,NL0 19 0 solar,legacy,NL0 19,2,0.0,48541.9658340839,48541.965834083836
7,NL0 2 0 solar,legacy,NL0 2,2,0.0,48541.9658340839,48541.965834083836
7,NL0 20 0 solar,legacy,NL0 20,1,0.0,59329.069352818755,59329.06935281868
7,NL0 21 0 solar,legacy,NL0 21,1,0.0,59329.069352818755,59329.06935281868
7,NL0 22 0 solar,legacy,NL0 22,3,0.0,53935.51759344085,53935.517593440774
7,NL0 23 0 solar,legacy,NL0 23,1,0.0,59329.069352818755,59329.06935281868
7,NL0 24 0 solar,legacy,NL0 24,1,0.0,59329.069352818755,59329.06935281868
7,NL0 25 0 solar,legacy,NL0 25,2,0.0,48541.9658340839,48541.965834083836
7,NL0 26 0 solar,legacy,NL0 26,2,0.0,48541.9658340839,48541.965834083836
7,NL0 27 0 solar,legacy,NL0 27,1,0.0,59329.069352818755,59329.06935281868
7,NL0 28 0 solar,legacy,NL0 28,2,0.0,48541.9658340839,48541.965834083836
7,NL0 3 0 solar,legacy,NL0 3,1,0.0,59329.069352818755,59329.06935281868
7,NL0 30 0 solar,legacy,NL0 30,1,0.0,59329.069352818755,59329.06935281868
7,NL0 31 0 solar,legacy,NL0 31,2,0.0,48541.9658340839,48541.965834083836
7,NL0 4 0 solar,legacy,NL0 4,2,0.0,48541.9658340839,48541.965834083836
7,NL0 5 0 solar,legacy,NL0 5,3,0.0,53935.51759344085,53935.517593440774
7,NL0 6 0 solar,legacy,NL0 6,3,0.0,53935.51759344085,53935.517593440774
7,NL0 7 0 solar,legacy,NL0 7,3,0.0,53935.51759344085,53935.517593440774
7,NL0 8 0 solar,legacy,NL0 8,1,0.0,59329.069352818755,59329.06935281868
7,NL0 9 0 solar,legacy,NL0 9,3,0.0,53935.51759344085,53935.517593440774
7,NL0 20 0 offwind-ac,legacy,NL0 20,1,0.0,59329.069352818755,59329.06935281868
7,NL0 27 0 offwind-ac,legacy,NL0 27,1,0.0,59329.069352818755,59329.06935281868
7,NL0 31 0 offwind-ac,legacy,NL0 31,2,0.0,48541.9658340839,48541.965834083836
7,NL0 32 0 offwind-ac,legacy,NL0 32,1,0.0,59329.069352818755,59329.06935281868
7,NL0 7 0 offwind-ac,legacy,NL0 7,3,0.0,53935.51759344085,53935.517593440774
7,NL0 0 0 onwind,legacy,NL0 0,1,0.0,59329.069352818755,59329.06935281868
7,NL0 1 0 onwind,legacy,NL0 1,3,0.0,53935.51759344085,53935.517593440774
7,NL0 10 0 onwind,legacy,NL0 10,1,0.0,59329.069352818755,59329.06935281868
7,NL0 11 0 onwind,legacy,NL0 11,3,0.0,53935.51759344085,53935.517593440774
7,NL0 12 0 onwind,legacy,NL0 12,2,0.0,48541.9658340839,48541.965834083836
7,NL0 13 0 onwind,legacy,NL0 13,3,0.0,53935.51759344085,53935.517593440774
7,NL0 14 0 onwind,legacy,NL0 14,2,0.0,48541.9658340839,48541.965834083836
7,NL0 15 0 onwind,legacy,NL0 15,2,0.0,48541.9658340839,48541.965834083836
7,NL0 17 0 onwind,legacy,NL0 17,1,0.0,59329.069352818755,59329.06935281868
7,NL0 19 0 onwind,legacy,NL0 19,2,0.0,48541.9658340839,48541.965834083836
7,NL0 2 0 onwind,legacy,NL0 2,2,0.0,48541.9658340839,48541.965834083836
7,NL0 20 0 onwind,legacy,NL0 20,1,0.0,59329.069352818755,59329.06935281868
7,NL0 21 0 onwind,legacy,NL0 21,1,0.0,59329.069352818755,59329.06935281868
7,NL0 22 0 onwind,legacy,NL0 22,3,0.0,53935.51759344085,53935.517593440774
7,NL0 23 0 onwind,legacy,NL0 23,1,0.0,59329.069352818755,59329.06935281868
7,NL0 24 0 onwind,legacy,NL0 24,1,0.0,59329.069352818755,59329.06935281868
7,NL0 27 0 onwind,legacy,NL0 27,1,0.0,59329.069352818755,59329.06935281868
7,NL0 3 0 onwind,legacy,NL0 3,1,0.0,59329.069352818755,59329.06935281868
7,NL0 30 0 onwind,legacy,NL0 30,1,0.0,59329.069352818755,59329.06935281868
7,NL0 31 0 onwind,legacy,NL0 31,2,0.0,48541.9658340839,48541.965834083836
7,NL0 4 0 onwind,legacy,NL0 4,2,0.0,48541.9658340839,48541.965834083836
7,NL0 5 0 onwind,legacy,NL0 5,3,0.0,53935.51759344085,53935.517593440774
7,NL0 6 0 onwind,legacy,NL0 6,3,0.0,53935.51759344085,53935.517593440774
7,NL0 7 0 onwind,legacy,NL0 7,3,0.0,53935.51759344085,53935.517593440774
7,NL0 8 0 onwind,legacy,NL0 8,1,0.0,59329.069352818755,59329.06935281868
7,NL0 9 0 onwind,legacy,NL0 9,3,0.0,53935.51759344085,53935.517593440774
8,NL0 0 Invest,investable,NL0 0,1,1000.0,59329.069352818755,59329.06935292875
8,NL0 1 Invest,investable,NL0 1,3,0.0,53935.51759344085,53935.51759357159
8,NL0 10 Invest,investable,NL0 10,1,1000.0,59329.069352818755,59329.06935292875
8,NL0 11 Invest,investable,NL0 11,3,0.0,53935.51759344085,53935.51759357159
8,NL0 12 Invest,investable,NL0 12,2,0.0,48541.9658340839,48541.96583421443
8,NL0 13 Invest,investable,NL0 13,3,678.1047541590287,53935.51759344085,53935.51759357159
8,NL0 14 Invest,investable,NL0 14,2,0.0,48541.9658340839,48541.96583421443
8,NL0 15 Invest,investable,NL0 15,2,421.30931852923914,48541.9658340839,48541.96583421443
8,NL0 16 Invest,investable,NL0 16,1,0.0,59329.069352818755,59329.06935292875
8,NL0 17 Invest,investable,NL0 17,1,1000.0,59329.069352818755,59329.06935292875
8,NL0 18 Invest,investable,NL0 18,1,0.0,59329.069352818755,59329.06935292875
8,NL0 19 Invest,investable,NL0 19,2,0.0,48541.9658340839,48541.96583421443
8,NL0 2 Invest,investable,NL0 2,2,0.0,48541.9658340839,48541.96583421443
8,NL0 20 Invest,investable,NL0 20,1,1000.0,59329.069352818755,59329.06935292875
8,NL0 21 Invest,investable,NL0 21,1,601.5467025248663,59329.069352818755,59329.06935292875
8,NL0 22 Invest,investable,NL0 22,3,1000.0,53935.51759344085,53935.51759357159
8,NL0 23 Invest,investable,NL0 23,1,0.0,59329.069352818755,59329.06935292875
8,NL0 24 Invest,investable,NL0 24,1,1000.0,59329.069352818755,59329.06935292875
8,NL0 25 Invest,investable,NL0 25,2,0.0,48541.9658340839,48541.96583421443
8,NL0 26 Invest,investable,NL0 26,2,1000.0,48541.9658340839,48541.96583421443
8,NL0 27 Invest,investable,NL0 27,1,1000.0,59329.069352818755,59329.06935292875
8,NL0 28 Invest,investable,NL0 28,2,0.0,48541.9658340839,48541.96583421443
8,NL0 3 Invest,investable,NL0 3,1,0.0,59329.069352818755,59329.06935292875
8,NL0 30 Invest,investable,NL0 30,1,0.0,59329.069352818755,59329.06935292875
8,NL0 31 Invest,investable,NL0 31,2,0.0,48541.9658340839,48541.96583421443
8,NL0 33 Invest,investable,NL0 33,1,0.0,59329.069352818755,59329.06935292875
8,NL0 4 Invest,investable,NL0 4,2,1000.0,48541.9658340839,48541.96583421443
8,NL0 5 Invest,investable,NL0 5,3,1000.0,53935.51759344085,53935.51759357159
8,NL0 6 Invest,investable,NL0 6,3,1000.0,53935.51759344085,53935.51759357159
8,NL0 7 Invest,investable,NL0 7,3,1000.0,53935.51759344085,53935.51759357159
8,NL0 8 Invest,investable,NL0 8,1,0.0,59329.069352818755,59329.06935292875
8,NL0 9 Invest,investable,NL0 9,3,1000.0,53935.51759344085,53935.51759357159
8,NL0 1 biomass,legacy,NL0 1,3,71.0,53935.51759344085,53935.51759344085
8,NL0 1 waste,legacy,NL0 1,3,31.0,53935.51759344085,53935.51759344085
8,NL0 10 waste,legacy,NL0 10,1,150.0,59329.069352818755,59329.069352818755
8,NL0 11 biomass,legacy,NL0 11,3,20.0,53935.51759344085,53935.51759344085
8,NL0 11 waste,legacy,NL0 11,3,50.0,53935.51759344085,53935.51759344085
8,NL0 13 biomass,legacy,NL0 13,3,77.0,53935.51759344085,53935.51759344085
8,NL0 19 biomass,legacy,NL0 19,2,49.0,48541.9658340839,48541.9658340839
8,NL0 19 waste,legacy,NL0 19,2,36.0,48541.9658340839,48541.9658340839
8,NL0 22 biomass,legacy,NL0 22,3,500.0,53935.51759344085,53935.51759344085
8,NL0 25 waste,legacy,NL0 25,2,54.0,48541.9658340839,48541.9658340839
8,NL0 27 biomass,legacy,NL0 27,1,22.0,59329.069352818755,59329.069352818755
8,NL0 27 waste,legacy,NL0 27,1,71.2,59329.069352818755,59329.069352818755
8,NL0 3 biomass,legacy,NL0 3,1,22.0,59329.069352818755,59329.069352818755
8,NL0 3 waste,legacy,NL0 3,1,108.0,59329.069352818755,59329.069352818755
8,NL0 30 biomass,legacy,NL0 30,1,60.0,59329.069352818755,59329.069352818755
8,NL0 7 nuclear,legacy,NL0 7,3,515.0,53935.51759344085,53935.51759344085
8,NL0 7 waste,legacy,NL0 7,3,39.0,53935.51759344085,53935.51759344085
8,NL0 8 biomass,legacy,NL0 8,1,36.0,59329.069352818755,59329.069352818755
8,NL0 8 waste,legacy,NL0 8,1,157.0,59329.069352818755,59329.069352818755
8,NL0 9 biomass,legacy,NL0 9,3,20.0,53935.51759344085,53935.51759344085
8,NL0 0 0 solar,legacy,NL0 0,1,0.0,59329.069352818755,59329.06935281868
8,NL0 1 0 solar,legacy,NL0 1,3,0.0,53935.51759344085,53935.517593440774
8,NL0 10 0 solar,legacy,NL0 10,1,0.0,59329.069352818755,59329.06935281868
8,NL0 11 0 solar,legacy,NL0 11,3,0.0,53935.51759344085,53935.517593440774
8,NL0 12 0 solar,legacy,NL0 12,2,0.0,48541.9658340839,48541.965834083836
8,NL0 13 0 solar,legacy,NL0 13,3,0.0,53935.51759344085,53935.517593440774
8,NL0 14 0 solar,legacy,NL0 14,2,0.0,48541.9658340839,48541.965834083836
8,NL0 15 0 solar,legacy,NL0 15,2,0.0,48541.9658340839,48541.965834083836
8,NL0 16 0 solar,legacy,NL0 16,1,0.0,59329.069352818755,59329.06935281868
8,NL0 17 0 solar,legacy,NL0 17,1,0.0,59329.069352818755,59329.06935281868
8,NL0 18 0 solar,legacy,NL0 18,1,0.0,59329.069352818755,59329.06935281868
8,NL0 19 0 solar,legacy,NL0 19,2,0.0,48541.9658340839,48541.965834083836
8,NL0 2 0 solar,legacy,NL0 2,2,0.0,48541.9658340839,48541.965834083836
8,NL0 20 0 solar,legacy,NL0 20,1,0.0,59329.069352818755,59329.06935281868
8,NL0 21 0 solar,legacy,NL0 21,1,0.0,59329.069352818755,59329.06935281868
8,NL0 22 0 solar,legacy,NL0 22,3,0.0,53935.51759344085,53935.517593440774
8,NL0 23 0 solar,legacy,NL0 23,1,0.0,59329.069352818755,59329.06935281868
8,NL0 24 0 solar,legacy,NL0 24,1,0.0,59329.069352818755,59329.06935281868
8,NL0 25 0 solar,legacy,NL0 25,2,0.0,48541.9658340839,48541.965834083836
8,NL0 26 0 solar,legacy,NL0 26,2,0.0,48541.9658340839,48541.965834083836
8,NL0 27 0 solar,legacy,NL0 27,1,0.0,59329.069352818755,59329.06935281868
8,NL0 28 0 solar,legacy,NL0 28,2,0.0,48541.9658340839,48541.965834083836
8,NL0 3 0 solar,legacy,NL0 3,1,0.0,59329.069352818755,59329.06935281868
8,NL0 30 0 solar,legacy,NL0 30,1,0.0,59329.069352818755,59329.06935281868
8,NL0 31 0 solar,legacy,NL0 31,2,0.0,48541.9658340839,48541.965834083836
8,NL0 4 0 solar,legacy,NL0 4,2,0.0,48541.9658340839,48541.965834083836
8,NL0 5 0 solar,legacy,NL0 5,3,0.0,53935.51759344085,53935.517593440774
8,NL0 6 0 solar,legacy,NL0 6,3,0.0,53935.51759344085,53935.517593440774
8,NL0 7 0 solar,legacy,NL0 7,3,0.0,53935.51759344085,53935.517593440774
8,NL0 8 0 solar,legacy,NL0 8,1,0.0,59329.069352818755,59329.06935281868
8,NL0 9 0 solar,legacy,NL0 9,3,0.0,53935.51759344085,53935.517593440774
8,NL0 20 0 offwind-ac,legacy,NL0 20,1,0.0,59329.069352818755,59329.06935281868
8,NL0 27 0 offwind-ac,legacy,NL0 27,1,0.0,59329.069352818755,59329.06935281868
8,NL0 31 0 offwind-ac,legacy,NL0 31,2,0.0,48541.9658340839,48541.965834083836
8,NL0 32 0 offwind-ac,legacy,NL0 32,1,0.0,59329.069352818755,59329.06935281868
8,NL0 7 0 offwind-ac,legacy,NL0 7,3,0.0,53935.51759344085,53935.517593440774
8,NL0 0 0 onwind,legacy,NL0 0,1,0.0,59329.069352818755,59329.06935281868
8,NL0 1 0 onwind,legacy,NL0 1,3,0.0,53935.51759344085,53935.517593440774
8,NL0 10 0 onwind,legacy,NL0 10,1,0.0,59329.069352818755,59329.06935281868
8,NL0 11 0 onwind,legacy,NL0 11,3,0.0,53935.51759344085,53935.517593440774
8,NL0 12 0 onwind,legacy,NL0 12,2,0.0,48541.9658340839,48541.965834083836
8,NL0 13 0 onwind,legacy,NL0 13,3,0.0,53935.51759344085,53935.517593440774
8,NL0 14 0 onwind,legacy,NL0 14,2,0.0,48541.9658340839,48541.965834083836
8,NL0 15 0 onwind,legacy,NL0 15,2,0.0,48541.9658340839,48541.965834083836
8,NL0 17 0 onwind,legacy,NL0 17,1,0.0,59329.069352818755,59329.06935281868
8,NL0 19 0 onwind,legacy,NL0 19,2,0.0,48541.9658340839,48541.965834083836
8,NL0 2 0 onwind,legacy,NL0 2,2,0.0,48541.9658340839,48541.965834083836
8,NL0 20 0 onwind,legacy,NL0 20,1,0.0,59329.069352818755,59329.06935281868
8,NL0 21 0 onwind,legacy,NL0 21,1,0.0,59329.069352818755,59329.06935281868
8,NL0 22 0 onwind,legacy,NL0 22,3,0.0,53935.51759344085,53935.517593440774
8,NL0 23 0 onwind,legacy,NL0 23,1,0.0,59329.069352818755,59329.06935281868
8,NL0 24 0 onwind,legacy,NL0 24,1,0.0,59329.069352818755,59329.06935281868
8,NL0 27 0 onwind,legacy,NL0 27,1,0.0,59329.069352818755,59329.06935281868
8,NL0 3 0 onwind,legacy,NL0 3,1,0.0,59329.069352818755,59329.06935281868
8,NL0 30 0 onwind,legacy,NL0 30,1,0.0,59329.069352818755,59329.06935281868
8,NL0 31 0 onwind,legacy,NL0 31,2,0.0,48541.9658340839,48541.965834083836
8,NL0 4 0 onwind,legacy,NL0 4,2,0.0,48541.9658340839,48541.965834083836
8,NL0 5 0 onwind,legacy,NL0 5,3,0.0,53935.51759344085,53935.517593440774
8,NL0 6 0 onwind,legacy,NL0 6,3,0.0,53935.51759344085,53935.517593440774
8,NL0 7 0 onwind,legacy,NL0 7,3,0.0,53935.51759344085,53935.517593440774
8,NL0 8 0 onwind,legacy,NL0 8,1,0.0,59329.069352818755,59329.06935281868
8,NL0 9 0 onwind,legacy,NL0 9,3,0.0,53935.51759344085,53935.517593440774
9,NL0 0 Invest,investable,NL0 0,1,1000.0,59329.069352818755,59329.06935292875
9,NL0 1 Invest,investable,NL0 1,3,0.0,53935.51759344085,53935.51759357159
9,NL0 10 Invest,investable,NL0 10,1,1000.0,59329.069352818755,59329.06935292875
9,NL0 11 Invest,investable,NL0 11,3,0.0,53935.51759344085,53935.51759357159
9,NL0 12 Invest,investable,NL0 12,2,0.0,48541.9658340839,48541.96583421443
9,NL0 13 Invest,investable,NL0 13,3,678.1047541590287,53935.51759344085,53935.51759357159
9,NL0 14 Invest,investable,NL0 14,2,1000.0,48541.9658340839,48541.96583421443
9,NL0 15 Invest,investable,NL0 15,2,0.0,48541.9658340839,48541.96583421443
9,NL0 16 Invest,investable,NL0 16,1,0.0,59329.069352818755,59329.06935292875
9,NL0 17 Invest,investable,NL0 17,1,1000.0,59329.069352818755,59329.06935292875
9,NL0 18 Invest,investable,NL0 18,1,0.0,59329.069352818755,59329.06935292875
9,NL0 19 Invest,investable,NL0 19,2,0.0,48541.9658340839,48541.96583421443
9,NL0 2 Invest,investable,NL0 2,2,0.0,48541.9658340839,48541.96583421443
9,NL0 20 Invest,investable,NL0 20,1,1000.0,59329.069352818755,59329.06935292875
9,NL0 21 Invest,investable,NL0 21,1,601.5467025248663,59329.069352818755,59329.06935292875
9,NL0 22 Invest,investable,NL0 22,3,1000.0,53935.51759344085,53935.51759357159
9,NL0 23 Invest,investable,NL0 23,1,0.0,59329.069352818755,59329.06935292875
9,NL0 24 Invest,investable,NL0 24,1,1000.0,59329.069352818755,59329.06935292875
9,NL0 25 Invest,investable,NL0 25,2,0.0,48541.9658340839,48541.96583421443
9,NL0 26 Invest,investable,NL0 26,2,1000.0,48541.9658340839,48541.96583421443
9,NL0 27 Invest,investable,NL0 27,1,1000.0,59329.069352818755,59329.06935292875
9,NL0 28 Invest,investable,NL0 28,2,0.0,48541.9658340839,48541.96583421443
9,NL0 3 Invest,investable,NL0 3,1,0.0,59329.069352818755,59329.06935292875
9,NL0 30 Invest,investable,NL0 30,1,0.0,59329.069352818755,59329.06935292875
9,NL0 31 Invest,investable,NL0 31,2,0.0,48541.9658340839,48541.96583421443
9,NL0 33 Invest,investable,NL0 33,1,0.0,59329.069352818755,59329.06935292875
9,NL0 4 Invest,investable,NL0 4,2,421.30931852923914,48541.9658340839,48541.96583421443
9,NL0 5 Invest,investable,NL0 5,3,1000.0,53935.51759344085,53935.51759357159
9,NL0 6 Invest,investable,NL0 6,3,1000.0,53935.51759344085,53935.51759357159
9,NL0 7 Invest,investable,NL0 7,3,1000.0,53935.51759344085,53935.51759357159
9,NL0 8 Invest,investable,NL0 8,1,0.0,59329.069352818755,59329.06935292875
9,NL0 9 Invest,investable,NL0 9,3,1000.0,53935.51759344085,53935.51759357159
9,NL0 1 biomass,legacy,NL0 1,3,71.0,53935.51759344085,53935.51759344085
9,NL0 1 waste,legacy,NL0 1,3,31.0,53935.51759344085,53935.51759344085
9,NL0 10 waste,legacy,NL0 10,1,150.0,59329.069352818755,59329.069352818755
9,NL0 11 biomass,legacy,NL0 11,3,20.0,53935.51759344085,53935.51759344085
9,NL0 11 waste,legacy,NL0 11,3,50.0,53935.51759344085,53935.51759344085
9,NL0 13 biomass,legacy,NL0 13,3,77.0,53935.51759344085,53935.51759344085
9,NL0 19 biomass,legacy,NL0 19,2,49.0,48541.9658340839,48541.9658340839
9,NL0 19 waste,legacy,NL0 19,2,36.0,48541.9658340839,48541.9658340839
9,NL0 22 biomass,legacy,NL0 22,3,500.0,53935.51759344085,53935.51759344085
9,NL0 25 waste,legacy,NL0 25,2,54.0,48541.9658340839,48541.9658340839
9,NL0 27 biomass,legacy,NL0 27,1,22.0,59329.069352818755,59329.069352818755
9,NL0 27 waste,legacy,NL0 27,1,71.2,59329.069352818755,59329.069352818755
9,NL0 3 biomass,legacy,NL0 3,1,22.0,59329.069352818755,59329.069352818755
9,NL0 3 waste,legacy,NL0 3,1,108.0,59329.069352818755,59329.069352818755
9,NL0 30 biomass,legacy,NL0 30,1,60.0,59329.069352818755,59329.069352818755
9,NL0 7 nuclear,legacy,NL0 7,3,515.0,53935.51759344085,53935.51759344085
9,NL0 7 waste,legacy,NL0 7,3,39.0,53935.51759344085,53935.51759344085
9,NL0 8 biomass,legacy,NL0 8,1,36.0,59329.069352818755,59329.069352818755
9,NL0 8 waste,legacy,NL0 8,1,157.0,59329.069352818755,59329.069352818755
9,NL0 9 biomass,legacy,NL0 9,3,20.0,53935.51759344085,53935.51759344085
9,NL0 0 0 solar,legacy,NL0 0,1,0.0,59329.069352818755,59329.06935281868
9,NL0 1 0 solar,legacy,NL0 1,3,0.0,53935.51759344085,53935.517593440774
9,NL0 10 0 solar,legacy,NL0 10,1,0.0,59329.069352818755,59329.06935281868
9,NL0 11 0 solar,legacy,NL0 11,3,0.0,53935.51759344085,53935.517593440774
9,NL0 12 0 solar,legacy,NL0 12,2,0.0,48541.9658340839,48541.965834083836
9,NL0 13 0 solar,legacy,NL0 13,3,0.0,53935.51759344085,53935.517593440774
9,NL0 14 0 solar,legacy,NL0 14,2,0.0,48541.9658340839,48541.965834083836
9,NL0 15 0 solar,legacy,NL0 15,2,0.0,48541.9658340839,48541.965834083836
9,NL0 16 0 solar,legacy,NL0 16,1,0.0,59329.069352818755,59329.06935281868
9,NL0 17 0 solar,legacy,NL0 17,1,0.0,59329.069352818755,59329.06935281868
9,NL0 18 0 solar,legacy,NL0 18,1,0.0,59329.069352818755,59329.06935281868
9,NL0 19 0 solar,legacy,NL0 19,2,0.0,48541.9658340839,48541.965834083836
9,NL0 2 0 solar,legacy,NL0 2,2,0.0,48541.9658340839,48541.965834083836
9,NL0 20 0 solar,legacy,NL0 20,1,0.0,59329.069352818755,59329.06935281868
9,NL0 21 0 solar,legacy,NL0 21,1,0.0,59329.069352818755,59329.06935281868
9,NL0 22 0 solar,legacy,NL0 22,3,0.0,53935.51759344085,53935.517593440774
9,NL0 23 0 solar,legacy,NL0 23,1,0.0,59329.069352818755,59329.06935281868
9,NL0 24 0 solar,legacy,NL0 24,1,0.0,59329.069352818755,59329.06935281868
9,NL0 25 0 solar,legacy,NL0 25,2,0.0,48541.9658340839,48541.965834083836
9,NL0 26 0 solar,legacy,NL0 26,2,0.0,48541.9658340839,48541.965834083836
9,NL0 27 0 solar,legacy,NL0 27,1,0.0,59329.069352818755,59329.06935281868
9,NL0 28 0 solar,legacy,NL0 28,2,0.0,48541.9658340839,48541.965834083836
9,NL0 3 0 solar,legacy,NL0 3,1,0.0,59329.069352818755,59329.06935281868
9,NL0 30 0 solar,legacy,NL0 30,1,0.0,59329.069352818755,59329.06935281868
9,NL0 31 0 solar,legacy,NL0 31,2,0.0,48541.9658340839,48541.965834083836
9,NL0 4 0 solar,legacy,NL0 4,2,0.0,48541.9658340839,48541.965834083836
9,NL0 5 0 solar,legacy,NL0 5,3,0.0,53935.51759344085,53935.517593440774
9,NL0 6 0 solar,legacy,NL0 6,3,0.0,53935.51759344085,53935.517593440774
9,NL0 7 0 solar,legacy,NL0 7,3,0.0,53935.51759344085,53935.517593440774
9,NL0 8 0 solar,legacy,NL0 8,1,0.0,59329.069352818755,59329.06935281868
9,NL0 9 0 solar,legacy,NL0 9,3,0.0,53935.51759344085,53935.517593440774
9,NL0 20 0 offwind-ac,legacy,NL0 20,1,0.0,59329.069352818755,59329.06935281868
9,NL0 27 0 offwind-ac,legacy,NL0 27,1,0.0,59329.069352818755,59329.06935281868
9,NL0 31 0 offwind-ac,legacy,NL0 31,2,0.0,48541.9658340839,48541.965834083836
9,NL0 32 0 offwind-ac,legacy,NL0 32,1,0.0,59329.069352818755,59329.06935281868
9,NL0 7 0 offwind-ac,legacy,NL0 7,3,0.0,53935.51759344085,53935.517593440774
9,NL0 0 0 onwind,legacy,NL0 0,1,0.0,59329.069352818755,59329.06935281868
9,NL0 1 0 onwind,legacy,NL0 1,3,0.0,53935.51759344085,53935.517593440774
9,NL0 10 0 onwind,legacy,NL0 10,1,0.0,59329.069352818755,59329.06935281868
9,NL0 11 0 onwind,legacy,NL0 11,3,0.0,53935.51759344085,53935.517593440774
9,NL0 12 0 onwind,legacy,NL0 12,2,0.0,48541.9658340839,48541.965834083836
9,NL0 13 0 onwind,legacy,NL0 13,3,0.0,53935.51759344085,53935.517593440774
9,NL0 14 0 onwind,legacy,NL0 14,2,0.0,48541.9658340839,48541.965834083836
9,NL0 15 0 onwind,legacy,NL0 15,2,0.0,48541.9658340839,48541.965834083836
9,NL0 17 0 onwind,legacy,NL0 17,1,0.0,59329.069352818755,59329.06935281868
9,NL0 19 0 onwind,legacy,NL0 19,2,0.0,48541.9658340839,48541.965834083836
9,NL0 2 0 onwind,legacy,NL0 2,2,0.0,48541.9658340839,48541.965834083836
9,NL0 20 0 onwind,legacy,NL0 20,1,0.0,59329.069352818755,59329.06935281868
9,NL0 21 0 onwind,legacy,NL0 21,1,0.0,59329.069352818755,59329.06935281868
9,NL0 22 0 onwind,legacy,NL0 22,3,0.0,53935.51759344085,53935.517593440774
9,NL0 23 0 onwind,legacy,NL0 23,1,0.0,59329.069352818755,59329.06935281868
9,NL0 24 0 onwind,legacy,NL0 24,1,0.0,59329.069352818755,59329.06935281868
9,NL0 27 0 onwind,legacy,NL0 27,1,0.0,59329.069352818755,59329.06935281868
9,NL0 3 0 onwind,legacy,NL0 3,1,0.0,59329.069352818755,59329.06935281868
9,NL0 30 0 onwind,legacy,NL0 30,1,0.0,59329.069352818755,59329.06935281868
9,NL0 31 0 onwind,legacy,NL0 31,2,0.0,48541.9658340839,48541.965834083836
9,NL0 4 0 onwind,legacy,NL0 4,2,0.0,48541.9658340839,48541.965834083836
9,NL0 5 0 onwind,legacy,NL0 5,3,0.0,53935.51759344085,53935.517593440774
9,NL0 6 0 onwind,legacy,NL0 6,3,0.0,53935.51759344085,53935.517593440774
9,NL0 7 0 onwind,legacy,NL0 7,3,0.0,53935.51759344085,53935.517593440774
9,NL0 8 0 onwind,legacy,NL0 8,1,0.0,59329.069352818755,59329.06935281868
9,NL0 9 0 onwind,legacy,NL0 9,3,0.0,53935.51759344085,53935.517593440774
10,NL0 0 Invest,investable,NL0 0,1,0.0,59329.069352818755,59329.06935292875
10,NL0 1 Invest,investable,NL0 1,3,1000.0,53935.51759344085,53935.51759357159
10,NL0 10 Invest,investable,NL0 10,1,0.0,59329.069352818755,59329.06935292875
10,NL0 11 Invest,investable,NL0 11,3,1000.0,53935.51759344085,53935.51759357159
10,NL0 12 Invest,investable,NL0 12,2,1000.0,48541.9658340839,48541.96583421443
10,NL0 13 Invest,investable,NL0 13,3,1000.0,53935.51759344085,53935.51759357159
10,NL0 14 Invest,investable,NL0 14,2,0.0,48541.9658340839,48541.96583421443
10,NL0 15 Invest,investable,NL0 15,2,0.0,48541.9658340839,48541.96583421443
10,NL0 16 Invest,investable,NL0 16,1,1000.0,59329.069352818755,59329.06935292875
10,NL0 17 Invest,investable,NL0 17,1,0.0,59329.069352818755,59329.06935292875
10,NL0 18 Invest,investable,NL0 18,1,601.5467025248663,59329.069352818755,59329.06935292875
10,NL0 19 Invest,investable,NL0 19,2,0.0,48541.9658340839,48541.96583421443
10,NL0 2 Invest,investable,NL0 2,2,0.0,48541.9658340839,48541.96583421443
10,NL0 20 Invest,investable,NL0 20,1,0.0,59329.069352818755,59329.06935292875
10,NL0 21 Invest,investable,NL0 21,1,0.0,59329.069352818755,59329.06935292875
10,NL0 22 Invest,investable,NL0 22,3,0.0,53935.51759344085,53935.51759357159
10,NL0 23 Invest,investable,NL0 23,1,1000.0,59329.069352818755,59329.06935292875
10,NL0 24 Invest,investable,NL0 24,1,0.0,59329.069352818755,59329.06935292875
10,NL0 25 Invest,investable,NL0 25,2,0.0,48541.9658340839,48541.96583421443
10,NL0 26 Invest,investable,NL0 26,2,0.0,48541.9658340839,48541.96583421443
10,NL0 27 Invest,investable,NL0 27,1,0.0,59329.069352818755,59329.06935292875
10,NL0 28 Invest,investable,NL0 28,2,1000.0,48541.9658340839,48541.96583421443
10,NL0 3 Invest,investable,NL0 3,1,1000.0,59329.069352818755,59329.06935292875
10,NL0 30 Invest,investable,NL0 30,1,1000.0,59329.069352818755,59329.06935292875
10,NL0 31 Invest,investable,NL0 31,2,421.30931852923914,48541.9658340839,48541.96583421443
10,NL0 33 Invest,investable,NL0 33,1,1000.0,59329.069352818755,59329.06935292875
10,NL0 4 Invest,investable,NL0 4,2,0.0,48541.9658340839,48541.96583421443
10,NL0 5 Invest,investable,NL0 5,3,678.1047541590287,53935.51759344085,53935.51759357159
10,NL0 6 Invest,investable,NL0 6,3,1000.0,53935.51759344085,53935.51759357159
10,NL0 7 Invest,investable,NL0 7,3,0.0,53935.51759344085,53935.51759357159
10,NL0 8 Invest,investable,NL0 8,1,1000.0,59329.069352818755,59329.06935292875
10,NL0 9 Invest,investable,NL0 9,3,1000.0,53935.51759344085,53935.51759357159
10,NL0 1 biomass,legacy,NL0 1,3,71.0,53935.51759344085,53935.51759344085
10,NL0 1 waste,legacy,NL0 1,3,31.0,53935.51759344085,53935.51759344085
10,NL0 10 waste,legacy,NL0 10,1,150.0,59329.069352818755,59329.069352818755
10,NL0 11 biomass,legacy,NL0 11,3,20.0,53935.51759344085,53935.51759344085
10,NL0 11 waste,legacy,NL0 11,3,50.0,53935.51759344085,53935.51759344085
10,NL0 13 biomass,legacy,NL0 13,3,77.0,53935.51759344085,53935.51759344085
10,NL0 19 biomass,legacy,NL0 19,2,49.0,48541.9658340839,48541.9658340839
10,NL0 19 waste,legacy,NL0 19,2,36.0,48541.9658340839,48541.9658340839
10,NL0 22 biomass,legacy,NL0 22,3,500.0,53935.51759344085,53935.51759344085
10,NL0 25 waste,legacy,NL0 25,2,54.0,48541.9658340839,48541.9658340839
10,NL0 27 biomass,legacy,NL0 27,1,22.0,59329.069352818755,59329.069352818755
10,NL0 27 waste,legacy,NL0 27,1,71.2,59329.069352818755,59329.069352818755
10,NL0 3 biomass,legacy,NL0 3,1,22.0,59329.069352818755,59329.069352818755
10,NL0 3 waste,legacy,NL0 3,1,108.0,59329.069352818755,59329.069352818755
10,NL0 30 biomass,legacy,NL0 30,1,60.0,59329.069352818755,59329.069352818755
10,NL0 7 nuclear,legacy,NL0 7,3,515.0,53935.51759344085,53935.51759344085
10,NL0 7 waste,legacy,NL0 7,3,39.0,53935.51759344085,53935.51759344085
10,NL0 8 biomass,legacy,NL0 8,1,36.0,59329.069352818755,59329.069352818755
10,NL0 8 waste,legacy,NL0 8,1,157.0,59329.069352818755,59329.069352818755
10,NL0 9 biomass,legacy,NL0 9,3,20.0,53935.51759344085,53935.51759344085
10,NL0 0 0 solar,legacy,NL0 0,1,0.0,59329.069352818755,59329.06935281868
10,NL0 1 0 solar,legacy,NL0 1,3,0.0,53935.51759344085,53935.517593440774
10,NL0 10 0 solar,legacy,NL0 10,1,0.0,59329.069352818755,59329.06935281868
10,NL0 11 0 solar,legacy,NL0 11,3,0.0,53935.51759344085,53935.517593440774
10,NL0 12 0 solar,legacy,NL0 12,2,0.0,48541.9658340839,48541.965834083836
10,NL0 13 0 solar,legacy,NL0 13,3,0.0,53935.51759344085,53935.517593440774
10,NL0 14 0 solar,legacy,NL0 14,2,0.0,48541.9658340839,48541.965834083836
10,NL0 15 0 solar,legacy,NL0 15,2,0.0,48541.9658340839,48541.965834083836
10,NL0 16 0 solar,legacy,NL0 16,1,0.0,59329.069352818755,59329.06935281868
10,NL0 17 0 solar,legacy,NL0 17,1,0.0,59329.069352818755,59329.06935281868
10,NL0 18 0 solar,legacy,NL0 18,1,0.0,59329.069352818755,59329.06935281868
10,NL0 19 0 solar,legacy,NL0 19,2,0.0,48541.9658340839,48541.965834083836
10,NL0 2 0 solar,legacy,NL0 2,2,0.0,48541.9658340839,48541.965834083836
10,NL0 20 0 solar,legacy,NL0 20,1,0.0,59329.069352818755,59329.06935281868
10,NL0 21 0 solar,legacy,NL0 21,1,0.0,59329.069352818755,59329.06935281868
10,NL0 22 0 solar,legacy,NL0 22,3,0.0,53935.51759344085,53935.517593440774
10,NL0 23 0 solar,legacy,NL0 23,1,0.0,59329.069352818755,59329.06935281868
10,NL0 24 0 solar,legacy,NL0 24,1,0.0,59329.069352818755,59329.06935281868
10,NL0 25 0 solar,legacy,NL0 25,2,0.0,48541.9658340839,48541.965834083836
10,NL0 26 0 solar,legacy,NL0 26,2,0.0,48541.9658340839,48541.965834083836
10,NL0 27 0 solar,legacy,NL0 27,1,0.0,59329.069352818755,59329.06935281868
10,NL0 28 0 solar,legacy,NL0 28,2,0.0,48541.9658340839,48541.965834083836
10,NL0 3 0 solar,legacy,NL0 3,1,0.0,59329.069352818755,59329.06935281868
10,NL0 30 0 solar,legacy,NL0 30,1,0.0,59329.069352818755,59329.06935281868
10,NL0 31 0 solar,legacy,NL0 31,2,0.0,48541.9658340839,48541.965834083836
10,NL0 4 0 solar,legacy,NL0 4,2,0.0,48541.9658340839,48541.965834083836
10,NL0 5 0 solar,legacy,NL0 5,3,0.0,53935.51759344085,53935.517593440774
10,NL0 6 0 solar,legacy,NL0 6,3,0.0,53935.51759344085,53935.517593440774
10,NL0 7 0 solar,legacy,NL0 7,3,0.0,53935.51759344085,53935.517593440774
10,NL0 8 0 solar,legacy,NL0 8,1,0.0,59329.069352818755,59329.06935281868
10,NL0 9 0 solar,legacy,NL0 9,3,0.0,53935.51759344085,53935.517593440774
10,NL0 20 0 offwind-ac,legacy,NL0 20,1,0.0,59329.069352818755,59329.06935281868
10,NL0 27 0 offwind-ac,legacy,NL0 27,1,0.0,59329.069352818755,59329.06935281868
10,NL0 31 0 offwind-ac,legacy,NL0 31,2,0.0,48541.9658340839,48541.965834083836
10,NL0 32 0 offwind-ac,legacy,NL0 32,1,0.0,59329.069352818755,59329.06935281868
10,NL0 7 0 offwind-ac,legacy,NL0 7,3,0.0,53935.51759344085,53935.517593440774
10,NL0 0 0 onwind,legacy,NL0 0,1,0.0,59329.069352818755,59329.06935281868
10,NL0 1 0 onwind,legacy,NL0 1,3,0.0,53935.51759344085,53935.517593440774
10,NL0 10 0 onwind,legacy,NL0 10,1,0.0,59329.069352818755,59329.06935281868
10,NL0 11 0 onwind,legacy,NL0 11,3,0.0,53935.51759344085,53935.517593440774
10,NL0 12 0 onwind,legacy,NL0 12,2,0.0,48541.9658340839,48541.965834083836
10,NL0 13 0 onwind,legacy,NL0 13,3,0.0,53935.51759344085,53935.517593440774
10,NL0 14 0 onwind,legacy,NL0 14,2,0.0,48541.9658340839,48541.965834083836
10,NL0 15 0 onwind,legacy,NL0 15,2,0.0,48541.9658340839,48541.965834083836
10,NL0 17 0 onwind,legacy,NL0 17,1,0.0,59329.069352818755,59329.06935281868
10,NL0 19 0 onwind,legacy,NL0 19,2,0.0,48541.9658340839,48541.965834083836
10,NL0 2 0 onwind,legacy,NL0 2,2,0.0,48541.9658340839,48541.965834083836
10,NL0 20 0 onwind,legacy,NL0 20,1,0.0,59329.069352818755,59329.06935281868
10,NL0 21 0 onwind,legacy,NL0 21,1,0.0,59329.069352818755,59329.06935281868
10,NL0 22 0 onwind,legacy,NL0 22,3,0.0,53935.51759344085,53935.517593440774
10,NL0 23 0 onwind,legacy,NL0 23,1,0.0,59329.069352818755,59329.06935281868
10,NL0 24 0 onwind,legacy,NL0 24,1,0.0,59329.069352818755,59329.06935281868
10,NL0 27 0 onwind,legacy,NL0 27,1,0.0,59329.069352818755,59329.06935281868
10,NL0 3 0 onwind,legacy,NL0 3,1,0.0,59329.069352818755,59329.06935281868
10,NL0 30 0 onwind,legacy,NL0 30,1,0.0,59329.069352818755,59329.06935281868
10,NL0 31 0 onwind,legacy,NL0 31,2,0.0,48541.9658340839,48541.965834083836
10,NL0 4 0 onwind,legacy,NL0 4,2,0.0,48541.9658340839,48541.965834083836
10,NL0 5 0 onwind,legacy,NL0 5,3,0.0,53935.51759344085,53935.517593440774
10,NL0 6 0 onwind,legacy,NL0 6,3,0.0,53935.51759344085,53935.517593440774
10,NL0 7 0 onwind,legacy,NL0 7,3,0.0,53935.51759344085,53935.517593440774
10,NL0 8 0 onwind,legacy,NL0 8,1,0.0,59329.069352818755,59329.06935281868
10,NL0 9 0 onwind,legacy,NL0 9,3,0.0,53935.51759344085,53935.517593440774
11,NL0 0 Invest,investable,NL0 0,1,0.0,59329.069352818755,59329.06935292875
11,NL0 1 Invest,investable,NL0 1,3,1000.0,53935.51759344085,53935.51759357159
11,NL0 10 Invest,investable,NL0 10,1,0.0,59329.069352818755,59329.06935292875
11,NL0 11 Invest,investable,NL0 11,3,1000.0,53935.51759344085,53935.51759357159
11,NL0 12 Invest,investable,NL0 12,2,0.0,48541.9658340839,48541.96583421443
11,NL0 13 Invest,investable,NL0 13,3,1000.0,53935.51759344085,53935.51759357159
11,NL0 14 Invest,investable,NL0 14,2,0.0,48541.9658340839,48541.96583421443
11,NL0 15 Invest,investable,NL0 15,2,1000.0,48541.9658340839,48541.96583421443
11,NL0 16 Invest,investable,NL0 16,1,1000.0,59329.069352818755,59329.06935292875
11,NL0 17 Invest,investable,NL0 17,1,0.0,59329.069352818755,59329.06935292875
11,NL0 18 Invest,investable,NL0 18,1,601.5467025248663,59329.069352818755,59329.06935292875
11,NL0 19 Invest,investable,NL0 19,2,0.0,48541.9658340839,48541.96583421443
11,NL0 2 Invest,investable,NL0 2,2,0.0,48541.9658340839,48541.96583421443
11,NL0 20 Invest,investable,NL0 20,1,0.0,59329.069352818755,59329.06935292875
11,NL0 21 Invest,investable,NL0 21,1,0.0,59329.069352818755,59329.06935292875
11,NL0 22 Invest,investable,NL0 22,3,0.0,53935.51759344085,53935.51759357159
11,NL0 23 Invest,investable,NL0 23,1,1000.0,59329.069352818755,59329.06935292875
11,NL0 24 Invest,investable,NL0 24,1,0.0,59329.069352818755,59329.06935292875
11,NL0 25 Invest,investable,NL0 25,2,0.0,48541.9658340839,48541.96583421443
11,NL0 26 Invest,investable,NL0 26,2,421.30931852923914,48541.9658340839,48541.96583421443
11,NL0 27 Invest,investable,NL0 27,1,0.0,59329.069352818755,59329.06935292875
11,NL0 28 Invest,investable,NL0 28,2,0.0,48541.9658340839,48541.96583421443
11,NL0 3 Invest,investable,NL0 3,1,1000.0,59329.069352818755,59329.06935292875
11,NL0 30 Invest,investable,NL0 30,1,1000.0,59329.069352818755,59329.06935292875
11,NL0 31 Invest,investable,NL0 31,2,0.0,48541.9658340839,48541.96583421443
11,NL0 33 Invest,investable,NL0 33,1,1000.0,59329.069352818755,59329.06935292875
11,NL0 4 Invest,investable,NL0 4,2,1000.0,48541.9658340839,48541.96583421443
11,NL0 5 Invest,investable,NL0 5,3,678.1047541590287,53935.51759344085,53935.51759357159
11,NL0 6 Invest,investable,NL0 6,3,1000.0,53935.51759344085,53935.51759357159
11,NL0 7 Invest,investable,NL0 7,3,0.0,53935.51759344085,53935.51759357159
11,NL0 8 Invest,investable,NL0 8,1,1000.0,59329.069352818755,59329.06935292875
11,NL0 9 Invest,investable,NL0 9,3,1000.0,53935.51759344085,53935.51759357159
11,NL0 1 biomass,legacy,NL0 1,3,71.0,53935.51759344085,53935.51759344085
11,NL0 1 waste,legacy,NL0 1,3,31.0,53935.51759344085,53935.51759344085
11,NL0 10 waste,legacy,NL0 10,1,150.0,59329.069352818755,59329.069352818755
11,NL0 11 biomass,legacy,NL0 11,3,20.0,53935.51759344085,53935.51759344085
11,NL0 11 waste,legacy,NL0 11,3,50.0,53935.51759344085,53935.51759344085
11,NL0 13 biomass,legacy,NL0 13,3,77.0,53935.51759344085,53935.51759344085
11,NL0 19 biomass,legacy,NL0 19,2,49.0,48541.9658340839,48541.9658340839
11,NL0 19 waste,legacy,NL0 19,2,36.0,48541.9658340839,48541.9658340839
11,NL0 22 biomass,legacy,NL0 22,3,500.0,53935.51759344085,53935.51759344085
11,NL0 25 waste,legacy,NL0 25,2,54.0,48541.9658340839,48541.9658340839
11,NL0 27 biomass,legacy,NL0 27,1,22.0,59329.069352818755,59329.069352818755
11,NL0 27 waste,legacy,NL0 27,1,71.2,59329.069352818755,59329.069352818755
11,NL0 3 biomass,legacy,NL0 3,1,22.0,59329.069352818755,59329.069352818755
11,NL0 3 waste,legacy,NL0 3,1,108.0,59329.069352818755,59329.069352818755
11,NL0 30 biomass,legacy,NL0 30,1,60.0,59329.069352818755,59329.069352818755
11,NL0 7 nuclear,legacy,NL0 7,3,515.0,53935.51759344085,53935.51759344085
11,NL0 7 waste,legacy,NL0 7,3,39.0,53935.51759344085,53935.51759344085
11,NL0 8 biomass,legacy,NL0 8,1,36.0,59329.069352818755,59329.069352818755
11,NL0 8 waste,legacy,NL0 8,1,157.0,59329.069352818755,59329.069352818755
11,NL0 9 biomass,legacy,NL0 9,3,20.0,53935.51759344085,53935.51759344085
11,NL0 0 0 solar,legacy,NL0 0,1,0.0,59329.069352818755,59329.06935281868
11,NL0 1 0 solar,legacy,NL0 1,3,0.0,53935.51759344085,53935.517593440774
11,NL0 10 0 solar,legacy,NL0 10,1,0.0,59329.069352818755,59329.06935281868
11,NL0 11 0 solar,legacy,NL0 11,3,0.0,53935.51759344085,53935.517593440774
11,NL0 12 0 solar,legacy,NL0 12,2,0.0,48541.9658340839,48541.965834083836
11,NL0 13 0 solar,legacy,NL0 13,3,0.0,53935.51759344085,53935.517593440774
11,NL0 14 0 solar,legacy,NL0 14,2,0.0,48541.9658340839,48541.965834083836
11,NL0 15 0 solar,legacy,NL0 15,2,0.0,48541.9658340839,48541.965834083836
11,NL0 16 0 solar,legacy,NL0 16,1,0.0,59329.069352818755,59329.06935281868
11,NL0 17 0 solar,legacy,NL0 17,1,0.0,59329.069352818755,59329.06935281868
11,NL0 18 0 solar,legacy,NL0 18,1,0.0,59329.069352818755,59329.06935281868
11,NL0 19 0 solar,legacy,NL0 19,2,0.0,48541.9658340839,48541.965834083836
11,NL0 2 0 solar,legacy,NL0 2,2,0.0,48541.9658340839,48541.965834083836
11,NL0 20 0 solar,legacy,NL0 20,1,0.0,59329.069352818755,59329.06935281868
11,NL0 21 0 solar,legacy,NL0 21,1,0.0,59329.069352818755,59329.06935281868
11,NL0 22 0 solar,legacy,NL0 22,3,0.0,53935.51759344085,53935.517593440774
11,NL0 23 0 solar,legacy,NL0 23,1,0.0,59329.069352818755,59329.06935281868
11,NL0 24 0 solar,legacy,NL0 24,1,0.0,59329.069352818755,59329.06935281868
11,NL0 25 0 solar,legacy,NL0 25,2,0.0,48541.9658340839,48541.965834083836
11,NL0 26 0 solar,legacy,NL0 26,2,0.0,48541.9658340839,48541.965834083836
11,NL0 27 0 solar,legacy,NL0 27,1,0.0,59329.069352818755,59329.06935281868
11,NL0 28 0 solar,legacy,NL0 28,2,0.0,48541.9658340839,48541.965834083836
11,NL0 3 0 solar,legacy,NL0 3,1,0.0,59329.069352818755,59329.06935281868
11,NL0 30 0 solar,legacy,NL0 30,1,0.0,59329.069352818755,59329.06935281868
11,NL0 31 0 solar,legacy,NL0 31,2,0.0,48541.9658340839,48541.965834083836
11,NL0 4 0 solar,legacy,NL0 4,2,0.0,48541.9658340839,48541.965834083836
11,NL0 5 0 solar,legacy,NL0 5,3,0.0,53935.51759344085,53935.517593440774
11,NL0 6 0 solar,legacy,NL0 6,3,0.0,53935.51759344085,53935.517593440774
11,NL0 7 0 solar,legacy,NL0 7,3,0.0,53935.51759344085,53935.517593440774
11,NL0 8 0 solar,legacy,NL0 8,1,0.0,59329.069352818755,59329.06935281868
11,NL0 9 0 solar,legacy,NL0 9,3,0.0,53935.51759344085,53935.517593440774
11,NL0 20 0 offwind-ac,legacy,NL0 20,1,0.0,59329.069352818755,59329.06935281868
11,NL0 27 0 offwind-ac,legacy,NL0 27,1,0.0,59329.069352818755,59329.06935281868
11,NL0 31 0 offwind-ac,legacy,NL0 31,2,0.0,48541.9658340839,48541.965834083836
11,NL0 32 0 offwind-ac,legacy,NL0 32,1,0.0,59329.069352818755,59329.06935281868
11,NL0 7 0 offwind-ac,legacy,NL0 7,3,0.0,53935.51759344085,53935.517593440774
11,NL0 0 0 onwind,legacy,NL0 0,1,0.0,59329.069352818755,59329.06935281868
11,NL0 1 0 onwind,legacy,NL0 1,3,0.0,53935.51759344085,53935.517593440774
11,NL0 10 0 onwind,legacy,NL0 10,1,0.0,59329.069352818755,59329.06935281868
11,NL0 11 0 onwind,legacy,NL0 11,3,0.0,53935.51759344085,53935.517593440774
11,NL0 12 0 onwind,legacy,NL0 12,2,0.0,48541.9658340839,48541.965834083836
11,NL0 13 0 onwind,legacy,NL0 13,3,0.0,53935.51759344085,53935.517593440774
11,NL0 14 0 onwind,legacy,NL0 14,2,0.0,48541.9658340839,48541.965834083836
11,NL0 15 0 onwind,legacy,NL0 15,2,0.0,48541.9658340839,48541.965834083836
11,NL0 17 0 onwind,legacy,NL0 17,1,0.0,59329.069352818755,59329.06935281868
11,NL0 19 0 onwind,legacy,NL0 19,2,0.0,48541.9658340839,48541.965834083836
11,NL0 2 0 onwind,legacy,NL0 2,2,0.0,48541.9658340839,48541.965834083836
11,NL0 20 0 onwind,legacy,NL0 20,1,0.0,59329.069352818755,59329.06935281868
11,NL0 21 0 onwind,legacy,NL0 21,1,0.0,59329.069352818755,59329.06935281868
11,NL0 22 0 onwind,legacy,NL0 22,3,0.0,53935.51759344085,53935.517593440774
11,NL0 23 0 onwind,legacy,NL0 23,1,0.0,59329.069352818755,59329.06935281868
11,NL0 24 0 onwind,legacy,NL0 24,1,0.0,59329.069352818755,59329.06935281868
11,NL0 27 0 onwind,legacy,NL0 27,1,0.0,59329.069352818755,59329.06935281868
11,NL0 3 0 onwind,legacy,NL0 3,1,0.0,59329.069352818755,59329.06935281868
11,NL0 30 0 onwind,legacy,NL0 30,1,0.0,59329.069352818755,59329.06935281868
11,NL0 31 0 onwind,legacy,NL0 31,2,0.0,48541.9658340839,48541.965834083836
11,NL0 4 0 onwind,legacy,NL0 4,2,0.0,48541.9658340839,48541.965834083836
11,NL0 5 0 onwind,legacy,NL0 5,3,0.0,53935.51759344085,53935.517593440774
11,NL0 6 0 onwind,legacy,NL0 6,3,0.0,53935.51759344085,53935.517593440774
11,NL0 7 0 onwind,legacy,NL0 7,3,0.0,53935.51759344085,53935.517593440774
11,NL0 8 0 onwind,legacy,NL0 8,1,0.0,59329.069352818755,59329.06935281868
11,NL0 9 0 onwind,legacy,NL0 9,3,0.0,53935.51759344085,53935.517593440774
12,NL0 0 Invest,investable,NL0 0,1,1000.0,59329.069352818755,59329.06935292875
12,NL0 1 Invest,investable,NL0 1,3,0.0,53935.51759344085,53935.51759357159
12,NL0 10 Invest,investable,NL0 10,1,1000.0,59329.069352818755,59329.06935292875
12,NL0 11 Invest,investable,NL0 11,3,0.0,53935.51759344085,53935.51759357159
12,NL0 12 Invest,investable,NL0 12,2,0.0,48541.9658340839,48541.96583421443
12,NL0 13 Invest,investable,NL0 13,3,678.1047541590287,53935.51759344085,53935.51759357159
12,NL0 14 Invest,investable,NL0 14,2,0.0,48541.9658340839,48541.96583421443
12,NL0 15 Invest,investable,NL0 15,2,0.0,48541.9658340839,48541.96583421443
12,NL0 16 Invest,investable,NL0 16,1,0.0,59329.069352818755,59329.06935292875
12,NL0 17 Invest,investable,NL0 17,1,1000.0,59329.069352818755,59329.06935292875
12,NL0 18 Invest,investable,NL0 18,1,0.0,59329.069352818755,59329.06935292875
12,NL0 19 Invest,investable,NL0 19,2,1000.0,48541.9658340839,48541.96583421443
12,NL0 2 Invest,investable,NL0 2,2,1000.0,48541.9658340839,48541.96583421443
12,NL0 20 Invest,investable,NL0 20,1,1000.0,59329.069352818755,59329.06935292875
12,NL0 21 Invest,investable,NL0 21,1,601.5467025248663,59329.069352818755,59329.06935292875
12,NL0 22 Invest,investable,NL0 22,3,1000.0,53935.51759344085,53935.51759357159
12,NL0 23 Invest,investable,NL0 23,1,0.0,59329.069352818755,59329.06935292875
12,NL0 24 Invest,investable,NL0 24,1,1000.0,59329.069352818755,59329.06935292875
12,NL0 25 Invest,investable,NL0 25,2,0.0,48541.9658340839,48541.96583421443
12,NL0 26 Invest,investable,NL0 26,2,0.0,48541.9658340839,48541.96583421443
12,NL0 27 Invest,investable,NL0 27,1,1000.0,59329.069352818755,59329.06935292875
12,NL0 28 Invest,investable,NL0 28,2,0.0,48541.9658340839,48541.96583421443
12,NL0 3 Invest,investable,NL0 3,1,0.0,59329.069352818755,59329.06935292875
12,NL0 30 Invest,investable,NL0 30,1,0.0,59329.069352818755,59329.06935292875
12,NL0 31 Invest,investable,NL0 31,2,421.30931852923914,48541.9658340839,48541.96583421443
12,NL0 33 Invest,investable,NL0 33,1,0.0,59329.069352818755,59329.06935292875
12,NL0 4 Invest,investable,NL0 4,2,0.0,48541.9658340839,48541.96583421443
12,NL0 5 Invest,investable,NL0 5,3,1000.0,53935.51759344085,53935.51759357159
12,NL0 6 Invest,investable,NL0 6,3,1000.0,53935.51759344085,53935.51759357159
12,NL0 7 Invest,investable,NL0 7,3,1000.0,53935.51759344085,53935.51759357159
12,NL0 8 Invest,investable,NL0 8,1,0.0,59329.069352818755,59329.06935292875
12,NL0 9 Invest,investable,NL0 9,3,1000.0,53935.51759344085,53935.51759357159
12,NL0 1 biomass,legacy,NL0 1,3,71.0,53935.51759344085,53935.51759344085
12,NL0 1 waste,legacy,NL0 1,3,31.0,53935.51759344085,53935.51759344085
12,NL0 10 waste,legacy,NL0 10,1,150.0,59329.069352818755,59329.069352818755
12,NL0 11 biomass,legacy,NL0 11,3,20.0,53935.51759344085,53935.51759344085
12,NL0 11 waste,legacy,NL0 11,3,50.0,53935.51759344085,53935.51759344085
12,NL0 13 biomass,legacy,NL0 13,3,77.0,53935.51759344085,53935.51759344085
12,NL0 19 biomass,legacy,NL0 19,2,49.0,48541.9658340839,48541.9658340839
12,NL0 19 waste,legacy,NL0 19,2,36.0,48541.9658340839,48541.9658340839
12,NL0 22 biomass,legacy,NL0 22,3,500.0,53935.51759344085,53935.51759344085
12,NL0 25 waste,legacy,NL0 25,2,54.0,48541.9658340839,48541.9658340839
12,NL0 27 biomass,legacy,NL0 27,1,22.0,59329.069352818755,59329.069352818755
12,NL0 27 waste,legacy,NL0 27,1,71.2,59329.069352818755,59329.069352818755
12,NL0 3 biomass,legacy,NL0 3,1,22.0,59329.069352818755,59329.069352818755
12,NL0 3 waste,legacy,NL0 3,1,108.0,59329.069352818755,59329.069352818755
12,NL0 30 biomass,legacy,NL0 30,1,60.0,59329.069352818755,59329.069352818755
12,NL0 7 nuclear,legacy,NL0 7,3,515.0,53935.51759344085,53935.51759344085
12,NL0 7 waste,legacy,NL0 7,3,39.0,53935.51759344085,53935.51759344085
12,NL0 8 biomass,legacy,NL0 8,1,36.0,59329.069352818755,59329.069352818755
12,NL0 8 waste,legacy,NL0 8,1,157.0,59329.069352818755,59329.069352818755
12,NL0 9 biomass,legacy,NL0 9,3,20.0,53935.51759344085,53935.51759344085
12,NL0 0 0 solar,legacy,NL0 0,1,0.0,59329.069352818755,59329.06935281868
12,NL0 1 0 solar,legacy,NL0 1,3,0.0,53935.51759344085,53935.517593440774
12,NL0 10 0 solar,legacy,NL0 10,1,0.0,59329.069352818755,59329.06935281868
12,NL0 11 0 solar,legacy,NL0 11,3,0.0,53935.51759344085,53935.517593440774
12,NL0 12 0 solar,legacy,NL0 12,2,0.0,48541.9658340839,48541.965834083836
12,NL0 13 0 solar,legacy,NL0 13,3,0.0,53935.51759344085,53935.517593440774
12,NL0 14 0 solar,legacy,NL0 14,2,0.0,48541.9658340839,48541.965834083836
12,NL0 15 0 solar,legacy,NL0 15,2,0.0,48541.9658340839,48541.965834083836
12,NL0 16 0 solar,legacy,NL0 16,1,0.0,59329.069352818755,59329.06935281868
12,NL0 17 0 solar,legacy,NL0 17,1,0.0,59329.069352818755,59329.06935281868
12,NL0 18 0 solar,legacy,NL0 18,1,0.0,59329.069352818755,59329.06935281868
12,NL0 19 0 solar,legacy,NL0 19,2,0.0,48541.9658340839,48541.965834083836
12,NL0 2 0 solar,legacy,NL0 2,2,0.0,48541.9658340839,48541.965834083836
12,NL0 20 0 solar,legacy,NL0 20,1,0.0,59329.069352818755,59329.06935281868
12,NL0 21 0 solar,legacy,NL0 21,1,0.0,59329.069352818755,59329.06935281868
12,NL0 22 0 solar,legacy,NL0 22,3,0.0,53935.51759344085,53935.517593440774
12,NL0 23 0 solar,legacy,NL0 23,1,0.0,59329.069352818755,59329.06935281868
12,NL0 24 0 solar,legacy,NL0 24,1,0.0,59329.069352818755,59329.06935281868
12,NL0 25 0 solar,legacy,NL0 25,2,0.0,48541.9658340839,48541.965834083836
12,NL0 26 0 solar,legacy,NL0 26,2,0.0,48541.9658340839,48541.965834083836
12,NL0 27 0 solar,legacy,NL0 27,1,0.0,59329.069352818755,59329.06935281868
12,NL0 28 0 solar,legacy,NL0 28,2,0.0,48541.9658340839,48541.965834083836
12,NL0 3 0 solar,legacy,NL0 3,1,0.0,59329.069352818755,59329.06935281868
12,NL0 30 0 solar,legacy,NL0 30,1,0.0,59329.069352818755,59329.06935281868
12,NL0 31 0 solar,legacy,NL0 31,2,0.0,48541.9658340839,48541.965834083836
12,NL0 4 0 solar,legacy,NL0 4,2,0.0,48541.9658340839,48541.965834083836
12,NL0 5 0 solar,legacy,NL0 5,3,0.0,53935.51759344085,53935.517593440774
12,NL0 6 0 solar,legacy,NL0 6,3,0.0,53935.51759344085,53935.517593440774
12,NL0 7 0 solar,legacy,NL0 7,3,0.0,53935.51759344085,53935.517593440774
12,NL0 8 0 solar,legacy,NL0 8,1,0.0,59329.069352818755,59329.06935281868
12,NL0 9 0 solar,legacy,NL0 9,3,0.0,53935.51759344085,53935.517593440774
12,NL0 20 0 offwind-ac,legacy,NL0 20,1,0.0,59329.069352818755,59329.06935281868
12,NL0 27 0 offwind-ac,legacy,NL0 27,1,0.0,59329.069352818755,59329.06935281868
12,NL0 31 0 offwind-ac,legacy,NL0 31,2,0.0,48541.9658340839,48541.965834083836
12,NL0 32 0 offwind-ac,legacy,NL0 32,1,0.0,59329.069352818755,59329.06935281868
12,NL0 7 0 offwind-ac,legacy,NL0 7,3,0.0,53935.51759344085,53935.517593440774
12,NL0 0 0 onwind,legacy,NL0 0,1,0.0,59329.069352818755,59329.06935281868
12,NL0 1 0 onwind,legacy,NL0 1,3,0.0,53935.51759344085,53935.517593440774
12,NL0 10 0 onwind,legacy,NL0 10,1,0.0,59329.069352818755,59329.06935281868
12,NL0 11 0 onwind,legacy,NL0 11,3,0.0,53935.51759344085,53935.517593440774
12,NL0 12 0 onwind,legacy,NL0 12,2,0.0,48541.9658340839,48541.965834083836
12,NL0 13 0 onwind,legacy,NL0 13,3,0.0,53935.51759344085,53935.517593440774
12,NL0 14 0 onwind,legacy,NL0 14,2,0.0,48541.9658340839,48541.965834083836
12,NL0 15 0 onwind,legacy,NL0 15,2,0.0,48541.9658340839,48541.965834083836
12,NL0 17 0 onwind,legacy,NL0 17,1,0.0,59329.069352818755,59329.06935281868
12,NL0 19 0 onwind,legacy,NL0 19,2,0.0,48541.9658340839,48541.965834083836
12,NL0 2 0 onwind,legacy,NL0 2,2,0.0,48541.9658340839,48541.965834083836
12,NL0 20 0 onwind,legacy,NL0 20,1,0.0,59329.069352818755,59329.06935281868
12,NL0 21 0 onwind,legacy,NL0 21,1,0.0,59329.069352818755,59329.06935281868
12,NL0 22 0 onwind,legacy,NL0 22,3,0.0,53935.51759344085,53935.517593440774
12,NL0 23 0 onwind,legacy,NL0 23,1,0.0,59329.069352818755,59329.06935281868
12,NL0 24 0 onwind,legacy,NL0 24,1,0.0,59329.069352818755,59329.06935281868
12,NL0 27 0 onwind,legacy,NL0 27,1,0.0,59329.069352818755,59329.06935281868
12,NL0 3 0 onwind,legacy,NL0 3,1,0.0,59329.069352818755,59329.06935281868
12,NL0 30 0 onwind,legacy,NL0 30,1,0.0,59329.069352818755,59329.06935281868
12,NL0 31 0 onwind,legacy,NL0 31,2,0.0,48541.9658340839,48541.965834083836
12,NL0 4 0 onwind,legacy,NL0 4,2,0.0,48541.9658340839,48541.965834083836
12,NL0 5 0 onwind,legacy,NL0 5,3,0.0,53935.51759344085,53935.517593440774
12,NL0 6 0 onwind,legacy,NL0 6,3,0.0,53935.51759344085,53935.517593440774
12,NL0 7 0 onwind,legacy,NL0 7,3,0.0,53935.51759344085,53935.517593440774
12,NL0 8 0 onwind,legacy,NL0 8,1,0.0,59329.069352818755,59329.06935281868
12,NL0 9 0 onwind,legacy,NL0 9,3,0.0,53935.51759344085,53935.517593440774
13,NL0 0 Invest,investable,NL0 0,1,0.0,59329.069352818755,59329.06935292875
13,NL0 1 Invest,investable,NL0 1,3,1000.0,53935.51759344085,53935.51759357159
13,NL0 10 Invest,investable,NL0 10,1,0.0,59329.069352818755,59329.06935292875
13,NL0 11 Invest,investable,NL0 11,3,1000.0,53935.51759344085,53935.51759357159
13,NL0 12 Invest,investable,NL0 12,2,0.0,48541.9658340839,48541.96583421443
13,NL0 13 Invest,investable,NL0 13,3,1000.0,53935.51759344085,53935.51759357159
13,NL0 14 Invest,investable,NL0 14,2,0.0,48541.9658340839,48541.96583421443
13,NL0 15 Invest,investable,NL0 15,2,1000.0,48541.9658340839,48541.96583421443
13,NL0 16 Invest,investable,NL0 16,1,1000.0,59329.069352818755,59329.06935292875
13,NL0 17 Invest,investable,NL0 17,1,0.0,59329.069352818755,59329.06935292875
13,NL0 18 Invest,investable,NL0 18,1,601.5467025248663,59329.069352818755,59329.06935292875
13,NL0 19 Invest,investable,NL0 19,2,0.0,48541.9658340839,48541.96583421443
13,NL0 2 Invest,investable,NL0 2,2,0.0,48541.9658340839,48541.96583421443
13,NL0 20 Invest,investable,NL0 20,1,0.0,59329.069352818755,59329.06935292875
13,NL0 21 Invest,investable,NL0 21,1,0.0,59329.069352818755,59329.06935292875
13,NL0 22 Invest,investable,NL0 22,3,0.0,53935.51759344085,53935.51759357159
13,NL0 23 Invest,investable,NL0 23,1,1000.0,59329.069352818755,59329.06935292875
13,NL0 24 Invest,investable,NL0 24,1,0.0,59329.069352818755,59329.06935292875
13,NL0 25 Invest,investable,NL0 25,2,0.0,48541.9658340839,48541.96583421443
13,NL0 26 Invest,investable,NL0 26,2,421.30931852923914,48541.9658340839,48541.96583421443
13,NL0 27 Invest,investable,NL0 27,1,0.0,59329.069352818755,59329.06935292875
13,NL0 28 Invest,investable,NL0 28,2,0.0,48541.9658340839,48541.96583421443
13,NL0 3 Invest,investable,NL0 3,1,1000.0,59329.069352818755,59329.06935292875
13,NL0 30 Invest,investable,NL0 30,1,1000.0,59329.069352818755,59329.06935292875
13,NL0 31 Invest,investable,NL0 31,2,0.0,48541.9658340839,48541.96583421443
13,NL0 33 Invest,investable,NL0 33,1,1000.0,59329.069352818755,59329.06935292875
13,NL0 4 Invest,investable,NL0 4,2,1000.0,48541.9658340839,48541.96583421443
13,NL0 5 Invest,investable,NL0 5,3,678.1047541590287,53935.51759344085,53935.51759357159
13,NL0 6 Invest,investable,NL0 6,3,1000.0,53935.51759344085,53935.51759357159
13,NL0 7 Invest,investable,NL0 7,3,0.0,53935.51759344085,53935.51759357159
13,NL0 8 Invest,investable,NL0 8,1,1000.0,59329.069352818755,59329.06935292875
13,NL0 9 Invest,investable,NL0 9,3,1000.0,53935.51759344085,53935.51759357159
13,NL0 1 biomass,legacy,NL0 1,3,71.0,53935.51759344085,53935.51759344085
13,NL0 1 waste,legacy,NL0 1,3,31.0,53935.51759344085,53935.51759344085
13,NL0 10 waste,legacy,NL0 10,1,150.0,59329.069352818755,59329.069352818755
13,NL0 11 biomass,legacy,NL0 11,3,20.0,53935.51759344085,53935.51759344085
13,NL0 11 waste,legacy,NL0 11,3,50.0,53935.51759344085,53935.51759344085
13,NL0 13 biomass,legacy,NL0 13,3,77.0,53935.51759344085,53935.51759344085
13,NL0 19 biomass,legacy,NL0 19,2,49.0,48541.9658340839,48541.9658340839
13,NL0 19 waste,legacy,NL0 19,2,36.0,48541.9658340839,48541.9658340839
13,NL0 22 biomass,legacy,NL0 22,3,500.0,53935.51759344085,53935.51759344085
13,NL0 25 waste,legacy,NL0 25,2,54.0,48541.9658340839,48541.9658340839
13,NL0 27 biomass,legacy,NL0 27,1,22.0,59329.069352818755,59329.069352818755
13,NL0 27 waste,legacy,NL0 27,1,71.2,59329.069352818755,59329.069352818755
13,NL0 3 biomass,legacy,NL0 3,1,22.0,59329.069352818755,59329.069352818755
13,NL0 3 waste,legacy,NL0 3,1,108.0,59329.069352818755,59329.069352818755
13,NL0 30 biomass,legacy,NL0 30,1,60.0,59329.069352818755,59329.069352818755
13,NL0 7 nuclear,legacy,NL0 7,3,515.0,53935.51759344085,53935.51759344085
13,NL0 7 waste,legacy,NL0 7,3,39.0,53935.51759344085,53935.51759344085
13,NL0 8 biomass,legacy,NL0 8,1,36.0,59329.069352818755,59329.069352818755
13,NL0 8 waste,legacy,NL0 8,1,157.0,59329.069352818755,59329.069352818755
13,NL0 9 biomass,legacy,NL0 9,3,20.0,53935.51759344085,53935.51759344085
13,NL0 0 0 solar,legacy,NL0 0,1,0.0,59329.069352818755,59329.06935281868
13,NL0 1 0 solar,legacy,NL0 1,3,0.0,53935.51759344085,53935.517593440774
13,NL0 10 0 solar,legacy,NL0 10,1,0.0,59329.069352818755,59329.06935281868
13,NL0 11 0 solar,legacy,NL0 11,3,0.0,53935.51759344085,53935.517593440774
13,NL0 12 0 solar,legacy,NL0 12,2,0.0,48541.9658340839,48541.965834083836
13,NL0 13 0 solar,legacy,NL0 13,3,0.0,53935.51759344085,53935.517593440774
13,NL0 14 0 solar,legacy,NL0 14,2,0.0,48541.9658340839,48541.965834083836
13,NL0 15 0 solar,legacy,NL0 15,2,0.0,48541.9658340839,48541.965834083836
13,NL0 16 0 solar,legacy,NL0 16,1,0.0,59329.069352818755,59329.06935281868
13,NL0 17 0 solar,legacy,NL0 17,1,0.0,59329.069352818755,59329.06935281868
13,NL0 18 0 solar,legacy,NL0 18,1,0.0,59329.069352818755,59329.06935281868
13,NL0 19 0 solar,legacy,NL0 19,2,0.0,48541.9658340839,48541.965834083836
13,NL0 2 0 solar,legacy,NL0 2,2,0.0,48541.9658340839,48541.965834083836
13,NL0 20 0 solar,legacy,NL0 20,1,0.0,59329.069352818755,59329.06935281868
13,NL0 21 0 solar,legacy,NL0 21,1,0.0,59329.069352818755,59329.06935281868
13,NL0 22 0 solar,legacy,NL0 22,3,0.0,53935.51759344085,53935.517593440774
13,NL0 23 0 solar,legacy,NL0 23,1,0.0,59329.069352818755,59329.06935281868
13,NL0 24 0 solar,legacy,NL0 24,1,0.0,59329.069352818755,59329.06935281868
13,NL0 25 0 solar,legacy,NL0 25,2,0.0,48541.9658340839,48541.965834083836
13,NL0 26 0 solar,legacy,NL0 26,2,0.0,48541.9658340839,48541.965834083836
13,NL0 27 0 solar,legacy,NL0 27,1,0.0,59329.069352818755,59329.06935281868
13,NL0 28 0 solar,legacy,NL0 28,2,0.0,48541.9658340839,48541.965834083836
13,NL0 3 0 solar,legacy,NL0 3,1,0.0,59329.069352818755,59329.06935281868
13,NL0 30 0 solar,legacy,NL0 30,1,0.0,59329.069352818755,59329.06935281868
13,NL0 31 0 solar,legacy,NL0 31,2,0.0,48541.9658340839,48541.965834083836
13,NL0 4 0 solar,legacy,NL0 4,2,0.0,48541.9658340839,48541.965834083836
13,NL0 5 0 solar,legacy,NL0 5,3,0.0,53935.51759344085,53935.517593440774
13,NL0 6 0 solar,legacy,NL0 6,3,0.0,53935.51759344085,53935.517593440774
13,NL0 7 0 solar,legacy,NL0 7,3,0.0,53935.51759344085,53935.517593440774
13,NL0 8 0 solar,legacy,NL0 8,1,0.0,59329.069352818755,59329.06935281868
13,NL0 9 0 solar,legacy,NL0 9,3,0.0,53935.51759344085,53935.517593440774
13,NL0 20 0 offwind-ac,legacy,NL0 20,1,0.0,59329.069352818755,59329.06935281868
13,NL0 27 0 offwind-ac,legacy,NL0 27,1,0.0,59329.069352818755,59329.06935281868
13,NL0 31 0 offwind-ac,legacy,NL0 31,2,0.0,48541.9658340839,48541.965834083836
13,NL0 32 0 offwind-ac,legacy,NL0 32,1,0.0,59329.069352818755,59329.06935281868
13,NL0 7 0 offwind-ac,legacy,NL0 7,3,0.0,53935.51759344085,53935.517593440774
13,NL0 0 0 onwind,legacy,NL0 0,1,0.0,59329.069352818755,59329.06935281868
13,NL0 1 0 onwind,legacy,NL0 1,3,0.0,53935.51759344085,53935.517593440774
13,NL0 10 0 onwind,legacy,NL0 10,1,0.0,59329.069352818755,59329.06935281868
13,NL0 11 0 onwind,legacy,NL0 11,3,0.0,53935.51759344085,53935.517593440774
13,NL0 12 0 onwind,legacy,NL0 12,2,0.0,48541.9658340839,48541.965834083836
13,NL0 13 0 onwind,legacy,NL0 13,3,0.0,53935.51759344085,53935.517593440774
13,NL0 14 0 onwind,legacy,NL0 14,2,0.0,48541.9658340839,48541.965834083836
13,NL0 15 0 onwind,legacy,NL0 15,2,0.0,48541.9658340839,48541.965834083836
13,NL0 17 0 onwind,legacy,NL0 17,1,0.0,59329.069352818755,59329.06935281868
13,NL0 19 0 onwind,legacy,NL0 19,2,0.0,48541.9658340839,48541.965834083836
13,NL0 2 0 onwind,legacy,NL0 2,2,0.0,48541.9658340839,48541.965834083836
13,NL0 20 0 onwind,legacy,NL0 20,1,0.0,59329.069352818755,59329.06935281868
13,NL0 21 0 onwind,legacy,NL0 21,1,0.0,59329.069352818755,59329.06935281868
13,NL0 22 0 onwind,legacy,NL0 22,3,0.0,53935.51759344085,53935.517593440774
13,NL0 23 0 onwind,legacy,NL0 23,1,0.0,59329.069352818755,59329.06935281868
13,NL0 24 0 onwind,legacy,NL0 24,1,0.0,59329.069352818755,59329.06935281868
13,NL0 27 0 onwind,legacy,NL0 27,1,0.0,59329.069352818755,59329.06935281868
13,NL0 3 0 onwind,legacy,NL0 3,1,0.0,59329.069352818755,59329.06935281868
13,NL0 30 0 onwind,legacy,NL0 30,1,0.0,59329.069352818755,59329.06935281868
13,NL0 31 0 onwind,legacy,NL0 31,2,0.0,48541.9658340839,48541.965834083836
13,NL0 4 0 onwind,legacy,NL0 4,2,0.0,48541.9658340839,48541.965834083836
13,NL0 5 0 onwind,legacy,NL0 5,3,0.0,53935.51759344085,53935.517593440774
13,NL0 6 0 onwind,legacy,NL0 6,3,0.0,53935.51759344085,53935.517593440774
13,NL0 7 0 onwind,legacy,NL0 7,3,0.0,53935.51759344085,53935.517593440774
13,NL0 8 0 onwind,legacy,NL0 8,1,0.0,59329.069352818755,59329.06935281868
13,NL0 9 0 onwind,legacy,NL0 9,3,0.0,53935.51759344085,53935.517593440774
14,NL0 0 Invest,investable,NL0 0,1,1000.0,59329.069352818755,59329.06935292875
14,NL0 1 Invest,investable,NL0 1,3,0.0,53935.51759344085,53935.51759357159
14,NL0 10 Invest,investable,NL0 10,1,1000.0,59329.069352818755,59329.06935292875
14,NL0 11 Invest,investable,NL0 11,3,0.0,53935.51759344085,53935.51759357159
14,NL0 12 Invest,investable,NL0 12,2,1000.0,48541.9658340839,48541.96583421443
14,NL0 13 Invest,investable,NL0 13,3,678.1047541590287,53935.51759344085,53935.51759357159
14,NL0 14 Invest,investable,NL0 14,2,0.0,48541.9658340839,48541.96583421443
14,NL0 15 Invest,investable,NL0 15,2,0.0,48541.9658340839,48541.96583421443
14,NL0 16 Invest,investable,NL0 16,1,0.0,59329.069352818755,59329.06935292875
14,NL0 17 Invest,investable,NL0 17,1,1000.0,59329.069352818755,59329.06935292875
14,NL0 18 Invest,investable,NL0 18,1,0.0,59329.069352818755,59329.06935292875
14,NL0 19 Invest,investable,NL0 19,2,0.0,48541.9658340839,48541.96583421443
14,NL0 2 Invest,investable,NL0 2,2,0.0,48541.9658340839,48541.96583421443
14,NL0 20 Invest,investable,NL0 20,1,1000.0,59329.069352818755,59329.06935292875
14,NL0 21 Invest,investable,NL0 21,1,601.5467025248663,59329.069352818755,59329.06935292875
14,NL0 22 Invest,investable,NL0 22,3,1000.0,53935.51759344085,53935.51759357159
14,NL0 23 Invest,investable,NL0 23,1,0.0,59329.069352818755,59329.06935292875
14,NL0 24 Invest,investable,NL0 24,1,1000.0,59329.069352818755,59329.06935292875
14,NL0 25 Invest,investable,NL0 25,2,1000.0,48541.9658340839,48541.96583421443
14,NL0 26 Invest,investable,NL0 26,2,0.0,48541.9658340839,48541.96583421443
14,NL0 27 Invest,investable,NL0 27,1,1000.0,59329.069352818755,59329.06935292875
14,NL0 28 Invest,investable,NL0 28,2,421.30931852923914,48541.9658340839,48541.96583421443
14,NL0 3 Invest,investable,NL0 3,1,0.0,59329.069352818755,59329.06935292875
14,NL0 30 Invest,investable,NL0 30,1,0.0,59329.069352818755,59329.06935292875
14,NL0 31 Invest,investable,NL0 31,2,0.0,48541.9658340839,48541.96583421443
14,NL0 33 Invest,investable,NL0 33,1,0.0,59329.069352818755,59329.06935292875
14,NL0 4 Invest,investable,NL0 4,2,0.0,48541.9658340839,48541.96583421443
14,NL0 5 Invest,investable,NL0 5,3,1000.0,53935.51759344085,53935.51759357159
14,NL0 6 Invest,investable,NL0 6,3,1000.0,53935.51759344085,53935.51759357159
14,NL0 7 Invest,investable,NL0 7,3,1000.0,53935.51759344085,53935.51759357159
14,NL0 8 Invest,investable,NL0 8,1,0.0,59329.069352818755,59329.06935292875
14,NL0 9 Invest,investable,NL0 9,3,1000.0,53935.51759344085,53935.51759357159
14,NL0 1 biomass,legacy,NL0 1,3,71.0,53935.51759344085,53935.51759344085
14,NL0 1 waste,legacy,NL0 1,3,31.0,53935.51759344085,53935.51759344085
14,NL0 10 waste,legacy,NL0 10,1,150.0,59329.069352818755,59329.069352818755
14,NL0 11 biomass,legacy,NL0 11,3,20.0,53935.51759344085,53935.51759344085
14,NL0 11 waste,legacy,NL0 11,3,50.0,53935.51759344085,53935.51759344085
14,NL0 13 biomass,legacy,NL0 13,3,77.0,53935.51759344085,53935.51759344085
14,NL0 19 biomass,legacy,NL0 19,2,49.0,48541.9658340839,48541.9658340839
14,NL0 19 waste,legacy,NL0 19,2,36.0,48541.9658340839,48541.9658340839
14,NL0 22 biomass,legacy,NL0 22,3,500.0,53935.51759344085,53935.51759344085
14,NL0 25 waste,legacy,NL0 25,2,54.0,48541.9658340839,48541.9658340839
14,NL0 27 biomass,legacy,NL0 27,1,22.0,59329.069352818755,59329.069352818755
14,NL0 27 waste,legacy,NL0 27,1,71.2,59329.069352818755,59329.069352818755
14,NL0 3 biomass,legacy,NL0 3,1,22.0,59329.069352818755,59329.069352818755
14,NL0 3 waste,legacy,NL0 3,1,108.0,59329.069352818755,59329.069352818755
14,NL0 30 biomass,legacy,NL0 30,1,60.0,59329.069352818755,59329.069352818755
14,NL0 7 nuclear,legacy,NL0 7,3,515.0,53935.51759344085,53935.51759344085
14,NL0 7 waste,legacy,NL0 7,3,39.0,53935.51759344085,53935.51759344085
14,NL0 8 biomass,legacy,NL0 8,1,36.0,59329.069352818755,59329.069352818755
14,NL0 8 waste,legacy,NL0 8,1,157.0,59329.069352818755,59329.069352818755
14,NL0 9 biomass,legacy,NL0 9,3,20.0,53935.51759344085,53935.51759344085
14,NL0 0 0 solar,legacy,NL0 0,1,0.0,59329.069352818755,59329.06935281868
14,NL0 1 0 solar,legacy,NL0 1,3,0.0,53935.51759344085,53935.517593440774
14,NL0 10 0 solar,legacy,NL0 10,1,0.0,59329.069352818755,59329.06935281868
14,NL0 11 0 solar,legacy,NL0 11,3,0.0,53935.51759344085,53935.517593440774
14,NL0 12 0 solar,legacy,NL0 12,2,0.0,48541.9658340839,48541.965834083836
14,NL0 13 0 solar,legacy,NL0 13,3,0.0,53935.51759344085,53935.517593440774
14,NL0 14 0 solar,legacy,NL0 14,2,0.0,48541.9658340839,48541.965834083836
14,NL0 15 0 solar,legacy,NL0 15,2,0.0,48541.9658340839,48541.965834083836
14,NL0 16 0 solar,legacy,NL0 16,1,0.0,59329.069352818755,59329.06935281868
14,NL0 17 0 solar,legacy,NL0 17,1,0.0,59329.069352818755,59329.06935281868
14,NL0 18 0 solar,legacy,NL0 18,1,0.0,59329.069352818755,59329.06935281868
14,NL0 19 0 solar,legacy,NL0 19,2,0.0,48541.9658340839,48541.965834083836
14,NL0 2 0 solar,legacy,NL0 2,2,0.0,48541.9658340839,48541.965834083836
14,NL0 20 0 solar,legacy,NL0 20,1,0.0,59329.069352818755,59329.06935281868
14,NL0 21 0 solar,legacy,NL0 21,1,0.0,59329.069352818755,59329.06935281868
14,NL0 22 0 solar,legacy,NL0 22,3,0.0,53935.51759344085,53935.517593440774
14,NL0 23 0 solar,legacy,NL0 23,1,0.0,59329.069352818755,59329.06935281868
14,NL0 24 0 solar,legacy,NL0 24,1,0.0,59329.069352818755,59329.06935281868
14,NL0 25 0 solar,legacy,NL0 25,2,0.0,48541.9658340839,48541.965834083836
14,NL0 26 0 solar,legacy,NL0 26,2,0.0,48541.9658340839,48541.965834083836
14,NL0 27 0 solar,legacy,NL0 27,1,0.0,59329.069352818755,59329.06935281868
14,NL0 28 0 solar,legacy,NL0 28,2,0.0,48541.9658340839,48541.965834083836
14,NL0 3 0 solar,legacy,NL0 3,1,0.0,59329.069352818755,59329.06935281868
14,NL0 30 0 solar,legacy,NL0 30,1,0.0,59329.069352818755,59329.06935281868
14,NL0 31 0 solar,legacy,NL0 31,2,0.0,48541.9658340839,48541.965834083836
14,NL0 4 0 solar,legacy,NL0 4,2,0.0,48541.9658340839,48541.965834083836
14,NL0 5 0 solar,legacy,NL0 5,3,0.0,53935.51759344085,53935.517593440774
14,NL0 6 0 solar,legacy,NL0 6,3,0.0,53935.51759344085,53935.517593440774
14,NL0 7 0 solar,legacy,NL0 7,3,0.0,53935.51759344085,53935.517593440774
14,NL0 8 0 solar,legacy,NL0 8,1,0.0,59329.069352818755,59329.06935281868
14,NL0 9 0 solar,legacy,NL0 9,3,0.0,53935.51759344085,53935.517593440774
14,NL0 20 0 offwind-ac,legacy,NL0 20,1,0.0,59329.069352818755,59329.06935281868
14,NL0 27 0 offwind-ac,legacy,NL0 27,1,0.0,59329.069352818755,59329.06935281868
14,NL0 31 0 offwind-ac,legacy,NL0 31,2,0.0,48541.9658340839,48541.965834083836
14,NL0 32 0 offwind-ac,legacy,NL0 32,1,0.0,59329.069352818755,59329.06935281868
14,NL0 7 0 offwind-ac,legacy,NL0 7,3,0.0,53935.51759344085,53935.517593440774
14,NL0 0 0 onwind,legacy,NL0 0,1,0.0,59329.069352818755,59329.06935281868
14,NL0 1 0 onwind,legacy,NL0 1,3,0.0,53935.51759344085,53935.517593440774
14,NL0 10 0 onwind,legacy,NL0 10,1,0.0,59329.069352818755,59329.06935281868
14,NL0 11 0 onwind,legacy,NL0 11,3,0.0,53935.51759344085,53935.517593440774
14,NL0 12 0 onwind,legacy,NL0 12,2,0.0,48541.9658340839,48541.965834083836
14,NL0 13 0 onwind,legacy,NL0 13,3,0.0,53935.51759344085,53935.517593440774
14,NL0 14 0 onwind,legacy,NL0 14,2,0.0,48541.9658340839,48541.965834083836
14,NL0 15 0 onwind,legacy,NL0 15,2,0.0,48541.9658340839,48541.965834083836
14,NL0 17 0 onwind,legacy,NL0 17,1,0.0,59329.069352818755,59329.06935281868
14,NL0 19 0 onwind,legacy,NL0 19,2,0.0,48541.9658340839,48541.965834083836
14,NL0 2 0 onwind,legacy,NL0 2,2,0.0,48541.9658340839,48541.965834083836
14,NL0 20 0 onwind,legacy,NL0 20,1,0.0,59329.069352818755,59329.06935281868
14,NL0 21 0 onwind,legacy,NL0 21,1,0.0,59329.069352818755,59329.06935281868
14,NL0 22 0 onwind,legacy,NL0 22,3,0.0,53935.51759344085,53935.517593440774
14,NL0 23 0 onwind,legacy,NL0 23,1,0.0,59329.069352818755,59329.06935281868
14,NL0 24 0 onwind,legacy,NL0 24,1,0.0,59329.069352818755,59329.06935281868
14,NL0 27 0 onwind,legacy,NL0 27,1,0.0,59329.069352818755,59329.06935281868
14,NL0 3 0 onwind,legacy,NL0 3,1,0.0,59329.069352818755,59329.06935281868
14,NL0 30 0 onwind,legacy,NL0 30,1,0.0,59329.069352818755,59329.06935281868
14,NL0 31 0 onwind,legacy,NL0 31,2,0.0,48541.9658340839,48541.965834083836
14,NL0 4 0 onwind,legacy,NL0 4,2,0.0,48541.9658340839,48541.965834083836
14,NL0 5 0 onwind,legacy,NL0 5,3,0.0,53935.51759344085,53935.517593440774
14,NL0 6 0 onwind,legacy,NL0 6,3,0.0,53935.51759344085,53935.517593440774
14,NL0 7 0 onwind,legacy,NL0 7,3,0.0,53935.51759344085,53935.517593440774
14,NL0 8 0 onwind,legacy,NL0 8,1,0.0,59329.069352818755,59329.06935281868
14,NL0 9 0 onwind,legacy,NL0 9,3,0.0,53935.51759344085,53935.517593440774
15,NL0 0 Invest,investable,NL0 0,1,0.0,59329.069352818755,59329.06935292875
15,NL0 1 Invest,investable,NL0 1,3,1000.0,53935.51759344085,53935.51759357159
15,NL0 10 Invest,investable,NL0 10,1,0.0,59329.069352818755,59329.06935292875
15,NL0 11 Invest,investable,NL0 11,3,1000.0,53935.51759344085,53935.51759357159
15,NL0 12 Invest,investable,NL0 12,2,0.0,48541.9658340839,48541.96583421443
15,NL0 13 Invest,investable,NL0 13,3,1000.0,53935.51759344085,53935.51759357159
15,NL0 14 Invest,investable,NL0 14,2,0.0,48541.9658340839,48541.96583421443
15,NL0 15 Invest,investable,NL0 15,2,1000.0,48541.9658340839,48541.96583421443
15,NL0 16 Invest,investable,NL0 16,1,1000.0,59329.069352818755,59329.06935292875
15,NL0 17 Invest,investable,NL0 17,1,0.0,59329.069352818755,59329.06935292875
15,NL0 18 Invest,investable,NL0 18,1,601.5467025248663,59329.069352818755,59329.06935292875
15,NL0 19 Invest,investable,NL0 19,2,421.30931852923914,48541.9658340839,48541.96583421443
15,NL0 2 Invest,investable,NL0 2,2,1000.0,48541.9658340839,48541.96583421443
15,NL0 20 Invest,investable,NL0 20,1,0.0,59329.069352818755,59329.06935292875
15,NL0 21 Invest,investable,NL0 21,1,0.0,59329.069352818755,59329.06935292875
15,NL0 22 Invest,investable,NL0 22,3,0.0,53935.51759344085,53935.51759357159
15,NL0 23 Invest,investable,NL0 23,1,1000.0,59329.069352818755,59329.06935292875
15,NL0 24 Invest,investable,NL0 24,1,0.0,59329.069352818755,59329.06935292875
15,NL0 25 Invest,investable,NL0 25,2,0.0,48541.9658340839,48541.96583421443
15,NL0 26 Invest,investable,NL0 26,2,0.0,48541.9658340839,48541.96583421443
15,NL0 27 Invest,investable,NL0 27,1,0.0,59329.069352818755,59329.06935292875
15,NL0 28 Invest,investable,NL0 28,2,0.0,48541.9658340839,48541.96583421443
15,NL0 3 Invest,investable,NL0 3,1,1000.0,59329.069352818755,59329.06935292875
15,NL0 30 Invest,investable,NL0 30,1,1000.0,59329.069352818755,59329.06935292875
15,NL0 31 Invest,investable,NL0 31,2,0.0,48541.9658340839,48541.96583421443
15,NL0 33 Invest,investable,NL0 33,1,1000.0,59329.069352818755,59329.06935292875
15,NL0 4 Invest,investable,NL0 4,2,0.0,48541.9658340839,48541.96583421443
15,NL0 5 Invest,investable,NL0 5,3,678.1047541590287,53935.51759344085,53935.51759357159
15,NL0 6 Invest,investable,NL0 6,3,1000.0,53935.51759344085,53935.51759357159
15,NL0 7 Invest,investable,NL0 7,3,0.0,53935.51759344085,53935.51759357159
15,NL0 8 Invest,investable,NL0 8,1,1000.0,59329.069352818755,59329.06935292875
15,NL0 9 Invest,investable,NL0 9,3,1000.0,53935.51759344085,53935.51759357159
15,NL0 1 biomass,legacy,NL0 1,3,71.0,53935.51759344085,53935.51759344085
15,NL0 1 waste,legacy,NL0 1,3,31.0,53935.51759344085,53935.51759344085
15,NL0 10 waste,legacy,NL0 10,1,150.0,59329.069352818755,59329.069352818755
15,NL0 11 biomass,legacy,NL0 11,3,20.0,53935.51759344085,53935.51759344085
15,NL0 11 waste,legacy,NL0 11,3,50.0,53935.51759344085,53935.51759344085
15,NL0 13 biomass,legacy,NL0 13,3,77.0,53935.51759344085,53935.51759344085
15,NL0 19 biomass,legacy,NL0 19,2,49.0,48541.9658340839,48541.9658340839
15,NL0 19 waste,legacy,NL0 19,2,36.0,48541.9658340839,48541.9658340839
15,NL0 22 biomass,legacy,NL0 22,3,500.0,53935.51759344085,53935.51759344085
15,NL0 25 waste,legacy,NL0 25,2,54.0,48541.9658340839,48541.9658340839
15,NL0 27 biomass,legacy,NL0 27,1,22.0,59329.069352818755,59329.069352818755
15,NL0 27 waste,legacy,NL0 27,1,71.2,59329.069352818755,59329.069352818755
15,NL0 3 biomass,legacy,NL0 3,1,22.0,59329.069352818755,59329.069352818755
15,NL0 3 waste,legacy,NL0 3,1,108.0,59329.069352818755,59329.069352818755
15,NL0 30 biomass,legacy,NL0 30,1,60.0,59329.069352818755,59329.069352818755
15,NL0 7 nuclear,legacy,NL0 7,3,515.0,53935.51759344085,53935.51759344085
15,NL0 7 waste,legacy,NL0 7,3,39.0,53935.51759344085,53935.51759344085
15,NL0 8 biomass,legacy,NL0 8,1,36.0,59329.069352818755,59329.069352818755
15,NL0 8 waste,legacy,NL0 8,1,157.0,59329.069352818755,59329.069352818755
15,NL0 9 biomass,legacy,NL0 9,3,20.0,53935.51759344085,53935.51759344085
15,NL0 0 0 solar,legacy,NL0 0,1,0.0,59329.069352818755,59329.06935281868
15,NL0 1 0 solar,legacy,NL0 1,3,0.0,53935.51759344085,53935.517593440774
15,NL0 10 0 solar,legacy,NL0 10,1,0.0,59329.069352818755,59329.06935281868
15,NL0 11 0 solar,legacy,NL0 11,3,0.0,53935.51759344085,53935.517593440774
15,NL0 12 0 solar,legacy,NL0 12,2,0.0,48541.9658340839,48541.965834083836
15,NL0 13 0 solar,legacy,NL0 13,3,0.0,53935.51759344085,53935.517593440774
15,NL0 14 0 solar,legacy,NL0 14,2,0.0,48541.9658340839,48541.965834083836
15,NL0 15 0 solar,legacy,NL0 15,2,0.0,48541.9658340839,48541.965834083836
15,NL0 16 0 solar,legacy,NL0 16,1,0.0,59329.069352818755,59329.06935281868
15,NL0 17 0 solar,legacy,NL0 17,1,0.0,59329.069352818755,59329.06935281868
15,NL0 18 0 solar,legacy,NL0 18,1,0.0,59329.069352818755,59329.06935281868
15,NL0 19 0 solar,legacy,NL0 19,2,0.0,48541.9658340839,48541.965834083836
15,NL0 2 0 solar,legacy,NL0 2,2,0.0,48541.9658340839,48541.965834083836
15,NL0 20 0 solar,legacy,NL0 20,1,0.0,59329.069352818755,59329.06935281868
15,NL0 21 0 solar,legacy,NL0 21,1,0.0,59329.069352818755,59329.06935281868
15,NL0 22 0 solar,legacy,NL0 22,3,0.0,53935.51759344085,53935.517593440774
15,NL0 23 0 solar,legacy,NL0 23,1,0.0,59329.069352818755,59329.06935281868
15,NL0 24 0 solar,legacy,NL0 24,1,0.0,59329.069352818755,59329.06935281868
15,NL0 25 0 solar,legacy,NL0 25,2,0.0,48541.9658340839,48541.965834083836
15,NL0 26 0 solar,legacy,NL0 26,2,0.0,48541.9658340839,48541.965834083836
15,NL0 27 0 solar,legacy,NL0 27,1,0.0,59329.069352818755,59329.06935281868
15,NL0 28 0 solar,legacy,NL0 28,2,0.0,48541.9658340839,48541.965834083836
15,NL0 3 0 solar,legacy,NL0 3,1,0.0,59329.069352818755,59329.06935281868
15,NL0 30 0 solar,legacy,NL0 30,1,0.0,59329.069352818755,59329.06935281868
15,NL0 31 0 solar,legacy,NL0 31,2,0.0,48541.9658340839,48541.965834083836
15,NL0 4 0 solar,legacy,NL0 4,2,0.0,48541.9658340839,48541.965834083836
15,NL0 5 0 solar,legacy,NL0 5,3,0.0,53935.51759344085,53935.517593440774
15,NL0 6 0 solar,legacy,NL0 6,3,0.0,53935.51759344085,53935.517593440774
15,NL0 7 0 solar,legacy,NL0 7,3,0.0,53935.51759344085,53935.517593440774
15,NL0 8 0 solar,legacy,NL0 8,1,0.0,59329.069352818755,59329.06935281868
15,NL0 9 0 solar,legacy,NL0 9,3,0.0,53935.51759344085,53935.517593440774
15,NL0 20 0 offwind-ac,legacy,NL0 20,1,0.0,59329.069352818755,59329.06935281868
15,NL0 27 0 offwind-ac,legacy,NL0 27,1,0.0,59329.069352818755,59329.06935281868
15,NL0 31 0 offwind-ac,legacy,NL0 31,2,0.0,48541.9658340839,48541.965834083836
15,NL0 32 0 offwind-ac,legacy,NL0 32,1,0.0,59329.069352818755,59329.06935281868
15,NL0 7 0 offwind-ac,legacy,NL0 7,3,0.0,53935.51759344085,53935.517593440774
15,NL0 0 0 onwind,legacy,NL0 0,1,0.0,59329.069352818755,59329.06935281868
15,NL0 1 0 onwind,legacy,NL0 1,3,0.0,53935.51759344085,53935.517593440774
15,NL0 10 0 onwind,legacy,NL0 10,1,0.0,59329.069352818755,59329.06935281868
15,NL0 11 0 onwind,legacy,NL0 11,3,0.0,53935.51759344085,53935.517593440774
15,NL0 12 0 onwind,legacy,NL0 12,2,0.0,48541.9658340839,48541.965834083836
15,NL0 13 0 onwind,legacy,NL0 13,3,0.0,53935.51759344085,53935.517593440774
15,NL0 14 0 onwind,legacy,NL0 14,2,0.0,48541.9658340839,48541.965834083836
15,NL0 15 0 onwind,legacy,NL0 15,2,0.0,48541.9658340839,48541.965834083836
15,NL0 17 0 onwind,legacy,NL0 17,1,0.0,59329.069352818755,59329.06935281868
15,NL0 19 0 onwind,legacy,NL0 19,2,0.0,48541.9658340839,48541.965834083836
15,NL0 2 0 onwind,legacy,NL0 2,2,0.0,48541.9658340839,48541.965834083836
15,NL0 20 0 onwind,legacy,NL0 20,1,0.0,59329.069352818755,59329.06935281868
15,NL0 21 0 onwind,legacy,NL0 21,1,0.0,59329.069352818755,59329.06935281868
15,NL0 22 0 onwind,legacy,NL0 22,3,0.0,53935.51759344085,53935.517593440774
15,NL0 23 0 onwind,legacy,NL0 23,1,0.0,59329.069352818755,59329.06935281868
15,NL0 24 0 onwind,legacy,NL0 24,1,0.0,59329.069352818755,59329.06935281868
15,NL0 27 0 onwind,legacy,NL0 27,1,0.0,59329.069352818755,59329.06935281868
15,NL0 3 0 onwind,legacy,NL0 3,1,0.0,59329.069352818755,59329.06935281868
15,NL0 30 0 onwind,legacy,NL0 30,1,0.0,59329.069352818755,59329.06935281868
15,NL0 31 0 onwind,legacy,NL0 31,2,0.0,48541.9658340839,48541.965834083836
15,NL0 4 0 onwind,legacy,NL0 4,2,0.0,48541.9658340839,48541.965834083836
15,NL0 5 0 onwind,legacy,NL0 5,3,0.0,53935.51759344085,53935.517593440774
15,NL0 6 0 onwind,legacy,NL0 6,3,0.0,53935.51759344085,53935.517593440774
15,NL0 7 0 onwind,legacy,NL0 7,3,0.0,53935.51759344085,53935.517593440774
15,NL0 8 0 onwind,legacy,NL0 8,1,0.0,59329.069352818755,59329.06935281868
15,NL0 9 0 onwind,legacy,NL0 9,3,0.0,53935.51759344085,53935.517593440774
16,NL0 0 Invest,investable,NL0 0,1,1000.0,59329.069352818755,59329.06935292875
16,NL0 1 Invest,investable,NL0 1,3,0.0,53935.51759344085,53935.51759357159
16,NL0 10 Invest,investable,NL0 10,1,1000.0,59329.069352818755,59329.06935292875
16,NL0 11 Invest,investable,NL0 11,3,0.0,53935.51759344085,53935.51759357159
16,NL0 12 Invest,investable,NL0 12,2,0.0,48541.9658340839,48541.96583421443
16,NL0 13 Invest,investable,NL0 13,3,678.1047541590287,53935.51759344085,53935.51759357159
16,NL0 14 Invest,investable,NL0 14,2,421.30931852923914,48541.9658340839,48541.96583421443
16,NL0 15 Invest,investable,NL0 15,2,0.0,48541.9658340839,48541.96583421443
16,NL0 16 Invest,investable,NL0 16,1,0.0,59329.069352818755,59329.06935292875
16,NL0 17 Invest,investable,NL0 17,1,1000.0,59329.069352818755,59329.06935292875
16,NL0 18 Invest,investable,NL0 18,1,0.0,59329.069352818755,59329.06935292875
16,NL0 19 Invest,investable,NL0 19,2,0.0,48541.9658340839,48541.96583421443
16,NL0 2 Invest,investable,NL0 2,2,0.0,48541.9658340839,48541.96583421443
16,NL0 20 Invest,investable,NL0 20,1,1000.0,59329.069352818755,59329.06935292875
16,NL0 21 Invest,investable,NL0 21,1,601.5467025248663,59329.069352818755,59329.06935292875
16,NL0 22 Invest,investable,NL0 22,3,1000.0,53935.51759344085,53935.51759357159
16,NL0 23 Invest,investable,NL0 23,1,0.0,59329.069352818755,59329.06935292875
16,NL0 24 Invest,investable,NL0 24,1,1000.0,59329.069352818755,59329.06935292875
16,NL0 25 Invest,investable,NL0 25,2,0.0,48541.9658340839,48541.96583421443
16,NL0 26 Invest,investable,NL0 26,2,1000.0,48541.9658340839,48541.96583421443
16,NL0 27 Invest,investable,NL0 27,1,1000.0,59329.069352818755,59329.06935292875
16,NL0 28 Invest,investable,NL0 28,2,0.0,48541.9658340839,48541.96583421443
16,NL0 3 Invest,investable,NL0 3,1,0.0,59329.069352818755,59329.06935292875
16,NL0 30 Invest,investable,NL0 30,1,0.0,59329.069352818755,59329.06935292875
16,NL0 31 Invest,investable,NL0 31,2,0.0,48541.9658340839,48541.96583421443
16,NL0 33 Invest,investable,NL0 33,1,0.0,59329.069352818755,59329.06935292875
16,NL0 4 Invest,investable,NL0 4,2,1000.0,48541.9658340839,48541.96583421443
16,NL0 5 Invest,investable,NL0 5,3,1000.0,53935.51759344085,53935.51759357159
16,NL0 6 Invest,investable,NL0 6,3,1000.0,53935.51759344085,53935.51759357159
16,NL0 7 Invest,investable,NL0 7,3,1000.0,53935.51759344085,53935.51759357159
16,NL0 8 Invest,investable,NL0 8,1,0.0,59329.069352818755,59329.06935292875
16,NL0 9 Invest,investable,NL0 9,3,1000.0,53935.51759344085,53935.51759357159
16,NL0 1 biomass,legacy,NL0 1,3,71.0,53935.51759344085,53935.51759344085
16,NL0 1 waste,legacy,NL0 1,3,31.0,53935.51759344085,53935.51759344085
16,NL0 10 waste,legacy,NL0 10,1,150.0,59329.069352818755,59329.069352818755
16,NL0 11 biomass,legacy,NL0 11,3,20.0,53935.51759344085,53935.51759344085
16,NL0 11 waste,legacy,NL0 11,3,50.0,53935.51759344085,53935.51759344085
16,NL0 13 biomass,legacy,NL0 13,3,77.0,53935.51759344085,53935.51759344085
16,NL0 19 biomass,legacy,NL0 19,2,49.0,48541.9658340839,48541.9658340839
16,NL0 19 waste,legacy,NL0 19,2,36.0,48541.9658340839,48541.9658340839
16,NL0 22 biomass,legacy,NL0 22,3,500.0,53935.51759344085,53935.51759344085
16,NL0 25 waste,legacy,NL0 25,2,54.0,48541.9658340839,48541.9658340839
16,NL0 27 biomass,legacy,NL0 27,1,22.0,59329.069352818755,59329.069352818755
16,NL0 27 waste,legacy,NL0 27,1,71.2,59329.069352818755,59329.069352818755
16,NL0 3 biomass,legacy,NL0 3,1,22.0,59329.069352818755,59329.069352818755
16,NL0 3 waste,legacy,NL0 3,1,108.0,59329.069352818755,59329.069352818755
16,NL0 30 biomass,legacy,NL0 30,1,60.0,59329.069352818755,59329.069352818755
16,NL0 7 nuclear,legacy,NL0 7,3,515.0,53935.51759344085,53935.51759344085
16,NL0 7 waste,legacy,NL0 7,3,39.0,53935.51759344085,53935.51759344085
16,NL0 8 biomass,legacy,NL0 8,1,36.0,59329.069352818755,59329.069352818755
16,NL0 8 waste,legacy,NL0 8,1,157.0,59329.069352818755,59329.069352818755
16,NL0 9 biomass,legacy,NL0 9,3,20.0,53935.51759344085,53935.51759344085
16,NL0 0 0 solar,legacy,NL0 0,1,0.0,59329.069352818755,59329.06935281868
16,NL0 1 0 solar,legacy,NL0 1,3,0.0,53935.51759344085,53935.517593440774
16,NL0 10 0 solar,legacy,NL0 10,1,0.0,59329.069352818755,59329.06935281868
16,NL0 11 0 solar,legacy,NL0 11,3,0.0,53935.51759344085,53935.517593440774
16,NL0 12 0 solar,legacy,NL0 12,2,0.0,48541.9658340839,48541.965834083836
16,NL0 13 0 solar,legacy,NL0 13,3,0.0,53935.51759344085,53935.517593440774
16,NL0 14 0 solar,legacy,NL0 14,2,0.0,48541.9658340839,48541.965834083836
16,NL0 15 0 solar,legacy,NL0 15,2,0.0,48541.9658340839,48541.965834083836
16,NL0 16 0 solar,legacy,NL0 16,1,0.0,59329.069352818755,59329.06935281868
16,NL0 17 0 solar,legacy,NL0 17,1,0.0,59329.069352818755,59329.06935281868
16,NL0 18 0 solar,legacy,NL0 18,1,0.0,59329.069352818755,59329.06935281868
16,NL0 19 0 solar,legacy,NL0 19,2,0.0,48541.9658340839,48541.965834083836
16,NL0 2 0 solar,legacy,NL0 2,2,0.0,48541.9658340839,48541.965834083836
16,NL0 20 0 solar,legacy,NL0 20,1,0.0,59329.069352818755,59329.06935281868
16,NL0 21 0 solar,legacy,NL0 21,1,0.0,59329.069352818755,59329.06935281868
16,NL0 22 0 solar,legacy,NL0 22,3,0.0,53935.51759344085,53935.517593440774
16,NL0 23 0 solar,legacy,NL0 23,1,0.0,59329.069352818755,59329.06935281868
16,NL0 24 0 solar,legacy,NL0 24,1,0.0,59329.069352818755,59329.06935281868
16,NL0 25 0 solar,legacy,NL0 25,2,0.0,48541.9658340839,48541.965834083836
16,NL0 26 0 solar,legacy,NL0 26,2,0.0,48541.9658340839,48541.965834083836
16,NL0 27 0 solar,legacy,NL0 27,1,0.0,59329.069352818755,59329.06935281868
16,NL0 28 0 solar,legacy,NL0 28,2,0.0,48541.9658340839,48541.965834083836
16,NL0 3 0 solar,legacy,NL0 3,1,0.0,59329.069352818755,59329.06935281868
16,NL0 30 0 solar,legacy,NL0 30,1,0.0,59329.069352818755,59329.06935281868
16,NL0 31 0 solar,legacy,NL0 31,2,0.0,48541.9658340839,48541.965834083836
16,NL0 4 0 solar,legacy,NL0 4,2,0.0,48541.9658340839,48541.965834083836
16,NL0 5 0 solar,legacy,NL0 5,3,0.0,53935.51759344085,53935.517593440774
16,NL0 6 0 solar,legacy,NL0 6,3,0.0,53935.51759344085,53935.517593440774
16,NL0 7 0 solar,legacy,NL0 7,3,0.0,53935.51759344085,53935.517593440774
16,NL0 8 0 solar,legacy,NL0 8,1,0.0,59329.069352818755,59329.06935281868
16,NL0 9 0 solar,legacy,NL0 9,3,0.0,53935.51759344085,53935.517593440774
16,NL0 20 0 offwind-ac,legacy,NL0 20,1,0.0,59329.069352818755,59329.06935281868
16,NL0 27 0 offwind-ac,legacy,NL0 27,1,0.0,59329.069352818755,59329.06935281868
16,NL0 31 0 offwind-ac,legacy,NL0 31,2,0.0,48541.9658340839,48541.965834083836
16,NL0 32 0 offwind-ac,legacy,NL0 32,1,0.0,59329.069352818755,59329.06935281868
16,NL0 7 0 offwind-ac,legacy,NL0 7,3,0.0,53935.51759344085,53935.517593440774
16,NL0 0 0 onwind,legacy,NL0 0,1,0.0,59329.069352818755,59329.06935281868
16,NL0 1 0 onwind,legacy,NL0 1,3,0.0,53935.51759344085,53935.517593440774
16,NL0 10 0 onwind,legacy,NL0 10,1,0.0,59329.069352818755,59329.06935281868
16,NL0 11 0 onwind,legacy,NL0 11,3,0.0,53935.51759344085,53935.517593440774
16,NL0 12 0 onwind,legacy,NL0 12,2,0.0,48541.9658340839,48541.965834083836
16,NL0 13 0 onwind,legacy,NL0 13,3,0.0,53935.51759344085,53935.517593440774
16,NL0 14 0 onwind,legacy,NL0 14,2,0.0,48541.9658340839,48541.965834083836
16,NL0 15 0 onwind,legacy,NL0 15,2,0.0,48541.9658340839,48541.965834083836
16,NL0 17 0 onwind,legacy,NL0 17,1,0.0,59329.069352818755,59329.06935281868
16,NL0 19 0 onwind,legacy,NL0 19,2,0.0,48541.9658340839,48541.965834083836
16,NL0 2 0 onwind,legacy,NL0 2,2,0.0,48541.9658340839,48541.965834083836
16,NL0 20 0 onwind,legacy,NL0 20,1,0.0,59329.069352818755,59329.06935281868
16,NL0 21 0 onwind,legacy,NL0 21,1,0.0,59329.069352818755,59329.06935281868
16,NL0 22 0 onwind,legacy,NL0 22,3,0.0,53935.51759344085,53935.517593440774
16,NL0 23 0 onwind,legacy,NL0 23,1,0.0,59329.069352818755,59329.06935281868
16,NL0 24 0 onwind,legacy,NL0 24,1,0.0,59329.069352818755,59329.06935281868
16,NL0 27 0 onwind,legacy,NL0 27,1,0.0,59329.069352818755,59329.06935281868
16,NL0 3 0 onwind,legacy,NL0 3,1,0.0,59329.069352818755,59329.06935281868
16,NL0 30 0 onwind,legacy,NL0 30,1,0.0,59329.069352818755,59329.06935281868
16,NL0 31 0 onwind,legacy,NL0 31,2,0.0,48541.9658340839,48541.965834083836
16,NL0 4 0 onwind,legacy,NL0 4,2,0.0,48541.9658340839,48541.965834083836
16,NL0 5 0 onwind,legacy,NL0 5,3,0.0,53935.51759344085,53935.517593440774
16,NL0 6 0 onwind,legacy,NL0 6,3,0.0,53935.51759344085,53935.517593440774
16,NL0 7 0 onwind,legacy,NL0 7,3,0.0,53935.51759344085,53935.517593440774
16,NL0 8 0 onwind,legacy,NL0 8,1,0.0,59329.069352818755,59329.06935281868
16,NL0 9 0 onwind,legacy,NL0 9,3,0.0,53935.51759344085,53935.517593440774
17,NL0 0 Invest,investable,NL0 0,1,1000.0,59329.069352818755,59329.06935292875
17,NL0 1 Invest,investable,NL0 1,3,0.0,53935.51759344085,53935.51759357159
17,NL0 10 Invest,investable,NL0 10,1,601.5467025248663,59329.069352818755,59329.06935292875
17,NL0 11 Invest,investable,NL0 11,3,0.0,53935.51759344085,53935.51759357159
17,NL0 12 Invest,investable,NL0 12,2,0.0,48541.9658340839,48541.96583421443
17,NL0 13 Invest,investable,NL0 13,3,678.1047541590287,53935.51759344085,53935.51759357159
17,NL0 14 Invest,investable,NL0 14,2,0.0,48541.9658340839,48541.96583421443
17,NL0 15 Invest,investable,NL0 15,2,1000.0,48541.9658340839,48541.96583421443
17,NL0 16 Invest,investable,NL0 16,1,1000.0,59329.069352818755,59329.06935292875
17,NL0 17 Invest,investable,NL0 17,1,0.0,59329.069352818755,59329.06935292875
17,NL0 18 Invest,investable,NL0 18,1,0.0,59329.069352818755,59329.06935292875
17,NL0 19 Invest,investable,NL0 19,2,421.30931852923914,48541.9658340839,48541.96583421443
17,NL0 2 Invest,investable,NL0 2,2,1000.0,48541.9658340839,48541.96583421443
17,NL0 20 Invest,investable,NL0 20,1,1000.0,59329.069352818755,59329.06935292875
17,NL0 21 Invest,investable,NL0 21,1,0.0,59329.069352818755,59329.06935292875
17,NL0 22 Invest,investable,NL0 22,3,1000.0,53935.51759344085,53935.51759357159
17,NL0 23 Invest,investable,NL0 23,1,0.0,59329.069352818755,59329.06935292875
17,NL0 24 Invest,investable,NL0 24,1,1000.0,59329.069352818755,59329.06935292875
17,NL0 25 Invest,investable,NL0 25,2,0.0,48541.9658340839,48541.96583421443
17,NL0 26 Invest,investable,NL0 26,2,0.0,48541.9658340839,48541.96583421443
17,NL0 27 Invest,investable,NL0 27,1,0.0,59329.069352818755,59329.06935292875
17,NL0 28 Invest,investable,NL0 28,2,0.0,48541.9658340839,48541.96583421443
17,NL0 3 Invest,investable,NL0 3,1,1000.0,59329.069352818755,59329.06935292875
17,NL0 30 Invest,investable,NL0 30,1,0.0,59329.069352818755,59329.06935292875
17,NL0 31 Invest,investable,NL0 31,2,0.0,48541.9658340839,48541.96583421443
17,NL0 33 Invest,investable,NL0 33,1,0.0,59329.069352818755,59329.06935292875
17,NL0 4 Invest,investable,NL0 4,2,0.0,48541.9658340839,48541.96583421443
17,NL0 5 Invest,investable,NL0 5,3,1000.0,53935.51759344085,53935.51759357159
17,NL0 6 Invest,investable,NL0 6,3,1000.0,53935.51759344085,53935.51759357159
17,NL0 7 Invest,investable,NL0 7,3,1000.0,53935.51759344085,53935.51759357159
17,NL0 8 Invest,investable,NL0 8,1,1000.0,59329.069352818755,59329.06935292875
17,NL0 9 Invest,investable,NL0 9,3,1000.0,53935.51759344085,53935.51759357159
17,NL0 1 biomass,legacy,NL0 1,3,71.0,53935.51759344085,53935.51759344085
17,NL0 1 waste,legacy,NL0 1,3,31.0,53935.51759344085,53935.51759344085
17,NL0 10 waste,legacy,NL0 10,1,150.0,59329.069352818755,59329.069352818755
17,NL0 11 biomass,legacy,NL0 11,3,20.0,53935.51759344085,53935.51759344085
17,NL0 11 waste,legacy,NL0 11,3,50.0,53935.51759344085,53935.51759344085
17,NL0 13 biomass,legacy,NL0 13,3,77.0,53935.51759344085,53935.51759344085
17,NL0 19 biomass,legacy,NL0 19,2,49.0,48541.9658340839,48541.9658340839
17,NL0 19 waste,legacy,NL0 19,2,36.0,48541.9658340839,48541.9658340839
17,NL0 22 biomass,legacy,NL0 22,3,500.0,53935.51759344085,53935.51759344085
17,NL0 25 waste,legacy,NL0 25,2,54.0,48541.9658340839,48541.9658340839
17,NL0 27 biomass,legacy,NL0 27,1,22.0,59329.069352818755,59329.069352818755
17,NL0 27 waste,legacy,NL0 27,1,71.2,59329.069352818755,59329.069352818755
17,NL0 3 biomass,legacy,NL0 3,1,22.0,59329.069352818755,59329.069352818755
17,NL0 3 waste,legacy,NL0 3,1,108.0,59329.069352818755,59329.069352818755
17,NL0 30 biomass,legacy,NL0 30,1,60.0,59329.069352818755,59329.069352818755
17,NL0 7 nuclear,legacy,NL0 7,3,515.0,53935.51759344085,53935.51759344085
17,NL0 7 waste,legacy,NL0 7,3,39.0,53935.51759344085,53935.51759344085
17,NL0 8 biomass,legacy,NL0 8,1,36.0,59329.069352818755,59329.069352818755
17,NL0 8 waste,legacy,NL0 8,1,157.0,59329.069352818755,59329.069352818755
17,NL0 9 biomass,legacy,NL0 9,3,20.0,53935.51759344085,53935.51759344085
17,NL0 0 0 solar,legacy,NL0 0,1,0.0,59329.069352818755,59329.06935281868
17,NL0 1 0 solar,legacy,NL0 1,3,0.0,53935.51759344085,53935.517593440774
17,NL0 10 0 solar,legacy,NL0 10,1,0.0,59329.069352818755,59329.06935281868
17,NL0 11 0 solar,legacy,NL0 11,3,0.0,53935.51759344085,53935.517593440774
17,NL0 12 0 solar,legacy,NL0 12,2,0.0,48541.9658340839,48541.965834083836
17,NL0 13 0 solar,legacy,NL0 13,3,0.0,53935.51759344085,53935.517593440774
17,NL0 14 0 solar,legacy,NL0 14,2,0.0,48541.9658340839,48541.965834083836
17,NL0 15 0 solar,legacy,NL0 15,2,0.0,48541.9658340839,48541.965834083836
17,NL0 16 0 solar,legacy,NL0 16,1,0.0,59329.069352818755,59329.06935281868
17,NL0 17 0 solar,legacy,NL0 17,1,0.0,59329.069352818755,59329.06935281868
17,NL0 18 0 solar,legacy,NL0 18,1,0.0,59329.069352818755,59329.06935281868
17,NL0 19 0 solar,legacy,NL0 19,2,0.0,48541.9658340839,48541.965834083836
17,NL0 2 0 solar,legacy,NL0 2,2,0.0,48541.9658340839,48541.965834083836
17,NL0 20 0 solar,legacy,NL0 20,1,0.0,59329.069352818755,59329.06935281868
17,NL0 21 0 solar,legacy,NL0 21,1,0.0,59329.069352818755,59329.06935281868
17,NL0 22 0 solar,legacy,NL0 22,3,0.0,53935.51759344085,53935.517593440774
17,NL0 23 0 solar,legacy,NL0 23,1,0.0,59329.069352818755,59329.06935281868
17,NL0 24 0 solar,legacy,NL0 24,1,0.0,59329.069352818755,59329.06935281868
17,NL0 25 0 solar,legacy,NL0 25,2,0.0,48541.9658340839,48541.965834083836
17,NL0 26 0 solar,legacy,NL0 26,2,0.0,48541.9658340839,48541.965834083836
17,NL0 27 0 solar,legacy,NL0 27,1,0.0,59329.069352818755,59329.06935281868
17,NL0 28 0 solar,legacy,NL0 28,2,0.0,48541.9658340839,48541.965834083836
17,NL0 3 0 solar,legacy,NL0 3,1,0.0,59329.069352818755,59329.06935281868
17,NL0 30 0 solar,legacy,NL0 30,1,0.0,59329.069352818755,59329.06935281868
17,NL0 31 0 solar,legacy,NL0 31,2,0.0,48541.9658340839,48541.965834083836
17,NL0 4 0 solar,legacy,NL0 4,2,0.0,48541.9658340839,48541.965834083836
17,NL0 5 0 solar,legacy,NL0 5,3,0.0,53935.51759344085,53935.517593440774
17,NL0 6 0 solar,legacy,NL0 6,3,0.0,53935.51759344085,53935.517593440774
17,NL0 7 0 solar,legacy,NL0 7,3,0.0,53935.51759344085,53935.517593440774
17,NL0 8 0 solar,legacy,NL0 8,1,0.0,59329.069352818755,59329.06935281868
17,NL0 9 0 solar,legacy,NL0 9,3,0.0,53935.51759344085,53935.517593440774
17,NL0 20 0 offwind-ac,legacy,NL0 20,1,0.0,59329.069352818755,59329.06935281868
17,NL0 27 0 offwind-ac,legacy,NL0 27,1,0.0,59329.069352818755,59329.06935281868
17,NL0 31 0 offwind-ac,legacy,NL0 31,2,0.0,48541.9658340839,48541.965834083836
17,NL0 32 0 offwind-ac,legacy,NL0 32,1,0.0,59329.069352818755,59329.06935281868
17,NL0 7 0 offwind-ac,legacy,NL0 7,3,0.0,53935.51759344085,53935.517593440774
17,NL0 0 0 onwind,legacy,NL0 0,1,0.0,59329.069352818755,59329.06935281868
17,NL0 1 0 onwind,legacy,NL0 1,3,0.0,53935.51759344085,53935.517593440774
17,NL0 10 0 onwind,legacy,NL0 10,1,0.0,59329.069352818755,59329.06935281868
17,NL0 11 0 onwind,legacy,NL0 11,3,0.0,53935.51759344085,53935.517593440774
17,NL0 12 0 onwind,legacy,NL0 12,2,0.0,48541.9658340839,48541.965834083836
17,NL0 13 0 onwind,legacy,NL0 13,3,0.0,53935.51759344085,53935.517593440774
17,NL0 14 0 onwind,legacy,NL0 14,2,0.0,48541.9658340839,48541.965834083836
17,NL0 15 0 onwind,legacy,NL0 15,2,0.0,48541.9658340839,48541.965834083836
17,NL0 17 0 onwind,legacy,NL0 17,1,0.0,59329.069352818755,59329.06935281868
17,NL0 19 0 onwind,legacy,NL0 19,2,0.0,48541.9658340839,48541.965834083836
17,NL0 2 0 onwind,legacy,NL0 2,2,0.0,48541.9658340839,48541.965834083836
17,NL0 20 0 onwind,legacy,NL0 20,1,0.0,59329.069352818755,59329.06935281868
17,NL0 21 0 onwind,legacy,NL0 21,1,0.0,59329.069352818755,59329.06935281868
17,NL0 22 0 onwind,legacy,NL0 22,3,0.0,53935.51759344085,53935.517593440774
17,NL0 23 0 onwind,legacy,NL0 23,1,0.0,59329.069352818755,59329.06935281868
17,NL0 24 0 onwind,legacy,NL0 24,1,0.0,59329.069352818755,59329.06935281868
17,NL0 27 0 onwind,legacy,NL0 27,1,0.0,59329.069352818755,59329.06935281868
17,NL0 3 0 onwind,legacy,NL0 3,1,0.0,59329.069352818755,59329.06935281868
17,NL0 30 0 onwind,legacy,NL0 30,1,0.0,59329.069352818755,59329.06935281868
17,NL0 31 0 onwind,legacy,NL0 31,2,0.0,48541.9658340839,48541.965834083836
17,NL0 4 0 onwind,legacy,NL0 4,2,0.0,48541.9658340839,48541.965834083836
17,NL0 5 0 onwind,legacy,NL0 5,3,0.0,53935.51759344085,53935.517593440774
17,NL0 6 0 onwind,legacy,NL0 6,3,0.0,53935.51759344085,53935.517593440774
17,NL0 7 0 onwind,legacy,NL0 7,3,0.0,53935.51759344085,53935.517593440774
17,NL0 8 0 onwind,legacy,NL0 8,1,0.0,59329.069352818755,59329.06935281868
17,NL0 9 0 onwind,legacy,NL0 9,3,0.0,53935.51759344085,53935.517593440774
18,NL0 0 Invest,investable,NL0 0,1,0.0,59329.069352818755,59329.06935292875
18,NL0 1 Invest,investable,NL0 1,3,1000.0,53935.51759344085,53935.51759357159
18,NL0 10 Invest,investable,NL0 10,1,0.0,59329.069352818755,59329.06935292875
18,NL0 11 Invest,investable,NL0 11,3,1000.0,53935.51759344085,53935.51759357159
18,NL0 12 Invest,investable,NL0 12,2,0.0,48541.9658340839,48541.96583421443
18,NL0 13 Invest,investable,NL0 13,3,1000.0,53935.51759344085,53935.51759357159
18,NL0 14 Invest,investable,NL0 14,2,421.30931852923914,48541.9658340839,48541.96583421443
18,NL0 15 Invest,investable,NL0 15,2,0.0,48541.9658340839,48541.96583421443
18,NL0 16 Invest,investable,NL0 16,1,0.0,59329.069352818755,59329.06935292875
18,NL0 17 Invest,investable,NL0 17,1,1000.0,59329.069352818755,59329.06935292875
18,NL0 18 Invest,investable,NL0 18,1,1000.0,59329.069352818755,59329.06935292875
18,NL0 19 Invest,investable,NL0 19,2,0.0,48541.9658340839,48541.96583421443
18,NL0 2 Invest,investable,NL0 2,2,0.0,48541.9658340839,48541.96583421443
18,NL0 20 Invest,investable,NL0 20,1,0.0,59329.069352818755,59329.06935292875
18,NL0 21 Invest,investable,NL0 21,1,1000.0,59329.069352818755,59329.06935292875
18,NL0 22 Invest,investable,NL0 22,3,0.0,53935.51759344085,53935.51759357159
18,NL0 23 Invest,investable,NL0 23,1,1000.0,59329.069352818755,59329.06935292875
18,NL0 24 Invest,investable,NL0 24,1,0.0,59329.069352818755,59329.06935292875
18,NL0 25 Invest,investable,NL0 25,2,0.0,48541.9658340839,48541.96583421443
18,NL0 26 Invest,investable,NL0 26,2,1000.0,48541.9658340839,48541.96583421443
18,NL0 27 Invest,investable,NL0 27,1,601.5467025248663,59329.069352818755,59329.06935292875
18,NL0 28 Invest,investable,NL0 28,2,0.0,48541.9658340839,48541.96583421443
18,NL0 3 Invest,investable,NL0 3,1,0.0,59329.069352818755,59329.06935292875
18,NL0 30 Invest,investable,NL0 30,1,1000.0,59329.069352818755,59329.06935292875
18,NL0 31 Invest,investable,NL0 31,2,0.0,48541.9658340839,48541.96583421443
18,NL0 33 Invest,investable,NL0 33,1,1000.0,59329.069352818755,59329.06935292875
18,NL0 4 Invest,investable,NL0 4,2,1000.0,48541.9658340839,48541.96583421443
18,NL0 5 Invest,investable,NL0 5,3,678.1047541590287,53935.51759344085,53935.51759357159
18,NL0 6 Invest,investable,NL0 6,3,1000.0,53935.51759344085,53935.51759357159
18,NL0 7 Invest,investable,NL0 7,3,0.0,53935.51759344085,53935.51759357159
18,NL0 8 Invest,investable,NL0 8,1,0.0,59329.069352818755,59329.06935292875
18,NL0 9 Invest,investable,NL0 9,3,1000.0,53935.51759344085,53935.51759357159
18,NL0 1 biomass,legacy,NL0 1,3,71.0,53935.51759344085,53935.51759344085
18,NL0 1 waste,legacy,NL0 1,3,31.0,53935.51759344085,53935.51759344085
18,NL0 10 waste,legacy,NL0 10,1,150.0,59329.069352818755,59329.069352818755
18,NL0 11 biomass,legacy,NL0 11,3,20.0,53935.51759344085,53935.51759344085
18,NL0 11 waste,legacy,NL0 11,3,50.0,53935.51759344085,53935.51759344085
18,NL0 13 biomass,legacy,NL0 13,3,77.0,53935.51759344085,53935.51759344085
18,NL0 19 biomass,legacy,NL0 19,2,49.0,48541.9658340839,48541.9658340839
18,NL0 19 waste,legacy,NL0 19,2,36.0,48541.9658340839,48541.9658340839
18,NL0 22 biomass,legacy,NL0 22,3,500.0,53935.51759344085,53935.51759344085
18,NL0 25 waste,legacy,NL0 25,2,54.0,48541.9658340839,48541.9658340839
18,NL0 27 biomass,legacy,NL0 27,1,22.0,59329.069352818755,59329.069352818755
18,NL0 27 waste,legacy,NL0 27,1,71.2,59329.069352818755,59329.069352818755
18,NL0 3 biomass,legacy,NL0 3,1,22.0,59329.069352818755,59329.069352818755
18,NL0 3 waste,legacy,NL0 3,1,108.0,59329.069352818755,59329.069352818755
18,NL0 30 biomass,legacy,NL0 30,1,60.0,59329.069352818755,59329.069352818755
18,NL0 7 nuclear,legacy,NL0 7,3,515.0,53935.51759344085,53935.51759344085
18,NL0 7 waste,legacy,NL0 7,3,39.0,53935.51759344085,53935.51759344085
18,NL0 8 biomass,legacy,NL0 8,1,36.0,59329.069352818755,59329.069352818755
18,NL0 8 waste,legacy,NL0 8,1,157.0,59329.069352818755,59329.069352818755
18,NL0 9 biomass,legacy,NL0 9,3,20.0,53935.51759344085,53935.51759344085
18,NL0 0 0 solar,legacy,NL0 0,1,0.0,59329.069352818755,59329.06935281868
18,NL0 1 0 solar,legacy,NL0 1,3,0.0,53935.51759344085,53935.517593440774
18,NL0 10 0 solar,legacy,NL0 10,1,0.0,59329.069352818755,59329.06935281868
18,NL0 11 0 solar,legacy,NL0 11,3,0.0,53935.51759344085,53935.517593440774
18,NL0 12 0 solar,legacy,NL0 12,2,0.0,48541.9658340839,48541.965834083836
18,NL0 13 0 solar,legacy,NL0 13,3,0.0,53935.51759344085,53935.517593440774
18,NL0 14 0 solar,legacy,NL0 14,2,0.0,48541.9658340839,48541.965834083836
18,NL0 15 0 solar,legacy,NL0 15,2,0.0,48541.9658340839,48541.965834083836
18,NL0 16 0 solar,legacy,NL0 16,1,0.0,59329.069352818755,59329.06935281868
18,NL0 17 0 solar,legacy,NL0 17,1,0.0,59329.069352818755,59329.06935281868
18,NL0 18 0 solar,legacy,NL0 18,1,0.0,59329.069352818755,59329.06935281868
18,NL0 19 0 solar,legacy,NL0 19,2,0.0,48541.9658340839,48541.965834083836
18,NL0 2 0 solar,legacy,NL0 2,2,0.0,48541.9658340839,48541.965834083836
18,NL0 20 0 solar,legacy,NL0 20,1,0.0,59329.069352818755,59329.06935281868
18,NL0 21 0 solar,legacy,NL0 21,1,0.0,59329.069352818755,59329.06935281868
18,NL0 22 0 solar,legacy,NL0 22,3,0.0,53935.51759344085,53935.517593440774
18,NL0 23 0 solar,legacy,NL0 23,1,0.0,59329.069352818755,59329.06935281868
18,NL0 24 0 solar,legacy,NL0 24,1,0.0,59329.069352818755,59329.06935281868
18,NL0 25 0 solar,legacy,NL0 25,2,0.0,48541.9658340839,48541.965834083836
18,NL0 26 0 solar,legacy,NL0 26,2,0.0,48541.9658340839,48541.965834083836
18,NL0 27 0 solar,legacy,NL0 27,1,0.0,59329.069352818755,59329.06935281868
18,NL0 28 0 solar,legacy,NL0 28,2,0.0,48541.9658340839,48541.965834083836
18,NL0 3 0 solar,legacy,NL0 3,1,0.0,59329.069352818755,59329.06935281868
18,NL0 30 0 solar,legacy,NL0 30,1,0.0,59329.069352818755,59329.06935281868
18,NL0 31 0 solar,legacy,NL0 31,2,0.0,48541.9658340839,48541.965834083836
18,NL0 4 0 solar,legacy,NL0 4,2,0.0,48541.9658340839,48541.965834083836
18,NL0 5 0 solar,legacy,NL0 5,3,0.0,53935.51759344085,53935.517593440774
18,NL0 6 0 solar,legacy,NL0 6,3,0.0,53935.51759344085,53935.517593440774
18,NL0 7 0 solar,legacy,NL0 7,3,0.0,53935.51759344085,53935.517593440774
18,NL0 8 0 solar,legacy,NL0 8,1,0.0,59329.069352818755,59329.06935281868
18,NL0 9 0 solar,legacy,NL0 9,3,0.0,53935.51759344085,53935.517593440774
18,NL0 20 0 offwind-ac,legacy,NL0 20,1,0.0,59329.069352818755,59329.06935281868
18,NL0 27 0 offwind-ac,legacy,NL0 27,1,0.0,59329.069352818755,59329.06935281868
18,NL0 31 0 offwind-ac,legacy,NL0 31,2,0.0,48541.9658340839,48541.965834083836
18,NL0 32 0 offwind-ac,legacy,NL0 32,1,0.0,59329.069352818755,59329.06935281868
18,NL0 7 0 offwind-ac,legacy,NL0 7,3,0.0,53935.51759344085,53935.517593440774
18,NL0 0 0 onwind,legacy,NL0 0,1,0.0,59329.069352818755,59329.06935281868
18,NL0 1 0 onwind,legacy,NL0 1,3,0.0,53935.51759344085,53935.517593440774
18,NL0 10 0 onwind,legacy,NL0 10,1,0.0,59329.069352818755,59329.06935281868
18,NL0 11 0 onwind,legacy,NL0 11,3,0.0,53935.51759344085,53935.517593440774
18,NL0 12 0 onwind,legacy,NL0 12,2,0.0,48541.9658340839,48541.965834083836
18,NL0 13 0 onwind,legacy,NL0 13,3,0.0,53935.51759344085,53935.517593440774
18,NL0 14 0 onwind,legacy,NL0 14,2,0.0,48541.9658340839,48541.965834083836
18,NL0 15 0 onwind,legacy,NL0 15,2,0.0,48541.9658340839,48541.965834083836
18,NL0 17 0 onwind,legacy,NL0 17,1,0.0,59329.069352818755,59329.06935281868
18,NL0 19 0 onwind,legacy,NL0 19,2,0.0,48541.9658340839,48541.965834083836
18,NL0 2 0 onwind,legacy,NL0 2,2,0.0,48541.9658340839,48541.965834083836
18,NL0 20 0 onwind,legacy,NL0 20,1,0.0,59329.069352818755,59329.06935281868
18,NL0 21 0 onwind,legacy,NL0 21,1,0.0,59329.069352818755,59329.06935281868
18,NL0 22 0 onwind,legacy,NL0 22,3,0.0,53935.51759344085,53935.517593440774
18,NL0 23 0 onwind,legacy,NL0 23,1,0.0,59329.069352818755,59329.06935281868
18,NL0 24 0 onwind,legacy,NL0 24,1,0.0,59329.069352818755,59329.06935281868
18,NL0 27 0 onwind,legacy,NL0 27,1,0.0,59329.069352818755,59329.06935281868
18,NL0 3 0 onwind,legacy,NL0 3,1,0.0,59329.069352818755,59329.06935281868
18,NL0 30 0 onwind,legacy,NL0 30,1,0.0,59329.069352818755,59329.06935281868
18,NL0 31 0 onwind,legacy,NL0 31,2,0.0,48541.9658340839,48541.965834083836
18,NL0 4 0 onwind,legacy,NL0 4,2,0.0,48541.9658340839,48541.965834083836
18,NL0 5 0 onwind,legacy,NL0 5,3,0.0,53935.51759344085,53935.517593440774
18,NL0 6 0 onwind,legacy,NL0 6,3,0.0,53935.51759344085,53935.517593440774
18,NL0 7 0 onwind,legacy,NL0 7,3,0.0,53935.51759344085,53935.517593440774
18,NL0 8 0 onwind,legacy,NL0 8,1,0.0,59329.069352818755,59329.06935281868
18,NL0 9 0 onwind,legacy,NL0 9,3,0.0,53935.51759344085,53935.517593440774
19,NL0 0 Invest,investable,NL0 0,1,0.0,59329.069352818755,59329.06935292875
19,NL0 1 Invest,investable,NL0 1,3,1000.0,53935.51759344085,53935.51759357159
19,NL0 10 Invest,investable,NL0 10,1,0.0,59329.069352818755,59329.06935292875
19,NL0 11 Invest,investable,NL0 11,3,1000.0,53935.51759344085,53935.51759357159
19,NL0 12 Invest,investable,NL0 12,2,0.0,48541.9658340839,48541.96583421443
19,NL0 13 Invest,investable,NL0 13,3,1000.0,53935.51759344085,53935.51759357159
19,NL0 14 Invest,investable,NL0 14,2,421.30931852923914,48541.9658340839,48541.96583421443
19,NL0 15 Invest,investable,NL0 15,2,0.0,48541.9658340839,48541.96583421443
19,NL0 16 Invest,investable,NL0 16,1,1000.0,59329.069352818755,59329.06935292875
19,NL0 17 Invest,investable,NL0 17,1,0.0,59329.069352818755,59329.06935292875
19,NL0 18 Invest,investable,NL0 18,1,601.5467025248663,59329.069352818755,59329.06935292875
19,NL0 19 Invest,investable,NL0 19,2,0.0,48541.9658340839,48541.96583421443
19,NL0 2 Invest,investable,NL0 2,2,0.0,48541.9658340839,48541.96583421443
19,NL0 20 Invest,investable,NL0 20,1,0.0,59329.069352818755,59329.06935292875
19,NL0 21 Invest,investable,NL0 21,1,0.0,59329.069352818755,59329.06935292875
19,NL0 22 Invest,investable,NL0 22,3,0.0,53935.51759344085,53935.51759357159
19,NL0 23 Invest,investable,NL0 23,1,1000.0,59329.069352818755,59329.06935292875
19,NL0 24 Invest,investable,NL0 24,1,0.0,59329.069352818755,59329.06935292875
19,NL0 25 Invest,investable,NL0 25,2,0.0,48541.9658340839,48541.96583421443
19,NL0 26 Invest,investable,NL0 26,2,1000.0,48541.9658340839,48541.96583421443
19,NL0 27 Invest,investable,NL0 27,1,0.0,59329.069352818755,59329.06935292875
19,NL0 28 Invest,investable,NL0 28,2,0.0,48541.9658340839,48541.96583421443
19,NL0 3 Invest,investable,NL0 3,1,1000.0,59329.069352818755,59329.06935292875
19,NL0 30 Invest,investable,NL0 30,1,1000.0,59329.069352818755,59329.06935292875
19,NL0 31 Invest,investable,NL0 31,2,0.0,48541.9658340839,48541.96583421443
19,NL0 33 Invest,investable,NL0 33,1,1000.0,59329.069352818755,59329.06935292875
19,NL0 4 Invest,investable,NL0 4,2,1000.0,48541.9658340839,48541.96583421443
19,NL0 5 Invest,investable,NL0 5,3,678.1047541590287,53935.51759344085,53935.51759357159
19,NL0 6 Invest,investable,NL0 6,3,1000.0,53935.51759344085,53935.51759357159
19,NL0 7 Invest,investable,NL0 7,3,0.0,53935.51759344085,53935.51759357159
19,NL0 8 Invest,investable,NL0 8,1,1000.0,59329.069352818755,59329.06935292875
19,NL0 9 Invest,investable,NL0 9,3,1000.0,53935.51759344085,53935.51759357159
19,NL0 1 biomass,legacy,NL0 1,3,71.0,53935.51759344085,53935.51759344085
19,NL0 1 waste,legacy,NL0 1,3,31.0,53935.51759344085,53935.51759344085
19,NL0 10 waste,legacy,NL0 10,1,150.0,59329.069352818755,59329.069352818755
19,NL0 11 biomass,legacy,NL0 11,3,20.0,53935.51759344085,53935.51759344085
19,NL0 11 waste,legacy,NL0 11,3,50.0,53935.51759344085,53935.51759344085
19,NL0 13 biomass,legacy,NL0 13,3,77.0,53935.51759344085,53935.51759344085
19,NL0 19 biomass,legacy,NL0 19,2,49.0,48541.9658340839,48541.9658340839
19,NL0 19 waste,legacy,NL0 19,2,36.0,48541.9658340839,48541.9658340839
19,NL0 22 biomass,legacy,NL0 22,3,500.0,53935.51759344085,53935.51759344085
19,NL0 25 waste,legacy,NL0 25,2,54.0,48541.9658340839,48541.9658340839
19,NL0 27 biomass,legacy,NL0 27,1,22.0,59329.069352818755,59329.069352818755
19,NL0 27 waste,legacy,NL0 27,1,71.2,59329.069352818755,59329.069352818755
19,NL0 3 biomass,legacy,NL0 3,1,22.0,59329.069352818755,59329.069352818755
19,NL0 3 waste,legacy,NL0 3,1,108.0,59329.069352818755,59329.069352818755
19,NL0 30 biomass,legacy,NL0 30,1,60.0,59329.069352818755,59329.069352818755
19,NL0 7 nuclear,legacy,NL0 7,3,515.0,53935.51759344085,53935.51759344085
19,NL0 7 waste,legacy,NL0 7,3,39.0,53935.51759344085,53935.51759344085
19,NL0 8 biomass,legacy,NL0 8,1,36.0,59329.069352818755,59329.069352818755
19,NL0 8 waste,legacy,NL0 8,1,157.0,59329.069352818755,59329.069352818755
19,NL0 9 biomass,legacy,NL0 9,3,20.0,53935.51759344085,53935.51759344085
19,NL0 0 0 solar,legacy,NL0 0,1,0.0,59329.069352818755,59329.06935281868
19,NL0 1 0 solar,legacy,NL0 1,3,0.0,53935.51759344085,53935.517593440774
19,NL0 10 0 solar,legacy,NL0 10,1,0.0,59329.069352818755,59329.06935281868
19,NL0 11 0 solar,legacy,NL0 11,3,0.0,53935.51759344085,53935.517593440774
19,NL0 12 0 solar,legacy,NL0 12,2,0.0,48541.9658340839,48541.965834083836
19,NL0 13 0 solar,legacy,NL0 13,3,0.0,53935.51759344085,53935.517593440774
19,NL0 14 0 solar,legacy,NL0 14,2,0.0,48541.9658340839,48541.965834083836
19,NL0 15 0 solar,legacy,NL0 15,2,0.0,48541.9658340839,48541.965834083836
19,NL0 16 0 solar,legacy,NL0 16,1,0.0,59329.069352818755,59329.06935281868
19,NL0 17 0 solar,legacy,NL0 17,1,0.0,59329.069352818755,59329.06935281868
19,NL0 18 0 solar,legacy,NL0 18,1,0.0,59329.069352818755,59329.06935281868
19,NL0 19 0 solar,legacy,NL0 19,2,0.0,48541.9658340839,48541.965834083836
19,NL0 2 0 solar,legacy,NL0 2,2,0.0,48541.9658340839,48541.965834083836
19,NL0 20 0 solar,legacy,NL0 20,1,0.0,59329.069352818755,59329.06935281868
19,NL0 21 0 solar,legacy,NL0 21,1,0.0,59329.069352818755,59329.06935281868
19,NL0 22 0 solar,legacy,NL0 22,3,0.0,53935.51759344085,53935.517593440774
19,NL0 23 0 solar,legacy,NL0 23,1,0.0,59329.069352818755,59329.06935281868
19,NL0 24 0 solar,legacy,NL0 24,1,0.0,59329.069352818755,59329.06935281868
19,NL0 25 0 solar,legacy,NL0 25,2,0.0,48541.9658340839,48541.965834083836
19,NL0 26 0 solar,legacy,NL0 26,2,0.0,48541.9658340839,48541.965834083836
19,NL0 27 0 solar,legacy,NL0 27,1,0.0,59329.069352818755,59329.06935281868
19,NL0 28 0 solar,legacy,NL0 28,2,0.0,48541.9658340839,48541.965834083836
19,NL0 3 0 solar,legacy,NL0 3,1,0.0,59329.069352818755,59329.06935281868
19,NL0 30 0 solar,legacy,NL0 30,1,0.0,59329.069352818755,59329.06935281868
19,NL0 31 0 solar,legacy,NL0 31,2,0.0,48541.9658340839,48541.965834083836
19,NL0 4 0 solar,legacy,NL0 4,2,0.0,48541.9658340839,48541.965834083836
19,NL0 5 0 solar,legacy,NL0 5,3,0.0,53935.51759344085,53935.517593440774
19,NL0 6 0 solar,legacy,NL0 6,3,0.0,53935.51759344085,53935.517593440774
19,NL0 7 0 solar,legacy,NL0 7,3,0.0,53935.51759344085,53935.517593440774
19,NL0 8 0 solar,legacy,NL0 8,1,0.0,59329.069352818755,59329.06935281868
19,NL0 9 0 solar,legacy,NL0 9,3,0.0,53935.51759344085,53935.517593440774
19,NL0 20 0 offwind-ac,legacy,NL0 20,1,0.0,59329.069352818755,59329.06935281868
19,NL0 27 0 offwind-ac,legacy,NL0 27,1,0.0,59329.069352818755,59329.06935281868
19,NL0 31 0 offwind-ac,legacy,NL0 31,2,0.0,48541.9658340839,48541.965834083836
19,NL0 32 0 offwind-ac,legacy,NL0 32,1,0.0,59329.069352818755,59329.06935281868
19,NL0 7 0 offwind-ac,legacy,NL0 7,3,0.0,53935.51759344085,53935.517593440774
19,NL0 0 0 onwind,legacy,NL0 0,1,0.0,59329.069352818755,59329.06935281868
19,NL0 1 0 onwind,legacy,NL0 1,3,0.0,53935.51759344085,53935.517593440774
19,NL0 10 0 onwind,legacy,NL0 10,1,0.0,59329.069352818755,59329.06935281868
19,NL0 11 0 onwind,legacy,NL0 11,3,0.0,53935.51759344085,53935.517593440774
19,NL0 12 0 onwind,legacy,NL0 12,2,0.0,48541.9658340839,48541.965834083836
19,NL0 13 0 onwind,legacy,NL0 13,3,0.0,53935.51759344085,53935.517593440774
19,NL0 14 0 onwind,legacy,NL0 14,2,0.0,48541.9658340839,48541.965834083836
19,NL0 15 0 onwind,legacy,NL0 15,2,0.0,48541.9658340839,48541.965834083836
19,NL0 17 0 onwind,legacy,NL0 17,1,0.0,59329.069352818755,59329.06935281868
19,NL0 19 0 onwind,legacy,NL0 19,2,0.0,48541.9658340839,48541.965834083836
19,NL0 2 0 onwind,legacy,NL0 2,2,0.0,48541.9658340839,48541.965834083836
19,NL0 20 0 onwind,legacy,NL0 20,1,0.0,59329.069352818755,59329.06935281868
19,NL0 21 0 onwind,legacy,NL0 21,1,0.0,59329.069352818755,59329.06935281868
19,NL0 22 0 onwind,legacy,NL0 22,3,0.0,53935.51759344085,53935.517593440774
19,NL0 23 0 onwind,legacy,NL0 23,1,0.0,59329.069352818755,59329.06935281868
19,NL0 24 0 onwind,legacy,NL0 24,1,0.0,59329.069352818755,59329.06935281868
19,NL0 27 0 onwind,legacy,NL0 27,1,0.0,59329.069352818755,59329.06935281868
19,NL0 3 0 onwind,legacy,NL0 3,1,0.0,59329.069352818755,59329.06935281868
19,NL0 30 0 onwind,legacy,NL0 30,1,0.0,59329.069352818755,59329.06935281868
19,NL0 31 0 onwind,legacy,NL0 31,2,0.0,48541.9658340839,48541.965834083836
19,NL0 4 0 onwind,legacy,NL0 4,2,0.0,48541.9658340839,48541.965834083836
19,NL0 5 0 onwind,legacy,NL0 5,3,0.0,53935.51759344085,53935.517593440774
19,NL0 6 0 onwind,legacy,NL0 6,3,0.0,53935.51759344085,53935.517593440774
19,NL0 7 0 onwind,legacy,NL0 7,3,0.0,53935.51759344085,53935.517593440774
19,NL0 8 0 onwind,legacy,NL0 8,1,0.0,59329.069352818755,59329.06935281868
19,NL0 9 0 onwind,legacy,NL0 9,3,0.0,53935.51759344085,53935.517593440774
20,NL0 0 Invest,investable,NL0 0,1,1000.0,59329.069352818755,59329.06935292875
20,NL0 1 Invest,investable,NL0 1,3,0.0,53935.51759344085,53935.51759357159
20,NL0 10 Invest,investable,NL0 10,1,1000.0,59329.069352818755,59329.06935292875
20,NL0 11 Invest,investable,NL0 11,3,0.0,53935.51759344085,53935.51759357159
20,NL0 12 Invest,investable,NL0 12,2,0.0,48541.9658340839,48541.96583421443
20,NL0 13 Invest,investable,NL0 13,3,678.1047541590287,53935.51759344085,53935.51759357159
20,NL0 14 Invest,investable,NL0 14,2,0.0,48541.9658340839,48541.96583421443
20,NL0 15 Invest,investable,NL0 15,2,1000.0,48541.9658340839,48541.96583421443
20,NL0 16 Invest,investable,NL0 16,1,0.0,59329.069352818755,59329.06935292875
20,NL0 17 Invest,investable,NL0 17,1,1000.0,59329.069352818755,59329.06935292875
20,NL0 18 Invest,investable,NL0 18,1,0.0,59329.069352818755,59329.06935292875
20,NL0 19 Invest,investable,NL0 19,2,421.30931852923914,48541.9658340839,48541.96583421443
20,NL0 2 Invest,investable,NL0 2,2,1000.0,48541.9658340839,48541.96583421443
20,NL0 20 Invest,investable,NL0 20,1,1000.0,59329.069352818755,59329.06935292875
20,NL0 21 Invest,investable,NL0 21,1,601.5467025248663,59329.069352818755,59329.06935292875
20,NL0 22 Invest,investable,NL0 22,3,1000.0,53935.51759344085,53935.51759357159
20,NL0 23 Invest,investable,NL0 23,1,0.0,59329.069352818755,59329.06935292875
20,NL0 24 Invest,investable,NL0 24,1,1000.0,59329.069352818755,59329.06935292875
20,NL0 25 Invest,investable,NL0 25,2,0.0,48541.9658340839,48541.96583421443
20,NL0 26 Invest,investable,NL0 26,2,0.0,48541.9658340839,48541.96583421443
20,NL0 27 Invest,investable,NL0 27,1,1000.0,59329.069352818755,59329.06935292875
20,NL0 28 Invest,investable,NL0 28,2,0.0,48541.9658340839,48541.96583421443
20,NL0 3 Invest,investable,NL0 3,1,0.0,59329.069352818755,59329.06935292875
20,NL0 30 Invest,investable,NL0 30,1,0.0,59329.069352818755,59329.06935292875
20,NL0 31 Invest,investable,NL0 31,2,0.0,48541.9658340839,48541.96583421443
20,NL0 33 Invest,investable,NL0 33,1,0.0,59329.069352818755,59329.06935292875
20,NL0 4 Invest,investable,NL0 4,2,0.0,48541.9658340839,48541.96583421443
20,NL0 5 Invest,investable,NL0 5,3,1000.0,53935.51759344085,53935.51759357159
20,NL0 6 Invest,investable,NL0 6,3,1000.0,53935.51759344085,53935.51759357159
20,NL0 7 Invest,investable,NL0 7,3,1000.0,53935.51759344085,53935.51759357159
20,NL0 8 Invest,investable,NL0 8,1,0.0,59329.069352818755,59329.06935292875
20,NL0 9 Invest,investable,NL0 9,3,1000.0,53935.51759344085,53935.51759357159
20,NL0 1 biomass,legacy,NL0 1,3,71.0,53935.51759344085,53935.51759344085
20,NL0 1 waste,legacy,NL0 1,3,31.0,53935.51759344085,53935.51759344085
20,NL0 10 waste,legacy,NL0 10,1,150.0,59329.069352818755,59329.069352818755
20,NL0 11 biomass,legacy,NL0 11,3,20.0,53935.51759344085,53935.51759344085
20,NL0 11 waste,legacy,NL0 11,3,50.0,53935.51759344085,53935.51759344085
20,NL0 13 biomass,legacy,NL0 13,3,77.0,53935.51759344085,53935.51759344085
20,NL0 19 biomass,legacy,NL0 19,2,49.0,48541.9658340839,48541.9658340839
20,NL0 19 waste,legacy,NL0 19,2,36.0,48541.9658340839,48541.9658340839
20,NL0 22 biomass,legacy,NL0 22,3,500.0,53935.51759344085,53935.51759344085
20,NL0 25 waste,legacy,NL0 25,2,54.0,48541.9658340839,48541.9658340839
20,NL0 27 biomass,legacy,NL0 27,1,22.0,59329.069352818755,59329.069352818755
20,NL0 27 waste,legacy,NL0 27,1,71.2,59329.069352818755,59329.069352818755
20,NL0 3 biomass,legacy,NL0 3,1,22.0,59329.069352818755,59329.069352818755
20,NL0 3 waste,legacy,NL0 3,1,108.0,59329.069352818755,59329.069352818755
20,NL0 30 biomass,legacy,NL0 30,1,60.0,59329.069352818755,59329.069352818755
20,NL0 7 nuclear,legacy,NL0 7,3,515.0,53935.51759344085,53935.51759344085
20,NL0 7 waste,legacy,NL0 7,3,39.0,53935.51759344085,53935.51759344085
20,NL0 8 biomass,legacy,NL0 8,1,36.0,59329.069352818755,59329.069352818755
20,NL0 8 waste,legacy,NL0 8,1,157.0,59329.069352818755,59329.069352818755
20,NL0 9 biomass,legacy,NL0 9,3,20.0,53935.51759344085,53935.51759344085
20,NL0 0 0 solar,legacy,NL0 0,1,0.0,59329.069352818755,59329.06935281868
20,NL0 1 0 solar,legacy,NL0 1,3,0.0,53935.51759344085,53935.517593440774
20,NL0 10 0 solar,legacy,NL0 10,1,0.0,59329.069352818755,59329.06935281868
20,NL0 11 0 solar,legacy,NL0 11,3,0.0,53935.51759344085,53935.517593440774
20,NL0 12 0 solar,legacy,NL0 12,2,0.0,48541.9658340839,48541.965834083836
20,NL0 13 0 solar,legacy,NL0 13,3,0.0,53935.51759344085,53935.517593440774
20,NL0 14 0 solar,legacy,NL0 14,2,0.0,48541.9658340839,48541.965834083836
20,NL0 15 0 solar,legacy,NL0 15,2,0.0,48541.9658340839,48541.965834083836
20,NL0 16 0 solar,legacy,NL0 16,1,0.0,59329.069352818755,59329.06935281868
20,NL0 17 0 solar,legacy,NL0 17,1,0.0,59329.069352818755,59329.06935281868
20,NL0 18 0 solar,legacy,NL0 18,1,0.0,59329.069352818755,59329.06935281868
20,NL0 19 0 solar,legacy,NL0 19,2,0.0,48541.9658340839,48541.965834083836
20,NL0 2 0 solar,legacy,NL0 2,2,0.0,48541.9658340839,48541.965834083836
20,NL0 20 0 solar,legacy,NL0 20,1,0.0,59329.069352818755,59329.06935281868
20,NL0 21 0 solar,legacy,NL0 21,1,0.0,59329.069352818755,59329.06935281868
20,NL0 22 0 solar,legacy,NL0 22,3,0.0,53935.51759344085,53935.517593440774
20,NL0 23 0 solar,legacy,NL0 23,1,0.0,59329.069352818755,59329.06935281868
20,NL0 24 0 solar,legacy,NL0 24,1,0.0,59329.069352818755,59329.06935281868
20,NL0 25 0 solar,legacy,NL0 25,2,0.0,48541.9658340839,48541.965834083836
20,NL0 26 0 solar,legacy,NL0 26,2,0.0,48541.9658340839,48541.965834083836
20,NL0 27 0 solar,legacy,NL0 27,1,0.0,59329.069352818755,59329.06935281868
20,NL0 28 0 solar,legacy,NL0 28,2,0.0,48541.9658340839,48541.965834083836
20,NL0 3 0 solar,legacy,NL0 3,1,0.0,59329.069352818755,59329.06935281868
20,NL0 30 0 solar,legacy,NL0 30,1,0.0,59329.069352818755,59329.06935281868
20,NL0 31 0 solar,legacy,NL0 31,2,0.0,48541.9658340839,48541.965834083836
20,NL0 4 0 solar,legacy,NL0 4,2,0.0,48541.9658340839,48541.965834083836
20,NL0 5 0 solar,legacy,NL0 5,3,0.0,53935.51759344085,53935.517593440774
20,NL0 6 0 solar,legacy,NL0 6,3,0.0,53935.51759344085,53935.517593440774
20,NL0 7 0 solar,legacy,NL0 7,3,0.0,53935.51759344085,53935.517593440774
20,NL0 8 0 solar,legacy,NL0 8,1,0.0,59329.069352818755,59329.06935281868
20,NL0 9 0 solar,legacy,NL0 9,3,0.0,53935.51759344085,53935.517593440774
20,NL0 20 0 offwind-ac,legacy,NL0 20,1,0.0,59329.069352818755,59329.06935281868
20,NL0 27 0 offwind-ac,legacy,NL0 27,1,0.0,59329.069352818755,59329.06935281868
20,NL0 31 0 offwind-ac,legacy,NL0 31,2,0.0,48541.9658340839,48541.965834083836
20,NL0 32 0 offwind-ac,legacy,NL0 32,1,0.0,59329.069352818755,59329.06935281868
20,NL0 7 0 offwind-ac,legacy,NL0 7,3,0.0,53935.51759344085,53935.517593440774
20,NL0 0 0 onwind,legacy,NL0 0,1,0.0,59329.069352818755,59329.06935281868
20,NL0 1 0 onwind,legacy,NL0 1,3,0.0,53935.51759344085,53935.517593440774
20,NL0 10 0 onwind,legacy,NL0 10,1,0.0,59329.069352818755,59329.06935281868
20,NL0 11 0 onwind,legacy,NL0 11,3,0.0,53935.51759344085,53935.517593440774
20,NL0 12 0 onwind,legacy,NL0 12,2,0.0,48541.9658340839,48541.965834083836
20,NL0 13 0 onwind,legacy,NL0 13,3,0.0,53935.51759344085,53935.517593440774
20,NL0 14 0 onwind,legacy,NL0 14,2,0.0,48541.9658340839,48541.965834083836
20,NL0 15 0 onwind,legacy,NL0 15,2,0.0,48541.9658340839,48541.965834083836
20,NL0 17 0 onwind,legacy,NL0 17,1,0.0,59329.069352818755,59329.06935281868
20,NL0 19 0 onwind,legacy,NL0 19,2,0.0,48541.9658340839,48541.965834083836
20,NL0 2 0 onwind,legacy,NL0 2,2,0.0,48541.9658340839,48541.965834083836
20,NL0 20 0 onwind,legacy,NL0 20,1,0.0,59329.069352818755,59329.06935281868
20,NL0 21 0 onwind,legacy,NL0 21,1,0.0,59329.069352818755,59329.06935281868
20,NL0 22 0 onwind,legacy,NL0 22,3,0.0,53935.51759344085,53935.517593440774
20,NL0 23 0 onwind,legacy,NL0 23,1,0.0,59329.069352818755,59329.06935281868
20,NL0 24 0 onwind,legacy,NL0 24,1,0.0,59329.069352818755,59329.06935281868
20,NL0 27 0 onwind,legacy,NL0 27,1,0.0,59329.069352818755,59329.06935281868
20,NL0 3 0 onwind,legacy,NL0 3,1,0.0,59329.069352818755,59329.06935281868
20,NL0 30 0 onwind,legacy,NL0 30,1,0.0,59329.069352818755,59329.06935281868
20,NL0 31 0 onwind,legacy,NL0 31,2,0.0,48541.9658340839,48541.965834083836
20,NL0 4 0 onwind,legacy,NL0 4,2,0.0,48541.9658340839,48541.965834083836
20,NL0 5 0 onwind,legacy,NL0 5,3,0.0,53935.51759344085,53935.517593440774
20,NL0 6 0 onwind,legacy,NL0 6,3,0.0,53935.51759344085,53935.517593440774
20,NL0 7 0 onwind,legacy,NL0 7,3,0.0,53935.51759344085,53935.517593440774
20,NL0 8 0 onwind,legacy,NL0 8,1,0.0,59329.069352818755,59329.06935281868
20,NL0 9 0 onwind,legacy,NL0 9,3,0.0,53935.51759344085,53935.517593440774
21,NL0 0 Invest,investable,NL0 0,1,1000.0,59329.069352818755,59329.06935292875
21,NL0 1 Invest,investable,NL0 1,3,0.0,53935.51759344085,53935.51759357159
21,NL0 10 Invest,investable,NL0 10,1,1000.0,59329.069352818755,59329.06935292875
21,NL0 11 Invest,investable,NL0 11,3,0.0,53935.51759344085,53935.51759357159
21,NL0 12 Invest,investable,NL0 12,2,0.0,48541.9658340839,48541.96583421443
21,NL0 13 Invest,investable,NL0 13,3,678.1047541590287,53935.51759344085,53935.51759357159
21,NL0 14 Invest,investable,NL0 14,2,0.0,48541.9658340839,48541.96583421443
21,NL0 15 Invest,investable,NL0 15,2,1000.0,48541.9658340839,48541.96583421443
21,NL0 16 Invest,investable,NL0 16,1,1000.0,59329.069352818755,59329.06935292875
21,NL0 17 Invest,investable,NL0 17,1,601.5467025248663,59329.069352818755,59329.06935292875
21,NL0 18 Invest,investable,NL0 18,1,0.0,59329.069352818755,59329.06935292875
21,NL0 19 Invest,investable,NL0 19,2,421.30931852923914,48541.9658340839,48541.96583421443
21,NL0 2 Invest,investable,NL0 2,2,1000.0,48541.9658340839,48541.96583421443
21,NL0 20 Invest,investable,NL0 20,1,1000.0,59329.069352818755,59329.06935292875
21,NL0 21 Invest,investable,NL0 21,1,0.0,59329.069352818755,59329.06935292875
21,NL0 22 Invest,investable,NL0 22,3,1000.0,53935.51759344085,53935.51759357159
21,NL0 23 Invest,investable,NL0 23,1,0.0,59329.069352818755,59329.06935292875
21,NL0 24 Invest,investable,NL0 24,1,1000.0,59329.069352818755,59329.06935292875
21,NL0 25 Invest,investable,NL0 25,2,0.0,48541.9658340839,48541.96583421443
21,NL0 26 Invest,investable,NL0 26,2,0.0,48541.9658340839,48541.96583421443
21,NL0 27 Invest,investable,NL0 27,1,1000.0,59329.069352818755,59329.06935292875
21,NL0 28 Invest,investable,NL0 28,2,0.0,48541.9658340839,48541.96583421443
21,NL0 3 Invest,investable,NL0 3,1,0.0,59329.069352818755,59329.06935292875
21,NL0 30 Invest,investable,NL0 30,1,0.0,59329.069352818755,59329.06935292875
21,NL0 31 Invest,investable,NL0 31,2,0.0,48541.9658340839,48541.96583421443
21,NL0 33 Invest,investable,NL0 33,1,0.0,59329.069352818755,59329.06935292875
21,NL0 4 Invest,investable,NL0 4,2,0.0,48541.9658340839,48541.96583421443
21,NL0 5 Invest,investable,NL0 5,3,1000.0,53935.51759344085,53935.51759357159
21,NL0 6 Invest,investable,NL0 6,3,1000.0,53935.51759344085,53935.51759357159
21,NL0 7 Invest,investable,NL0 7,3,1000.0,53935.51759344085,53935.51759357159
21,NL0 8 Invest,investable,NL0 8,1,0.0,59329.069352818755,59329.06935292875
21,NL0 9 Invest,investable,NL0 9,3,1000.0,53935.51759344085,53935.51759357159
21,NL0 1 biomass,legacy,NL0 1,3,71.0,53935.51759344085,53935.51759344085
21,NL0 1 waste,legacy,NL0 1,3,31.0,53935.51759344085,53935.51759344085
21,NL0 10 waste,legacy,NL0 10,1,150.0,59329.069352818755,59329.069352818755
21,NL0 11 biomass,legacy,NL0 11,3,20.0,53935.51759344085,53935.51759344085
21,NL0 11 waste,legacy,NL0 11,3,50.0,53935.51759344085,53935.51759344085
21,NL0 13 biomass,legacy,NL0 13,3,77.0,53935.51759344085,53935.51759344085
21,NL0 19 biomass,legacy,NL0 19,2,49.0,48541.9658340839,48541.9658340839
21,NL0 19 waste,legacy,NL0 19,2,36.0,48541.9658340839,48541.9658340839
21,NL0 22 biomass,legacy,NL0 22,3,500.0,53935.51759344085,53935.51759344085
21,NL0 25 waste,legacy,NL0 25,2,54.0,48541.9658340839,48541.9658340839
21,NL0 27 biomass,legacy,NL0 27,1,22.0,59329.069352818755,59329.069352818755
21,NL0 27 waste,legacy,NL0 27,1,71.2,59329.069352818755,59329.069352818755
21,NL0 3 biomass,legacy,NL0 3,1,22.0,59329.069352818755,59329.069352818755
21,NL0 3 waste,legacy,NL0 3,1,108.0,59329.069352818755,59329.069352818755
21,NL0 30 biomass,legacy,NL0 30,1,60.0,59329.069352818755,59329.069352818755
21,NL0 7 nuclear,legacy,NL0 7,3,515.0,53935.51759344085,53935.51759344085
21,NL0 7 waste,legacy,NL0 7,3,39.0,53935.51759344085,53935.51759344085
21,NL0 8 biomass,legacy,NL0 8,1,36.0,59329.069352818755,59329.069352818755
21,NL0 8 waste,legacy,NL0 8,1,157.0,59329.069352818755,59329.069352818755
21,NL0 9 biomass,legacy,NL0 9,3,20.0,53935.51759344085,53935.51759344085
21,NL0 0 0 solar,legacy,NL0 0,1,0.0,59329.069352818755,59329.06935281868
21,NL0 1 0 solar,legacy,NL0 1,3,0.0,53935.51759344085,53935.517593440774
21,NL0 10 0 solar,legacy,NL0 10,1,0.0,59329.069352818755,59329.06935281868
21,NL0 11 0 solar,legacy,NL0 11,3,0.0,53935.51759344085,53935.517593440774
21,NL0 12 0 solar,legacy,NL0 12,2,0.0,48541.9658340839,48541.965834083836
21,NL0 13 0 solar,legacy,NL0 13,3,0.0,53935.51759344085,53935.517593440774
21,NL0 14 0 solar,legacy,NL0 14,2,0.0,48541.9658340839,48541.965834083836
21,NL0 15 0 solar,legacy,NL0 15,2,0.0,48541.9658340839,48541.965834083836
21,NL0 16 0 solar,legacy,NL0 16,1,0.0,59329.069352818755,59329.06935281868
21,NL0 17 0 solar,legacy,NL0 17,1,0.0,59329.069352818755,59329.06935281868
21,NL0 18 0 solar,legacy,NL0 18,1,0.0,59329.069352818755,59329.06935281868
21,NL0 19 0 solar,legacy,NL0 19,2,0.0,48541.9658340839,48541.965834083836
21,NL0 2 0 solar,legacy,NL0 2,2,0.0,48541.9658340839,48541.965834083836
21,NL0 20 0 solar,legacy,NL0 20,1,0.0,59329.069352818755,59329.06935281868
21,NL0 21 0 solar,legacy,NL0 21,1,0.0,59329.069352818755,59329.06935281868
21,NL0 22 0 solar,legacy,NL0 22,3,0.0,53935.51759344085,53935.517593440774
21,NL0 23 0 solar,legacy,NL0 23,1,0.0,59329.069352818755,59329.06935281868
21,NL0 24 0 solar,legacy,NL0 24,1,0.0,59329.069352818755,59329.06935281868
21,NL0 25 0 solar,legacy,NL0 25,2,0.0,48541.9658340839,48541.965834083836
21,NL0 26 0 solar,legacy,NL0 26,2,0.0,48541.9658340839,48541.965834083836
21,NL0 27 0 solar,legacy,NL0 27,1,0.0,59329.069352818755,59329.06935281868
21,NL0 28 0 solar,legacy,NL0 28,2,0.0,48541.9658340839,48541.965834083836
21,NL0 3 0 solar,legacy,NL0 3,1,0.0,59329.069352818755,59329.06935281868
21,NL0 30 0 solar,legacy,NL0 30,1,0.0,59329.069352818755,59329.06935281868
21,NL0 31 0 solar,legacy,NL0 31,2,0.0,48541.9658340839,48541.965834083836
21,NL0 4 0 solar,legacy,NL0 4,2,0.0,48541.9658340839,48541.965834083836
21,NL0 5 0 solar,legacy,NL0 5,3,0.0,53935.51759344085,53935.517593440774
21,NL0 6 0 solar,legacy,NL0 6,3,0.0,53935.51759344085,53935.517593440774
21,NL0 7 0 solar,legacy,NL0 7,3,0.0,53935.51759344085,53935.517593440774
21,NL0 8 0 solar,legacy,NL0 8,1,0.0,59329.069352818755,59329.06935281868
21,NL0 9 0 solar,legacy,NL0 9,3,0.0,53935.51759344085,53935.517593440774
21,NL0 20 0 offwind-ac,legacy,NL0 20,1,0.0,59329.069352818755,59329.06935281868
21,NL0 27 0 offwind-ac,legacy,NL0 27,1,0.0,59329.069352818755,59329.06935281868
21,NL0 31 0 offwind-ac,legacy,NL0 31,2,0.0,48541.9658340839,48541.965834083836
21,NL0 32 0 offwind-ac,legacy,NL0 32,1,0.0,59329.069352818755,59329.06935281868
21,NL0 7 0 offwind-ac,legacy,NL0 7,3,0.0,53935.51759344085,53935.517593440774
21,NL0 0 0 onwind,legacy,NL0 0,1,0.0,59329.069352818755,59329.06935281868
21,NL0 1 0 onwind,legacy,NL0 1,3,0.0,53935.51759344085,53935.517593440774
21,NL0 10 0 onwind,legacy,NL0 10,1,0.0,59329.069352818755,59329.06935281868
21,NL0 11 0 onwind,legacy,NL0 11,3,0.0,53935.51759344085,53935.517593440774
21,NL0 12 0 onwind,legacy,NL0 12,2,0.0,48541.9658340839,48541.965834083836
21,NL0 13 0 onwind,legacy,NL0 13,3,0.0,53935.51759344085,53935.517593440774
21,NL0 14 0 onwind,legacy,NL0 14,2,0.0,48541.9658340839,48541.965834083836
21,NL0 15 0 onwind,legacy,NL0 15,2,0.0,48541.9658340839,48541.965834083836
21,NL0 17 0 onwind,legacy,NL0 17,1,0.0,59329.069352818755,59329.06935281868
21,NL0 19 0 onwind,legacy,NL0 19,2,0.0,48541.9658340839,48541.965834083836
21,NL0 2 0 onwind,legacy,NL0 2,2,0.0,48541.9658340839,48541.965834083836
21,NL0 20 0 onwind,legacy,NL0 20,1,0.0,59329.069352818755,59329.06935281868
21,NL0 21 0 onwind,legacy,NL0 21,1,0.0,59329.069352818755,59329.06935281868
21,NL0 22 0 onwind,legacy,NL0 22,3,0.0,53935.51759344085,53935.517593440774
21,NL0 23 0 onwind,legacy,NL0 23,1,0.0,59329.069352818755,59329.06935281868
21,NL0 24 0 onwind,legacy,NL0 24,1,0.0,59329.069352818755,59329.06935281868
21,NL0 27 0 onwind,legacy,NL0 27,1,0.0,59329.069352818755,59329.06935281868
21,NL0 3 0 onwind,legacy,NL0 3,1,0.0,59329.069352818755,59329.06935281868
21,NL0 30 0 onwind,legacy,NL0 30,1,0.0,59329.069352818755,59329.06935281868
21,NL0 31 0 onwind,legacy,NL0 31,2,0.0,48541.9658340839,48541.965834083836
21,NL0 4 0 onwind,legacy,NL0 4,2,0.0,48541.9658340839,48541.965834083836
21,NL0 5 0 onwind,legacy,NL0 5,3,0.0,53935.51759344085,53935.517593440774
21,NL0 6 0 onwind,legacy,NL0 6,3,0.0,53935.51759344085,53935.517593440774
21,NL0 7 0 onwind,legacy,NL0 7,3,0.0,53935.51759344085,53935.517593440774
21,NL0 8 0 onwind,legacy,NL0 8,1,0.0,59329.069352818755,59329.06935281868
21,NL0 9 0 onwind,legacy,NL0 9,3,0.0,53935.51759344085,53935.517593440774
22,NL0 0 Invest,investable,NL0 0,1,0.0,59329.069352818755,59329.06935292875
22,NL0 1 Invest,investable,NL0 1,3,1000.0,53935.51759344085,53935.51759357159
22,NL0 10 Invest,investable,NL0 10,1,0.0,59329.069352818755,59329.06935292875
22,NL0 11 Invest,investable,NL0 11,3,1000.0,53935.51759344085,53935.51759357159
22,NL0 12 Invest,investable,NL0 12,2,0.0,48541.9658340839,48541.96583421443
22,NL0 13 Invest,investable,NL0 13,3,1000.0,53935.51759344085,53935.51759357159
22,NL0 14 Invest,investable,NL0 14,2,421.30931852923914,48541.9658340839,48541.96583421443
22,NL0 15 Invest,investable,NL0 15,2,0.0,48541.9658340839,48541.96583421443
22,NL0 16 Invest,investable,NL0 16,1,0.0,59329.069352818755,59329.06935292875
22,NL0 17 Invest,investable,NL0 17,1,0.0,59329.069352818755,59329.06935292875
22,NL0 18 Invest,investable,NL0 18,1,1000.0,59329.069352818755,59329.06935292875
22,NL0 19 Invest,investable,NL0 19,2,0.0,48541.9658340839,48541.96583421443
22,NL0 2 Invest,investable,NL0 2,2,0.0,48541.9658340839,48541.96583421443
22,NL0 20 Invest,investable,NL0 20,1,0.0,59329.069352818755,59329.06935292875
22,NL0 21 Invest,investable,NL0 21,1,601.5467025248663,59329.069352818755,59329.06935292875
22,NL0 22 Invest,investable,NL0 22,3,0.0,53935.51759344085,53935.51759357159
22,NL0 23 Invest,investable,NL0 23,1,1000.0,59329.069352818755,59329.06935292875
22,NL0 24 Invest,investable,NL0 24,1,0.0,59329.069352818755,59329.06935292875
22,NL0 25 Invest,investable,NL0 25,2,0.0,48541.9658340839,48541.96583421443
22,NL0 26 Invest,investable,NL0 26,2,1000.0,48541.9658340839,48541.96583421443
22,NL0 27 Invest,investable,NL0 27,1,0.0,59329.069352818755,59329.06935292875
22,NL0 28 Invest,investable,NL0 28,2,0.0,48541.9658340839,48541.96583421443
22,NL0 3 Invest,investable,NL0 3,1,1000.0,59329.069352818755,59329.06935292875
22,NL0 30 Invest,investable,NL0 30,1,1000.0,59329.069352818755,59329.06935292875
22,NL0 31 Invest,investable,NL0 31,2,0.0,48541.9658340839,48541.96583421443
22,NL0 33 Invest,investable,NL0 33,1,1000.0,59329.069352818755,59329.06935292875
22,NL0 4 Invest,investable,NL0 4,2,1000.0,48541.9658340839,48541.96583421443
22,NL0 5 Invest,investable,NL0 5,3,678.1047541590287,53935.51759344085,53935.51759357159
22,NL0 6 Invest,investable,NL0 6,3,1000.0,53935.51759344085,53935.51759357159
22,NL0 7 Invest,investable,NL0 7,3,0.0,53935.51759344085,53935.51759357159
22,NL0 8 Invest,investable,NL0 8,1,1000.0,59329.069352818755,59329.06935292875
22,NL0 9 Invest,investable,NL0 9,3,1000.0,53935.51759344085,53935.51759357159
22,NL0 1 biomass,legacy,NL0 1,3,71.0,53935.51759344085,53935.51759344085
22,NL0 1 waste,legacy,NL0 1,3,31.0,53935.51759344085,53935.51759344085
22,NL0 10 waste,legacy,NL0 10,1,150.0,59329.069352818755,59329.069352818755
22,NL0 11 biomass,legacy,NL0 11,3,20.0,53935.51759344085,53935.51759344085
22,NL0 11 waste,legacy,NL0 11,3,50.0,53935.51759344085,53935.51759344085
22,NL0 13 biomass,legacy,NL0 13,3,77.0,53935.51759344085,53935.51759344085
22,NL0 19 biomass,legacy,NL0 19,2,49.0,48541.9658340839,48541.9658340839
22,NL0 19 waste,legacy,NL0 19,2,36.0,48541.9658340839,48541.9658340839
22,NL0 22 biomass,legacy,NL0 22,3,500.0,53935.51759344085,53935.51759344085
22,NL0 25 waste,legacy,NL0 25,2,54.0,48541.9658340839,48541.9658340839
22,NL0 27 biomass,legacy,NL0 27,1,22.0,59329.069352818755,59329.069352818755
22,NL0 27 waste,legacy,NL0 27,1,71.2,59329.069352818755,59329.069352818755
22,NL0 3 biomass,legacy,NL0 3,1,22.0,59329.069352818755,59329.069352818755
22,NL0 3 waste,legacy,NL0 3,1,108.0,59329.069352818755,59329.069352818755
22,NL0 30 biomass,legacy,NL0 30,1,60.0,59329.069352818755,59329.069352818755
22,NL0 7 nuclear,legacy,NL0 7,3,515.0,53935.51759344085,53935.51759344085
22,NL0 7 waste,legacy,NL0 7,3,39.0,53935.51759344085,53935.51759344085
22,NL0 8 biomass,legacy,NL0 8,1,36.0,59329.069352818755,59329.069352818755
22,NL0 8 waste,legacy,NL0 8,1,157.0,59329.069352818755,59329.069352818755
22,NL0 9 biomass,legacy,NL0 9,3,20.0,53935.51759344085,53935.51759344085
22,NL0 0 0 solar,legacy,NL0 0,1,0.0,59329.069352818755,59329.06935281868
22,NL0 1 0 solar,legacy,NL0 1,3,0.0,53935.51759344085,53935.517593440774
22,NL0 10 0 solar,legacy,NL0 10,1,0.0,59329.069352818755,59329.06935281868
22,NL0 11 0 solar,legacy,NL0 11,3,0.0,53935.51759344085,53935.517593440774
22,NL0 12 0 solar,legacy,NL0 12,2,0.0,48541.9658340839,48541.965834083836
22,NL0 13 0 solar,legacy,NL0 13,3,0.0,53935.51759344085,53935.517593440774
22,NL0 14 0 solar,legacy,NL0 14,2,0.0,48541.9658340839,48541.965834083836
22,NL0 15 0 solar,legacy,NL0 15,2,0.0,48541.9658340839,48541.965834083836
22,NL0 16 0 solar,legacy,NL0 16,1,0.0,59329.069352818755,59329.06935281868
22,NL0 17 0 solar,legacy,NL0 17,1,0.0,59329.069352818755,59329.06935281868
22,NL0 18 0 solar,legacy,NL0 18,1,0.0,59329.069352818755,59329.06935281868
22,NL0 19 0 solar,legacy,NL0 19,2,0.0,48541.9658340839,48541.965834083836
22,NL0 2 0 solar,legacy,NL0 2,2,0.0,48541.9658340839,48541.965834083836
22,NL0 20 0 solar,legacy,NL0 20,1,0.0,59329.069352818755,59329.06935281868
22,NL0 21 0 solar,legacy,NL0 21,1,0.0,59329.069352818755,59329.06935281868
22,NL0 22 0 solar,legacy,NL0 22,3,0.0,53935.51759344085,53935.517593440774
22,NL0 23 0 solar,legacy,NL0 23,1,0.0,59329.069352818755,59329.06935281868
22,NL0 24 0 solar,legacy,NL0 24,1,0.0,59329.069352818755,59329.06935281868
22,NL0 25 0 solar,legacy,NL0 25,2,0.0,48541.9658340839,48541.965834083836
22,NL0 26 0 solar,legacy,NL0 26,2,0.0,48541.9658340839,48541.965834083836
22,NL0 27 0 solar,legacy,NL0 27,1,0.0,59329.069352818755,59329.06935281868
22,NL0 28 0 solar,legacy,NL0 28,2,0.0,48541.9658340839,48541.965834083836
22,NL0 3 0 solar,legacy,NL0 3,1,0.0,59329.069352818755,59329.06935281868
22,NL0 30 0 solar,legacy,NL0 30,1,0.0,59329.069352818755,59329.06935281868
22,NL0 31 0 solar,legacy,NL0 31,2,0.0,48541.9658340839,48541.965834083836
22,NL0 4 0 solar,legacy,NL0 4,2,0.0,48541.9658340839,48541.965834083836
22,NL0 5 0 solar,legacy,NL0 5,3,0.0,53935.51759344085,53935.517593440774
22,NL0 6 0 solar,legacy,NL0 6,3,0.0,53935.51759344085,53935.517593440774
22,NL0 7 0 solar,legacy,NL0 7,3,0.0,53935.51759344085,53935.517593440774
22,NL0 8 0 solar,legacy,NL0 8,1,0.0,59329.069352818755,59329.06935281868
22,NL0 9 0 solar,legacy,NL0 9,3,0.0,53935.51759344085,53935.517593440774
22,NL0 20 0 offwind-ac,legacy,NL0 20,1,0.0,59329.069352818755,59329.06935281868
22,NL0 27 0 offwind-ac,legacy,NL0 27,1,0.0,59329.069352818755,59329.06935281868
22,NL0 31 0 offwind-ac,legacy,NL0 31,2,0.0,48541.9658340839,48541.965834083836
22,NL0 32 0 offwind-ac,legacy,NL0 32,1,0.0,59329.069352818755,59329.06935281868
22,NL0 7 0 offwind-ac,legacy,NL0 7,3,0.0,53935.51759344085,53935.517593440774
22,NL0 0 0 onwind,legacy,NL0 0,1,0.0,59329.069352818755,59329.06935281868
22,NL0 1 0 onwind,legacy,NL0 1,3,0.0,53935.51759344085,53935.517593440774
22,NL0 10 0 onwind,legacy,NL0 10,1,0.0,59329.069352818755,59329.06935281868
22,NL0 11 0 onwind,legacy,NL0 11,3,0.0,53935.51759344085,53935.517593440774
22,NL0 12 0 onwind,legacy,NL0 12,2,0.0,48541.9658340839,48541.965834083836
22,NL0 13 0 onwind,legacy,NL0 13,3,0.0,53935.51759344085,53935.517593440774
22,NL0 14 0 onwind,legacy,NL0 14,2,0.0,48541.9658340839,48541.965834083836
22,NL0 15 0 onwind,legacy,NL0 15,2,0.0,48541.9658340839,48541.965834083836
22,NL0 17 0 onwind,legacy,NL0 17,1,0.0,59329.069352818755,59329.06935281868
22,NL0 19 0 onwind,legacy,NL0 19,2,0.0,48541.9658340839,48541.965834083836
22,NL0 2 0 onwind,legacy,NL0 2,2,0.0,48541.9658340839,48541.965834083836
22,NL0 20 0 onwind,legacy,NL0 20,1,0.0,59329.069352818755,59329.06935281868
22,NL0 21 0 onwind,legacy,NL0 21,1,0.0,59329.069352818755,59329.06935281868
22,NL0 22 0 onwind,legacy,NL0 22,3,0.0,53935.51759344085,53935.517593440774
22,NL0 23 0 onwind,legacy,NL0 23,1,0.0,59329.069352818755,59329.06935281868
22,NL0 24 0 onwind,legacy,NL0 24,1,0.0,59329.069352818755,59329.06935281868
22,NL0 27 0 onwind,legacy,NL0 27,1,0.0,59329.069352818755,59329.06935281868
22,NL0 3 0 onwind,legacy,NL0 3,1,0.0,59329.069352818755,59329.06935281868
22,NL0 30 0 onwind,legacy,NL0 30,1,0.0,59329.069352818755,59329.06935281868
22,NL0 31 0 onwind,legacy,NL0 31,2,0.0,48541.9658340839,48541.965834083836
22,NL0 4 0 onwind,legacy,NL0 4,2,0.0,48541.9658340839,48541.965834083836
22,NL0 5 0 onwind,legacy,NL0 5,3,0.0,53935.51759344085,53935.517593440774
22,NL0 6 0 onwind,legacy,NL0 6,3,0.0,53935.51759344085,53935.517593440774
22,NL0 7 0 onwind,legacy,NL0 7,3,0.0,53935.51759344085,53935.517593440774
22,NL0 8 0 onwind,legacy,NL0 8,1,0.0,59329.069352818755,59329.06935281868
22,NL0 9 0 onwind,legacy,NL0 9,3,0.0,53935.51759344085,53935.517593440774
23,NL0 0 Invest,investable,NL0 0,1,1000.0,59329.069352818755,59329.06935292875
23,NL0 1 Invest,investable,NL0 1,3,1000.0,53935.51759344085,53935.51759357159
23,NL0 10 Invest,investable,NL0 10,1,1000.0,59329.069352818755,59329.06935292875
23,NL0 11 Invest,investable,NL0 11,3,1000.0,53935.51759344085,53935.51759357159
23,NL0 12 Invest,investable,NL0 12,2,0.0,48541.9658340839,48541.96583421443
23,NL0 13 Invest,investable,NL0 13,3,1000.0,53935.51759344085,53935.51759357159
23,NL0 14 Invest,investable,NL0 14,2,421.30931852923914,48541.9658340839,48541.96583421443
23,NL0 15 Invest,investable,NL0 15,2,0.0,48541.9658340839,48541.96583421443
23,NL0 16 Invest,investable,NL0 16,1,601.5467025248663,59329.069352818755,59329.06935292875
23,NL0 17 Invest,investable,NL0 17,1,1000.0,59329.069352818755,59329.06935292875
23,NL0 18 Invest,investable,NL0 18,1,0.0,59329.069352818755,59329.06935292875
23,NL0 19 Invest,investable,NL0 19,2,0.0,48541.9658340839,48541.96583421443
23,NL0 2 Invest,investable,NL0 2,2,0.0,48541.9658340839,48541.96583421443
23,NL0 20 Invest,investable,NL0 20,1,1000.0,59329.069352818755,59329.06935292875
23,NL0 21 Invest,investable,NL0 21,1,0.0,59329.069352818755,59329.06935292875
23,NL0 22 Invest,investable,NL0 22,3,0.0,53935.51759344085,53935.51759357159
23,NL0 23 Invest,investable,NL0 23,1,0.0,59329.069352818755,59329.06935292875
23,NL0 24 Invest,investable,NL0 24,1,1000.0,59329.069352818755,59329.06935292875
23,NL0 25 Invest,investable,NL0 25,2,0.0,48541.9658340839,48541.96583421443
23,NL0 26 Invest,investable,NL0 26,2,1000.0,48541.9658340839,48541.96583421443
23,NL0 27 Invest,investable,NL0 27,1,1000.0,59329.069352818755,59329.06935292875
23,NL0 28 Invest,investable,NL0 28,2,0.0,48541.9658340839,48541.96583421443
23,NL0 3 Invest,investable,NL0 3,1,0.0,59329.069352818755,59329.06935292875
23,NL0 30 Invest,investable,NL0 30,1,0.0,59329.069352818755,59329.06935292875
23,NL0 31 Invest,investable,NL0 31,2,0.0,48541.9658340839,48541.96583421443
23,NL0 33 Invest,investable,NL0 33,1,0.0,59329.069352818755,59329.06935292875
23,NL0 4 Invest,investable,NL0 4,2,1000.0,48541.9658340839,48541.96583421443
23,NL0 5 Invest,investable,NL0 5,3,678.1047541590287,53935.51759344085,53935.51759357159
23,NL0 6 Invest,investable,NL0 6,3,1000.0,53935.51759344085,53935.51759357159
23,NL0 7 Invest,investable,NL0 7,3,0.0,53935.51759344085,53935.51759357159
23,NL0 8 Invest,investable,NL0 8,1,0.0,59329.069352818755,59329.06935292875
23,NL0 9 Invest,investable,NL0 9,3,1000.0,53935.51759344085,53935.51759357159
23,NL0 1 biomass,legacy,NL0 1,3,71.0,53935.51759344085,53935.51759344085
23,NL0 1 waste,legacy,NL0 1,3,31.0,53935.51759344085,53935.51759344085
23,NL0 10 waste,legacy,NL0 10,1,150.0,59329.069352818755,59329.069352818755
23,NL0 11 biomass,legacy,NL0 11,3,20.0,53935.51759344085,53935.51759344085
23,NL0 11 waste,legacy,NL0 11,3,50.0,53935.51759344085,53935.51759344085
23,NL0 13 biomass,legacy,NL0 13,3,77.0,53935.51759344085,53935.51759344085
23,NL0 19 biomass,legacy,NL0 19,2,49.0,48541.9658340839,48541.9658340839
23,NL0 19 waste,legacy,NL0 19,2,36.0,48541.9658340839,48541.9658340839
23,NL0 22 biomass,legacy,NL0 22,3,500.0,53935.51759344085,53935.51759344085
23,NL0 25 waste,legacy,NL0 25,2,54.0,48541.9658340839,48541.9658340839
23,NL0 27 biomass,legacy,NL0 27,1,22.0,59329.069352818755,59329.069352818755
23,NL0 27 waste,legacy,NL0 27,1,71.2,59329.069352818755,59329.069352818755
23,NL0 3 biomass,legacy,NL0 3,1,22.0,59329.069352818755,59329.069352818755
23,NL0 3 waste,legacy,NL0 3,1,108.0,59329.069352818755,59329.069352818755
23,NL0 30 biomass,legacy,NL0 30,1,60.0,59329.069352818755,59329.069352818755
23,NL0 7 nuclear,legacy,NL0 7,3,515.0,53935.51759344085,53935.51759344085
23,NL0 7 waste,legacy,NL0 7,3,39.0,53935.51759344085,53935.51759344085
23,NL0 8 biomass,legacy,NL0 8,1,36.0,59329.069352818755,59329.069352818755
23,NL0 8 waste,legacy,NL0 8,1,157.0,59329.069352818755,59329.069352818755
23,NL0 9 biomass,legacy,NL0 9,3,20.0,53935.51759344085,53935.51759344085
23,NL0 0 0 solar,legacy,NL0 0,1,0.0,59329.069352818755,59329.06935281868
23,NL0 1 0 solar,legacy,NL0 1,3,0.0,53935.51759344085,53935.517593440774
23,NL0 10 0 solar,legacy,NL0 10,1,0.0,59329.069352818755,59329.06935281868
23,NL0 11 0 solar,legacy,NL0 11,3,0.0,53935.51759344085,53935.517593440774
23,NL0 12 0 solar,legacy,NL0 12,2,0.0,48541.9658340839,48541.965834083836
23,NL0 13 0 solar,legacy,NL0 13,3,0.0,53935.51759344085,53935.517593440774
23,NL0 14 0 solar,legacy,NL0 14,2,0.0,48541.9658340839,48541.965834083836
23,NL0 15 0 solar,legacy,NL0 15,2,0.0,48541.9658340839,48541.965834083836
23,NL0 16 0 solar,legacy,NL0 16,1,0.0,59329.069352818755,59329.06935281868
23,NL0 17 0 solar,legacy,NL0 17,1,0.0,59329.069352818755,59329.06935281868
23,NL0 18 0 solar,legacy,NL0 18,1,0.0,59329.069352818755,59329.06935281868
23,NL0 19 0 solar,legacy,NL0 19,2,0.0,48541.9658340839,48541.965834083836
23,NL0 2 0 solar,legacy,NL0 2,2,0.0,48541.9658340839,48541.965834083836
23,NL0 20 0 solar,legacy,NL0 20,1,0.0,59329.069352818755,59329.06935281868
23,NL0 21 0 solar,legacy,NL0 21,1,0.0,59329.069352818755,59329.06935281868
23,NL0 22 0 solar,legacy,NL0 22,3,0.0,53935.51759344085,53935.517593440774
23,NL0 23 0 solar,legacy,NL0 23,1,0.0,59329.069352818755,59329.06935281868
23,NL0 24 0 solar,legacy,NL0 24,1,0.0,59329.069352818755,59329.06935281868
23,NL0 25 0 solar,legacy,NL0 25,2,0.0,48541.9658340839,48541.965834083836
23,NL0 26 0 solar,legacy,NL0 26,2,0.0,48541.9658340839,48541.965834083836
23,NL0 27 0 solar,legacy,NL0 27,1,0.0,59329.069352818755,59329.06935281868
23,NL0 28 0 solar,legacy,NL0 28,2,0.0,48541.9658340839,48541.965834083836
23,NL0 3 0 solar,legacy,NL0 3,1,0.0,59329.069352818755,59329.06935281868
23,NL0 30 0 solar,legacy,NL0 30,1,0.0,59329.069352818755,59329.06935281868
23,NL0 31 0 solar,legacy,NL0 31,2,0.0,48541.9658340839,48541.965834083836
23,NL0 4 0 solar,legacy,NL0 4,2,0.0,48541.9658340839,48541.965834083836
23,NL0 5 0 solar,legacy,NL0 5,3,0.0,53935.51759344085,53935.517593440774
23,NL0 6 0 solar,legacy,NL0 6,3,0.0,53935.51759344085,53935.517593440774
23,NL0 7 0 solar,legacy,NL0 7,3,0.0,53935.51759344085,53935.517593440774
23,NL0 8 0 solar,legacy,NL0 8,1,0.0,59329.069352818755,59329.06935281868
23,NL0 9 0 solar,legacy,NL0 9,3,0.0,53935.51759344085,53935.517593440774
23,NL0 20 0 offwind-ac,legacy,NL0 20,1,0.0,59329.069352818755,59329.06935281868
23,NL0 27 0 offwind-ac,legacy,NL0 27,1,0.0,59329.069352818755,59329.06935281868
23,NL0 31 0 offwind-ac,legacy,NL0 31,2,0.0,48541.9658340839,48541.965834083836
23,NL0 32 0 offwind-ac,legacy,NL0 32,1,0.0,59329.069352818755,59329.06935281868
23,NL0 7 0 offwind-ac,legacy,NL0 7,3,0.0,53935.51759344085,53935.517593440774
23,NL0 0 0 onwind,legacy,NL0 0,1,0.0,59329.069352818755,59329.06935281868
23,NL0 1 0 onwind,legacy,NL0 1,3,0.0,53935.51759344085,53935.517593440774
23,NL0 10 0 onwind,legacy,NL0 10,1,0.0,59329.069352818755,59329.06935281868
23,NL0 11 0 onwind,legacy,NL0 11,3,0.0,53935.51759344085,53935.517593440774
23,NL0 12 0 onwind,legacy,NL0 12,2,0.0,48541.9658340839,48541.965834083836
23,NL0 13 0 onwind,legacy,NL0 13,3,0.0,53935.51759344085,53935.517593440774
23,NL0 14 0 onwind,legacy,NL0 14,2,0.0,48541.9658340839,48541.965834083836
23,NL0 15 0 onwind,legacy,NL0 15,2,0.0,48541.9658340839,48541.965834083836
23,NL0 17 0 onwind,legacy,NL0 17,1,0.0,59329.069352818755,59329.06935281868
23,NL0 19 0 onwind,legacy,NL0 19,2,0.0,48541.9658340839,48541.965834083836
23,NL0 2 0 onwind,legacy,NL0 2,2,0.0,48541.9658340839,48541.965834083836
23,NL0 20 0 onwind,legacy,NL0 20,1,0.0,59329.069352818755,59329.06935281868
23,NL0 21 0 onwind,legacy,NL0 21,1,0.0,59329.069352818755,59329.06935281868
23,NL0 22 0 onwind,legacy,NL0 22,3,0.0,53935.51759344085,53935.517593440774
23,NL0 23 0 onwind,legacy,NL0 23,1,0.0,59329.069352818755,59329.06935281868
23,NL0 24 0 onwind,legacy,NL0 24,1,0.0,59329.069352818755,59329.06935281868
23,NL0 27 0 onwind,legacy,NL0 27,1,0.0,59329.069352818755,59329.06935281868
23,NL0 3 0 onwind,legacy,NL0 3,1,0.0,59329.069352818755,59329.06935281868
23,NL0 30 0 onwind,legacy,NL0 30,1,0.0,59329.069352818755,59329.06935281868
23,NL0 31 0 onwind,legacy,NL0 31,2,0.0,48541.9658340839,48541.965834083836
23,NL0 4 0 onwind,legacy,NL0 4,2,0.0,48541.9658340839,48541.965834083836
23,NL0 5 0 onwind,legacy,NL0 5,3,0.0,53935.51759344085,53935.517593440774
23,NL0 6 0 onwind,legacy,NL0 6,3,0.0,53935.51759344085,53935.517593440774
23,NL0 7 0 onwind,legacy,NL0 7,3,0.0,53935.51759344085,53935.517593440774
23,NL0 8 0 onwind,legacy,NL0 8,1,0.0,59329.069352818755,59329.06935281868
23,NL0 9 0 onwind,legacy,NL0 9,3,0.0,53935.51759344085,53935.517593440774
24,NL0 0 Invest,investable,NL0 0,1,0.0,59329.06935292875,59329.06935292875
24,NL0 1 Invest,investable,NL0 1,3,0.0005975007749157157,53935.47888230523,53935.47888230523
24,NL0 10 Invest,investable,NL0 10,1,0.0,59329.06935292875,59329.06935292875
24,NL0 11 Invest,investable,NL0 11,3,0.0,53935.47888230523,53935.47888230523
24,NL0 12 Invest,investable,NL0 12,2,0.0,48541.96583421495,48541.96583421495
24,NL0 13 Invest,investable,NL0 13,3,678.1058159657641,53935.47888230523,53935.47888230523
24,NL0 14 Invest,investable,NL0 14,2,0.0,48541.96583421495,48541.96583421495
24,NL0 15 Invest,investable,NL0 15,2,1000.0,48541.96583421495,48541.96583421495
24,NL0 16 Invest,investable,NL0 16,1,0.0,59329.06935292875,59329.06935292875
24,NL0 17 Invest,investable,NL0 17,1,0.0,59329.06935292875,59329.06935292875
24,NL0 18 Invest,investable,NL0 18,1,1000.0,59329.06935292875,59329.06935292875
24,NL0 19 Invest,investable,NL0 19,2,421.30931852923914,48541.96583421495,48541.96583421495
24,NL0 2 Invest,investable,NL0 2,2,1000.0,48541.96583421495,48541.96583421495
24,NL0 20 Invest,investable,NL0 20,1,0.0,59329.06935292875,59329.06935292875
24,NL0 21 Invest,investable,NL0 21,1,1000.0,59329.06935292875,59329.06935292875
24,NL0 22 Invest,investable,NL0 22,3,999.9998344443746,53935.47888230523,53935.47888230523
24,NL0 23 Invest,investable,NL0 23,1,1000.0,59329.06935292875,59329.06935292875
24,NL0 24 Invest,investable,NL0 24,1,0.0,59329.06935292875,59329.06935292875
24,NL0 25 Invest,investable,NL0 25,2,0.0,48541.96583421495,48541.96583421495
24,NL0 26 Invest,investable,NL0 26,2,0.0,48541.96583421495,48541.96583421495
24,NL0 27 Invest,investable,NL0 27,1,0.0,59329.06935292875,59329.06935292875
24,NL0 28 Invest,investable,NL0 28,2,0.0,48541.96583421495,48541.96583421495
24,NL0 3 Invest,investable,NL0 3,1,1000.0,59329.06935292875,59329.06935292875
24,NL0 30 Invest,investable,NL0 30,1,1000.0,59329.06935292875,59329.06935292875
24,NL0 31 Invest,investable,NL0 31,2,0.0,48541.96583421495,48541.96583421495
24,NL0 33 Invest,investable,NL0 33,1,1000.0,59329.06935292875,59329.06935292875
24,NL0 4 Invest,investable,NL0 4,2,0.0,48541.96583421495,48541.96583421495
24,NL0 5 Invest,investable,NL0 5,3,999.9998736139077,53935.47888230523,53935.47888230523
24,NL0 6 Invest,investable,NL0 6,3,999.9998751649038,53935.47888230523,53935.48561535074
24,NL0 7 Invest,investable,NL0 7,3,999.9992146794326,53935.47888230523,53935.47888230523
24,NL0 8 Invest,investable,NL0 8,1,601.5467025248663,59329.06935292875,59329.06935292875
24,NL0 9 Invest,investable,NL0 9,3,1000.0,53935.47888230523,53935.47888230523
24,NL0 1 biomass,legacy,NL0 1,3,70.99996725304625,53935.47888230523,53935.47888230523
24,NL0 1 waste,legacy,NL0 1,3,30.999977750296562,53935.47888230523,53935.47888230523
24,NL0 10 waste,legacy,NL0 10,1,150.0,59329.06935292875,59329.06935292875
24,NL0 11 biomass,legacy,NL0 11,3,20.0,53935.47888230523,53935.47888230523
24,NL0 11 waste,legacy,NL0 11,3,49.99996411338155,53935.47888230523,53935.47888230523
24,NL0 13 biomass,legacy,NL0 13,3,76.9999447346076,53935.47888230523,53935.47888230523
24,NL0 19 biomass,legacy,NL0 19,2,49.0,48541.96583421495,48541.96583421495
24,NL0 19 waste,legacy,NL0 19,2,36.0,48541.96583421495,48541.96583421495
24,NL0 22 biomass,legacy,NL0 22,3,499.99968893853725,53935.47888230523,53935.47888230523
24,NL0 25 waste,legacy,NL0 25,2,54.0,48541.96583421495,48541.96583421495
24,NL0 27 biomass,legacy,NL0 27,1,22.0,59329.06935292875,59329.06935292875
24,NL0 27 waste,legacy,NL0 27,1,71.2,59329.06935292875,59329.06935292875
24,NL0 3 biomass,legacy,NL0 3,1,22.0,59329.06935292875,59329.06935292875
24,NL0 3 waste,legacy,NL0 3,1,108.0,59329.06935292875,59329.06935292875
24,NL0 30 biomass,legacy,NL0 30,1,60.0,59329.06935292875,59329.06935292875
24,NL0 7 nuclear,legacy,NL0 7,3,515.0,53935.47888230523,53935.47888230523
24,NL0 7 waste,legacy,NL0 7,3,39.0,53935.47888230523,53935.47888230523
24,NL0 8 biomass,legacy,NL0 8,1,36.0,59329.06935292875,59329.06935292875
24,NL0 8 waste,legacy,NL0 8,1,157.0,59329.06935292875,59329.06935292875
24,NL0 9 biomass,legacy,NL0 9,3,20.0,53935.47888230523,53935.47888230523
24,NL0 0 0 solar,legacy,NL0 0,1,0.0,59329.06935292875,118658.1387058575
24,NL0 1 0 solar,legacy,NL0 1,3,0.0,53935.47888230523,118658.1387058575
24,NL0 10 0 solar,legacy,NL0 10,1,0.0,59329.06935292875,118658.1387058575
24,NL0 11 0 solar,legacy,NL0 11,3,0.0,53935.47888230523,118658.1387058575
24,NL0 12 0 solar,legacy,NL0 12,2,0.0,48541.96583421495,118658.1387058575
24,NL0 13 0 solar,legacy,NL0 13,3,0.0,53935.47888230523,118658.1387058575
24,NL0 14 0 solar,legacy,NL0 14,2,0.0,48541.96583421495,118658.1387058575
24,NL0 15 0 solar,legacy,NL0 15,2,0.0,48541.96583421495,118658.1387058575
24,NL0 16 0 solar,legacy,NL0 16,1,0.0,59329.06935292875,118658.1387058575
24,NL0 17 0 solar,legacy,NL0 17,1,0.0,59329.06935292875,118658.1387058575
24,NL0 18 0 solar,legacy,NL0 18,1,0.0,59329.06935292875,118658.1387058575
24,NL0 19 0 solar,legacy,NL0 19,2,0.0,48541.96583421495,118658.1387058575
24,NL0 2 0 solar,legacy,NL0 2,2,0.0,48541.96583421495,118658.1387058575
24,NL0 20 0 solar,legacy,NL0 20,1,0.0,59329.06935292875,118658.1387058575
24,NL0 21 0 solar,legacy,NL0 21,1,0.0,59329.06935292875,118658.1387058575
24,NL0 22 0 solar,legacy,NL0 22,3,0.0,53935.47888230523,118658.1387058575
24,NL0 23 0 solar,legacy,NL0 23,1,0.0,59329.06935292875,118658.1387058575
24,NL0 24 0 solar,legacy,NL0 24,1,0.0,59329.06935292875,118658.1387058575
24,NL0 25 0 solar,legacy,NL0 25,2,0.0,48541.96583421495,118658.1387058575
24,NL0 26 0 solar,legacy,NL0 26,2,0.0,48541.96583421495,118658.1387058575
24,NL0 27 0 solar,legacy,NL0 27,1,0.0,59329.06935292875,118658.1387058575
24,NL0 28 0 solar,legacy,NL0 28,2,0.0,48541.96583421495,118658.1387058575
24,NL0 3 0 solar,legacy,NL0 3,1,0.0,59329.06935292875,118658.1387058575
24,NL0 30 0 solar,legacy,NL0 30,1,0.0,59329.06935292875,118658.1387058575
24,NL0 31 0 solar,legacy,NL0 31,2,0.0,48541.96583421495,118658.1387058575
24,NL0 4 0 solar,legacy,NL0 4,2,0.0,48541.96583421495,118658.1387058575
24,NL0 5 0 solar,legacy,NL0 5,3,0.0,53935.47888230523,118658.1387058575
24,NL0 6 0 solar,legacy,NL0 6,3,0.0,53935.47888230523,118658.1387058575
24,NL0 7 0 solar,legacy,NL0 7,3,0.0,53935.47888230523,118658.1387058575
24,NL0 8 0 solar,legacy,NL0 8,1,0.0,59329.06935292875,118658.1387058575
24,NL0 9 0 solar,legacy,NL0 9,3,0.0,53935.47888230523,118658.1387058575
24,NL0 20 0 offwind-ac,legacy,NL0 20,1,0.0,59329.06935292875,118658.1387058575
24,NL0 27 0 offwind-ac,legacy,NL0 27,1,0.0,59329.06935292875,118658.1387058575
24,NL0 31 0 offwind-ac,legacy,NL0 31,2,0.0,48541.96583421495,118658.1387058575
24,NL0 32 0 offwind-ac,legacy,NL0 32,1,0.0,59329.06935292875,118658.1387058575
24,NL0 7 0 offwind-ac,legacy,NL0 7,3,0.0,53935.47888230523,118658.1387058575
24,NL0 0 0 onwind,legacy,NL0 0,1,0.0,59329.06935292875,118658.1387058575
24,NL0 1 0 onwind,legacy,NL0 1,3,0.0,53935.47888230523,118658.1387058575
24,NL0 10 0 onwind,legacy,NL0 10,1,0.0,59329.06935292875,118658.1387058575
24,NL0 11 0 onwind,legacy,NL0 11,3,0.0,53935.47888230523,118658.1387058575
24,NL0 12 0 onwind,legacy,NL0 12,2,0.0,48541.96583421495,118658.1387058575
24,NL0 13 0 onwind,legacy,NL0 13,3,0.0,53935.47888230523,118658.1387058575
24,NL0 14 0 onwind,legacy,NL0 14,2,0.0,48541.96583421495,118658.1387058575
24,NL0 15 0 onwind,legacy,NL0 15,2,0.0,48541.96583421495,118658.1387058575
24,NL0 17 0 onwind,legacy,NL0 17,1,0.0,59329.06935292875,118658.1387058575
24,NL0 19 0 onwind,legacy,NL0 19,2,0.0,48541.96583421495,118658.1387058575
24,NL0 2 0 onwind,legacy,NL0 2,2,0.0,48541.96583421495,118658.1387058575
24,NL0 20 0 onwind,legacy,NL0 20,1,0.0,59329.06935292875,118658.1387058575
24,NL0 21 0 onwind,legacy,NL0 21,1,0.0,59329.06935292875,118658.1387058575
24,NL0 22 0 onwind,legacy,NL0 22,3,0.0,53935.47888230523,118658.1387058575
24,NL0 23 0 onwind,legacy,NL0 23,1,0.0,59329.06935292875,118658.1387058575
24,NL0 24 0 onwind,legacy,NL0 24,1,0.0,59329.06935292875,118658.1387058575
24,NL0 27 0 onwind,legacy,NL0 27,1,0.0,59329.06935292875,118658.1387058575
24,NL0 3 0 onwind,legacy,NL0 3,1,0.0,59329.06935292875,118658.1387058575
24,NL0 30 0 onwind,legacy,NL0 30,1,0.0,59329.06935292875,118658.1387058575
24,NL0 31 0 onwind,legacy,NL0 31,2,0.0,48541.96583421495,118658.1387058575
24,NL0 4 0 onwind,legacy,NL0 4,2,0.0,48541.96583421495,118658.1387058575
24,NL0 5 0 onwind,legacy,NL0 5,3,0.0,53935.47888230523,118658.1387058575
24,NL0 6 0 onwind,legacy,NL0 6,3,0.0,53935.47888230523,118658.1387058575
24,NL0 7 0 onwind,legacy,NL0 7,3,0.0,53935.47888230523,118658.1387058575
24,NL0 8 0 onwind,legacy,NL0 8,1,0.0,59329.06935292875,118658.1387058575
24,NL0 9 0 onwind,legacy,NL0 9,3,0.0,53935.47888230523,118658.1387058575
25,NL0 0 Invest,investable,NL0 0,1,0.0,59329.069352818755,59329.06935292875
25,NL0 1 Invest,investable,NL0 1,3,1000.0,53935.51759344085,53935.51759357159
25,NL0 10 Invest,investable,NL0 10,1,0.0,59329.069352818755,59329.06935292875
25,NL0 11 Invest,investable,NL0 11,3,0.0,53935.51759344085,53935.51759357159
25,NL0 12 Invest,investable,NL0 12,2,0.0,48541.9658340839,48541.96583421443
25,NL0 13 Invest,investable,NL0 13,3,1000.0,53935.51759344085,53935.51759357159
25,NL0 14 Invest,investable,NL0 14,2,421.30931852923914,48541.9658340839,48541.96583421443
25,NL0 15 Invest,investable,NL0 15,2,0.0,48541.9658340839,48541.96583421443
25,NL0 16 Invest,investable,NL0 16,1,1000.0,59329.069352818755,59329.06935292875
25,NL0 17 Invest,investable,NL0 17,1,0.0,59329.069352818755,59329.06935292875
25,NL0 18 Invest,investable,NL0 18,1,601.5467025248663,59329.069352818755,59329.06935292875
25,NL0 19 Invest,investable,NL0 19,2,0.0,48541.9658340839,48541.96583421443
25,NL0 2 Invest,investable,NL0 2,2,0.0,48541.9658340839,48541.96583421443
25,NL0 20 Invest,investable,NL0 20,1,0.0,59329.069352818755,59329.06935292875
25,NL0 21 Invest,investable,NL0 21,1,0.0,59329.069352818755,59329.06935292875
25,NL0 22 Invest,investable,NL0 22,3,678.1047541590287,53935.51759344085,53935.51759357159
25,NL0 23 Invest,investable,NL0 23,1,1000.0,59329.069352818755,59329.06935292875
25,NL0 24 Invest,investable,NL0 24,1,0.0,59329.069352818755,59329.06935292875
25,NL0 25 Invest,investable,NL0 25,2,0.0,48541.9658340839,48541.96583421443
25,NL0 26 Invest,investable,NL0 26,2,1000.0,48541.9658340839,48541.96583421443
25,NL0 27 Invest,investable,NL0 27,1,0.0,59329.069352818755,59329.06935292875
25,NL0 28 Invest,investable,NL0 28,2,0.0,48541.9658340839,48541.96583421443
25,NL0 3 Invest,investable,NL0 3,1,1000.0,59329.069352818755,59329.06935292875
25,NL0 30 Invest,investable,NL0 30,1,1000.0,59329.069352818755,59329.06935292875
25,NL0 31 Invest,investable,NL0 31,2,0.0,48541.9658340839,48541.96583421443
25,NL0 33 Invest,investable,NL0 33,1,1000.0,59329.069352818755,59329.06935292875
25,NL0 4 Invest,investable,NL0 4,2,1000.0,48541.9658340839,48541.96583421443
25,NL0 5 Invest,investable,NL0 5,3,1000.0,53935.51759344085,53935.51759357159
25,NL0 6 Invest,investable,NL0 6,3,1000.0,53935.51759344085,53935.51759357159
25,NL0 7 Invest,investable,NL0 7,3,0.0,53935.51759344085,53935.51759357159
25,NL0 8 Invest,investable,NL0 8,1,1000.0,59329.069352818755,59329.06935292875
25,NL0 9 Invest,investable,NL0 9,3,1000.0,53935.51759344085,53935.51759357159
25,NL0 1 biomass,legacy,NL0 1,3,71.0,53935.51759344085,53935.51759344085
25,NL0 1 waste,legacy,NL0 1,3,31.0,53935.51759344085,53935.51759344085
25,NL0 10 waste,legacy,NL0 10,1,150.0,59329.069352818755,59329.069352818755
25,NL0 11 biomass,legacy,NL0 11,3,20.0,53935.51759344085,53935.51759344085
25,NL0 11 waste,legacy,NL0 11,3,50.0,53935.51759344085,53935.51759344085
25,NL0 13 biomass,legacy,NL0 13,3,77.0,53935.51759344085,53935.51759344085
25,NL0 19 biomass,legacy,NL0 19,2,49.0,48541.9658340839,48541.9658340839
25,NL0 19 waste,legacy,NL0 19,2,36.0,48541.9658340839,48541.9658340839
25,NL0 22 biomass,legacy,NL0 22,3,500.0,53935.51759344085,53935.51759344085
25,NL0 25 waste,legacy,NL0 25,2,54.0,48541.9658340839,48541.9658340839
25,NL0 27 biomass,legacy,NL0 27,1,22.0,59329.069352818755,59329.069352818755
25,NL0 27 waste,legacy,NL0 27,1,71.2,59329.069352818755,59329.069352818755
25,NL0 3 biomass,legacy,NL0 3,1,22.0,59329.069352818755,59329.069352818755
25,NL0 3 waste,legacy,NL0 3,1,108.0,59329.069352818755,59329.069352818755
25,NL0 30 biomass,legacy,NL0 30,1,60.0,59329.069352818755,59329.069352818755
25,NL0 7 nuclear,legacy,NL0 7,3,515.0,53935.51759344085,53935.51759344085
25,NL0 7 waste,legacy,NL0 7,3,39.0,53935.51759344085,53935.51759344085
25,NL0 8 biomass,legacy,NL0 8,1,36.0,59329.069352818755,59329.069352818755
25,NL0 8 waste,legacy,NL0 8,1,157.0,59329.069352818755,59329.069352818755
25,NL0 9 biomass,legacy,NL0 9,3,20.0,53935.51759344085,53935.51759344085
25,NL0 0 0 solar,legacy,NL0 0,1,0.0,59329.069352818755,59329.06935281868
25,NL0 1 0 solar,legacy,NL0 1,3,0.0,53935.51759344085,53935.517593440774
25,NL0 10 0 solar,legacy,NL0 10,1,0.0,59329.069352818755,59329.06935281868
25,NL0 11 0 solar,legacy,NL0 11,3,0.0,53935.51759344085,53935.517593440774
25,NL0 12 0 solar,legacy,NL0 12,2,0.0,48541.9658340839,48541.965834083836
25,NL0 13 0 solar,legacy,NL0 13,3,0.0,53935.51759344085,53935.517593440774
25,NL0 14 0 solar,legacy,NL0 14,2,0.0,48541.9658340839,48541.965834083836
25,NL0 15 0 solar,legacy,NL0 15,2,0.0,48541.9658340839,48541.965834083836
25,NL0 16 0 solar,legacy,NL0 16,1,0.0,59329.069352818755,59329.06935281868
25,NL0 17 0 solar,legacy,NL0 17,1,0.0,59329.069352818755,59329.06935281868
25,NL0 18 0 solar,legacy,NL0 18,1,0.0,59329.069352818755,59329.06935281868
25,NL0 19 0 solar,legacy,NL0 19,2,0.0,48541.9658340839,48541.965834083836
25,NL0 2 0 solar,legacy,NL0 2,2,0.0,48541.9658340839,48541.965834083836
25,NL0 20 0 solar,legacy,NL0 20,1,0.0,59329.069352818755,59329.06935281868
25,NL0 21 0 solar,legacy,NL0 21,1,0.0,59329.069352818755,59329.06935281868
25,NL0 22 0 solar,legacy,NL0 22,3,0.0,53935.51759344085,53935.517593440774
25,NL0 23 0 solar,legacy,NL0 23,1,0.0,59329.069352818755,59329.06935281868
25,NL0 24 0 solar,legacy,NL0 24,1,0.0,59329.069352818755,59329.06935281868
25,NL0 25 0 solar,legacy,NL0 25,2,0.0,48541.9658340839,48541.965834083836
25,NL0 26 0 solar,legacy,NL0 26,2,0.0,48541.9658340839,48541.965834083836
25,NL0 27 0 solar,legacy,NL0 27,1,0.0,59329.069352818755,59329.06935281868
25,NL0 28 0 solar,legacy,NL0 28,2,0.0,48541.9658340839,48541.965834083836
25,NL0 3 0 solar,legacy,NL0 3,1,0.0,59329.069352818755,59329.06935281868
25,NL0 30 0 solar,legacy,NL0 30,1,0.0,59329.069352818755,59329.06935281868
25,NL0 31 0 solar,legacy,NL0 31,2,0.0,48541.9658340839,48541.965834083836
25,NL0 4 0 solar,legacy,NL0 4,2,0.0,48541.9658340839,48541.965834083836
25,NL0 5 0 solar,legacy,NL0 5,3,0.0,53935.51759344085,53935.517593440774
25,NL0 6 0 solar,legacy,NL0 6,3,0.0,53935.51759344085,53935.517593440774
25,NL0 7 0 solar,legacy,NL0 7,3,0.0,53935.51759344085,53935.517593440774
25,NL0 8 0 solar,legacy,NL0 8,1,0.0,59329.069352818755,59329.06935281868
25,NL0 9 0 solar,legacy,NL0 9,3,0.0,53935.51759344085,53935.517593440774
25,NL0 20 0 offwind-ac,legacy,NL0 20,1,0.0,59329.069352818755,59329.06935281868
25,NL0 27 0 offwind-ac,legacy,NL0 27,1,0.0,59329.069352818755,59329.06935281868
25,NL0 31 0 offwind-ac,legacy,NL0 31,2,0.0,48541.9658340839,48541.965834083836
25,NL0 32 0 offwind-ac,legacy,NL0 32,1,0.0,59329.069352818755,59329.06935281868
25,NL0 7 0 offwind-ac,legacy,NL0 7,3,0.0,53935.51759344085,53935.517593440774
25,NL0 0 0 onwind,legacy,NL0 0,1,0.0,59329.069352818755,59329.06935281868
25,NL0 1 0 onwind,legacy,NL0 1,3,0.0,53935.51759344085,53935.517593440774
25,NL0 10 0 onwind,legacy,NL0 10,1,0.0,59329.069352818755,59329.06935281868
25,NL0 11 0 onwind,legacy,NL0 11,3,0.0,53935.51759344085,53935.517593440774
25,NL0 12 0 onwind,legacy,NL0 12,2,0.0,48541.9658340839,48541.965834083836
25,NL0 13 0 onwind,legacy,NL0 13,3,0.0,53935.51759344085,53935.517593440774
25,NL0 14 0 onwind,legacy,NL0 14,2,0.0,48541.9658340839,48541.965834083836
25,NL0 15 0 onwind,legacy,NL0 15,2,0.0,48541.9658340839,48541.965834083836
25,NL0 17 0 onwind,legacy,NL0 17,1,0.0,59329.069352818755,59329.06935281868
25,NL0 19 0 onwind,legacy,NL0 19,2,0.0,48541.9658340839,48541.965834083836
25,NL0 2 0 onwind,legacy,NL0 2,2,0.0,48541.9658340839,48541.965834083836
25,NL0 20 0 onwind,legacy,NL0 20,1,0.0,59329.069352818755,59329.06935281868
25,NL0 21 0 onwind,legacy,NL0 21,1,0.0,59329.069352818755,59329.06935281868
25,NL0 22 0 onwind,legacy,NL0 22,3,0.0,53935.51759344085,53935.517593440774
25,NL0 23 0 onwind,legacy,NL0 23,1,0.0,59329.069352818755,59329.06935281868
25,NL0 24 0 onwind,legacy,NL0 24,1,0.0,59329.069352818755,59329.06935281868
25,NL0 27 0 onwind,legacy,NL0 27,1,0.0,59329.069352818755,59329.06935281868
25,NL0 3 0 onwind,legacy,NL0 3,1,0.0,59329.069352818755,59329.06935281868
25,NL0 30 0 onwind,legacy,NL0 30,1,0.0,59329.069352818755,59329.06935281868
25,NL0 31 0 onwind,legacy,NL0 31,2,0.0,48541.9658340839,48541.965834083836
25,NL0 4 0 onwind,legacy,NL0 4,2,0.0,48541.9658340839,48541.965834083836
25,NL0 5 0 onwind,legacy,NL0 5,3,0.0,53935.51759344085,53935.517593440774
25,NL0 6 0 onwind,legacy,NL0 6,3,0.0,53935.51759344085,53935.517593440774
25,NL0 7 0 onwind,legacy,NL0 7,3,0.0,53935.51759344085,53935.517593440774
25,NL0 8 0 onwind,legacy,NL0 8,1,0.0,59329.069352818755,59329.06935281868
25,NL0 9 0 onwind,legacy,NL0 9,3,0.0,53935.51759344085,53935.517593440774
26,NL0 0 Invest,investable,NL0 0,1,1000.0,59329.069352818755,59329.06935292875
26,NL0 1 Invest,investable,NL0 1,3,0.0,53935.51759344085,53935.51759357159
26,NL0 10 Invest,investable,NL0 10,1,1000.0,59329.069352818755,59329.06935292875
26,NL0 11 Invest,investable,NL0 11,3,1000.0,53935.51759344085,53935.51759357159
26,NL0 12 Invest,investable,NL0 12,2,0.0,48541.9658340839,48541.96583421443
26,NL0 13 Invest,investable,NL0 13,3,0.0,53935.51759344085,53935.51759357159
26,NL0 14 Invest,investable,NL0 14,2,0.0,48541.9658340839,48541.96583421443
26,NL0 15 Invest,investable,NL0 15,2,1000.0,48541.9658340839,48541.96583421443
26,NL0 16 Invest,investable,NL0 16,1,0.0,59329.069352818755,59329.06935292875
26,NL0 17 Invest,investable,NL0 17,1,1000.0,59329.069352818755,59329.06935292875
26,NL0 18 Invest,investable,NL0 18,1,0.0,59329.069352818755,59329.06935292875
26,NL0 19 Invest,investable,NL0 19,2,421.30931852923914,48541.9658340839,48541.96583421443
26,NL0 2 Invest,investable,NL0 2,2,1000.0,48541.9658340839,48541.96583421443
26,NL0 20 Invest,investable,NL0 20,1,1000.0,59329.069352818755,59329.06935292875
26,NL0 21 Invest,investable,NL0 21,1,601.5467025248663,59329.069352818755,59329.06935292875
26,NL0 22 Invest,investable,NL0 22,3,1000.0,53935.51759344085,53935.51759357159
26,NL0 23 Invest,investable,NL0 23,1,0.0,59329.069352818755,59329.06935292875
26,NL0 24 Invest,investable,NL0 24,1,1000.0,59329.069352818755,59329.06935292875
26,NL0 25 Invest,investable,NL0 25,2,0.0,48541.9658340839,48541.96583421443
26,NL0 26 Invest,investable,NL0 26,2,0.0,48541.9658340839,48541.96583421443
26,NL0 27 Invest,investable,NL0 27,1,1000.0,59329.069352818755,59329.06935292875
26,NL0 28 Invest,investable,NL0 28,2,0.0,48541.9658340839,48541.96583421443
26,NL0 3 Invest,investable,NL0 3,1,0.0,59329.069352818755,59329.06935292875
26,NL0 30 Invest,investable,NL0 30,1,0.0,59329.069352818755,59329.06935292875
26,NL0 31 Invest,investable,NL0 31,2,0.0,48541.9658340839,48541.96583421443
26,NL0 33 Invest,investable,NL0 33,1,0.0,59329.069352818755,59329.06935292875
26,NL0 4 Invest,investable,NL0 4,2,0.0,48541.9658340839,48541.96583421443
26,NL0 5 Invest,investable,NL0 5,3,1000.0,53935.51759344085,53935.51759357159
26,NL0 6 Invest,investable,NL0 6,3,1000.0,53935.51759344085,53935.51759357159
26,NL0 7 Invest,investable,NL0 7,3,1000.0,53935.51759344085,53935.51759357159
26,NL0 8 Invest,investable,NL0 8,1,0.0,59329.069352818755,59329.06935292875
26,NL0 9 Invest,investable,NL0 9,3,678.1047541590287,53935.51759344085,53935.51759357159
26,NL0 1 biomass,legacy,NL0 1,3,71.0,53935.51759344085,53935.51759344085
26,NL0 1 waste,legacy,NL0 1,3,31.0,53935.51759344085,53935.51759344085
26,NL0 10 waste,legacy,NL0 10,1,150.0,59329.069352818755,59329.069352818755
26,NL0 11 biomass,legacy,NL0 11,3,20.0,53935.51759344085,53935.51759344085
26,NL0 11 waste,legacy,NL0 11,3,50.0,53935.51759344085,53935.51759344085
26,NL0 13 biomass,legacy,NL0 13,3,77.0,53935.51759344085,53935.51759344085
26,NL0 19 biomass,legacy,NL0 19,2,49.0,48541.9658340839,48541.9658340839
26,NL0 19 waste,legacy,NL0 19,2,36.0,48541.9658340839,48541.9658340839
26,NL0 22 biomass,legacy,NL0 22,3,500.0,53935.51759344085,53935.51759344085
26,NL0 25 waste,legacy,NL0 25,2,54.0,48541.9658340839,48541.9658340839
26,NL0 27 biomass,legacy,NL0 27,1,22.0,59329.069352818755,59329.069352818755
26,NL0 27 waste,legacy,NL0 27,1,71.2,59329.069352818755,59329.069352818755
26,NL0 3 biomass,legacy,NL0 3,1,22.0,59329.069352818755,59329.069352818755
26,NL0 3 waste,legacy,NL0 3,1,108.0,59329.069352818755,59329.069352818755
26,NL0 30 biomass,legacy,NL0 30,1,60.0,59329.069352818755,59329.069352818755
26,NL0 7 nuclear,legacy,NL0 7,3,515.0,53935.51759344085,53935.51759344085
26,NL0 7 waste,legacy,NL0 7,3,39.0,53935.51759344085,53935.51759344085
26,NL0 8 biomass,legacy,NL0 8,1,36.0,59329.069352818755,59329.069352818755
26,NL0 8 waste,legacy,NL0 8,1,157.0,59329.069352818755,59329.069352818755
26,NL0 9 biomass,legacy,NL0 9,3,20.0,53935.51759344085,53935.51759344085
26,NL0 0 0 solar,legacy,NL0 0,1,0.0,59329.069352818755,59329.06935281868
26,NL0 1 0 solar,legacy,NL0 1,3,0.0,53935.51759344085,53935.517593440774
26,NL0 10 0 solar,legacy,NL0 10,1,0.0,59329.069352818755,59329.06935281868
26,NL0 11 0 solar,legacy,NL0 11,3,0.0,53935.51759344085,53935.517593440774
26,NL0 12 0 solar,legacy,NL0 12,2,0.0,48541.9658340839,48541.965834083836
26,NL0 13 0 solar,legacy,NL0 13,3,0.0,53935.51759344085,53935.517593440774
26,NL0 14 0 solar,legacy,NL0 14,2,0.0,48541.9658340839,48541.965834083836
26,NL0 15 0 solar,legacy,NL0 15,2,0.0,48541.9658340839,48541.965834083836
26,NL0 16 0 solar,legacy,NL0 16,1,0.0,59329.069352818755,59329.06935281868
26,NL0 17 0 solar,legacy,NL0 17,1,0.0,59329.069352818755,59329.06935281868
26,NL0 18 0 solar,legacy,NL0 18,1,0.0,59329.069352818755,59329.06935281868
26,NL0 19 0 solar,legacy,NL0 19,2,0.0,48541.9658340839,48541.965834083836
26,NL0 2 0 solar,legacy,NL0 2,2,0.0,48541.9658340839,48541.965834083836
26,NL0 20 0 solar,legacy,NL0 20,1,0.0,59329.069352818755,59329.06935281868
26,NL0 21 0 solar,legacy,NL0 21,1,0.0,59329.069352818755,59329.06935281868
26,NL0 22 0 solar,legacy,NL0 22,3,0.0,53935.51759344085,53935.517593440774
26,NL0 23 0 solar,legacy,NL0 23,1,0.0,59329.069352818755,59329.06935281868
26,NL0 24 0 solar,legacy,NL0 24,1,0.0,59329.069352818755,59329.06935281868
26,NL0 25 0 solar,legacy,NL0 25,2,0.0,48541.9658340839,48541.965834083836
26,NL0 26 0 solar,legacy,NL0 26,2,0.0,48541.9658340839,48541.965834083836
26,NL0 27 0 solar,legacy,NL0 27,1,0.0,59329.069352818755,59329.06935281868
26,NL0 28 0 solar,legacy,NL0 28,2,0.0,48541.9658340839,48541.965834083836
26,NL0 3 0 solar,legacy,NL0 3,1,0.0,59329.069352818755,59329.06935281868
26,NL0 30 0 solar,legacy,NL0 30,1,0.0,59329.069352818755,59329.06935281868
26,NL0 31 0 solar,legacy,NL0 31,2,0.0,48541.9658340839,48541.965834083836
26,NL0 4 0 solar,legacy,NL0 4,2,0.0,48541.9658340839,48541.965834083836
26,NL0 5 0 solar,legacy,NL0 5,3,0.0,53935.51759344085,53935.517593440774
26,NL0 6 0 solar,legacy,NL0 6,3,0.0,53935.51759344085,53935.517593440774
26,NL0 7 0 solar,legacy,NL0 7,3,0.0,53935.51759344085,53935.517593440774
26,NL0 8 0 solar,legacy,NL0 8,1,0.0,59329.069352818755,59329.06935281868
26,NL0 9 0 solar,legacy,NL0 9,3,0.0,53935.51759344085,53935.517593440774
26,NL0 20 0 offwind-ac,legacy,NL0 20,1,0.0,59329.069352818755,59329.06935281868
26,NL0 27 0 offwind-ac,legacy,NL0 27,1,0.0,59329.069352818755,59329.06935281868
26,NL0 31 0 offwind-ac,legacy,NL0 31,2,0.0,48541.9658340839,48541.965834083836
26,NL0 32 0 offwind-ac,legacy,NL0 32,1,0.0,59329.069352818755,59329.06935281868
26,NL0 7 0 offwind-ac,legacy,NL0 7,3,0.0,53935.51759344085,53935.517593440774
26,NL0 0 0 onwind,legacy,NL0 0,1,0.0,59329.069352818755,59329.06935281868
26,NL0 1 0 onwind,legacy,NL0 1,3,0.0,53935.51759344085,53935.517593440774
26,NL0 10 0 onwind,legacy,NL0 10,1,0.0,59329.069352818755,59329.06935281868
26,NL0 11 0 onwind,legacy,NL0 11,3,0.0,53935.51759344085,53935.517593440774
26,NL0 12 0 onwind,legacy,NL0 12,2,0.0,48541.9658340839,48541.965834083836
26,NL0 13 0 onwind,legacy,NL0 13,3,0.0,53935.51759344085,53935.517593440774
26,NL0 14 0 onwind,legacy,NL0 14,2,0.0,48541.9658340839,48541.965834083836
26,NL0 15 0 onwind,legacy,NL0 15,2,0.0,48541.9658340839,48541.965834083836
26,NL0 17 0 onwind,legacy,NL0 17,1,0.0,59329.069352818755,59329.06935281868
26,NL0 19 0 onwind,legacy,NL0 19,2,0.0,48541.9658340839,48541.965834083836
26,NL0 2 0 onwind,legacy,NL0 2,2,0.0,48541.9658340839,48541.965834083836
26,NL0 20 0 onwind,legacy,NL0 20,1,0.0,59329.069352818755,59329.06935281868
26,NL0 21 0 onwind,legacy,NL0 21,1,0.0,59329.069352818755,59329.06935281868
26,NL0 22 0 onwind,legacy,NL0 22,3,0.0,53935.51759344085,53935.517593440774
26,NL0 23 0 onwind,legacy,NL0 23,1,0.0,59329.069352818755,59329.06935281868
26,NL0 24 0 onwind,legacy,NL0 24,1,0.0,59329.069352818755,59329.06935281868
26,NL0 27 0 onwind,legacy,NL0 27,1,0.0,59329.069352818755,59329.06935281868
26,NL0 3 0 onwind,legacy,NL0 3,1,0.0,59329.069352818755,59329.06935281868
26,NL0 30 0 onwind,legacy,NL0 30,1,0.0,59329.069352818755,59329.06935281868
26,NL0 31 0 onwind,legacy,NL0 31,2,0.0,48541.9658340839,48541.965834083836
26,NL0 4 0 onwind,legacy,NL0 4,2,0.0,48541.9658340839,48541.965834083836
26,NL0 5 0 onwind,legacy,NL0 5,3,0.0,53935.51759344085,53935.517593440774
26,NL0 6 0 onwind,legacy,NL0 6,3,0.0,53935.51759344085,53935.517593440774
26,NL0 7 0 onwind,legacy,NL0 7,3,0.0,53935.51759344085,53935.517593440774
26,NL0 8 0 onwind,legacy,NL0 8,1,0.0,59329.069352818755,59329.06935281868
26,NL0 9 0 onwind,legacy,NL0 9,3,0.0,53935.51759344085,53935.517593440774
27,NL0 0 Invest,investable,NL0 0,1,0.0,59329.069352818755,59329.06935292875
27,NL0 1 Invest,investable,NL0 1,3,0.0,53935.51759344085,53935.51759357159
27,NL0 10 Invest,investable,NL0 10,1,0.0,59329.069352818755,59329.06935292875
27,NL0 11 Invest,investable,NL0 11,3,0.0,53935.51759344085,53935.51759357159
27,NL0 12 Invest,investable,NL0 12,2,0.0,48541.9658340839,48541.96583421443
27,NL0 13 Invest,investable,NL0 13,3,678.1047541590287,53935.51759344085,53935.51759357159
27,NL0 14 Invest,investable,NL0 14,2,0.0,48541.9658340839,48541.96583421443
27,NL0 15 Invest,investable,NL0 15,2,1000.0,48541.9658340839,48541.96583421443
27,NL0 16 Invest,investable,NL0 16,1,0.0,59329.069352818755,59329.06935292875
27,NL0 17 Invest,investable,NL0 17,1,1000.0,59329.069352818755,59329.06935292875
27,NL0 18 Invest,investable,NL0 18,1,1000.0,59329.069352818755,59329.06935292875
27,NL0 19 Invest,investable,NL0 19,2,421.30931852923914,48541.9658340839,48541.96583421443
27,NL0 2 Invest,investable,NL0 2,2,1000.0,48541.9658340839,48541.96583421443
27,NL0 20 Invest,investable,NL0 20,1,0.0,59329.069352818755,59329.06935292875
27,NL0 21 Invest,investable,NL0 21,1,1000.0,59329.069352818755,59329.06935292875
27,NL0 22 Invest,investable,NL0 22,3,1000.0,53935.51759344085,53935.51759357159
27,NL0 23 Invest,investable,NL0 23,1,1000.0,59329.069352818755,59329.06935292875
27,NL0 24 Invest,investable,NL0 24,1,0.0,59329.069352818755,59329.06935292875
27,NL0 25 Invest,investable,NL0 25,2,0.0,48541.9658340839,48541.96583421443
27,NL0 26 Invest,investable,NL0 26,2,0.0,48541.9658340839,48541.96583421443
27,NL0 27 Invest,investable,NL0 27,1,0.0,59329.069352818755,59329.06935292875
27,NL0 28 Invest,investable,NL0 28,2,0.0,48541.9658340839,48541.96583421443
27,NL0 3 Invest,investable,NL0 3,1,601.5467025248663,59329.069352818755,59329.06935292875
27,NL0 30 Invest,investable,NL0 30,1,1000.0,59329.069352818755,59329.06935292875
27,NL0 31 Invest,investable,NL0 31,2,0.0,48541.9658340839,48541.96583421443
27,NL0 33 Invest,investable,NL0 33,1,1000.0,59329.069352818755,59329.06935292875
27,NL0 4 Invest,investable,NL0 4,2,0.0,48541.9658340839,48541.96583421443
27,NL0 5 Invest,investable,NL0 5,3,1000.0,53935.51759344085,53935.51759357159
27,NL0 6 Invest,investable,NL0 6,3,1000.0,53935.51759344085,53935.51759357159
27,NL0 7 Invest,investable,NL0 7,3,1000.0,53935.51759344085,53935.51759357159
27,NL0 8 Invest,investable,NL0 8,1,0.0,59329.069352818755,59329.06935292875
27,NL0 9 Invest,investable,NL0 9,3,1000.0,53935.51759344085,53935.51759357159
27,NL0 1 biomass,legacy,NL0 1,3,71.0,53935.51759344085,53935.51759344085
27,NL0 1 waste,legacy,NL0 1,3,31.0,53935.51759344085,53935.51759344085
27,NL0 10 waste,legacy,NL0 10,1,150.0,59329.069352818755,59329.069352818755
27,NL0 11 biomass,legacy,NL0 11,3,20.0,53935.51759344085,53935.51759344085
27,NL0 11 waste,legacy,NL0 11,3,50.0,53935.51759344085,53935.51759344085
27,NL0 13 biomass,legacy,NL0 13,3,77.0,53935.51759344085,53935.51759344085
27,NL0 19 biomass,legacy,NL0 19,2,49.0,48541.9658340839,48541.9658340839
27,NL0 19 waste,legacy,NL0 19,2,36.0,48541.9658340839,48541.9658340839
27,NL0 22 biomass,legacy,NL0 22,3,500.0,53935.51759344085,53935.51759344085
27,NL0 25 waste,legacy,NL0 25,2,54.0,48541.9658340839,48541.9658340839
27,NL0 27 biomass,legacy,NL0 27,1,22.0,59329.069352818755,59329.069352818755
27,NL0 27 waste,legacy,NL0 27,1,71.2,59329.069352818755,59329.069352818755
27,NL0 3 biomass,legacy,NL0 3,1,22.0,59329.069352818755,59329.069352818755
27,NL0 3 waste,legacy,NL0 3,1,108.0,59329.069352818755,59329.069352818755
27,NL0 30 biomass,legacy,NL0 30,1,60.0,59329.069352818755,59329.069352818755
27,NL0 7 nuclear,legacy,NL0 7,3,515.0,53935.51759344085,53935.51759344085
27,NL0 7 waste,legacy,NL0 7,3,39.0,53935.51759344085,53935.51759344085
27,NL0 8 biomass,legacy,NL0 8,1,36.0,59329.069352818755,59329.069352818755
27,NL0 8 waste,legacy,NL0 8,1,157.0,59329.069352818755,59329.069352818755
27,NL0 9 biomass,legacy,NL0 9,3,20.0,53935.51759344085,53935.51759344085
27,NL0 0 0 solar,legacy,NL0 0,1,0.0,59329.069352818755,59329.06935281868
27,NL0 1 0 solar,legacy,NL0 1,3,0.0,53935.51759344085,53935.517593440774
27,NL0 10 0 solar,legacy,NL0 10,1,0.0,59329.069352818755,59329.06935281868
27,NL0 11 0 solar,legacy,NL0 11,3,0.0,53935.51759344085,53935.517593440774
27,NL0 12 0 solar,legacy,NL0 12,2,0.0,48541.9658340839,48541.965834083836
27,NL0 13 0 solar,legacy,NL0 13,3,0.0,53935.51759344085,53935.517593440774
27,NL0 14 0 solar,legacy,NL0 14,2,0.0,48541.9658340839,48541.965834083836
27,NL0 15 0 solar,legacy,NL0 15,2,0.0,48541.9658340839,48541.965834083836
27,NL0 16 0 solar,legacy,NL0 16,1,0.0,59329.069352818755,59329.06935281868
27,NL0 17 0 solar,legacy,NL0 17,1,0.0,59329.069352818755,59329.06935281868
27,NL0 18 0 solar,legacy,NL0 18,1,0.0,59329.069352818755,59329.06935281868
27,NL0 19 0 solar,legacy,NL0 19,2,0.0,48541.9658340839,48541.965834083836
27,NL0 2 0 solar,legacy,NL0 2,2,0.0,48541.9658340839,48541.965834083836
27,NL0 20 0 solar,legacy,NL0 20,1,0.0,59329.069352818755,59329.06935281868
27,NL0 21 0 solar,legacy,NL0 21,1,0.0,59329.069352818755,59329.06935281868
27,NL0 22 0 solar,legacy,NL0 22,3,0.0,53935.51759344085,53935.517593440774
27,NL0 23 0 solar,legacy,NL0 23,1,0.0,59329.069352818755,59329.06935281868
27,NL0 24 0 solar,legacy,NL0 24,1,0.0,59329.069352818755,59329.06935281868
27,NL0 25 0 solar,legacy,NL0 25,2,0.0,48541.9658340839,48541.965834083836
27,NL0 26 0 solar,legacy,NL0 26,2,0.0,48541.9658340839,48541.965834083836
27,NL0 27 0 solar,legacy,NL0 27,1,0.0,59329.069352818755,59329.06935281868
27,NL0 28 0 solar,legacy,NL0 28,2,0.0,48541.9658340839,48541.965834083836
27,NL0 3 0 solar,legacy,NL0 3,1,0.0,59329.069352818755,59329.06935281868
27,NL0 30 0 solar,legacy,NL0 30,1,0.0,59329.069352818755,59329.06935281868
27,NL0 31 0 solar,legacy,NL0 31,2,0.0,48541.9658340839,48541.965834083836
27,NL0 4 0 solar,legacy,NL0 4,2,0.0,48541.9658340839,48541.965834083836
27,NL0 5 0 solar,legacy,NL0 5,3,0.0,53935.51759344085,53935.517593440774
27,NL0 6 0 solar,legacy,NL0 6,3,0.0,53935.51759344085,53935.517593440774
27,NL0 7 0 solar,legacy,NL0 7,3,0.0,53935.51759344085,53935.517593440774
27,NL0 8 0 solar,legacy,NL0 8,1,0.0,59329.069352818755,59329.06935281868
27,NL0 9 0 solar,legacy,NL0 9,3,0.0,53935.51759344085,53935.517593440774
27,NL0 20 0 offwind-ac,legacy,NL0 20,1,0.0,59329.069352818755,59329.06935281868
27,NL0 27 0 offwind-ac,legacy,NL0 27,1,0.0,59329.069352818755,59329.06935281868
27,NL0 31 0 offwind-ac,legacy,NL0 31,2,0.0,48541.9658340839,48541.965834083836
27,NL0 32 0 offwind-ac,legacy,NL0 32,1,0.0,59329.069352818755,59329.06935281868
27,NL0 7 0 offwind-ac,legacy,NL0 7,3,0.0,53935.51759344085,53935.517593440774
27,NL0 0 0 onwind,legacy,NL0 0,1,0.0,59329.069352818755,59329.06935281868
27,NL0 1 0 onwind,legacy,NL0 1,3,0.0,53935.51759344085,53935.517593440774
27,NL0 10 0 onwind,legacy,NL0 10,1,0.0,59329.069352818755,59329.06935281868
27,NL0 11 0 onwind,legacy,NL0 11,3,0.0,53935.51759344085,53935.517593440774
27,NL0 12 0 onwind,legacy,NL0 12,2,0.0,48541.9658340839,48541.965834083836
27,NL0 13 0 onwind,legacy,NL0 13,3,0.0,53935.51759344085,53935.517593440774
27,NL0 14 0 onwind,legacy,NL0 14,2,0.0,48541.9658340839,48541.965834083836
27,NL0 15 0 onwind,legacy,NL0 15,2,0.0,48541.9658340839,48541.965834083836
27,NL0 17 0 onwind,legacy,NL0 17,1,0.0,59329.069352818755,59329.06935281868
27,NL0 19 0 onwind,legacy,NL0 19,2,0.0,48541.9658340839,48541.965834083836
27,NL0 2 0 onwind,legacy,NL0 2,2,0.0,48541.9658340839,48541.965834083836
27,NL0 20 0 onwind,legacy,NL0 20,1,0.0,59329.069352818755,59329.06935281868
27,NL0 21 0 onwind,legacy,NL0 21,1,0.0,59329.069352818755,59329.06935281868
27,NL0 22 0 onwind,legacy,NL0 22,3,0.0,53935.51759344085,53935.517593440774
27,NL0 23 0 onwind,legacy,NL0 23,1,0.0,59329.069352818755,59329.06935281868
27,NL0 24 0 onwind,legacy,NL0 24,1,0.0,59329.069352818755,59329.06935281868
27,NL0 27 0 onwind,legacy,NL0 27,1,0.0,59329.069352818755,59329.06935281868
27,NL0 3 0 onwind,legacy,NL0 3,1,0.0,59329.069352818755,59329.06935281868
27,NL0 30 0 onwind,legacy,NL0 30,1,0.0,59329.069352818755,59329.06935281868
27,NL0 31 0 onwind,legacy,NL0 31,2,0.0,48541.9658340839,48541.965834083836
27,NL0 4 0 onwind,legacy,NL0 4,2,0.0,48541.9658340839,48541.965834083836
27,NL0 5 0 onwind,legacy,NL0 5,3,0.0,53935.51759344085,53935.517593440774
27,NL0 6 0 onwind,legacy,NL0 6,3,0.0,53935.51759344085,53935.517593440774
27,NL0 7 0 onwind,legacy,NL0 7,3,0.0,53935.51759344085,53935.517593440774
27,NL0 8 0 onwind,legacy,NL0 8,1,0.0,59329.069352818755,59329.06935281868
27,NL0 9 0 onwind,legacy,NL0 9,3,0.0,53935.51759344085,53935.517593440774
28,NL0 0 Invest,investable,NL0 0,1,1000.0,59329.069352818755,59329.06935292875
28,NL0 1 Invest,investable,NL0 1,3,1000.0,53935.51759344085,53935.51759357159
28,NL0 10 Invest,investable,NL0 10,1,1000.0,59329.069352818755,59329.06935292875
28,NL0 11 Invest,investable,NL0 11,3,1000.0,53935.51759344085,53935.51759357159
28,NL0 12 Invest,investable,NL0 12,2,0.0,48541.9658340839,48541.96583421443
28,NL0 13 Invest,investable,NL0 13,3,1000.0,53935.51759344085,53935.51759357159
28,NL0 14 Invest,investable,NL0 14,2,421.30931852923914,48541.9658340839,48541.96583421443
28,NL0 15 Invest,investable,NL0 15,2,0.0,48541.9658340839,48541.96583421443
28,NL0 16 Invest,investable,NL0 16,1,1000.0,59329.069352818755,59329.06935292875
28,NL0 17 Invest,investable,NL0 17,1,0.0,59329.069352818755,59329.06935292875
28,NL0 18 Invest,investable,NL0 18,1,0.0,59329.069352818755,59329.06935292875
28,NL0 19 Invest,investable,NL0 19,2,0.0,48541.9658340839,48541.96583421443
28,NL0 2 Invest,investable,NL0 2,2,0.0,48541.9658340839,48541.96583421443
28,NL0 20 Invest,investable,NL0 20,1,1000.0,59329.069352818755,59329.06935292875
28,NL0 21 Invest,investable,NL0 21,1,0.0,59329.069352818755,59329.06935292875
28,NL0 22 Invest,investable,NL0 22,3,0.0,53935.51759344085,53935.51759357159
28,NL0 23 Invest,investable,NL0 23,1,0.0,59329.069352818755,59329.06935292875
28,NL0 24 Invest,investable,NL0 24,1,1000.0,59329.069352818755,59329.06935292875
28,NL0 25 Invest,investable,NL0 25,2,0.0,48541.9658340839,48541.96583421443
28,NL0 26 Invest,investable,NL0 26,2,1000.0,48541.9658340839,48541.96583421443
28,NL0 27 Invest,investable,NL0 27,1,1000.0,59329.069352818755,59329.06935292875
28,NL0 28 Invest,investable,NL0 28,2,0.0,48541.9658340839,48541.96583421443
28,NL0 3 Invest,investable,NL0 3,1,0.0,59329.069352818755,59329.06935292875
28,NL0 30 Invest,investable,NL0 30,1,0.0,59329.069352818755,59329.06935292875
28,NL0 31 Invest,investable,NL0 31,2,0.0,48541.9658340839,48541.96583421443
28,NL0 33 Invest,investable,NL0 33,1,0.0,59329.069352818755,59329.06935292875
28,NL0 4 Invest,investable,NL0 4,2,1000.0,48541.9658340839,48541.96583421443
28,NL0 5 Invest,investable,NL0 5,3,678.1047541590287,53935.51759344085,53935.51759357159
28,NL0 6 Invest,investable,NL0 6,3,1000.0,53935.51759344085,53935.51759357159
28,NL0 7 Invest,investable,NL0 7,3,0.0,53935.51759344085,53935.51759357159
28,NL0 8 Invest,investable,NL0 8,1,601.5467025248663,59329.069352818755,59329.06935292875
28,NL0 9 Invest,investable,NL0 9,3,1000.0,53935.51759344085,53935.51759357159
28,NL0 1 biomass,legacy,NL0 1,3,71.0,53935.51759344085,53935.51759344085
28,NL0 1 waste,legacy,NL0 1,3,31.0,53935.51759344085,53935.51759344085
28,NL0 10 waste,legacy,NL0 10,1,150.0,59329.069352818755,59329.069352818755
28,NL0 11 biomass,legacy,NL0 11,3,20.0,53935.51759344085,53935.51759344085
28,NL0 11 waste,legacy,NL0 11,3,50.0,53935.51759344085,53935.51759344085
28,NL0 13 biomass,legacy,NL0 13,3,77.0,53935.51759344085,53935.51759344085
28,NL0 19 biomass,legacy,NL0 19,2,49.0,48541.9658340839,48541.9658340839
28,NL0 19 waste,legacy,NL0 19,2,36.0,48541.9658340839,48541.9658340839
28,NL0 22 biomass,legacy,NL0 22,3,500.0,53935.51759344085,53935.51759344085
28,NL0 25 waste,legacy,NL0 25,2,54.0,48541.9658340839,48541.9658340839
28,NL0 27 biomass,legacy,NL0 27,1,22.0,59329.069352818755,59329.069352818755
28,NL0 27 waste,legacy,NL0 27,1,71.2,59329.069352818755,59329.069352818755
28,NL0 3 biomass,legacy,NL0 3,1,22.0,59329.069352818755,59329.069352818755
28,NL0 3 waste,legacy,NL0 3,1,108.0,59329.069352818755,59329.069352818755
28,NL0 30 biomass,legacy,NL0 30,1,60.0,59329.069352818755,59329.069352818755
28,NL0 7 nuclear,legacy,NL0 7,3,515.0,53935.51759344085,53935.51759344085
28,NL0 7 waste,legacy,NL0 7,3,39.0,53935.51759344085,53935.51759344085
28,NL0 8 biomass,legacy,NL0 8,1,36.0,59329.069352818755,59329.069352818755
28,NL0 8 waste,legacy,NL0 8,1,157.0,59329.069352818755,59329.069352818755
28,NL0 9 biomass,legacy,NL0 9,3,20.0,53935.51759344085,53935.51759344085
28,NL0 0 0 solar,legacy,NL0 0,1,0.0,59329.069352818755,59329.06935281868
28,NL0 1 0 solar,legacy,NL0 1,3,0.0,53935.51759344085,53935.517593440774
28,NL0 10 0 solar,legacy,NL0 10,1,0.0,59329.069352818755,59329.06935281868
28,NL0 11 0 solar,legacy,NL0 11,3,0.0,53935.51759344085,53935.517593440774
28,NL0 12 0 solar,legacy,NL0 12,2,0.0,48541.9658340839,48541.965834083836
28,NL0 13 0 solar,legacy,NL0 13,3,0.0,53935.51759344085,53935.517593440774
28,NL0 14 0 solar,legacy,NL0 14,2,0.0,48541.9658340839,48541.965834083836
28,NL0 15 0 solar,legacy,NL0 15,2,0.0,48541.9658340839,48541.965834083836
28,NL0 16 0 solar,legacy,NL0 16,1,0.0,59329.069352818755,59329.06935281868
28,NL0 17 0 solar,legacy,NL0 17,1,0.0,59329.069352818755,59329.06935281868
28,NL0 18 0 solar,legacy,NL0 18,1,0.0,59329.069352818755,59329.06935281868
28,NL0 19 0 solar,legacy,NL0 19,2,0.0,48541.9658340839,48541.965834083836
28,NL0 2 0 solar,legacy,NL0 2,2,0.0,48541.9658340839,48541.965834083836
28,NL0 20 0 solar,legacy,NL0 20,1,0.0,59329.069352818755,59329.06935281868
28,NL0 21 0 solar,legacy,NL0 21,1,0.0,59329.069352818755,59329.06935281868
28,NL0 22 0 solar,legacy,NL0 22,3,0.0,53935.51759344085,53935.517593440774
28,NL0 23 0 solar,legacy,NL0 23,1,0.0,59329.069352818755,59329.06935281868
28,NL0 24 0 solar,legacy,NL0 24,1,0.0,59329.069352818755,59329.06935281868
28,NL0 25 0 solar,legacy,NL0 25,2,0.0,48541.9658340839,48541.965834083836
28,NL0 26 0 solar,legacy,NL0 26,2,0.0,48541.9658340839,48541.965834083836
28,NL0 27 0 solar,legacy,NL0 27,1,0.0,59329.069352818755,59329.06935281868
28,NL0 28 0 solar,legacy,NL0 28,2,0.0,48541.9658340839,48541.965834083836
28,NL0 3 0 solar,legacy,NL0 3,1,0.0,59329.069352818755,59329.06935281868
28,NL0 30 0 solar,legacy,NL0 30,1,0.0,59329.069352818755,59329.06935281868
28,NL0 31 0 solar,legacy,NL0 31,2,0.0,48541.9658340839,48541.965834083836
28,NL0 4 0 solar,legacy,NL0 4,2,0.0,48541.9658340839,48541.965834083836
28,NL0 5 0 solar,legacy,NL0 5,3,0.0,53935.51759344085,53935.517593440774
28,NL0 6 0 solar,legacy,NL0 6,3,0.0,53935.51759344085,53935.517593440774
28,NL0 7 0 solar,legacy,NL0 7,3,0.0,53935.51759344085,53935.517593440774
28,NL0 8 0 solar,legacy,NL0 8,1,0.0,59329.069352818755,59329.06935281868
28,NL0 9 0 solar,legacy,NL0 9,3,0.0,53935.51759344085,53935.517593440774
28,NL0 20 0 offwind-ac,legacy,NL0 20,1,0.0,59329.069352818755,59329.06935281868
28,NL0 27 0 offwind-ac,legacy,NL0 27,1,0.0,59329.069352818755,59329.06935281868
28,NL0 31 0 offwind-ac,legacy,NL0 31,2,0.0,48541.9658340839,48541.965834083836
28,NL0 32 0 offwind-ac,legacy,NL0 32,1,0.0,59329.069352818755,59329.06935281868
28,NL0 7 0 offwind-ac,legacy,NL0 7,3,0.0,53935.51759344085,53935.517593440774
28,NL0 0 0 onwind,legacy,NL0 0,1,0.0,59329.069352818755,59329.06935281868
28,NL0 1 0 onwind,legacy,NL0 1,3,0.0,53935.51759344085,53935.517593440774
28,NL0 10 0 onwind,legacy,NL0 10,1,0.0,59329.069352818755,59329.06935281868
28,NL0 11 0 onwind,legacy,NL0 11,3,0.0,53935.51759344085,53935.517593440774
28,NL0 12 0 onwind,legacy,NL0 12,2,0.0,48541.9658340839,48541.965834083836
28,NL0 13 0 onwind,legacy,NL0 13,3,0.0,53935.51759344085,53935.517593440774
28,NL0 14 0 onwind,legacy,NL0 14,2,0.0,48541.9658340839,48541.965834083836
28,NL0 15 0 onwind,legacy,NL0 15,2,0.0,48541.9658340839,48541.965834083836
28,NL0 17 0 onwind,legacy,NL0 17,1,0.0,59329.069352818755,59329.06935281868
28,NL0 19 0 onwind,legacy,NL0 19,2,0.0,48541.9658340839,48541.965834083836
28,NL0 2 0 onwind,legacy,NL0 2,2,0.0,48541.9658340839,48541.965834083836
28,NL0 20 0 onwind,legacy,NL0 20,1,0.0,59329.069352818755,59329.06935281868
28,NL0 21 0 onwind,legacy,NL0 21,1,0.0,59329.069352818755,59329.06935281868
28,NL0 22 0 onwind,legacy,NL0 22,3,0.0,53935.51759344085,53935.517593440774
28,NL0 23 0 onwind,legacy,NL0 23,1,0.0,59329.069352818755,59329.06935281868
28,NL0 24 0 onwind,legacy,NL0 24,1,0.0,59329.069352818755,59329.06935281868
28,NL0 27 0 onwind,legacy,NL0 27,1,0.0,59329.069352818755,59329.06935281868
28,NL0 3 0 onwind,legacy,NL0 3,1,0.0,59329.069352818755,59329.06935281868
28,NL0 30 0 onwind,legacy,NL0 30,1,0.0,59329.069352818755,59329.06935281868
28,NL0 31 0 onwind,legacy,NL0 31,2,0.0,48541.9658340839,48541.965834083836
28,NL0 4 0 onwind,legacy,NL0 4,2,0.0,48541.9658340839,48541.965834083836
28,NL0 5 0 onwind,legacy,NL0 5,3,0.0,53935.51759344085,53935.517593440774
28,NL0 6 0 onwind,legacy,NL0 6,3,0.0,53935.51759344085,53935.517593440774
28,NL0 7 0 onwind,legacy,NL0 7,3,0.0,53935.51759344085,53935.517593440774
28,NL0 8 0 onwind,legacy,NL0 8,1,0.0,59329.069352818755,59329.06935281868
28,NL0 9 0 onwind,legacy,NL0 9,3,0.0,53935.51759344085,53935.517593440774
29,NL0 0 Invest,investable,NL0 0,1,0.0,59329.069352818755,59329.06935292875
29,NL0 1 Invest,investable,NL0 1,3,0.0,53935.51759344085,53935.51759357159
29,NL0 10 Invest,investable,NL0 10,1,0.0,59329.069352818755,59329.06935292875
29,NL0 11 Invest,investable,NL0 11,3,0.0,53935.51759344085,53935.51759357159
29,NL0 12 Invest,investable,NL0 12,2,0.0,48541.9658340839,48541.96583421443
29,NL0 13 Invest,investable,NL0 13,3,678.1047541590287,53935.51759344085,53935.51759357159
29,NL0 14 Invest,investable,NL0 14,2,0.0,48541.9658340839,48541.96583421443
29,NL0 15 Invest,investable,NL0 15,2,1000.0,48541.9658340839,48541.96583421443
29,NL0 16 Invest,investable,NL0 16,1,601.5467025248663,59329.069352818755,59329.06935292875
29,NL0 17 Invest,investable,NL0 17,1,0.0,59329.069352818755,59329.06935292875
29,NL0 18 Invest,investable,NL0 18,1,1000.0,59329.069352818755,59329.06935292875
29,NL0 19 Invest,investable,NL0 19,2,421.30931852923914,48541.9658340839,48541.96583421443
29,NL0 2 Invest,investable,NL0 2,2,1000.0,48541.9658340839,48541.96583421443
29,NL0 20 Invest,investable,NL0 20,1,0.0,59329.069352818755,59329.06935292875
29,NL0 21 Invest,investable,NL0 21,1,0.0,59329.069352818755,59329.06935292875
29,NL0 22 Invest,investable,NL0 22,3,1000.0,53935.51759344085,53935.51759357159
29,NL0 23 Invest,investable,NL0 23,1,1000.0,59329.069352818755,59329.06935292875
29,NL0 24 Invest,investable,NL0 24,1,0.0,59329.069352818755,59329.06935292875
29,NL0 25 Invest,investable,NL0 25,2,0.0,48541.9658340839,48541.96583421443
29,NL0 26 Invest,investable,NL0 26,2,0.0,48541.9658340839,48541.96583421443
29,NL0 27 Invest,investable,NL0 27,1,0.0,59329.069352818755,59329.06935292875
29,NL0 28 Invest,investable,NL0 28,2,0.0,48541.9658340839,48541.96583421443
29,NL0 3 Invest,investable,NL0 3,1,1000.0,59329.069352818755,59329.06935292875
29,NL0 30 Invest,investable,NL0 30,1,1000.0,59329.069352818755,59329.06935292875
29,NL0 31 Invest,investable,NL0 31,2,0.0,48541.9658340839,48541.96583421443
29,NL0 33 Invest,investable,NL0 33,1,1000.0,59329.069352818755,59329.06935292875
29,NL0 4 Invest,investable,NL0 4,2,0.0,48541.9658340839,48541.96583421443
29,NL0 5 Invest,investable,NL0 5,3,1000.0,53935.51759344085,53935.51759357159
29,NL0 6 Invest,investable,NL0 6,3,1000.0,53935.51759344085,53935.51759357159
29,NL0 7 Invest,investable,NL0 7,3,1000.0,53935.51759344085,53935.51759357159
29,NL0 8 Invest,investable,NL0 8,1,1000.0,59329.069352818755,59329.06935292875
29,NL0 9 Invest,investable,NL0 9,3,1000.0,53935.51759344085,53935.51759357159
29,NL0 1 biomass,legacy,NL0 1,3,71.0,53935.51759344085,53935.51759344085
29,NL0 1 waste,legacy,NL0 1,3,31.0,53935.51759344085,53935.51759344085
29,NL0 10 waste,legacy,NL0 10,1,150.0,59329.069352818755,59329.069352818755
29,NL0 11 biomass,legacy,NL0 11,3,20.0,53935.51759344085,53935.51759344085
29,NL0 11 waste,legacy,NL0 11,3,50.0,53935.51759344085,53935.51759344085
29,NL0 13 biomass,legacy,NL0 13,3,77.0,53935.51759344085,53935.51759344085
29,NL0 19 biomass,legacy,NL0 19,2,49.0,48541.9658340839,48541.9658340839
29,NL0 19 waste,legacy,NL0 19,2,36.0,48541.9658340839,48541.9658340839
29,NL0 22 biomass,legacy,NL0 22,3,500.0,53935.51759344085,53935.51759344085
29,NL0 25 waste,legacy,NL0 25,2,54.0,48541.9658340839,48541.9658340839
29,NL0 27 biomass,legacy,NL0 27,1,22.0,59329.069352818755,59329.069352818755
29,NL0 27 waste,legacy,NL0 27,1,71.2,59329.069352818755,59329.069352818755
29,NL0 3 biomass,legacy,NL0 3,1,22.0,59329.069352818755,59329.069352818755
29,NL0 3 waste,legacy,NL0 3,1,108.0,59329.069352818755,59329.069352818755
29,NL0 30 biomass,legacy,NL0 30,1,60.0,59329.069352818755,59329.069352818755
29,NL0 7 nuclear,legacy,NL0 7,3,515.0,53935.51759344085,53935.51759344085
29,NL0 7 waste,legacy,NL0 7,3,39.0,53935.51759344085,53935.51759344085
29,NL0 8 biomass,legacy,NL0 8,1,36.0,59329.069352818755,59329.069352818755
29,NL0 8 waste,legacy,NL0 8,1,157.0,59329.069352818755,59329.069352818755
29,NL0 9 biomass,legacy,NL0 9,3,20.0,53935.51759344085,53935.51759344085
29,NL0 0 0 solar,legacy,NL0 0,1,0.0,59329.069352818755,59329.06935281868
29,NL0 1 0 solar,legacy,NL0 1,3,0.0,53935.51759344085,53935.517593440774
29,NL0 10 0 solar,legacy,NL0 10,1,0.0,59329.069352818755,59329.06935281868
29,NL0 11 0 solar,legacy,NL0 11,3,0.0,53935.51759344085,53935.517593440774
29,NL0 12 0 solar,legacy,NL0 12,2,0.0,48541.9658340839,48541.965834083836
29,NL0 13 0 solar,legacy,NL0 13,3,0.0,53935.51759344085,53935.517593440774
29,NL0 14 0 solar,legacy,NL0 14,2,0.0,48541.9658340839,48541.965834083836
29,NL0 15 0 solar,legacy,NL0 15,2,0.0,48541.9658340839,48541.965834083836
29,NL0 16 0 solar,legacy,NL0 16,1,0.0,59329.069352818755,59329.06935281868
29,NL0 17 0 solar,legacy,NL0 17,1,0.0,59329.069352818755,59329.06935281868
29,NL0 18 0 solar,legacy,NL0 18,1,0.0,59329.069352818755,59329.06935281868
29,NL0 19 0 solar,legacy,NL0 19,2,0.0,48541.9658340839,48541.965834083836
29,NL0 2 0 solar,legacy,NL0 2,2,0.0,48541.9658340839,48541.965834083836
29,NL0 20 0 solar,legacy,NL0 20,1,0.0,59329.069352818755,59329.06935281868
29,NL0 21 0 solar,legacy,NL0 21,1,0.0,59329.069352818755,59329.06935281868
29,NL0 22 0 solar,legacy,NL0 22,3,0.0,53935.51759344085,53935.517593440774
29,NL0 23 0 solar,legacy,NL0 23,1,0.0,59329.069352818755,59329.06935281868
29,NL0 24 0 solar,legacy,NL0 24,1,0.0,59329.069352818755,59329.06935281868
29,NL0 25 0 solar,legacy,NL0 25,2,0.0,48541.9658340839,48541.965834083836
29,NL0 26 0 solar,legacy,NL0 26,2,0.0,48541.9658340839,48541.965834083836
29,NL0 27 0 solar,legacy,NL0 27,1,0.0,59329.069352818755,59329.06935281868
29,NL0 28 0 solar,legacy,NL0 28,2,0.0,48541.9658340839,48541.965834083836
29,NL0 3 0 solar,legacy,NL0 3,1,0.0,59329.069352818755,59329.06935281868
29,NL0 30 0 solar,legacy,NL0 30,1,0.0,59329.069352818755,59329.06935281868
29,NL0 31 0 solar,legacy,NL0 31,2,0.0,48541.9658340839,48541.965834083836
29,NL0 4 0 solar,legacy,NL0 4,2,0.0,48541.9658340839,48541.965834083836
29,NL0 5 0 solar,legacy,NL0 5,3,0.0,53935.51759344085,53935.517593440774
29,NL0 6 0 solar,legacy,NL0 6,3,0.0,53935.51759344085,53935.517593440774
29,NL0 7 0 solar,legacy,NL0 7,3,0.0,53935.51759344085,53935.517593440774
29,NL0 8 0 solar,legacy,NL0 8,1,0.0,59329.069352818755,59329.06935281868
29,NL0 9 0 solar,legacy,NL0 9,3,0.0,53935.51759344085,53935.517593440774
29,NL0 20 0 offwind-ac,legacy,NL0 20,1,0.0,59329.069352818755,59329.06935281868
29,NL0 27 0 offwind-ac,legacy,NL0 27,1,0.0,59329.069352818755,59329.06935281868
29,NL0 31 0 offwind-ac,legacy,NL0 31,2,0.0,48541.9658340839,48541.965834083836
29,NL0 32 0 offwind-ac,legacy,NL0 32,1,0.0,59329.069352818755,59329.06935281868
29,NL0 7 0 offwind-ac,legacy,NL0 7,3,0.0,53935.51759344085,53935.517593440774
29,NL0 0 0 onwind,legacy,NL0 0,1,0.0,59329.069352818755,59329.06935281868
29,NL0 1 0 onwind,legacy,NL0 1,3,0.0,53935.51759344085,53935.517593440774
29,NL0 10 0 onwind,legacy,NL0 10,1,0.0,59329.069352818755,59329.06935281868
29,NL0 11 0 onwind,legacy,NL0 11,3,0.0,53935.51759344085,53935.517593440774
29,NL0 12 0 onwind,legacy,NL0 12,2,0.0,48541.9658340839,48541.965834083836
29,NL0 13 0 onwind,legacy,NL0 13,3,0.0,53935.51759344085,53935.517593440774
29,NL0 14 0 onwind,legacy,NL0 14,2,0.0,48541.9658340839,48541.965834083836
29,NL0 15 0 onwind,legacy,NL0 15,2,0.0,48541.9658340839,48541.965834083836
29,NL0 17 0 onwind,legacy,NL0 17,1,0.0,59329.069352818755,59329.06935281868
29,NL0 19 0 onwind,legacy,NL0 19,2,0.0,48541.9658340839,48541.965834083836
29,NL0 2 0 onwind,legacy,NL0 2,2,0.0,48541.9658340839,48541.965834083836
29,NL0 20 0 onwind,legacy,NL0 20,1,0.0,59329.069352818755,59329.06935281868
29,NL0 21 0 onwind,legacy,NL0 21,1,0.0,59329.069352818755,59329.06935281868
29,NL0 22 0 onwind,legacy,NL0 22,3,0.0,53935.51759344085,53935.517593440774
29,NL0 23 0 onwind,legacy,NL0 23,1,0.0,59329.069352818755,59329.06935281868
29,NL0 24 0 onwind,legacy,NL0 24,1,0.0,59329.069352818755,59329.06935281868
29,NL0 27 0 onwind,legacy,NL0 27,1,0.0,59329.069352818755,59329.06935281868
29,NL0 3 0 onwind,legacy,NL0 3,1,0.0,59329.069352818755,59329.06935281868
29,NL0 30 0 onwind,legacy,NL0 30,1,0.0,59329.069352818755,59329.06935281868
29,NL0 31 0 onwind,legacy,NL0 31,2,0.0,48541.9658340839,48541.965834083836
29,NL0 4 0 onwind,legacy,NL0 4,2,0.0,48541.9658340839,48541.965834083836
29,NL0 5 0 onwind,legacy,NL0 5,3,0.0,53935.51759344085,53935.517593440774
29,NL0 6 0 onwind,legacy,NL0 6,3,0.0,53935.51759344085,53935.517593440774
29,NL0 7 0 onwind,legacy,NL0 7,3,0.0,53935.51759344085,53935.517593440774
29,NL0 8 0 onwind,legacy,NL0 8,1,0.0,59329.069352818755,59329.06935281868
29,NL0 9 0 onwind,legacy,NL0 9,3,0.0,53935.51759344085,53935.517593440774
30,NL0 0 Invest,investable,NL0 0,1,601.5467025248663,59329.069352818755,59329.06935292875
30,NL0 1 Invest,investable,NL0 1,3,1000.0,53935.51759344085,53935.51759357159
30,NL0 10 Invest,investable,NL0 10,1,1000.0,59329.069352818755,59329.06935292875
30,NL0 11 Invest,investable,NL0 11,3,1000.0,53935.51759344085,53935.51759357159
30,NL0 12 Invest,investable,NL0 12,2,0.0,48541.9658340839,48541.96583421443
30,NL0 13 Invest,investable,NL0 13,3,1000.0,53935.51759344085,53935.51759357159
30,NL0 14 Invest,investable,NL0 14,2,421.30931852923914,48541.9658340839,48541.96583421443
30,NL0 15 Invest,investable,NL0 15,2,0.0,48541.9658340839,48541.96583421443
30,NL0 16 Invest,investable,NL0 16,1,0.0,59329.069352818755,59329.06935292875
30,NL0 17 Invest,investable,NL0 17,1,1000.0,59329.069352818755,59329.06935292875
30,NL0 18 Invest,investable,NL0 18,1,0.0,59329.069352818755,59329.06935292875
30,NL0 19 Invest,investable,NL0 19,2,0.0,48541.9658340839,48541.96583421443
30,NL0 2 Invest,investable,NL0 2,2,0.0,48541.9658340839,48541.96583421443
30,NL0 20 Invest,investable,NL0 20,1,1000.0,59329.069352818755,59329.06935292875
30,NL0 21 Invest,investable,NL0 21,1,1000.0,59329.069352818755,59329.06935292875
30,NL0 22 Invest,investable,NL0 22,3,0.0,53935.51759344085,53935.51759357159
30,NL0 23 Invest,investable,NL0 23,1,0.0,59329.069352818755,59329.06935292875
30,NL0 24 Invest,investable,NL0 24,1,1000.0,59329.069352818755,59329.06935292875
30,NL0 25 Invest,investable,NL0 25,2,0.0,48541.9658340839,48541.96583421443
30,NL0 26 Invest,investable,NL0 26,2,1000.0,48541.9658340839,48541.96583421443
30,NL0 27 Invest,investable,NL0 27,1,1000.0,59329.069352818755,59329.06935292875
30,NL0 28 Invest,investable,NL0 28,2,0.0,48541.9658340839,48541.96583421443
30,NL0 3 Invest,investable,NL0 3,1,0.0,59329.069352818755,59329.06935292875
30,NL0 30 Invest,investable,NL0 30,1,0.0,59329.069352818755,59329.06935292875
30,NL0 31 Invest,investable,NL0 31,2,0.0,48541.9658340839,48541.96583421443
30,NL0 33 Invest,investable,NL0 33,1,0.0,59329.069352818755,59329.06935292875
30,NL0 4 Invest,investable,NL0 4,2,1000.0,48541.9658340839,48541.96583421443
30,NL0 5 Invest,investable,NL0 5,3,678.1047541590287,53935.51759344085,53935.51759357159
30,NL0 6 Invest,investable,NL0 6,3,1000.0,53935.51759344085,53935.51759357159
30,NL0 7 Invest,investable,NL0 7,3,0.0,53935.51759344085,53935.51759357159
30,NL0 8 Invest,investable,NL0 8,1,0.0,59329.069352818755,59329.06935292875
30,NL0 9 Invest,investable,NL0 9,3,1000.0,53935.51759344085,53935.51759357159
30,NL0 1 biomass,legacy,NL0 1,3,71.0,53935.51759344085,53935.51759344085
30,NL0 1 waste,legacy,NL0 1,3,31.0,53935.51759344085,53935.51759344085
30,NL0 10 waste,legacy,NL0 10,1,150.0,59329.069352818755,59329.069352818755
30,NL0 11 biomass,legacy,NL0 11,3,20.0,53935.51759344085,53935.51759344085
30,NL0 11 waste,legacy,NL0 11,3,50.0,53935.51759344085,53935.51759344085
30,NL0 13 biomass,legacy,NL0 13,3,77.0,53935.51759344085,53935.51759344085
30,NL0 19 biomass,legacy,NL0 19,2,49.0,48541.9658340839,48541.9658340839
30,NL0 19 waste,legacy,NL0 19,2,36.0,48541.9658340839,48541.9658340839
30,NL0 22 biomass,legacy,NL0 22,3,500.0,53935.51759344085,53935.51759344085
30,NL0 25 waste,legacy,NL0 25,2,54.0,48541.9658340839,48541.9658340839
30,NL0 27 biomass,legacy,NL0 27,1,22.0,59329.069352818755,59329.069352818755
30,NL0 27 waste,legacy,NL0 27,1,71.2,59329.069352818755,59329.069352818755
30,NL0 3 biomass,legacy,NL0 3,1,22.0,59329.069352818755,59329.069352818755
30,NL0 3 waste,legacy,NL0 3,1,108.0,59329.069352818755,59329.069352818755
30,NL0 30 biomass,legacy,NL0 30,1,60.0,59329.069352818755,59329.069352818755
30,NL0 7 nuclear,legacy,NL0 7,3,515.0,53935.51759344085,53935.51759344085
30,NL0 7 waste,legacy,NL0 7,3,39.0,53935.51759344085,53935.51759344085
30,NL0 8 biomass,legacy,NL0 8,1,36.0,59329.069352818755,59329.069352818755
30,NL0 8 waste,legacy,NL0 8,1,157.0,59329.069352818755,59329.069352818755
30,NL0 9 biomass,legacy,NL0 9,3,20.0,53935.51759344085,53935.51759344085
30,NL0 0 0 solar,legacy,NL0 0,1,0.0,59329.069352818755,59329.06935281868
30,NL0 1 0 solar,legacy,NL0 1,3,0.0,53935.51759344085,53935.517593440774
30,NL0 10 0 solar,legacy,NL0 10,1,0.0,59329.069352818755,59329.06935281868
30,NL0 11 0 solar,legacy,NL0 11,3,0.0,53935.51759344085,53935.517593440774
30,NL0 12 0 solar,legacy,NL0 12,2,0.0,48541.9658340839,48541.965834083836
30,NL0 13 0 solar,legacy,NL0 13,3,0.0,53935.51759344085,53935.517593440774
30,NL0 14 0 solar,legacy,NL0 14,2,0.0,48541.9658340839,48541.965834083836
30,NL0 15 0 solar,legacy,NL0 15,2,0.0,48541.9658340839,48541.965834083836
30,NL0 16 0 solar,legacy,NL0 16,1,0.0,59329.069352818755,59329.06935281868
30,NL0 17 0 solar,legacy,NL0 17,1,0.0,59329.069352818755,59329.06935281868
30,NL0 18 0 solar,legacy,NL0 18,1,0.0,59329.069352818755,59329.06935281868
30,NL0 19 0 solar,legacy,NL0 19,2,0.0,48541.9658340839,48541.965834083836
30,NL0 2 0 solar,legacy,NL0 2,2,0.0,48541.9658340839,48541.965834083836
30,NL0 20 0 solar,legacy,NL0 20,1,0.0,59329.069352818755,59329.06935281868
30,NL0 21 0 solar,legacy,NL0 21,1,0.0,59329.069352818755,59329.06935281868
30,NL0 22 0 solar,legacy,NL0 22,3,0.0,53935.51759344085,53935.517593440774
30,NL0 23 0 solar,legacy,NL0 23,1,0.0,59329.069352818755,59329.06935281868
30,NL0 24 0 solar,legacy,NL0 24,1,0.0,59329.069352818755,59329.06935281868
30,NL0 25 0 solar,legacy,NL0 25,2,0.0,48541.9658340839,48541.965834083836
30,NL0 26 0 solar,legacy,NL0 26,2,0.0,48541.9658340839,48541.965834083836
30,NL0 27 0 solar,legacy,NL0 27,1,0.0,59329.069352818755,59329.06935281868
30,NL0 28 0 solar,legacy,NL0 28,2,0.0,48541.9658340839,48541.965834083836
30,NL0 3 0 solar,legacy,NL0 3,1,0.0,59329.069352818755,59329.06935281868
30,NL0 30 0 solar,legacy,NL0 30,1,0.0,59329.069352818755,59329.06935281868
30,NL0 31 0 solar,legacy,NL0 31,2,0.0,48541.9658340839,48541.965834083836
30,NL0 4 0 solar,legacy,NL0 4,2,0.0,48541.9658340839,48541.965834083836
30,NL0 5 0 solar,legacy,NL0 5,3,0.0,53935.51759344085,53935.517593440774
30,NL0 6 0 solar,legacy,NL0 6,3,0.0,53935.51759344085,53935.517593440774
30,NL0 7 0 solar,legacy,NL0 7,3,0.0,53935.51759344085,53935.517593440774
30,NL0 8 0 solar,legacy,NL0 8,1,0.0,59329.069352818755,59329.06935281868
30,NL0 9 0 solar,legacy,NL0 9,3,0.0,53935.51759344085,53935.517593440774
30,NL0 20 0 offwind-ac,legacy,NL0 20,1,0.0,59329.069352818755,59329.06935281868
30,NL0 27 0 offwind-ac,legacy,NL0 27,1,0.0,59329.069352818755,59329.06935281868
30,NL0 31 0 offwind-ac,legacy,NL0 31,2,0.0,48541.9658340839,48541.965834083836
30,NL0 32 0 offwind-ac,legacy,NL0 32,1,0.0,59329.069352818755,59329.06935281868
30,NL0 7 0 offwind-ac,legacy,NL0 7,3,0.0,53935.51759344085,53935.517593440774
30,NL0 0 0 onwind,legacy,NL0 0,1,0.0,59329.069352818755,59329.06935281868
30,NL0 1 0 onwind,legacy,NL0 1,3,0.0,53935.51759344085,53935.517593440774
30,NL0 10 0 onwind,legacy,NL0 10,1,0.0,59329.069352818755,59329.06935281868
30,NL0 11 0 onwind,legacy,NL0 11,3,0.0,53935.51759344085,53935.517593440774
30,NL0 12 0 onwind,legacy,NL0 12,2,0.0,48541.9658340839,48541.965834083836
30,NL0 13 0 onwind,legacy,NL0 13,3,0.0,53935.51759344085,53935.517593440774
30,NL0 14 0 onwind,legacy,NL0 14,2,0.0,48541.9658340839,48541.965834083836
30,NL0 15 0 onwind,legacy,NL0 15,2,0.0,48541.9658340839,48541.965834083836
30,NL0 17 0 onwind,legacy,NL0 17,1,0.0,59329.069352818755,59329.06935281868
30,NL0 19 0 onwind,legacy,NL0 19,2,0.0,48541.9658340839,48541.965834083836
30,NL0 2 0 onwind,legacy,NL0 2,2,0.0,48541.9658340839,48541.965834083836
30,NL0 20 0 onwind,legacy,NL0 20,1,0.0,59329.069352818755,59329.06935281868
30,NL0 21 0 onwind,legacy,NL0 21,1,0.0,59329.069352818755,59329.06935281868
30,NL0 22 0 onwind,legacy,NL0 22,3,0.0,53935.51759344085,53935.517593440774
30,NL0 23 0 onwind,legacy,NL0 23,1,0.0,59329.069352818755,59329.06935281868
30,NL0 24 0 onwind,legacy,NL0 24,1,0.0,59329.069352818755,59329.06935281868
30,NL0 27 0 onwind,legacy,NL0 27,1,0.0,59329.069352818755,59329.06935281868
30,NL0 3 0 onwind,legacy,NL0 3,1,0.0,59329.069352818755,59329.06935281868
30,NL0 30 0 onwind,legacy,NL0 30,1,0.0,59329.069352818755,59329.06935281868
30,NL0 31 0 onwind,legacy,NL0 31,2,0.0,48541.9658340839,48541.965834083836
30,NL0 4 0 onwind,legacy,NL0 4,2,0.0,48541.9658340839,48541.965834083836
30,NL0 5 0 onwind,legacy,NL0 5,3,0.0,53935.51759344085,53935.517593440774
30,NL0 6 0 onwind,legacy,NL0 6,3,0.0,53935.51759344085,53935.517593440774
30,NL0 7 0 onwind,legacy,NL0 7,3,0.0,53935.51759344085,53935.517593440774
30,NL0 8 0 onwind,legacy,NL0 8,1,0.0,59329.069352818755,59329.06935281868
30,NL0 9 0 onwind,legacy,NL0 9,3,0.0,53935.51759344085,53935.517593440774
31,NL0 0 Invest,investable,NL0 0,1,0.0,59329.069352818755,59329.06935292875
31,NL0 1 Invest,investable,NL0 1,3,1000.0,53935.51759344085,53935.51759357159
31,NL0 10 Invest,investable,NL0 10,1,1000.0,59329.069352818755,59329.06935292875
31,NL0 11 Invest,investable,NL0 11,3,1000.0,53935.51759344085,53935.51759357159
31,NL0 12 Invest,investable,NL0 12,2,0.0,48541.9658340839,48541.96583421443
31,NL0 13 Invest,investable,NL0 13,3,1000.0,53935.51759344085,53935.51759357159
31,NL0 14 Invest,investable,NL0 14,2,421.30931852923914,48541.9658340839,48541.96583421443
31,NL0 15 Invest,investable,NL0 15,2,0.0,48541.9658340839,48541.96583421443
31,NL0 16 Invest,investable,NL0 16,1,0.0,59329.069352818755,59329.06935292875
31,NL0 17 Invest,investable,NL0 17,1,1000.0,59329.069352818755,59329.06935292875
31,NL0 18 Invest,investable,NL0 18,1,1000.0,59329.069352818755,59329.06935292875
31,NL0 19 Invest,investable,NL0 19,2,0.0,48541.9658340839,48541.96583421443
31,NL0 2 Invest,investable,NL0 2,2,0.0,48541.9658340839,48541.96583421443
31,NL0 20 Invest,investable,NL0 20,1,601.5467025248663,59329.069352818755,59329.06935292875
31,NL0 21 Invest,investable,NL0 21,1,1000.0,59329.069352818755,59329.06935292875
31,NL0 22 Invest,investable,NL0 22,3,0.0,53935.51759344085,53935.51759357159
31,NL0 23 Invest,investable,NL0 23,1,0.0,59329.069352818755,59329.06935292875
31,NL0 24 Invest,investable,NL0 24,1,1000.0,59329.069352818755,59329.06935292875
31,NL0 25 Invest,investable,NL0 25,2,0.0,48541.9658340839,48541.96583421443
31,NL0 26 Invest,investable,NL0 26,2,1000.0,48541.9658340839,48541.96583421443
31,NL0 27 Invest,investable,NL0 27,1,1000.0,59329.069352818755,59329.06935292875
31,NL0 28 Invest,investable,NL0 28,2,0.0,48541.9658340839,48541.96583421443
31,NL0 3 Invest,investable,NL0 3,1,0.0,59329.069352818755,59329.06935292875
31,NL0 30 Invest,investable,NL0 30,1,0.0,59329.069352818755,59329.06935292875
31,NL0 31 Invest,investable,NL0 31,2,0.0,48541.9658340839,48541.96583421443
31,NL0 33 Invest,investable,NL0 33,1,0.0,59329.069352818755,59329.06935292875
31,NL0 4 Invest,investable,NL0 4,2,1000.0,48541.9658340839,48541.96583421443
31,NL0 5 Invest,investable,NL0 5,3,678.1047541590287,53935.51759344085,53935.51759357159
31,NL0 6 Invest,investable,NL0 6,3,1000.0,53935.51759344085,53935.51759357159
31,NL0 7 Invest,investable,NL0 7,3,0.0,53935.51759344085,53935.51759357159
31,NL0 8 Invest,investable,NL0 8,1,0.0,59329.069352818755,59329.06935292875
31,NL0 9 Invest,investable,NL0 9,3,1000.0,53935.51759344085,53935.51759357159
31,NL0 1 biomass,legacy,NL0 1,3,71.0,53935.51759344085,53935.51759344085
31,NL0 1 waste,legacy,NL0 1,3,31.0,53935.51759344085,53935.51759344085
31,NL0 10 waste,legacy,NL0 10,1,150.0,59329.069352818755,59329.069352818755
31,NL0 11 biomass,legacy,NL0 11,3,20.0,53935.51759344085,53935.51759344085
31,NL0 11 waste,legacy,NL0 11,3,50.0,53935.51759344085,53935.51759344085
31,NL0 13 biomass,legacy,NL0 13,3,77.0,53935.51759344085,53935.51759344085
31,NL0 19 biomass,legacy,NL0 19,2,49.0,48541.9658340839,48541.9658340839
31,NL0 19 waste,legacy,NL0 19,2,36.0,48541.9658340839,48541.9658340839
31,NL0 22 biomass,legacy,NL0 22,3,500.0,53935.51759344085,53935.51759344085
31,NL0 25 waste,legacy,NL0 25,2,54.0,48541.9658340839,48541.9658340839
31,NL0 27 biomass,legacy,NL0 27,1,22.0,59329.069352818755,59329.069352818755
31,NL0 27 waste,legacy,NL0 27,1,71.2,59329.069352818755,59329.069352818755
31,NL0 3 biomass,legacy,NL0 3,1,22.0,59329.069352818755,59329.069352818755
31,NL0 3 waste,legacy,NL0 3,1,108.0,59329.069352818755,59329.069352818755
31,NL0 30 biomass,legacy,NL0 30,1,60.0,59329.069352818755,59329.069352818755
31,NL0 7 nuclear,legacy,NL0 7,3,515.0,53935.51759344085,53935.51759344085
31,NL0 7 waste,legacy,NL0 7,3,39.0,53935.51759344085,53935.51759344085
31,NL0 8 biomass,legacy,NL0 8,1,36.0,59329.069352818755,59329.069352818755
31,NL0 8 waste,legacy,NL0 8,1,157.0,59329.069352818755,59329.069352818755
31,NL0 9 biomass,legacy,NL0 9,3,20.0,53935.51759344085,53935.51759344085
31,NL0 0 0 solar,legacy,NL0 0,1,0.0,59329.069352818755,59329.06935281868
31,NL0 1 0 solar,legacy,NL0 1,3,0.0,53935.51759344085,53935.517593440774
31,NL0 10 0 solar,legacy,NL0 10,1,0.0,59329.069352818755,59329.06935281868
31,NL0 11 0 solar,legacy,NL0 11,3,0.0,53935.51759344085,53935.517593440774
31,NL0 12 0 solar,legacy,NL0 12,2,0.0,48541.9658340839,48541.965834083836
31,NL0 13 0 solar,legacy,NL0 13,3,0.0,53935.51759344085,53935.517593440774
31,NL0 14 0 solar,legacy,NL0 14,2,0.0,48541.9658340839,48541.965834083836
31,NL0 15 0 solar,legacy,NL0 15,2,0.0,48541.9658340839,48541.965834083836
31,NL0 16 0 solar,legacy,NL0 16,1,0.0,59329.069352818755,59329.06935281868
31,NL0 17 0 solar,legacy,NL0 17,1,0.0,59329.069352818755,59329.06935281868
31,NL0 18 0 solar,legacy,NL0 18,1,0.0,59329.069352818755,59329.06935281868
31,NL0 19 0 solar,legacy,NL0 19,2,0.0,48541.9658340839,48541.965834083836
31,NL0 2 0 solar,legacy,NL0 2,2,0.0,48541.9658340839,48541.965834083836
31,NL0 20 0 solar,legacy,NL0 20,1,0.0,59329.069352818755,59329.06935281868
31,NL0 21 0 solar,legacy,NL0 21,1,0.0,59329.069352818755,59329.06935281868
31,NL0 22 0 solar,legacy,NL0 22,3,0.0,53935.51759344085,53935.517593440774
31,NL0 23 0 solar,legacy,NL0 23,1,0.0,59329.069352818755,59329.06935281868
31,NL0 24 0 solar,legacy,NL0 24,1,0.0,59329.069352818755,59329.06935281868
31,NL0 25 0 solar,legacy,NL0 25,2,0.0,48541.9658340839,48541.965834083836
31,NL0 26 0 solar,legacy,NL0 26,2,0.0,48541.9658340839,48541.965834083836
31,NL0 27 0 solar,legacy,NL0 27,1,0.0,59329.069352818755,59329.06935281868
31,NL0 28 0 solar,legacy,NL0 28,2,0.0,48541.9658340839,48541.965834083836
31,NL0 3 0 solar,legacy,NL0 3,1,0.0,59329.069352818755,59329.06935281868
31,NL0 30 0 solar,legacy,NL0 30,1,0.0,59329.069352818755,59329.06935281868
31,NL0 31 0 solar,legacy,NL0 31,2,0.0,48541.9658340839,48541.965834083836
31,NL0 4 0 solar,legacy,NL0 4,2,0.0,48541.9658340839,48541.965834083836
31,NL0 5 0 solar,legacy,NL0 5,3,0.0,53935.51759344085,53935.517593440774
31,NL0 6 0 solar,legacy,NL0 6,3,0.0,53935.51759344085,53935.517593440774
31,NL0 7 0 solar,legacy,NL0 7,3,0.0,53935.51759344085,53935.517593440774
31,NL0 8 0 solar,legacy,NL0 8,1,0.0,59329.069352818755,59329.06935281868
31,NL0 9 0 solar,legacy,NL0 9,3,0.0,53935.51759344085,53935.517593440774
31,NL0 20 0 offwind-ac,legacy,NL0 20,1,0.0,59329.069352818755,59329.06935281868
31,NL0 27 0 offwind-ac,legacy,NL0 27,1,0.0,59329.069352818755,59329.06935281868
31,NL0 31 0 offwind-ac,legacy,NL0 31,2,0.0,48541.9658340839,48541.965834083836
31,NL0 32 0 offwind-ac,legacy,NL0 32,1,0.0,59329.069352818755,59329.06935281868
31,NL0 7 0 offwind-ac,legacy,NL0 7,3,0.0,53935.51759344085,53935.517593440774
31,NL0 0 0 onwind,legacy,NL0 0,1,0.0,59329.069352818755,59329.06935281868
31,NL0 1 0 onwind,legacy,NL0 1,3,0.0,53935.51759344085,53935.517593440774
31,NL0 10 0 onwind,legacy,NL0 10,1,0.0,59329.069352818755,59329.06935281868
31,NL0 11 0 onwind,legacy,NL0 11,3,0.0,53935.51759344085,53935.517593440774
31,NL0 12 0 onwind,legacy,NL0 12,2,0.0,48541.9658340839,48541.965834083836
31,NL0 13 0 onwind,legacy,NL0 13,3,0.0,53935.51759344085,53935.517593440774
31,NL0 14 0 onwind,legacy,NL0 14,2,0.0,48541.9658340839,48541.965834083836
31,NL0 15 0 onwind,legacy,NL0 15,2,0.0,48541.9658340839,48541.965834083836
31,NL0 17 0 onwind,legacy,NL0 17,1,0.0,59329.069352818755,59329.06935281868
31,NL0 19 0 onwind,legacy,NL0 19,2,0.0,48541.9658340839,48541.965834083836
31,NL0 2 0 onwind,legacy,NL0 2,2,0.0,48541.9658340839,48541.965834083836
31,NL0 20 0 onwind,legacy,NL0 20,1,0.0,59329.069352818755,59329.06935281868
31,NL0 21 0 onwind,legacy,NL0 21,1,0.0,59329.069352818755,59329.06935281868
31,NL0 22 0 onwind,legacy,NL0 22,3,0.0,53935.51759344085,53935.517593440774
31,NL0 23 0 onwind,legacy,NL0 23,1,0.0,59329.069352818755,59329.06935281868
31,NL0 24 0 onwind,legacy,NL0 24,1,0.0,59329.069352818755,59329.06935281868
31,NL0 27 0 onwind,legacy,NL0 27,1,0.0,59329.069352818755,59329.06935281868
31,NL0 3 0 onwind,legacy,NL0 3,1,0.0,59329.069352818755,59329.06935281868
31,NL0 30 0 onwind,legacy,NL0 30,1,0.0,59329.069352818755,59329.06935281868
31,NL0 31 0 onwind,legacy,NL0 31,2,0.0,48541.9658340839,48541.965834083836
31,NL0 4 0 onwind,legacy,NL0 4,2,0.0,48541.9658340839,48541.965834083836
31,NL0 5 0 onwind,legacy,NL0 5,3,0.0,53935.51759344085,53935.517593440774
31,NL0 6 0 onwind,legacy,NL0 6,3,0.0,53935.51759344085,53935.517593440774
31,NL0 7 0 onwind,legacy,NL0 7,3,0.0,53935.51759344085,53935.517593440774
31,NL0 8 0 onwind,legacy,NL0 8,1,0.0,59329.069352818755,59329.06935281868
31,NL0 9 0 onwind,legacy,NL0 9,3,0.0,53935.51759344085,53935.517593440774
32,NL0 0 Invest,investable,NL0 0,1,601.5467025248663,59329.069352818755,59329.06935292875
32,NL0 1 Invest,investable,NL0 1,3,0.0,53935.51759344085,53935.51759357159
32,NL0 10 Invest,investable,NL0 10,1,0.0,59329.069352818755,59329.06935292875
32,NL0 11 Invest,investable,NL0 11,3,0.0,53935.51759344085,53935.51759357159
32,NL0 12 Invest,investable,NL0 12,2,0.0,48541.9658340839,48541.96583421443
32,NL0 13 Invest,investable,NL0 13,3,678.1047541590287,53935.51759344085,53935.51759357159
32,NL0 14 Invest,investable,NL0 14,2,0.0,48541.9658340839,48541.96583421443
32,NL0 15 Invest,investable,NL0 15,2,1000.0,48541.9658340839,48541.96583421443
32,NL0 16 Invest,investable,NL0 16,1,1000.0,59329.069352818755,59329.06935292875
32,NL0 17 Invest,investable,NL0 17,1,0.0,59329.069352818755,59329.06935292875
32,NL0 18 Invest,investable,NL0 18,1,0.0,59329.069352818755,59329.06935292875
32,NL0 19 Invest,investable,NL0 19,2,421.30931852923914,48541.9658340839,48541.96583421443
32,NL0 2 Invest,investable,NL0 2,2,1000.0,48541.9658340839,48541.96583421443
32,NL0 20 Invest,investable,NL0 20,1,0.0,59329.069352818755,59329.06935292875
32,NL0 21 Invest,investable,NL0 21,1,0.0,59329.069352818755,59329.06935292875
32,NL0 22 Invest,investable,NL0 22,3,1000.0,53935.51759344085,53935.51759357159
32,NL0 23 Invest,investable,NL0 23,1,1000.0,59329.069352818755,59329.06935292875
32,NL0 24 Invest,investable,NL0 24,1,0.0,59329.069352818755,59329.06935292875
32,NL0 25 Invest,investable,NL0 25,2,0.0,48541.9658340839,48541.96583421443
32,NL0 26 Invest,investable,NL0 26,2,0.0,48541.9658340839,48541.96583421443
32,NL0 27 Invest,investable,NL0 27,1,0.0,59329.069352818755,59329.06935292875
32,NL0 28 Invest,investable,NL0 28,2,0.0,48541.9658340839,48541.96583421443
32,NL0 3 Invest,investable,NL0 3,1,1000.0,59329.069352818755,59329.06935292875
32,NL0 30 Invest,investable,NL0 30,1,1000.0,59329.069352818755,59329.06935292875
32,NL0 31 Invest,investable,NL0 31,2,0.0,48541.9658340839,48541.96583421443
32,NL0 33 Invest,investable,NL0 33,1,1000.0,59329.069352818755,59329.06935292875
32,NL0 4 Invest,investable,NL0 4,2,0.0,48541.9658340839,48541.96583421443
32,NL0 5 Invest,investable,NL0 5,3,1000.0,53935.51759344085,53935.51759357159
32,NL0 6 Invest,investable,NL0 6,3,1000.0,53935.51759344085,53935.51759357159
32,NL0 7 Invest,investable,NL0 7,3,1000.0,53935.51759344085,53935.51759357159
32,NL0 8 Invest,investable,NL0 8,1,1000.0,59329.069352818755,59329.06935292875
32,NL0 9 Invest,investable,NL0 9,3,1000.0,53935.51759344085,53935.51759357159
32,NL0 1 biomass,legacy,NL0 1,3,71.0,53935.51759344085,53935.51759344085
32,NL0 1 waste,legacy,NL0 1,3,31.0,53935.51759344085,53935.51759344085
32,NL0 10 waste,legacy,NL0 10,1,150.0,59329.069352818755,59329.069352818755
32,NL0 11 biomass,legacy,NL0 11,3,20.0,53935.51759344085,53935.51759344085
32,NL0 11 waste,legacy,NL0 11,3,50.0,53935.51759344085,53935.51759344085
32,NL0 13 biomass,legacy,NL0 13,3,77.0,53935.51759344085,53935.51759344085
32,NL0 19 biomass,legacy,NL0 19,2,49.0,48541.9658340839,48541.9658340839
32,NL0 19 waste,legacy,NL0 19,2,36.0,48541.9658340839,48541.9658340839
32,NL0 22 biomass,legacy,NL0 22,3,500.0,53935.51759344085,53935.51759344085
32,NL0 25 waste,legacy,NL0 25,2,54.0,48541.9658340839,48541.9658340839
32,NL0 27 biomass,legacy,NL0 27,1,22.0,59329.069352818755,59329.069352818755
32,NL0 27 waste,legacy,NL0 27,1,71.2,59329.069352818755,59329.069352818755
32,NL0 3 biomass,legacy,NL0 3,1,22.0,59329.069352818755,59329.069352818755
32,NL0 3 waste,legacy,NL0 3,1,108.0,59329.069352818755,59329.069352818755
32,NL0 30 biomass,legacy,NL0 30,1,60.0,59329.069352818755,59329.069352818755
32,NL0 7 nuclear,legacy,NL0 7,3,515.0,53935.51759344085,53935.51759344085
32,NL0 7 waste,legacy,NL0 7,3,39.0,53935.51759344085,53935.51759344085
32,NL0 8 biomass,legacy,NL0 8,1,36.0,59329.069352818755,59329.069352818755
32,NL0 8 waste,legacy,NL0 8,1,157.0,59329.069352818755,59329.069352818755
32,NL0 9 biomass,legacy,NL0 9,3,20.0,53935.51759344085,53935.51759344085
32,NL0 0 0 solar,legacy,NL0 0,1,0.0,59329.069352818755,59329.06935281868
32,NL0 1 0 solar,legacy,NL0 1,3,0.0,53935.51759344085,53935.517593440774
32,NL0 10 0 solar,legacy,NL0 10,1,0.0,59329.069352818755,59329.06935281868
32,NL0 11 0 solar,legacy,NL0 11,3,0.0,53935.51759344085,53935.517593440774
32,NL0 12 0 solar,legacy,NL0 12,2,0.0,48541.9658340839,48541.965834083836
32,NL0 13 0 solar,legacy,NL0 13,3,0.0,53935.51759344085,53935.517593440774
32,NL0 14 0 solar,legacy,NL0 14,2,0.0,48541.9658340839,48541.965834083836
32,NL0 15 0 solar,legacy,NL0 15,2,0.0,48541.9658340839,48541.965834083836
32,NL0 16 0 solar,legacy,NL0 16,1,0.0,59329.069352818755,59329.06935281868
32,NL0 17 0 solar,legacy,NL0 17,1,0.0,59329.069352818755,59329.06935281868
32,NL0 18 0 solar,legacy,NL0 18,1,0.0,59329.069352818755,59329.06935281868
32,NL0 19 0 solar,legacy,NL0 19,2,0.0,48541.9658340839,48541.965834083836
32,NL0 2 0 solar,legacy,NL0 2,2,0.0,48541.9658340839,48541.965834083836
32,NL0 20 0 solar,legacy,NL0 20,1,0.0,59329.069352818755,59329.06935281868
32,NL0 21 0 solar,legacy,NL0 21,1,0.0,59329.069352818755,59329.06935281868
32,NL0 22 0 solar,legacy,NL0 22,3,0.0,53935.51759344085,53935.517593440774
32,NL0 23 0 solar,legacy,NL0 23,1,0.0,59329.069352818755,59329.06935281868
32,NL0 24 0 solar,legacy,NL0 24,1,0.0,59329.069352818755,59329.06935281868
32,NL0 25 0 solar,legacy,NL0 25,2,0.0,48541.9658340839,48541.965834083836
32,NL0 26 0 solar,legacy,NL0 26,2,0.0,48541.9658340839,48541.965834083836
32,NL0 27 0 solar,legacy,NL0 27,1,0.0,59329.069352818755,59329.06935281868
32,NL0 28 0 solar,legacy,NL0 28,2,0.0,48541.9658340839,48541.965834083836
32,NL0 3 0 solar,legacy,NL0 3,1,0.0,59329.069352818755,59329.06935281868
32,NL0 30 0 solar,legacy,NL0 30,1,0.0,59329.069352818755,59329.06935281868
32,NL0 31 0 solar,legacy,NL0 31,2,0.0,48541.9658340839,48541.965834083836
32,NL0 4 0 solar,legacy,NL0 4,2,0.0,48541.9658340839,48541.965834083836
32,NL0 5 0 solar,legacy,NL0 5,3,0.0,53935.51759344085,53935.517593440774
32,NL0 6 0 solar,legacy,NL0 6,3,0.0,53935.51759344085,53935.517593440774
32,NL0 7 0 solar,legacy,NL0 7,3,0.0,53935.51759344085,53935.517593440774
32,NL0 8 0 solar,legacy,NL0 8,1,0.0,59329.069352818755,59329.06935281868
32,NL0 9 0 solar,legacy,NL0 9,3,0.0,53935.51759344085,53935.517593440774
32,NL0 20 0 offwind-ac,legacy,NL0 20,1,0.0,59329.069352818755,59329.06935281868
32,NL0 27 0 offwind-ac,legacy,NL0 27,1,0.0,59329.069352818755,59329.06935281868
32,NL0 31 0 offwind-ac,legacy,NL0 31,2,0.0,48541.9658340839,48541.965834083836
32,NL0 32 0 offwind-ac,legacy,NL0 32,1,0.0,59329.069352818755,59329.06935281868
32,NL0 7 0 offwind-ac,legacy,NL0 7,3,0.0,53935.51759344085,53935.517593440774
32,NL0 0 0 onwind,legacy,NL0 0,1,0.0,59329.069352818755,59329.06935281868
32,NL0 1 0 onwind,legacy,NL0 1,3,0.0,53935.51759344085,53935.517593440774
32,NL0 10 0 onwind,legacy,NL0 10,1,0.0,59329.069352818755,59329.06935281868
32,NL0 11 0 onwind,legacy,NL0 11,3,0.0,53935.51759344085,53935.517593440774
32,NL0 12 0 onwind,legacy,NL0 12,2,0.0,48541.9658340839,48541.965834083836
32,NL0 13 0 onwind,legacy,NL0 13,3,0.0,53935.51759344085,53935.517593440774
32,NL0 14 0 onwind,legacy,NL0 14,2,0.0,48541.9658340839,48541.965834083836
32,NL0 15 0 onwind,legacy,NL0 15,2,0.0,48541.9658340839,48541.965834083836
32,NL0 17 0 onwind,legacy,NL0 17,1,0.0,59329.069352818755,59329.06935281868
32,NL0 19 0 onwind,legacy,NL0 19,2,0.0,48541.9658340839,48541.965834083836
32,NL0 2 0 onwind,legacy,NL0 2,2,0.0,48541.9658340839,48541.965834083836
32,NL0 20 0 onwind,legacy,NL0 20,1,0.0,59329.069352818755,59329.06935281868
32,NL0 21 0 onwind,legacy,NL0 21,1,0.0,59329.069352818755,59329.06935281868
32,NL0 22 0 onwind,legacy,NL0 22,3,0.0,53935.51759344085,53935.517593440774
32,NL0 23 0 onwind,legacy,NL0 23,1,0.0,59329.069352818755,59329.06935281868
32,NL0 24 0 onwind,legacy,NL0 24,1,0.0,59329.069352818755,59329.06935281868
32,NL0 27 0 onwind,legacy,NL0 27,1,0.0,59329.069352818755,59329.06935281868
32,NL0 3 0 onwind,legacy,NL0 3,1,0.0,59329.069352818755,59329.06935281868
32,NL0 30 0 onwind,legacy,NL0 30,1,0.0,59329.069352818755,59329.06935281868
32,NL0 31 0 onwind,legacy,NL0 31,2,0.0,48541.9658340839,48541.965834083836
32,NL0 4 0 onwind,legacy,NL0 4,2,0.0,48541.9658340839,48541.965834083836
32,NL0 5 0 onwind,legacy,NL0 5,3,0.0,53935.51759344085,53935.517593440774
32,NL0 6 0 onwind,legacy,NL0 6,3,0.0,53935.51759344085,53935.517593440774
32,NL0 7 0 onwind,legacy,NL0 7,3,0.0,53935.51759344085,53935.517593440774
32,NL0 8 0 onwind,legacy,NL0 8,1,0.0,59329.069352818755,59329.06935281868
32,NL0 9 0 onwind,legacy,NL0 9,3,0.0,53935.51759344085,53935.517593440774
33,NL0 0 Invest,investable,NL0 0,1,1000.0,59329.069352818755,59329.06935292875
33,NL0 1 Invest,investable,NL0 1,3,0.0,53935.51759344085,53935.51759357159
33,NL0 10 Invest,investable,NL0 10,1,1000.0,59329.069352818755,59329.06935292875
33,NL0 11 Invest,investable,NL0 11,3,0.0,53935.51759344085,53935.51759357159
33,NL0 12 Invest,investable,NL0 12,2,421.30931852923914,48541.9658340839,48541.96583421443
33,NL0 13 Invest,investable,NL0 13,3,678.1047541590287,53935.51759344085,53935.51759357159
33,NL0 14 Invest,investable,NL0 14,2,0.0,48541.9658340839,48541.96583421443
33,NL0 15 Invest,investable,NL0 15,2,0.0,48541.9658340839,48541.96583421443
33,NL0 16 Invest,investable,NL0 16,1,0.0,59329.069352818755,59329.06935292875
33,NL0 17 Invest,investable,NL0 17,1,1000.0,59329.069352818755,59329.06935292875
33,NL0 18 Invest,investable,NL0 18,1,0.0,59329.069352818755,59329.06935292875
33,NL0 19 Invest,investable,NL0 19,2,1000.0,48541.9658340839,48541.96583421443
33,NL0 2 Invest,investable,NL0 2,2,0.0,48541.9658340839,48541.96583421443
33,NL0 20 Invest,investable,NL0 20,1,1000.0,59329.069352818755,59329.06935292875
33,NL0 21 Invest,investable,NL0 21,1,601.5467025248663,59329.069352818755,59329.06935292875
33,NL0 22 Invest,investable,NL0 22,3,1000.0,53935.51759344085,53935.51759357159
33,NL0 23 Invest,investable,NL0 23,1,0.0,59329.069352818755,59329.06935292875
33,NL0 24 Invest,investable,NL0 24,1,1000.0,59329.069352818755,59329.06935292875
33,NL0 25 Invest,investable,NL0 25,2,0.0,48541.9658340839,48541.96583421443
33,NL0 26 Invest,investable,NL0 26,2,0.0,48541.9658340839,48541.96583421443
33,NL0 27 Invest,investable,NL0 27,1,1000.0,59329.069352818755,59329.06935292875
33,NL0 28 Invest,investable,NL0 28,2,0.0,48541.9658340839,48541.96583421443
33,NL0 3 Invest,investable,NL0 3,1,0.0,59329.069352818755,59329.06935292875
33,NL0 30 Invest,investable,NL0 30,1,0.0,59329.069352818755,59329.06935292875
33,NL0 31 Invest,investable,NL0 31,2,1000.0,48541.9658340839,48541.96583421443
33,NL0 33 Invest,investable,NL0 33,1,0.0,59329.069352818755,59329.06935292875
33,NL0 4 Invest,investable,NL0 4,2,0.0,48541.9658340839,48541.96583421443
33,NL0 5 Invest,investable,NL0 5,3,1000.0,53935.51759344085,53935.51759357159
33,NL0 6 Invest,investable,NL0 6,3,1000.0,53935.51759344085,53935.51759357159
33,NL0 7 Invest,investable,NL0 7,3,1000.0,53935.51759344085,53935.51759357159
33,NL0 8 Invest,investable,NL0 8,1,0.0,59329.069352818755,59329.06935292875
33,NL0 9 Invest,investable,NL0 9,3,1000.0,53935.51759344085,53935.51759357159
33,NL0 1 biomass,legacy,NL0 1,3,71.0,53935.51759344085,53935.51759344085
33,NL0 1 waste,legacy,NL0 1,3,31.0,53935.51759344085,53935.51759344085
33,NL0 10 waste,legacy,NL0 10,1,150.0,59329.069352818755,59329.069352818755
33,NL0 11 biomass,legacy,NL0 11,3,20.0,53935.51759344085,53935.51759344085
33,NL0 11 waste,legacy,NL0 11,3,50.0,53935.51759344085,53935.51759344085
33,NL0 13 biomass,legacy,NL0 13,3,77.0,53935.51759344085,53935.51759344085
33,NL0 19 biomass,legacy,NL0 19,2,49.0,48541.9658340839,48541.9658340839
33,NL0 19 waste,legacy,NL0 19,2,36.0,48541.9658340839,48541.9658340839
33,NL0 22 biomass,legacy,NL0 22,3,500.0,53935.51759344085,53935.51759344085
33,NL0 25 waste,legacy,NL0 25,2,54.0,48541.9658340839,48541.9658340839
33,NL0 27 biomass,legacy,NL0 27,1,22.0,59329.069352818755,59329.069352818755
33,NL0 27 waste,legacy,NL0 27,1,71.2,59329.069352818755,59329.069352818755
33,NL0 3 biomass,legacy,NL0 3,1,22.0,59329.069352818755,59329.069352818755
33,NL0 3 waste,legacy,NL0 3,1,108.0,59329.069352818755,59329.069352818755
33,NL0 30 biomass,legacy,NL0 30,1,60.0,59329.069352818755,59329.069352818755
33,NL0 7 nuclear,legacy,NL0 7,3,515.0,53935.51759344085,53935.51759344085
33,NL0 7 waste,legacy,NL0 7,3,39.0,53935.51759344085,53935.51759344085
33,NL0 8 biomass,legacy,NL0 8,1,36.0,59329.069352818755,59329.069352818755
33,NL0 8 waste,legacy,NL0 8,1,157.0,59329.069352818755,59329.069352818755
33,NL0 9 biomass,legacy,NL0 9,3,20.0,53935.51759344085,53935.51759344085
33,NL0 0 0 solar,legacy,NL0 0,1,0.0,59329.069352818755,59329.06935281868
33,NL0 1 0 solar,legacy,NL0 1,3,0.0,53935.51759344085,53935.517593440774
33,NL0 10 0 solar,legacy,NL0 10,1,0.0,59329.069352818755,59329.06935281868
33,NL0 11 0 solar,legacy,NL0 11,3,0.0,53935.51759344085,53935.517593440774
33,NL0 12 0 solar,legacy,NL0 12,2,0.0,48541.9658340839,48541.965834083836
33,NL0 13 0 solar,legacy,NL0 13,3,0.0,53935.51759344085,53935.517593440774
33,NL0 14 0 solar,legacy,NL0 14,2,0.0,48541.9658340839,48541.965834083836
33,NL0 15 0 solar,legacy,NL0 15,2,0.0,48541.9658340839,48541.965834083836
33,NL0 16 0 solar,legacy,NL0 16,1,0.0,59329.069352818755,59329.06935281868
33,NL0 17 0 solar,legacy,NL0 17,1,0.0,59329.069352818755,59329.06935281868
33,NL0 18 0 solar,legacy,NL0 18,1,0.0,59329.069352818755,59329.06935281868
33,NL0 19 0 solar,legacy,NL0 19,2,0.0,48541.9658340839,48541.965834083836
33,NL0 2 0 solar,legacy,NL0 2,2,0.0,48541.9658340839,48541.965834083836
33,NL0 20 0 solar,legacy,NL0 20,1,0.0,59329.069352818755,59329.06935281868
33,NL0 21 0 solar,legacy,NL0 21,1,0.0,59329.069352818755,59329.06935281868
33,NL0 22 0 solar,legacy,NL0 22,3,0.0,53935.51759344085,53935.517593440774
33,NL0 23 0 solar,legacy,NL0 23,1,0.0,59329.069352818755,59329.06935281868
33,NL0 24 0 solar,legacy,NL0 24,1,0.0,59329.069352818755,59329.06935281868
33,NL0 25 0 solar,legacy,NL0 25,2,0.0,48541.9658340839,48541.965834083836
33,NL0 26 0 solar,legacy,NL0 26,2,0.0,48541.9658340839,48541.965834083836
33,NL0 27 0 solar,legacy,NL0 27,1,0.0,59329.069352818755,59329.06935281868
33,NL0 28 0 solar,legacy,NL0 28,2,0.0,48541.9658340839,48541.965834083836
33,NL0 3 0 solar,legacy,NL0 3,1,0.0,59329.069352818755,59329.06935281868
33,NL0 30 0 solar,legacy,NL0 30,1,0.0,59329.069352818755,59329.06935281868
33,NL0 31 0 solar,legacy,NL0 31,2,0.0,48541.9658340839,48541.965834083836
33,NL0 4 0 solar,legacy,NL0 4,2,0.0,48541.9658340839,48541.965834083836
33,NL0 5 0 solar,legacy,NL0 5,3,0.0,53935.51759344085,53935.517593440774
33,NL0 6 0 solar,legacy,NL0 6,3,0.0,53935.51759344085,53935.517593440774
33,NL0 7 0 solar,legacy,NL0 7,3,0.0,53935.51759344085,53935.517593440774
33,NL0 8 0 solar,legacy,NL0 8,1,0.0,59329.069352818755,59329.06935281868
33,NL0 9 0 solar,legacy,NL0 9,3,0.0,53935.51759344085,53935.517593440774
33,NL0 20 0 offwind-ac,legacy,NL0 20,1,0.0,59329.069352818755,59329.06935281868
33,NL0 27 0 offwind-ac,legacy,NL0 27,1,0.0,59329.069352818755,59329.06935281868
33,NL0 31 0 offwind-ac,legacy,NL0 31,2,0.0,48541.9658340839,48541.965834083836
33,NL0 32 0 offwind-ac,legacy,NL0 32,1,0.0,59329.069352818755,59329.06935281868
33,NL0 7 0 offwind-ac,legacy,NL0 7,3,0.0,53935.51759344085,53935.517593440774
33,NL0 0 0 onwind,legacy,NL0 0,1,0.0,59329.069352818755,59329.06935281868
33,NL0 1 0 onwind,legacy,NL0 1,3,0.0,53935.51759344085,53935.517593440774
33,NL0 10 0 onwind,legacy,NL0 10,1,0.0,59329.069352818755,59329.06935281868
33,NL0 11 0 onwind,legacy,NL0 11,3,0.0,53935.51759344085,53935.517593440774
33,NL0 12 0 onwind,legacy,NL0 12,2,0.0,48541.9658340839,48541.965834083836
33,NL0 13 0 onwind,legacy,NL0 13,3,0.0,53935.51759344085,53935.517593440774
33,NL0 14 0 onwind,legacy,NL0 14,2,0.0,48541.9658340839,48541.965834083836
33,NL0 15 0 onwind,legacy,NL0 15,2,0.0,48541.9658340839,48541.965834083836
33,NL0 17 0 onwind,legacy,NL0 17,1,0.0,59329.069352818755,59329.06935281868
33,NL0 19 0 onwind,legacy,NL0 19,2,0.0,48541.9658340839,48541.965834083836
33,NL0 2 0 onwind,legacy,NL0 2,2,0.0,48541.9658340839,48541.965834083836
33,NL0 20 0 onwind,legacy,NL0 20,1,0.0,59329.069352818755,59329.06935281868
33,NL0 21 0 onwind,legacy,NL0 21,1,0.0,59329.069352818755,59329.06935281868
33,NL0 22 0 onwind,legacy,NL0 22,3,0.0,53935.51759344085,53935.517593440774
33,NL0 23 0 onwind,legacy,NL0 23,1,0.0,59329.069352818755,59329.06935281868
33,NL0 24 0 onwind,legacy,NL0 24,1,0.0,59329.069352818755,59329.06935281868
33,NL0 27 0 onwind,legacy,NL0 27,1,0.0,59329.069352818755,59329.06935281868
33,NL0 3 0 onwind,legacy,NL0 3,1,0.0,59329.069352818755,59329.06935281868
33,NL0 30 0 onwind,legacy,NL0 30,1,0.0,59329.069352818755,59329.06935281868
33,NL0 31 0 onwind,legacy,NL0 31,2,0.0,48541.9658340839,48541.965834083836
33,NL0 4 0 onwind,legacy,NL0 4,2,0.0,48541.9658340839,48541.965834083836
33,NL0 5 0 onwind,legacy,NL0 5,3,0.0,53935.51759344085,53935.517593440774
33,NL0 6 0 onwind,legacy,NL0 6,3,0.0,53935.51759344085,53935.517593440774
33,NL0 7 0 onwind,legacy,NL0 7,3,0.0,53935.51759344085,53935.517593440774
33,NL0 8 0 onwind,legacy,NL0 8,1,0.0,59329.069352818755,59329.06935281868
33,NL0 9 0 onwind,legacy,NL0 9,3,0.0,53935.51759344085,53935.517593440774
34,NL0 0 Invest,investable,NL0 0,1,0.0,59329.069352818755,59329.06935292875
34,NL0 1 Invest,investable,NL0 1,3,1000.0,53935.51759344085,53935.51759357159
34,NL0 10 Invest,investable,NL0 10,1,0.0,59329.069352818755,59329.06935292875
34,NL0 11 Invest,investable,NL0 11,3,1000.0,53935.51759344085,53935.51759357159
34,NL0 12 Invest,investable,NL0 12,2,0.0,48541.9658340839,48541.96583421443
34,NL0 13 Invest,investable,NL0 13,3,1000.0,53935.51759344085,53935.51759357159
34,NL0 14 Invest,investable,NL0 14,2,0.0,48541.9658340839,48541.96583421443
34,NL0 15 Invest,investable,NL0 15,2,1000.0,48541.9658340839,48541.96583421443
34,NL0 16 Invest,investable,NL0 16,1,1000.0,59329.069352818755,59329.06935292875
34,NL0 17 Invest,investable,NL0 17,1,0.0,59329.069352818755,59329.06935292875
34,NL0 18 Invest,investable,NL0 18,1,601.5467025248663,59329.069352818755,59329.06935292875
34,NL0 19 Invest,investable,NL0 19,2,0.0,48541.9658340839,48541.96583421443
34,NL0 2 Invest,investable,NL0 2,2,1000.0,48541.9658340839,48541.96583421443
34,NL0 20 Invest,investable,NL0 20,1,0.0,59329.069352818755,59329.06935292875
34,NL0 21 Invest,investable,NL0 21,1,0.0,59329.069352818755,59329.06935292875
34,NL0 22 Invest,investable,NL0 22,3,0.0,53935.51759344085,53935.51759357159
34,NL0 23 Invest,investable,NL0 23,1,1000.0,59329.069352818755,59329.06935292875
34,NL0 24 Invest,investable,NL0 24,1,0.0,59329.069352818755,59329.06935292875
34,NL0 25 Invest,investable,NL0 25,2,0.0,48541.9658340839,48541.96583421443
34,NL0 26 Invest,investable,NL0 26,2,0.0,48541.9658340839,48541.96583421443
34,NL0 27 Invest,investable,NL0 27,1,0.0,59329.069352818755,59329.06935292875
34,NL0 28 Invest,investable,NL0 28,2,0.0,48541.9658340839,48541.96583421443
34,NL0 3 Invest,investable,NL0 3,1,1000.0,59329.069352818755,59329.06935292875
34,NL0 30 Invest,investable,NL0 30,1,1000.0,59329.069352818755,59329.06935292875
34,NL0 31 Invest,investable,NL0 31,2,0.0,48541.9658340839,48541.96583421443
34,NL0 33 Invest,investable,NL0 33,1,1000.0,59329.069352818755,59329.06935292875
34,NL0 4 Invest,investable,NL0 4,2,421.30931852923914,48541.9658340839,48541.96583421443
34,NL0 5 Invest,investable,NL0 5,3,678.1047541590287,53935.51759344085,53935.51759357159
34,NL0 6 Invest,investable,NL0 6,3,1000.0,53935.51759344085,53935.51759357159
34,NL0 7 Invest,investable,NL0 7,3,0.0,53935.51759344085,53935.51759357159
34,NL0 8 Invest,investable,NL0 8,1,1000.0,59329.069352818755,59329.06935292875
34,NL0 9 Invest,investable,NL0 9,3,1000.0,53935.51759344085,53935.51759357159
34,NL0 1 biomass,legacy,NL0 1,3,71.0,53935.51759344085,53935.51759344085
34,NL0 1 waste,legacy,NL0 1,3,31.0,53935.51759344085,53935.51759344085
34,NL0 10 waste,legacy,NL0 10,1,150.0,59329.069352818755,59329.069352818755
34,NL0 11 biomass,legacy,NL0 11,3,20.0,53935.51759344085,53935.51759344085
34,NL0 11 waste,legacy,NL0 11,3,50.0,53935.51759344085,53935.51759344085
34,NL0 13 biomass,legacy,NL0 13,3,77.0,53935.51759344085,53935.51759344085
34,NL0 19 biomass,legacy,NL0 19,2,49.0,48541.9658340839,48541.9658340839
34,NL0 19 waste,legacy,NL0 19,2,36.0,48541.9658340839,48541.9658340839
34,NL0 22 biomass,legacy,NL0 22,3,500.0,53935.51759344085,53935.51759344085
34,NL0 25 waste,legacy,NL0 25,2,54.0,48541.9658340839,48541.9658340839
34,NL0 27 biomass,legacy,NL0 27,1,22.0,59329.069352818755,59329.069352818755
34,NL0 27 waste,legacy,NL0 27,1,71.2,59329.069352818755,59329.069352818755
34,NL0 3 biomass,legacy,NL0 3,1,22.0,59329.069352818755,59329.069352818755
34,NL0 3 waste,legacy,NL0 3,1,108.0,59329.069352818755,59329.069352818755
34,NL0 30 biomass,legacy,NL0 30,1,60.0,59329.069352818755,59329.069352818755
34,NL0 7 nuclear,legacy,NL0 7,3,515.0,53935.51759344085,53935.51759344085
34,NL0 7 waste,legacy,NL0 7,3,39.0,53935.51759344085,53935.51759344085
34,NL0 8 biomass,legacy,NL0 8,1,36.0,59329.069352818755,59329.069352818755
34,NL0 8 waste,legacy,NL0 8,1,157.0,59329.069352818755,59329.069352818755
34,NL0 9 biomass,legacy,NL0 9,3,20.0,53935.51759344085,53935.51759344085
34,NL0 0 0 solar,legacy,NL0 0,1,0.0,59329.069352818755,59329.06935281868
34,NL0 1 0 solar,legacy,NL0 1,3,0.0,53935.51759344085,53935.517593440774
34,NL0 10 0 solar,legacy,NL0 10,1,0.0,59329.069352818755,59329.06935281868
34,NL0 11 0 solar,legacy,NL0 11,3,0.0,53935.51759344085,53935.517593440774
34,NL0 12 0 solar,legacy,NL0 12,2,0.0,48541.9658340839,48541.965834083836
34,NL0 13 0 solar,legacy,NL0 13,3,0.0,53935.51759344085,53935.517593440774
34,NL0 14 0 solar,legacy,NL0 14,2,0.0,48541.9658340839,48541.965834083836
34,NL0 15 0 solar,legacy,NL0 15,2,0.0,48541.9658340839,48541.965834083836
34,NL0 16 0 solar,legacy,NL0 16,1,0.0,59329.069352818755,59329.06935281868
34,NL0 17 0 solar,legacy,NL0 17,1,0.0,59329.069352818755,59329.06935281868
34,NL0 18 0 solar,legacy,NL0 18,1,0.0,59329.069352818755,59329.06935281868
34,NL0 19 0 solar,legacy,NL0 19,2,0.0,48541.9658340839,48541.965834083836
34,NL0 2 0 solar,legacy,NL0 2,2,0.0,48541.9658340839,48541.965834083836
34,NL0 20 0 solar,legacy,NL0 20,1,0.0,59329.069352818755,59329.06935281868
34,NL0 21 0 solar,legacy,NL0 21,1,0.0,59329.069352818755,59329.06935281868
34,NL0 22 0 solar,legacy,NL0 22,3,0.0,53935.51759344085,53935.517593440774
34,NL0 23 0 solar,legacy,NL0 23,1,0.0,59329.069352818755,59329.06935281868
34,NL0 24 0 solar,legacy,NL0 24,1,0.0,59329.069352818755,59329.06935281868
34,NL0 25 0 solar,legacy,NL0 25,2,0.0,48541.9658340839,48541.965834083836
34,NL0 26 0 solar,legacy,NL0 26,2,0.0,48541.9658340839,48541.965834083836
34,NL0 27 0 solar,legacy,NL0 27,1,0.0,59329.069352818755,59329.06935281868
34,NL0 28 0 solar,legacy,NL0 28,2,0.0,48541.9658340839,48541.965834083836
34,NL0 3 0 solar,legacy,NL0 3,1,0.0,59329.069352818755,59329.06935281868
34,NL0 30 0 solar,legacy,NL0 30,1,0.0,59329.069352818755,59329.06935281868
34,NL0 31 0 solar,legacy,NL0 31,2,0.0,48541.9658340839,48541.965834083836
34,NL0 4 0 solar,legacy,NL0 4,2,0.0,48541.9658340839,48541.965834083836
34,NL0 5 0 solar,legacy,NL0 5,3,0.0,53935.51759344085,53935.517593440774
34,NL0 6 0 solar,legacy,NL0 6,3,0.0,53935.51759344085,53935.517593440774
34,NL0 7 0 solar,legacy,NL0 7,3,0.0,53935.51759344085,53935.517593440774
34,NL0 8 0 solar,legacy,NL0 8,1,0.0,59329.069352818755,59329.06935281868
34,NL0 9 0 solar,legacy,NL0 9,3,0.0,53935.51759344085,53935.517593440774
34,NL0 20 0 offwind-ac,legacy,NL0 20,1,0.0,59329.069352818755,59329.06935281868
34,NL0 27 0 offwind-ac,legacy,NL0 27,1,0.0,59329.069352818755,59329.06935281868
34,NL0 31 0 offwind-ac,legacy,NL0 31,2,0.0,48541.9658340839,48541.965834083836
34,NL0 32 0 offwind-ac,legacy,NL0 32,1,0.0,59329.069352818755,59329.06935281868
34,NL0 7 0 offwind-ac,legacy,NL0 7,3,0.0,53935.51759344085,53935.517593440774
34,NL0 0 0 onwind,legacy,NL0 0,1,0.0,59329.069352818755,59329.06935281868
34,NL0 1 0 onwind,legacy,NL0 1,3,0.0,53935.51759344085,53935.517593440774
34,NL0 10 0 onwind,legacy,NL0 10,1,0.0,59329.069352818755,59329.06935281868
34,NL0 11 0 onwind,legacy,NL0 11,3,0.0,53935.51759344085,53935.517593440774
34,NL0 12 0 onwind,legacy,NL0 12,2,0.0,48541.9658340839,48541.965834083836
34,NL0 13 0 onwind,legacy,NL0 13,3,0.0,53935.51759344085,53935.517593440774
34,NL0 14 0 onwind,legacy,NL0 14,2,0.0,48541.9658340839,48541.965834083836
34,NL0 15 0 onwind,legacy,NL0 15,2,0.0,48541.9658340839,48541.965834083836
34,NL0 17 0 onwind,legacy,NL0 17,1,0.0,59329.069352818755,59329.06935281868
34,NL0 19 0 onwind,legacy,NL0 19,2,0.0,48541.9658340839,48541.965834083836
34,NL0 2 0 onwind,legacy,NL0 2,2,0.0,48541.9658340839,48541.965834083836
34,NL0 20 0 onwind,legacy,NL0 20,1,0.0,59329.069352818755,59329.06935281868
34,NL0 21 0 onwind,legacy,NL0 21,1,0.0,59329.069352818755,59329.06935281868
34,NL0 22 0 onwind,legacy,NL0 22,3,0.0,53935.51759344085,53935.517593440774
34,NL0 23 0 onwind,legacy,NL0 23,1,0.0,59329.069352818755,59329.06935281868
34,NL0 24 0 onwind,legacy,NL0 24,1,0.0,59329.069352818755,59329.06935281868
34,NL0 27 0 onwind,legacy,NL0 27,1,0.0,59329.069352818755,59329.06935281868
34,NL0 3 0 onwind,legacy,NL0 3,1,0.0,59329.069352818755,59329.06935281868
34,NL0 30 0 onwind,legacy,NL0 30,1,0.0,59329.069352818755,59329.06935281868
34,NL0 31 0 onwind,legacy,NL0 31,2,0.0,48541.9658340839,48541.965834083836
34,NL0 4 0 onwind,legacy,NL0 4,2,0.0,48541.9658340839,48541.965834083836
34,NL0 5 0 onwind,legacy,NL0 5,3,0.0,53935.51759344085,53935.517593440774
34,NL0 6 0 onwind,legacy,NL0 6,3,0.0,53935.51759344085,53935.517593440774
34,NL0 7 0 onwind,legacy,NL0 7,3,0.0,53935.51759344085,53935.517593440774
34,NL0 8 0 onwind,legacy,NL0 8,1,0.0,59329.069352818755,59329.06935281868
34,NL0 9 0 onwind,legacy,NL0 9,3,0.0,53935.51759344085,53935.517593440774
35,NL0 0 Invest,investable,NL0 0,1,0.0,59329.069352818755,59329.06935292875
35,NL0 1 Invest,investable,NL0 1,3,1000.0,53935.51759344085,53935.51759357159
35,NL0 10 Invest,investable,NL0 10,1,0.0,59329.069352818755,59329.06935292875
35,NL0 11 Invest,investable,NL0 11,3,1000.0,53935.51759344085,53935.51759357159
35,NL0 12 Invest,investable,NL0 12,2,0.0,48541.9658340839,48541.96583421443
35,NL0 13 Invest,investable,NL0 13,3,1000.0,53935.51759344085,53935.51759357159
35,NL0 14 Invest,investable,NL0 14,2,0.0,48541.9658340839,48541.96583421443
35,NL0 15 Invest,investable,NL0 15,2,421.30931852923914,48541.9658340839,48541.96583421443
35,NL0 16 Invest,investable,NL0 16,1,1000.0,59329.069352818755,59329.06935292875
35,NL0 17 Invest,investable,NL0 17,1,0.0,59329.069352818755,59329.06935292875
35,NL0 18 Invest,investable,NL0 18,1,601.5467025248663,59329.069352818755,59329.06935292875
35,NL0 19 Invest,investable,NL0 19,2,1000.0,48541.9658340839,48541.96583421443
35,NL0 2 Invest,investable,NL0 2,2,1000.0,48541.9658340839,48541.96583421443
35,NL0 20 Invest,investable,NL0 20,1,0.0,59329.069352818755,59329.06935292875
35,NL0 21 Invest,investable,NL0 21,1,0.0,59329.069352818755,59329.06935292875
35,NL0 22 Invest,investable,NL0 22,3,0.0,53935.51759344085,53935.51759357159
35,NL0 23 Invest,investable,NL0 23,1,1000.0,59329.069352818755,59329.06935292875
35,NL0 24 Invest,investable,NL0 24,1,0.0,59329.069352818755,59329.06935292875
35,NL0 25 Invest,investable,NL0 25,2,0.0,48541.9658340839,48541.96583421443
35,NL0 26 Invest,investable,NL0 26,2,0.0,48541.9658340839,48541.96583421443
35,NL0 27 Invest,investable,NL0 27,1,0.0,59329.069352818755,59329.06935292875
35,NL0 28 Invest,investable,NL0 28,2,0.0,48541.9658340839,48541.96583421443
35,NL0 3 Invest,investable,NL0 3,1,1000.0,59329.069352818755,59329.06935292875
35,NL0 30 Invest,investable,NL0 30,1,1000.0,59329.069352818755,59329.06935292875
35,NL0 31 Invest,investable,NL0 31,2,0.0,48541.9658340839,48541.96583421443
35,NL0 33 Invest,investable,NL0 33,1,1000.0,59329.069352818755,59329.06935292875
35,NL0 4 Invest,investable,NL0 4,2,0.0,48541.9658340839,48541.96583421443
35,NL0 5 Invest,investable,NL0 5,3,678.1047541590287,53935.51759344085,53935.51759357159
35,NL0 6 Invest,investable,NL0 6,3,1000.0,53935.51759344085,53935.51759357159
35,NL0 7 Invest,investable,NL0 7,3,0.0,53935.51759344085,53935.51759357159
35,NL0 8 Invest,investable,NL0 8,1,1000.0,59329.069352818755,59329.06935292875
35,NL0 9 Invest,investable,NL0 9,3,1000.0,53935.51759344085,53935.51759357159
35,NL0 1 biomass,legacy,NL0 1,3,71.0,53935.51759344085,53935.51759344085
35,NL0 1 waste,legacy,NL0 1,3,31.0,53935.51759344085,53935.51759344085
35,NL0 10 waste,legacy,NL0 10,1,150.0,59329.069352818755,59329.069352818755
35,NL0 11 biomass,legacy,NL0 11,3,20.0,53935.51759344085,53935.51759344085
35,NL0 11 waste,legacy,NL0 11,3,50.0,53935.51759344085,53935.51759344085
35,NL0 13 biomass,legacy,NL0 13,3,77.0,53935.51759344085,53935.51759344085
35,NL0 19 biomass,legacy,NL0 19,2,49.0,48541.9658340839,48541.9658340839
35,NL0 19 waste,legacy,NL0 19,2,36.0,48541.9658340839,48541.9658340839
35,NL0 22 biomass,legacy,NL0 22,3,500.0,53935.51759344085,53935.51759344085
35,NL0 25 waste,legacy,NL0 25,2,54.0,48541.9658340839,48541.9658340839
35,NL0 27 biomass,legacy,NL0 27,1,22.0,59329.069352818755,59329.069352818755
35,NL0 27 waste,legacy,NL0 27,1,71.2,59329.069352818755,59329.069352818755
35,NL0 3 biomass,legacy,NL0 3,1,22.0,59329.069352818755,59329.069352818755
35,NL0 3 waste,legacy,NL0 3,1,108.0,59329.069352818755,59329.069352818755
35,NL0 30 biomass,legacy,NL0 30,1,60.0,59329.069352818755,59329.069352818755
35,NL0 7 nuclear,legacy,NL0 7,3,515.0,53935.51759344085,53935.51759344085
35,NL0 7 waste,legacy,NL0 7,3,39.0,53935.51759344085,53935.51759344085
35,NL0 8 biomass,legacy,NL0 8,1,36.0,59329.069352818755,59329.069352818755
35,NL0 8 waste,legacy,NL0 8,1,157.0,59329.069352818755,59329.069352818755
35,NL0 9 biomass,legacy,NL0 9,3,20.0,53935.51759344085,53935.51759344085
35,NL0 0 0 solar,legacy,NL0 0,1,0.0,59329.069352818755,59329.06935281868
35,NL0 1 0 solar,legacy,NL0 1,3,0.0,53935.51759344085,53935.517593440774
35,NL0 10 0 solar,legacy,NL0 10,1,0.0,59329.069352818755,59329.06935281868
35,NL0 11 0 solar,legacy,NL0 11,3,0.0,53935.51759344085,53935.517593440774
35,NL0 12 0 solar,legacy,NL0 12,2,0.0,48541.9658340839,48541.965834083836
35,NL0 13 0 solar,legacy,NL0 13,3,0.0,53935.51759344085,53935.517593440774
35,NL0 14 0 solar,legacy,NL0 14,2,0.0,48541.9658340839,48541.965834083836
35,NL0 15 0 solar,legacy,NL0 15,2,0.0,48541.9658340839,48541.965834083836
35,NL0 16 0 solar,legacy,NL0 16,1,0.0,59329.069352818755,59329.06935281868
35,NL0 17 0 solar,legacy,NL0 17,1,0.0,59329.069352818755,59329.06935281868
35,NL0 18 0 solar,legacy,NL0 18,1,0.0,59329.069352818755,59329.06935281868
35,NL0 19 0 solar,legacy,NL0 19,2,0.0,48541.9658340839,48541.965834083836
35,NL0 2 0 solar,legacy,NL0 2,2,0.0,48541.9658340839,48541.965834083836
35,NL0 20 0 solar,legacy,NL0 20,1,0.0,59329.069352818755,59329.06935281868
35,NL0 21 0 solar,legacy,NL0 21,1,0.0,59329.069352818755,59329.06935281868
35,NL0 22 0 solar,legacy,NL0 22,3,0.0,53935.51759344085,53935.517593440774
35,NL0 23 0 solar,legacy,NL0 23,1,0.0,59329.069352818755,59329.06935281868
35,NL0 24 0 solar,legacy,NL0 24,1,0.0,59329.069352818755,59329.06935281868
35,NL0 25 0 solar,legacy,NL0 25,2,0.0,48541.9658340839,48541.965834083836
35,NL0 26 0 solar,legacy,NL0 26,2,0.0,48541.9658340839,48541.965834083836
35,NL0 27 0 solar,legacy,NL0 27,1,0.0,59329.069352818755,59329.06935281868
35,NL0 28 0 solar,legacy,NL0 28,2,0.0,48541.9658340839,48541.965834083836
35,NL0 3 0 solar,legacy,NL0 3,1,0.0,59329.069352818755,59329.06935281868
35,NL0 30 0 solar,legacy,NL0 30,1,0.0,59329.069352818755,59329.06935281868
35,NL0 31 0 solar,legacy,NL0 31,2,0.0,48541.9658340839,48541.965834083836
35,NL0 4 0 solar,legacy,NL0 4,2,0.0,48541.9658340839,48541.965834083836
35,NL0 5 0 solar,legacy,NL0 5,3,0.0,53935.51759344085,53935.517593440774
35,NL0 6 0 solar,legacy,NL0 6,3,0.0,53935.51759344085,53935.517593440774
35,NL0 7 0 solar,legacy,NL0 7,3,0.0,53935.51759344085,53935.517593440774
35,NL0 8 0 solar,legacy,NL0 8,1,0.0,59329.069352818755,59329.06935281868
35,NL0 9 0 solar,legacy,NL0 9,3,0.0,53935.51759344085,53935.517593440774
35,NL0 20 0 offwind-ac,legacy,NL0 20,1,0.0,59329.069352818755,59329.06935281868
35,NL0 27 0 offwind-ac,legacy,NL0 27,1,0.0,59329.069352818755,59329.06935281868
35,NL0 31 0 offwind-ac,legacy,NL0 31,2,0.0,48541.9658340839,48541.965834083836
35,NL0 32 0 offwind-ac,legacy,NL0 32,1,0.0,59329.069352818755,59329.06935281868
35,NL0 7 0 offwind-ac,legacy,NL0 7,3,0.0,53935.51759344085,53935.517593440774
35,NL0 0 0 onwind,legacy,NL0 0,1,0.0,59329.069352818755,59329.06935281868
35,NL0 1 0 onwind,legacy,NL0 1,3,0.0,53935.51759344085,53935.517593440774
35,NL0 10 0 onwind,legacy,NL0 10,1,0.0,59329.069352818755,59329.06935281868
35,NL0 11 0 onwind,legacy,NL0 11,3,0.0,53935.51759344085,53935.517593440774
35,NL0 12 0 onwind,legacy,NL0 12,2,0.0,48541.9658340839,48541.965834083836
35,NL0 13 0 onwind,legacy,NL0 13,3,0.0,53935.51759344085,53935.517593440774
35,NL0 14 0 onwind,legacy,NL0 14,2,0.0,48541.9658340839,48541.965834083836
35,NL0 15 0 onwind,legacy,NL0 15,2,0.0,48541.9658340839,48541.965834083836
35,NL0 17 0 onwind,legacy,NL0 17,1,0.0,59329.069352818755,59329.06935281868
35,NL0 19 0 onwind,legacy,NL0 19,2,0.0,48541.9658340839,48541.965834083836
35,NL0 2 0 onwind,legacy,NL0 2,2,0.0,48541.9658340839,48541.965834083836
35,NL0 20 0 onwind,legacy,NL0 20,1,0.0,59329.069352818755,59329.06935281868
35,NL0 21 0 onwind,legacy,NL0 21,1,0.0,59329.069352818755,59329.06935281868
35,NL0 22 0 onwind,legacy,NL0 22,3,0.0,53935.51759344085,53935.517593440774
35,NL0 23 0 onwind,legacy,NL0 23,1,0.0,59329.069352818755,59329.06935281868
35,NL0 24 0 onwind,legacy,NL0 24,1,0.0,59329.069352818755,59329.06935281868
35,NL0 27 0 onwind,legacy,NL0 27,1,0.0,59329.069352818755,59329.06935281868
35,NL0 3 0 onwind,legacy,NL0 3,1,0.0,59329.069352818755,59329.06935281868
35,NL0 30 0 onwind,legacy,NL0 30,1,0.0,59329.069352818755,59329.06935281868
35,NL0 31 0 onwind,legacy,NL0 31,2,0.0,48541.9658340839,48541.965834083836
35,NL0 4 0 onwind,legacy,NL0 4,2,0.0,48541.9658340839,48541.965834083836
35,NL0 5 0 onwind,legacy,NL0 5,3,0.0,53935.51759344085,53935.517593440774
35,NL0 6 0 onwind,legacy,NL0 6,3,0.0,53935.51759344085,53935.517593440774
35,NL0 7 0 onwind,legacy,NL0 7,3,0.0,53935.51759344085,53935.517593440774
35,NL0 8 0 onwind,legacy,NL0 8,1,0.0,59329.069352818755,59329.06935281868
35,NL0 9 0 onwind,legacy,NL0 9,3,0.0,53935.51759344085,53935.517593440774
36,NL0 0 Invest,investable,NL0 0,1,1000.0,59329.069352818755,59329.06935292875
36,NL0 1 Invest,investable,NL0 1,3,0.0,53935.51759344085,53935.51759357159
36,NL0 10 Invest,investable,NL0 10,1,1000.0,59329.069352818755,59329.06935292875
36,NL0 11 Invest,investable,NL0 11,3,0.0,53935.51759344085,53935.51759357159
36,NL0 12 Invest,investable,NL0 12,2,1000.0,48541.9658340839,48541.96583421443
36,NL0 13 Invest,investable,NL0 13,3,678.1047541590287,53935.51759344085,53935.51759357159
36,NL0 14 Invest,investable,NL0 14,2,0.0,48541.9658340839,48541.96583421443
36,NL0 15 Invest,investable,NL0 15,2,0.0,48541.9658340839,48541.96583421443
36,NL0 16 Invest,investable,NL0 16,1,0.0,59329.069352818755,59329.06935292875
36,NL0 17 Invest,investable,NL0 17,1,1000.0,59329.069352818755,59329.06935292875
36,NL0 18 Invest,investable,NL0 18,1,0.0,59329.069352818755,59329.06935292875
36,NL0 19 Invest,investable,NL0 19,2,0.0,48541.9658340839,48541.96583421443
36,NL0 2 Invest,investable,NL0 2,2,0.0,48541.9658340839,48541.96583421443
36,NL0 20 Invest,investable,NL0 20,1,1000.0,59329.069352818755,59329.06935292875
36,NL0 21 Invest,investable,NL0 21,1,601.5467025248663,59329.069352818755,59329.06935292875
36,NL0 22 Invest,investable,NL0 22,3,1000.0,53935.51759344085,53935.51759357159
36,NL0 23 Invest,investable,NL0 23,1,0.0,59329.069352818755,59329.06935292875
36,NL0 24 Invest,investable,NL0 24,1,1000.0,59329.069352818755,59329.06935292875
36,NL0 25 Invest,investable,NL0 25,2,0.0,48541.9658340839,48541.96583421443
36,NL0 26 Invest,investable,NL0 26,2,0.0,48541.9658340839,48541.96583421443
36,NL0 27 Invest,investable,NL0 27,1,1000.0,59329.069352818755,59329.06935292875
36,NL0 28 Invest,investable,NL0 28,2,421.30931852923914,48541.9658340839,48541.96583421443
36,NL0 3 Invest,investable,NL0 3,1,0.0,59329.069352818755,59329.06935292875
36,NL0 30 Invest,investable,NL0 30,1,0.0,59329.069352818755,59329.06935292875
36,NL0 31 Invest,investable,NL0 31,2,1000.0,48541.9658340839,48541.96583421443
36,NL0 33 Invest,investable,NL0 33,1,0.0,59329.069352818755,59329.06935292875
36,NL0 4 Invest,investable,NL0 4,2,0.0,48541.9658340839,48541.96583421443
36,NL0 5 Invest,investable,NL0 5,3,1000.0,53935.51759344085,53935.51759357159
36,NL0 6 Invest,investable,NL0 6,3,1000.0,53935.51759344085,53935.51759357159
36,NL0 7 Invest,investable,NL0 7,3,1000.0,53935.51759344085,53935.51759357159
36,NL0 8 Invest,investable,NL0 8,1,0.0,59329.069352818755,59329.06935292875
36,NL0 9 Invest,investable,NL0 9,3,1000.0,53935.51759344085,53935.51759357159
36,NL0 1 biomass,legacy,NL0 1,3,71.0,53935.51759344085,53935.51759344085
36,NL0 1 waste,legacy,NL0 1,3,31.0,53935.51759344085,53935.51759344085
36,NL0 10 waste,legacy,NL0 10,1,150.0,59329.069352818755,59329.069352818755
36,NL0 11 biomass,legacy,NL0 11,3,20.0,53935.51759344085,53935.51759344085
36,NL0 11 waste,legacy,NL0 11,3,50.0,53935.51759344085,53935.51759344085
36,NL0 13 biomass,legacy,NL0 13,3,77.0,53935.51759344085,53935.51759344085
36,NL0 19 biomass,legacy,NL0 19,2,49.0,48541.9658340839,48541.9658340839
36,NL0 19 waste,legacy,NL0 19,2,36.0,48541.9658340839,48541.9658340839
36,NL0 22 biomass,legacy,NL0 22,3,500.0,53935.51759344085,53935.51759344085
36,NL0 25 waste,legacy,NL0 25,2,54.0,48541.9658340839,48541.9658340839
36,NL0 27 biomass,legacy,NL0 27,1,22.0,59329.069352818755,59329.069352818755
36,NL0 27 waste,legacy,NL0 27,1,71.2,59329.069352818755,59329.069352818755
36,NL0 3 biomass,legacy,NL0 3,1,22.0,59329.069352818755,59329.069352818755
36,NL0 3 waste,legacy,NL0 3,1,108.0,59329.069352818755,59329.069352818755
36,NL0 30 biomass,legacy,NL0 30,1,60.0,59329.069352818755,59329.069352818755
36,NL0 7 nuclear,legacy,NL0 7,3,515.0,53935.51759344085,53935.51759344085
36,NL0 7 waste,legacy,NL0 7,3,39.0,53935.51759344085,53935.51759344085
36,NL0 8 biomass,legacy,NL0 8,1,36.0,59329.069352818755,59329.069352818755
36,NL0 8 waste,legacy,NL0 8,1,157.0,59329.069352818755,59329.069352818755
36,NL0 9 biomass,legacy,NL0 9,3,20.0,53935.51759344085,53935.51759344085
36,NL0 0 0 solar,legacy,NL0 0,1,0.0,59329.069352818755,59329.06935281868
36,NL0 1 0 solar,legacy,NL0 1,3,0.0,53935.51759344085,53935.517593440774
36,NL0 10 0 solar,legacy,NL0 10,1,0.0,59329.069352818755,59329.06935281868
36,NL0 11 0 solar,legacy,NL0 11,3,0.0,53935.51759344085,53935.517593440774
36,NL0 12 0 solar,legacy,NL0 12,2,0.0,48541.9658340839,48541.965834083836
36,NL0 13 0 solar,legacy,NL0 13,3,0.0,53935.51759344085,53935.517593440774
36,NL0 14 0 solar,legacy,NL0 14,2,0.0,48541.9658340839,48541.965834083836
36,NL0 15 0 solar,legacy,NL0 15,2,0.0,48541.9658340839,48541.965834083836
36,NL0 16 0 solar,legacy,NL0 16,1,0.0,59329.069352818755,59329.06935281868
36,NL0 17 0 solar,legacy,NL0 17,1,0.0,59329.069352818755,59329.06935281868
36,NL0 18 0 solar,legacy,NL0 18,1,0.0,59329.069352818755,59329.06935281868
36,NL0 19 0 solar,legacy,NL0 19,2,0.0,48541.9658340839,48541.965834083836
36,NL0 2 0 solar,legacy,NL0 2,2,0.0,48541.9658340839,48541.965834083836
36,NL0 20 0 solar,legacy,NL0 20,1,0.0,59329.069352818755,59329.06935281868
36,NL0 21 0 solar,legacy,NL0 21,1,0.0,59329.069352818755,59329.06935281868
36,NL0 22 0 solar,legacy,NL0 22,3,0.0,53935.51759344085,53935.517593440774
36,NL0 23 0 solar,legacy,NL0 23,1,0.0,59329.069352818755,59329.06935281868
36,NL0 24 0 solar,legacy,NL0 24,1,0.0,59329.069352818755,59329.06935281868
36,NL0 25 0 solar,legacy,NL0 25,2,0.0,48541.9658340839,48541.965834083836
36,NL0 26 0 solar,legacy,NL0 26,2,0.0,48541.9658340839,48541.965834083836
36,NL0 27 0 solar,legacy,NL0 27,1,0.0,59329.069352818755,59329.06935281868
36,NL0 28 0 solar,legacy,NL0 28,2,0.0,48541.9658340839,48541.965834083836
36,NL0 3 0 solar,legacy,NL0 3,1,0.0,59329.069352818755,59329.06935281868
36,NL0 30 0 solar,legacy,NL0 30,1,0.0,59329.069352818755,59329.06935281868
36,NL0 31 0 solar,legacy,NL0 31,2,0.0,48541.9658340839,48541.965834083836
36,NL0 4 0 solar,legacy,NL0 4,2,0.0,48541.9658340839,48541.965834083836
36,NL0 5 0 solar,legacy,NL0 5,3,0.0,53935.51759344085,53935.517593440774
36,NL0 6 0 solar,legacy,NL0 6,3,0.0,53935.51759344085,53935.517593440774
36,NL0 7 0 solar,legacy,NL0 7,3,0.0,53935.51759344085,53935.517593440774
36,NL0 8 0 solar,legacy,NL0 8,1,0.0,59329.069352818755,59329.06935281868
36,NL0 9 0 solar,legacy,NL0 9,3,0.0,53935.51759344085,53935.517593440774
36,NL0 20 0 offwind-ac,legacy,NL0 20,1,0.0,59329.069352818755,59329.06935281868
36,NL0 27 0 offwind-ac,legacy,NL0 27,1,0.0,59329.069352818755,59329.06935281868
36,NL0 31 0 offwind-ac,legacy,NL0 31,2,0.0,48541.9658340839,48541.965834083836
36,NL0 32 0 offwind-ac,legacy,NL0 32,1,0.0,59329.069352818755,59329.06935281868
36,NL0 7 0 offwind-ac,legacy,NL0 7,3,0.0,53935.51759344085,53935.517593440774
36,NL0 0 0 onwind,legacy,NL0 0,1,0.0,59329.069352818755,59329.06935281868
36,NL0 1 0 onwind,legacy,NL0 1,3,0.0,53935.51759344085,53935.517593440774
36,NL0 10 0 onwind,legacy,NL0 10,1,0.0,59329.069352818755,59329.06935281868
36,NL0 11 0 onwind,legacy,NL0 11,3,0.0,53935.51759344085,53935.517593440774
36,NL0 12 0 onwind,legacy,NL0 12,2,0.0,48541.9658340839,48541.965834083836
36,NL0 13 0 onwind,legacy,NL0 13,3,0.0,53935.51759344085,53935.517593440774
36,NL0 14 0 onwind,legacy,NL0 14,2,0.0,48541.9658340839,48541.965834083836
36,NL0 15 0 onwind,legacy,NL0 15,2,0.0,48541.9658340839,48541.965834083836
36,NL0 17 0 onwind,legacy,NL0 17,1,0.0,59329.069352818755,59329.06935281868
36,NL0 19 0 onwind,legacy,NL0 19,2,0.0,48541.9658340839,48541.965834083836
36,NL0 2 0 onwind,legacy,NL0 2,2,0.0,48541.9658340839,48541.965834083836
36,NL0 20 0 onwind,legacy,NL0 20,1,0.0,59329.069352818755,59329.06935281868
36,NL0 21 0 onwind,legacy,NL0 21,1,0.0,59329.069352818755,59329.06935281868
36,NL0 22 0 onwind,legacy,NL0 22,3,0.0,53935.51759344085,53935.517593440774
36,NL0 23 0 onwind,legacy,NL0 23,1,0.0,59329.069352818755,59329.06935281868
36,NL0 24 0 onwind,legacy,NL0 24,1,0.0,59329.069352818755,59329.06935281868
36,NL0 27 0 onwind,legacy,NL0 27,1,0.0,59329.069352818755,59329.06935281868
36,NL0 3 0 onwind,legacy,NL0 3,1,0.0,59329.069352818755,59329.06935281868
36,NL0 30 0 onwind,legacy,NL0 30,1,0.0,59329.069352818755,59329.06935281868
36,NL0 31 0 onwind,legacy,NL0 31,2,0.0,48541.9658340839,48541.965834083836
36,NL0 4 0 onwind,legacy,NL0 4,2,0.0,48541.9658340839,48541.965834083836
36,NL0 5 0 onwind,legacy,NL0 5,3,0.0,53935.51759344085,53935.517593440774
36,NL0 6 0 onwind,legacy,NL0 6,3,0.0,53935.51759344085,53935.517593440774
36,NL0 7 0 onwind,legacy,NL0 7,3,0.0,53935.51759344085,53935.517593440774
36,NL0 8 0 onwind,legacy,NL0 8,1,0.0,59329.069352818755,59329.06935281868
36,NL0 9 0 onwind,legacy,NL0 9,3,0.0,53935.51759344085,53935.517593440774
37,NL0 0 Invest,investable,NL0 0,1,0.0,59329.069352818755,59329.06935292875
37,NL0 1 Invest,investable,NL0 1,3,1000.0,53935.51759344085,53935.51759357159
37,NL0 10 Invest,investable,NL0 10,1,0.0,59329.069352818755,59329.06935292875
37,NL0 11 Invest,investable,NL0 11,3,1000.0,53935.51759344085,53935.51759357159
37,NL0 12 Invest,investable,NL0 12,2,0.0,48541.9658340839,48541.96583421443
37,NL0 13 Invest,investable,NL0 13,3,1000.0,53935.51759344085,53935.51759357159
37,NL0 14 Invest,investable,NL0 14,2,0.0,48541.9658340839,48541.96583421443
37,NL0 15 Invest,investable,NL0 15,2,1000.0,48541.9658340839,48541.96583421443
37,NL0 16 Invest,investable,NL0 16,1,1000.0,59329.069352818755,59329.06935292875
37,NL0 17 Invest,investable,NL0 17,1,0.0,59329.069352818755,59329.06935292875
37,NL0 18 Invest,investable,NL0 18,1,601.5467025248663,59329.069352818755,59329.06935292875
37,NL0 19 Invest,investable,NL0 19,2,0.0,48541.9658340839,48541.96583421443
37,NL0 2 Invest,investable,NL0 2,2,1000.0,48541.9658340839,48541.96583421443
37,NL0 20 Invest,investable,NL0 20,1,0.0,59329.069352818755,59329.06935292875
37,NL0 21 Invest,investable,NL0 21,1,0.0,59329.069352818755,59329.06935292875
37,NL0 22 Invest,investable,NL0 22,3,0.0,53935.51759344085,53935.51759357159
37,NL0 23 Invest,investable,NL0 23,1,1000.0,59329.069352818755,59329.06935292875
37,NL0 24 Invest,investable,NL0 24,1,0.0,59329.069352818755,59329.06935292875
37,NL0 25 Invest,investable,NL0 25,2,0.0,48541.9658340839,48541.96583421443
37,NL0 26 Invest,investable,NL0 26,2,0.0,48541.9658340839,48541.96583421443
37,NL0 27 Invest,investable,NL0 27,1,0.0,59329.069352818755,59329.06935292875
37,NL0 28 Invest,investable,NL0 28,2,0.0,48541.9658340839,48541.96583421443
37,NL0 3 Invest,investable,NL0 3,1,1000.0,59329.069352818755,59329.06935292875
37,NL0 30 Invest,investable,NL0 30,1,1000.0,59329.069352818755,59329.06935292875
37,NL0 31 Invest,investable,NL0 31,2,0.0,48541.9658340839,48541.96583421443
37,NL0 33 Invest,investable,NL0 33,1,1000.0,59329.069352818755,59329.06935292875
37,NL0 4 Invest,investable,NL0 4,2,421.30931852923914,48541.9658340839,48541.96583421443
37,NL0 5 Invest,investable,NL0 5,3,678.1047541590287,53935.51759344085,53935.51759357159
37,NL0 6 Invest,investable,NL0 6,3,1000.0,53935.51759344085,53935.51759357159
37,NL0 7 Invest,investable,NL0 7,3,0.0,53935.51759344085,53935.51759357159
37,NL0 8 Invest,investable,NL0 8,1,1000.0,59329.069352818755,59329.06935292875
37,NL0 9 Invest,investable,NL0 9,3,1000.0,53935.51759344085,53935.51759357159
37,NL0 1 biomass,legacy,NL0 1,3,71.0,53935.51759344085,53935.51759344085
37,NL0 1 waste,legacy,NL0 1,3,31.0,53935.51759344085,53935.51759344085
37,NL0 10 waste,legacy,NL0 10,1,150.0,59329.069352818755,59329.069352818755
37,NL0 11 biomass,legacy,NL0 11,3,20.0,53935.51759344085,53935.51759344085
37,NL0 11 waste,legacy,NL0 11,3,50.0,53935.51759344085,53935.51759344085
37,NL0 13 biomass,legacy,NL0 13,3,77.0,53935.51759344085,53935.51759344085
37,NL0 19 biomass,legacy,NL0 19,2,49.0,48541.9658340839,48541.9658340839
37,NL0 19 waste,legacy,NL0 19,2,36.0,48541.9658340839,48541.9658340839
37,NL0 22 biomass,legacy,NL0 22,3,500.0,53935.51759344085,53935.51759344085
37,NL0 25 waste,legacy,NL0 25,2,54.0,48541.9658340839,48541.9658340839
37,NL0 27 biomass,legacy,NL0 27,1,22.0,59329.069352818755,59329.069352818755
37,NL0 27 waste,legacy,NL0 27,1,71.2,59329.069352818755,59329.069352818755
37,NL0 3 biomass,legacy,NL0 3,1,22.0,59329.069352818755,59329.069352818755
37,NL0 3 waste,legacy,NL0 3,1,108.0,59329.069352818755,59329.069352818755
37,NL0 30 biomass,legacy,NL0 30,1,60.0,59329.069352818755,59329.069352818755
37,NL0 7 nuclear,legacy,NL0 7,3,515.0,53935.51759344085,53935.51759344085
37,NL0 7 waste,legacy,NL0 7,3,39.0,53935.51759344085,53935.51759344085
37,NL0 8 biomass,legacy,NL0 8,1,36.0,59329.069352818755,59329.069352818755
37,NL0 8 waste,legacy,NL0 8,1,157.0,59329.069352818755,59329.069352818755
37,NL0 9 biomass,legacy,NL0 9,3,20.0,53935.51759344085,53935.51759344085
37,NL0 0 0 solar,legacy,NL0 0,1,0.0,59329.069352818755,59329.06935281868
37,NL0 1 0 solar,legacy,NL0 1,3,0.0,53935.51759344085,53935.517593440774
37,NL0 10 0 solar,legacy,NL0 10,1,0.0,59329.069352818755,59329.06935281868
37,NL0 11 0 solar,legacy,NL0 11,3,0.0,53935.51759344085,53935.517593440774
37,NL0 12 0 solar,legacy,NL0 12,2,0.0,48541.9658340839,48541.965834083836
37,NL0 13 0 solar,legacy,NL0 13,3,0.0,53935.51759344085,53935.517593440774
37,NL0 14 0 solar,legacy,NL0 14,2,0.0,48541.9658340839,48541.965834083836
37,NL0 15 0 solar,legacy,NL0 15,2,0.0,48541.9658340839,48541.965834083836
37,NL0 16 0 solar,legacy,NL0 16,1,0.0,59329.069352818755,59329.06935281868
37,NL0 17 0 solar,legacy,NL0 17,1,0.0,59329.069352818755,59329.06935281868
37,NL0 18 0 solar,legacy,NL0 18,1,0.0,59329.069352818755,59329.06935281868
37,NL0 19 0 solar,legacy,NL0 19,2,0.0,48541.9658340839,48541.965834083836
37,NL0 2 0 solar,legacy,NL0 2,2,0.0,48541.9658340839,48541.965834083836
37,NL0 20 0 solar,legacy,NL0 20,1,0.0,59329.069352818755,59329.06935281868
37,NL0 21 0 solar,legacy,NL0 21,1,0.0,59329.069352818755,59329.06935281868
37,NL0 22 0 solar,legacy,NL0 22,3,0.0,53935.51759344085,53935.517593440774
37,NL0 23 0 solar,legacy,NL0 23,1,0.0,59329.069352818755,59329.06935281868
37,NL0 24 0 solar,legacy,NL0 24,1,0.0,59329.069352818755,59329.06935281868
37,NL0 25 0 solar,legacy,NL0 25,2,0.0,48541.9658340839,48541.965834083836
37,NL0 26 0 solar,legacy,NL0 26,2,0.0,48541.9658340839,48541.965834083836
37,NL0 27 0 solar,legacy,NL0 27,1,0.0,59329.069352818755,59329.06935281868
37,NL0 28 0 solar,legacy,NL0 28,2,0.0,48541.9658340839,48541.965834083836
37,NL0 3 0 solar,legacy,NL0 3,1,0.0,59329.069352818755,59329.06935281868
37,NL0 30 0 solar,legacy,NL0 30,1,0.0,59329.069352818755,59329.06935281868
37,NL0 31 0 solar,legacy,NL0 31,2,0.0,48541.9658340839,48541.965834083836
37,NL0 4 0 solar,legacy,NL0 4,2,0.0,48541.9658340839,48541.965834083836
37,NL0 5 0 solar,legacy,NL0 5,3,0.0,53935.51759344085,53935.517593440774
37,NL0 6 0 solar,legacy,NL0 6,3,0.0,53935.51759344085,53935.517593440774
37,NL0 7 0 solar,legacy,NL0 7,3,0.0,53935.51759344085,53935.517593440774
37,NL0 8 0 solar,legacy,NL0 8,1,0.0,59329.069352818755,59329.06935281868
37,NL0 9 0 solar,legacy,NL0 9,3,0.0,53935.51759344085,53935.517593440774
37,NL0 20 0 offwind-ac,legacy,NL0 20,1,0.0,59329.069352818755,59329.06935281868
37,NL0 27 0 offwind-ac,legacy,NL0 27,1,0.0,59329.069352818755,59329.06935281868
37,NL0 31 0 offwind-ac,legacy,NL0 31,2,0.0,48541.9658340839,48541.965834083836
37,NL0 32 0 offwind-ac,legacy,NL0 32,1,0.0,59329.069352818755,59329.06935281868
37,NL0 7 0 offwind-ac,legacy,NL0 7,3,0.0,53935.51759344085,53935.517593440774
37,NL0 0 0 onwind,legacy,NL0 0,1,0.0,59329.069352818755,59329.06935281868
37,NL0 1 0 onwind,legacy,NL0 1,3,0.0,53935.51759344085,53935.517593440774
37,NL0 10 0 onwind,legacy,NL0 10,1,0.0,59329.069352818755,59329.06935281868
37,NL0 11 0 onwind,legacy,NL0 11,3,0.0,53935.51759344085,53935.517593440774
37,NL0 12 0 onwind,legacy,NL0 12,2,0.0,48541.9658340839,48541.965834083836
37,NL0 13 0 onwind,legacy,NL0 13,3,0.0,53935.51759344085,53935.517593440774
37,NL0 14 0 onwind,legacy,NL0 14,2,0.0,48541.9658340839,48541.965834083836
37,NL0 15 0 onwind,legacy,NL0 15,2,0.0,48541.9658340839,48541.965834083836
37,NL0 17 0 onwind,legacy,NL0 17,1,0.0,59329.069352818755,59329.06935281868
37,NL0 19 0 onwind,legacy,NL0 19,2,0.0,48541.9658340839,48541.965834083836
37,NL0 2 0 onwind,legacy,NL0 2,2,0.0,48541.9658340839,48541.965834083836
37,NL0 20 0 onwind,legacy,NL0 20,1,0.0,59329.069352818755,59329.06935281868
37,NL0 21 0 onwind,legacy,NL0 21,1,0.0,59329.069352818755,59329.06935281868
37,NL0 22 0 onwind,legacy,NL0 22,3,0.0,53935.51759344085,53935.517593440774
37,NL0 23 0 onwind,legacy,NL0 23,1,0.0,59329.069352818755,59329.06935281868
37,NL0 24 0 onwind,legacy,NL0 24,1,0.0,59329.069352818755,59329.06935281868
37,NL0 27 0 onwind,legacy,NL0 27,1,0.0,59329.069352818755,59329.06935281868
37,NL0 3 0 onwind,legacy,NL0 3,1,0.0,59329.069352818755,59329.06935281868
37,NL0 30 0 onwind,legacy,NL0 30,1,0.0,59329.069352818755,59329.06935281868
37,NL0 31 0 onwind,legacy,NL0 31,2,0.0,48541.9658340839,48541.965834083836
37,NL0 4 0 onwind,legacy,NL0 4,2,0.0,48541.9658340839,48541.965834083836
37,NL0 5 0 onwind,legacy,NL0 5,3,0.0,53935.51759344085,53935.517593440774
37,NL0 6 0 onwind,legacy,NL0 6,3,0.0,53935.51759344085,53935.517593440774
37,NL0 7 0 onwind,legacy,NL0 7,3,0.0,53935.51759344085,53935.517593440774
37,NL0 8 0 onwind,legacy,NL0 8,1,0.0,59329.069352818755,59329.06935281868
37,NL0 9 0 onwind,legacy,NL0 9,3,0.0,53935.51759344085,53935.517593440774
38,NL0 0 Invest,investable,NL0 0,1,1000.0,59329.069352818755,59329.06935292875
38,NL0 1 Invest,investable,NL0 1,3,0.0,53935.51759344085,53935.51759357159
38,NL0 10 Invest,investable,NL0 10,1,1000.0,59329.069352818755,59329.06935292875
38,NL0 11 Invest,investable,NL0 11,3,0.0,53935.51759344085,53935.51759357159
38,NL0 12 Invest,investable,NL0 12,2,1000.0,48541.9658340839,48541.96583421443
38,NL0 13 Invest,investable,NL0 13,3,678.1047541590287,53935.51759344085,53935.51759357159
38,NL0 14 Invest,investable,NL0 14,2,0.0,48541.9658340839,48541.96583421443
38,NL0 15 Invest,investable,NL0 15,2,0.0,48541.9658340839,48541.96583421443
38,NL0 16 Invest,investable,NL0 16,1,0.0,59329.069352818755,59329.06935292875
38,NL0 17 Invest,investable,NL0 17,1,1000.0,59329.069352818755,59329.06935292875
38,NL0 18 Invest,investable,NL0 18,1,0.0,59329.069352818755,59329.06935292875
38,NL0 19 Invest,investable,NL0 19,2,0.0,48541.9658340839,48541.96583421443
38,NL0 2 Invest,investable,NL0 2,2,0.0,48541.9658340839,48541.96583421443
38,NL0 20 Invest,investable,NL0 20,1,1000.0,59329.069352818755,59329.06935292875
38,NL0 21 Invest,investable,NL0 21,1,601.5467025248663,59329.069352818755,59329.06935292875
38,NL0 22 Invest,investable,NL0 22,3,1000.0,53935.51759344085,53935.51759357159
38,NL0 23 Invest,investable,NL0 23,1,0.0,59329.069352818755,59329.06935292875
38,NL0 24 Invest,investable,NL0 24,1,1000.0,59329.069352818755,59329.06935292875
38,NL0 25 Invest,investable,NL0 25,2,0.0,48541.9658340839,48541.96583421443
38,NL0 26 Invest,investable,NL0 26,2,0.0,48541.9658340839,48541.96583421443
38,NL0 27 Invest,investable,NL0 27,1,1000.0,59329.069352818755,59329.06935292875
38,NL0 28 Invest,investable,NL0 28,2,421.30931852923914,48541.9658340839,48541.96583421443
38,NL0 3 Invest,investable,NL0 3,1,0.0,59329.069352818755,59329.06935292875
38,NL0 30 Invest,investable,NL0 30,1,0.0,59329.069352818755,59329.06935292875
38,NL0 31 Invest,investable,NL0 31,2,1000.0,48541.9658340839,48541.96583421443
38,NL0 33 Invest,investable,NL0 33,1,0.0,59329.069352818755,59329.06935292875
38,NL0 4 Invest,investable,NL0 4,2,0.0,48541.9658340839,48541.96583421443
38,NL0 5 Invest,investable,NL0 5,3,1000.0,53935.51759344085,53935.51759357159
38,NL0 6 Invest,investable,NL0 6,3,1000.0,53935.51759344085,53935.51759357159
38,NL0 7 Invest,investable,NL0 7,3,1000.0,53935.51759344085,53935.51759357159
38,NL0 8 Invest,investable,NL0 8,1,0.0,59329.069352818755,59329.06935292875
38,NL0 9 Invest,investable,NL0 9,3,1000.0,53935.51759344085,53935.51759357159
38,NL0 1 biomass,legacy,NL0 1,3,71.0,53935.51759344085,53935.51759344085
38,NL0 1 waste,legacy,NL0 1,3,31.0,53935.51759344085,53935.51759344085
38,NL0 10 waste,legacy,NL0 10,1,150.0,59329.069352818755,59329.069352818755
38,NL0 11 biomass,legacy,NL0 11,3,20.0,53935.51759344085,53935.51759344085
38,NL0 11 waste,legacy,NL0 11,3,50.0,53935.51759344085,53935.51759344085
38,NL0 13 biomass,legacy,NL0 13,3,77.0,53935.51759344085,53935.51759344085
38,NL0 19 biomass,legacy,NL0 19,2,49.0,48541.9658340839,48541.9658340839
38,NL0 19 waste,legacy,NL0 19,2,36.0,48541.9658340839,48541.9658340839
38,NL0 22 biomass,legacy,NL0 22,3,500.0,53935.51759344085,53935.51759344085
38,NL0 25 waste,legacy,NL0 25,2,54.0,48541.9658340839,48541.9658340839
38,NL0 27 biomass,legacy,NL0 27,1,22.0,59329.069352818755,59329.069352818755
38,NL0 27 waste,legacy,NL0 27,1,71.2,59329.069352818755,59329.069352818755
38,NL0 3 biomass,legacy,NL0 3,1,22.0,59329.069352818755,59329.069352818755
38,NL0 3 waste,legacy,NL0 3,1,108.0,59329.069352818755,59329.069352818755
38,NL0 30 biomass,legacy,NL0 30,1,60.0,59329.069352818755,59329.069352818755
38,NL0 7 nuclear,legacy,NL0 7,3,515.0,53935.51759344085,53935.51759344085
38,NL0 7 waste,legacy,NL0 7,3,39.0,53935.51759344085,53935.51759344085
38,NL0 8 biomass,legacy,NL0 8,1,36.0,59329.069352818755,59329.069352818755
38,NL0 8 waste,legacy,NL0 8,1,157.0,59329.069352818755,59329.069352818755
38,NL0 9 biomass,legacy,NL0 9,3,20.0,53935.51759344085,53935.51759344085
38,NL0 0 0 solar,legacy,NL0 0,1,0.0,59329.069352818755,59329.06935281868
38,NL0 1 0 solar,legacy,NL0 1,3,0.0,53935.51759344085,53935.517593440774
38,NL0 10 0 solar,legacy,NL0 10,1,0.0,59329.069352818755,59329.06935281868
38,NL0 11 0 solar,legacy,NL0 11,3,0.0,53935.51759344085,53935.517593440774
38,NL0 12 0 solar,legacy,NL0 12,2,0.0,48541.9658340839,48541.965834083836
38,NL0 13 0 solar,legacy,NL0 13,3,0.0,53935.51759344085,53935.517593440774
38,NL0 14 0 solar,legacy,NL0 14,2,0.0,48541.9658340839,48541.965834083836
38,NL0 15 0 solar,legacy,NL0 15,2,0.0,48541.9658340839,48541.965834083836
38,NL0 16 0 solar,legacy,NL0 16,1,0.0,59329.069352818755,59329.06935281868
38,NL0 17 0 solar,legacy,NL0 17,1,0.0,59329.069352818755,59329.06935281868
38,NL0 18 0 solar,legacy,NL0 18,1,0.0,59329.069352818755,59329.06935281868
38,NL0 19 0 solar,legacy,NL0 19,2,0.0,48541.9658340839,48541.965834083836
38,NL0 2 0 solar,legacy,NL0 2,2,0.0,48541.9658340839,48541.965834083836
38,NL0 20 0 solar,legacy,NL0 20,1,0.0,59329.069352818755,59329.06935281868
38,NL0 21 0 solar,legacy,NL0 21,1,0.0,59329.069352818755,59329.06935281868
38,NL0 22 0 solar,legacy,NL0 22,3,0.0,53935.51759344085,53935.517593440774
38,NL0 23 0 solar,legacy,NL0 23,1,0.0,59329.069352818755,59329.06935281868
38,NL0 24 0 solar,legacy,NL0 24,1,0.0,59329.069352818755,59329.06935281868
38,NL0 25 0 solar,legacy,NL0 25,2,0.0,48541.9658340839,48541.965834083836
38,NL0 26 0 solar,legacy,NL0 26,2,0.0,48541.9658340839,48541.965834083836
38,NL0 27 0 solar,legacy,NL0 27,1,0.0,59329.069352818755,59329.06935281868
38,NL0 28 0 solar,legacy,NL0 28,2,0.0,48541.9658340839,48541.965834083836
38,NL0 3 0 solar,legacy,NL0 3,1,0.0,59329.069352818755,59329.06935281868
38,NL0 30 0 solar,legacy,NL0 30,1,0.0,59329.069352818755,59329.06935281868
38,NL0 31 0 solar,legacy,NL0 31,2,0.0,48541.9658340839,48541.965834083836
38,NL0 4 0 solar,legacy,NL0 4,2,0.0,48541.9658340839,48541.965834083836
38,NL0 5 0 solar,legacy,NL0 5,3,0.0,53935.51759344085,53935.517593440774
38,NL0 6 0 solar,legacy,NL0 6,3,0.0,53935.51759344085,53935.517593440774
38,NL0 7 0 solar,legacy,NL0 7,3,0.0,53935.51759344085,53935.517593440774
38,NL0 8 0 solar,legacy,NL0 8,1,0.0,59329.069352818755,59329.06935281868
38,NL0 9 0 solar,legacy,NL0 9,3,0.0,53935.51759344085,53935.517593440774
38,NL0 20 0 offwind-ac,legacy,NL0 20,1,0.0,59329.069352818755,59329.06935281868
38,NL0 27 0 offwind-ac,legacy,NL0 27,1,0.0,59329.069352818755,59329.06935281868
38,NL0 31 0 offwind-ac,legacy,NL0 31,2,0.0,48541.9658340839,48541.965834083836
38,NL0 32 0 offwind-ac,legacy,NL0 32,1,0.0,59329.069352818755,59329.06935281868
38,NL0 7 0 offwind-ac,legacy,NL0 7,3,0.0,53935.51759344085,53935.517593440774
38,NL0 0 0 onwind,legacy,NL0 0,1,0.0,59329.069352818755,59329.06935281868
38,NL0 1 0 onwind,legacy,NL0 1,3,0.0,53935.51759344085,53935.517593440774
38,NL0 10 0 onwind,legacy,NL0 10,1,0.0,59329.069352818755,59329.06935281868
38,NL0 11 0 onwind,legacy,NL0 11,3,0.0,53935.51759344085,53935.517593440774
38,NL0 12 0 onwind,legacy,NL0 12,2,0.0,48541.9658340839,48541.965834083836
38,NL0 13 0 onwind,legacy,NL0 13,3,0.0,53935.51759344085,53935.517593440774
38,NL0 14 0 onwind,legacy,NL0 14,2,0.0,48541.9658340839,48541.965834083836
38,NL0 15 0 onwind,legacy,NL0 15,2,0.0,48541.9658340839,48541.965834083836
38,NL0 17 0 onwind,legacy,NL0 17,1,0.0,59329.069352818755,59329.06935281868
38,NL0 19 0 onwind,legacy,NL0 19,2,0.0,48541.9658340839,48541.965834083836
38,NL0 2 0 onwind,legacy,NL0 2,2,0.0,48541.9658340839,48541.965834083836
38,NL0 20 0 onwind,legacy,NL0 20,1,0.0,59329.069352818755,59329.06935281868
38,NL0 21 0 onwind,legacy,NL0 21,1,0.0,59329.069352818755,59329.06935281868
38,NL0 22 0 onwind,legacy,NL0 22,3,0.0,53935.51759344085,53935.517593440774
38,NL0 23 0 onwind,legacy,NL0 23,1,0.0,59329.069352818755,59329.06935281868
38,NL0 24 0 onwind,legacy,NL0 24,1,0.0,59329.069352818755,59329.06935281868
38,NL0 27 0 onwind,legacy,NL0 27,1,0.0,59329.069352818755,59329.06935281868
38,NL0 3 0 onwind,legacy,NL0 3,1,0.0,59329.069352818755,59329.06935281868
38,NL0 30 0 onwind,legacy,NL0 30,1,0.0,59329.069352818755,59329.06935281868
38,NL0 31 0 onwind,legacy,NL0 31,2,0.0,48541.9658340839,48541.965834083836
38,NL0 4 0 onwind,legacy,NL0 4,2,0.0,48541.9658340839,48541.965834083836
38,NL0 5 0 onwind,legacy,NL0 5,3,0.0,53935.51759344085,53935.517593440774
38,NL0 6 0 onwind,legacy,NL0 6,3,0.0,53935.51759344085,53935.517593440774
38,NL0 7 0 onwind,legacy,NL0 7,3,0.0,53935.51759344085,53935.517593440774
38,NL0 8 0 onwind,legacy,NL0 8,1,0.0,59329.069352818755,59329.06935281868
38,NL0 9 0 onwind,legacy,NL0 9,3,0.0,53935.51759344085,53935.517593440774
39,NL0 0 Invest,investable,NL0 0,1,0.0,59329.069352818755,59329.06935292875
39,NL0 1 Invest,investable,NL0 1,3,1000.0,53935.51759344085,53935.51759357159
39,NL0 10 Invest,investable,NL0 10,1,0.0,59329.069352818755,59329.06935292875
39,NL0 11 Invest,investable,NL0 11,3,1000.0,53935.51759344085,53935.51759357159
39,NL0 12 Invest,investable,NL0 12,2,0.0,48541.9658340839,48541.96583421443
39,NL0 13 Invest,investable,NL0 13,3,1000.0,53935.51759344085,53935.51759357159
39,NL0 14 Invest,investable,NL0 14,2,421.30931852923914,48541.9658340839,48541.96583421443
39,NL0 15 Invest,investable,NL0 15,2,0.0,48541.9658340839,48541.96583421443
39,NL0 16 Invest,investable,NL0 16,1,1000.0,59329.069352818755,59329.06935292875
39,NL0 17 Invest,investable,NL0 17,1,0.0,59329.069352818755,59329.06935292875
39,NL0 18 Invest,investable,NL0 18,1,0.0,59329.069352818755,59329.06935292875
39,NL0 19 Invest,investable,NL0 19,2,0.0,48541.9658340839,48541.96583421443
39,NL0 2 Invest,investable,NL0 2,2,0.0,48541.9658340839,48541.96583421443
39,NL0 20 Invest,investable,NL0 20,1,1000.0,59329.069352818755,59329.06935292875
39,NL0 21 Invest,investable,NL0 21,1,0.0,59329.069352818755,59329.06935292875
39,NL0 22 Invest,investable,NL0 22,3,0.0,53935.51759344085,53935.51759357159
39,NL0 23 Invest,investable,NL0 23,1,1000.0,59329.069352818755,59329.06935292875
39,NL0 24 Invest,investable,NL0 24,1,0.0,59329.069352818755,59329.06935292875
39,NL0 25 Invest,investable,NL0 25,2,0.0,48541.9658340839,48541.96583421443
39,NL0 26 Invest,investable,NL0 26,2,1000.0,48541.9658340839,48541.96583421443
39,NL0 27 Invest,investable,NL0 27,1,0.0,59329.069352818755,59329.06935292875
39,NL0 28 Invest,investable,NL0 28,2,0.0,48541.9658340839,48541.96583421443
39,NL0 3 Invest,investable,NL0 3,1,1000.0,59329.069352818755,59329.06935292875
39,NL0 30 Invest,investable,NL0 30,1,601.5467025248663,59329.069352818755,59329.06935292875
39,NL0 31 Invest,investable,NL0 31,2,0.0,48541.9658340839,48541.96583421443
39,NL0 33 Invest,investable,NL0 33,1,1000.0,59329.069352818755,59329.06935292875
39,NL0 4 Invest,investable,NL0 4,2,1000.0,48541.9658340839,48541.96583421443
39,NL0 5 Invest,investable,NL0 5,3,678.1047541590287,53935.51759344085,53935.51759357159
39,NL0 6 Invest,investable,NL0 6,3,1000.0,53935.51759344085,53935.51759357159
39,NL0 7 Invest,investable,NL0 7,3,0.0,53935.51759344085,53935.51759357159
39,NL0 8 Invest,investable,NL0 8,1,1000.0,59329.069352818755,59329.06935292875
39,NL0 9 Invest,investable,NL0 9,3,1000.0,53935.51759344085,53935.51759357159
39,NL0 1 biomass,legacy,NL0 1,3,71.0,53935.51759344085,53935.51759344085
39,NL0 1 waste,legacy,NL0 1,3,31.0,53935.51759344085,53935.51759344085
39,NL0 10 waste,legacy,NL0 10,1,150.0,59329.069352818755,59329.069352818755
39,NL0 11 biomass,legacy,NL0 11,3,20.0,53935.51759344085,53935.51759344085
39,NL0 11 waste,legacy,NL0 11,3,50.0,53935.51759344085,53935.51759344085
39,NL0 13 biomass,legacy,NL0 13,3,77.0,53935.51759344085,53935.51759344085
39,NL0 19 biomass,legacy,NL0 19,2,49.0,48541.9658340839,48541.9658340839
39,NL0 19 waste,legacy,NL0 19,2,36.0,48541.9658340839,48541.9658340839
39,NL0 22 biomass,legacy,NL0 22,3,500.0,53935.51759344085,53935.51759344085
39,NL0 25 waste,legacy,NL0 25,2,54.0,48541.9658340839,48541.9658340839
39,NL0 27 biomass,legacy,NL0 27,1,22.0,59329.069352818755,59329.069352818755
39,NL0 27 waste,legacy,NL0 27,1,71.2,59329.069352818755,59329.069352818755
39,NL0 3 biomass,legacy,NL0 3,1,22.0,59329.069352818755,59329.069352818755
39,NL0 3 waste,legacy,NL0 3,1,108.0,59329.069352818755,59329.069352818755
39,NL0 30 biomass,legacy,NL0 30,1,60.0,59329.069352818755,59329.069352818755
39,NL0 7 nuclear,legacy,NL0 7,3,515.0,53935.51759344085,53935.51759344085
39,NL0 7 waste,legacy,NL0 7,3,39.0,53935.51759344085,53935.51759344085
39,NL0 8 biomass,legacy,NL0 8,1,36.0,59329.069352818755,59329.069352818755
39,NL0 8 waste,legacy,NL0 8,1,157.0,59329.069352818755,59329.069352818755
39,NL0 9 biomass,legacy,NL0 9,3,20.0,53935.51759344085,53935.51759344085
39,NL0 0 0 solar,legacy,NL0 0,1,0.0,59329.069352818755,59329.06935281868
39,NL0 1 0 solar,legacy,NL0 1,3,0.0,53935.51759344085,53935.517593440774
39,NL0 10 0 solar,legacy,NL0 10,1,0.0,59329.069352818755,59329.06935281868
39,NL0 11 0 solar,legacy,NL0 11,3,0.0,53935.51759344085,53935.517593440774
39,NL0 12 0 solar,legacy,NL0 12,2,0.0,48541.9658340839,48541.965834083836
39,NL0 13 0 solar,legacy,NL0 13,3,0.0,53935.51759344085,53935.517593440774
39,NL0 14 0 solar,legacy,NL0 14,2,0.0,48541.9658340839,48541.965834083836
39,NL0 15 0 solar,legacy,NL0 15,2,0.0,48541.9658340839,48541.965834083836
39,NL0 16 0 solar,legacy,NL0 16,1,0.0,59329.069352818755,59329.06935281868
39,NL0 17 0 solar,legacy,NL0 17,1,0.0,59329.069352818755,59329.06935281868
39,NL0 18 0 solar,legacy,NL0 18,1,0.0,59329.069352818755,59329.06935281868
39,NL0 19 0 solar,legacy,NL0 19,2,0.0,48541.9658340839,48541.965834083836
39,NL0 2 0 solar,legacy,NL0 2,2,0.0,48541.9658340839,48541.965834083836
39,NL0 20 0 solar,legacy,NL0 20,1,0.0,59329.069352818755,59329.06935281868
39,NL0 21 0 solar,legacy,NL0 21,1,0.0,59329.069352818755,59329.06935281868
39,NL0 22 0 solar,legacy,NL0 22,3,0.0,53935.51759344085,53935.517593440774
39,NL0 23 0 solar,legacy,NL0 23,1,0.0,59329.069352818755,59329.06935281868
39,NL0 24 0 solar,legacy,NL0 24,1,0.0,59329.069352818755,59329.06935281868
39,NL0 25 0 solar,legacy,NL0 25,2,0.0,48541.9658340839,48541.965834083836
39,NL0 26 0 solar,legacy,NL0 26,2,0.0,48541.9658340839,48541.965834083836
39,NL0 27 0 solar,legacy,NL0 27,1,0.0,59329.069352818755,59329.06935281868
39,NL0 28 0 solar,legacy,NL0 28,2,0.0,48541.9658340839,48541.965834083836
39,NL0 3 0 solar,legacy,NL0 3,1,0.0,59329.069352818755,59329.06935281868
39,NL0 30 0 solar,legacy,NL0 30,1,0.0,59329.069352818755,59329.06935281868
39,NL0 31 0 solar,legacy,NL0 31,2,0.0,48541.9658340839,48541.965834083836
39,NL0 4 0 solar,legacy,NL0 4,2,0.0,48541.9658340839,48541.965834083836
39,NL0 5 0 solar,legacy,NL0 5,3,0.0,53935.51759344085,53935.517593440774
39,NL0 6 0 solar,legacy,NL0 6,3,0.0,53935.51759344085,53935.517593440774
39,NL0 7 0 solar,legacy,NL0 7,3,0.0,53935.51759344085,53935.517593440774
39,NL0 8 0 solar,legacy,NL0 8,1,0.0,59329.069352818755,59329.06935281868
39,NL0 9 0 solar,legacy,NL0 9,3,0.0,53935.51759344085,53935.517593440774
39,NL0 20 0 offwind-ac,legacy,NL0 20,1,0.0,59329.069352818755,59329.06935281868
39,NL0 27 0 offwind-ac,legacy,NL0 27,1,0.0,59329.069352818755,59329.06935281868
39,NL0 31 0 offwind-ac,legacy,NL0 31,2,0.0,48541.9658340839,48541.965834083836
39,NL0 32 0 offwind-ac,legacy,NL0 32,1,0.0,59329.069352818755,59329.06935281868
39,NL0 7 0 offwind-ac,legacy,NL0 7,3,0.0,53935.51759344085,53935.517593440774
39,NL0 0 0 onwind,legacy,NL0 0,1,0.0,59329.069352818755,59329.06935281868
39,NL0 1 0 onwind,legacy,NL0 1,3,0.0,53935.51759344085,53935.517593440774
39,NL0 10 0 onwind,legacy,NL0 10,1,0.0,59329.069352818755,59329.06935281868
39,NL0 11 0 onwind,legacy,NL0 11,3,0.0,53935.51759344085,53935.517593440774
39,NL0 12 0 onwind,legacy,NL0 12,2,0.0,48541.9658340839,48541.965834083836
39,NL0 13 0 onwind,legacy,NL0 13,3,0.0,53935.51759344085,53935.517593440774
39,NL0 14 0 onwind,legacy,NL0 14,2,0.0,48541.9658340839,48541.965834083836
39,NL0 15 0 onwind,legacy,NL0 15,2,0.0,48541.9658340839,48541.965834083836
39,NL0 17 0 onwind,legacy,NL0 17,1,0.0,59329.069352818755,59329.06935281868
39,NL0 19 0 onwind,legacy,NL0 19,2,0.0,48541.9658340839,48541.965834083836
39,NL0 2 0 onwind,legacy,NL0 2,2,0.0,48541.9658340839,48541.965834083836
39,NL0 20 0 onwind,legacy,NL0 20,1,0.0,59329.069352818755,59329.06935281868
39,NL0 21 0 onwind,legacy,NL0 21,1,0.0,59329.069352818755,59329.06935281868
39,NL0 22 0 onwind,legacy,NL0 22,3,0.0,53935.51759344085,53935.517593440774
39,NL0 23 0 onwind,legacy,NL0 23,1,0.0,59329.069352818755,59329.06935281868
39,NL0 24 0 onwind,legacy,NL0 24,1,0.0,59329.069352818755,59329.06935281868
39,NL0 27 0 onwind,legacy,NL0 27,1,0.0,59329.069352818755,59329.06935281868
39,NL0 3 0 onwind,legacy,NL0 3,1,0.0,59329.069352818755,59329.06935281868
39,NL0 30 0 onwind,legacy,NL0 30,1,0.0,59329.069352818755,59329.06935281868
39,NL0 31 0 onwind,legacy,NL0 31,2,0.0,48541.9658340839,48541.965834083836
39,NL0 4 0 onwind,legacy,NL0 4,2,0.0,48541.9658340839,48541.965834083836
39,NL0 5 0 onwind,legacy,NL0 5,3,0.0,53935.51759344085,53935.517593440774
39,NL0 6 0 onwind,legacy,NL0 6,3,0.0,53935.51759344085,53935.517593440774
39,NL0 7 0 onwind,legacy,NL0 7,3,0.0,53935.51759344085,53935.517593440774
39,NL0 8 0 onwind,legacy,NL0 8,1,0.0,59329.069352818755,59329.06935281868
39,NL0 9 0 onwind,legacy,NL0 9,3,0.0,53935.51759344085,53935.517593440774
40,NL0 0 Invest,investable,NL0 0,1,1000.0,59329.069352818755,59329.06935292875
40,NL0 1 Invest,investable,NL0 1,3,0.0,53935.51759344085,53935.51759357159
40,NL0 10 Invest,investable,NL0 10,1,1000.0,59329.069352818755,59329.06935292875
40,NL0 11 Invest,investable,NL0 11,3,0.0,53935.51759344085,53935.51759357159
40,NL0 12 Invest,investable,NL0 12,2,0.0,48541.9658340839,48541.96583421443
40,NL0 13 Invest,investable,NL0 13,3,678.1047541590287,53935.51759344085,53935.51759357159
40,NL0 14 Invest,investable,NL0 14,2,0.0,48541.9658340839,48541.96583421443
40,NL0 15 Invest,investable,NL0 15,2,1000.0,48541.9658340839,48541.96583421443
40,NL0 16 Invest,investable,NL0 16,1,0.0,59329.069352818755,59329.06935292875
40,NL0 17 Invest,investable,NL0 17,1,1000.0,59329.069352818755,59329.06935292875
40,NL0 18 Invest,investable,NL0 18,1,601.5467025248663,59329.069352818755,59329.06935292875
40,NL0 19 Invest,investable,NL0 19,2,421.30931852923914,48541.9658340839,48541.96583421443
40,NL0 2 Invest,investable,NL0 2,2,1000.0,48541.9658340839,48541.96583421443
40,NL0 20 Invest,investable,NL0 20,1,0.0,59329.069352818755,59329.06935292875
40,NL0 21 Invest,investable,NL0 21,1,1000.0,59329.069352818755,59329.06935292875
40,NL0 22 Invest,investable,NL0 22,3,1000.0,53935.51759344085,53935.51759357159
40,NL0 23 Invest,investable,NL0 23,1,0.0,59329.069352818755,59329.06935292875
40,NL0 24 Invest,investable,NL0 24,1,1000.0,59329.069352818755,59329.06935292875
40,NL0 25 Invest,investable,NL0 25,2,0.0,48541.9658340839,48541.96583421443
40,NL0 26 Invest,investable,NL0 26,2,0.0,48541.9658340839,48541.96583421443
40,NL0 27 Invest,investable,NL0 27,1,1000.0,59329.069352818755,59329.06935292875
40,NL0 28 Invest,investable,NL0 28,2,0.0,48541.9658340839,48541.96583421443
40,NL0 3 Invest,investable,NL0 3,1,0.0,59329.069352818755,59329.06935292875
40,NL0 30 Invest,investable,NL0 30,1,0.0,59329.069352818755,59329.06935292875
40,NL0 31 Invest,investable,NL0 31,2,0.0,48541.9658340839,48541.96583421443
40,NL0 33 Invest,investable,NL0 33,1,0.0,59329.069352818755,59329.06935292875
40,NL0 4 Invest,investable,NL0 4,2,0.0,48541.9658340839,48541.96583421443
40,NL0 5 Invest,investable,NL0 5,3,1000.0,53935.51759344085,53935.51759357159
40,NL0 6 Invest,investable,NL0 6,3,1000.0,53935.51759344085,53935.51759357159
40,NL0 7 Invest,investable,NL0 7,3,1000.0,53935.51759344085,53935.51759357159
40,NL0 8 Invest,investable,NL0 8,1,0.0,59329.069352818755,59329.06935292875
40,NL0 9 Invest,investable,NL0 9,3,1000.0,53935.51759344085,53935.51759357159
40,NL0 1 biomass,legacy,NL0 1,3,71.0,53935.51759344085,53935.51759344085
40,NL0 1 waste,legacy,NL0 1,3,31.0,53935.51759344085,53935.51759344085
40,NL0 10 waste,legacy,NL0 10,1,150.0,59329.069352818755,59329.069352818755
40,NL0 11 biomass,legacy,NL0 11,3,20.0,53935.51759344085,53935.51759344085
40,NL0 11 waste,legacy,NL0 11,3,50.0,53935.51759344085,53935.51759344085
40,NL0 13 biomass,legacy,NL0 13,3,77.0,53935.51759344085,53935.51759344085
40,NL0 19 biomass,legacy,NL0 19,2,49.0,48541.9658340839,48541.9658340839
40,NL0 19 waste,legacy,NL0 19,2,36.0,48541.9658340839,48541.9658340839
40,NL0 22 biomass,legacy,NL0 22,3,500.0,53935.51759344085,53935.51759344085
40,NL0 25 waste,legacy,NL0 25,2,54.0,48541.9658340839,48541.9658340839
40,NL0 27 biomass,legacy,NL0 27,1,22.0,59329.069352818755,59329.069352818755
40,NL0 27 waste,legacy,NL0 27,1,71.2,59329.069352818755,59329.069352818755
40,NL0 3 biomass,legacy,NL0 3,1,22.0,59329.069352818755,59329.069352818755
40,NL0 3 waste,legacy,NL0 3,1,108.0,59329.069352818755,59329.069352818755
40,NL0 30 biomass,legacy,NL0 30,1,60.0,59329.069352818755,59329.069352818755
40,NL0 7 nuclear,legacy,NL0 7,3,515.0,53935.51759344085,53935.51759344085
40,NL0 7 waste,legacy,NL0 7,3,39.0,53935.51759344085,53935.51759344085
40,NL0 8 biomass,legacy,NL0 8,1,36.0,59329.069352818755,59329.069352818755
40,NL0 8 waste,legacy,NL0 8,1,157.0,59329.069352818755,59329.069352818755
40,NL0 9 biomass,legacy,NL0 9,3,20.0,53935.51759344085,53935.51759344085
40,NL0 0 0 solar,legacy,NL0 0,1,0.0,59329.069352818755,59329.06935281868
40,NL0 1 0 solar,legacy,NL0 1,3,0.0,53935.51759344085,53935.517593440774
40,NL0 10 0 solar,legacy,NL0 10,1,0.0,59329.069352818755,59329.06935281868
40,NL0 11 0 solar,legacy,NL0 11,3,0.0,53935.51759344085,53935.517593440774
40,NL0 12 0 solar,legacy,NL0 12,2,0.0,48541.9658340839,48541.965834083836
40,NL0 13 0 solar,legacy,NL0 13,3,0.0,53935.51759344085,53935.517593440774
40,NL0 14 0 solar,legacy,NL0 14,2,0.0,48541.9658340839,48541.965834083836
40,NL0 15 0 solar,legacy,NL0 15,2,0.0,48541.9658340839,48541.965834083836
40,NL0 16 0 solar,legacy,NL0 16,1,0.0,59329.069352818755,59329.06935281868
40,NL0 17 0 solar,legacy,NL0 17,1,0.0,59329.069352818755,59329.06935281868
40,NL0 18 0 solar,legacy,NL0 18,1,0.0,59329.069352818755,59329.06935281868
40,NL0 19 0 solar,legacy,NL0 19,2,0.0,48541.9658340839,48541.965834083836
40,NL0 2 0 solar,legacy,NL0 2,2,0.0,48541.9658340839,48541.965834083836
40,NL0 20 0 solar,legacy,NL0 20,1,0.0,59329.069352818755,59329.06935281868
40,NL0 21 0 solar,legacy,NL0 21,1,0.0,59329.069352818755,59329.06935281868
40,NL0 22 0 solar,legacy,NL0 22,3,0.0,53935.51759344085,53935.517593440774
40,NL0 23 0 solar,legacy,NL0 23,1,0.0,59329.069352818755,59329.06935281868
40,NL0 24 0 solar,legacy,NL0 24,1,0.0,59329.069352818755,59329.06935281868
40,NL0 25 0 solar,legacy,NL0 25,2,0.0,48541.9658340839,48541.965834083836
40,NL0 26 0 solar,legacy,NL0 26,2,0.0,48541.9658340839,48541.965834083836
40,NL0 27 0 solar,legacy,NL0 27,1,0.0,59329.069352818755,59329.06935281868
40,NL0 28 0 solar,legacy,NL0 28,2,0.0,48541.9658340839,48541.965834083836
40,NL0 3 0 solar,legacy,NL0 3,1,0.0,59329.069352818755,59329.06935281868
40,NL0 30 0 solar,legacy,NL0 30,1,0.0,59329.069352818755,59329.06935281868
40,NL0 31 0 solar,legacy,NL0 31,2,0.0,48541.9658340839,48541.965834083836
40,NL0 4 0 solar,legacy,NL0 4,2,0.0,48541.9658340839,48541.965834083836
40,NL0 5 0 solar,legacy,NL0 5,3,0.0,53935.51759344085,53935.517593440774
40,NL0 6 0 solar,legacy,NL0 6,3,0.0,53935.51759344085,53935.517593440774
40,NL0 7 0 solar,legacy,NL0 7,3,0.0,53935.51759344085,53935.517593440774
40,NL0 8 0 solar,legacy,NL0 8,1,0.0,59329.069352818755,59329.06935281868
40,NL0 9 0 solar,legacy,NL0 9,3,0.0,53935.51759344085,53935.517593440774
40,NL0 20 0 offwind-ac,legacy,NL0 20,1,0.0,59329.069352818755,59329.06935281868
40,NL0 27 0 offwind-ac,legacy,NL0 27,1,0.0,59329.069352818755,59329.06935281868
40,NL0 31 0 offwind-ac,legacy,NL0 31,2,0.0,48541.9658340839,48541.965834083836
40,NL0 32 0 offwind-ac,legacy,NL0 32,1,0.0,59329.069352818755,59329.06935281868
40,NL0 7 0 offwind-ac,legacy,NL0 7,3,0.0,53935.51759344085,53935.517593440774
40,NL0 0 0 onwind,legacy,NL0 0,1,0.0,59329.069352818755,59329.06935281868
40,NL0 1 0 onwind,legacy,NL0 1,3,0.0,53935.51759344085,53935.517593440774
40,NL0 10 0 onwind,legacy,NL0 10,1,0.0,59329.069352818755,59329.06935281868
40,NL0 11 0 onwind,legacy,NL0 11,3,0.0,53935.51759344085,53935.517593440774
40,NL0 12 0 onwind,legacy,NL0 12,2,0.0,48541.9658340839,48541.965834083836
40,NL0 13 0 onwind,legacy,NL0 13,3,0.0,53935.51759344085,53935.517593440774
40,NL0 14 0 onwind,legacy,NL0 14,2,0.0,48541.9658340839,48541.965834083836
40,NL0 15 0 onwind,legacy,NL0 15,2,0.0,48541.9658340839,48541.965834083836
40,NL0 17 0 onwind,legacy,NL0 17,1,0.0,59329.069352818755,59329.06935281868
40,NL0 19 0 onwind,legacy,NL0 19,2,0.0,48541.9658340839,48541.965834083836
40,NL0 2 0 onwind,legacy,NL0 2,2,0.0,48541.9658340839,48541.965834083836
40,NL0 20 0 onwind,legacy,NL0 20,1,0.0,59329.069352818755,59329.06935281868
40,NL0 21 0 onwind,legacy,NL0 21,1,0.0,59329.069352818755,59329.06935281868
40,NL0 22 0 onwind,legacy,NL0 22,3,0.0,53935.51759344085,53935.517593440774
40,NL0 23 0 onwind,legacy,NL0 23,1,0.0,59329.069352818755,59329.06935281868
40,NL0 24 0 onwind,legacy,NL0 24,1,0.0,59329.069352818755,59329.06935281868
40,NL0 27 0 onwind,legacy,NL0 27,1,0.0,59329.069352818755,59329.06935281868
40,NL0 3 0 onwind,legacy,NL0 3,1,0.0,59329.069352818755,59329.06935281868
40,NL0 30 0 onwind,legacy,NL0 30,1,0.0,59329.069352818755,59329.06935281868
40,NL0 31 0 onwind,legacy,NL0 31,2,0.0,48541.9658340839,48541.965834083836
40,NL0 4 0 onwind,legacy,NL0 4,2,0.0,48541.9658340839,48541.965834083836
40,NL0 5 0 onwind,legacy,NL0 5,3,0.0,53935.51759344085,53935.517593440774
40,NL0 6 0 onwind,legacy,NL0 6,3,0.0,53935.51759344085,53935.517593440774
40,NL0 7 0 onwind,legacy,NL0 7,3,0.0,53935.51759344085,53935.517593440774
40,NL0 8 0 onwind,legacy,NL0 8,1,0.0,59329.069352818755,59329.06935281868
40,NL0 9 0 onwind,legacy,NL0 9,3,0.0,53935.51759344085,53935.517593440774
41,NL0 0 Invest,investable,NL0 0,1,1000.0,59329.069352818755,59329.06935292875
41,NL0 1 Invest,investable,NL0 1,3,0.0,53935.51759344085,53935.51759357159
41,NL0 10 Invest,investable,NL0 10,1,1000.0,59329.069352818755,59329.06935292875
41,NL0 11 Invest,investable,NL0 11,3,0.0,53935.51759344085,53935.51759357159
41,NL0 12 Invest,investable,NL0 12,2,0.0,48541.9658340839,48541.96583421443
41,NL0 13 Invest,investable,NL0 13,3,678.1047541590287,53935.51759344085,53935.51759357159
41,NL0 14 Invest,investable,NL0 14,2,0.0,48541.9658340839,48541.96583421443
41,NL0 15 Invest,investable,NL0 15,2,1000.0,48541.9658340839,48541.96583421443
41,NL0 16 Invest,investable,NL0 16,1,0.0,59329.069352818755,59329.06935292875
41,NL0 17 Invest,investable,NL0 17,1,1000.0,59329.069352818755,59329.06935292875
41,NL0 18 Invest,investable,NL0 18,1,0.0,59329.069352818755,59329.06935292875
41,NL0 19 Invest,investable,NL0 19,2,421.30931852923914,48541.9658340839,48541.96583421443
41,NL0 2 Invest,investable,NL0 2,2,1000.0,48541.9658340839,48541.96583421443
41,NL0 20 Invest,investable,NL0 20,1,1000.0,59329.069352818755,59329.06935292875
41,NL0 21 Invest,investable,NL0 21,1,601.5467025248663,59329.069352818755,59329.06935292875
41,NL0 22 Invest,investable,NL0 22,3,1000.0,53935.51759344085,53935.51759357159
41,NL0 23 Invest,investable,NL0 23,1,0.0,59329.069352818755,59329.06935292875
41,NL0 24 Invest,investable,NL0 24,1,1000.0,59329.069352818755,59329.06935292875
41,NL0 25 Invest,investable,NL0 25,2,0.0,48541.9658340839,48541.96583421443
41,NL0 26 Invest,investable,NL0 26,2,0.0,48541.9658340839,48541.96583421443
41,NL0 27 Invest,investable,NL0 27,1,1000.0,59329.069352818755,59329.06935292875
41,NL0 28 Invest,investable,NL0 28,2,0.0,48541.9658340839,48541.96583421443
41,NL0 3 Invest,investable,NL0 3,1,0.0,59329.069352818755,59329.06935292875
41,NL0 30 Invest,investable,NL0 30,1,0.0,59329.069352818755,59329.06935292875
41,NL0 31 Invest,investable,NL0 31,2,0.0,48541.9658340839,48541.96583421443
41,NL0 33 Invest,investable,NL0 33,1,0.0,59329.069352818755,59329.06935292875
41,NL0 4 Invest,investable,NL0 4,2,0.0,48541.9658340839,48541.96583421443
41,NL0 5 Invest,investable,NL0 5,3,1000.0,53935.51759344085,53935.51759357159
41,NL0 6 Invest,investable,NL0 6,3,1000.0,53935.51759344085,53935.51759357159
41,NL0 7 Invest,investable,NL0 7,3,1000.0,53935.51759344085,53935.51759357159
41,NL0 8 Invest,investable,NL0 8,1,0.0,59329.069352818755,59329.06935292875
41,NL0 9 Invest,investable,NL0 9,3,1000.0,53935.51759344085,53935.51759357159
41,NL0 1 biomass,legacy,NL0 1,3,71.0,53935.51759344085,53935.51759344085
41,NL0 1 waste,legacy,NL0 1,3,31.0,53935.51759344085,53935.51759344085
41,NL0 10 waste,legacy,NL0 10,1,150.0,59329.069352818755,59329.069352818755
41,NL0 11 biomass,legacy,NL0 11,3,20.0,53935.51759344085,53935.51759344085
41,NL0 11 waste,legacy,NL0 11,3,50.0,53935.51759344085,53935.51759344085
41,NL0 13 biomass,legacy,NL0 13,3,77.0,53935.51759344085,53935.51759344085
41,NL0 19 biomass,legacy,NL0 19,2,49.0,48541.9658340839,48541.9658340839
41,NL0 19 waste,legacy,NL0 19,2,36.0,48541.9658340839,48541.9658340839
41,NL0 22 biomass,legacy,NL0 22,3,500.0,53935.51759344085,53935.51759344085
41,NL0 25 waste,legacy,NL0 25,2,54.0,48541.9658340839,48541.9658340839
41,NL0 27 biomass,legacy,NL0 27,1,22.0,59329.069352818755,59329.069352818755
41,NL0 27 waste,legacy,NL0 27,1,71.2,59329.069352818755,59329.069352818755
41,NL0 3 biomass,legacy,NL0 3,1,22.0,59329.069352818755,59329.069352818755
41,NL0 3 waste,legacy,NL0 3,1,108.0,59329.069352818755,59329.069352818755
41,NL0 30 biomass,legacy,NL0 30,1,60.0,59329.069352818755,59329.069352818755
41,NL0 7 nuclear,legacy,NL0 7,3,515.0,53935.51759344085,53935.51759344085
41,NL0 7 waste,legacy,NL0 7,3,39.0,53935.51759344085,53935.51759344085
41,NL0 8 biomass,legacy,NL0 8,1,36.0,59329.069352818755,59329.069352818755
41,NL0 8 waste,legacy,NL0 8,1,157.0,59329.069352818755,59329.069352818755
41,NL0 9 biomass,legacy,NL0 9,3,20.0,53935.51759344085,53935.51759344085
41,NL0 0 0 solar,legacy,NL0 0,1,0.0,59329.069352818755,59329.06935281868
41,NL0 1 0 solar,legacy,NL0 1,3,0.0,53935.51759344085,53935.517593440774
41,NL0 10 0 solar,legacy,NL0 10,1,0.0,59329.069352818755,59329.06935281868
41,NL0 11 0 solar,legacy,NL0 11,3,0.0,53935.51759344085,53935.517593440774
41,NL0 12 0 solar,legacy,NL0 12,2,0.0,48541.9658340839,48541.965834083836
41,NL0 13 0 solar,legacy,NL0 13,3,0.0,53935.51759344085,53935.517593440774
41,NL0 14 0 solar,legacy,NL0 14,2,0.0,48541.9658340839,48541.965834083836
41,NL0 15 0 solar,legacy,NL0 15,2,0.0,48541.9658340839,48541.965834083836
41,NL0 16 0 solar,legacy,NL0 16,1,0.0,59329.069352818755,59329.06935281868
41,NL0 17 0 solar,legacy,NL0 17,1,0.0,59329.069352818755,59329.06935281868
41,NL0 18 0 solar,legacy,NL0 18,1,0.0,59329.069352818755,59329.06935281868
41,NL0 19 0 solar,legacy,NL0 19,2,0.0,48541.9658340839,48541.965834083836
41,NL0 2 0 solar,legacy,NL0 2,2,0.0,48541.9658340839,48541.965834083836
41,NL0 20 0 solar,legacy,NL0 20,1,0.0,59329.069352818755,59329.06935281868
41,NL0 21 0 solar,legacy,NL0 21,1,0.0,59329.069352818755,59329.06935281868
41,NL0 22 0 solar,legacy,NL0 22,3,0.0,53935.51759344085,53935.517593440774
41,NL0 23 0 solar,legacy,NL0 23,1,0.0,59329.069352818755,59329.06935281868
41,NL0 24 0 solar,legacy,NL0 24,1,0.0,59329.069352818755,59329.06935281868
41,NL0 25 0 solar,legacy,NL0 25,2,0.0,48541.9658340839,48541.965834083836
41,NL0 26 0 solar,legacy,NL0 26,2,0.0,48541.9658340839,48541.965834083836
41,NL0 27 0 solar,legacy,NL0 27,1,0.0,59329.069352818755,59329.06935281868
41,NL0 28 0 solar,legacy,NL0 28,2,0.0,48541.9658340839,48541.965834083836
41,NL0 3 0 solar,legacy,NL0 3,1,0.0,59329.069352818755,59329.06935281868
41,NL0 30 0 solar,legacy,NL0 30,1,0.0,59329.069352818755,59329.06935281868
41,NL0 31 0 solar,legacy,NL0 31,2,0.0,48541.9658340839,48541.965834083836
41,NL0 4 0 solar,legacy,NL0 4,2,0.0,48541.9658340839,48541.965834083836
41,NL0 5 0 solar,legacy,NL0 5,3,0.0,53935.51759344085,53935.517593440774
41,NL0 6 0 solar,legacy,NL0 6,3,0.0,53935.51759344085,53935.517593440774
41,NL0 7 0 solar,legacy,NL0 7,3,0.0,53935.51759344085,53935.517593440774
41,NL0 8 0 solar,legacy,NL0 8,1,0.0,59329.069352818755,59329.06935281868
41,NL0 9 0 solar,legacy,NL0 9,3,0.0,53935.51759344085,53935.517593440774
41,NL0 20 0 offwind-ac,legacy,NL0 20,1,0.0,59329.069352818755,59329.06935281868
41,NL0 27 0 offwind-ac,legacy,NL0 27,1,0.0,59329.069352818755,59329.06935281868
41,NL0 31 0 offwind-ac,legacy,NL0 31,2,0.0,48541.9658340839,48541.965834083836
41,NL0 32 0 offwind-ac,legacy,NL0 32,1,0.0,59329.069352818755,59329.06935281868
41,NL0 7 0 offwind-ac,legacy,NL0 7,3,0.0,53935.51759344085,53935.517593440774
41,NL0 0 0 onwind,legacy,NL0 0,1,0.0,59329.069352818755,59329.06935281868
41,NL0 1 0 onwind,legacy,NL0 1,3,0.0,53935.51759344085,53935.517593440774
41,NL0 10 0 onwind,legacy,NL0 10,1,0.0,59329.069352818755,59329.06935281868
41,NL0 11 0 onwind,legacy,NL0 11,3,0.0,53935.51759344085,53935.517593440774
41,NL0 12 0 onwind,legacy,NL0 12,2,0.0,48541.9658340839,48541.965834083836
41,NL0 13 0 onwind,legacy,NL0 13,3,0.0,53935.51759344085,53935.517593440774
41,NL0 14 0 onwind,legacy,NL0 14,2,0.0,48541.9658340839,48541.965834083836
41,NL0 15 0 onwind,legacy,NL0 15,2,0.0,48541.9658340839,48541.965834083836
41,NL0 17 0 onwind,legacy,NL0 17,1,0.0,59329.069352818755,59329.06935281868
41,NL0 19 0 onwind,legacy,NL0 19,2,0.0,48541.9658340839,48541.965834083836
41,NL0 2 0 onwind,legacy,NL0 2,2,0.0,48541.9658340839,48541.965834083836
41,NL0 20 0 onwind,legacy,NL0 20,1,0.0,59329.069352818755,59329.06935281868
41,NL0 21 0 onwind,legacy,NL0 21,1,0.0,59329.069352818755,59329.06935281868
41,NL0 22 0 onwind,legacy,NL0 22,3,0.0,53935.51759344085,53935.517593440774
41,NL0 23 0 onwind,legacy,NL0 23,1,0.0,59329.069352818755,59329.06935281868
41,NL0 24 0 onwind,legacy,NL0 24,1,0.0,59329.069352818755,59329.06935281868
41,NL0 27 0 onwind,legacy,NL0 27,1,0.0,59329.069352818755,59329.06935281868
41,NL0 3 0 onwind,legacy,NL0 3,1,0.0,59329.069352818755,59329.06935281868
41,NL0 30 0 onwind,legacy,NL0 30,1,0.0,59329.069352818755,59329.06935281868
41,NL0 31 0 onwind,legacy,NL0 31,2,0.0,48541.9658340839,48541.965834083836
41,NL0 4 0 onwind,legacy,NL0 4,2,0.0,48541.9658340839,48541.965834083836
41,NL0 5 0 onwind,legacy,NL0 5,3,0.0,53935.51759344085,53935.517593440774
41,NL0 6 0 onwind,legacy,NL0 6,3,0.0,53935.51759344085,53935.517593440774
41,NL0 7 0 onwind,legacy,NL0 7,3,0.0,53935.51759344085,53935.517593440774
41,NL0 8 0 onwind,legacy,NL0 8,1,0.0,59329.069352818755,59329.06935281868
41,NL0 9 0 onwind,legacy,NL0 9,3,0.0,53935.51759344085,53935.517593440774
42,NL0 0 Invest,investable,NL0 0,1,0.0,59329.069352818755,59329.06935292875
42,NL0 1 Invest,investable,NL0 1,3,1000.0,53935.51759344085,53935.51759357159
42,NL0 10 Invest,investable,NL0 10,1,0.0,59329.069352818755,59329.06935292875
42,NL0 11 Invest,investable,NL0 11,3,1000.0,53935.51759344085,53935.51759357159
42,NL0 12 Invest,investable,NL0 12,2,0.0,48541.9658340839,48541.96583421443
42,NL0 13 Invest,investable,NL0 13,3,1000.0,53935.51759344085,53935.51759357159
42,NL0 14 Invest,investable,NL0 14,2,421.30931852923914,48541.9658340839,48541.96583421443
42,NL0 15 Invest,investable,NL0 15,2,0.0,48541.9658340839,48541.96583421443
42,NL0 16 Invest,investable,NL0 16,1,1000.0,59329.069352818755,59329.06935292875
42,NL0 17 Invest,investable,NL0 17,1,0.0,59329.069352818755,59329.06935292875
42,NL0 18 Invest,investable,NL0 18,1,601.5467025248663,59329.069352818755,59329.06935292875
42,NL0 19 Invest,investable,NL0 19,2,0.0,48541.9658340839,48541.96583421443
42,NL0 2 Invest,investable,NL0 2,2,0.0,48541.9658340839,48541.96583421443
42,NL0 20 Invest,investable,NL0 20,1,0.0,59329.069352818755,59329.06935292875
42,NL0 21 Invest,investable,NL0 21,1,0.0,59329.069352818755,59329.06935292875
42,NL0 22 Invest,investable,NL0 22,3,0.0,53935.51759344085,53935.51759357159
42,NL0 23 Invest,investable,NL0 23,1,1000.0,59329.069352818755,59329.06935292875
42,NL0 24 Invest,investable,NL0 24,1,0.0,59329.069352818755,59329.06935292875
42,NL0 25 Invest,investable,NL0 25,2,0.0,48541.9658340839,48541.96583421443
42,NL0 26 Invest,investable,NL0 26,2,1000.0,48541.9658340839,48541.96583421443
42,NL0 27 Invest,investable,NL0 27,1,0.0,59329.069352818755,59329.06935292875
42,NL0 28 Invest,investable,NL0 28,2,0.0,48541.9658340839,48541.96583421443
42,NL0 3 Invest,investable,NL0 3,1,1000.0,59329.069352818755,59329.06935292875
42,NL0 30 Invest,investable,NL0 30,1,1000.0,59329.069352818755,59329.06935292875
42,NL0 31 Invest,investable,NL0 31,2,0.0,48541.9658340839,48541.96583421443
42,NL0 33 Invest,investable,NL0 33,1,1000.0,59329.069352818755,59329.06935292875
42,NL0 4 Invest,investable,NL0 4,2,1000.0,48541.9658340839,48541.96583421443
42,NL0 5 Invest,investable,NL0 5,3,678.1047541590287,53935.51759344085,53935.51759357159
42,NL0 6 Invest,investable,NL0 6,3,1000.0,53935.51759344085,53935.51759357159
42,NL0 7 Invest,investable,NL0 7,3,0.0,53935.51759344085,53935.51759357159
42,NL0 8 Invest,investable,NL0 8,1,1000.0,59329.069352818755,59329.06935292875
42,NL0 9 Invest,investable,NL0 9,3,1000.0,53935.51759344085,53935.51759357159
42,NL0 1 biomass,legacy,NL0 1,3,71.0,53935.51759344085,53935.51759344085
42,NL0 1 waste,legacy,NL0 1,3,31.0,53935.51759344085,53935.51759344085
42,NL0 10 waste,legacy,NL0 10,1,150.0,59329.069352818755,59329.069352818755
42,NL0 11 biomass,legacy,NL0 11,3,20.0,53935.51759344085,53935.51759344085
42,NL0 11 waste,legacy,NL0 11,3,50.0,53935.51759344085,53935.51759344085
42,NL0 13 biomass,legacy,NL0 13,3,77.0,53935.51759344085,53935.51759344085
42,NL0 19 biomass,legacy,NL0 19,2,49.0,48541.9658340839,48541.9658340839
42,NL0 19 waste,legacy,NL0 19,2,36.0,48541.9658340839,48541.9658340839
42,NL0 22 biomass,legacy,NL0 22,3,500.0,53935.51759344085,53935.51759344085
42,NL0 25 waste,legacy,NL0 25,2,54.0,48541.9658340839,48541.9658340839
42,NL0 27 biomass,legacy,NL0 27,1,22.0,59329.069352818755,59329.069352818755
42,NL0 27 waste,legacy,NL0 27,1,71.2,59329.069352818755,59329.069352818755
42,NL0 3 biomass,legacy,NL0 3,1,22.0,59329.069352818755,59329.069352818755
42,NL0 3 waste,legacy,NL0 3,1,108.0,59329.069352818755,59329.069352818755
42,NL0 30 biomass,legacy,NL0 30,1,60.0,59329.069352818755,59329.069352818755
42,NL0 7 nuclear,legacy,NL0 7,3,515.0,53935.51759344085,53935.51759344085
42,NL0 7 waste,legacy,NL0 7,3,39.0,53935.51759344085,53935.51759344085
42,NL0 8 biomass,legacy,NL0 8,1,36.0,59329.069352818755,59329.069352818755
42,NL0 8 waste,legacy,NL0 8,1,157.0,59329.069352818755,59329.069352818755
42,NL0 9 biomass,legacy,NL0 9,3,20.0,53935.51759344085,53935.51759344085
42,NL0 0 0 solar,legacy,NL0 0,1,0.0,59329.069352818755,59329.06935281868
42,NL0 1 0 solar,legacy,NL0 1,3,0.0,53935.51759344085,53935.517593440774
42,NL0 10 0 solar,legacy,NL0 10,1,0.0,59329.069352818755,59329.06935281868
42,NL0 11 0 solar,legacy,NL0 11,3,0.0,53935.51759344085,53935.517593440774
42,NL0 12 0 solar,legacy,NL0 12,2,0.0,48541.9658340839,48541.965834083836
42,NL0 13 0 solar,legacy,NL0 13,3,0.0,53935.51759344085,53935.517593440774
42,NL0 14 0 solar,legacy,NL0 14,2,0.0,48541.9658340839,48541.965834083836
42,NL0 15 0 solar,legacy,NL0 15,2,0.0,48541.9658340839,48541.965834083836
42,NL0 16 0 solar,legacy,NL0 16,1,0.0,59329.069352818755,59329.06935281868
42,NL0 17 0 solar,legacy,NL0 17,1,0.0,59329.069352818755,59329.06935281868
42,NL0 18 0 solar,legacy,NL0 18,1,0.0,59329.069352818755,59329.06935281868
42,NL0 19 0 solar,legacy,NL0 19,2,0.0,48541.9658340839,48541.965834083836
42,NL0 2 0 solar,legacy,NL0 2,2,0.0,48541.9658340839,48541.965834083836
42,NL0 20 0 solar,legacy,NL0 20,1,0.0,59329.069352818755,59329.06935281868
42,NL0 21 0 solar,legacy,NL0 21,1,0.0,59329.069352818755,59329.06935281868
42,NL0 22 0 solar,legacy,NL0 22,3,0.0,53935.51759344085,53935.517593440774
42,NL0 23 0 solar,legacy,NL0 23,1,0.0,59329.069352818755,59329.06935281868
42,NL0 24 0 solar,legacy,NL0 24,1,0.0,59329.069352818755,59329.06935281868
42,NL0 25 0 solar,legacy,NL0 25,2,0.0,48541.9658340839,48541.965834083836
42,NL0 26 0 solar,legacy,NL0 26,2,0.0,48541.9658340839,48541.965834083836
42,NL0 27 0 solar,legacy,NL0 27,1,0.0,59329.069352818755,59329.06935281868
42,NL0 28 0 solar,legacy,NL0 28,2,0.0,48541.9658340839,48541.965834083836
42,NL0 3 0 solar,legacy,NL0 3,1,0.0,59329.069352818755,59329.06935281868
42,NL0 30 0 solar,legacy,NL0 30,1,0.0,59329.069352818755,59329.06935281868
42,NL0 31 0 solar,legacy,NL0 31,2,0.0,48541.9658340839,48541.965834083836
42,NL0 4 0 solar,legacy,NL0 4,2,0.0,48541.9658340839,48541.965834083836
42,NL0 5 0 solar,legacy,NL0 5,3,0.0,53935.51759344085,53935.517593440774
42,NL0 6 0 solar,legacy,NL0 6,3,0.0,53935.51759344085,53935.517593440774
42,NL0 7 0 solar,legacy,NL0 7,3,0.0,53935.51759344085,53935.517593440774
42,NL0 8 0 solar,legacy,NL0 8,1,0.0,59329.069352818755,59329.06935281868
42,NL0 9 0 solar,legacy,NL0 9,3,0.0,53935.51759344085,53935.517593440774
42,NL0 20 0 offwind-ac,legacy,NL0 20,1,0.0,59329.069352818755,59329.06935281868
42,NL0 27 0 offwind-ac,legacy,NL0 27,1,0.0,59329.069352818755,59329.06935281868
42,NL0 31 0 offwind-ac,legacy,NL0 31,2,0.0,48541.9658340839,48541.965834083836
42,NL0 32 0 offwind-ac,legacy,NL0 32,1,0.0,59329.069352818755,59329.06935281868
42,NL0 7 0 offwind-ac,legacy,NL0 7,3,0.0,53935.51759344085,53935.517593440774
42,NL0 0 0 onwind,legacy,NL0 0,1,0.0,59329.069352818755,59329.06935281868
42,NL0 1 0 onwind,legacy,NL0 1,3,0.0,53935.51759344085,53935.517593440774
42,NL0 10 0 onwind,legacy,NL0 10,1,0.0,59329.069352818755,59329.06935281868
42,NL0 11 0 onwind,legacy,NL0 11,3,0.0,53935.51759344085,53935.517593440774
42,NL0 12 0 onwind,legacy,NL0 12,2,0.0,48541.9658340839,48541.965834083836
42,NL0 13 0 onwind,legacy,NL0 13,3,0.0,53935.51759344085,53935.517593440774
42,NL0 14 0 onwind,legacy,NL0 14,2,0.0,48541.9658340839,48541.965834083836
42,NL0 15 0 onwind,legacy,NL0 15,2,0.0,48541.9658340839,48541.965834083836
42,NL0 17 0 onwind,legacy,NL0 17,1,0.0,59329.069352818755,59329.06935281868
42,NL0 19 0 onwind,legacy,NL0 19,2,0.0,48541.9658340839,48541.965834083836
42,NL0 2 0 onwind,legacy,NL0 2,2,0.0,48541.9658340839,48541.965834083836
42,NL0 20 0 onwind,legacy,NL0 20,1,0.0,59329.069352818755,59329.06935281868
42,NL0 21 0 onwind,legacy,NL0 21,1,0.0,59329.069352818755,59329.06935281868
42,NL0 22 0 onwind,legacy,NL0 22,3,0.0,53935.51759344085,53935.517593440774
42,NL0 23 0 onwind,legacy,NL0 23,1,0.0,59329.069352818755,59329.06935281868
42,NL0 24 0 onwind,legacy,NL0 24,1,0.0,59329.069352818755,59329.06935281868
42,NL0 27 0 onwind,legacy,NL0 27,1,0.0,59329.069352818755,59329.06935281868
42,NL0 3 0 onwind,legacy,NL0 3,1,0.0,59329.069352818755,59329.06935281868
42,NL0 30 0 onwind,legacy,NL0 30,1,0.0,59329.069352818755,59329.06935281868
42,NL0 31 0 onwind,legacy,NL0 31,2,0.0,48541.9658340839,48541.965834083836
42,NL0 4 0 onwind,legacy,NL0 4,2,0.0,48541.9658340839,48541.965834083836
42,NL0 5 0 onwind,legacy,NL0 5,3,0.0,53935.51759344085,53935.517593440774
42,NL0 6 0 onwind,legacy,NL0 6,3,0.0,53935.51759344085,53935.517593440774
42,NL0 7 0 onwind,legacy,NL0 7,3,0.0,53935.51759344085,53935.517593440774
42,NL0 8 0 onwind,legacy,NL0 8,1,0.0,59329.069352818755,59329.06935281868
42,NL0 9 0 onwind,legacy,NL0 9,3,0.0,53935.51759344085,53935.517593440774
43,NL0 0 Invest,investable,NL0 0,1,0.0,59329.069352818755,59329.06935292875
43,NL0 1 Invest,investable,NL0 1,3,1000.0,53935.51759344085,53935.51759357159
43,NL0 10 Invest,investable,NL0 10,1,0.0,59329.069352818755,59329.06935292875
43,NL0 11 Invest,investable,NL0 11,3,1000.0,53935.51759344085,53935.51759357159
43,NL0 12 Invest,investable,NL0 12,2,0.0,48541.9658340839,48541.96583421443
43,NL0 13 Invest,investable,NL0 13,3,1000.0,53935.51759344085,53935.51759357159
43,NL0 14 Invest,investable,NL0 14,2,421.30931852923914,48541.9658340839,48541.96583421443
43,NL0 15 Invest,investable,NL0 15,2,0.0,48541.9658340839,48541.96583421443
43,NL0 16 Invest,investable,NL0 16,1,1000.0,59329.069352818755,59329.06935292875
43,NL0 17 Invest,investable,NL0 17,1,0.0,59329.069352818755,59329.06935292875
43,NL0 18 Invest,investable,NL0 18,1,601.5467025248663,59329.069352818755,59329.06935292875
43,NL0 19 Invest,investable,NL0 19,2,0.0,48541.9658340839,48541.96583421443
43,NL0 2 Invest,investable,NL0 2,2,0.0,48541.9658340839,48541.96583421443
43,NL0 20 Invest,investable,NL0 20,1,0.0,59329.069352818755,59329.06935292875
43,NL0 21 Invest,investable,NL0 21,1,0.0,59329.069352818755,59329.06935292875
43,NL0 22 Invest,investable,NL0 22,3,1000.0,53935.51759344085,53935.51759357159
43,NL0 23 Invest,investable,NL0 23,1,1000.0,59329.069352818755,59329.06935292875
43,NL0 24 Invest,investable,NL0 24,1,0.0,59329.069352818755,59329.06935292875
43,NL0 25 Invest,investable,NL0 25,2,0.0,48541.9658340839,48541.96583421443
43,NL0 26 Invest,investable,NL0 26,2,1000.0,48541.9658340839,48541.96583421443
43,NL0 27 Invest,investable,NL0 27,1,0.0,59329.069352818755,59329.06935292875
43,NL0 28 Invest,investable,NL0 28,2,0.0,48541.9658340839,48541.96583421443
43,NL0 3 Invest,investable,NL0 3,1,1000.0,59329.069352818755,59329.06935292875
43,NL0 30 Invest,investable,NL0 30,1,1000.0,59329.069352818755,59329.06935292875
43,NL0 31 Invest,investable,NL0 31,2,0.0,48541.9658340839,48541.96583421443
43,NL0 33 Invest,investable,NL0 33,1,1000.0,59329.069352818755,59329.06935292875
43,NL0 4 Invest,investable,NL0 4,2,1000.0,48541.9658340839,48541.96583421443
43,NL0 5 Invest,investable,NL0 5,3,0.0,53935.51759344085,53935.51759357159
43,NL0 6 Invest,investable,NL0 6,3,0.0,53935.51759344085,53935.51759357159
43,NL0 7 Invest,investable,NL0 7,3,1000.0,53935.51759344085,53935.51759357159
43,NL0 8 Invest,investable,NL0 8,1,1000.0,59329.069352818755,59329.06935292875
43,NL0 9 Invest,investable,NL0 9,3,678.1047541590287,53935.51759344085,53935.51759357159
43,NL0 1 biomass,legacy,NL0 1,3,71.0,53935.51759344085,53935.51759344085
43,NL0 1 waste,legacy,NL0 1,3,31.0,53935.51759344085,53935.51759344085
43,NL0 10 waste,legacy,NL0 10,1,150.0,59329.069352818755,59329.069352818755
43,NL0 11 biomass,legacy,NL0 11,3,20.0,53935.51759344085,53935.51759344085
43,NL0 11 waste,legacy,NL0 11,3,50.0,53935.51759344085,53935.51759344085
43,NL0 13 biomass,legacy,NL0 13,3,77.0,53935.51759344085,53935.51759344085
43,NL0 19 biomass,legacy,NL0 19,2,49.0,48541.9658340839,48541.9658340839
43,NL0 19 waste,legacy,NL0 19,2,36.0,48541.9658340839,48541.9658340839
43,NL0 22 biomass,legacy,NL0 22,3,500.0,53935.51759344085,53935.51759344085
43,NL0 25 waste,legacy,NL0 25,2,54.0,48541.9658340839,48541.9658340839
43,NL0 27 biomass,legacy,NL0 27,1,22.0,59329.069352818755,59329.069352818755
43,NL0 27 waste,legacy,NL0 27,1,71.2,59329.069352818755,59329.069352818755
43,NL0 3 biomass,legacy,NL0 3,1,22.0,59329.069352818755,59329.069352818755
43,NL0 3 waste,legacy,NL0 3,1,108.0,59329.069352818755,59329.069352818755
43,NL0 30 biomass,legacy,NL0 30,1,60.0,59329.069352818755,59329.069352818755
43,NL0 7 nuclear,legacy,NL0 7,3,515.0,53935.51759344085,53935.51759344085
43,NL0 7 waste,legacy,NL0 7,3,39.0,53935.51759344085,53935.51759344085
43,NL0 8 biomass,legacy,NL0 8,1,36.0,59329.069352818755,59329.069352818755
43,NL0 8 waste,legacy,NL0 8,1,157.0,59329.069352818755,59329.069352818755
43,NL0 9 biomass,legacy,NL0 9,3,20.0,53935.51759344085,53935.51759344085
43,NL0 0 0 solar,legacy,NL0 0,1,0.0,59329.069352818755,59329.06935281868
43,NL0 1 0 solar,legacy,NL0 1,3,0.0,53935.51759344085,53935.517593440774
43,NL0 10 0 solar,legacy,NL0 10,1,0.0,59329.069352818755,59329.06935281868
43,NL0 11 0 solar,legacy,NL0 11,3,0.0,53935.51759344085,53935.517593440774
43,NL0 12 0 solar,legacy,NL0 12,2,0.0,48541.9658340839,48541.965834083836
43,NL0 13 0 solar,legacy,NL0 13,3,0.0,53935.51759344085,53935.517593440774
43,NL0 14 0 solar,legacy,NL0 14,2,0.0,48541.9658340839,48541.965834083836
43,NL0 15 0 solar,legacy,NL0 15,2,0.0,48541.9658340839,48541.965834083836
43,NL0 16 0 solar,legacy,NL0 16,1,0.0,59329.069352818755,59329.06935281868
43,NL0 17 0 solar,legacy,NL0 17,1,0.0,59329.069352818755,59329.06935281868
43,NL0 18 0 solar,legacy,NL0 18,1,0.0,59329.069352818755,59329.06935281868
43,NL0 19 0 solar,legacy,NL0 19,2,0.0,48541.9658340839,48541.965834083836
43,NL0 2 0 solar,legacy,NL0 2,2,0.0,48541.9658340839,48541.965834083836
43,NL0 20 0 solar,legacy,NL0 20,1,0.0,59329.069352818755,59329.06935281868
43,NL0 21 0 solar,legacy,NL0 21,1,0.0,59329.069352818755,59329.06935281868
43,NL0 22 0 solar,legacy,NL0 22,3,0.0,53935.51759344085,53935.517593440774
43,NL0 23 0 solar,legacy,NL0 23,1,0.0,59329.069352818755,59329.06935281868
43,NL0 24 0 solar,legacy,NL0 24,1,0.0,59329.069352818755,59329.06935281868
43,NL0 25 0 solar,legacy,NL0 25,2,0.0,48541.9658340839,48541.965834083836
43,NL0 26 0 solar,legacy,NL0 26,2,0.0,48541.9658340839,48541.965834083836
43,NL0 27 0 solar,legacy,NL0 27,1,0.0,59329.069352818755,59329.06935281868
43,NL0 28 0 solar,legacy,NL0 28,2,0.0,48541.9658340839,48541.965834083836
43,NL0 3 0 solar,legacy,NL0 3,1,0.0,59329.069352818755,59329.06935281868
43,NL0 30 0 solar,legacy,NL0 30,1,0.0,59329.069352818755,59329.06935281868
43,NL0 31 0 solar,legacy,NL0 31,2,0.0,48541.9658340839,48541.965834083836
43,NL0 4 0 solar,legacy,NL0 4,2,0.0,48541.9658340839,48541.965834083836
43,NL0 5 0 solar,legacy,NL0 5,3,0.0,53935.51759344085,53935.517593440774
43,NL0 6 0 solar,legacy,NL0 6,3,0.0,53935.51759344085,53935.517593440774
43,NL0 7 0 solar,legacy,NL0 7,3,0.0,53935.51759344085,53935.517593440774
43,NL0 8 0 solar,legacy,NL0 8,1,0.0,59329.069352818755,59329.06935281868
43,NL0 9 0 solar,legacy,NL0 9,3,0.0,53935.51759344085,53935.517593440774
43,NL0 20 0 offwind-ac,legacy,NL0 20,1,0.0,59329.069352818755,59329.06935281868
43,NL0 27 0 offwind-ac,legacy,NL0 27,1,0.0,59329.069352818755,59329.06935281868
43,NL0 31 0 offwind-ac,legacy,NL0 31,2,0.0,48541.9658340839,48541.965834083836
43,NL0 32 0 offwind-ac,legacy,NL0 32,1,0.0,59329.069352818755,59329.06935281868
43,NL0 7 0 offwind-ac,legacy,NL0 7,3,0.0,53935.51759344085,53935.517593440774
43,NL0 0 0 onwind,legacy,NL0 0,1,0.0,59329.069352818755,59329.06935281868
43,NL0 1 0 onwind,legacy,NL0 1,3,0.0,53935.51759344085,53935.517593440774
43,NL0 10 0 onwind,legacy,NL0 10,1,0.0,59329.069352818755,59329.06935281868
43,NL0 11 0 onwind,legacy,NL0 11,3,0.0,53935.51759344085,53935.517593440774
43,NL0 12 0 onwind,legacy,NL0 12,2,0.0,48541.9658340839,48541.965834083836
43,NL0 13 0 onwind,legacy,NL0 13,3,0.0,53935.51759344085,53935.517593440774
43,NL0 14 0 onwind,legacy,NL0 14,2,0.0,48541.9658340839,48541.965834083836
43,NL0 15 0 onwind,legacy,NL0 15,2,0.0,48541.9658340839,48541.965834083836
43,NL0 17 0 onwind,legacy,NL0 17,1,0.0,59329.069352818755,59329.06935281868
43,NL0 19 0 onwind,legacy,NL0 19,2,0.0,48541.9658340839,48541.965834083836
43,NL0 2 0 onwind,legacy,NL0 2,2,0.0,48541.9658340839,48541.965834083836
43,NL0 20 0 onwind,legacy,NL0 20,1,0.0,59329.069352818755,59329.06935281868
43,NL0 21 0 onwind,legacy,NL0 21,1,0.0,59329.069352818755,59329.06935281868
43,NL0 22 0 onwind,legacy,NL0 22,3,0.0,53935.51759344085,53935.517593440774
43,NL0 23 0 onwind,legacy,NL0 23,1,0.0,59329.069352818755,59329.06935281868
43,NL0 24 0 onwind,legacy,NL0 24,1,0.0,59329.069352818755,59329.06935281868
43,NL0 27 0 onwind,legacy,NL0 27,1,0.0,59329.069352818755,59329.06935281868
43,NL0 3 0 onwind,legacy,NL0 3,1,0.0,59329.069352818755,59329.06935281868
43,NL0 30 0 onwind,legacy,NL0 30,1,0.0,59329.069352818755,59329.06935281868
43,NL0 31 0 onwind,legacy,NL0 31,2,0.0,48541.9658340839,48541.965834083836
43,NL0 4 0 onwind,legacy,NL0 4,2,0.0,48541.9658340839,48541.965834083836
43,NL0 5 0 onwind,legacy,NL0 5,3,0.0,53935.51759344085,53935.517593440774
43,NL0 6 0 onwind,legacy,NL0 6,3,0.0,53935.51759344085,53935.517593440774
43,NL0 7 0 onwind,legacy,NL0 7,3,0.0,53935.51759344085,53935.517593440774
43,NL0 8 0 onwind,legacy,NL0 8,1,0.0,59329.069352818755,59329.06935281868
43,NL0 9 0 onwind,legacy,NL0 9,3,0.0,53935.51759344085,53935.517593440774
44,NL0 0 Invest,investable,NL0 0,1,1000.0,59329.069352818755,59329.06935292875
44,NL0 1 Invest,investable,NL0 1,3,1000.0,53935.51759344085,53935.51759357159
44,NL0 10 Invest,investable,NL0 10,1,1000.0,59329.069352818755,59329.06935292875
44,NL0 11 Invest,investable,NL0 11,3,678.1047541590287,53935.51759344085,53935.51759357159
44,NL0 12 Invest,investable,NL0 12,2,0.0,48541.9658340839,48541.96583421443
44,NL0 13 Invest,investable,NL0 13,3,1000.0,53935.51759344085,53935.51759357159
44,NL0 14 Invest,investable,NL0 14,2,0.0,48541.9658340839,48541.96583421443
44,NL0 15 Invest,investable,NL0 15,2,1000.0,48541.9658340839,48541.96583421443
44,NL0 16 Invest,investable,NL0 16,1,0.0,59329.069352818755,59329.06935292875
44,NL0 17 Invest,investable,NL0 17,1,1000.0,59329.069352818755,59329.06935292875
44,NL0 18 Invest,investable,NL0 18,1,0.0,59329.069352818755,59329.06935292875
44,NL0 19 Invest,investable,NL0 19,2,421.30931852923914,48541.9658340839,48541.96583421443
44,NL0 2 Invest,investable,NL0 2,2,1000.0,48541.9658340839,48541.96583421443
44,NL0 20 Invest,investable,NL0 20,1,1000.0,59329.069352818755,59329.06935292875
44,NL0 21 Invest,investable,NL0 21,1,601.5467025248663,59329.069352818755,59329.06935292875
44,NL0 22 Invest,investable,NL0 22,3,0.0,53935.51759344085,53935.51759357159
44,NL0 23 Invest,investable,NL0 23,1,0.0,59329.069352818755,59329.06935292875
44,NL0 24 Invest,investable,NL0 24,1,1000.0,59329.069352818755,59329.06935292875
44,NL0 25 Invest,investable,NL0 25,2,0.0,48541.9658340839,48541.96583421443
44,NL0 26 Invest,investable,NL0 26,2,0.0,48541.9658340839,48541.96583421443
44,NL0 27 Invest,investable,NL0 27,1,1000.0,59329.069352818755,59329.06935292875
44,NL0 28 Invest,investable,NL0 28,2,0.0,48541.9658340839,48541.96583421443
44,NL0 3 Invest,investable,NL0 3,1,0.0,59329.069352818755,59329.06935292875
44,NL0 30 Invest,investable,NL0 30,1,0.0,59329.069352818755,59329.06935292875
44,NL0 31 Invest,investable,NL0 31,2,0.0,48541.9658340839,48541.96583421443
44,NL0 33 Invest,investable,NL0 33,1,0.0,59329.069352818755,59329.06935292875
44,NL0 4 Invest,investable,NL0 4,2,0.0,48541.9658340839,48541.96583421443
44,NL0 5 Invest,investable,NL0 5,3,1000.0,53935.51759344085,53935.51759357159
44,NL0 6 Invest,investable,NL0 6,3,1000.0,53935.51759344085,53935.51759357159
44,NL0 7 Invest,investable,NL0 7,3,0.0,53935.51759344085,53935.51759357159
44,NL0 8 Invest,investable,NL0 8,1,0.0,59329.069352818755,59329.06935292875
44,NL0 9 Invest,investable,NL0 9,3,1000.0,53935.51759344085,53935.51759357159
44,NL0 1 biomass,legacy,NL0 1,3,71.0,53935.51759344085,53935.51759344085
44,NL0 1 waste,legacy,NL0 1,3,31.0,53935.51759344085,53935.51759344085
44,NL0 10 waste,legacy,NL0 10,1,150.0,59329.069352818755,59329.069352818755
44,NL0 11 biomass,legacy,NL0 11,3,20.0,53935.51759344085,53935.51759344085
44,NL0 11 waste,legacy,NL0 11,3,50.0,53935.51759344085,53935.51759344085
44,NL0 13 biomass,legacy,NL0 13,3,77.0,53935.51759344085,53935.51759344085
44,NL0 19 biomass,legacy,NL0 19,2,49.0,48541.9658340839,48541.9658340839
44,NL0 19 waste,legacy,NL0 19,2,36.0,48541.9658340839,48541.9658340839
44,NL0 22 biomass,legacy,NL0 22,3,500.0,53935.51759344085,53935.51759344085
44,NL0 25 waste,legacy,NL0 25,2,54.0,48541.9658340839,48541.9658340839
44,NL0 27 biomass,legacy,NL0 27,1,22.0,59329.069352818755,59329.069352818755
44,NL0 27 waste,legacy,NL0 27,1,71.2,59329.069352818755,59329.069352818755
44,NL0 3 biomass,legacy,NL0 3,1,22.0,59329.069352818755,59329.069352818755
44,NL0 3 waste,legacy,NL0 3,1,108.0,59329.069352818755,59329.069352818755
44,NL0 30 biomass,legacy,NL0 30,1,60.0,59329.069352818755,59329.069352818755
44,NL0 7 nuclear,legacy,NL0 7,3,515.0,53935.51759344085,53935.51759344085
44,NL0 7 waste,legacy,NL0 7,3,39.0,53935.51759344085,53935.51759344085
44,NL0 8 biomass,legacy,NL0 8,1,36.0,59329.069352818755,59329.069352818755
44,NL0 8 waste,legacy,NL0 8,1,157.0,59329.069352818755,59329.069352818755
44,NL0 9 biomass,legacy,NL0 9,3,20.0,53935.51759344085,53935.51759344085
44,NL0 0 0 solar,legacy,NL0 0,1,0.0,59329.069352818755,59329.06935281868
44,NL0 1 0 solar,legacy,NL0 1,3,0.0,53935.51759344085,53935.517593440774
44,NL0 10 0 solar,legacy,NL0 10,1,0.0,59329.069352818755,59329.06935281868
44,NL0 11 0 solar,legacy,NL0 11,3,0.0,53935.51759344085,53935.517593440774
44,NL0 12 0 solar,legacy,NL0 12,2,0.0,48541.9658340839,48541.965834083836
44,NL0 13 0 solar,legacy,NL0 13,3,0.0,53935.51759344085,53935.517593440774
44,NL0 14 0 solar,legacy,NL0 14,2,0.0,48541.9658340839,48541.965834083836
44,NL0 15 0 solar,legacy,NL0 15,2,0.0,48541.9658340839,48541.965834083836
44,NL0 16 0 solar,legacy,NL0 16,1,0.0,59329.069352818755,59329.06935281868
44,NL0 17 0 solar,legacy,NL0 17,1,0.0,59329.069352818755,59329.06935281868
44,NL0 18 0 solar,legacy,NL0 18,1,0.0,59329.069352818755,59329.06935281868
44,NL0 19 0 solar,legacy,NL0 19,2,0.0,48541.9658340839,48541.965834083836
44,NL0 2 0 solar,legacy,NL0 2,2,0.0,48541.9658340839,48541.965834083836
44,NL0 20 0 solar,legacy,NL0 20,1,0.0,59329.069352818755,59329.06935281868
44,NL0 21 0 solar,legacy,NL0 21,1,0.0,59329.069352818755,59329.06935281868
44,NL0 22 0 solar,legacy,NL0 22,3,0.0,53935.51759344085,53935.517593440774
44,NL0 23 0 solar,legacy,NL0 23,1,0.0,59329.069352818755,59329.06935281868
44,NL0 24 0 solar,legacy,NL0 24,1,0.0,59329.069352818755,59329.06935281868
44,NL0 25 0 solar,legacy,NL0 25,2,0.0,48541.9658340839,48541.965834083836
44,NL0 26 0 solar,legacy,NL0 26,2,0.0,48541.9658340839,48541.965834083836
44,NL0 27 0 solar,legacy,NL0 27,1,0.0,59329.069352818755,59329.06935281868
44,NL0 28 0 solar,legacy,NL0 28,2,0.0,48541.9658340839,48541.965834083836
44,NL0 3 0 solar,legacy,NL0 3,1,0.0,59329.069352818755,59329.06935281868
44,NL0 30 0 solar,legacy,NL0 30,1,0.0,59329.069352818755,59329.06935281868
44,NL0 31 0 solar,legacy,NL0 31,2,0.0,48541.9658340839,48541.965834083836
44,NL0 4 0 solar,legacy,NL0 4,2,0.0,48541.9658340839,48541.965834083836
44,NL0 5 0 solar,legacy,NL0 5,3,0.0,53935.51759344085,53935.517593440774
44,NL0 6 0 solar,legacy,NL0 6,3,0.0,53935.51759344085,53935.517593440774
44,NL0 7 0 solar,legacy,NL0 7,3,0.0,53935.51759344085,53935.517593440774
44,NL0 8 0 solar,legacy,NL0 8,1,0.0,59329.069352818755,59329.06935281868
44,NL0 9 0 solar,legacy,NL0 9,3,0.0,53935.51759344085,53935.517593440774
44,NL0 20 0 offwind-ac,legacy,NL0 20,1,0.0,59329.069352818755,59329.06935281868
44,NL0 27 0 offwind-ac,legacy,NL0 27,1,0.0,59329.069352818755,59329.06935281868
44,NL0 31 0 offwind-ac,legacy,NL0 31,2,0.0,48541.9658340839,48541.965834083836
44,NL0 32 0 offwind-ac,legacy,NL0 32,1,0.0,59329.069352818755,59329.06935281868
44,NL0 7 0 offwind-ac,legacy,NL0 7,3,0.0,53935.51759344085,53935.517593440774
44,NL0 0 0 onwind,legacy,NL0 0,1,0.0,59329.069352818755,59329.06935281868
44,NL0 1 0 onwind,legacy,NL0 1,3,0.0,53935.51759344085,53935.517593440774
44,NL0 10 0 onwind,legacy,NL0 10,1,0.0,59329.069352818755,59329.06935281868
44,NL0 11 0 onwind,legacy,NL0 11,3,0.0,53935.51759344085,53935.517593440774
44,NL0 12 0 onwind,legacy,NL0 12,2,0.0,48541.9658340839,48541.965834083836
44,NL0 13 0 onwind,legacy,NL0 13,3,0.0,53935.51759344085,53935.517593440774
44,NL0 14 0 onwind,legacy,NL0 14,2,0.0,48541.9658340839,48541.965834083836
44,NL0 15 0 onwind,legacy,NL0 15,2,0.0,48541.9658340839,48541.965834083836
44,NL0 17 0 onwind,legacy,NL0 17,1,0.0,59329.069352818755,59329.06935281868
44,NL0 19 0 onwind,legacy,NL0 19,2,0.0,48541.9658340839,48541.965834083836
44,NL0 2 0 onwind,legacy,NL0 2,2,0.0,48541.9658340839,48541.965834083836
44,NL0 20 0 onwind,legacy,NL0 20,1,0.0,59329.069352818755,59329.06935281868
44,NL0 21 0 onwind,legacy,NL0 21,1,0.0,59329.069352818755,59329.06935281868
44,NL0 22 0 onwind,legacy,NL0 22,3,0.0,53935.51759344085,53935.517593440774
44,NL0 23 0 onwind,legacy,NL0 23,1,0.0,59329.069352818755,59329.06935281868
44,NL0 24 0 onwind,legacy,NL0 24,1,0.0,59329.069352818755,59329.06935281868
44,NL0 27 0 onwind,legacy,NL0 27,1,0.0,59329.069352818755,59329.06935281868
44,NL0 3 0 onwind,legacy,NL0 3,1,0.0,59329.069352818755,59329.06935281868
44,NL0 30 0 onwind,legacy,NL0 30,1,0.0,59329.069352818755,59329.06935281868
44,NL0 31 0 onwind,legacy,NL0 31,2,0.0,48541.9658340839,48541.965834083836
44,NL0 4 0 onwind,legacy,NL0 4,2,0.0,48541.9658340839,48541.965834083836
44,NL0 5 0 onwind,legacy,NL0 5,3,0.0,53935.51759344085,53935.517593440774
44,NL0 6 0 onwind,legacy,NL0 6,3,0.0,53935.51759344085,53935.517593440774
44,NL0 7 0 onwind,legacy,NL0 7,3,0.0,53935.51759344085,53935.517593440774
44,NL0 8 0 onwind,legacy,NL0 8,1,0.0,59329.069352818755,59329.06935281868
44,NL0 9 0 onwind,legacy,NL0 9,3,0.0,53935.51759344085,53935.517593440774
45,NL0 0 Invest,investable,NL0 0,1,386.64592847445306,59329.069352818755,59329.06935292875
45,NL0 1 Invest,investable,NL0 1,3,313.37624387056303,53935.51759344085,53935.51759357159
45,NL0 10 Invest,investable,NL0 10,1,423.2132840450098,59329.069352818755,59329.06935292875
45,NL0 11 Invest,investable,NL0 11,3,1000.0,53935.51759344085,53935.51759357159
45,NL0 12 Invest,investable,NL0 12,2,352.1411432786199,48541.9658340839,48541.96583421443
45,NL0 13 Invest,investable,NL0 13,3,976.9417547158723,53935.51759344085,53935.51759357159
45,NL0 14 Invest,investable,NL0 14,2,280.94633040315966,48541.9658340839,48541.96583421443
45,NL0 15 Invest,investable,NL0 15,2,380.4159115754828,48541.9658340839,48541.96583421443
45,NL0 16 Invest,investable,NL0 16,1,477.87277770435026,59329.069352818755,59329.06935292875
45,NL0 17 Invest,investable,NL0 17,1,439.64841346983417,59329.069352818755,59329.06935292875
45,NL0 18 Invest,investable,NL0 18,1,434.80055171496974,59329.069352818755,59329.06935292875
45,NL0 19 Invest,investable,NL0 19,2,150.689415965463,48541.9658340839,48541.96583421443
45,NL0 2 Invest,investable,NL0 2,2,0.0,48541.9658340839,48541.96583421443
45,NL0 20 Invest,investable,NL0 20,1,530.132383497694,59329.069352818755,59329.06935292875
45,NL0 21 Invest,investable,NL0 21,1,461.2114605670299,59329.069352818755,59329.06935292875
45,NL0 22 Invest,investable,NL0 22,3,1000.0,53935.51759344085,53935.51759357159
45,NL0 23 Invest,investable,NL0 23,1,495.43137929272393,59329.069352818755,59329.06935292875
45,NL0 24 Invest,investable,NL0 24,1,493.30402005252313,59329.069352818755,59329.06935292875
45,NL0 25 Invest,investable,NL0 25,2,111.8560590706029,48541.9658340839,48541.96583421443
45,NL0 26 Invest,investable,NL0 26,2,255.98102705903148,48541.9658340839,48541.96583421443
45,NL0 27 Invest,investable,NL0 27,1,516.1385659515281,59329.069352818755,59329.06935292875
45,NL0 28 Invest,investable,NL0 28,2,490.57449953955984,48541.9658340839,48541.96583421443
45,NL0 3 Invest,investable,NL0 3,1,492.27566411669545,59329.069352818755,59329.06935292875
45,NL0 30 Invest,investable,NL0 30,1,496.53670325715325,59329.069352818755,59329.06935292875
45,NL0 31 Invest,investable,NL0 31,2,375.2807043568828,48541.9658340839,48541.96583421443
45,NL0 33 Invest,investable,NL0 33,1,475.9431136697426,59329.069352818755,59329.06935292875
45,NL0 4 Invest,investable,NL0 4,2,23.424227280436753,48541.9658340839,48541.96583421443
45,NL0 5 Invest,investable,NL0 5,3,480.448560464778,53935.51759344085,53935.51759357159
45,NL0 6 Invest,investable,NL0 6,3,1000.0,53935.51759344085,53935.51759357159
45,NL0 7 Invest,investable,NL0 7,3,0.0,53935.51759344085,53935.51759357159
45,NL0 8 Invest,investable,NL0 8,1,478.39245671115873,59329.069352818755,59329.06935292875
45,NL0 9 Invest,investable,NL0 9,3,907.3381951078154,53935.51759344085,53935.51759357159
45,NL0 1 biomass,legacy,NL0 1,3,71.0,53935.51759344085,53935.51759344085
45,NL0 1 waste,legacy,NL0 1,3,31.0,53935.51759344085,53935.51759344085
45,NL0 10 waste,legacy,NL0 10,1,150.0,59329.069352818755,59329.069352818755
45,NL0 11 biomass,legacy,NL0 11,3,20.0,53935.51759344085,53935.51759344085
45,NL0 11 waste,legacy,NL0 11,3,50.0,53935.51759344085,53935.51759344085
45,NL0 13 biomass,legacy,NL0 13,3,77.0,53935.51759344085,53935.51759344085
45,NL0 19 biomass,legacy,NL0 19,2,49.0,48541.9658340839,48541.9658340839
45,NL0 19 waste,legacy,NL0 19,2,36.0,48541.9658340839,48541.9658340839
45,NL0 22 biomass,legacy,NL0 22,3,500.0,53935.51759344085,53935.51759344085
45,NL0 25 waste,legacy,NL0 25,2,54.0,48541.9658340839,48541.9658340839
45,NL0 27 biomass,legacy,NL0 27,1,22.0,59329.069352818755,59329.069352818755
45,NL0 27 waste,legacy,NL0 27,1,71.2,59329.069352818755,59329.069352818755
45,NL0 3 biomass,legacy,NL0 3,1,22.0,59329.069352818755,59329.069352818755
45,NL0 3 waste,legacy,NL0 3,1,108.0,59329.069352818755,59329.069352818755
45,NL0 30 biomass,legacy,NL0 30,1,60.0,59329.069352818755,59329.069352818755
45,NL0 7 nuclear,legacy,NL0 7,3,515.0,53935.51759344085,53935.51759344085
45,NL0 7 waste,legacy,NL0 7,3,39.0,53935.51759344085,53935.51759344085
45,NL0 8 biomass,legacy,NL0 8,1,36.0,59329.069352818755,59329.069352818755
45,NL0 8 waste,legacy,NL0 8,1,157.0,59329.069352818755,59329.069352818755
45,NL0 9 biomass,legacy,NL0 9,3,20.0,53935.51759344085,53935.51759344085
45,NL0 0 0 solar,legacy,NL0 0,1,0.0,59329.069352818755,59329.06935281868
45,NL0 1 0 solar,legacy,NL0 1,3,0.0,53935.51759344085,53935.517593440774
45,NL0 10 0 solar,legacy,NL0 10,1,0.0,59329.069352818755,59329.06935281868
45,NL0 11 0 solar,legacy,NL0 11,3,0.0,53935.51759344085,53935.517593440774
45,NL0 12 0 solar,legacy,NL0 12,2,0.0,48541.9658340839,48541.965834083836
45,NL0 13 0 solar,legacy,NL0 13,3,0.0,53935.51759344085,53935.517593440774
45,NL0 14 0 solar,legacy,NL0 14,2,0.0,48541.9658340839,48541.965834083836
45,NL0 15 0 solar,legacy,NL0 15,2,0.0,48541.9658340839,48541.965834083836
45,NL0 16 0 solar,legacy,NL0 16,1,0.0,59329.069352818755,59329.06935281868
45,NL0 17 0 solar,legacy,NL0 17,1,0.0,59329.069352818755,59329.06935281868
45,NL0 18 0 solar,legacy,NL0 18,1,0.0,59329.069352818755,59329.06935281868
45,NL0 19 0 solar,legacy,NL0 19,2,0.0,48541.9658340839,48541.965834083836
45,NL0 2 0 solar,legacy,NL0 2,2,0.0,48541.9658340839,48541.965834083836
45,NL0 20 0 solar,legacy,NL0 20,1,0.0,59329.069352818755,59329.06935281868
45,NL0 21 0 solar,legacy,NL0 21,1,0.0,59329.069352818755,59329.06935281868
45,NL0 22 0 solar,legacy,NL0 22,3,0.0,53935.51759344085,53935.517593440774
45,NL0 23 0 solar,legacy,NL0 23,1,0.0,59329.069352818755,59329.06935281868
45,NL0 24 0 solar,legacy,NL0 24,1,0.0,59329.069352818755,59329.06935281868
45,NL0 25 0 solar,legacy,NL0 25,2,0.0,48541.9658340839,48541.965834083836
45,NL0 26 0 solar,legacy,NL0 26,2,0.0,48541.9658340839,48541.965834083836
45,NL0 27 0 solar,legacy,NL0 27,1,0.0,59329.069352818755,59329.06935281868
45,NL0 28 0 solar,legacy,NL0 28,2,0.0,48541.9658340839,48541.965834083836
45,NL0 3 0 solar,legacy,NL0 3,1,0.0,59329.069352818755,59329.06935281868
45,NL0 30 0 solar,legacy,NL0 30,1,0.0,59329.069352818755,59329.06935281868
45,NL0 31 0 solar,legacy,NL0 31,2,0.0,48541.9658340839,48541.965834083836
45,NL0 4 0 solar,legacy,NL0 4,2,0.0,48541.9658340839,48541.965834083836
45,NL0 5 0 solar,legacy,NL0 5,3,0.0,53935.51759344085,53935.517593440774
45,NL0 6 0 solar,legacy,NL0 6,3,0.0,53935.51759344085,53935.517593440774
45,NL0 7 0 solar,legacy,NL0 7,3,0.0,53935.51759344085,53935.517593440774
45,NL0 8 0 solar,legacy,NL0 8,1,0.0,59329.069352818755,59329.06935281868
45,NL0 9 0 solar,legacy,NL0 9,3,0.0,53935.51759344085,53935.517593440774
45,NL0 20 0 offwind-ac,legacy,NL0 20,1,0.0,59329.069352818755,59329.06935281868
45,NL0 27 0 offwind-ac,legacy,NL0 27,1,0.0,59329.069352818755,59329.06935281868
45,NL0 31 0 offwind-ac,legacy,NL0 31,2,0.0,48541.9658340839,48541.965834083836
45,NL0 32 0 offwind-ac,legacy,NL0 32,1,0.0,59329.069352818755,59329.06935281868
45,NL0 7 0 offwind-ac,legacy,NL0 7,3,0.0,53935.51759344085,53935.517593440774
45,NL0 0 0 onwind,legacy,NL0 0,1,0.0,59329.069352818755,59329.06935281868
45,NL0 1 0 onwind,legacy,NL0 1,3,0.0,53935.51759344085,53935.517593440774
45,NL0 10 0 onwind,legacy,NL0 10,1,0.0,59329.069352818755,59329.06935281868
45,NL0 11 0 onwind,legacy,NL0 11,3,0.0,53935.51759344085,53935.517593440774
45,NL0 12 0 onwind,legacy,NL0 12,2,0.0,48541.9658340839,48541.965834083836
45,NL0 13 0 onwind,legacy,NL0 13,3,0.0,53935.51759344085,53935.517593440774
45,NL0 14 0 onwind,legacy,NL0 14,2,0.0,48541.9658340839,48541.965834083836
45,NL0 15 0 onwind,legacy,NL0 15,2,0.0,48541.9658340839,48541.965834083836
45,NL0 17 0 onwind,legacy,NL0 17,1,0.0,59329.069352818755,59329.06935281868
45,NL0 19 0 onwind,legacy,NL0 19,2,0.0,48541.9658340839,48541.965834083836
45,NL0 2 0 onwind,legacy,NL0 2,2,0.0,48541.9658340839,48541.965834083836
45,NL0 20 0 onwind,legacy,NL0 20,1,0.0,59329.069352818755,59329.06935281868
45,NL0 21 0 onwind,legacy,NL0 21,1,0.0,59329.069352818755,59329.06935281868
45,NL0 22 0 onwind,legacy,NL0 22,3,0.0,53935.51759344085,53935.517593440774
45,NL0 23 0 onwind,legacy,NL0 23,1,0.0,59329.069352818755,59329.06935281868
45,NL0 24 0 onwind,legacy,NL0 24,1,0.0,59329.069352818755,59329.06935281868
45,NL0 27 0 onwind,legacy,NL0 27,1,0.0,59329.069352818755,59329.06935281868
45,NL0 3 0 onwind,legacy,NL0 3,1,0.0,59329.069352818755,59329.06935281868
45,NL0 30 0 onwind,legacy,NL0 30,1,0.0,59329.069352818755,59329.06935281868
45,NL0 31 0 onwind,legacy,NL0 31,2,0.0,48541.9658340839,48541.965834083836
45,NL0 4 0 onwind,legacy,NL0 4,2,0.0,48541.9658340839,48541.965834083836
45,NL0 5 0 onwind,legacy,NL0 5,3,0.0,53935.51759344085,53935.517593440774
45,NL0 6 0 onwind,legacy,NL0 6,3,0.0,53935.51759344085,53935.517593440774
45,NL0 7 0 onwind,legacy,NL0 7,3,0.0,53935.51759344085,53935.517593440774
45,NL0 8 0 onwind,legacy,NL0 8,1,0.0,59329.069352818755,59329.06935281868
45,NL0 9 0 onwind,legacy,NL0 9,3,0.0,53935.51759344085,53935.517593440774
46,NL0 0 Invest,investable,NL0 0,1,499.9295959884382,59329.069352818755,59329.06935292875
46,NL0 1 Invest,investable,NL0 1,3,552.5264319994051,53935.51759344085,53935.51759357159
46,NL0 10 Invest,investable,NL0 10,1,423.2132840450098,59329.069352818755,59329.06935292875
46,NL0 11 Invest,investable,NL0 11,3,0.0,53935.51759344085,53935.51759357159
46,NL0 12 Invest,investable,NL0 12,2,204.589115457297,48541.9658340839,48541.96583421443
46,NL0 13 Invest,investable,NL0 13,3,1000.0,53935.51759344085,53935.51759357159
46,NL0 14 Invest,investable,NL0 14,2,0.0,48541.9658340839,48541.96583421443
46,NL0 15 Invest,investable,NL0 15,2,363.9855722890279,48541.9658340839,48541.96583421443
46,NL0 16 Invest,investable,NL0 16,1,528.0932940716267,59329.069352818755,59329.06935292875
46,NL0 17 Invest,investable,NL0 17,1,416.7552545882817,59329.069352818755,59329.06935292875
46,NL0 18 Invest,investable,NL0 18,1,396.8894708867098,59329.069352818755,59329.06935292875
46,NL0 19 Invest,investable,NL0 19,2,318.67142384146393,48541.9658340839,48541.96583421443
46,NL0 2 Invest,investable,NL0 2,2,281.98386934210396,48541.9658340839,48541.96583421443
46,NL0 20 Invest,investable,NL0 20,1,490.13717525047207,59329.069352818755,59329.06935292875
46,NL0 21 Invest,investable,NL0 21,1,517.4491754413725,59329.069352818755,59329.06935292875
46,NL0 22 Invest,investable,NL0 22,3,1000.0,53935.51759344085,53935.51759357159
46,NL0 23 Invest,investable,NL0 23,1,439.80387468659944,59329.069352818755,59329.06935292875
46,NL0 24 Invest,investable,NL0 24,1,481.8942630681149,59329.069352818755,59329.06935292875
46,NL0 25 Invest,investable,NL0 25,2,259.40808689192454,48541.9658340839,48541.96583421443
46,NL0 26 Invest,investable,NL0 26,2,235.55104700435402,48541.9658340839,48541.96583421443
46,NL0 27 Invest,investable,NL0 27,1,467.68889359695766,59329.069352818755,59329.06935292875
46,NL0 28 Invest,investable,NL0 28,2,178.0347110679976,48541.9658340839,48541.96583421443
46,NL0 3 Invest,investable,NL0 3,1,480.5208779461142,59329.069352818755,59329.06935292875
46,NL0 30 Invest,investable,NL0 30,1,475.43925650661595,59329.069352818755,59329.06935292875
46,NL0 31 Invest,investable,NL0 31,2,125.97118761619936,48541.9658340839,48541.96583421443
46,NL0 33 Invest,investable,NL0 33,1,484.9098496827178,59329.069352818755,59329.06935292875
46,NL0 4 Invest,investable,NL0 4,2,453.11430501887094,48541.9658340839,48541.96583421443
46,NL0 5 Invest,investable,NL0 5,3,486.00543189474456,53935.51759344085,53935.51759357159
46,NL0 6 Invest,investable,NL0 6,3,639.5728902648791,53935.51759344085,53935.51759357159
46,NL0 7 Invest,investable,NL0 7,3,1000.0,53935.51759344085,53935.51759357159
46,NL0 8 Invest,investable,NL0 8,1,498.8224367658361,59329.069352818755,59329.06935292875
46,NL0 9 Invest,investable,NL0 9,3,1000.0,53935.51759344085,53935.51759357159
46,NL0 1 biomass,legacy,NL0 1,3,71.0,53935.51759344085,53935.51759344085
46,NL0 1 waste,legacy,NL0 1,3,31.0,53935.51759344085,53935.51759344085
46,NL0 10 waste,legacy,NL0 10,1,150.0,59329.069352818755,59329.069352818755
46,NL0 11 biomass,legacy,NL0 11,3,20.0,53935.51759344085,53935.51759344085
46,NL0 11 waste,legacy,NL0 11,3,50.0,53935.51759344085,53935.51759344085
46,NL0 13 biomass,legacy,NL0 13,3,77.0,53935.51759344085,53935.51759344085
46,NL0 19 biomass,legacy,NL0 19,2,49.0,48541.9658340839,48541.9658340839
46,NL0 19 waste,legacy,NL0 19,2,36.0,48541.9658340839,48541.9658340839
46,NL0 22 biomass,legacy,NL0 22,3,500.0,53935.51759344085,53935.51759344085
46,NL0 25 waste,legacy,NL0 25,2,54.0,48541.9658340839,48541.9658340839
46,NL0 27 biomass,legacy,NL0 27,1,22.0,59329.069352818755,59329.069352818755
46,NL0 27 waste,legacy,NL0 27,1,71.2,59329.069352818755,59329.069352818755
46,NL0 3 biomass,legacy,NL0 3,1,22.0,59329.069352818755,59329.069352818755
46,NL0 3 waste,legacy,NL0 3,1,108.0,59329.069352818755,59329.069352818755
46,NL0 30 biomass,legacy,NL0 30,1,60.0,59329.069352818755,59329.069352818755
46,NL0 7 nuclear,legacy,NL0 7,3,515.0,53935.51759344085,53935.51759344085
46,NL0 7 waste,legacy,NL0 7,3,39.0,53935.51759344085,53935.51759344085
46,NL0 8 biomass,legacy,NL0 8,1,36.0,59329.069352818755,59329.069352818755
46,NL0 8 waste,legacy,NL0 8,1,157.0,59329.069352818755,59329.069352818755
46,NL0 9 biomass,legacy,NL0 9,3,20.0,53935.51759344085,53935.51759344085
46,NL0 0 0 solar,legacy,NL0 0,1,0.0,59329.069352818755,59329.06935281868
46,NL0 1 0 solar,legacy,NL0 1,3,0.0,53935.51759344085,53935.517593440774
46,NL0 10 0 solar,legacy,NL0 10,1,0.0,59329.069352818755,59329.06935281868
46,NL0 11 0 solar,legacy,NL0 11,3,0.0,53935.51759344085,53935.517593440774
46,NL0 12 0 solar,legacy,NL0 12,2,0.0,48541.9658340839,48541.965834083836
46,NL0 13 0 solar,legacy,NL0 13,3,0.0,53935.51759344085,53935.517593440774
46,NL0 14 0 solar,legacy,NL0 14,2,0.0,48541.9658340839,48541.965834083836
46,NL0 15 0 solar,legacy,NL0 15,2,0.0,48541.9658340839,48541.965834083836
46,NL0 16 0 solar,legacy,NL0 16,1,0.0,59329.069352818755,59329.06935281868
46,NL0 17 0 solar,legacy,NL0 17,1,0.0,59329.069352818755,59329.06935281868
46,NL0 18 0 solar,legacy,NL0 18,1,0.0,59329.069352818755,59329.06935281868
46,NL0 19 0 solar,legacy,NL0 19,2,0.0,48541.9658340839,48541.965834083836
46,NL0 2 0 solar,legacy,NL0 2,2,0.0,48541.9658340839,48541.965834083836
46,NL0 20 0 solar,legacy,NL0 20,1,0.0,59329.069352818755,59329.06935281868
46,NL0 21 0 solar,legacy,NL0 21,1,0.0,59329.069352818755,59329.06935281868
46,NL0 22 0 solar,legacy,NL0 22,3,0.0,53935.51759344085,53935.517593440774
46,NL0 23 0 solar,legacy,NL0 23,1,0.0,59329.069352818755,59329.06935281868
46,NL0 24 0 solar,legacy,NL0 24,1,0.0,59329.069352818755,59329.06935281868
46,NL0 25 0 solar,legacy,NL0 25,2,0.0,48541.9658340839,48541.965834083836
46,NL0 26 0 solar,legacy,NL0 26,2,0.0,48541.9658340839,48541.965834083836
46,NL0 27 0 solar,legacy,NL0 27,1,0.0,59329.069352818755,59329.06935281868
46,NL0 28 0 solar,legacy,NL0 28,2,0.0,48541.9658340839,48541.965834083836
46,NL0 3 0 solar,legacy,NL0 3,1,0.0,59329.069352818755,59329.06935281868
46,NL0 30 0 solar,legacy,NL0 30,1,0.0,59329.069352818755,59329.06935281868
46,NL0 31 0 solar,legacy,NL0 31,2,0.0,48541.9658340839,48541.965834083836
46,NL0 4 0 solar,legacy,NL0 4,2,0.0,48541.9658340839,48541.965834083836
46,NL0 5 0 solar,legacy,NL0 5,3,0.0,53935.51759344085,53935.517593440774
46,NL0 6 0 solar,legacy,NL0 6,3,0.0,53935.51759344085,53935.517593440774
46,NL0 7 0 solar,legacy,NL0 7,3,0.0,53935.51759344085,53935.517593440774
46,NL0 8 0 solar,legacy,NL0 8,1,0.0,59329.069352818755,59329.06935281868
46,NL0 9 0 solar,legacy,NL0 9,3,0.0,53935.51759344085,53935.517593440774
46,NL0 20 0 offwind-ac,legacy,NL0 20,1,0.0,59329.069352818755,59329.06935281868
46,NL0 27 0 offwind-ac,legacy,NL0 27,1,0.0,59329.069352818755,59329.06935281868
46,NL0 31 0 offwind-ac,legacy,NL0 31,2,0.0,48541.9658340839,48541.965834083836
46,NL0 32 0 offwind-ac,legacy,NL0 32,1,0.0,59329.069352818755,59329.06935281868
46,NL0 7 0 offwind-ac,legacy,NL0 7,3,0.0,53935.51759344085,53935.517593440774
46,NL0 0 0 onwind,legacy,NL0 0,1,0.0,59329.069352818755,59329.06935281868
46,NL0 1 0 onwind,legacy,NL0 1,3,0.0,53935.51759344085,53935.517593440774
46,NL0 10 0 onwind,legacy,NL0 10,1,0.0,59329.069352818755,59329.06935281868
46,NL0 11 0 onwind,legacy,NL0 11,3,0.0,53935.51759344085,53935.517593440774
46,NL0 12 0 onwind,legacy,NL0 12,2,0.0,48541.9658340839,48541.965834083836
46,NL0 13 0 onwind,legacy,NL0 13,3,0.0,53935.51759344085,53935.517593440774
46,NL0 14 0 onwind,legacy,NL0 14,2,0.0,48541.9658340839,48541.965834083836
46,NL0 15 0 onwind,legacy,NL0 15,2,0.0,48541.9658340839,48541.965834083836
46,NL0 17 0 onwind,legacy,NL0 17,1,0.0,59329.069352818755,59329.06935281868
46,NL0 19 0 onwind,legacy,NL0 19,2,0.0,48541.9658340839,48541.965834083836
46,NL0 2 0 onwind,legacy,NL0 2,2,0.0,48541.9658340839,48541.965834083836
46,NL0 20 0 onwind,legacy,NL0 20,1,0.0,59329.069352818755,59329.06935281868
46,NL0 21 0 onwind,legacy,NL0 21,1,0.0,59329.069352818755,59329.06935281868
46,NL0 22 0 onwind,legacy,NL0 22,3,0.0,53935.51759344085,53935.517593440774
46,NL0 23 0 onwind,legacy,NL0 23,1,0.0,59329.069352818755,59329.06935281868
46,NL0 24 0 onwind,legacy,NL0 24,1,0.0,59329.069352818755,59329.06935281868
46,NL0 27 0 onwind,legacy,NL0 27,1,0.0,59329.069352818755,59329.06935281868
46,NL0 3 0 onwind,legacy,NL0 3,1,0.0,59329.069352818755,59329.06935281868
46,NL0 30 0 onwind,legacy,NL0 30,1,0.0,59329.069352818755,59329.06935281868
46,NL0 31 0 onwind,legacy,NL0 31,2,0.0,48541.9658340839,48541.965834083836
46,NL0 4 0 onwind,legacy,NL0 4,2,0.0,48541.9658340839,48541.965834083836
46,NL0 5 0 onwind,legacy,NL0 5,3,0.0,53935.51759344085,53935.517593440774
46,NL0 6 0 onwind,legacy,NL0 6,3,0.0,53935.51759344085,53935.517593440774
46,NL0 7 0 onwind,legacy,NL0 7,3,0.0,53935.51759344085,53935.517593440774
46,NL0 8 0 onwind,legacy,NL0 8,1,0.0,59329.069352818755,59329.06935281868
46,NL0 9 0 onwind,legacy,NL0 9,3,0.0,53935.51759344085,53935.517593440774
47,NL0 0 Invest,investable,NL0 0,1,1000.0,59329.069352818755,59329.06935292875
47,NL0 1 Invest,investable,NL0 1,3,1000.0,53935.51759344085,53935.51759357159
47,NL0 10 Invest,investable,NL0 10,1,1000.0,59329.069352818755,59329.06935292875
47,NL0 11 Invest,investable,NL0 11,3,1000.0,53935.51759344085,53935.51759357159
47,NL0 12 Invest,investable,NL0 12,2,0.0,48541.9658340839,48541.96583421443
47,NL0 13 Invest,investable,NL0 13,3,0.0,53935.51759344085,53935.51759357159
47,NL0 14 Invest,investable,NL0 14,2,0.0,48541.9658340839,48541.96583421443
47,NL0 15 Invest,investable,NL0 15,2,1000.0,48541.9658340839,48541.96583421443
47,NL0 16 Invest,investable,NL0 16,1,0.0,59329.069352818755,59329.06935292875
47,NL0 17 Invest,investable,NL0 17,1,1000.0,59329.069352818755,59329.06935292875
47,NL0 18 Invest,investable,NL0 18,1,0.0,59329.069352818755,59329.06935292875
47,NL0 19 Invest,investable,NL0 19,2,421.30931852923914,48541.9658340839,48541.96583421443
47,NL0 2 Invest,investable,NL0 2,2,1000.0,48541.9658340839,48541.96583421443
47,NL0 20 Invest,investable,NL0 20,1,1000.0,59329.069352818755,59329.06935292875
47,NL0 21 Invest,investable,NL0 21,1,601.5467025248663,59329.069352818755,59329.06935292875
47,NL0 22 Invest,investable,NL0 22,3,1000.0,53935.51759344085,53935.51759357159
47,NL0 23 Invest,investable,NL0 23,1,0.0,59329.069352818755,59329.06935292875
47,NL0 24 Invest,investable,NL0 24,1,1000.0,59329.069352818755,59329.06935292875
47,NL0 25 Invest,investable,NL0 25,2,0.0,48541.9658340839,48541.96583421443
47,NL0 26 Invest,investable,NL0 26,2,0.0,48541.9658340839,48541.96583421443
47,NL0 27 Invest,investable,NL0 27,1,1000.0,59329.069352818755,59329.06935292875
47,NL0 28 Invest,investable,NL0 28,2,0.0,48541.9658340839,48541.96583421443
47,NL0 3 Invest,investable,NL0 3,1,0.0,59329.069352818755,59329.06935292875
47,NL0 30 Invest,investable,NL0 30,1,0.0,59329.069352818755,59329.06935292875
47,NL0 31 Invest,investable,NL0 31,2,0.0,48541.9658340839,48541.96583421443
47,NL0 33 Invest,investable,NL0 33,1,0.0,59329.069352818755,59329.06935292875
47,NL0 4 Invest,investable,NL0 4,2,0.0,48541.9658340839,48541.96583421443
47,NL0 5 Invest,investable,NL0 5,3,1000.0,53935.51759344085,53935.51759357159
47,NL0 6 Invest,investable,NL0 6,3,678.1047541590287,53935.51759344085,53935.51759357159
47,NL0 7 Invest,investable,NL0 7,3,1000.0,53935.51759344085,53935.51759357159
47,NL0 8 Invest,investable,NL0 8,1,0.0,59329.069352818755,59329.06935292875
47,NL0 9 Invest,investable,NL0 9,3,0.0,53935.51759344085,53935.51759357159
47,NL0 1 biomass,legacy,NL0 1,3,71.0,53935.51759344085,53935.51759344085
47,NL0 1 waste,legacy,NL0 1,3,31.0,53935.51759344085,53935.51759344085
47,NL0 10 waste,legacy,NL0 10,1,150.0,59329.069352818755,59329.069352818755
47,NL0 11 biomass,legacy,NL0 11,3,20.0,53935.51759344085,53935.51759344085
47,NL0 11 waste,legacy,NL0 11,3,50.0,53935.51759344085,53935.51759344085
47,NL0 13 biomass,legacy,NL0 13,3,77.0,53935.51759344085,53935.51759344085
47,NL0 19 biomass,legacy,NL0 19,2,49.0,48541.9658340839,48541.9658340839
47,NL0 19 waste,legacy,NL0 19,2,36.0,48541.9658340839,48541.9658340839
47,NL0 22 biomass,legacy,NL0 22,3,500.0,53935.51759344085,53935.51759344085
47,NL0 25 waste,legacy,NL0 25,2,54.0,48541.9658340839,48541.9658340839
47,NL0 27 biomass,legacy,NL0 27,1,22.0,59329.069352818755,59329.069352818755
47,NL0 27 waste,legacy,NL0 27,1,71.2,59329.069352818755,59329.069352818755
47,NL0 3 biomass,legacy,NL0 3,1,22.0,59329.069352818755,59329.069352818755
47,NL0 3 waste,legacy,NL0 3,1,108.0,59329.069352818755,59329.069352818755
47,NL0 30 biomass,legacy,NL0 30,1,60.0,59329.069352818755,59329.069352818755
47,NL0 7 nuclear,legacy,NL0 7,3,515.0,53935.51759344085,53935.51759344085
47,NL0 7 waste,legacy,NL0 7,3,39.0,53935.51759344085,53935.51759344085
47,NL0 8 biomass,legacy,NL0 8,1,36.0,59329.069352818755,59329.069352818755
47,NL0 8 waste,legacy,NL0 8,1,157.0,59329.069352818755,59329.069352818755
47,NL0 9 biomass,legacy,NL0 9,3,20.0,53935.51759344085,53935.51759344085
47,NL0 0 0 solar,legacy,NL0 0,1,0.0,59329.069352818755,59329.06935281868
47,NL0 1 0 solar,legacy,NL0 1,3,0.0,53935.51759344085,53935.517593440774
47,NL0 10 0 solar,legacy,NL0 10,1,0.0,59329.069352818755,59329.06935281868
47,NL0 11 0 solar,legacy,NL0 11,3,0.0,53935.51759344085,53935.517593440774
47,NL0 12 0 solar,legacy,NL0 12,2,0.0,48541.9658340839,48541.965834083836
47,NL0 13 0 solar,legacy,NL0 13,3,0.0,53935.51759344085,53935.517593440774
47,NL0 14 0 solar,legacy,NL0 14,2,0.0,48541.9658340839,48541.965834083836
47,NL0 15 0 solar,legacy,NL0 15,2,0.0,48541.9658340839,48541.965834083836
47,NL0 16 0 solar,legacy,NL0 16,1,0.0,59329.069352818755,59329.06935281868
47,NL0 17 0 solar,legacy,NL0 17,1,0.0,59329.069352818755,59329.06935281868
47,NL0 18 0 solar,legacy,NL0 18,1,0.0,59329.069352818755,59329.06935281868
47,NL0 19 0 solar,legacy,NL0 19,2,0.0,48541.9658340839,48541.965834083836
47,NL0 2 0 solar,legacy,NL0 2,2,0.0,48541.9658340839,48541.965834083836
47,NL0 20 0 solar,legacy,NL0 20,1,0.0,59329.069352818755,59329.06935281868
47,NL0 21 0 solar,legacy,NL0 21,1,0.0,59329.069352818755,59329.06935281868
47,NL0 22 0 solar,legacy,NL0 22,3,0.0,53935.51759344085,53935.517593440774
47,NL0 23 0 solar,legacy,NL0 23,1,0.0,59329.069352818755,59329.06935281868
47,NL0 24 0 solar,legacy,NL0 24,1,0.0,59329.069352818755,59329.06935281868
47,NL0 25 0 solar,legacy,NL0 25,2,0.0,48541.9658340839,48541.965834083836
47,NL0 26 0 solar,legacy,NL0 26,2,0.0,48541.9658340839,48541.965834083836
47,NL0 27 0 solar,legacy,NL0 27,1,0.0,59329.069352818755,59329.06935281868
47,NL0 28 0 solar,legacy,NL0 28,2,0.0,48541.9658340839,48541.965834083836
47,NL0 3 0 solar,legacy,NL0 3,1,0.0,59329.069352818755,59329.06935281868
47,NL0 30 0 solar,legacy,NL0 30,1,0.0,59329.069352818755,59329.06935281868
47,NL0 31 0 solar,legacy,NL0 31,2,0.0,48541.9658340839,48541.965834083836
47,NL0 4 0 solar,legacy,NL0 4,2,0.0,48541.9658340839,48541.965834083836
47,NL0 5 0 solar,legacy,NL0 5,3,0.0,53935.51759344085,53935.517593440774
47,NL0 6 0 solar,legacy,NL0 6,3,0.0,53935.51759344085,53935.517593440774
47,NL0 7 0 solar,legacy,NL0 7,3,0.0,53935.51759344085,53935.517593440774
47,NL0 8 0 solar,legacy,NL0 8,1,0.0,59329.069352818755,59329.06935281868
47,NL0 9 0 solar,legacy,NL0 9,3,0.0,53935.51759344085,53935.517593440774
47,NL0 20 0 offwind-ac,legacy,NL0 20,1,0.0,59329.069352818755,59329.06935281868
47,NL0 27 0 offwind-ac,legacy,NL0 27,1,0.0,59329.069352818755,59329.06935281868
47,NL0 31 0 offwind-ac,legacy,NL0 31,2,0.0,48541.9658340839,48541.965834083836
47,NL0 32 0 offwind-ac,legacy,NL0 32,1,0.0,59329.069352818755,59329.06935281868
47,NL0 7 0 offwind-ac,legacy,NL0 7,3,0.0,53935.51759344085,53935.517593440774
47,NL0 0 0 onwind,legacy,NL0 0,1,0.0,59329.069352818755,59329.06935281868
47,NL0 1 0 onwind,legacy,NL0 1,3,0.0,53935.51759344085,53935.517593440774
47,NL0 10 0 onwind,legacy,NL0 10,1,0.0,59329.069352818755,59329.06935281868
47,NL0 11 0 onwind,legacy,NL0 11,3,0.0,53935.51759344085,53935.517593440774
47,NL0 12 0 onwind,legacy,NL0 12,2,0.0,48541.9658340839,48541.965834083836
47,NL0 13 0 onwind,legacy,NL0 13,3,0.0,53935.51759344085,53935.517593440774
47,NL0 14 0 onwind,legacy,NL0 14,2,0.0,48541.9658340839,48541.965834083836
47,NL0 15 0 onwind,legacy,NL0 15,2,0.0,48541.9658340839,48541.965834083836
47,NL0 17 0 onwind,legacy,NL0 17,1,0.0,59329.069352818755,59329.06935281868
47,NL0 19 0 onwind,legacy,NL0 19,2,0.0,48541.9658340839,48541.965834083836
47,NL0 2 0 onwind,legacy,NL0 2,2,0.0,48541.9658340839,48541.965834083836
47,NL0 20 0 onwind,legacy,NL0 20,1,0.0,59329.069352818755,59329.06935281868
47,NL0 21 0 onwind,legacy,NL0 21,1,0.0,59329.069352818755,59329.06935281868
47,NL0 22 0 onwind,legacy,NL0 22,3,0.0,53935.51759344085,53935.517593440774
47,NL0 23 0 onwind,legacy,NL0 23,1,0.0,59329.069352818755,59329.06935281868
47,NL0 24 0 onwind,legacy,NL0 24,1,0.0,59329.069352818755,59329.06935281868
47,NL0 27 0 onwind,legacy,NL0 27,1,0.0,59329.069352818755,59329.06935281868
47,NL0 3 0 onwind,legacy,NL0 3,1,0.0,59329.069352818755,59329.06935281868
47,NL0 30 0 onwind,legacy,NL0 30,1,0.0,59329.069352818755,59329.06935281868
47,NL0 31 0 onwind,legacy,NL0 31,2,0.0,48541.9658340839,48541.965834083836
47,NL0 4 0 onwind,legacy,NL0 4,2,0.0,48541.9658340839,48541.965834083836
47,NL0 5 0 onwind,legacy,NL0 5,3,0.0,53935.51759344085,53935.517593440774
47,NL0 6 0 onwind,legacy,NL0 6,3,0.0,53935.51759344085,53935.517593440774
47,NL0 7 0 onwind,legacy,NL0 7,3,0.0,53935.51759344085,53935.517593440774
47,NL0 8 0 onwind,legacy,NL0 8,1,0.0,59329.069352818755,59329.06935281868
47,NL0 9 0 onwind,legacy,NL0 9,3,0.0,53935.51759344085,53935.517593440774
48,NL0 0 Invest,investable,NL0 0,1,0.0,59329.069352818755,59329.06935292875
48,NL0 1 Invest,investable,NL0 1,3,0.0,53935.51759344085,53935.51759357159
48,NL0 10 Invest,investable,NL0 10,1,0.0,59329.069352818755,59329.06935292875
48,NL0 11 Invest,investable,NL0 11,3,0.0,53935.51759344085,53935.51759357159
48,NL0 12 Invest,investable,NL0 12,2,0.0,48541.9658340839,48541.96583421443
48,NL0 13 Invest,investable,NL0 13,3,1000.0,53935.51759344085,53935.51759357159
48,NL0 14 Invest,investable,NL0 14,2,421.30931852923914,48541.9658340839,48541.96583421443
48,NL0 15 Invest,investable,NL0 15,2,0.0,48541.9658340839,48541.96583421443
48,NL0 16 Invest,investable,NL0 16,1,1000.0,59329.069352818755,59329.06935292875
48,NL0 17 Invest,investable,NL0 17,1,0.0,59329.069352818755,59329.06935292875
48,NL0 18 Invest,investable,NL0 18,1,601.5467025248663,59329.069352818755,59329.06935292875
48,NL0 19 Invest,investable,NL0 19,2,0.0,48541.9658340839,48541.96583421443
48,NL0 2 Invest,investable,NL0 2,2,0.0,48541.9658340839,48541.96583421443
48,NL0 20 Invest,investable,NL0 20,1,0.0,59329.069352818755,59329.06935292875
48,NL0 21 Invest,investable,NL0 21,1,0.0,59329.069352818755,59329.06935292875
48,NL0 22 Invest,investable,NL0 22,3,678.1047541590287,53935.51759344085,53935.51759357159
48,NL0 23 Invest,investable,NL0 23,1,1000.0,59329.069352818755,59329.06935292875
48,NL0 24 Invest,investable,NL0 24,1,0.0,59329.069352818755,59329.06935292875
48,NL0 25 Invest,investable,NL0 25,2,0.0,48541.9658340839,48541.96583421443
48,NL0 26 Invest,investable,NL0 26,2,1000.0,48541.9658340839,48541.96583421443
48,NL0 27 Invest,investable,NL0 27,1,0.0,59329.069352818755,59329.06935292875
48,NL0 28 Invest,investable,NL0 28,2,0.0,48541.9658340839,48541.96583421443
48,NL0 3 Invest,investable,NL0 3,1,1000.0,59329.069352818755,59329.06935292875
48,NL0 30 Invest,investable,NL0 30,1,1000.0,59329.069352818755,59329.06935292875
48,NL0 31 Invest,investable,NL0 31,2,0.0,48541.9658340839,48541.96583421443
48,NL0 33 Invest,investable,NL0 33,1,1000.0,59329.069352818755,59329.06935292875
48,NL0 4 Invest,investable,NL0 4,2,1000.0,48541.9658340839,48541.96583421443
48,NL0 5 Invest,investable,NL0 5,3,1000.0,53935.51759344085,53935.51759357159
48,NL0 6 Invest,investable,NL0 6,3,1000.0,53935.51759344085,53935.51759357159
48,NL0 7 Invest,investable,NL0 7,3,1000.0,53935.51759344085,53935.51759357159
48,NL0 8 Invest,investable,NL0 8,1,1000.0,59329.069352818755,59329.06935292875
48,NL0 9 Invest,investable,NL0 9,3,1000.0,53935.51759344085,53935.51759357159
48,NL0 1 biomass,legacy,NL0 1,3,71.0,53935.51759344085,53935.51759344085
48,NL0 1 waste,legacy,NL0 1,3,31.0,53935.51759344085,53935.51759344085
48,NL0 10 waste,legacy,NL0 10,1,150.0,59329.069352818755,59329.069352818755
48,NL0 11 biomass,legacy,NL0 11,3,20.0,53935.51759344085,53935.51759344085
48,NL0 11 waste,legacy,NL0 11,3,50.0,53935.51759344085,53935.51759344085
48,NL0 13 biomass,legacy,NL0 13,3,77.0,53935.51759344085,53935.51759344085
48,NL0 19 biomass,legacy,NL0 19,2,49.0,48541.9658340839,48541.9658340839
48,NL0 19 waste,legacy,NL0 19,2,36.0,48541.9658340839,48541.9658340839
48,NL0 22 biomass,legacy,NL0 22,3,500.0,53935.51759344085,53935.51759344085
48,NL0 25 waste,legacy,NL0 25,2,54.0,48541.9658340839,48541.9658340839
48,NL0 27 biomass,legacy,NL0 27,1,22.0,59329.069352818755,59329.069352818755
48,NL0 27 waste,legacy,NL0 27,1,71.2,59329.069352818755,59329.069352818755
48,NL0 3 biomass,legacy,NL0 3,1,22.0,59329.069352818755,59329.069352818755
48,NL0 3 waste,legacy,NL0 3,1,108.0,59329.069352818755,59329.069352818755
48,NL0 30 biomass,legacy,NL0 30,1,60.0,59329.069352818755,59329.069352818755
48,NL0 7 nuclear,legacy,NL0 7,3,515.0,53935.51759344085,53935.51759344085
48,NL0 7 waste,legacy,NL0 7,3,39.0,53935.51759344085,53935.51759344085
48,NL0 8 biomass,legacy,NL0 8,1,36.0,59329.069352818755,59329.069352818755
48,NL0 8 waste,legacy,NL0 8,1,157.0,59329.069352818755,59329.069352818755
48,NL0 9 biomass,legacy,NL0 9,3,20.0,53935.51759344085,53935.51759344085
48,NL0 0 0 solar,legacy,NL0 0,1,0.0,59329.069352818755,59329.06935281868
48,NL0 1 0 solar,legacy,NL0 1,3,0.0,53935.51759344085,53935.517593440774
48,NL0 10 0 solar,legacy,NL0 10,1,0.0,59329.069352818755,59329.06935281868
48,NL0 11 0 solar,legacy,NL0 11,3,0.0,53935.51759344085,53935.517593440774
48,NL0 12 0 solar,legacy,NL0 12,2,0.0,48541.9658340839,48541.965834083836
48,NL0 13 0 solar,legacy,NL0 13,3,0.0,53935.51759344085,53935.517593440774
48,NL0 14 0 solar,legacy,NL0 14,2,0.0,48541.9658340839,48541.965834083836
48,NL0 15 0 solar,legacy,NL0 15,2,0.0,48541.9658340839,48541.965834083836
48,NL0 16 0 solar,legacy,NL0 16,1,0.0,59329.069352818755,59329.06935281868
48,NL0 17 0 solar,legacy,NL0 17,1,0.0,59329.069352818755,59329.06935281868
48,NL0 18 0 solar,legacy,NL0 18,1,0.0,59329.069352818755,59329.06935281868
48,NL0 19 0 solar,legacy,NL0 19,2,0.0,48541.9658340839,48541.965834083836
48,NL0 2 0 solar,legacy,NL0 2,2,0.0,48541.9658340839,48541.965834083836
48,NL0 20 0 solar,legacy,NL0 20,1,0.0,59329.069352818755,59329.06935281868
48,NL0 21 0 solar,legacy,NL0 21,1,0.0,59329.069352818755,59329.06935281868
48,NL0 22 0 solar,legacy,NL0 22,3,0.0,53935.51759344085,53935.517593440774
48,NL0 23 0 solar,legacy,NL0 23,1,0.0,59329.069352818755,59329.06935281868
48,NL0 24 0 solar,legacy,NL0 24,1,0.0,59329.069352818755,59329.06935281868
48,NL0 25 0 solar,legacy,NL0 25,2,0.0,48541.9658340839,48541.965834083836
48,NL0 26 0 solar,legacy,NL0 26,2,0.0,48541.9658340839,48541.965834083836
48,NL0 27 0 solar,legacy,NL0 27,1,0.0,59329.069352818755,59329.06935281868
48,NL0 28 0 solar,legacy,NL0 28,2,0.0,48541.9658340839,48541.965834083836
48,NL0 3 0 solar,legacy,NL0 3,1,0.0,59329.069352818755,59329.06935281868
48,NL0 30 0 solar,legacy,NL0 30,1,0.0,59329.069352818755,59329.06935281868
48,NL0 31 0 solar,legacy,NL0 31,2,0.0,48541.9658340839,48541.965834083836
48,NL0 4 0 solar,legacy,NL0 4,2,0.0,48541.9658340839,48541.965834083836
48,NL0 5 0 solar,legacy,NL0 5,3,0.0,53935.51759344085,53935.517593440774
48,NL0 6 0 solar,legacy,NL0 6,3,0.0,53935.51759344085,53935.517593440774
48,NL0 7 0 solar,legacy,NL0 7,3,0.0,53935.51759344085,53935.517593440774
48,NL0 8 0 solar,legacy,NL0 8,1,0.0,59329.069352818755,59329.06935281868
48,NL0 9 0 solar,legacy,NL0 9,3,0.0,53935.51759344085,53935.517593440774
48,NL0 20 0 offwind-ac,legacy,NL0 20,1,0.0,59329.069352818755,59329.06935281868
48,NL0 27 0 offwind-ac,legacy,NL0 27,1,0.0,59329.069352818755,59329.06935281868
48,NL0 31 0 offwind-ac,legacy,NL0 31,2,0.0,48541.9658340839,48541.965834083836
48,NL0 32 0 offwind-ac,legacy,NL0 32,1,0.0,59329.069352818755,59329.06935281868
48,NL0 7 0 offwind-ac,legacy,NL0 7,3,0.0,53935.51759344085,53935.517593440774
48,NL0 0 0 onwind,legacy,NL0 0,1,0.0,59329.069352818755,59329.06935281868
48,NL0 1 0 onwind,legacy,NL0 1,3,0.0,53935.51759344085,53935.517593440774
48,NL0 10 0 onwind,legacy,NL0 10,1,0.0,59329.069352818755,59329.06935281868
48,NL0 11 0 onwind,legacy,NL0 11,3,0.0,53935.51759344085,53935.517593440774
48,NL0 12 0 onwind,legacy,NL0 12,2,0.0,48541.9658340839,48541.965834083836
48,NL0 13 0 onwind,legacy,NL0 13,3,0.0,53935.51759344085,53935.517593440774
48,NL0 14 0 onwind,legacy,NL0 14,2,0.0,48541.9658340839,48541.965834083836
48,NL0 15 0 onwind,legacy,NL0 15,2,0.0,48541.9658340839,48541.965834083836
48,NL0 17 0 onwind,legacy,NL0 17,1,0.0,59329.069352818755,59329.06935281868
48,NL0 19 0 onwind,legacy,NL0 19,2,0.0,48541.9658340839,48541.965834083836
48,NL0 2 0 onwind,legacy,NL0 2,2,0.0,48541.9658340839,48541.965834083836
48,NL0 20 0 onwind,legacy,NL0 20,1,0.0,59329.069352818755,59329.06935281868
48,NL0 21 0 onwind,legacy,NL0 21,1,0.0,59329.069352818755,59329.06935281868
48,NL0 22 0 onwind,legacy,NL0 22,3,0.0,53935.51759344085,53935.517593440774
48,NL0 23 0 onwind,legacy,NL0 23,1,0.0,59329.069352818755,59329.06935281868
48,NL0 24 0 onwind,legacy,NL0 24,1,0.0,59329.069352818755,59329.06935281868
48,NL0 27 0 onwind,legacy,NL0 27,1,0.0,59329.069352818755,59329.06935281868
48,NL0 3 0 onwind,legacy,NL0 3,1,0.0,59329.069352818755,59329.06935281868
48,NL0 30 0 onwind,legacy,NL0 30,1,0.0,59329.069352818755,59329.06935281868
48,NL0 31 0 onwind,legacy,NL0 31,2,0.0,48541.9658340839,48541.965834083836
48,NL0 4 0 onwind,legacy,NL0 4,2,0.0,48541.9658340839,48541.965834083836
48,NL0 5 0 onwind,legacy,NL0 5,3,0.0,53935.51759344085,53935.517593440774
48,NL0 6 0 onwind,legacy,NL0 6,3,0.0,53935.51759344085,53935.517593440774
48,NL0 7 0 onwind,legacy,NL0 7,3,0.0,53935.51759344085,53935.517593440774
48,NL0 8 0 onwind,legacy,NL0 8,1,0.0,59329.069352818755,59329.06935281868
48,NL0 9 0 onwind,legacy,NL0 9,3,0.0,53935.51759344085,53935.517593440774
49,NL0 0 Invest,investable,NL0 0,1,0.0,59329.069352818755,59329.06935292875
49,NL0 1 Invest,investable,NL0 1,3,1000.0,53935.51759344085,53935.51759357159
49,NL0 10 Invest,investable,NL0 10,1,0.0,59329.069352818755,59329.06935292875
49,NL0 11 Invest,investable,NL0 11,3,1000.0,53935.51759344085,53935.51759357159
49,NL0 12 Invest,investable,NL0 12,2,0.0,48541.9658340839,48541.96583421443
49,NL0 13 Invest,investable,NL0 13,3,1000.0,53935.51759344085,53935.51759357159
49,NL0 14 Invest,investable,NL0 14,2,421.30931852923914,48541.9658340839,48541.96583421443
49,NL0 15 Invest,investable,NL0 15,2,0.0,48541.9658340839,48541.96583421443
49,NL0 16 Invest,investable,NL0 16,1,0.0,59329.069352818755,59329.06935292875
49,NL0 17 Invest,investable,NL0 17,1,1000.0,59329.069352818755,59329.06935292875
49,NL0 18 Invest,investable,NL0 18,1,1000.0,59329.069352818755,59329.06935292875
49,NL0 19 Invest,investable,NL0 19,2,0.0,48541.9658340839,48541.96583421443
49,NL0 2 Invest,investable,NL0 2,2,0.0,48541.9658340839,48541.96583421443
49,NL0 20 Invest,investable,NL0 20,1,0.0,59329.069352818755,59329.06935292875
49,NL0 21 Invest,investable,NL0 21,1,1000.0,59329.069352818755,59329.06935292875
49,NL0 22 Invest,investable,NL0 22,3,0.0,53935.51759344085,53935.51759357159
49,NL0 23 Invest,investable,NL0 23,1,1000.0,59329.069352818755,59329.06935292875
49,NL0 24 Invest,investable,NL0 24,1,0.0,59329.069352818755,59329.06935292875
49,NL0 25 Invest,investable,NL0 25,2,0.0,48541.9658340839,48541.96583421443
49,NL0 26 Invest,investable,NL0 26,2,1000.0,48541.9658340839,48541.96583421443
49,NL0 27 Invest,investable,NL0 27,1,601.5467025248663,59329.069352818755,59329.06935292875
49,NL0 28 Invest,investable,NL0 28,2,0.0,48541.9658340839,48541.96583421443
49,NL0 3 Invest,investable,NL0 3,1,0.0,59329.069352818755,59329.06935292875
49,NL0 30 Invest,investable,NL0 30,1,1000.0,59329.069352818755,59329.06935292875
49,NL0 31 Invest,investable,NL0 31,2,0.0,48541.9658340839,48541.96583421443
49,NL0 33 Invest,investable,NL0 33,1,1000.0,59329.069352818755,59329.06935292875
49,NL0 4 Invest,investable,NL0 4,2,1000.0,48541.9658340839,48541.96583421443
49,NL0 5 Invest,investable,NL0 5,3,678.1047541590287,53935.51759344085,53935.51759357159
49,NL0 6 Invest,investable,NL0 6,3,1000.0,53935.51759344085,53935.51759357159
49,NL0 7 Invest,investable,NL0 7,3,0.0,53935.51759344085,53935.51759357159
49,NL0 8 Invest,investable,NL0 8,1,0.0,59329.069352818755,59329.06935292875
49,NL0 9 Invest,investable,NL0 9,3,1000.0,53935.51759344085,53935.51759357159
49,NL0 1 biomass,legacy,NL0 1,3,71.0,53935.51759344085,53935.51759344085
49,NL0 1 waste,legacy,NL0 1,3,31.0,53935.51759344085,53935.51759344085
49,NL0 10 waste,legacy,NL0 10,1,150.0,59329.069352818755,59329.069352818755
49,NL0 11 biomass,legacy,NL0 11,3,20.0,53935.51759344085,53935.51759344085
49,NL0 11 waste,legacy,NL0 11,3,50.0,53935.51759344085,53935.51759344085
49,NL0 13 biomass,legacy,NL0 13,3,77.0,53935.51759344085,53935.51759344085
49,NL0 19 biomass,legacy,NL0 19,2,49.0,48541.9658340839,48541.9658340839
49,NL0 19 waste,legacy,NL0 19,2,36.0,48541.9658340839,48541.9658340839
49,NL0 22 biomass,legacy,NL0 22,3,500.0,53935.51759344085,53935.51759344085
49,NL0 25 waste,legacy,NL0 25,2,54.0,48541.9658340839,48541.9658340839
49,NL0 27 biomass,legacy,NL0 27,1,22.0,59329.069352818755,59329.069352818755
49,NL0 27 waste,legacy,NL0 27,1,71.2,59329.069352818755,59329.069352818755
49,NL0 3 biomass,legacy,NL0 3,1,22.0,59329.069352818755,59329.069352818755
49,NL0 3 waste,legacy,NL0 3,1,108.0,59329.069352818755,59329.069352818755
49,NL0 30 biomass,legacy,NL0 30,1,60.0,59329.069352818755,59329.069352818755
49,NL0 7 nuclear,legacy,NL0 7,3,515.0,53935.51759344085,53935.51759344085
49,NL0 7 waste,legacy,NL0 7,3,39.0,53935.51759344085,53935.51759344085
49,NL0 8 biomass,legacy,NL0 8,1,36.0,59329.069352818755,59329.069352818755
49,NL0 8 waste,legacy,NL0 8,1,157.0,59329.069352818755,59329.069352818755
49,NL0 9 biomass,legacy,NL0 9,3,20.0,53935.51759344085,53935.51759344085
49,NL0 0 0 solar,legacy,NL0 0,1,0.0,59329.069352818755,59329.06935281868
49,NL0 1 0 solar,legacy,NL0 1,3,0.0,53935.51759344085,53935.517593440774
49,NL0 10 0 solar,legacy,NL0 10,1,0.0,59329.069352818755,59329.06935281868
49,NL0 11 0 solar,legacy,NL0 11,3,0.0,53935.51759344085,53935.517593440774
49,NL0 12 0 solar,legacy,NL0 12,2,0.0,48541.9658340839,48541.965834083836
49,NL0 13 0 solar,legacy,NL0 13,3,0.0,53935.51759344085,53935.517593440774
49,NL0 14 0 solar,legacy,NL0 14,2,0.0,48541.9658340839,48541.965834083836
49,NL0 15 0 solar,legacy,NL0 15,2,0.0,48541.9658340839,48541.965834083836
49,NL0 16 0 solar,legacy,NL0 16,1,0.0,59329.069352818755,59329.06935281868
49,NL0 17 0 solar,legacy,NL0 17,1,0.0,59329.069352818755,59329.06935281868
49,NL0 18 0 solar,legacy,NL0 18,1,0.0,59329.069352818755,59329.06935281868
49,NL0 19 0 solar,legacy,NL0 19,2,0.0,48541.9658340839,48541.965834083836
49,NL0 2 0 solar,legacy,NL0 2,2,0.0,48541.9658340839,48541.965834083836
49,NL0 20 0 solar,legacy,NL0 20,1,0.0,59329.069352818755,59329.06935281868
49,NL0 21 0 solar,legacy,NL0 21,1,0.0,59329.069352818755,59329.06935281868
49,NL0 22 0 solar,legacy,NL0 22,3,0.0,53935.51759344085,53935.517593440774
49,NL0 23 0 solar,legacy,NL0 23,1,0.0,59329.069352818755,59329.06935281868
49,NL0 24 0 solar,legacy,NL0 24,1,0.0,59329.069352818755,59329.06935281868
49,NL0 25 0 solar,legacy,NL0 25,2,0.0,48541.9658340839,48541.965834083836
49,NL0 26 0 solar,legacy,NL0 26,2,0.0,48541.9658340839,48541.965834083836
49,NL0 27 0 solar,legacy,NL0 27,1,0.0,59329.069352818755,59329.06935281868
49,NL0 28 0 solar,legacy,NL0 28,2,0.0,48541.9658340839,48541.965834083836
49,NL0 3 0 solar,legacy,NL0 3,1,0.0,59329.069352818755,59329.06935281868
49,NL0 30 0 solar,legacy,NL0 30,1,0.0,59329.069352818755,59329.06935281868
49,NL0 31 0 solar,legacy,NL0 31,2,0.0,48541.9658340839,48541.965834083836
49,NL0 4 0 solar,legacy,NL0 4,2,0.0,48541.9658340839,48541.965834083836
49,NL0 5 0 solar,legacy,NL0 5,3,0.0,53935.51759344085,53935.517593440774
49,NL0 6 0 solar,legacy,NL0 6,3,0.0,53935.51759344085,53935.517593440774
49,NL0 7 0 solar,legacy,NL0 7,3,0.0,53935.51759344085,53935.517593440774
49,NL0 8 0 solar,legacy,NL0 8,1,0.0,59329.069352818755,59329.06935281868
49,NL0 9 0 solar,legacy,NL0 9,3,0.0,53935.51759344085,53935.517593440774
49,NL0 20 0 offwind-ac,legacy,NL0 20,1,0.0,59329.069352818755,59329.06935281868
49,NL0 27 0 offwind-ac,legacy,NL0 27,1,0.0,59329.069352818755,59329.06935281868
49,NL0 31 0 offwind-ac,legacy,NL0 31,2,0.0,48541.9658340839,48541.965834083836
49,NL0 32 0 offwind-ac,legacy,NL0 32,1,0.0,59329.069352818755,59329.06935281868
49,NL0 7 0 offwind-ac,legacy,NL0 7,3,0.0,53935.51759344085,53935.517593440774
49,NL0 0 0 onwind,legacy,NL0 0,1,0.0,59329.069352818755,59329.06935281868
49,NL0 1 0 onwind,legacy,NL0 1,3,0.0,53935.51759344085,53935.517593440774
49,NL0 10 0 onwind,legacy,NL0 10,1,0.0,59329.069352818755,59329.06935281868
49,NL0 11 0 onwind,legacy,NL0 11,3,0.0,53935.51759344085,53935.517593440774
49,NL0 12 0 onwind,legacy,NL0 12,2,0.0,48541.9658340839,48541.965834083836
49,NL0 13 0 onwind,legacy,NL0 13,3,0.0,53935.51759344085,53935.517593440774
49,NL0 14 0 onwind,legacy,NL0 14,2,0.0,48541.9658340839,48541.965834083836
49,NL0 15 0 onwind,legacy,NL0 15,2,0.0,48541.9658340839,48541.965834083836
49,NL0 17 0 onwind,legacy,NL0 17,1,0.0,59329.069352818755,59329.06935281868
49,NL0 19 0 onwind,legacy,NL0 19,2,0.0,48541.9658340839,48541.965834083836
49,NL0 2 0 onwind,legacy,NL0 2,2,0.0,48541.9658340839,48541.965834083836
49,NL0 20 0 onwind,legacy,NL0 20,1,0.0,59329.069352818755,59329.06935281868
49,NL0 21 0 onwind,legacy,NL0 21,1,0.0,59329.069352818755,59329.06935281868
49,NL0 22 0 onwind,legacy,NL0 22,3,0.0,53935.51759344085,53935.517593440774
49,NL0 23 0 onwind,legacy,NL0 23,1,0.0,59329.069352818755,59329.06935281868
49,NL0 24 0 onwind,legacy,NL0 24,1,0.0,59329.069352818755,59329.06935281868
49,NL0 27 0 onwind,legacy,NL0 27,1,0.0,59329.069352818755,59329.06935281868
49,NL0 3 0 onwind,legacy,NL0 3,1,0.0,59329.069352818755,59329.06935281868
49,NL0 30 0 onwind,legacy,NL0 30,1,0.0,59329.069352818755,59329.06935281868
49,NL0 31 0 onwind,legacy,NL0 31,2,0.0,48541.9658340839,48541.965834083836
49,NL0 4 0 onwind,legacy,NL0 4,2,0.0,48541.9658340839,48541.965834083836
49,NL0 5 0 onwind,legacy,NL0 5,3,0.0,53935.51759344085,53935.517593440774
49,NL0 6 0 onwind,legacy,NL0 6,3,0.0,53935.51759344085,53935.517593440774
49,NL0 7 0 onwind,legacy,NL0 7,3,0.0,53935.51759344085,53935.517593440774
49,NL0 8 0 onwind,legacy,NL0 8,1,0.0,59329.069352818755,59329.06935281868
49,NL0 9 0 onwind,legacy,NL0 9,3,0.0,53935.51759344085,53935.517593440774
50,NL0 0 Invest,investable,NL0 0,1,1000.0,59329.069352818755,59329.06935292875
50,NL0 1 Invest,investable,NL0 1,3,0.0,53935.51759344085,53935.51759357159
50,NL0 10 Invest,investable,NL0 10,1,601.5467025248663,59329.069352818755,59329.06935292875
50,NL0 11 Invest,investable,NL0 11,3,0.0,53935.51759344085,53935.51759357159
50,NL0 12 Invest,investable,NL0 12,2,0.0,48541.9658340839,48541.96583421443
50,NL0 13 Invest,investable,NL0 13,3,678.1047541590287,53935.51759344085,53935.51759357159
50,NL0 14 Invest,investable,NL0 14,2,0.0,48541.9658340839,48541.96583421443
50,NL0 15 Invest,investable,NL0 15,2,1000.0,48541.9658340839,48541.96583421443
50,NL0 16 Invest,investable,NL0 16,1,1000.0,59329.069352818755,59329.06935292875
50,NL0 17 Invest,investable,NL0 17,1,0.0,59329.069352818755,59329.06935292875
50,NL0 18 Invest,investable,NL0 18,1,0.0,59329.069352818755,59329.06935292875
50,NL0 19 Invest,investable,NL0 19,2,421.30931852923914,48541.9658340839,48541.96583421443
50,NL0 2 Invest,investable,NL0 2,2,1000.0,48541.9658340839,48541.96583421443
50,NL0 20 Invest,investable,NL0 20,1,1000.0,59329.069352818755,59329.06935292875
50,NL0 21 Invest,investable,NL0 21,1,0.0,59329.069352818755,59329.06935292875
50,NL0 22 Invest,investable,NL0 22,3,1000.0,53935.51759344085,53935.51759357159
50,NL0 23 Invest,investable,NL0 23,1,0.0,59329.069352818755,59329.06935292875
50,NL0 24 Invest,investable,NL0 24,1,1000.0,59329.069352818755,59329.06935292875
50,NL0 25 Invest,investable,NL0 25,2,0.0,48541.9658340839,48541.96583421443
50,NL0 26 Invest,investable,NL0 26,2,0.0,48541.9658340839,48541.96583421443
50,NL0 27 Invest,investable,NL0 27,1,0.0,59329.069352818755,59329.06935292875
50,NL0 28 Invest,investable,NL0 28,2,0.0,48541.9658340839,48541.96583421443
50,NL0 3 Invest,investable,NL0 3,1,1000.0,59329.069352818755,59329.06935292875
50,NL0 30 Invest,investable,NL0 30,1,0.0,59329.069352818755,59329.06935292875
50,NL0 31 Invest,investable,NL0 31,2,0.0,48541.9658340839,48541.96583421443
50,NL0 33 Invest,investable,NL0 33,1,0.0,59329.069352818755,59329.06935292875
50,NL0 4 Invest,investable,NL0 4,2,0.0,48541.9658340839,48541.96583421443
50,NL0 5 Invest,investable,NL0 5,3,1000.0,53935.51759344085,53935.51759357159
50,NL0 6 Invest,investable,NL0 6,3,1000.0,53935.51759344085,53935.51759357159
50,NL0 7 Invest,investable,NL0 7,3,1000.0,53935.51759344085,53935.51759357159
50,NL0 8 Invest,investable,NL0 8,1,1000.0,59329.069352818755,59329.06935292875
50,NL0 9 Invest,investable,NL0 9,3,1000.0,53935.51759344085,53935.51759357159
50,NL0 1 biomass,legacy,NL0 1,3,71.0,53935.51759344085,53935.51759344085
50,NL0 1 waste,legacy,NL0 1,3,31.0,53935.51759344085,53935.51759344085
50,NL0 10 waste,legacy,NL0 10,1,150.0,59329.069352818755,59329.069352818755
50,NL0 11 biomass,legacy,NL0 11,3,20.0,53935.51759344085,53935.51759344085
50,NL0 11 waste,legacy,NL0 11,3,50.0,53935.51759344085,53935.51759344085
50,NL0 13 biomass,legacy,NL0 13,3,77.0,53935.51759344085,53935.51759344085
50,NL0 19 biomass,legacy,NL0 19,2,49.0,48541.9658340839,48541.9658340839
50,NL0 19 waste,legacy,NL0 19,2,36.0,48541.9658340839,48541.9658340839
50,NL0 22 biomass,legacy,NL0 22,3,500.0,53935.51759344085,53935.51759344085
50,NL0 25 waste,legacy,NL0 25,2,54.0,48541.9658340839,48541.9658340839
50,NL0 27 biomass,legacy,NL0 27,1,22.0,59329.069352818755,59329.069352818755
50,NL0 27 waste,legacy,NL0 27,1,71.2,59329.069352818755,59329.069352818755
50,NL0 3 biomass,legacy,NL0 3,1,22.0,59329.069352818755,59329.069352818755
50,NL0 3 waste,legacy,NL0 3,1,108.0,59329.069352818755,59329.069352818755
50,NL0 30 biomass,legacy,NL0 30,1,60.0,59329.069352818755,59329.069352818755
50,NL0 7 nuclear,legacy,NL0 7,3,515.0,53935.51759344085,53935.51759344085
50,NL0 7 waste,legacy,NL0 7,3,39.0,53935.51759344085,53935.51759344085
50,NL0 8 biomass,legacy,NL0 8,1,36.0,59329.069352818755,59329.069352818755
50,NL0 8 waste,legacy,NL0 8,1,157.0,59329.069352818755,59329.069352818755
50,NL0 9 biomass,legacy,NL0 9,3,20.0,53935.51759344085,53935.51759344085
50,NL0 0 0 solar,legacy,NL0 0,1,0.0,59329.069352818755,59329.06935281868
50,NL0 1 0 solar,legacy,NL0 1,3,0.0,53935.51759344085,53935.517593440774
50,NL0 10 0 solar,legacy,NL0 10,1,0.0,59329.069352818755,59329.06935281868
50,NL0 11 0 solar,legacy,NL0 11,3,0.0,53935.51759344085,53935.517593440774
50,NL0 12 0 solar,legacy,NL0 12,2,0.0,48541.9658340839,48541.965834083836
50,NL0 13 0 solar,legacy,NL0 13,3,0.0,53935.51759344085,53935.517593440774
50,NL0 14 0 solar,legacy,NL0 14,2,0.0,48541.9658340839,48541.965834083836
50,NL0 15 0 solar,legacy,NL0 15,2,0.0,48541.9658340839,48541.965834083836
50,NL0 16 0 solar,legacy,NL0 16,1,0.0,59329.069352818755,59329.06935281868
50,NL0 17 0 solar,legacy,NL0 17,1,0.0,59329.069352818755,59329.06935281868
50,NL0 18 0 solar,legacy,NL0 18,1,0.0,59329.069352818755,59329.06935281868
50,NL0 19 0 solar,legacy,NL0 19,2,0.0,48541.9658340839,48541.965834083836
50,NL0 2 0 solar,legacy,NL0 2,2,0.0,48541.9658340839,48541.965834083836
50,NL0 20 0 solar,legacy,NL0 20,1,0.0,59329.069352818755,59329.06935281868
50,NL0 21 0 solar,legacy,NL0 21,1,0.0,59329.069352818755,59329.06935281868
50,NL0 22 0 solar,legacy,NL0 22,3,0.0,53935.51759344085,53935.517593440774
50,NL0 23 0 solar,legacy,NL0 23,1,0.0,59329.069352818755,59329.06935281868
50,NL0 24 0 solar,legacy,NL0 24,1,0.0,59329.069352818755,59329.06935281868
50,NL0 25 0 solar,legacy,NL0 25,2,0.0,48541.9658340839,48541.965834083836
50,NL0 26 0 solar,legacy,NL0 26,2,0.0,48541.9658340839,48541.965834083836
50,NL0 27 0 solar,legacy,NL0 27,1,0.0,59329.069352818755,59329.06935281868
50,NL0 28 0 solar,legacy,NL0 28,2,0.0,48541.9658340839,48541.965834083836
50,NL0 3 0 solar,legacy,NL0 3,1,0.0,59329.069352818755,59329.06935281868
50,NL0 30 0 solar,legacy,NL0 30,1,0.0,59329.069352818755,59329.06935281868
50,NL0 31 0 solar,legacy,NL0 31,2,0.0,48541.9658340839,48541.965834083836
50,NL0 4 0 solar,legacy,NL0 4,2,0.0,48541.9658340839,48541.965834083836
50,NL0 5 0 solar,legacy,NL0 5,3,0.0,53935.51759344085,53935.517593440774
50,NL0 6 0 solar,legacy,NL0 6,3,0.0,53935.51759344085,53935.517593440774
50,NL0 7 0 solar,legacy,NL0 7,3,0.0,53935.51759344085,53935.517593440774
50,NL0 8 0 solar,legacy,NL0 8,1,0.0,59329.069352818755,59329.06935281868
50,NL0 9 0 solar,legacy,NL0 9,3,0.0,53935.51759344085,53935.517593440774
50,NL0 20 0 offwind-ac,legacy,NL0 20,1,0.0,59329.069352818755,59329.06935281868
50,NL0 27 0 offwind-ac,legacy,NL0 27,1,0.0,59329.069352818755,59329.06935281868
50,NL0 31 0 offwind-ac,legacy,NL0 31,2,0.0,48541.9658340839,48541.965834083836
50,NL0 32 0 offwind-ac,legacy,NL0 32,1,0.0,59329.069352818755,59329.06935281868
50,NL0 7 0 offwind-ac,legacy,NL0 7,3,0.0,53935.51759344085,53935.517593440774
50,NL0 0 0 onwind,legacy,NL0 0,1,0.0,59329.069352818755,59329.06935281868
50,NL0 1 0 onwind,legacy,NL0 1,3,0.0,53935.51759344085,53935.517593440774
50,NL0 10 0 onwind,legacy,NL0 10,1,0.0,59329.069352818755,59329.06935281868
50,NL0 11 0 onwind,legacy,NL0 11,3,0.0,53935.51759344085,53935.517593440774
50,NL0 12 0 onwind,legacy,NL0 12,2,0.0,48541.9658340839,48541.965834083836
50,NL0 13 0 onwind,legacy,NL0 13,3,0.0,53935.51759344085,53935.517593440774
50,NL0 14 0 onwind,legacy,NL0 14,2,0.0,48541.9658340839,48541.965834083836
50,NL0 15 0 onwind,legacy,NL0 15,2,0.0,48541.9658340839,48541.965834083836
50,NL0 17 0 onwind,legacy,NL0 17,1,0.0,59329.069352818755,59329.06935281868
50,NL0 19 0 onwind,legacy,NL0 19,2,0.0,48541.9658340839,48541.965834083836
50,NL0 2 0 onwind,legacy,NL0 2,2,0.0,48541.9658340839,48541.965834083836
50,NL0 20 0 onwind,legacy,NL0 20,1,0.0,59329.069352818755,59329.06935281868
50,NL0 21 0 onwind,legacy,NL0 21,1,0.0,59329.069352818755,59329.06935281868
50,NL0 22 0 onwind,legacy,NL0 22,3,0.0,53935.51759344085,53935.517593440774
50,NL0 23 0 onwind,legacy,NL0 23,1,0.0,59329.069352818755,59329.06935281868
50,NL0 24 0 onwind,legacy,NL0 24,1,0.0,59329.069352818755,59329.06935281868
50,NL0 27 0 onwind,legacy,NL0 27,1,0.0,59329.069352818755,59329.06935281868
50,NL0 3 0 onwind,legacy,NL0 3,1,0.0,59329.069352818755,59329.06935281868
50,NL0 30 0 onwind,legacy,NL0 30,1,0.0,59329.069352818755,59329.06935281868
50,NL0 31 0 onwind,legacy,NL0 31,2,0.0,48541.9658340839,48541.965834083836
50,NL0 4 0 onwind,legacy,NL0 4,2,0.0,48541.9658340839,48541.965834083836
50,NL0 5 0 onwind,legacy,NL0 5,3,0.0,53935.51759344085,53935.517593440774
50,NL0 6 0 onwind,legacy,NL0 6,3,0.0,53935.51759344085,53935.517593440774
50,NL0 7 0 onwind,legacy,NL0 7,3,0.0,53935.51759344085,53935.517593440774
50,NL0 8 0 onwind,legacy,NL0 8,1,0.0,59329.069352818755,59329.06935281868
50,NL0 9 0 onwind,legacy,NL0 9,3,0.0,53935.51759344085,53935.517593440774
51,NL0 0 Invest,investable,NL0 0,1,1000.0,59329.069352818755,59329.06935292875
51,NL0 1 Invest,investable,NL0 1,3,0.0,53935.51759344085,53935.51759357159
51,NL0 10 Invest,investable,NL0 10,1,0.0,59329.069352818755,59329.06935292875
51,NL0 11 Invest,investable,NL0 11,3,0.0,53935.51759344085,53935.51759357159
51,NL0 12 Invest,investable,NL0 12,2,0.0,48541.9658340839,48541.96583421443
51,NL0 13 Invest,investable,NL0 13,3,678.1047541590287,53935.51759344085,53935.51759357159
51,NL0 14 Invest,investable,NL0 14,2,0.0,48541.9658340839,48541.96583421443
51,NL0 15 Invest,investable,NL0 15,2,1000.0,48541.9658340839,48541.96583421443
51,NL0 16 Invest,investable,NL0 16,1,1000.0,59329.069352818755,59329.06935292875
51,NL0 17 Invest,investable,NL0 17,1,0.0,59329.069352818755,59329.06935292875
51,NL0 18 Invest,investable,NL0 18,1,0.0,59329.069352818755,59329.06935292875
51,NL0 19 Invest,investable,NL0 19,2,421.30931852923914,48541.9658340839,48541.96583421443
51,NL0 2 Invest,investable,NL0 2,2,1000.0,48541.9658340839,48541.96583421443
51,NL0 20 Invest,investable,NL0 20,1,601.5467025248663,59329.069352818755,59329.06935292875
51,NL0 21 Invest,investable,NL0 21,1,0.0,59329.069352818755,59329.06935292875
51,NL0 22 Invest,investable,NL0 22,3,1000.0,53935.51759344085,53935.51759357159
51,NL0 23 Invest,investable,NL0 23,1,1000.0,59329.069352818755,59329.06935292875
51,NL0 24 Invest,investable,NL0 24,1,0.0,59329.069352818755,59329.06935292875
51,NL0 25 Invest,investable,NL0 25,2,0.0,48541.9658340839,48541.96583421443
51,NL0 26 Invest,investable,NL0 26,2,0.0,48541.9658340839,48541.96583421443
51,NL0 27 Invest,investable,NL0 27,1,0.0,59329.069352818755,59329.06935292875
51,NL0 28 Invest,investable,NL0 28,2,0.0,48541.9658340839,48541.96583421443
51,NL0 3 Invest,investable,NL0 3,1,1000.0,59329.069352818755,59329.06935292875
51,NL0 30 Invest,investable,NL0 30,1,0.0,59329.069352818755,59329.06935292875
51,NL0 31 Invest,investable,NL0 31,2,0.0,48541.9658340839,48541.96583421443
51,NL0 33 Invest,investable,NL0 33,1,1000.0,59329.069352818755,59329.06935292875
51,NL0 4 Invest,investable,NL0 4,2,0.0,48541.9658340839,48541.96583421443
51,NL0 5 Invest,investable,NL0 5,3,1000.0,53935.51759344085,53935.51759357159
51,NL0 6 Invest,investable,NL0 6,3,1000.0,53935.51759344085,53935.51759357159
51,NL0 7 Invest,investable,NL0 7,3,1000.0,53935.51759344085,53935.51759357159
51,NL0 8 Invest,investable,NL0 8,1,1000.0,59329.069352818755,59329.06935292875
51,NL0 9 Invest,investable,NL0 9,3,1000.0,53935.51759344085,53935.51759357159
51,NL0 1 biomass,legacy,NL0 1,3,71.0,53935.51759344085,53935.51759344085
51,NL0 1 waste,legacy,NL0 1,3,31.0,53935.51759344085,53935.51759344085
51,NL0 10 waste,legacy,NL0 10,1,150.0,59329.069352818755,59329.069352818755
51,NL0 11 biomass,legacy,NL0 11,3,20.0,53935.51759344085,53935.51759344085
51,NL0 11 waste,legacy,NL0 11,3,50.0,53935.51759344085,53935.51759344085
51,NL0 13 biomass,legacy,NL0 13,3,77.0,53935.51759344085,53935.51759344085
51,NL0 19 biomass,legacy,NL0 19,2,49.0,48541.9658340839,48541.9658340839
51,NL0 19 waste,legacy,NL0 19,2,36.0,48541.9658340839,48541.9658340839
51,NL0 22 biomass,legacy,NL0 22,3,500.0,53935.51759344085,53935.51759344085
51,NL0 25 waste,legacy,NL0 25,2,54.0,48541.9658340839,48541.9658340839
51,NL0 27 biomass,legacy,NL0 27,1,22.0,59329.069352818755,59329.069352818755
51,NL0 27 waste,legacy,NL0 27,1,71.2,59329.069352818755,59329.069352818755
51,NL0 3 biomass,legacy,NL0 3,1,22.0,59329.069352818755,59329.069352818755
51,NL0 3 waste,legacy,NL0 3,1,108.0,59329.069352818755,59329.069352818755
51,NL0 30 biomass,legacy,NL0 30,1,60.0,59329.069352818755,59329.069352818755
51,NL0 7 nuclear,legacy,NL0 7,3,515.0,53935.51759344085,53935.51759344085
51,NL0 7 waste,legacy,NL0 7,3,39.0,53935.51759344085,53935.51759344085
51,NL0 8 biomass,legacy,NL0 8,1,36.0,59329.069352818755,59329.069352818755
51,NL0 8 waste,legacy,NL0 8,1,157.0,59329.069352818755,59329.069352818755
51,NL0 9 biomass,legacy,NL0 9,3,20.0,53935.51759344085,53935.51759344085
51,NL0 0 0 solar,legacy,NL0 0,1,0.0,59329.069352818755,59329.06935281868
51,NL0 1 0 solar,legacy,NL0 1,3,0.0,53935.51759344085,53935.517593440774
51,NL0 10 0 solar,legacy,NL0 10,1,0.0,59329.069352818755,59329.06935281868
51,NL0 11 0 solar,legacy,NL0 11,3,0.0,53935.51759344085,53935.517593440774
51,NL0 12 0 solar,legacy,NL0 12,2,0.0,48541.9658340839,48541.965834083836
51,NL0 13 0 solar,legacy,NL0 13,3,0.0,53935.51759344085,53935.517593440774
51,NL0 14 0 solar,legacy,NL0 14,2,0.0,48541.9658340839,48541.965834083836
51,NL0 15 0 solar,legacy,NL0 15,2,0.0,48541.9658340839,48541.965834083836
51,NL0 16 0 solar,legacy,NL0 16,1,0.0,59329.069352818755,59329.06935281868
51,NL0 17 0 solar,legacy,NL0 17,1,0.0,59329.069352818755,59329.06935281868
51,NL0 18 0 solar,legacy,NL0 18,1,0.0,59329.069352818755,59329.06935281868
51,NL0 19 0 solar,legacy,NL0 19,2,0.0,48541.9658340839,48541.965834083836
51,NL0 2 0 solar,legacy,NL0 2,2,0.0,48541.9658340839,48541.965834083836
51,NL0 20 0 solar,legacy,NL0 20,1,0.0,59329.069352818755,59329.06935281868
51,NL0 21 0 solar,legacy,NL0 21,1,0.0,59329.069352818755,59329.06935281868
51,NL0 22 0 solar,legacy,NL0 22,3,0.0,53935.51759344085,53935.517593440774
51,NL0 23 0 solar,legacy,NL0 23,1,0.0,59329.069352818755,59329.06935281868
51,NL0 24 0 solar,legacy,NL0 24,1,0.0,59329.069352818755,59329.06935281868
51,NL0 25 0 solar,legacy,NL0 25,2,0.0,48541.9658340839,48541.965834083836
51,NL0 26 0 solar,legacy,NL0 26,2,0.0,48541.9658340839,48541.965834083836
51,NL0 27 0 solar,legacy,NL0 27,1,0.0,59329.069352818755,59329.06935281868
51,NL0 28 0 solar,legacy,NL0 28,2,0.0,48541.9658340839,48541.965834083836
51,NL0 3 0 solar,legacy,NL0 3,1,0.0,59329.069352818755,59329.06935281868
51,NL0 30 0 solar,legacy,NL0 30,1,0.0,59329.069352818755,59329.06935281868
51,NL0 31 0 solar,legacy,NL0 31,2,0.0,48541.9658340839,48541.965834083836
51,NL0 4 0 solar,legacy,NL0 4,2,0.0,48541.9658340839,48541.965834083836
51,NL0 5 0 solar,legacy,NL0 5,3,0.0,53935.51759344085,53935.517593440774
51,NL0 6 0 solar,legacy,NL0 6,3,0.0,53935.51759344085,53935.517593440774
51,NL0 7 0 solar,legacy,NL0 7,3,0.0,53935.51759344085,53935.517593440774
51,NL0 8 0 solar,legacy,NL0 8,1,0.0,59329.069352818755,59329.06935281868
51,NL0 9 0 solar,legacy,NL0 9,3,0.0,53935.51759344085,53935.517593440774
51,NL0 20 0 offwind-ac,legacy,NL0 20,1,0.0,59329.069352818755,59329.06935281868
51,NL0 27 0 offwind-ac,legacy,NL0 27,1,0.0,59329.069352818755,59329.06935281868
51,NL0 31 0 offwind-ac,legacy,NL0 31,2,0.0,48541.9658340839,48541.965834083836
51,NL0 32 0 offwind-ac,legacy,NL0 32,1,0.0,59329.069352818755,59329.06935281868
51,NL0 7 0 offwind-ac,legacy,NL0 7,3,0.0,53935.51759344085,53935.517593440774
51,NL0 0 0 onwind,legacy,NL0 0,1,0.0,59329.069352818755,59329.06935281868
51,NL0 1 0 onwind,legacy,NL0 1,3,0.0,53935.51759344085,53935.517593440774
51,NL0 10 0 onwind,legacy,NL0 10,1,0.0,59329.069352818755,59329.06935281868
51,NL0 11 0 onwind,legacy,NL0 11,3,0.0,53935.51759344085,53935.517593440774
51,NL0 12 0 onwind,legacy,NL0 12,2,0.0,48541.9658340839,48541.965834083836
51,NL0 13 0 onwind,legacy,NL0 13,3,0.0,53935.51759344085,53935.517593440774
51,NL0 14 0 onwind,legacy,NL0 14,2,0.0,48541.9658340839,48541.965834083836
51,NL0 15 0 onwind,legacy,NL0 15,2,0.0,48541.9658340839,48541.965834083836
51,NL0 17 0 onwind,legacy,NL0 17,1,0.0,59329.069352818755,59329.06935281868
51,NL0 19 0 onwind,legacy,NL0 19,2,0.0,48541.9658340839,48541.965834083836
51,NL0 2 0 onwind,legacy,NL0 2,2,0.0,48541.9658340839,48541.965834083836
51,NL0 20 0 onwind,legacy,NL0 20,1,0.0,59329.069352818755,59329.06935281868
51,NL0 21 0 onwind,legacy,NL0 21,1,0.0,59329.069352818755,59329.06935281868
51,NL0 22 0 onwind,legacy,NL0 22,3,0.0,53935.51759344085,53935.517593440774
51,NL0 23 0 onwind,legacy,NL0 23,1,0.0,59329.069352818755,59329.06935281868
51,NL0 24 0 onwind,legacy,NL0 24,1,0.0,59329.069352818755,59329.06935281868
51,NL0 27 0 onwind,legacy,NL0 27,1,0.0,59329.069352818755,59329.06935281868
51,NL0 3 0 onwind,legacy,NL0 3,1,0.0,59329.069352818755,59329.06935281868
51,NL0 30 0 onwind,legacy,NL0 30,1,0.0,59329.069352818755,59329.06935281868
51,NL0 31 0 onwind,legacy,NL0 31,2,0.0,48541.9658340839,48541.965834083836
51,NL0 4 0 onwind,legacy,NL0 4,2,0.0,48541.9658340839,48541.965834083836
51,NL0 5 0 onwind,legacy,NL0 5,3,0.0,53935.51759344085,53935.517593440774
51,NL0 6 0 onwind,legacy,NL0 6,3,0.0,53935.51759344085,53935.517593440774
51,NL0 7 0 onwind,legacy,NL0 7,3,0.0,53935.51759344085,53935.517593440774
51,NL0 8 0 onwind,legacy,NL0 8,1,0.0,59329.069352818755,59329.06935281868
51,NL0 9 0 onwind,legacy,NL0 9,3,0.0,53935.51759344085,53935.517593440774
52,NL0 0 Invest,investable,NL0 0,1,0.0,59329.069352818755,59329.06935292875
52,NL0 1 Invest,investable,NL0 1,3,1000.0,53935.51759344085,53935.51759357159
52,NL0 10 Invest,investable,NL0 10,1,1000.0,59329.069352818755,59329.06935292875
52,NL0 11 Invest,investable,NL0 11,3,1000.0,53935.51759344085,53935.51759357159
52,NL0 12 Invest,investable,NL0 12,2,0.0,48541.9658340839,48541.96583421443
52,NL0 13 Invest,investable,NL0 13,3,1000.0,53935.51759344085,53935.51759357159
52,NL0 14 Invest,investable,NL0 14,2,421.30931852923914,48541.9658340839,48541.96583421443
52,NL0 15 Invest,investable,NL0 15,2,0.0,48541.9658340839,48541.96583421443
52,NL0 16 Invest,investable,NL0 16,1,0.0,59329.069352818755,59329.06935292875
52,NL0 17 Invest,investable,NL0 17,1,1000.0,59329.069352818755,59329.06935292875
52,NL0 18 Invest,investable,NL0 18,1,1000.0,59329.069352818755,59329.06935292875
52,NL0 19 Invest,investable,NL0 19,2,0.0,48541.9658340839,48541.96583421443
52,NL0 2 Invest,investable,NL0 2,2,0.0,48541.9658340839,48541.96583421443
52,NL0 20 Invest,investable,NL0 20,1,0.0,59329.069352818755,59329.06935292875
52,NL0 21 Invest,investable,NL0 21,1,1000.0,59329.069352818755,59329.06935292875
52,NL0 22 Invest,investable,NL0 22,3,0.0,53935.51759344085,53935.51759357159
52,NL0 23 Invest,investable,NL0 23,1,0.0,59329.069352818755,59329.06935292875
52,NL0 24 Invest,investable,NL0 24,1,601.5467025248663,59329.069352818755,59329.06935292875
52,NL0 25 Invest,investable,NL0 25,2,0.0,48541.9658340839,48541.96583421443
52,NL0 26 Invest,investable,NL0 26,2,1000.0,48541.9658340839,48541.96583421443
52,NL0 27 Invest,investable,NL0 27,1,1000.0,59329.069352818755,59329.06935292875
52,NL0 28 Invest,investable,NL0 28,2,0.0,48541.9658340839,48541.96583421443
52,NL0 3 Invest,investable,NL0 3,1,0.0,59329.069352818755,59329.06935292875
52,NL0 30 Invest,investable,NL0 30,1,1000.0,59329.069352818755,59329.06935292875
52,NL0 31 Invest,investable,NL0 31,2,0.0,48541.9658340839,48541.96583421443
52,NL0 33 Invest,investable,NL0 33,1,0.0,59329.069352818755,59329.06935292875
52,NL0 4 Invest,investable,NL0 4,2,1000.0,48541.9658340839,48541.96583421443
52,NL0 5 Invest,investable,NL0 5,3,678.1047541590287,53935.51759344085,53935.51759357159
52,NL0 6 Invest,investable,NL0 6,3,1000.0,53935.51759344085,53935.51759357159
52,NL0 7 Invest,investable,NL0 7,3,0.0,53935.51759344085,53935.51759357159
52,NL0 8 Invest,investable,NL0 8,1,0.0,59329.069352818755,59329.06935292875
52,NL0 9 Invest,investable,NL0 9,3,1000.0,53935.51759344085,53935.51759357159
52,NL0 1 biomass,legacy,NL0 1,3,71.0,53935.51759344085,53935.51759344085
52,NL0 1 waste,legacy,NL0 1,3,31.0,53935.51759344085,53935.51759344085
52,NL0 10 waste,legacy,NL0 10,1,150.0,59329.069352818755,59329.069352818755
52,NL0 11 biomass,legacy,NL0 11,3,20.0,53935.51759344085,53935.51759344085
52,NL0 11 waste,legacy,NL0 11,3,50.0,53935.51759344085,53935.51759344085
52,NL0 13 biomass,legacy,NL0 13,3,77.0,53935.51759344085,53935.51759344085
52,NL0 19 biomass,legacy,NL0 19,2,49.0,48541.9658340839,48541.9658340839
52,NL0 19 waste,legacy,NL0 19,2,36.0,48541.9658340839,48541.9658340839
52,NL0 22 biomass,legacy,NL0 22,3,500.0,53935.51759344085,53935.51759344085
52,NL0 25 waste,legacy,NL0 25,2,54.0,48541.9658340839,48541.9658340839
52,NL0 27 biomass,legacy,NL0 27,1,22.0,59329.069352818755,59329.069352818755
52,NL0 27 waste,legacy,NL0 27,1,71.2,59329.069352818755,59329.069352818755
52,NL0 3 biomass,legacy,NL0 3,1,22.0,59329.069352818755,59329.069352818755
52,NL0 3 waste,legacy,NL0 3,1,108.0,59329.069352818755,59329.069352818755
52,NL0 30 biomass,legacy,NL0 30,1,60.0,59329.069352818755,59329.069352818755
52,NL0 7 nuclear,legacy,NL0 7,3,515.0,53935.51759344085,53935.51759344085
52,NL0 7 waste,legacy,NL0 7,3,39.0,53935.51759344085,53935.51759344085
52,NL0 8 biomass,legacy,NL0 8,1,36.0,59329.069352818755,59329.069352818755
52,NL0 8 waste,legacy,NL0 8,1,157.0,59329.069352818755,59329.069352818755
52,NL0 9 biomass,legacy,NL0 9,3,20.0,53935.51759344085,53935.51759344085
52,NL0 0 0 solar,legacy,NL0 0,1,0.0,59329.069352818755,59329.06935281868
52,NL0 1 0 solar,legacy,NL0 1,3,0.0,53935.51759344085,53935.517593440774
52,NL0 10 0 solar,legacy,NL0 10,1,0.0,59329.069352818755,59329.06935281868
52,NL0 11 0 solar,legacy,NL0 11,3,0.0,53935.51759344085,53935.517593440774
52,NL0 12 0 solar,legacy,NL0 12,2,0.0,48541.9658340839,48541.965834083836
52,NL0 13 0 solar,legacy,NL0 13,3,0.0,53935.51759344085,53935.517593440774
52,NL0 14 0 solar,legacy,NL0 14,2,0.0,48541.9658340839,48541.965834083836
52,NL0 15 0 solar,legacy,NL0 15,2,0.0,48541.9658340839,48541.965834083836
52,NL0 16 0 solar,legacy,NL0 16,1,0.0,59329.069352818755,59329.06935281868
52,NL0 17 0 solar,legacy,NL0 17,1,0.0,59329.069352818755,59329.06935281868
52,NL0 18 0 solar,legacy,NL0 18,1,0.0,59329.069352818755,59329.06935281868
52,NL0 19 0 solar,legacy,NL0 19,2,0.0,48541.9658340839,48541.965834083836
52,NL0 2 0 solar,legacy,NL0 2,2,0.0,48541.9658340839,48541.965834083836
52,NL0 20 0 solar,legacy,NL0 20,1,0.0,59329.069352818755,59329.06935281868
52,NL0 21 0 solar,legacy,NL0 21,1,0.0,59329.069352818755,59329.06935281868
52,NL0 22 0 solar,legacy,NL0 22,3,0.0,53935.51759344085,53935.517593440774
52,NL0 23 0 solar,legacy,NL0 23,1,0.0,59329.069352818755,59329.06935281868
52,NL0 24 0 solar,legacy,NL0 24,1,0.0,59329.069352818755,59329.06935281868
52,NL0 25 0 solar,legacy,NL0 25,2,0.0,48541.9658340839,48541.965834083836
52,NL0 26 0 solar,legacy,NL0 26,2,0.0,48541.9658340839,48541.965834083836
52,NL0 27 0 solar,legacy,NL0 27,1,0.0,59329.069352818755,59329.06935281868
52,NL0 28 0 solar,legacy,NL0 28,2,0.0,48541.9658340839,48541.965834083836
52,NL0 3 0 solar,legacy,NL0 3,1,0.0,59329.069352818755,59329.06935281868
52,NL0 30 0 solar,legacy,NL0 30,1,0.0,59329.069352818755,59329.06935281868
52,NL0 31 0 solar,legacy,NL0 31,2,0.0,48541.9658340839,48541.965834083836
52,NL0 4 0 solar,legacy,NL0 4,2,0.0,48541.9658340839,48541.965834083836
52,NL0 5 0 solar,legacy,NL0 5,3,0.0,53935.51759344085,53935.517593440774
52,NL0 6 0 solar,legacy,NL0 6,3,0.0,53935.51759344085,53935.517593440774
52,NL0 7 0 solar,legacy,NL0 7,3,0.0,53935.51759344085,53935.517593440774
52,NL0 8 0 solar,legacy,NL0 8,1,0.0,59329.069352818755,59329.06935281868
52,NL0 9 0 solar,legacy,NL0 9,3,0.0,53935.51759344085,53935.517593440774
52,NL0 20 0 offwind-ac,legacy,NL0 20,1,0.0,59329.069352818755,59329.06935281868
52,NL0 27 0 offwind-ac,legacy,NL0 27,1,0.0,59329.069352818755,59329.06935281868
52,NL0 31 0 offwind-ac,legacy,NL0 31,2,0.0,48541.9658340839,48541.965834083836
52,NL0 32 0 offwind-ac,legacy,NL0 32,1,0.0,59329.069352818755,59329.06935281868
52,NL0 7 0 offwind-ac,legacy,NL0 7,3,0.0,53935.51759344085,53935.517593440774
52,NL0 0 0 onwind,legacy,NL0 0,1,0.0,59329.069352818755,59329.06935281868
52,NL0 1 0 onwind,legacy,NL0 1,3,0.0,53935.51759344085,53935.517593440774
52,NL0 10 0 onwind,legacy,NL0 10,1,0.0,59329.069352818755,59329.06935281868
52,NL0 11 0 onwind,legacy,NL0 11,3,0.0,53935.51759344085,53935.517593440774
52,NL0 12 0 onwind,legacy,NL0 12,2,0.0,48541.9658340839,48541.965834083836
52,NL0 13 0 onwind,legacy,NL0 13,3,0.0,53935.51759344085,53935.517593440774
52,NL0 14 0 onwind,legacy,NL0 14,2,0.0,48541.9658340839,48541.965834083836
52,NL0 15 0 onwind,legacy,NL0 15,2,0.0,48541.9658340839,48541.965834083836
52,NL0 17 0 onwind,legacy,NL0 17,1,0.0,59329.069352818755,59329.06935281868
52,NL0 19 0 onwind,legacy,NL0 19,2,0.0,48541.9658340839,48541.965834083836
52,NL0 2 0 onwind,legacy,NL0 2,2,0.0,48541.9658340839,48541.965834083836
52,NL0 20 0 onwind,legacy,NL0 20,1,0.0,59329.069352818755,59329.06935281868
52,NL0 21 0 onwind,legacy,NL0 21,1,0.0,59329.069352818755,59329.06935281868
52,NL0 22 0 onwind,legacy,NL0 22,3,0.0,53935.51759344085,53935.517593440774
52,NL0 23 0 onwind,legacy,NL0 23,1,0.0,59329.069352818755,59329.06935281868
52,NL0 24 0 onwind,legacy,NL0 24,1,0.0,59329.069352818755,59329.06935281868
52,NL0 27 0 onwind,legacy,NL0 27,1,0.0,59329.069352818755,59329.06935281868
52,NL0 3 0 onwind,legacy,NL0 3,1,0.0,59329.069352818755,59329.06935281868
52,NL0 30 0 onwind,legacy,NL0 30,1,0.0,59329.069352818755,59329.06935281868
52,NL0 31 0 onwind,legacy,NL0 31,2,0.0,48541.9658340839,48541.965834083836
52,NL0 4 0 onwind,legacy,NL0 4,2,0.0,48541.9658340839,48541.965834083836
52,NL0 5 0 onwind,legacy,NL0 5,3,0.0,53935.51759344085,53935.517593440774
52,NL0 6 0 onwind,legacy,NL0 6,3,0.0,53935.51759344085,53935.517593440774
52,NL0 7 0 onwind,legacy,NL0 7,3,0.0,53935.51759344085,53935.517593440774
52,NL0 8 0 onwind,legacy,NL0 8,1,0.0,59329.069352818755,59329.06935281868
52,NL0 9 0 onwind,legacy,NL0 9,3,0.0,53935.51759344085,53935.517593440774
53,NL0 0 Invest,investable,NL0 0,1,473.7969732065098,59329.069352818755,59329.06935292875
53,NL0 1 Invest,investable,NL0 1,3,1000.0,53935.51759344085,53935.51759357159
53,NL0 10 Invest,investable,NL0 10,1,517.7320359772624,59329.069352818755,59329.06935292875
53,NL0 11 Invest,investable,NL0 11,3,1000.0,53935.51759344085,53935.51759357159
53,NL0 12 Invest,investable,NL0 12,2,237.08454710583737,48541.9658340839,48541.96583421443
53,NL0 13 Invest,investable,NL0 13,3,0.0,53935.51759344085,53935.51759357159
53,NL0 14 Invest,investable,NL0 14,2,241.97230259321725,48541.9658340839,48541.96583421443
53,NL0 15 Invest,investable,NL0 15,2,147.88195049197122,48541.9658340839,48541.96583421443
53,NL0 16 Invest,investable,NL0 16,1,442.08729465933607,59329.069352818755,59329.06935292875
53,NL0 17 Invest,investable,NL0 17,1,512.9973239958653,59329.069352818755,59329.06935292875
53,NL0 18 Invest,investable,NL0 18,1,467.6612207792747,59329.069352818755,59329.06935292875
53,NL0 19 Invest,investable,NL0 19,2,200.56091410592592,48541.9658340839,48541.96583421443
53,NL0 2 Invest,investable,NL0 2,2,0.0,48541.9658340839,48541.96583421443
53,NL0 20 Invest,investable,NL0 20,1,530.7620817480966,59329.069352818755,59329.06935292875
53,NL0 21 Invest,investable,NL0 21,1,499.64673545254834,59329.069352818755,59329.06935292875
53,NL0 22 Invest,investable,NL0 22,3,1000.0,53935.51759344085,53935.51759357159
53,NL0 23 Invest,investable,NL0 23,1,498.1537909340076,59329.069352818755,59329.06935292875
53,NL0 24 Invest,investable,NL0 24,1,526.0725695076526,59329.069352818755,59329.06935292875
53,NL0 25 Invest,investable,NL0 25,2,459.446616326897,48541.9658340839,48541.96583421443
53,NL0 26 Invest,investable,NL0 26,2,321.1661250913511,48541.9658340839,48541.96583421443
53,NL0 27 Invest,investable,NL0 27,1,520.1043512057745,59329.069352818755,59329.06935292875
53,NL0 28 Invest,investable,NL0 28,2,202.67179280649532,48541.9658340839,48541.96583421443
53,NL0 3 Invest,investable,NL0 3,1,511.91939349043656,59329.069352818755,59329.06935292875
53,NL0 30 Invest,investable,NL0 30,1,591.092591644281,59329.069352818755,59329.06935292875
53,NL0 31 Invest,investable,NL0 31,2,358.6279103025163,48541.9658340839,48541.96583421443
53,NL0 33 Invest,investable,NL0 33,1,0.0,59329.069352818755,59329.06935292875
53,NL0 4 Invest,investable,NL0 4,2,251.89715970502766,48541.9658340839,48541.96583421443
53,NL0 5 Invest,investable,NL0 5,3,1000.0,53935.51759344085,53935.51759357159
53,NL0 6 Invest,investable,NL0 6,3,0.0,53935.51759344085,53935.51759357159
53,NL0 7 Invest,investable,NL0 7,3,717.3389067681851,53935.51759344085,53935.51759357159
53,NL0 8 Invest,investable,NL0 8,1,509.52033992382076,59329.069352818755,59329.06935292875
53,NL0 9 Invest,investable,NL0 9,3,960.7658473908436,53935.51759344085,53935.51759357159
53,NL0 1 biomass,legacy,NL0 1,3,71.0,53935.51759344085,53935.51759344085
53,NL0 1 waste,legacy,NL0 1,3,31.0,53935.51759344085,53935.51759344085
53,NL0 10 waste,legacy,NL0 10,1,150.0,59329.069352818755,59329.069352818755
53,NL0 11 biomass,legacy,NL0 11,3,20.0,53935.51759344085,53935.51759344085
53,NL0 11 waste,legacy,NL0 11,3,50.0,53935.51759344085,53935.51759344085
53,NL0 13 biomass,legacy,NL0 13,3,77.0,53935.51759344085,53935.51759344085
53,NL0 19 biomass,legacy,NL0 19,2,49.0,48541.9658340839,48541.9658340839
53,NL0 19 waste,legacy,NL0 19,2,36.0,48541.9658340839,48541.9658340839
53,NL0 22 biomass,legacy,NL0 22,3,500.0,53935.51759344085,53935.51759344085
53,NL0 25 waste,legacy,NL0 25,2,54.0,48541.9658340839,48541.9658340839
53,NL0 27 biomass,legacy,NL0 27,1,22.0,59329.069352818755,59329.069352818755
53,NL0 27 waste,legacy,NL0 27,1,71.2,59329.069352818755,59329.069352818755
53,NL0 3 biomass,legacy,NL0 3,1,22.0,59329.069352818755,59329.069352818755
53,NL0 3 waste,legacy,NL0 3,1,108.0,59329.069352818755,59329.069352818755
53,NL0 30 biomass,legacy,NL0 30,1,60.0,59329.069352818755,59329.069352818755
53,NL0 7 nuclear,legacy,NL0 7,3,515.0,53935.51759344085,53935.51759344085
53,NL0 7 waste,legacy,NL0 7,3,39.0,53935.51759344085,53935.51759344085
53,NL0 8 biomass,legacy,NL0 8,1,36.0,59329.069352818755,59329.069352818755
53,NL0 8 waste,legacy,NL0 8,1,157.0,59329.069352818755,59329.069352818755
53,NL0 9 biomass,legacy,NL0 9,3,20.0,53935.51759344085,53935.51759344085
53,NL0 0 0 solar,legacy,NL0 0,1,0.0,59329.069352818755,59329.06935281868
53,NL0 1 0 solar,legacy,NL0 1,3,0.0,53935.51759344085,53935.517593440774
53,NL0 10 0 solar,legacy,NL0 10,1,0.0,59329.069352818755,59329.06935281868
53,NL0 11 0 solar,legacy,NL0 11,3,0.0,53935.51759344085,53935.517593440774
53,NL0 12 0 solar,legacy,NL0 12,2,0.0,48541.9658340839,48541.965834083836
53,NL0 13 0 solar,legacy,NL0 13,3,0.0,53935.51759344085,53935.517593440774
53,NL0 14 0 solar,legacy,NL0 14,2,0.0,48541.9658340839,48541.965834083836
53,NL0 15 0 solar,legacy,NL0 15,2,0.0,48541.9658340839,48541.965834083836
53,NL0 16 0 solar,legacy,NL0 16,1,0.0,59329.069352818755,59329.06935281868
53,NL0 17 0 solar,legacy,NL0 17,1,0.0,59329.069352818755,59329.06935281868
53,NL0 18 0 solar,legacy,NL0 18,1,0.0,59329.069352818755,59329.06935281868
53,NL0 19 0 solar,legacy,NL0 19,2,0.0,48541.9658340839,48541.965834083836
53,NL0 2 0 solar,legacy,NL0 2,2,0.0,48541.9658340839,48541.965834083836
53,NL0 20 0 solar,legacy,NL0 20,1,0.0,59329.069352818755,59329.06935281868
53,NL0 21 0 solar,legacy,NL0 21,1,0.0,59329.069352818755,59329.06935281868
53,NL0 22 0 solar,legacy,NL0 22,3,0.0,53935.51759344085,53935.517593440774
53,NL0 23 0 solar,legacy,NL0 23,1,0.0,59329.069352818755,59329.06935281868
53,NL0 24 0 solar,legacy,NL0 24,1,0.0,59329.069352818755,59329.06935281868
53,NL0 25 0 solar,legacy,NL0 25,2,0.0,48541.9658340839,48541.965834083836
53,NL0 26 0 solar,legacy,NL0 26,2,0.0,48541.9658340839,48541.965834083836
53,NL0 27 0 solar,legacy,NL0 27,1,0.0,59329.069352818755,59329.06935281868
53,NL0 28 0 solar,legacy,NL0 28,2,0.0,48541.9658340839,48541.965834083836
53,NL0 3 0 solar,legacy,NL0 3,1,0.0,59329.069352818755,59329.06935281868
53,NL0 30 0 solar,legacy,NL0 30,1,0.0,59329.069352818755,59329.06935281868
53,NL0 31 0 solar,legacy,NL0 31,2,0.0,48541.9658340839,48541.965834083836
53,NL0 4 0 solar,legacy,NL0 4,2,0.0,48541.9658340839,48541.965834083836
53,NL0 5 0 solar,legacy,NL0 5,3,0.0,53935.51759344085,53935.517593440774
53,NL0 6 0 solar,legacy,NL0 6,3,0.0,53935.51759344085,53935.517593440774
53,NL0 7 0 solar,legacy,NL0 7,3,0.0,53935.51759344085,53935.517593440774
53,NL0 8 0 solar,legacy,NL0 8,1,0.0,59329.069352818755,59329.06935281868
53,NL0 9 0 solar,legacy,NL0 9,3,0.0,53935.51759344085,53935.517593440774
53,NL0 20 0 offwind-ac,legacy,NL0 20,1,0.0,59329.069352818755,59329.06935281868
53,NL0 27 0 offwind-ac,legacy,NL0 27,1,0.0,59329.069352818755,59329.06935281868
53,NL0 31 0 offwind-ac,legacy,NL0 31,2,0.0,48541.9658340839,48541.965834083836
53,NL0 32 0 offwind-ac,legacy,NL0 32,1,0.0,59329.069352818755,59329.06935281868
53,NL0 7 0 offwind-ac,legacy,NL0 7,3,0.0,53935.51759344085,53935.517593440774
53,NL0 0 0 onwind,legacy,NL0 0,1,0.0,59329.069352818755,59329.06935281868
53,NL0 1 0 onwind,legacy,NL0 1,3,0.0,53935.51759344085,53935.517593440774
53,NL0 10 0 onwind,legacy,NL0 10,1,0.0,59329.069352818755,59329.06935281868
53,NL0 11 0 onwind,legacy,NL0 11,3,0.0,53935.51759344085,53935.517593440774
53,NL0 12 0 onwind,legacy,NL0 12,2,0.0,48541.9658340839,48541.965834083836
53,NL0 13 0 onwind,legacy,NL0 13,3,0.0,53935.51759344085,53935.517593440774
53,NL0 14 0 onwind,legacy,NL0 14,2,0.0,48541.9658340839,48541.965834083836
53,NL0 15 0 onwind,legacy,NL0 15,2,0.0,48541.9658340839,48541.965834083836
53,NL0 17 0 onwind,legacy,NL0 17,1,0.0,59329.069352818755,59329.06935281868
53,NL0 19 0 onwind,legacy,NL0 19,2,0.0,48541.9658340839,48541.965834083836
53,NL0 2 0 onwind,legacy,NL0 2,2,0.0,48541.9658340839,48541.965834083836
53,NL0 20 0 onwind,legacy,NL0 20,1,0.0,59329.069352818755,59329.06935281868
53,NL0 21 0 onwind,legacy,NL0 21,1,0.0,59329.069352818755,59329.06935281868
53,NL0 22 0 onwind,legacy,NL0 22,3,0.0,53935.51759344085,53935.517593440774
53,NL0 23 0 onwind,legacy,NL0 23,1,0.0,59329.069352818755,59329.06935281868
53,NL0 24 0 onwind,legacy,NL0 24,1,0.0,59329.069352818755,59329.06935281868
53,NL0 27 0 onwind,legacy,NL0 27,1,0.0,59329.069352818755,59329.06935281868
53,NL0 3 0 onwind,legacy,NL0 3,1,0.0,59329.069352818755,59329.06935281868
53,NL0 30 0 onwind,legacy,NL0 30,1,0.0,59329.069352818755,59329.06935281868
53,NL0 31 0 onwind,legacy,NL0 31,2,0.0,48541.9658340839,48541.965834083836
53,NL0 4 0 onwind,legacy,NL0 4,2,0.0,48541.9658340839,48541.965834083836
53,NL0 5 0 onwind,legacy,NL0 5,3,0.0,53935.51759344085,53935.517593440774
53,NL0 6 0 onwind,legacy,NL0 6,3,0.0,53935.51759344085,53935.517593440774
53,NL0 7 0 onwind,legacy,NL0 7,3,0.0,53935.51759344085,53935.517593440774
53,NL0 8 0 onwind,legacy,NL0 8,1,0.0,59329.069352818755,59329.06935281868
53,NL0 9 0 onwind,legacy,NL0 9,3,0.0,53935.51759344085,53935.517593440774
54,NL0 0 Invest,investable,NL0 0,1,421.6252643742416,59329.069352818755,59329.06935292875
54,NL0 1 Invest,investable,NL0 1,3,82.98749234925526,53935.51759344085,53935.51759357159
54,NL0 10 Invest,investable,NL0 10,1,438.94150781007727,59329.069352818755,59329.06935292875
54,NL0 11 Invest,investable,NL0 11,3,554.751869746322,53935.51759344085,53935.51759357159
54,NL0 12 Invest,investable,NL0 12,2,191.41165787406408,48541.9658340839,48541.96583421443
54,NL0 13 Invest,investable,NL0 13,3,1000.0,53935.51759344085,53935.51759357159
54,NL0 14 Invest,investable,NL0 14,2,0.0,48541.9658340839,48541.96583421443
54,NL0 15 Invest,investable,NL0 15,2,266.74325486824205,48541.9658340839,48541.96583421443
54,NL0 16 Invest,investable,NL0 16,1,366.3695969029088,59329.069352818755,59329.06935292875
54,NL0 17 Invest,investable,NL0 17,1,322.9304257882959,59329.069352818755,59329.06935292875
54,NL0 18 Invest,investable,NL0 18,1,441.4648466191493,59329.069352818755,59329.06935292875
54,NL0 19 Invest,investable,NL0 19,2,221.1470516133753,48541.9658340839,48541.96583421443
54,NL0 2 Invest,investable,NL0 2,2,0.0,48541.9658340839,48541.96583421443
54,NL0 20 Invest,investable,NL0 20,1,455.77006973479536,59329.069352818755,59329.06935292875
54,NL0 21 Invest,investable,NL0 21,1,513.5467752040971,59329.069352818755,59329.06935292875
54,NL0 22 Invest,investable,NL0 22,3,513.2574071341169,53935.51759344085,53935.51759357159
54,NL0 23 Invest,investable,NL0 23,1,426.09525706779857,59329.069352818755,59329.06935292875
54,NL0 24 Invest,investable,NL0 24,1,427.3529842065892,59329.069352818755,59329.06935292875
54,NL0 25 Invest,investable,NL0 25,2,391.1233419510561,48541.9658340839,48541.96583421443
54,NL0 26 Invest,investable,NL0 26,2,318.238611234328,48541.9658340839,48541.96583421443
54,NL0 27 Invest,investable,NL0 27,1,447.5094242946535,59329.069352818755,59329.06935292875
54,NL0 28 Invest,investable,NL0 28,2,186.52335617519657,48541.9658340839,48541.96583421443
54,NL0 3 Invest,investable,NL0 3,1,444.1331859068034,59329.069352818755,59329.06935292875
54,NL0 30 Invest,investable,NL0 30,1,450.2237545736351,59329.069352818755,59329.06935292875
54,NL0 31 Invest,investable,NL0 31,2,302.8228758418779,48541.9658340839,48541.96583421443
54,NL0 33 Invest,investable,NL0 33,1,1000.0,59329.069352818755,59329.06935292875
54,NL0 4 Invest,investable,NL0 4,2,543.2991689710992,48541.9658340839,48541.96583421443
54,NL0 5 Invest,investable,NL0 5,3,1000.0,53935.51759344085,53935.51759357159
54,NL0 6 Invest,investable,NL0 6,3,1000.0,53935.51759344085,53935.51759357159
54,NL0 7 Invest,investable,NL0 7,3,715.6315565798516,53935.51759344085,53935.51759357159
54,NL0 8 Invest,investable,NL0 8,1,445.583610041821,59329.069352818755,59329.06935292875
54,NL0 9 Invest,investable,NL0 9,3,811.4764283494831,53935.51759344085,53935.51759357159
54,NL0 1 biomass,legacy,NL0 1,3,71.0,53935.51759344085,53935.51759344085
54,NL0 1 waste,legacy,NL0 1,3,31.0,53935.51759344085,53935.51759344085
54,NL0 10 waste,legacy,NL0 10,1,150.0,59329.069352818755,59329.069352818755
54,NL0 11 biomass,legacy,NL0 11,3,20.0,53935.51759344085,53935.51759344085
54,NL0 11 waste,legacy,NL0 11,3,50.0,53935.51759344085,53935.51759344085
54,NL0 13 biomass,legacy,NL0 13,3,77.0,53935.51759344085,53935.51759344085
54,NL0 19 biomass,legacy,NL0 19,2,49.0,48541.9658340839,48541.9658340839
54,NL0 19 waste,legacy,NL0 19,2,36.0,48541.9658340839,48541.9658340839
54,NL0 22 biomass,legacy,NL0 22,3,500.0,53935.51759344085,53935.51759344085
54,NL0 25 waste,legacy,NL0 25,2,54.0,48541.9658340839,48541.9658340839
54,NL0 27 biomass,legacy,NL0 27,1,22.0,59329.069352818755,59329.069352818755
54,NL0 27 waste,legacy,NL0 27,1,71.2,59329.069352818755,59329.069352818755
54,NL0 3 biomass,legacy,NL0 3,1,22.0,59329.069352818755,59329.069352818755
54,NL0 3 waste,legacy,NL0 3,1,108.0,59329.069352818755,59329.069352818755
54,NL0 30 biomass,legacy,NL0 30,1,60.0,59329.069352818755,59329.069352818755
54,NL0 7 nuclear,legacy,NL0 7,3,515.0,53935.51759344085,53935.51759344085
54,NL0 7 waste,legacy,NL0 7,3,39.0,53935.51759344085,53935.51759344085
54,NL0 8 biomass,legacy,NL0 8,1,36.0,59329.069352818755,59329.069352818755
54,NL0 8 waste,legacy,NL0 8,1,157.0,59329.069352818755,59329.069352818755
54,NL0 9 biomass,legacy,NL0 9,3,20.0,53935.51759344085,53935.51759344085
54,NL0 0 0 solar,legacy,NL0 0,1,0.0,59329.069352818755,59329.06935281868
54,NL0 1 0 solar,legacy,NL0 1,3,0.0,53935.51759344085,53935.517593440774
54,NL0 10 0 solar,legacy,NL0 10,1,0.0,59329.069352818755,59329.06935281868
54,NL0 11 0 solar,legacy,NL0 11,3,0.0,53935.51759344085,53935.517593440774
54,NL0 12 0 solar,legacy,NL0 12,2,0.0,48541.9658340839,48541.965834083836
54,NL0 13 0 solar,legacy,NL0 13,3,0.0,53935.51759344085,53935.517593440774
54,NL0 14 0 solar,legacy,NL0 14,2,0.0,48541.9658340839,48541.965834083836
54,NL0 15 0 solar,legacy,NL0 15,2,0.0,48541.9658340839,48541.965834083836
54,NL0 16 0 solar,legacy,NL0 16,1,0.0,59329.069352818755,59329.06935281868
54,NL0 17 0 solar,legacy,NL0 17,1,0.0,59329.069352818755,59329.06935281868
54,NL0 18 0 solar,legacy,NL0 18,1,0.0,59329.069352818755,59329.06935281868
54,NL0 19 0 solar,legacy,NL0 19,2,0.0,48541.9658340839,48541.965834083836
54,NL0 2 0 solar,legacy,NL0 2,2,0.0,48541.9658340839,48541.965834083836
54,NL0 20 0 solar,legacy,NL0 20,1,0.0,59329.069352818755,59329.06935281868
54,NL0 21 0 solar,legacy,NL0 21,1,0.0,59329.069352818755,59329.06935281868
54,NL0 22 0 solar,legacy,NL0 22,3,0.0,53935.51759344085,53935.517593440774
54,NL0 23 0 solar,legacy,NL0 23,1,0.0,59329.069352818755,59329.06935281868
54,NL0 24 0 solar,legacy,NL0 24,1,0.0,59329.069352818755,59329.06935281868
54,NL0 25 0 solar,legacy,NL0 25,2,0.0,48541.9658340839,48541.965834083836
54,NL0 26 0 solar,legacy,NL0 26,2,0.0,48541.9658340839,48541.965834083836
54,NL0 27 0 solar,legacy,NL0 27,1,0.0,59329.069352818755,59329.06935281868
54,NL0 28 0 solar,legacy,NL0 28,2,0.0,48541.9658340839,48541.965834083836
54,NL0 3 0 solar,legacy,NL0 3,1,0.0,59329.069352818755,59329.06935281868
54,NL0 30 0 solar,legacy,NL0 30,1,0.0,59329.069352818755,59329.06935281868
54,NL0 31 0 solar,legacy,NL0 31,2,0.0,48541.9658340839,48541.965834083836
54,NL0 4 0 solar,legacy,NL0 4,2,0.0,48541.9658340839,48541.965834083836
54,NL0 5 0 solar,legacy,NL0 5,3,0.0,53935.51759344085,53935.517593440774
54,NL0 6 0 solar,legacy,NL0 6,3,0.0,53935.51759344085,53935.517593440774
54,NL0 7 0 solar,legacy,NL0 7,3,0.0,53935.51759344085,53935.517593440774
54,NL0 8 0 solar,legacy,NL0 8,1,0.0,59329.069352818755,59329.06935281868
54,NL0 9 0 solar,legacy,NL0 9,3,0.0,53935.51759344085,53935.517593440774
54,NL0 20 0 offwind-ac,legacy,NL0 20,1,0.0,59329.069352818755,59329.06935281868
54,NL0 27 0 offwind-ac,legacy,NL0 27,1,0.0,59329.069352818755,59329.06935281868
54,NL0 31 0 offwind-ac,legacy,NL0 31,2,0.0,48541.9658340839,48541.965834083836
54,NL0 32 0 offwind-ac,legacy,NL0 32,1,0.0,59329.069352818755,59329.06935281868
54,NL0 7 0 offwind-ac,legacy,NL0 7,3,0.0,53935.51759344085,53935.517593440774
54,NL0 0 0 onwind,legacy,NL0 0,1,0.0,59329.069352818755,59329.06935281868
54,NL0 1 0 onwind,legacy,NL0 1,3,0.0,53935.51759344085,53935.517593440774
54,NL0 10 0 onwind,legacy,NL0 10,1,0.0,59329.069352818755,59329.06935281868
54,NL0 11 0 onwind,legacy,NL0 11,3,0.0,53935.51759344085,53935.517593440774
54,NL0 12 0 onwind,legacy,NL0 12,2,0.0,48541.9658340839,48541.965834083836
54,NL0 13 0 onwind,legacy,NL0 13,3,0.0,53935.51759344085,53935.517593440774
54,NL0 14 0 onwind,legacy,NL0 14,2,0.0,48541.9658340839,48541.965834083836
54,NL0 15 0 onwind,legacy,NL0 15,2,0.0,48541.9658340839,48541.965834083836
54,NL0 17 0 onwind,legacy,NL0 17,1,0.0,59329.069352818755,59329.06935281868
54,NL0 19 0 onwind,legacy,NL0 19,2,0.0,48541.9658340839,48541.965834083836
54,NL0 2 0 onwind,legacy,NL0 2,2,0.0,48541.9658340839,48541.965834083836
54,NL0 20 0 onwind,legacy,NL0 20,1,0.0,59329.069352818755,59329.06935281868
54,NL0 21 0 onwind,legacy,NL0 21,1,0.0,59329.069352818755,59329.06935281868
54,NL0 22 0 onwind,legacy,NL0 22,3,0.0,53935.51759344085,53935.517593440774
54,NL0 23 0 onwind,legacy,NL0 23,1,0.0,59329.069352818755,59329.06935281868
54,NL0 24 0 onwind,legacy,NL0 24,1,0.0,59329.069352818755,59329.06935281868
54,NL0 27 0 onwind,legacy,NL0 27,1,0.0,59329.069352818755,59329.06935281868
54,NL0 3 0 onwind,legacy,NL0 3,1,0.0,59329.069352818755,59329.06935281868
54,NL0 30 0 onwind,legacy,NL0 30,1,0.0,59329.069352818755,59329.06935281868
54,NL0 31 0 onwind,legacy,NL0 31,2,0.0,48541.9658340839,48541.965834083836
54,NL0 4 0 onwind,legacy,NL0 4,2,0.0,48541.9658340839,48541.965834083836
54,NL0 5 0 onwind,legacy,NL0 5,3,0.0,53935.51759344085,53935.517593440774
54,NL0 6 0 onwind,legacy,NL0 6,3,0.0,53935.51759344085,53935.517593440774
54,NL0 7 0 onwind,legacy,NL0 7,3,0.0,53935.51759344085,53935.517593440774
54,NL0 8 0 onwind,legacy,NL0 8,1,0.0,59329.069352818755,59329.06935281868
54,NL0 9 0 onwind,legacy,NL0 9,3,0.0,53935.51759344085,53935.517593440774
55,NL0 0 Invest,investable,NL0 0,1,0.0,59329.069352818755,59329.06935292875
55,NL0 1 Invest,investable,NL0 1,3,1000.0,53935.51759344085,53935.51759357159
55,NL0 10 Invest,investable,NL0 10,1,0.0,59329.069352818755,59329.06935292875
55,NL0 11 Invest,investable,NL0 11,3,1000.0,53935.51759344085,53935.51759357159
55,NL0 12 Invest,investable,NL0 12,2,0.0,48541.9658340839,48541.96583421443
55,NL0 13 Invest,investable,NL0 13,3,1000.0,53935.51759344085,53935.51759357159
55,NL0 14 Invest,investable,NL0 14,2,1000.0,48541.9658340839,48541.96583421443
55,NL0 15 Invest,investable,NL0 15,2,0.0,48541.9658340839,48541.96583421443
55,NL0 16 Invest,investable,NL0 16,1,1000.0,59329.069352818755,59329.06935292875
55,NL0 17 Invest,investable,NL0 17,1,0.0,59329.069352818755,59329.06935292875
55,NL0 18 Invest,investable,NL0 18,1,601.5467025248663,59329.069352818755,59329.06935292875
55,NL0 19 Invest,investable,NL0 19,2,0.0,48541.9658340839,48541.96583421443
55,NL0 2 Invest,investable,NL0 2,2,0.0,48541.9658340839,48541.96583421443
55,NL0 20 Invest,investable,NL0 20,1,0.0,59329.069352818755,59329.06935292875
55,NL0 21 Invest,investable,NL0 21,1,0.0,59329.069352818755,59329.06935292875
55,NL0 22 Invest,investable,NL0 22,3,0.0,53935.51759344085,53935.51759357159
55,NL0 23 Invest,investable,NL0 23,1,1000.0,59329.069352818755,59329.06935292875
55,NL0 24 Invest,investable,NL0 24,1,0.0,59329.069352818755,59329.06935292875
55,NL0 25 Invest,investable,NL0 25,2,0.0,48541.9658340839,48541.96583421443
55,NL0 26 Invest,investable,NL0 26,2,1000.0,48541.9658340839,48541.96583421443
55,NL0 27 Invest,investable,NL0 27,1,0.0,59329.069352818755,59329.06935292875
55,NL0 28 Invest,investable,NL0 28,2,421.30931852923914,48541.9658340839,48541.96583421443
55,NL0 3 Invest,investable,NL0 3,1,1000.0,59329.069352818755,59329.06935292875
55,NL0 30 Invest,investable,NL0 30,1,1000.0,59329.069352818755,59329.06935292875
55,NL0 31 Invest,investable,NL0 31,2,0.0,48541.9658340839,48541.96583421443
55,NL0 33 Invest,investable,NL0 33,1,1000.0,59329.069352818755,59329.06935292875
55,NL0 4 Invest,investable,NL0 4,2,0.0,48541.9658340839,48541.96583421443
55,NL0 5 Invest,investable,NL0 5,3,678.1047541590287,53935.51759344085,53935.51759357159
55,NL0 6 Invest,investable,NL0 6,3,1000.0,53935.51759344085,53935.51759357159
55,NL0 7 Invest,investable,NL0 7,3,0.0,53935.51759344085,53935.51759357159
55,NL0 8 Invest,investable,NL0 8,1,1000.0,59329.069352818755,59329.06935292875
55,NL0 9 Invest,investable,NL0 9,3,1000.0,53935.51759344085,53935.51759357159
55,NL0 1 biomass,legacy,NL0 1,3,71.0,53935.51759344085,53935.51759344085
55,NL0 1 waste,legacy,NL0 1,3,31.0,53935.51759344085,53935.51759344085
55,NL0 10 waste,legacy,NL0 10,1,150.0,59329.069352818755,59329.069352818755
55,NL0 11 biomass,legacy,NL0 11,3,20.0,53935.51759344085,53935.51759344085
55,NL0 11 waste,legacy,NL0 11,3,50.0,53935.51759344085,53935.51759344085
55,NL0 13 biomass,legacy,NL0 13,3,77.0,53935.51759344085,53935.51759344085
55,NL0 19 biomass,legacy,NL0 19,2,49.0,48541.9658340839,48541.9658340839
55,NL0 19 waste,legacy,NL0 19,2,36.0,48541.9658340839,48541.9658340839
55,NL0 22 biomass,legacy,NL0 22,3,500.0,53935.51759344085,53935.51759344085
55,NL0 25 waste,legacy,NL0 25,2,54.0,48541.9658340839,48541.9658340839
55,NL0 27 biomass,legacy,NL0 27,1,22.0,59329.069352818755,59329.069352818755
55,NL0 27 waste,legacy,NL0 27,1,71.2,59329.069352818755,59329.069352818755
55,NL0 3 biomass,legacy,NL0 3,1,22.0,59329.069352818755,59329.069352818755
55,NL0 3 waste,legacy,NL0 3,1,108.0,59329.069352818755,59329.069352818755
55,NL0 30 biomass,legacy,NL0 30,1,60.0,59329.069352818755,59329.069352818755
55,NL0 7 nuclear,legacy,NL0 7,3,515.0,53935.51759344085,53935.51759344085
55,NL0 7 waste,legacy,NL0 7,3,39.0,53935.51759344085,53935.51759344085
55,NL0 8 biomass,legacy,NL0 8,1,36.0,59329.069352818755,59329.069352818755
55,NL0 8 waste,legacy,NL0 8,1,157.0,59329.069352818755,59329.069352818755
55,NL0 9 biomass,legacy,NL0 9,3,20.0,53935.51759344085,53935.51759344085
55,NL0 0 0 solar,legacy,NL0 0,1,0.0,59329.069352818755,59329.06935281868
55,NL0 1 0 solar,legacy,NL0 1,3,0.0,53935.51759344085,53935.517593440774
55,NL0 10 0 solar,legacy,NL0 10,1,0.0,59329.069352818755,59329.06935281868
55,NL0 11 0 solar,legacy,NL0 11,3,0.0,53935.51759344085,53935.517593440774
55,NL0 12 0 solar,legacy,NL0 12,2,0.0,48541.9658340839,48541.965834083836
55,NL0 13 0 solar,legacy,NL0 13,3,0.0,53935.51759344085,53935.517593440774
55,NL0 14 0 solar,legacy,NL0 14,2,0.0,48541.9658340839,48541.965834083836
55,NL0 15 0 solar,legacy,NL0 15,2,0.0,48541.9658340839,48541.965834083836
55,NL0 16 0 solar,legacy,NL0 16,1,0.0,59329.069352818755,59329.06935281868
55,NL0 17 0 solar,legacy,NL0 17,1,0.0,59329.069352818755,59329.06935281868
55,NL0 18 0 solar,legacy,NL0 18,1,0.0,59329.069352818755,59329.06935281868
55,NL0 19 0 solar,legacy,NL0 19,2,0.0,48541.9658340839,48541.965834083836
55,NL0 2 0 solar,legacy,NL0 2,2,0.0,48541.9658340839,48541.965834083836
55,NL0 20 0 solar,legacy,NL0 20,1,0.0,59329.069352818755,59329.06935281868
55,NL0 21 0 solar,legacy,NL0 21,1,0.0,59329.069352818755,59329.06935281868
55,NL0 22 0 solar,legacy,NL0 22,3,0.0,53935.51759344085,53935.517593440774
55,NL0 23 0 solar,legacy,NL0 23,1,0.0,59329.069352818755,59329.06935281868
55,NL0 24 0 solar,legacy,NL0 24,1,0.0,59329.069352818755,59329.06935281868
55,NL0 25 0 solar,legacy,NL0 25,2,0.0,48541.9658340839,48541.965834083836
55,NL0 26 0 solar,legacy,NL0 26,2,0.0,48541.9658340839,48541.965834083836
55,NL0 27 0 solar,legacy,NL0 27,1,0.0,59329.069352818755,59329.06935281868
55,NL0 28 0 solar,legacy,NL0 28,2,0.0,48541.9658340839,48541.965834083836
55,NL0 3 0 solar,legacy,NL0 3,1,0.0,59329.069352818755,59329.06935281868
55,NL0 30 0 solar,legacy,NL0 30,1,0.0,59329.069352818755,59329.06935281868
55,NL0 31 0 solar,legacy,NL0 31,2,0.0,48541.9658340839,48541.965834083836
55,NL0 4 0 solar,legacy,NL0 4,2,0.0,48541.9658340839,48541.965834083836
55,NL0 5 0 solar,legacy,NL0 5,3,0.0,53935.51759344085,53935.517593440774
55,NL0 6 0 solar,legacy,NL0 6,3,0.0,53935.51759344085,53935.517593440774
55,NL0 7 0 solar,legacy,NL0 7,3,0.0,53935.51759344085,53935.517593440774
55,NL0 8 0 solar,legacy,NL0 8,1,0.0,59329.069352818755,59329.06935281868
55,NL0 9 0 solar,legacy,NL0 9,3,0.0,53935.51759344085,53935.517593440774
55,NL0 20 0 offwind-ac,legacy,NL0 20,1,0.0,59329.069352818755,59329.06935281868
55,NL0 27 0 offwind-ac,legacy,NL0 27,1,0.0,59329.069352818755,59329.06935281868
55,NL0 31 0 offwind-ac,legacy,NL0 31,2,0.0,48541.9658340839,48541.965834083836
55,NL0 32 0 offwind-ac,legacy,NL0 32,1,0.0,59329.069352818755,59329.06935281868
55,NL0 7 0 offwind-ac,legacy,NL0 7,3,0.0,53935.51759344085,53935.517593440774
55,NL0 0 0 onwind,legacy,NL0 0,1,0.0,59329.069352818755,59329.06935281868
55,NL0 1 0 onwind,legacy,NL0 1,3,0.0,53935.51759344085,53935.517593440774
55,NL0 10 0 onwind,legacy,NL0 10,1,0.0,59329.069352818755,59329.06935281868
55,NL0 11 0 onwind,legacy,NL0 11,3,0.0,53935.51759344085,53935.517593440774
55,NL0 12 0 onwind,legacy,NL0 12,2,0.0,48541.9658340839,48541.965834083836
55,NL0 13 0 onwind,legacy,NL0 13,3,0.0,53935.51759344085,53935.517593440774
55,NL0 14 0 onwind,legacy,NL0 14,2,0.0,48541.9658340839,48541.965834083836
55,NL0 15 0 onwind,legacy,NL0 15,2,0.0,48541.9658340839,48541.965834083836
55,NL0 17 0 onwind,legacy,NL0 17,1,0.0,59329.069352818755,59329.06935281868
55,NL0 19 0 onwind,legacy,NL0 19,2,0.0,48541.9658340839,48541.965834083836
55,NL0 2 0 onwind,legacy,NL0 2,2,0.0,48541.9658340839,48541.965834083836
55,NL0 20 0 onwind,legacy,NL0 20,1,0.0,59329.069352818755,59329.06935281868
55,NL0 21 0 onwind,legacy,NL0 21,1,0.0,59329.069352818755,59329.06935281868
55,NL0 22 0 onwind,legacy,NL0 22,3,0.0,53935.51759344085,53935.517593440774
55,NL0 23 0 onwind,legacy,NL0 23,1,0.0,59329.069352818755,59329.06935281868
55,NL0 24 0 onwind,legacy,NL0 24,1,0.0,59329.069352818755,59329.06935281868
55,NL0 27 0 onwind,legacy,NL0 27,1,0.0,59329.069352818755,59329.06935281868
55,NL0 3 0 onwind,legacy,NL0 3,1,0.0,59329.069352818755,59329.06935281868
55,NL0 30 0 onwind,legacy,NL0 30,1,0.0,59329.069352818755,59329.06935281868
55,NL0 31 0 onwind,legacy,NL0 31,2,0.0,48541.9658340839,48541.965834083836
55,NL0 4 0 onwind,legacy,NL0 4,2,0.0,48541.9658340839,48541.965834083836
55,NL0 5 0 onwind,legacy,NL0 5,3,0.0,53935.51759344085,53935.517593440774
55,NL0 6 0 onwind,legacy,NL0 6,3,0.0,53935.51759344085,53935.517593440774
55,NL0 7 0 onwind,legacy,NL0 7,3,0.0,53935.51759344085,53935.517593440774
55,NL0 8 0 onwind,legacy,NL0 8,1,0.0,59329.069352818755,59329.06935281868
55,NL0 9 0 onwind,legacy,NL0 9,3,0.0,53935.51759344085,53935.517593440774
56,NL0 0 Invest,investable,NL0 0,1,1000.0,59329.069352818755,59329.06935292875
56,NL0 1 Invest,investable,NL0 1,3,0.0,53935.51759344085,53935.51759357159
56,NL0 10 Invest,investable,NL0 10,1,1000.0,59329.069352818755,59329.06935292875
56,NL0 11 Invest,investable,NL0 11,3,0.0,53935.51759344085,53935.51759357159
56,NL0 12 Invest,investable,NL0 12,2,0.0,48541.9658340839,48541.96583421443
56,NL0 13 Invest,investable,NL0 13,3,678.1047541590287,53935.51759344085,53935.51759357159
56,NL0 14 Invest,investable,NL0 14,2,0.0,48541.9658340839,48541.96583421443
56,NL0 15 Invest,investable,NL0 15,2,1000.0,48541.9658340839,48541.96583421443
56,NL0 16 Invest,investable,NL0 16,1,0.0,59329.069352818755,59329.06935292875
56,NL0 17 Invest,investable,NL0 17,1,1000.0,59329.069352818755,59329.06935292875
56,NL0 18 Invest,investable,NL0 18,1,0.0,59329.069352818755,59329.06935292875
56,NL0 19 Invest,investable,NL0 19,2,0.0,48541.9658340839,48541.96583421443
56,NL0 2 Invest,investable,NL0 2,2,421.30931852923914,48541.9658340839,48541.96583421443
56,NL0 20 Invest,investable,NL0 20,1,1000.0,59329.069352818755,59329.06935292875
56,NL0 21 Invest,investable,NL0 21,1,601.5467025248663,59329.069352818755,59329.06935292875
56,NL0 22 Invest,investable,NL0 22,3,1000.0,53935.51759344085,53935.51759357159
56,NL0 23 Invest,investable,NL0 23,1,0.0,59329.069352818755,59329.06935292875
56,NL0 24 Invest,investable,NL0 24,1,1000.0,59329.069352818755,59329.06935292875
56,NL0 25 Invest,investable,NL0 25,2,0.0,48541.9658340839,48541.96583421443
56,NL0 26 Invest,investable,NL0 26,2,0.0,48541.9658340839,48541.96583421443
56,NL0 27 Invest,investable,NL0 27,1,1000.0,59329.069352818755,59329.06935292875
56,NL0 28 Invest,investable,NL0 28,2,0.0,48541.9658340839,48541.96583421443
56,NL0 3 Invest,investable,NL0 3,1,0.0,59329.069352818755,59329.06935292875
56,NL0 30 Invest,investable,NL0 30,1,0.0,59329.069352818755,59329.06935292875
56,NL0 31 Invest,investable,NL0 31,2,0.0,48541.9658340839,48541.96583421443
56,NL0 33 Invest,investable,NL0 33,1,0.0,59329.069352818755,59329.06935292875
56,NL0 4 Invest,investable,NL0 4,2,1000.0,48541.9658340839,48541.96583421443
56,NL0 5 Invest,investable,NL0 5,3,1000.0,53935.51759344085,53935.51759357159
56,NL0 6 Invest,investable,NL0 6,3,1000.0,53935.51759344085,53935.51759357159
56,NL0 7 Invest,investable,NL0 7,3,1000.0,53935.51759344085,53935.51759357159
56,NL0 8 Invest,investable,NL0 8,1,0.0,59329.069352818755,59329.06935292875
56,NL0 9 Invest,investable,NL0 9,3,1000.0,53935.51759344085,53935.51759357159
56,NL0 1 biomass,legacy,NL0 1,3,71.0,53935.51759344085,53935.51759344085
56,NL0 1 waste,legacy,NL0 1,3,31.0,53935.51759344085,53935.51759344085
56,NL0 10 waste,legacy,NL0 10,1,150.0,59329.069352818755,59329.069352818755
56,NL0 11 biomass,legacy,NL0 11,3,20.0,53935.51759344085,53935.51759344085
56,NL0 11 waste,legacy,NL0 11,3,50.0,53935.51759344085,53935.51759344085
56,NL0 13 biomass,legacy,NL0 13,3,77.0,53935.51759344085,53935.51759344085
56,NL0 19 biomass,legacy,NL0 19,2,49.0,48541.9658340839,48541.9658340839
56,NL0 19 waste,legacy,NL0 19,2,36.0,48541.9658340839,48541.9658340839
56,NL0 22 biomass,legacy,NL0 22,3,500.0,53935.51759344085,53935.51759344085
56,NL0 25 waste,legacy,NL0 25,2,54.0,48541.9658340839,48541.9658340839
56,NL0 27 biomass,legacy,NL0 27,1,22.0,59329.069352818755,59329.069352818755
56,NL0 27 waste,legacy,NL0 27,1,71.2,59329.069352818755,59329.069352818755
56,NL0 3 biomass,legacy,NL0 3,1,22.0,59329.069352818755,59329.069352818755
56,NL0 3 waste,legacy,NL0 3,1,108.0,59329.069352818755,59329.069352818755
56,NL0 30 biomass,legacy,NL0 30,1,60.0,59329.069352818755,59329.069352818755
56,NL0 7 nuclear,legacy,NL0 7,3,515.0,53935.51759344085,53935.51759344085
56,NL0 7 waste,legacy,NL0 7,3,39.0,53935.51759344085,53935.51759344085
56,NL0 8 biomass,legacy,NL0 8,1,36.0,59329.069352818755,59329.069352818755
56,NL0 8 waste,legacy,NL0 8,1,157.0,59329.069352818755,59329.069352818755
56,NL0 9 biomass,legacy,NL0 9,3,20.0,53935.51759344085,53935.51759344085
56,NL0 0 0 solar,legacy,NL0 0,1,0.0,59329.069352818755,59329.06935281868
56,NL0 1 0 solar,legacy,NL0 1,3,0.0,53935.51759344085,53935.517593440774
56,NL0 10 0 solar,legacy,NL0 10,1,0.0,59329.069352818755,59329.06935281868
56,NL0 11 0 solar,legacy,NL0 11,3,0.0,53935.51759344085,53935.517593440774
56,NL0 12 0 solar,legacy,NL0 12,2,0.0,48541.9658340839,48541.965834083836
56,NL0 13 0 solar,legacy,NL0 13,3,0.0,53935.51759344085,53935.517593440774
56,NL0 14 0 solar,legacy,NL0 14,2,0.0,48541.9658340839,48541.965834083836
56,NL0 15 0 solar,legacy,NL0 15,2,0.0,48541.9658340839,48541.965834083836
56,NL0 16 0 solar,legacy,NL0 16,1,0.0,59329.069352818755,59329.06935281868
56,NL0 17 0 solar,legacy,NL0 17,1,0.0,59329.069352818755,59329.06935281868
56,NL0 18 0 solar,legacy,NL0 18,1,0.0,59329.069352818755,59329.06935281868
56,NL0 19 0 solar,legacy,NL0 19,2,0.0,48541.9658340839,48541.965834083836
56,NL0 2 0 solar,legacy,NL0 2,2,0.0,48541.9658340839,48541.965834083836
56,NL0 20 0 solar,legacy,NL0 20,1,0.0,59329.069352818755,59329.06935281868
56,NL0 21 0 solar,legacy,NL0 21,1,0.0,59329.069352818755,59329.06935281868
56,NL0 22 0 solar,legacy,NL0 22,3,0.0,53935.51759344085,53935.517593440774
56,NL0 23 0 solar,legacy,NL0 23,1,0.0,59329.069352818755,59329.06935281868
56,NL0 24 0 solar,legacy,NL0 24,1,0.0,59329.069352818755,59329.06935281868
56,NL0 25 0 solar,legacy,NL0 25,2,0.0,48541.9658340839,48541.965834083836
56,NL0 26 0 solar,legacy,NL0 26,2,0.0,48541.9658340839,48541.965834083836
56,NL0 27 0 solar,legacy,NL0 27,1,0.0,59329.069352818755,59329.06935281868
56,NL0 28 0 solar,legacy,NL0 28,2,0.0,48541.9658340839,48541.965834083836
56,NL0 3 0 solar,legacy,NL0 3,1,0.0,59329.069352818755,59329.06935281868
56,NL0 30 0 solar,legacy,NL0 30,1,0.0,59329.069352818755,59329.06935281868
56,NL0 31 0 solar,legacy,NL0 31,2,0.0,48541.9658340839,48541.965834083836
56,NL0 4 0 solar,legacy,NL0 4,2,0.0,48541.9658340839,48541.965834083836
56,NL0 5 0 solar,legacy,NL0 5,3,0.0,53935.51759344085,53935.517593440774
56,NL0 6 0 solar,legacy,NL0 6,3,0.0,53935.51759344085,53935.517593440774
56,NL0 7 0 solar,legacy,NL0 7,3,0.0,53935.51759344085,53935.517593440774
56,NL0 8 0 solar,legacy,NL0 8,1,0.0,59329.069352818755,59329.06935281868
56,NL0 9 0 solar,legacy,NL0 9,3,0.0,53935.51759344085,53935.517593440774
56,NL0 20 0 offwind-ac,legacy,NL0 20,1,0.0,59329.069352818755,59329.06935281868
56,NL0 27 0 offwind-ac,legacy,NL0 27,1,0.0,59329.069352818755,59329.06935281868
56,NL0 31 0 offwind-ac,legacy,NL0 31,2,0.0,48541.9658340839,48541.965834083836
56,NL0 32 0 offwind-ac,legacy,NL0 32,1,0.0,59329.069352818755,59329.06935281868
56,NL0 7 0 offwind-ac,legacy,NL0 7,3,0.0,53935.51759344085,53935.517593440774
56,NL0 0 0 onwind,legacy,NL0 0,1,0.0,59329.069352818755,59329.06935281868
56,NL0 1 0 onwind,legacy,NL0 1,3,0.0,53935.51759344085,53935.517593440774
56,NL0 10 0 onwind,legacy,NL0 10,1,0.0,59329.069352818755,59329.06935281868
56,NL0 11 0 onwind,legacy,NL0 11,3,0.0,53935.51759344085,53935.517593440774
56,NL0 12 0 onwind,legacy,NL0 12,2,0.0,48541.9658340839,48541.965834083836
56,NL0 13 0 onwind,legacy,NL0 13,3,0.0,53935.51759344085,53935.517593440774
56,NL0 14 0 onwind,legacy,NL0 14,2,0.0,48541.9658340839,48541.965834083836
56,NL0 15 0 onwind,legacy,NL0 15,2,0.0,48541.9658340839,48541.965834083836
56,NL0 17 0 onwind,legacy,NL0 17,1,0.0,59329.069352818755,59329.06935281868
56,NL0 19 0 onwind,legacy,NL0 19,2,0.0,48541.9658340839,48541.965834083836
56,NL0 2 0 onwind,legacy,NL0 2,2,0.0,48541.9658340839,48541.965834083836
56,NL0 20 0 onwind,legacy,NL0 20,1,0.0,59329.069352818755,59329.06935281868
56,NL0 21 0 onwind,legacy,NL0 21,1,0.0,59329.069352818755,59329.06935281868
56,NL0 22 0 onwind,legacy,NL0 22,3,0.0,53935.51759344085,53935.517593440774
56,NL0 23 0 onwind,legacy,NL0 23,1,0.0,59329.069352818755,59329.06935281868
56,NL0 24 0 onwind,legacy,NL0 24,1,0.0,59329.069352818755,59329.06935281868
56,NL0 27 0 onwind,legacy,NL0 27,1,0.0,59329.069352818755,59329.06935281868
56,NL0 3 0 onwind,legacy,NL0 3,1,0.0,59329.069352818755,59329.06935281868
56,NL0 30 0 onwind,legacy,NL0 30,1,0.0,59329.069352818755,59329.06935281868
56,NL0 31 0 onwind,legacy,NL0 31,2,0.0,48541.9658340839,48541.965834083836
56,NL0 4 0 onwind,legacy,NL0 4,2,0.0,48541.9658340839,48541.965834083836
56,NL0 5 0 onwind,legacy,NL0 5,3,0.0,53935.51759344085,53935.517593440774
56,NL0 6 0 onwind,legacy,NL0 6,3,0.0,53935.51759344085,53935.517593440774
56,NL0 7 0 onwind,legacy,NL0 7,3,0.0,53935.51759344085,53935.517593440774
56,NL0 8 0 onwind,legacy,NL0 8,1,0.0,59329.069352818755,59329.06935281868
56,NL0 9 0 onwind,legacy,NL0 9,3,0.0,53935.51759344085,53935.517593440774
57,NL0 0 Invest,investable,NL0 0,1,321.1873667771267,59329.069352818755,59329.06935292875
57,NL0 1 Invest,investable,NL0 1,3,1000.0,53935.51759344085,53935.51759357159
57,NL0 10 Invest,investable,NL0 10,1,423.2132840450098,59329.069352818755,59329.06935292875
57,NL0 11 Invest,investable,NL0 11,3,1000.0,53935.51759344085,53935.51759357159
57,NL0 12 Invest,investable,NL0 12,2,247.50231645834367,48541.9658340839,48541.96583421443
57,NL0 13 Invest,investable,NL0 13,3,346.3166740576539,53935.51759344085,53935.51759357159
57,NL0 14 Invest,investable,NL0 14,2,225.51605510187755,48541.9658340839,48541.96583421443
57,NL0 15 Invest,investable,NL0 15,2,296.29629145173146,48541.9658340839,48541.96583421443
57,NL0 16 Invest,investable,NL0 16,1,518.1104489433632,59329.069352818755,59329.06935292875
57,NL0 17 Invest,investable,NL0 17,1,369.33575607731495,59329.069352818755,59329.06935292875
57,NL0 18 Invest,investable,NL0 18,1,385.63174729938635,59329.069352818755,59329.06935292875
57,NL0 19 Invest,investable,NL0 19,2,254.04200361742585,48541.9658340839,48541.96583421443
57,NL0 2 Invest,investable,NL0 2,2,0.0,48541.9658340839,48541.96583421443
57,NL0 20 Invest,investable,NL0 20,1,437.1001650783245,59329.069352818755,59329.06935292875
57,NL0 21 Invest,investable,NL0 21,1,454.72455343237266,59329.069352818755,59329.06935292875
57,NL0 22 Invest,investable,NL0 22,3,347.6695395142368,53935.51759344085,53935.51759357159
57,NL0 23 Invest,investable,NL0 23,1,517.4042488025019,59329.069352818755,59329.06935292875
57,NL0 24 Invest,investable,NL0 24,1,626.4034994525282,59329.069352818755,59329.06935292875
57,NL0 25 Invest,investable,NL0 25,2,300.61450601463105,48541.9658340839,48541.96583421443
57,NL0 26 Invest,investable,NL0 26,2,257.26726622734543,48541.9658340839,48541.96583421443
57,NL0 27 Invest,investable,NL0 27,1,582.8833668171686,59329.069352818755,59329.06935292875
57,NL0 28 Invest,investable,NL0 28,2,202.2554479109382,48541.9658340839,48541.96583421443
57,NL0 3 Invest,investable,NL0 3,1,484.25843373705936,59329.069352818755,59329.06935292875
57,NL0 30 Invest,investable,NL0 30,1,494.3605811921291,59329.069352818755,59329.06935292875
57,NL0 31 Invest,investable,NL0 31,2,348.21014095001055,48541.9658340839,48541.96583421443
57,NL0 33 Invest,investable,NL0 33,1,509.8270333277368,59329.069352818755,59329.06935292875
57,NL0 4 Invest,investable,NL0 4,2,289.6052907969355,48541.9658340839,48541.96583421443
57,NL0 5 Invest,investable,NL0 5,3,0.0,53935.51759344085,53935.51759357159
57,NL0 6 Invest,investable,NL0 6,3,1000.0,53935.51759344085,53935.51759357159
57,NL0 7 Invest,investable,NL0 7,3,984.118540587138,53935.51759344085,53935.51759357159
57,NL0 8 Invest,investable,NL0 8,1,477.10621754284455,59329.069352818755,59329.06935292875
57,NL0 9 Invest,investable,NL0 9,3,1000.0,53935.51759344085,53935.51759357159
57,NL0 1 biomass,legacy,NL0 1,3,71.0,53935.51759344085,53935.51759344085
57,NL0 1 waste,legacy,NL0 1,3,31.0,53935.51759344085,53935.51759344085
57,NL0 10 waste,legacy,NL0 10,1,150.0,59329.069352818755,59329.069352818755
57,NL0 11 biomass,legacy,NL0 11,3,20.0,53935.51759344085,53935.51759344085
57,NL0 11 waste,legacy,NL0 11,3,50.0,53935.51759344085,53935.51759344085
57,NL0 13 biomass,legacy,NL0 13,3,77.0,53935.51759344085,53935.51759344085
57,NL0 19 biomass,legacy,NL0 19,2,49.0,48541.9658340839,48541.9658340839
57,NL0 19 waste,legacy,NL0 19,2,36.0,48541.9658340839,48541.9658340839
57,NL0 22 biomass,legacy,NL0 22,3,500.0,53935.51759344085,53935.51759344085
57,NL0 25 waste,legacy,NL0 25,2,54.0,48541.9658340839,48541.9658340839
57,NL0 27 biomass,legacy,NL0 27,1,22.0,59329.069352818755,59329.069352818755
57,NL0 27 waste,legacy,NL0 27,1,71.2,59329.069352818755,59329.069352818755
57,NL0 3 biomass,legacy,NL0 3,1,22.0,59329.069352818755,59329.069352818755
57,NL0 3 waste,legacy,NL0 3,1,108.0,59329.069352818755,59329.069352818755
57,NL0 30 biomass,legacy,NL0 30,1,60.0,59329.069352818755,59329.069352818755
57,NL0 7 nuclear,legacy,NL0 7,3,515.0,53935.51759344085,53935.51759344085
57,NL0 7 waste,legacy,NL0 7,3,39.0,53935.51759344085,53935.51759344085
57,NL0 8 biomass,legacy,NL0 8,1,36.0,59329.069352818755,59329.069352818755
57,NL0 8 waste,legacy,NL0 8,1,157.0,59329.069352818755,59329.069352818755
57,NL0 9 biomass,legacy,NL0 9,3,20.0,53935.51759344085,53935.51759344085
57,NL0 0 0 solar,legacy,NL0 0,1,0.0,59329.069352818755,59329.06935281868
57,NL0 1 0 solar,legacy,NL0 1,3,0.0,53935.51759344085,53935.517593440774
57,NL0 10 0 solar,legacy,NL0 10,1,0.0,59329.069352818755,59329.06935281868
57,NL0 11 0 solar,legacy,NL0 11,3,0.0,53935.51759344085,53935.517593440774
57,NL0 12 0 solar,legacy,NL0 12,2,0.0,48541.9658340839,48541.965834083836
57,NL0 13 0 solar,legacy,NL0 13,3,0.0,53935.51759344085,53935.517593440774
57,NL0 14 0 solar,legacy,NL0 14,2,0.0,48541.9658340839,48541.965834083836
57,NL0 15 0 solar,legacy,NL0 15,2,0.0,48541.9658340839,48541.965834083836
57,NL0 16 0 solar,legacy,NL0 16,1,0.0,59329.069352818755,59329.06935281868
57,NL0 17 0 solar,legacy,NL0 17,1,0.0,59329.069352818755,59329.06935281868
57,NL0 18 0 solar,legacy,NL0 18,1,0.0,59329.069352818755,59329.06935281868
57,NL0 19 0 solar,legacy,NL0 19,2,0.0,48541.9658340839,48541.965834083836
57,NL0 2 0 solar,legacy,NL0 2,2,0.0,48541.9658340839,48541.965834083836
57,NL0 20 0 solar,legacy,NL0 20,1,0.0,59329.069352818755,59329.06935281868
57,NL0 21 0 solar,legacy,NL0 21,1,0.0,59329.069352818755,59329.06935281868
57,NL0 22 0 solar,legacy,NL0 22,3,0.0,53935.51759344085,53935.517593440774
57,NL0 23 0 solar,legacy,NL0 23,1,0.0,59329.069352818755,59329.06935281868
57,NL0 24 0 solar,legacy,NL0 24,1,0.0,59329.069352818755,59329.06935281868
57,NL0 25 0 solar,legacy,NL0 25,2,0.0,48541.9658340839,48541.965834083836
57,NL0 26 0 solar,legacy,NL0 26,2,0.0,48541.9658340839,48541.965834083836
57,NL0 27 0 solar,legacy,NL0 27,1,0.0,59329.069352818755,59329.06935281868
57,NL0 28 0 solar,legacy,NL0 28,2,0.0,48541.9658340839,48541.965834083836
57,NL0 3 0 solar,legacy,NL0 3,1,0.0,59329.069352818755,59329.06935281868
57,NL0 30 0 solar,legacy,NL0 30,1,0.0,59329.069352818755,59329.06935281868
57,NL0 31 0 solar,legacy,NL0 31,2,0.0,48541.9658340839,48541.965834083836
57,NL0 4 0 solar,legacy,NL0 4,2,0.0,48541.9658340839,48541.965834083836
57,NL0 5 0 solar,legacy,NL0 5,3,0.0,53935.51759344085,53935.517593440774
57,NL0 6 0 solar,legacy,NL0 6,3,0.0,53935.51759344085,53935.517593440774
57,NL0 7 0 solar,legacy,NL0 7,3,0.0,53935.51759344085,53935.517593440774
57,NL0 8 0 solar,legacy,NL0 8,1,0.0,59329.069352818755,59329.06935281868
57,NL0 9 0 solar,legacy,NL0 9,3,0.0,53935.51759344085,53935.517593440774
57,NL0 20 0 offwind-ac,legacy,NL0 20,1,0.0,59329.069352818755,59329.06935281868
57,NL0 27 0 offwind-ac,legacy,NL0 27,1,0.0,59329.069352818755,59329.06935281868
57,NL0 31 0 offwind-ac,legacy,NL0 31,2,0.0,48541.9658340839,48541.965834083836
57,NL0 32 0 offwind-ac,legacy,NL0 32,1,0.0,59329.069352818755,59329.06935281868
57,NL0 7 0 offwind-ac,legacy,NL0 7,3,0.0,53935.51759344085,53935.517593440774
57,NL0 0 0 onwind,legacy,NL0 0,1,0.0,59329.069352818755,59329.06935281868
57,NL0 1 0 onwind,legacy,NL0 1,3,0.0,53935.51759344085,53935.517593440774
57,NL0 10 0 onwind,legacy,NL0 10,1,0.0,59329.069352818755,59329.06935281868
57,NL0 11 0 onwind,legacy,NL0 11,3,0.0,53935.51759344085,53935.517593440774
57,NL0 12 0 onwind,legacy,NL0 12,2,0.0,48541.9658340839,48541.965834083836
57,NL0 13 0 onwind,legacy,NL0 13,3,0.0,53935.51759344085,53935.517593440774
57,NL0 14 0 onwind,legacy,NL0 14,2,0.0,48541.9658340839,48541.965834083836
57,NL0 15 0 onwind,legacy,NL0 15,2,0.0,48541.9658340839,48541.965834083836
57,NL0 17 0 onwind,legacy,NL0 17,1,0.0,59329.069352818755,59329.06935281868
57,NL0 19 0 onwind,legacy,NL0 19,2,0.0,48541.9658340839,48541.965834083836
57,NL0 2 0 onwind,legacy,NL0 2,2,0.0,48541.9658340839,48541.965834083836
57,NL0 20 0 onwind,legacy,NL0 20,1,0.0,59329.069352818755,59329.06935281868
57,NL0 21 0 onwind,legacy,NL0 21,1,0.0,59329.069352818755,59329.06935281868
57,NL0 22 0 onwind,legacy,NL0 22,3,0.0,53935.51759344085,53935.517593440774
57,NL0 23 0 onwind,legacy,NL0 23,1,0.0,59329.069352818755,59329.06935281868
57,NL0 24 0 onwind,legacy,NL0 24,1,0.0,59329.069352818755,59329.06935281868
57,NL0 27 0 onwind,legacy,NL0 27,1,0.0,59329.069352818755,59329.06935281868
57,NL0 3 0 onwind,legacy,NL0 3,1,0.0,59329.069352818755,59329.06935281868
57,NL0 30 0 onwind,legacy,NL0 30,1,0.0,59329.069352818755,59329.06935281868
57,NL0 31 0 onwind,legacy,NL0 31,2,0.0,48541.9658340839,48541.965834083836
57,NL0 4 0 onwind,legacy,NL0 4,2,0.0,48541.9658340839,48541.965834083836
57,NL0 5 0 onwind,legacy,NL0 5,3,0.0,53935.51759344085,53935.517593440774
57,NL0 6 0 onwind,legacy,NL0 6,3,0.0,53935.51759344085,53935.517593440774
57,NL0 7 0 onwind,legacy,NL0 7,3,0.0,53935.51759344085,53935.517593440774
57,NL0 8 0 onwind,legacy,NL0 8,1,0.0,59329.069352818755,59329.06935281868
57,NL0 9 0 onwind,legacy,NL0 9,3,0.0,53935.51759344085,53935.517593440774
58,NL0 0 Invest,investable,NL0 0,1,321.1873667771267,59329.069352818755,59329.06935292875
58,NL0 1 Invest,investable,NL0 1,3,1000.0,53935.51759344085,53935.51759357159
58,NL0 10 Invest,investable,NL0 10,1,423.2132840450098,59329.069352818755,59329.06935292875
58,NL0 11 Invest,investable,NL0 11,3,1000.0,53935.51759344085,53935.51759357159
58,NL0 12 Invest,investable,NL0 12,2,247.50231645834367,48541.9658340839,48541.96583421443
58,NL0 13 Invest,investable,NL0 13,3,346.3166740576539,53935.51759344085,53935.51759357159
58,NL0 14 Invest,investable,NL0 14,2,225.51605510187755,48541.9658340839,48541.96583421443
58,NL0 15 Invest,investable,NL0 15,2,296.29629145173146,48541.9658340839,48541.96583421443
58,NL0 16 Invest,investable,NL0 16,1,518.1104489433632,59329.069352818755,59329.06935292875
58,NL0 17 Invest,investable,NL0 17,1,369.33575607731495,59329.069352818755,59329.06935292875
58,NL0 18 Invest,investable,NL0 18,1,385.63174729938635,59329.069352818755,59329.06935292875
58,NL0 19 Invest,investable,NL0 19,2,254.04200361742585,48541.9658340839,48541.96583421443
58,NL0 2 Invest,investable,NL0 2,2,0.0,48541.9658340839,48541.96583421443
58,NL0 20 Invest,investable,NL0 20,1,437.1001650783245,59329.069352818755,59329.06935292875
58,NL0 21 Invest,investable,NL0 21,1,454.72455343237266,59329.069352818755,59329.06935292875
58,NL0 22 Invest,investable,NL0 22,3,347.6695395142368,53935.51759344085,53935.51759357159
58,NL0 23 Invest,investable,NL0 23,1,517.4042488025019,59329.069352818755,59329.06935292875
58,NL0 24 Invest,investable,NL0 24,1,626.4034994525282,59329.069352818755,59329.06935292875
58,NL0 25 Invest,investable,NL0 25,2,300.61450601463105,48541.9658340839,48541.96583421443
58,NL0 26 Invest,investable,NL0 26,2,257.26726622734543,48541.9658340839,48541.96583421443
58,NL0 27 Invest,investable,NL0 27,1,582.8833668171686,59329.069352818755,59329.06935292875
58,NL0 28 Invest,investable,NL0 28,2,202.2554479109382,48541.9658340839,48541.96583421443
58,NL0 3 Invest,investable,NL0 3,1,484.25843373705936,59329.069352818755,59329.06935292875
58,NL0 30 Invest,investable,NL0 30,1,494.3605811921291,59329.069352818755,59329.06935292875
58,NL0 31 Invest,investable,NL0 31,2,348.21014095001055,48541.9658340839,48541.96583421443
58,NL0 33 Invest,investable,NL0 33,1,509.8270333277368,59329.069352818755,59329.06935292875
58,NL0 4 Invest,investable,NL0 4,2,289.6052907969355,48541.9658340839,48541.96583421443
58,NL0 5 Invest,investable,NL0 5,3,0.0,53935.51759344085,53935.51759357159
58,NL0 6 Invest,investable,NL0 6,3,1000.0,53935.51759344085,53935.51759357159
58,NL0 7 Invest,investable,NL0 7,3,984.118540587138,53935.51759344085,53935.51759357159
58,NL0 8 Invest,investable,NL0 8,1,477.10621754284455,59329.069352818755,59329.06935292875
58,NL0 9 Invest,investable,NL0 9,3,1000.0,53935.51759344085,53935.51759357159
58,NL0 1 biomass,legacy,NL0 1,3,71.0,53935.51759344085,53935.51759344085
58,NL0 1 waste,legacy,NL0 1,3,31.0,53935.51759344085,53935.51759344085
58,NL0 10 waste,legacy,NL0 10,1,150.0,59329.069352818755,59329.069352818755
58,NL0 11 biomass,legacy,NL0 11,3,20.0,53935.51759344085,53935.51759344085
58,NL0 11 waste,legacy,NL0 11,3,50.0,53935.51759344085,53935.51759344085
58,NL0 13 biomass,legacy,NL0 13,3,77.0,53935.51759344085,53935.51759344085
58,NL0 19 biomass,legacy,NL0 19,2,49.0,48541.9658340839,48541.9658340839
58,NL0 19 waste,legacy,NL0 19,2,36.0,48541.9658340839,48541.9658340839
58,NL0 22 biomass,legacy,NL0 22,3,500.0,53935.51759344085,53935.51759344085
58,NL0 25 waste,legacy,NL0 25,2,54.0,48541.9658340839,48541.9658340839
58,NL0 27 biomass,legacy,NL0 27,1,22.0,59329.069352818755,59329.069352818755
58,NL0 27 waste,legacy,NL0 27,1,71.2,59329.069352818755,59329.069352818755
58,NL0 3 biomass,legacy,NL0 3,1,22.0,59329.069352818755,59329.069352818755
58,NL0 3 waste,legacy,NL0 3,1,108.0,59329.069352818755,59329.069352818755
58,NL0 30 biomass,legacy,NL0 30,1,60.0,59329.069352818755,59329.069352818755
58,NL0 7 nuclear,legacy,NL0 7,3,515.0,53935.51759344085,53935.51759344085
58,NL0 7 waste,legacy,NL0 7,3,39.0,53935.51759344085,53935.51759344085
58,NL0 8 biomass,legacy,NL0 8,1,36.0,59329.069352818755,59329.069352818755
58,NL0 8 waste,legacy,NL0 8,1,157.0,59329.069352818755,59329.069352818755
58,NL0 9 biomass,legacy,NL0 9,3,20.0,53935.51759344085,53935.51759344085
58,NL0 0 0 solar,legacy,NL0 0,1,0.0,59329.069352818755,59329.06935281868
58,NL0 1 0 solar,legacy,NL0 1,3,0.0,53935.51759344085,53935.517593440774
58,NL0 10 0 solar,legacy,NL0 10,1,0.0,59329.069352818755,59329.06935281868
58,NL0 11 0 solar,legacy,NL0 11,3,0.0,53935.51759344085,53935.517593440774
58,NL0 12 0 solar,legacy,NL0 12,2,0.0,48541.9658340839,48541.965834083836
58,NL0 13 0 solar,legacy,NL0 13,3,0.0,53935.51759344085,53935.517593440774
58,NL0 14 0 solar,legacy,NL0 14,2,0.0,48541.9658340839,48541.965834083836
58,NL0 15 0 solar,legacy,NL0 15,2,0.0,48541.9658340839,48541.965834083836
58,NL0 16 0 solar,legacy,NL0 16,1,0.0,59329.069352818755,59329.06935281868
58,NL0 17 0 solar,legacy,NL0 17,1,0.0,59329.069352818755,59329.06935281868
58,NL0 18 0 solar,legacy,NL0 18,1,0.0,59329.069352818755,59329.06935281868
58,NL0 19 0 solar,legacy,NL0 19,2,0.0,48541.9658340839,48541.965834083836
58,NL0 2 0 solar,legacy,NL0 2,2,0.0,48541.9658340839,48541.965834083836
58,NL0 20 0 solar,legacy,NL0 20,1,0.0,59329.069352818755,59329.06935281868
58,NL0 21 0 solar,legacy,NL0 21,1,0.0,59329.069352818755,59329.06935281868
58,NL0 22 0 solar,legacy,NL0 22,3,0.0,53935.51759344085,53935.517593440774
58,NL0 23 0 solar,legacy,NL0 23,1,0.0,59329.069352818755,59329.06935281868
58,NL0 24 0 solar,legacy,NL0 24,1,0.0,59329.069352818755,59329.06935281868
58,NL0 25 0 solar,legacy,NL0 25,2,0.0,48541.9658340839,48541.965834083836
58,NL0 26 0 solar,legacy,NL0 26,2,0.0,48541.9658340839,48541.965834083836
58,NL0 27 0 solar,legacy,NL0 27,1,0.0,59329.069352818755,59329.06935281868
58,NL0 28 0 solar,legacy,NL0 28,2,0.0,48541.9658340839,48541.965834083836
58,NL0 3 0 solar,legacy,NL0 3,1,0.0,59329.069352818755,59329.06935281868
58,NL0 30 0 solar,legacy,NL0 30,1,0.0,59329.069352818755,59329.06935281868
58,NL0 31 0 solar,legacy,NL0 31,2,0.0,48541.9658340839,48541.965834083836
58,NL0 4 0 solar,legacy,NL0 4,2,0.0,48541.9658340839,48541.965834083836
58,NL0 5 0 solar,legacy,NL0 5,3,0.0,53935.51759344085,53935.517593440774
58,NL0 6 0 solar,legacy,NL0 6,3,0.0,53935.51759344085,53935.517593440774
58,NL0 7 0 solar,legacy,NL0 7,3,0.0,53935.51759344085,53935.517593440774
58,NL0 8 0 solar,legacy,NL0 8,1,0.0,59329.069352818755,59329.06935281868
58,NL0 9 0 solar,legacy,NL0 9,3,0.0,53935.51759344085,53935.517593440774
58,NL0 20 0 offwind-ac,legacy,NL0 20,1,0.0,59329.069352818755,59329.06935281868
58,NL0 27 0 offwind-ac,legacy,NL0 27,1,0.0,59329.069352818755,59329.06935281868
58,NL0 31 0 offwind-ac,legacy,NL0 31,2,0.0,48541.9658340839,48541.965834083836
58,NL0 32 0 offwind-ac,legacy,NL0 32,1,0.0,59329.069352818755,59329.06935281868
58,NL0 7 0 offwind-ac,legacy,NL0 7,3,0.0,53935.51759344085,53935.517593440774
58,NL0 0 0 onwind,legacy,NL0 0,1,0.0,59329.069352818755,59329.06935281868
58,NL0 1 0 onwind,legacy,NL0 1,3,0.0,53935.51759344085,53935.517593440774
58,NL0 10 0 onwind,legacy,NL0 10,1,0.0,59329.069352818755,59329.06935281868
58,NL0 11 0 onwind,legacy,NL0 11,3,0.0,53935.51759344085,53935.517593440774
58,NL0 12 0 onwind,legacy,NL0 12,2,0.0,48541.9658340839,48541.965834083836
58,NL0 13 0 onwind,legacy,NL0 13,3,0.0,53935.51759344085,53935.517593440774
58,NL0 14 0 onwind,legacy,NL0 14,2,0.0,48541.9658340839,48541.965834083836
58,NL0 15 0 onwind,legacy,NL0 15,2,0.0,48541.9658340839,48541.965834083836
58,NL0 17 0 onwind,legacy,NL0 17,1,0.0,59329.069352818755,59329.06935281868
58,NL0 19 0 onwind,legacy,NL0 19,2,0.0,48541.9658340839,48541.965834083836
58,NL0 2 0 onwind,legacy,NL0 2,2,0.0,48541.9658340839,48541.965834083836
58,NL0 20 0 onwind,legacy,NL0 20,1,0.0,59329.069352818755,59329.06935281868
58,NL0 21 0 onwind,legacy,NL0 21,1,0.0,59329.069352818755,59329.06935281868
58,NL0 22 0 onwind,legacy,NL0 22,3,0.0,53935.51759344085,53935.517593440774
58,NL0 23 0 onwind,legacy,NL0 23,1,0.0,59329.069352818755,59329.06935281868
58,NL0 24 0 onwind,legacy,NL0 24,1,0.0,59329.069352818755,59329.06935281868
58,NL0 27 0 onwind,legacy,NL0 27,1,0.0,59329.069352818755,59329.06935281868
58,NL0 3 0 onwind,legacy,NL0 3,1,0.0,59329.069352818755,59329.06935281868
58,NL0 30 0 onwind,legacy,NL0 30,1,0.0,59329.069352818755,59329.06935281868
58,NL0 31 0 onwind,legacy,NL0 31,2,0.0,48541.9658340839,48541.965834083836
58,NL0 4 0 onwind,legacy,NL0 4,2,0.0,48541.9658340839,48541.965834083836
58,NL0 5 0 onwind,legacy,NL0 5,3,0.0,53935.51759344085,53935.517593440774
58,NL0 6 0 onwind,legacy,NL0 6,3,0.0,53935.51759344085,53935.517593440774
58,NL0 7 0 onwind,legacy,NL0 7,3,0.0,53935.51759344085,53935.517593440774
58,NL0 8 0 onwind,legacy,NL0 8,1,0.0,59329.069352818755,59329.06935281868
58,NL0 9 0 onwind,legacy,NL0 9,3,0.0,53935.51759344085,53935.517593440774
59,NL0 0 Invest,investable,NL0 0,1,321.1873667771267,59329.069352818755,59329.06935292875
59,NL0 1 Invest,investable,NL0 1,3,1000.0,53935.51759344085,53935.51759357159
59,NL0 10 Invest,investable,NL0 10,1,423.2132840450098,59329.069352818755,59329.06935292875
59,NL0 11 Invest,investable,NL0 11,3,1000.0,53935.51759344085,53935.51759357159
59,NL0 12 Invest,investable,NL0 12,2,247.50231645834367,48541.9658340839,48541.96583421443
59,NL0 13 Invest,investable,NL0 13,3,346.3166740576539,53935.51759344085,53935.51759357159
59,NL0 14 Invest,investable,NL0 14,2,225.51605510187755,48541.9658340839,48541.96583421443
59,NL0 15 Invest,investable,NL0 15,2,296.29629145173146,48541.9658340839,48541.96583421443
59,NL0 16 Invest,investable,NL0 16,1,518.1104489433632,59329.069352818755,59329.06935292875
59,NL0 17 Invest,investable,NL0 17,1,369.33575607731495,59329.069352818755,59329.06935292875
59,NL0 18 Invest,investable,NL0 18,1,385.63174729938635,59329.069352818755,59329.06935292875
59,NL0 19 Invest,investable,NL0 19,2,254.04200361742585,48541.9658340839,48541.96583421443
59,NL0 2 Invest,investable,NL0 2,2,0.0,48541.9658340839,48541.96583421443
59,NL0 20 Invest,investable,NL0 20,1,437.1001650783245,59329.069352818755,59329.06935292875
59,NL0 21 Invest,investable,NL0 21,1,454.72455343237266,59329.069352818755,59329.06935292875
59,NL0 22 Invest,investable,NL0 22,3,347.6695395142368,53935.51759344085,53935.51759357159
59,NL0 23 Invest,investable,NL0 23,1,517.4042488025019,59329.069352818755,59329.06935292875
59,NL0 24 Invest,investable,NL0 24,1,626.4034994525282,59329.069352818755,59329.06935292875
59,NL0 25 Invest,investable,NL0 25,2,300.61450601463105,48541.9658340839,48541.96583421443
59,NL0 26 Invest,investable,NL0 26,2,257.26726622734543,48541.9658340839,48541.96583421443
59,NL0 27 Invest,investable,NL0 27,1,582.8833668171686,59329.069352818755,59329.06935292875
59,NL0 28 Invest,investable,NL0 28,2,202.2554479109382,48541.9658340839,48541.96583421443
59,NL0 3 Invest,investable,NL0 3,1,484.25843373705936,59329.069352818755,59329.06935292875
59,NL0 30 Invest,investable,NL0 30,1,494.3605811921291,59329.069352818755,59329.06935292875
59,NL0 31 Invest,investable,NL0 31,2,348.21014095001055,48541.9658340839,48541.96583421443
59,NL0 33 Invest,investable,NL0 33,1,509.8270333277368,59329.069352818755,59329.06935292875
59,NL0 4 Invest,investable,NL0 4,2,289.6052907969355,48541.9658340839,48541.96583421443
59,NL0 5 Invest,investable,NL0 5,3,0.0,53935.51759344085,53935.51759357159
59,NL0 6 Invest,investable,NL0 6,3,1000.0,53935.51759344085,53935.51759357159
59,NL0 7 Invest,investable,NL0 7,3,984.118540587138,53935.51759344085,53935.51759357159
59,NL0 8 Invest,investable,NL0 8,1,477.10621754284455,59329.069352818755,59329.06935292875
59,NL0 9 Invest,investable,NL0 9,3,1000.0,53935.51759344085,53935.51759357159
59,NL0 1 biomass,legacy,NL0 1,3,71.0,53935.51759344085,53935.51759344085
59,NL0 1 waste,legacy,NL0 1,3,31.0,53935.51759344085,53935.51759344085
59,NL0 10 waste,legacy,NL0 10,1,150.0,59329.069352818755,59329.069352818755
59,NL0 11 biomass,legacy,NL0 11,3,20.0,53935.51759344085,53935.51759344085
59,NL0 11 waste,legacy,NL0 11,3,50.0,53935.51759344085,53935.51759344085
59,NL0 13 biomass,legacy,NL0 13,3,77.0,53935.51759344085,53935.51759344085
59,NL0 19 biomass,legacy,NL0 19,2,49.0,48541.9658340839,48541.9658340839
59,NL0 19 waste,legacy,NL0 19,2,36.0,48541.9658340839,48541.9658340839
59,NL0 22 biomass,legacy,NL0 22,3,500.0,53935.51759344085,53935.51759344085
59,NL0 25 waste,legacy,NL0 25,2,54.0,48541.9658340839,48541.9658340839
59,NL0 27 biomass,legacy,NL0 27,1,22.0,59329.069352818755,59329.069352818755
59,NL0 27 waste,legacy,NL0 27,1,71.2,59329.069352818755,59329.069352818755
59,NL0 3 biomass,legacy,NL0 3,1,22.0,59329.069352818755,59329.069352818755
59,NL0 3 waste,legacy,NL0 3,1,108.0,59329.069352818755,59329.069352818755
59,NL0 30 biomass,legacy,NL0 30,1,60.0,59329.069352818755,59329.069352818755
59,NL0 7 nuclear,legacy,NL0 7,3,515.0,53935.51759344085,53935.51759344085
59,NL0 7 waste,legacy,NL0 7,3,39.0,53935.51759344085,53935.51759344085
59,NL0 8 biomass,legacy,NL0 8,1,36.0,59329.069352818755,59329.069352818755
59,NL0 8 waste,legacy,NL0 8,1,157.0,59329.069352818755,59329.069352818755
59,NL0 9 biomass,legacy,NL0 9,3,20.0,53935.51759344085,53935.51759344085
59,NL0 0 0 solar,legacy,NL0 0,1,0.0,59329.069352818755,59329.06935281868
59,NL0 1 0 solar,legacy,NL0 1,3,0.0,53935.51759344085,53935.517593440774
59,NL0 10 0 solar,legacy,NL0 10,1,0.0,59329.069352818755,59329.06935281868
59,NL0 11 0 solar,legacy,NL0 11,3,0.0,53935.51759344085,53935.517593440774
59,NL0 12 0 solar,legacy,NL0 12,2,0.0,48541.9658340839,48541.965834083836
59,NL0 13 0 solar,legacy,NL0 13,3,0.0,53935.51759344085,53935.517593440774
59,NL0 14 0 solar,legacy,NL0 14,2,0.0,48541.9658340839,48541.965834083836
59,NL0 15 0 solar,legacy,NL0 15,2,0.0,48541.9658340839,48541.965834083836
59,NL0 16 0 solar,legacy,NL0 16,1,0.0,59329.069352818755,59329.06935281868
59,NL0 17 0 solar,legacy,NL0 17,1,0.0,59329.069352818755,59329.06935281868
59,NL0 18 0 solar,legacy,NL0 18,1,0.0,59329.069352818755,59329.06935281868
59,NL0 19 0 solar,legacy,NL0 19,2,0.0,48541.9658340839,48541.965834083836
59,NL0 2 0 solar,legacy,NL0 2,2,0.0,48541.9658340839,48541.965834083836
59,NL0 20 0 solar,legacy,NL0 20,1,0.0,59329.069352818755,59329.06935281868
59,NL0 21 0 solar,legacy,NL0 21,1,0.0,59329.069352818755,59329.06935281868
59,NL0 22 0 solar,legacy,NL0 22,3,0.0,53935.51759344085,53935.517593440774
59,NL0 23 0 solar,legacy,NL0 23,1,0.0,59329.069352818755,59329.06935281868
59,NL0 24 0 solar,legacy,NL0 24,1,0.0,59329.069352818755,59329.06935281868
59,NL0 25 0 solar,legacy,NL0 25,2,0.0,48541.9658340839,48541.965834083836
59,NL0 26 0 solar,legacy,NL0 26,2,0.0,48541.9658340839,48541.965834083836
59,NL0 27 0 solar,legacy,NL0 27,1,0.0,59329.069352818755,59329.06935281868
59,NL0 28 0 solar,legacy,NL0 28,2,0.0,48541.9658340839,48541.965834083836
59,NL0 3 0 solar,legacy,NL0 3,1,0.0,59329.069352818755,59329.06935281868
59,NL0 30 0 solar,legacy,NL0 30,1,0.0,59329.069352818755,59329.06935281868
59,NL0 31 0 solar,legacy,NL0 31,2,0.0,48541.9658340839,48541.965834083836
59,NL0 4 0 solar,legacy,NL0 4,2,0.0,48541.9658340839,48541.965834083836
59,NL0 5 0 solar,legacy,NL0 5,3,0.0,53935.51759344085,53935.517593440774
59,NL0 6 0 solar,legacy,NL0 6,3,0.0,53935.51759344085,53935.517593440774
59,NL0 7 0 solar,legacy,NL0 7,3,0.0,53935.51759344085,53935.517593440774
59,NL0 8 0 solar,legacy,NL0 8,1,0.0,59329.069352818755,59329.06935281868
59,NL0 9 0 solar,legacy,NL0 9,3,0.0,53935.51759344085,53935.517593440774
59,NL0 20 0 offwind-ac,legacy,NL0 20,1,0.0,59329.069352818755,59329.06935281868
59,NL0 27 0 offwind-ac,legacy,NL0 27,1,0.0,59329.069352818755,59329.06935281868
59,NL0 31 0 offwind-ac,legacy,NL0 31,2,0.0,48541.9658340839,48541.965834083836
59,NL0 32 0 offwind-ac,legacy,NL0 32,1,0.0,59329.069352818755,59329.06935281868
59,NL0 7 0 offwind-ac,legacy,NL0 7,3,0.0,53935.51759344085,53935.517593440774
59,NL0 0 0 onwind,legacy,NL0 0,1,0.0,59329.069352818755,59329.06935281868
59,NL0 1 0 onwind,legacy,NL0 1,3,0.0,53935.51759344085,53935.517593440774
59,NL0 10 0 onwind,legacy,NL0 10,1,0.0,59329.069352818755,59329.06935281868
59,NL0 11 0 onwind,legacy,NL0 11,3,0.0,53935.51759344085,53935.517593440774
59,NL0 12 0 onwind,legacy,NL0 12,2,0.0,48541.9658340839,48541.965834083836
59,NL0 13 0 onwind,legacy,NL0 13,3,0.0,53935.51759344085,53935.517593440774
59,NL0 14 0 onwind,legacy,NL0 14,2,0.0,48541.9658340839,48541.965834083836
59,NL0 15 0 onwind,legacy,NL0 15,2,0.0,48541.9658340839,48541.965834083836
59,NL0 17 0 onwind,legacy,NL0 17,1,0.0,59329.069352818755,59329.06935281868
59,NL0 19 0 onwind,legacy,NL0 19,2,0.0,48541.9658340839,48541.965834083836
59,NL0 2 0 onwind,legacy,NL0 2,2,0.0,48541.9658340839,48541.965834083836
59,NL0 20 0 onwind,legacy,NL0 20,1,0.0,59329.069352818755,59329.06935281868
59,NL0 21 0 onwind,legacy,NL0 21,1,0.0,59329.069352818755,59329.06935281868
59,NL0 22 0 onwind,legacy,NL0 22,3,0.0,53935.51759344085,53935.517593440774
59,NL0 23 0 onwind,legacy,NL0 23,1,0.0,59329.069352818755,59329.06935281868
59,NL0 24 0 onwind,legacy,NL0 24,1,0.0,59329.069352818755,59329.06935281868
59,NL0 27 0 onwind,legacy,NL0 27,1,0.0,59329.069352818755,59329.06935281868
59,NL0 3 0 onwind,legacy,NL0 3,1,0.0,59329.069352818755,59329.06935281868
59,NL0 30 0 onwind,legacy,NL0 30,1,0.0,59329.069352818755,59329.06935281868
59,NL0 31 0 onwind,legacy,NL0 31,2,0.0,48541.9658340839,48541.965834083836
59,NL0 4 0 onwind,legacy,NL0 4,2,0.0,48541.9658340839,48541.965834083836
59,NL0 5 0 onwind,legacy,NL0 5,3,0.0,53935.51759344085,53935.517593440774
59,NL0 6 0 onwind,legacy,NL0 6,3,0.0,53935.51759344085,53935.517593440774
59,NL0 7 0 onwind,legacy,NL0 7,3,0.0,53935.51759344085,53935.517593440774
59,NL0 8 0 onwind,legacy,NL0 8,1,0.0,59329.069352818755,59329.06935281868
59,NL0 9 0 onwind,legacy,NL0 9,3,0.0,53935.51759344085,53935.517593440774
60,NL0 0 Invest,investable,NL0 0,1,321.1873667771267,59329.069352818755,59329.06935292875
60,NL0 1 Invest,investable,NL0 1,3,1000.0,53935.51759344085,53935.51759357159
60,NL0 10 Invest,investable,NL0 10,1,423.2132840450098,59329.069352818755,59329.06935292875
60,NL0 11 Invest,investable,NL0 11,3,1000.0,53935.51759344085,53935.51759357159
60,NL0 12 Invest,investable,NL0 12,2,247.50231645834367,48541.9658340839,48541.96583421443
60,NL0 13 Invest,investable,NL0 13,3,346.3166740576539,53935.51759344085,53935.51759357159
60,NL0 14 Invest,investable,NL0 14,2,225.51605510187755,48541.9658340839,48541.96583421443
60,NL0 15 Invest,investable,NL0 15,2,296.29629145173146,48541.9658340839,48541.96583421443
60,NL0 16 Invest,investable,NL0 16,1,518.1104489433632,59329.069352818755,59329.06935292875
60,NL0 17 Invest,investable,NL0 17,1,369.33575607731495,59329.069352818755,59329.06935292875
60,NL0 18 Invest,investable,NL0 18,1,385.63174729938635,59329.069352818755,59329.06935292875
60,NL0 19 Invest,investable,NL0 19,2,254.04200361742585,48541.9658340839,48541.96583421443
60,NL0 2 Invest,investable,NL0 2,2,0.0,48541.9658340839,48541.96583421443
60,NL0 20 Invest,investable,NL0 20,1,437.1001650783245,59329.069352818755,59329.06935292875
60,NL0 21 Invest,investable,NL0 21,1,454.72455343237266,59329.069352818755,59329.06935292875
60,NL0 22 Invest,investable,NL0 22,3,347.6695395142368,53935.51759344085,53935.51759357159
60,NL0 23 Invest,investable,NL0 23,1,517.4042488025019,59329.069352818755,59329.06935292875
60,NL0 24 Invest,investable,NL0 24,1,626.4034994525282,59329.069352818755,59329.06935292875
60,NL0 25 Invest,investable,NL0 25,2,300.61450601463105,48541.9658340839,48541.96583421443
60,NL0 26 Invest,investable,NL0 26,2,257.26726622734543,48541.9658340839,48541.96583421443
60,NL0 27 Invest,investable,NL0 27,1,582.8833668171686,59329.069352818755,59329.06935292875
60,NL0 28 Invest,investable,NL0 28,2,202.2554479109382,48541.9658340839,48541.96583421443
60,NL0 3 Invest,investable,NL0 3,1,484.25843373705936,59329.069352818755,59329.06935292875
60,NL0 30 Invest,investable,NL0 30,1,494.3605811921291,59329.069352818755,59329.06935292875
60,NL0 31 Invest,investable,NL0 31,2,348.21014095001055,48541.9658340839,48541.96583421443
60,NL0 33 Invest,investable,NL0 33,1,509.8270333277368,59329.069352818755,59329.06935292875
60,NL0 4 Invest,investable,NL0 4,2,289.6052907969355,48541.9658340839,48541.96583421443
60,NL0 5 Invest,investable,NL0 5,3,0.0,53935.51759344085,53935.51759357159
60,NL0 6 Invest,investable,NL0 6,3,1000.0,53935.51759344085,53935.51759357159
60,NL0 7 Invest,investable,NL0 7,3,984.118540587138,53935.51759344085,53935.51759357159
60,NL0 8 Invest,investable,NL0 8,1,477.10621754284455,59329.069352818755,59329.06935292875
60,NL0 9 Invest,investable,NL0 9,3,1000.0,53935.51759344085,53935.51759357159
60,NL0 1 biomass,legacy,NL0 1,3,71.0,53935.51759344085,53935.51759344085
60,NL0 1 waste,legacy,NL0 1,3,31.0,53935.51759344085,53935.51759344085
60,NL0 10 waste,legacy,NL0 10,1,150.0,59329.069352818755,59329.069352818755
60,NL0 11 biomass,legacy,NL0 11,3,20.0,53935.51759344085,53935.51759344085
60,NL0 11 waste,legacy,NL0 11,3,50.0,53935.51759344085,53935.51759344085
60,NL0 13 biomass,legacy,NL0 13,3,77.0,53935.51759344085,53935.51759344085
60,NL0 19 biomass,legacy,NL0 19,2,49.0,48541.9658340839,48541.9658340839
60,NL0 19 waste,legacy,NL0 19,2,36.0,48541.9658340839,48541.9658340839
60,NL0 22 biomass,legacy,NL0 22,3,500.0,53935.51759344085,53935.51759344085
60,NL0 25 waste,legacy,NL0 25,2,54.0,48541.9658340839,48541.9658340839
60,NL0 27 biomass,legacy,NL0 27,1,22.0,59329.069352818755,59329.069352818755
60,NL0 27 waste,legacy,NL0 27,1,71.2,59329.069352818755,59329.069352818755
60,NL0 3 biomass,legacy,NL0 3,1,22.0,59329.069352818755,59329.069352818755
60,NL0 3 waste,legacy,NL0 3,1,108.0,59329.069352818755,59329.069352818755
60,NL0 30 biomass,legacy,NL0 30,1,60.0,59329.069352818755,59329.069352818755
60,NL0 7 nuclear,legacy,NL0 7,3,515.0,53935.51759344085,53935.51759344085
60,NL0 7 waste,legacy,NL0 7,3,39.0,53935.51759344085,53935.51759344085
60,NL0 8 biomass,legacy,NL0 8,1,36.0,59329.069352818755,59329.069352818755
60,NL0 8 waste,legacy,NL0 8,1,157.0,59329.069352818755,59329.069352818755
60,NL0 9 biomass,legacy,NL0 9,3,20.0,53935.51759344085,53935.51759344085
60,NL0 0 0 solar,legacy,NL0 0,1,0.0,59329.069352818755,59329.06935281868
60,NL0 1 0 solar,legacy,NL0 1,3,0.0,53935.51759344085,53935.517593440774
60,NL0 10 0 solar,legacy,NL0 10,1,0.0,59329.069352818755,59329.06935281868
60,NL0 11 0 solar,legacy,NL0 11,3,0.0,53935.51759344085,53935.517593440774
60,NL0 12 0 solar,legacy,NL0 12,2,0.0,48541.9658340839,48541.965834083836
60,NL0 13 0 solar,legacy,NL0 13,3,0.0,53935.51759344085,53935.517593440774
60,NL0 14 0 solar,legacy,NL0 14,2,0.0,48541.9658340839,48541.965834083836
60,NL0 15 0 solar,legacy,NL0 15,2,0.0,48541.9658340839,48541.965834083836
60,NL0 16 0 solar,legacy,NL0 16,1,0.0,59329.069352818755,59329.06935281868
60,NL0 17 0 solar,legacy,NL0 17,1,0.0,59329.069352818755,59329.06935281868
60,NL0 18 0 solar,legacy,NL0 18,1,0.0,59329.069352818755,59329.06935281868
60,NL0 19 0 solar,legacy,NL0 19,2,0.0,48541.9658340839,48541.965834083836
60,NL0 2 0 solar,legacy,NL0 2,2,0.0,48541.9658340839,48541.965834083836
60,NL0 20 0 solar,legacy,NL0 20,1,0.0,59329.069352818755,59329.06935281868
60,NL0 21 0 solar,legacy,NL0 21,1,0.0,59329.069352818755,59329.06935281868
60,NL0 22 0 solar,legacy,NL0 22,3,0.0,53935.51759344085,53935.517593440774
60,NL0 23 0 solar,legacy,NL0 23,1,0.0,59329.069352818755,59329.06935281868
60,NL0 24 0 solar,legacy,NL0 24,1,0.0,59329.069352818755,59329.06935281868
60,NL0 25 0 solar,legacy,NL0 25,2,0.0,48541.9658340839,48541.965834083836
60,NL0 26 0 solar,legacy,NL0 26,2,0.0,48541.9658340839,48541.965834083836
60,NL0 27 0 solar,legacy,NL0 27,1,0.0,59329.069352818755,59329.06935281868
60,NL0 28 0 solar,legacy,NL0 28,2,0.0,48541.9658340839,48541.965834083836
60,NL0 3 0 solar,legacy,NL0 3,1,0.0,59329.069352818755,59329.06935281868
60,NL0 30 0 solar,legacy,NL0 30,1,0.0,59329.069352818755,59329.06935281868
60,NL0 31 0 solar,legacy,NL0 31,2,0.0,48541.9658340839,48541.965834083836
60,NL0 4 0 solar,legacy,NL0 4,2,0.0,48541.9658340839,48541.965834083836
60,NL0 5 0 solar,legacy,NL0 5,3,0.0,53935.51759344085,53935.517593440774
60,NL0 6 0 solar,legacy,NL0 6,3,0.0,53935.51759344085,53935.517593440774
60,NL0 7 0 solar,legacy,NL0 7,3,0.0,53935.51759344085,53935.517593440774
60,NL0 8 0 solar,legacy,NL0 8,1,0.0,59329.069352818755,59329.06935281868
60,NL0 9 0 solar,legacy,NL0 9,3,0.0,53935.51759344085,53935.517593440774
60,NL0 20 0 offwind-ac,legacy,NL0 20,1,0.0,59329.069352818755,59329.06935281868
60,NL0 27 0 offwind-ac,legacy,NL0 27,1,0.0,59329.069352818755,59329.06935281868
60,NL0 31 0 offwind-ac,legacy,NL0 31,2,0.0,48541.9658340839,48541.965834083836
60,NL0 32 0 offwind-ac,legacy,NL0 32,1,0.0,59329.069352818755,59329.06935281868
60,NL0 7 0 offwind-ac,legacy,NL0 7,3,0.0,53935.51759344085,53935.517593440774
60,NL0 0 0 onwind,legacy,NL0 0,1,0.0,59329.069352818755,59329.06935281868
60,NL0 1 0 onwind,legacy,NL0 1,3,0.0,53935.51759344085,53935.517593440774
60,NL0 10 0 onwind,legacy,NL0 10,1,0.0,59329.069352818755,59329.06935281868
60,NL0 11 0 onwind,legacy,NL0 11,3,0.0,53935.51759344085,53935.517593440774
60,NL0 12 0 onwind,legacy,NL0 12,2,0.0,48541.9658340839,48541.965834083836
60,NL0 13 0 onwind,legacy,NL0 13,3,0.0,53935.51759344085,53935.517593440774
60,NL0 14 0 onwind,legacy,NL0 14,2,0.0,48541.9658340839,48541.965834083836
60,NL0 15 0 onwind,legacy,NL0 15,2,0.0,48541.9658340839,48541.965834083836
60,NL0 17 0 onwind,legacy,NL0 17,1,0.0,59329.069352818755,59329.06935281868
60,NL0 19 0 onwind,legacy,NL0 19,2,0.0,48541.9658340839,48541.965834083836
60,NL0 2 0 onwind,legacy,NL0 2,2,0.0,48541.9658340839,48541.965834083836
60,NL0 20 0 onwind,legacy,NL0 20,1,0.0,59329.069352818755,59329.06935281868
60,NL0 21 0 onwind,legacy,NL0 21,1,0.0,59329.069352818755,59329.06935281868
60,NL0 22 0 onwind,legacy,NL0 22,3,0.0,53935.51759344085,53935.517593440774
60,NL0 23 0 onwind,legacy,NL0 23,1,0.0,59329.069352818755,59329.06935281868
60,NL0 24 0 onwind,legacy,NL0 24,1,0.0,59329.069352818755,59329.06935281868
60,NL0 27 0 onwind,legacy,NL0 27,1,0.0,59329.069352818755,59329.06935281868
60,NL0 3 0 onwind,legacy,NL0 3,1,0.0,59329.069352818755,59329.06935281868
60,NL0 30 0 onwind,legacy,NL0 30,1,0.0,59329.069352818755,59329.06935281868
60,NL0 31 0 onwind,legacy,NL0 31,2,0.0,48541.9658340839,48541.965834083836
60,NL0 4 0 onwind,legacy,NL0 4,2,0.0,48541.9658340839,48541.965834083836
60,NL0 5 0 onwind,legacy,NL0 5,3,0.0,53935.51759344085,53935.517593440774
60,NL0 6 0 onwind,legacy,NL0 6,3,0.0,53935.51759344085,53935.517593440774
60,NL0 7 0 onwind,legacy,NL0 7,3,0.0,53935.51759344085,53935.517593440774
60,NL0 8 0 onwind,legacy,NL0 8,1,0.0,59329.069352818755,59329.06935281868
60,NL0 9 0 onwind,legacy,NL0 9,3,0.0,53935.51759344085,53935.517593440774
61,NL0 0 Invest,investable,NL0 0,1,0.0,59329.069352818755,59329.06935292875
61,NL0 1 Invest,investable,NL0 1,3,1000.0,53935.51759344085,53935.51759357159
61,NL0 10 Invest,investable,NL0 10,1,0.0,59329.069352818755,59329.06935292875
61,NL0 11 Invest,investable,NL0 11,3,1000.0,53935.51759344085,53935.51759357159
61,NL0 12 Invest,investable,NL0 12,2,0.0,48541.9658340839,48541.96583421443
61,NL0 13 Invest,investable,NL0 13,3,1000.0,53935.51759344085,53935.51759357159
61,NL0 14 Invest,investable,NL0 14,2,421.30931852923914,48541.9658340839,48541.96583421443
61,NL0 15 Invest,investable,NL0 15,2,0.0,48541.9658340839,48541.96583421443
61,NL0 16 Invest,investable,NL0 16,1,0.0,59329.069352818755,59329.06935292875
61,NL0 17 Invest,investable,NL0 17,1,601.5467025248663,59329.069352818755,59329.06935292875
61,NL0 18 Invest,investable,NL0 18,1,1000.0,59329.069352818755,59329.06935292875
61,NL0 19 Invest,investable,NL0 19,2,0.0,48541.9658340839,48541.96583421443
61,NL0 2 Invest,investable,NL0 2,2,0.0,48541.9658340839,48541.96583421443
61,NL0 20 Invest,investable,NL0 20,1,0.0,59329.069352818755,59329.06935292875
61,NL0 21 Invest,investable,NL0 21,1,1000.0,59329.069352818755,59329.06935292875
61,NL0 22 Invest,investable,NL0 22,3,0.0,53935.51759344085,53935.51759357159
61,NL0 23 Invest,investable,NL0 23,1,1000.0,59329.069352818755,59329.06935292875
61,NL0 24 Invest,investable,NL0 24,1,0.0,59329.069352818755,59329.06935292875
61,NL0 25 Invest,investable,NL0 25,2,0.0,48541.9658340839,48541.96583421443
61,NL0 26 Invest,investable,NL0 26,2,1000.0,48541.9658340839,48541.96583421443
61,NL0 27 Invest,investable,NL0 27,1,0.0,59329.069352818755,59329.06935292875
61,NL0 28 Invest,investable,NL0 28,2,0.0,48541.9658340839,48541.96583421443
61,NL0 3 Invest,investable,NL0 3,1,1000.0,59329.069352818755,59329.06935292875
61,NL0 30 Invest,investable,NL0 30,1,1000.0,59329.069352818755,59329.06935292875
61,NL0 31 Invest,investable,NL0 31,2,0.0,48541.9658340839,48541.96583421443
61,NL0 33 Invest,investable,NL0 33,1,1000.0,59329.069352818755,59329.06935292875
61,NL0 4 Invest,investable,NL0 4,2,1000.0,48541.9658340839,48541.96583421443
61,NL0 5 Invest,investable,NL0 5,3,678.1047541590287,53935.51759344085,53935.51759357159
61,NL0 6 Invest,investable,NL0 6,3,1000.0,53935.51759344085,53935.51759357159
61,NL0 7 Invest,investable,NL0 7,3,0.0,53935.51759344085,53935.51759357159
61,NL0 8 Invest,investable,NL0 8,1,0.0,59329.069352818755,59329.06935292875
61,NL0 9 Invest,investable,NL0 9,3,1000.0,53935.51759344085,53935.51759357159
61,NL0 1 biomass,legacy,NL0 1,3,71.0,53935.51759344085,53935.51759344085
61,NL0 1 waste,legacy,NL0 1,3,31.0,53935.51759344085,53935.51759344085
61,NL0 10 waste,legacy,NL0 10,1,150.0,59329.069352818755,59329.069352818755
61,NL0 11 biomass,legacy,NL0 11,3,20.0,53935.51759344085,53935.51759344085
61,NL0 11 waste,legacy,NL0 11,3,50.0,53935.51759344085,53935.51759344085
61,NL0 13 biomass,legacy,NL0 13,3,77.0,53935.51759344085,53935.51759344085
61,NL0 19 biomass,legacy,NL0 19,2,49.0,48541.9658340839,48541.9658340839
61,NL0 19 waste,legacy,NL0 19,2,36.0,48541.9658340839,48541.9658340839
61,NL0 22 biomass,legacy,NL0 22,3,500.0,53935.51759344085,53935.51759344085
61,NL0 25 waste,legacy,NL0 25,2,54.0,48541.9658340839,48541.9658340839
61,NL0 27 biomass,legacy,NL0 27,1,22.0,59329.069352818755,59329.069352818755
61,NL0 27 waste,legacy,NL0 27,1,71.2,59329.069352818755,59329.069352818755
61,NL0 3 biomass,legacy,NL0 3,1,22.0,59329.069352818755,59329.069352818755
61,NL0 3 waste,legacy,NL0 3,1,108.0,59329.069352818755,59329.069352818755
61,NL0 30 biomass,legacy,NL0 30,1,60.0,59329.069352818755,59329.069352818755
61,NL0 7 nuclear,legacy,NL0 7,3,515.0,53935.51759344085,53935.51759344085
61,NL0 7 waste,legacy,NL0 7,3,39.0,53935.51759344085,53935.51759344085
61,NL0 8 biomass,legacy,NL0 8,1,36.0,59329.069352818755,59329.069352818755
61,NL0 8 waste,legacy,NL0 8,1,157.0,59329.069352818755,59329.069352818755
61,NL0 9 biomass,legacy,NL0 9,3,20.0,53935.51759344085,53935.51759344085
61,NL0 0 0 solar,legacy,NL0 0,1,0.0,59329.069352818755,59329.06935281868
61,NL0 1 0 solar,legacy,NL0 1,3,0.0,53935.51759344085,53935.517593440774
61,NL0 10 0 solar,legacy,NL0 10,1,0.0,59329.069352818755,59329.06935281868
61,NL0 11 0 solar,legacy,NL0 11,3,0.0,53935.51759344085,53935.517593440774
61,NL0 12 0 solar,legacy,NL0 12,2,0.0,48541.9658340839,48541.965834083836
61,NL0 13 0 solar,legacy,NL0 13,3,0.0,53935.51759344085,53935.517593440774
61,NL0 14 0 solar,legacy,NL0 14,2,0.0,48541.9658340839,48541.965834083836
61,NL0 15 0 solar,legacy,NL0 15,2,0.0,48541.9658340839,48541.965834083836
61,NL0 16 0 solar,legacy,NL0 16,1,0.0,59329.069352818755,59329.06935281868
61,NL0 17 0 solar,legacy,NL0 17,1,0.0,59329.069352818755,59329.06935281868
61,NL0 18 0 solar,legacy,NL0 18,1,0.0,59329.069352818755,59329.06935281868
61,NL0 19 0 solar,legacy,NL0 19,2,0.0,48541.9658340839,48541.965834083836
61,NL0 2 0 solar,legacy,NL0 2,2,0.0,48541.9658340839,48541.965834083836
61,NL0 20 0 solar,legacy,NL0 20,1,0.0,59329.069352818755,59329.06935281868
61,NL0 21 0 solar,legacy,NL0 21,1,0.0,59329.069352818755,59329.06935281868
61,NL0 22 0 solar,legacy,NL0 22,3,0.0,53935.51759344085,53935.517593440774
61,NL0 23 0 solar,legacy,NL0 23,1,0.0,59329.069352818755,59329.06935281868
61,NL0 24 0 solar,legacy,NL0 24,1,0.0,59329.069352818755,59329.06935281868
61,NL0 25 0 solar,legacy,NL0 25,2,0.0,48541.9658340839,48541.965834083836
61,NL0 26 0 solar,legacy,NL0 26,2,0.0,48541.9658340839,48541.965834083836
61,NL0 27 0 solar,legacy,NL0 27,1,0.0,59329.069352818755,59329.06935281868
61,NL0 28 0 solar,legacy,NL0 28,2,0.0,48541.9658340839,48541.965834083836
61,NL0 3 0 solar,legacy,NL0 3,1,0.0,59329.069352818755,59329.06935281868
61,NL0 30 0 solar,legacy,NL0 30,1,0.0,59329.069352818755,59329.06935281868
61,NL0 31 0 solar,legacy,NL0 31,2,0.0,48541.9658340839,48541.965834083836
61,NL0 4 0 solar,legacy,NL0 4,2,0.0,48541.9658340839,48541.965834083836
61,NL0 5 0 solar,legacy,NL0 5,3,0.0,53935.51759344085,53935.517593440774
61,NL0 6 0 solar,legacy,NL0 6,3,0.0,53935.51759344085,53935.517593440774
61,NL0 7 0 solar,legacy,NL0 7,3,0.0,53935.51759344085,53935.517593440774
61,NL0 8 0 solar,legacy,NL0 8,1,0.0,59329.069352818755,59329.06935281868
61,NL0 9 0 solar,legacy,NL0 9,3,0.0,53935.51759344085,53935.517593440774
61,NL0 20 0 offwind-ac,legacy,NL0 20,1,0.0,59329.069352818755,59329.06935281868
61,NL0 27 0 offwind-ac,legacy,NL0 27,1,0.0,59329.069352818755,59329.06935281868
61,NL0 31 0 offwind-ac,legacy,NL0 31,2,0.0,48541.9658340839,48541.965834083836
61,NL0 32 0 offwind-ac,legacy,NL0 32,1,0.0,59329.069352818755,59329.06935281868
61,NL0 7 0 offwind-ac,legacy,NL0 7,3,0.0,53935.51759344085,53935.517593440774
61,NL0 0 0 onwind,legacy,NL0 0,1,0.0,59329.069352818755,59329.06935281868
61,NL0 1 0 onwind,legacy,NL0 1,3,0.0,53935.51759344085,53935.517593440774
61,NL0 10 0 onwind,legacy,NL0 10,1,0.0,59329.069352818755,59329.06935281868
61,NL0 11 0 onwind,legacy,NL0 11,3,0.0,53935.51759344085,53935.517593440774
61,NL0 12 0 onwind,legacy,NL0 12,2,0.0,48541.9658340839,48541.965834083836
61,NL0 13 0 onwind,legacy,NL0 13,3,0.0,53935.51759344085,53935.517593440774
61,NL0 14 0 onwind,legacy,NL0 14,2,0.0,48541.9658340839,48541.965834083836
61,NL0 15 0 onwind,legacy,NL0 15,2,0.0,48541.9658340839,48541.965834083836
61,NL0 17 0 onwind,legacy,NL0 17,1,0.0,59329.069352818755,59329.06935281868
61,NL0 19 0 onwind,legacy,NL0 19,2,0.0,48541.9658340839,48541.965834083836
61,NL0 2 0 onwind,legacy,NL0 2,2,0.0,48541.9658340839,48541.965834083836
61,NL0 20 0 onwind,legacy,NL0 20,1,0.0,59329.069352818755,59329.06935281868
61,NL0 21 0 onwind,legacy,NL0 21,1,0.0,59329.069352818755,59329.06935281868
61,NL0 22 0 onwind,legacy,NL0 22,3,0.0,53935.51759344085,53935.517593440774
61,NL0 23 0 onwind,legacy,NL0 23,1,0.0,59329.069352818755,59329.06935281868
61,NL0 24 0 onwind,legacy,NL0 24,1,0.0,59329.069352818755,59329.06935281868
61,NL0 27 0 onwind,legacy,NL0 27,1,0.0,59329.069352818755,59329.06935281868
61,NL0 3 0 onwind,legacy,NL0 3,1,0.0,59329.069352818755,59329.06935281868
61,NL0 30 0 onwind,legacy,NL0 30,1,0.0,59329.069352818755,59329.06935281868
61,NL0 31 0 onwind,legacy,NL0 31,2,0.0,48541.9658340839,48541.965834083836
61,NL0 4 0 onwind,legacy,NL0 4,2,0.0,48541.9658340839,48541.965834083836
61,NL0 5 0 onwind,legacy,NL0 5,3,0.0,53935.51759344085,53935.517593440774
61,NL0 6 0 onwind,legacy,NL0 6,3,0.0,53935.51759344085,53935.517593440774
61,NL0 7 0 onwind,legacy,NL0 7,3,0.0,53935.51759344085,53935.517593440774
61,NL0 8 0 onwind,legacy,NL0 8,1,0.0,59329.069352818755,59329.06935281868
61,NL0 9 0 onwind,legacy,NL0 9,3,0.0,53935.51759344085,53935.517593440774
62,NL0 0 Invest,investable,NL0 0,1,1000.0,59329.069352818755,59329.06935292875
62,NL0 1 Invest,investable,NL0 1,3,0.0,53935.51759344085,53935.51759357159
62,NL0 10 Invest,investable,NL0 10,1,1000.0,59329.069352818755,59329.06935292875
62,NL0 11 Invest,investable,NL0 11,3,0.0,53935.51759344085,53935.51759357159
62,NL0 12 Invest,investable,NL0 12,2,0.0,48541.9658340839,48541.96583421443
62,NL0 13 Invest,investable,NL0 13,3,678.1047541590287,53935.51759344085,53935.51759357159
62,NL0 14 Invest,investable,NL0 14,2,0.0,48541.9658340839,48541.96583421443
62,NL0 15 Invest,investable,NL0 15,2,1000.0,48541.9658340839,48541.96583421443
62,NL0 16 Invest,investable,NL0 16,1,1000.0,59329.069352818755,59329.06935292875
62,NL0 17 Invest,investable,NL0 17,1,0.0,59329.069352818755,59329.06935292875
62,NL0 18 Invest,investable,NL0 18,1,0.0,59329.069352818755,59329.06935292875
62,NL0 19 Invest,investable,NL0 19,2,421.30931852923914,48541.9658340839,48541.96583421443
62,NL0 2 Invest,investable,NL0 2,2,1000.0,48541.9658340839,48541.96583421443
62,NL0 20 Invest,investable,NL0 20,1,1000.0,59329.069352818755,59329.06935292875
62,NL0 21 Invest,investable,NL0 21,1,0.0,59329.069352818755,59329.06935292875
62,NL0 22 Invest,investable,NL0 22,3,1000.0,53935.51759344085,53935.51759357159
62,NL0 23 Invest,investable,NL0 23,1,0.0,59329.069352818755,59329.06935292875
62,NL0 24 Invest,investable,NL0 24,1,1000.0,59329.069352818755,59329.06935292875
62,NL0 25 Invest,investable,NL0 25,2,0.0,48541.9658340839,48541.96583421443
62,NL0 26 Invest,investable,NL0 26,2,0.0,48541.9658340839,48541.96583421443
62,NL0 27 Invest,investable,NL0 27,1,601.5467025248663,59329.069352818755,59329.06935292875
62,NL0 28 Invest,investable,NL0 28,2,0.0,48541.9658340839,48541.96583421443
62,NL0 3 Invest,investable,NL0 3,1,0.0,59329.069352818755,59329.06935292875
62,NL0 30 Invest,investable,NL0 30,1,0.0,59329.069352818755,59329.06935292875
62,NL0 31 Invest,investable,NL0 31,2,0.0,48541.9658340839,48541.96583421443
62,NL0 33 Invest,investable,NL0 33,1,0.0,59329.069352818755,59329.06935292875
62,NL0 4 Invest,investable,NL0 4,2,0.0,48541.9658340839,48541.96583421443
62,NL0 5 Invest,investable,NL0 5,3,1000.0,53935.51759344085,53935.51759357159
62,NL0 6 Invest,investable,NL0 6,3,1000.0,53935.51759344085,53935.51759357159
62,NL0 7 Invest,investable,NL0 7,3,1000.0,53935.51759344085,53935.51759357159
62,NL0 8 Invest,investable,NL0 8,1,1000.0,59329.069352818755,59329.06935292875
62,NL0 9 Invest,investable,NL0 9,3,1000.0,53935.51759344085,53935.51759357159
62,NL0 1 biomass,legacy,NL0 1,3,71.0,53935.51759344085,53935.51759344085
62,NL0 1 waste,legacy,NL0 1,3,31.0,53935.51759344085,53935.51759344085
62,NL0 10 waste,legacy,NL0 10,1,150.0,59329.069352818755,59329.069352818755
62,NL0 11 biomass,legacy,NL0 11,3,20.0,53935.51759344085,53935.51759344085
62,NL0 11 waste,legacy,NL0 11,3,50.0,53935.51759344085,53935.51759344085
62,NL0 13 biomass,legacy,NL0 13,3,77.0,53935.51759344085,53935.51759344085
62,NL0 19 biomass,legacy,NL0 19,2,49.0,48541.9658340839,48541.9658340839
62,NL0 19 waste,legacy,NL0 19,2,36.0,48541.9658340839,48541.9658340839
62,NL0 22 biomass,legacy,NL0 22,3,500.0,53935.51759344085,53935.51759344085
62,NL0 25 waste,legacy,NL0 25,2,54.0,48541.9658340839,48541.9658340839
62,NL0 27 biomass,legacy,NL0 27,1,22.0,59329.069352818755,59329.069352818755
62,NL0 27 waste,legacy,NL0 27,1,71.2,59329.069352818755,59329.069352818755
62,NL0 3 biomass,legacy,NL0 3,1,22.0,59329.069352818755,59329.069352818755
62,NL0 3 waste,legacy,NL0 3,1,108.0,59329.069352818755,59329.069352818755
62,NL0 30 biomass,legacy,NL0 30,1,60.0,59329.069352818755,59329.069352818755
62,NL0 7 nuclear,legacy,NL0 7,3,515.0,53935.51759344085,53935.51759344085
62,NL0 7 waste,legacy,NL0 7,3,39.0,53935.51759344085,53935.51759344085
62,NL0 8 biomass,legacy,NL0 8,1,36.0,59329.069352818755,59329.069352818755
62,NL0 8 waste,legacy,NL0 8,1,157.0,59329.069352818755,59329.069352818755
62,NL0 9 biomass,legacy,NL0 9,3,20.0,53935.51759344085,53935.51759344085
62,NL0 0 0 solar,legacy,NL0 0,1,0.0,59329.069352818755,59329.06935281868
62,NL0 1 0 solar,legacy,NL0 1,3,0.0,53935.51759344085,53935.517593440774
62,NL0 10 0 solar,legacy,NL0 10,1,0.0,59329.069352818755,59329.06935281868
62,NL0 11 0 solar,legacy,NL0 11,3,0.0,53935.51759344085,53935.517593440774
62,NL0 12 0 solar,legacy,NL0 12,2,0.0,48541.9658340839,48541.965834083836
62,NL0 13 0 solar,legacy,NL0 13,3,0.0,53935.51759344085,53935.517593440774
62,NL0 14 0 solar,legacy,NL0 14,2,0.0,48541.9658340839,48541.965834083836
62,NL0 15 0 solar,legacy,NL0 15,2,0.0,48541.9658340839,48541.965834083836
62,NL0 16 0 solar,legacy,NL0 16,1,0.0,59329.069352818755,59329.06935281868
62,NL0 17 0 solar,legacy,NL0 17,1,0.0,59329.069352818755,59329.06935281868
62,NL0 18 0 solar,legacy,NL0 18,1,0.0,59329.069352818755,59329.06935281868
62,NL0 19 0 solar,legacy,NL0 19,2,0.0,48541.9658340839,48541.965834083836
62,NL0 2 0 solar,legacy,NL0 2,2,0.0,48541.9658340839,48541.965834083836
62,NL0 20 0 solar,legacy,NL0 20,1,0.0,59329.069352818755,59329.06935281868
62,NL0 21 0 solar,legacy,NL0 21,1,0.0,59329.069352818755,59329.06935281868
62,NL0 22 0 solar,legacy,NL0 22,3,0.0,53935.51759344085,53935.517593440774
62,NL0 23 0 solar,legacy,NL0 23,1,0.0,59329.069352818755,59329.06935281868
62,NL0 24 0 solar,legacy,NL0 24,1,0.0,59329.069352818755,59329.06935281868
62,NL0 25 0 solar,legacy,NL0 25,2,0.0,48541.9658340839,48541.965834083836
62,NL0 26 0 solar,legacy,NL0 26,2,0.0,48541.9658340839,48541.965834083836
62,NL0 27 0 solar,legacy,NL0 27,1,0.0,59329.069352818755,59329.06935281868
62,NL0 28 0 solar,legacy,NL0 28,2,0.0,48541.9658340839,48541.965834083836
62,NL0 3 0 solar,legacy,NL0 3,1,0.0,59329.069352818755,59329.06935281868
62,NL0 30 0 solar,legacy,NL0 30,1,0.0,59329.069352818755,59329.06935281868
62,NL0 31 0 solar,legacy,NL0 31,2,0.0,48541.9658340839,48541.965834083836
62,NL0 4 0 solar,legacy,NL0 4,2,0.0,48541.9658340839,48541.965834083836
62,NL0 5 0 solar,legacy,NL0 5,3,0.0,53935.51759344085,53935.517593440774
62,NL0 6 0 solar,legacy,NL0 6,3,0.0,53935.51759344085,53935.517593440774
62,NL0 7 0 solar,legacy,NL0 7,3,0.0,53935.51759344085,53935.517593440774
62,NL0 8 0 solar,legacy,NL0 8,1,0.0,59329.069352818755,59329.06935281868
62,NL0 9 0 solar,legacy,NL0 9,3,0.0,53935.51759344085,53935.517593440774
62,NL0 20 0 offwind-ac,legacy,NL0 20,1,0.0,59329.069352818755,59329.06935281868
62,NL0 27 0 offwind-ac,legacy,NL0 27,1,0.0,59329.069352818755,59329.06935281868
62,NL0 31 0 offwind-ac,legacy,NL0 31,2,0.0,48541.9658340839,48541.965834083836
62,NL0 32 0 offwind-ac,legacy,NL0 32,1,0.0,59329.069352818755,59329.06935281868
62,NL0 7 0 offwind-ac,legacy,NL0 7,3,0.0,53935.51759344085,53935.517593440774
62,NL0 0 0 onwind,legacy,NL0 0,1,0.0,59329.069352818755,59329.06935281868
62,NL0 1 0 onwind,legacy,NL0 1,3,0.0,53935.51759344085,53935.517593440774
62,NL0 10 0 onwind,legacy,NL0 10,1,0.0,59329.069352818755,59329.06935281868
62,NL0 11 0 onwind,legacy,NL0 11,3,0.0,53935.51759344085,53935.517593440774
62,NL0 12 0 onwind,legacy,NL0 12,2,0.0,48541.9658340839,48541.965834083836
62,NL0 13 0 onwind,legacy,NL0 13,3,0.0,53935.51759344085,53935.517593440774
62,NL0 14 0 onwind,legacy,NL0 14,2,0.0,48541.9658340839,48541.965834083836
62,NL0 15 0 onwind,legacy,NL0 15,2,0.0,48541.9658340839,48541.965834083836
62,NL0 17 0 onwind,legacy,NL0 17,1,0.0,59329.069352818755,59329.06935281868
62,NL0 19 0 onwind,legacy,NL0 19,2,0.0,48541.9658340839,48541.965834083836
62,NL0 2 0 onwind,legacy,NL0 2,2,0.0,48541.9658340839,48541.965834083836
62,NL0 20 0 onwind,legacy,NL0 20,1,0.0,59329.069352818755,59329.06935281868
62,NL0 21 0 onwind,legacy,NL0 21,1,0.0,59329.069352818755,59329.06935281868
62,NL0 22 0 onwind,legacy,NL0 22,3,0.0,53935.51759344085,53935.517593440774
62,NL0 23 0 onwind,legacy,NL0 23,1,0.0,59329.069352818755,59329.06935281868
62,NL0 24 0 onwind,legacy,NL0 24,1,0.0,59329.069352818755,59329.06935281868
62,NL0 27 0 onwind,legacy,NL0 27,1,0.0,59329.069352818755,59329.06935281868
62,NL0 3 0 onwind,legacy,NL0 3,1,0.0,59329.069352818755,59329.06935281868
62,NL0 30 0 onwind,legacy,NL0 30,1,0.0,59329.069352818755,59329.06935281868
62,NL0 31 0 onwind,legacy,NL0 31,2,0.0,48541.9658340839,48541.965834083836
62,NL0 4 0 onwind,legacy,NL0 4,2,0.0,48541.9658340839,48541.965834083836
62,NL0 5 0 onwind,legacy,NL0 5,3,0.0,53935.51759344085,53935.517593440774
62,NL0 6 0 onwind,legacy,NL0 6,3,0.0,53935.51759344085,53935.517593440774
62,NL0 7 0 onwind,legacy,NL0 7,3,0.0,53935.51759344085,53935.517593440774
62,NL0 8 0 onwind,legacy,NL0 8,1,0.0,59329.069352818755,59329.06935281868
62,NL0 9 0 onwind,legacy,NL0 9,3,0.0,53935.51759344085,53935.517593440774
63,NL0 0 Invest,investable,NL0 0,1,321.1873667771267,59329.069352818755,59329.06935292875
63,NL0 1 Invest,investable,NL0 1,3,1000.0,53935.51759344085,53935.51759357159
63,NL0 10 Invest,investable,NL0 10,1,423.2132840450098,59329.069352818755,59329.06935292875
63,NL0 11 Invest,investable,NL0 11,3,1000.0,53935.51759344085,53935.51759357159
63,NL0 12 Invest,investable,NL0 12,2,247.50231645834367,48541.9658340839,48541.96583421443
63,NL0 13 Invest,investable,NL0 13,3,346.3166740576539,53935.51759344085,53935.51759357159
63,NL0 14 Invest,investable,NL0 14,2,225.51605510187755,48541.9658340839,48541.96583421443
63,NL0 15 Invest,investable,NL0 15,2,296.29629145173146,48541.9658340839,48541.96583421443
63,NL0 16 Invest,investable,NL0 16,1,518.1104489433632,59329.069352818755,59329.06935292875
63,NL0 17 Invest,investable,NL0 17,1,369.33575607731495,59329.069352818755,59329.06935292875
63,NL0 18 Invest,investable,NL0 18,1,385.63174729938635,59329.069352818755,59329.06935292875
63,NL0 19 Invest,investable,NL0 19,2,254.04200361742585,48541.9658340839,48541.96583421443
63,NL0 2 Invest,investable,NL0 2,2,0.0,48541.9658340839,48541.96583421443
63,NL0 20 Invest,investable,NL0 20,1,437.1001650783245,59329.069352818755,59329.06935292875
63,NL0 21 Invest,investable,NL0 21,1,454.72455343237266,59329.069352818755,59329.06935292875
63,NL0 22 Invest,investable,NL0 22,3,347.6695395142368,53935.51759344085,53935.51759357159
63,NL0 23 Invest,investable,NL0 23,1,517.4042488025019,59329.069352818755,59329.06935292875
63,NL0 24 Invest,investable,NL0 24,1,626.4034994525282,59329.069352818755,59329.06935292875
63,NL0 25 Invest,investable,NL0 25,2,300.61450601463105,48541.9658340839,48541.96583421443
63,NL0 26 Invest,investable,NL0 26,2,257.26726622734543,48541.9658340839,48541.96583421443
63,NL0 27 Invest,investable,NL0 27,1,582.8833668171686,59329.069352818755,59329.06935292875
63,NL0 28 Invest,investable,NL0 28,2,202.2554479109382,48541.9658340839,48541.96583421443
63,NL0 3 Invest,investable,NL0 3,1,484.25843373705936,59329.069352818755,59329.06935292875
63,NL0 30 Invest,investable,NL0 30,1,494.3605811921291,59329.069352818755,59329.06935292875
63,NL0 31 Invest,investable,NL0 31,2,348.21014095001055,48541.9658340839,48541.96583421443
63,NL0 33 Invest,investable,NL0 33,1,509.8270333277368,59329.069352818755,59329.06935292875
63,NL0 4 Invest,investable,NL0 4,2,289.6052907969355,48541.9658340839,48541.96583421443
63,NL0 5 Invest,investable,NL0 5,3,0.0,53935.51759344085,53935.51759357159
63,NL0 6 Invest,investable,NL0 6,3,1000.0,53935.51759344085,53935.51759357159
63,NL0 7 Invest,investable,NL0 7,3,984.118540587138,53935.51759344085,53935.51759357159
63,NL0 8 Invest,investable,NL0 8,1,477.10621754284455,59329.069352818755,59329.06935292875
63,NL0 9 Invest,investable,NL0 9,3,1000.0,53935.51759344085,53935.51759357159
63,NL0 1 biomass,legacy,NL0 1,3,71.0,53935.51759344085,53935.51759344085
63,NL0 1 waste,legacy,NL0 1,3,31.0,53935.51759344085,53935.51759344085
63,NL0 10 waste,legacy,NL0 10,1,150.0,59329.069352818755,59329.069352818755
63,NL0 11 biomass,legacy,NL0 11,3,20.0,53935.51759344085,53935.51759344085
63,NL0 11 waste,legacy,NL0 11,3,50.0,53935.51759344085,53935.51759344085
63,NL0 13 biomass,legacy,NL0 13,3,77.0,53935.51759344085,53935.51759344085
63,NL0 19 biomass,legacy,NL0 19,2,49.0,48541.9658340839,48541.9658340839
63,NL0 19 waste,legacy,NL0 19,2,36.0,48541.9658340839,48541.9658340839
63,NL0 22 biomass,legacy,NL0 22,3,500.0,53935.51759344085,53935.51759344085
63,NL0 25 waste,legacy,NL0 25,2,54.0,48541.9658340839,48541.9658340839
63,NL0 27 biomass,legacy,NL0 27,1,22.0,59329.069352818755,59329.069352818755
63,NL0 27 waste,legacy,NL0 27,1,71.2,59329.069352818755,59329.069352818755
63,NL0 3 biomass,legacy,NL0 3,1,22.0,59329.069352818755,59329.069352818755
63,NL0 3 waste,legacy,NL0 3,1,108.0,59329.069352818755,59329.069352818755
63,NL0 30 biomass,legacy,NL0 30,1,60.0,59329.069352818755,59329.069352818755
63,NL0 7 nuclear,legacy,NL0 7,3,515.0,53935.51759344085,53935.51759344085
63,NL0 7 waste,legacy,NL0 7,3,39.0,53935.51759344085,53935.51759344085
63,NL0 8 biomass,legacy,NL0 8,1,36.0,59329.069352818755,59329.069352818755
63,NL0 8 waste,legacy,NL0 8,1,157.0,59329.069352818755,59329.069352818755
63,NL0 9 biomass,legacy,NL0 9,3,20.0,53935.51759344085,53935.51759344085
63,NL0 0 0 solar,legacy,NL0 0,1,0.0,59329.069352818755,59329.06935281868
63,NL0 1 0 solar,legacy,NL0 1,3,0.0,53935.51759344085,53935.517593440774
63,NL0 10 0 solar,legacy,NL0 10,1,0.0,59329.069352818755,59329.06935281868
63,NL0 11 0 solar,legacy,NL0 11,3,0.0,53935.51759344085,53935.517593440774
63,NL0 12 0 solar,legacy,NL0 12,2,0.0,48541.9658340839,48541.965834083836
63,NL0 13 0 solar,legacy,NL0 13,3,0.0,53935.51759344085,53935.517593440774
63,NL0 14 0 solar,legacy,NL0 14,2,0.0,48541.9658340839,48541.965834083836
63,NL0 15 0 solar,legacy,NL0 15,2,0.0,48541.9658340839,48541.965834083836
63,NL0 16 0 solar,legacy,NL0 16,1,0.0,59329.069352818755,59329.06935281868
63,NL0 17 0 solar,legacy,NL0 17,1,0.0,59329.069352818755,59329.06935281868
63,NL0 18 0 solar,legacy,NL0 18,1,0.0,59329.069352818755,59329.06935281868
63,NL0 19 0 solar,legacy,NL0 19,2,0.0,48541.9658340839,48541.965834083836
63,NL0 2 0 solar,legacy,NL0 2,2,0.0,48541.9658340839,48541.965834083836
63,NL0 20 0 solar,legacy,NL0 20,1,0.0,59329.069352818755,59329.06935281868
63,NL0 21 0 solar,legacy,NL0 21,1,0.0,59329.069352818755,59329.06935281868
63,NL0 22 0 solar,legacy,NL0 22,3,0.0,53935.51759344085,53935.517593440774
63,NL0 23 0 solar,legacy,NL0 23,1,0.0,59329.069352818755,59329.06935281868
63,NL0 24 0 solar,legacy,NL0 24,1,0.0,59329.069352818755,59329.06935281868
63,NL0 25 0 solar,legacy,NL0 25,2,0.0,48541.9658340839,48541.965834083836
63,NL0 26 0 solar,legacy,NL0 26,2,0.0,48541.9658340839,48541.965834083836
63,NL0 27 0 solar,legacy,NL0 27,1,0.0,59329.069352818755,59329.06935281868
63,NL0 28 0 solar,legacy,NL0 28,2,0.0,48541.9658340839,48541.965834083836
63,NL0 3 0 solar,legacy,NL0 3,1,0.0,59329.069352818755,59329.06935281868
63,NL0 30 0 solar,legacy,NL0 30,1,0.0,59329.069352818755,59329.06935281868
63,NL0 31 0 solar,legacy,NL0 31,2,0.0,48541.9658340839,48541.965834083836
63,NL0 4 0 solar,legacy,NL0 4,2,0.0,48541.9658340839,48541.965834083836
63,NL0 5 0 solar,legacy,NL0 5,3,0.0,53935.51759344085,53935.517593440774
63,NL0 6 0 solar,legacy,NL0 6,3,0.0,53935.51759344085,53935.517593440774
63,NL0 7 0 solar,legacy,NL0 7,3,0.0,53935.51759344085,53935.517593440774
63,NL0 8 0 solar,legacy,NL0 8,1,0.0,59329.069352818755,59329.06935281868
63,NL0 9 0 solar,legacy,NL0 9,3,0.0,53935.51759344085,53935.517593440774
63,NL0 20 0 offwind-ac,legacy,NL0 20,1,0.0,59329.069352818755,59329.06935281868
63,NL0 27 0 offwind-ac,legacy,NL0 27,1,0.0,59329.069352818755,59329.06935281868
63,NL0 31 0 offwind-ac,legacy,NL0 31,2,0.0,48541.9658340839,48541.965834083836
63,NL0 32 0 offwind-ac,legacy,NL0 32,1,0.0,59329.069352818755,59329.06935281868
63,NL0 7 0 offwind-ac,legacy,NL0 7,3,0.0,53935.51759344085,53935.517593440774
63,NL0 0 0 onwind,legacy,NL0 0,1,0.0,59329.069352818755,59329.06935281868
63,NL0 1 0 onwind,legacy,NL0 1,3,0.0,53935.51759344085,53935.517593440774
63,NL0 10 0 onwind,legacy,NL0 10,1,0.0,59329.069352818755,59329.06935281868
63,NL0 11 0 onwind,legacy,NL0 11,3,0.0,53935.51759344085,53935.517593440774
63,NL0 12 0 onwind,legacy,NL0 12,2,0.0,48541.9658340839,48541.965834083836
63,NL0 13 0 onwind,legacy,NL0 13,3,0.0,53935.51759344085,53935.517593440774
63,NL0 14 0 onwind,legacy,NL0 14,2,0.0,48541.9658340839,48541.965834083836
63,NL0 15 0 onwind,legacy,NL0 15,2,0.0,48541.9658340839,48541.965834083836
63,NL0 17 0 onwind,legacy,NL0 17,1,0.0,59329.069352818755,59329.06935281868
63,NL0 19 0 onwind,legacy,NL0 19,2,0.0,48541.9658340839,48541.965834083836
63,NL0 2 0 onwind,legacy,NL0 2,2,0.0,48541.9658340839,48541.965834083836
63,NL0 20 0 onwind,legacy,NL0 20,1,0.0,59329.069352818755,59329.06935281868
63,NL0 21 0 onwind,legacy,NL0 21,1,0.0,59329.069352818755,59329.06935281868
63,NL0 22 0 onwind,legacy,NL0 22,3,0.0,53935.51759344085,53935.517593440774
63,NL0 23 0 onwind,legacy,NL0 23,1,0.0,59329.069352818755,59329.06935281868
63,NL0 24 0 onwind,legacy,NL0 24,1,0.0,59329.069352818755,59329.06935281868
63,NL0 27 0 onwind,legacy,NL0 27,1,0.0,59329.069352818755,59329.06935281868
63,NL0 3 0 onwind,legacy,NL0 3,1,0.0,59329.069352818755,59329.06935281868
63,NL0 30 0 onwind,legacy,NL0 30,1,0.0,59329.069352818755,59329.06935281868
63,NL0 31 0 onwind,legacy,NL0 31,2,0.0,48541.9658340839,48541.965834083836
63,NL0 4 0 onwind,legacy,NL0 4,2,0.0,48541.9658340839,48541.965834083836
63,NL0 5 0 onwind,legacy,NL0 5,3,0.0,53935.51759344085,53935.517593440774
63,NL0 6 0 onwind,legacy,NL0 6,3,0.0,53935.51759344085,53935.517593440774
63,NL0 7 0 onwind,legacy,NL0 7,3,0.0,53935.51759344085,53935.517593440774
63,NL0 8 0 onwind,legacy,NL0 8,1,0.0,59329.069352818755,59329.06935281868
63,NL0 9 0 onwind,legacy,NL0 9,3,0.0,53935.51759344085,53935.517593440774
64,NL0 0 Invest,investable,NL0 0,1,321.1873667771267,59329.069352818755,59329.06935292875
64,NL0 1 Invest,investable,NL0 1,3,1000.0,53935.51759344085,53935.51759357159
64,NL0 10 Invest,investable,NL0 10,1,423.2132840450098,59329.069352818755,59329.06935292875
64,NL0 11 Invest,investable,NL0 11,3,1000.0,53935.51759344085,53935.51759357159
64,NL0 12 Invest,investable,NL0 12,2,247.50231645834367,48541.9658340839,48541.96583421443
64,NL0 13 Invest,investable,NL0 13,3,346.3166740576539,53935.51759344085,53935.51759357159
64,NL0 14 Invest,investable,NL0 14,2,225.51605510187755,48541.9658340839,48541.96583421443
64,NL0 15 Invest,investable,NL0 15,2,296.29629145173146,48541.9658340839,48541.96583421443
64,NL0 16 Invest,investable,NL0 16,1,518.1104489433632,59329.069352818755,59329.06935292875
64,NL0 17 Invest,investable,NL0 17,1,369.33575607731495,59329.069352818755,59329.06935292875
64,NL0 18 Invest,investable,NL0 18,1,385.63174729938635,59329.069352818755,59329.06935292875
64,NL0 19 Invest,investable,NL0 19,2,254.04200361742585,48541.9658340839,48541.96583421443
64,NL0 2 Invest,investable,NL0 2,2,0.0,48541.9658340839,48541.96583421443
64,NL0 20 Invest,investable,NL0 20,1,437.1001650783245,59329.069352818755,59329.06935292875
64,NL0 21 Invest,investable,NL0 21,1,454.72455343237266,59329.069352818755,59329.06935292875
64,NL0 22 Invest,investable,NL0 22,3,347.6695395142368,53935.51759344085,53935.51759357159
64,NL0 23 Invest,investable,NL0 23,1,517.4042488025019,59329.069352818755,59329.06935292875
64,NL0 24 Invest,investable,NL0 24,1,626.4034994525282,59329.069352818755,59329.06935292875
64,NL0 25 Invest,investable,NL0 25,2,300.61450601463105,48541.9658340839,48541.96583421443
64,NL0 26 Invest,investable,NL0 26,2,257.26726622734543,48541.9658340839,48541.96583421443
64,NL0 27 Invest,investable,NL0 27,1,582.8833668171686,59329.069352818755,59329.06935292875
64,NL0 28 Invest,investable,NL0 28,2,202.2554479109382,48541.9658340839,48541.96583421443
64,NL0 3 Invest,investable,NL0 3,1,484.25843373705936,59329.069352818755,59329.06935292875
64,NL0 30 Invest,investable,NL0 30,1,494.3605811921291,59329.069352818755,59329.06935292875
64,NL0 31 Invest,investable,NL0 31,2,348.21014095001055,48541.9658340839,48541.96583421443
64,NL0 33 Invest,investable,NL0 33,1,509.8270333277368,59329.069352818755,59329.06935292875
64,NL0 4 Invest,investable,NL0 4,2,289.6052907969355,48541.9658340839,48541.96583421443
64,NL0 5 Invest,investable,NL0 5,3,0.0,53935.51759344085,53935.51759357159
64,NL0 6 Invest,investable,NL0 6,3,1000.0,53935.51759344085,53935.51759357159
64,NL0 7 Invest,investable,NL0 7,3,984.118540587138,53935.51759344085,53935.51759357159
64,NL0 8 Invest,investable,NL0 8,1,477.10621754284455,59329.069352818755,59329.06935292875
64,NL0 9 Invest,investable,NL0 9,3,1000.0,53935.51759344085,53935.51759357159
64,NL0 1 biomass,legacy,NL0 1,3,71.0,53935.51759344085,53935.51759344085
64,NL0 1 waste,legacy,NL0 1,3,31.0,53935.51759344085,53935.51759344085
64,NL0 10 waste,legacy,NL0 10,1,150.0,59329.069352818755,59329.069352818755
64,NL0 11 biomass,legacy,NL0 11,3,20.0,53935.51759344085,53935.51759344085
64,NL0 11 waste,legacy,NL0 11,3,50.0,53935.51759344085,53935.51759344085
64,NL0 13 biomass,legacy,NL0 13,3,77.0,53935.51759344085,53935.51759344085
64,NL0 19 biomass,legacy,NL0 19,2,49.0,48541.9658340839,48541.9658340839
64,NL0 19 waste,legacy,NL0 19,2,36.0,48541.9658340839,48541.9658340839
64,NL0 22 biomass,legacy,NL0 22,3,500.0,53935.51759344085,53935.51759344085
64,NL0 25 waste,legacy,NL0 25,2,54.0,48541.9658340839,48541.9658340839
64,NL0 27 biomass,legacy,NL0 27,1,22.0,59329.069352818755,59329.069352818755
64,NL0 27 waste,legacy,NL0 27,1,71.2,59329.069352818755,59329.069352818755
64,NL0 3 biomass,legacy,NL0 3,1,22.0,59329.069352818755,59329.069352818755
64,NL0 3 waste,legacy,NL0 3,1,108.0,59329.069352818755,59329.069352818755
64,NL0 30 biomass,legacy,NL0 30,1,60.0,59329.069352818755,59329.069352818755
64,NL0 7 nuclear,legacy,NL0 7,3,515.0,53935.51759344085,53935.51759344085
64,NL0 7 waste,legacy,NL0 7,3,39.0,53935.51759344085,53935.51759344085
64,NL0 8 biomass,legacy,NL0 8,1,36.0,59329.069352818755,59329.069352818755
64,NL0 8 waste,legacy,NL0 8,1,157.0,59329.069352818755,59329.069352818755
64,NL0 9 biomass,legacy,NL0 9,3,20.0,53935.51759344085,53935.51759344085
64,NL0 0 0 solar,legacy,NL0 0,1,0.0,59329.069352818755,59329.06935281868
64,NL0 1 0 solar,legacy,NL0 1,3,0.0,53935.51759344085,53935.517593440774
64,NL0 10 0 solar,legacy,NL0 10,1,0.0,59329.069352818755,59329.06935281868
64,NL0 11 0 solar,legacy,NL0 11,3,0.0,53935.51759344085,53935.517593440774
64,NL0 12 0 solar,legacy,NL0 12,2,0.0,48541.9658340839,48541.965834083836
64,NL0 13 0 solar,legacy,NL0 13,3,0.0,53935.51759344085,53935.517593440774
64,NL0 14 0 solar,legacy,NL0 14,2,0.0,48541.9658340839,48541.965834083836
64,NL0 15 0 solar,legacy,NL0 15,2,0.0,48541.9658340839,48541.965834083836
64,NL0 16 0 solar,legacy,NL0 16,1,0.0,59329.069352818755,59329.06935281868
64,NL0 17 0 solar,legacy,NL0 17,1,0.0,59329.069352818755,59329.06935281868
64,NL0 18 0 solar,legacy,NL0 18,1,0.0,59329.069352818755,59329.06935281868
64,NL0 19 0 solar,legacy,NL0 19,2,0.0,48541.9658340839,48541.965834083836
64,NL0 2 0 solar,legacy,NL0 2,2,0.0,48541.9658340839,48541.965834083836
64,NL0 20 0 solar,legacy,NL0 20,1,0.0,59329.069352818755,59329.06935281868
64,NL0 21 0 solar,legacy,NL0 21,1,0.0,59329.069352818755,59329.06935281868
64,NL0 22 0 solar,legacy,NL0 22,3,0.0,53935.51759344085,53935.517593440774
64,NL0 23 0 solar,legacy,NL0 23,1,0.0,59329.069352818755,59329.06935281868
64,NL0 24 0 solar,legacy,NL0 24,1,0.0,59329.069352818755,59329.06935281868
64,NL0 25 0 solar,legacy,NL0 25,2,0.0,48541.9658340839,48541.965834083836
64,NL0 26 0 solar,legacy,NL0 26,2,0.0,48541.9658340839,48541.965834083836
64,NL0 27 0 solar,legacy,NL0 27,1,0.0,59329.069352818755,59329.06935281868
64,NL0 28 0 solar,legacy,NL0 28,2,0.0,48541.9658340839,48541.965834083836
64,NL0 3 0 solar,legacy,NL0 3,1,0.0,59329.069352818755,59329.06935281868
64,NL0 30 0 solar,legacy,NL0 30,1,0.0,59329.069352818755,59329.06935281868
64,NL0 31 0 solar,legacy,NL0 31,2,0.0,48541.9658340839,48541.965834083836
64,NL0 4 0 solar,legacy,NL0 4,2,0.0,48541.9658340839,48541.965834083836
64,NL0 5 0 solar,legacy,NL0 5,3,0.0,53935.51759344085,53935.517593440774
64,NL0 6 0 solar,legacy,NL0 6,3,0.0,53935.51759344085,53935.517593440774
64,NL0 7 0 solar,legacy,NL0 7,3,0.0,53935.51759344085,53935.517593440774
64,NL0 8 0 solar,legacy,NL0 8,1,0.0,59329.069352818755,59329.06935281868
64,NL0 9 0 solar,legacy,NL0 9,3,0.0,53935.51759344085,53935.517593440774
64,NL0 20 0 offwind-ac,legacy,NL0 20,1,0.0,59329.069352818755,59329.06935281868
64,NL0 27 0 offwind-ac,legacy,NL0 27,1,0.0,59329.069352818755,59329.06935281868
64,NL0 31 0 offwind-ac,legacy,NL0 31,2,0.0,48541.9658340839,48541.965834083836
64,NL0 32 0 offwind-ac,legacy,NL0 32,1,0.0,59329.069352818755,59329.06935281868
64,NL0 7 0 offwind-ac,legacy,NL0 7,3,0.0,53935.51759344085,53935.517593440774
64,NL0 0 0 onwind,legacy,NL0 0,1,0.0,59329.069352818755,59329.06935281868
64,NL0 1 0 onwind,legacy,NL0 1,3,0.0,53935.51759344085,53935.517593440774
64,NL0 10 0 onwind,legacy,NL0 10,1,0.0,59329.069352818755,59329.06935281868
64,NL0 11 0 onwind,legacy,NL0 11,3,0.0,53935.51759344085,53935.517593440774
64,NL0 12 0 onwind,legacy,NL0 12,2,0.0,48541.9658340839,48541.965834083836
64,NL0 13 0 onwind,legacy,NL0 13,3,0.0,53935.51759344085,53935.517593440774
64,NL0 14 0 onwind,legacy,NL0 14,2,0.0,48541.9658340839,48541.965834083836
64,NL0 15 0 onwind,legacy,NL0 15,2,0.0,48541.9658340839,48541.965834083836
64,NL0 17 0 onwind,legacy,NL0 17,1,0.0,59329.069352818755,59329.06935281868
64,NL0 19 0 onwind,legacy,NL0 19,2,0.0,48541.9658340839,48541.965834083836
64,NL0 2 0 onwind,legacy,NL0 2,2,0.0,48541.9658340839,48541.965834083836
64,NL0 20 0 onwind,legacy,NL0 20,1,0.0,59329.069352818755,59329.06935281868
64,NL0 21 0 onwind,legacy,NL0 21,1,0.0,59329.069352818755,59329.06935281868
64,NL0 22 0 onwind,legacy,NL0 22,3,0.0,53935.51759344085,53935.517593440774
64,NL0 23 0 onwind,legacy,NL0 23,1,0.0,59329.069352818755,59329.06935281868
64,NL0 24 0 onwind,legacy,NL0 24,1,0.0,59329.069352818755,59329.06935281868
64,NL0 27 0 onwind,legacy,NL0 27,1,0.0,59329.069352818755,59329.06935281868
64,NL0 3 0 onwind,legacy,NL0 3,1,0.0,59329.069352818755,59329.06935281868
64,NL0 30 0 onwind,legacy,NL0 30,1,0.0,59329.069352818755,59329.06935281868
64,NL0 31 0 onwind,legacy,NL0 31,2,0.0,48541.9658340839,48541.965834083836
64,NL0 4 0 onwind,legacy,NL0 4,2,0.0,48541.9658340839,48541.965834083836
64,NL0 5 0 onwind,legacy,NL0 5,3,0.0,53935.51759344085,53935.517593440774
64,NL0 6 0 onwind,legacy,NL0 6,3,0.0,53935.51759344085,53935.517593440774
64,NL0 7 0 onwind,legacy,NL0 7,3,0.0,53935.51759344085,53935.517593440774
64,NL0 8 0 onwind,legacy,NL0 8,1,0.0,59329.069352818755,59329.06935281868
64,NL0 9 0 onwind,legacy,NL0 9,3,0.0,53935.51759344085,53935.517593440774
65,NL0 0 Invest,investable,NL0 0,1,0.0,59329.069352818755,59329.06935292875
65,NL0 1 Invest,investable,NL0 1,3,1000.0,53935.51759344085,53935.51759357159
65,NL0 10 Invest,investable,NL0 10,1,0.0,59329.069352818755,59329.06935292875
65,NL0 11 Invest,investable,NL0 11,3,1000.0,53935.51759344085,53935.51759357159
65,NL0 12 Invest,investable,NL0 12,2,0.0,48541.9658340839,48541.96583421443
65,NL0 13 Invest,investable,NL0 13,3,678.1047541590287,53935.51759344085,53935.51759357159
65,NL0 14 Invest,investable,NL0 14,2,421.30931852923914,48541.9658340839,48541.96583421443
65,NL0 15 Invest,investable,NL0 15,2,0.0,48541.9658340839,48541.96583421443
65,NL0 16 Invest,investable,NL0 16,1,1000.0,59329.069352818755,59329.06935292875
65,NL0 17 Invest,investable,NL0 17,1,0.0,59329.069352818755,59329.06935292875
65,NL0 18 Invest,investable,NL0 18,1,601.5467025248663,59329.069352818755,59329.06935292875
65,NL0 19 Invest,investable,NL0 19,2,0.0,48541.9658340839,48541.96583421443
65,NL0 2 Invest,investable,NL0 2,2,0.0,48541.9658340839,48541.96583421443
65,NL0 20 Invest,investable,NL0 20,1,0.0,59329.069352818755,59329.06935292875
65,NL0 21 Invest,investable,NL0 21,1,0.0,59329.069352818755,59329.06935292875
65,NL0 22 Invest,investable,NL0 22,3,1000.0,53935.51759344085,53935.51759357159
65,NL0 23 Invest,investable,NL0 23,1,1000.0,59329.069352818755,59329.06935292875
65,NL0 24 Invest,investable,NL0 24,1,0.0,59329.069352818755,59329.06935292875
65,NL0 25 Invest,investable,NL0 25,2,0.0,48541.9658340839,48541.96583421443
65,NL0 26 Invest,investable,NL0 26,2,1000.0,48541.9658340839,48541.96583421443
65,NL0 27 Invest,investable,NL0 27,1,0.0,59329.069352818755,59329.06935292875
65,NL0 28 Invest,investable,NL0 28,2,0.0,48541.9658340839,48541.96583421443
65,NL0 3 Invest,investable,NL0 3,1,1000.0,59329.069352818755,59329.06935292875
65,NL0 30 Invest,investable,NL0 30,1,1000.0,59329.069352818755,59329.06935292875
65,NL0 31 Invest,investable,NL0 31,2,0.0,48541.9658340839,48541.96583421443
65,NL0 33 Invest,investable,NL0 33,1,1000.0,59329.069352818755,59329.06935292875
65,NL0 4 Invest,investable,NL0 4,2,1000.0,48541.9658340839,48541.96583421443
65,NL0 5 Invest,investable,NL0 5,3,1000.0,53935.51759344085,53935.51759357159
65,NL0 6 Invest,investable,NL0 6,3,0.0,53935.51759344085,53935.51759357159
65,NL0 7 Invest,investable,NL0 7,3,1000.0,53935.51759344085,53935.51759357159
65,NL0 8 Invest,investable,NL0 8,1,1000.0,59329.069352818755,59329.06935292875
65,NL0 9 Invest,investable,NL0 9,3,0.0,53935.51759344085,53935.51759357159
65,NL0 1 biomass,legacy,NL0 1,3,71.0,53935.51759344085,53935.51759344085
65,NL0 1 waste,legacy,NL0 1,3,31.0,53935.51759344085,53935.51759344085
65,NL0 10 waste,legacy,NL0 10,1,150.0,59329.069352818755,59329.069352818755
65,NL0 11 biomass,legacy,NL0 11,3,20.0,53935.51759344085,53935.51759344085
65,NL0 11 waste,legacy,NL0 11,3,50.0,53935.51759344085,53935.51759344085
65,NL0 13 biomass,legacy,NL0 13,3,77.0,53935.51759344085,53935.51759344085
65,NL0 19 biomass,legacy,NL0 19,2,49.0,48541.9658340839,48541.9658340839
65,NL0 19 waste,legacy,NL0 19,2,36.0,48541.9658340839,48541.9658340839
65,NL0 22 biomass,legacy,NL0 22,3,500.0,53935.51759344085,53935.51759344085
65,NL0 25 waste,legacy,NL0 25,2,54.0,48541.9658340839,48541.9658340839
65,NL0 27 biomass,legacy,NL0 27,1,22.0,59329.069352818755,59329.069352818755
65,NL0 27 waste,legacy,NL0 27,1,71.2,59329.069352818755,59329.069352818755
65,NL0 3 biomass,legacy,NL0 3,1,22.0,59329.069352818755,59329.069352818755
65,NL0 3 waste,legacy,NL0 3,1,108.0,59329.069352818755,59329.069352818755
65,NL0 30 biomass,legacy,NL0 30,1,60.0,59329.069352818755,59329.069352818755
65,NL0 7 nuclear,legacy,NL0 7,3,515.0,53935.51759344085,53935.51759344085
65,NL0 7 waste,legacy,NL0 7,3,39.0,53935.51759344085,53935.51759344085
65,NL0 8 biomass,legacy,NL0 8,1,36.0,59329.069352818755,59329.069352818755
65,NL0 8 waste,legacy,NL0 8,1,157.0,59329.069352818755,59329.069352818755
65,NL0 9 biomass,legacy,NL0 9,3,20.0,53935.51759344085,53935.51759344085
65,NL0 0 0 solar,legacy,NL0 0,1,0.0,59329.069352818755,59329.06935281868
65,NL0 1 0 solar,legacy,NL0 1,3,0.0,53935.51759344085,53935.517593440774
65,NL0 10 0 solar,legacy,NL0 10,1,0.0,59329.069352818755,59329.06935281868
65,NL0 11 0 solar,legacy,NL0 11,3,0.0,53935.51759344085,53935.517593440774
65,NL0 12 0 solar,legacy,NL0 12,2,0.0,48541.9658340839,48541.965834083836
65,NL0 13 0 solar,legacy,NL0 13,3,0.0,53935.51759344085,53935.517593440774
65,NL0 14 0 solar,legacy,NL0 14,2,0.0,48541.9658340839,48541.965834083836
65,NL0 15 0 solar,legacy,NL0 15,2,0.0,48541.9658340839,48541.965834083836
65,NL0 16 0 solar,legacy,NL0 16,1,0.0,59329.069352818755,59329.06935281868
65,NL0 17 0 solar,legacy,NL0 17,1,0.0,59329.069352818755,59329.06935281868
65,NL0 18 0 solar,legacy,NL0 18,1,0.0,59329.069352818755,59329.06935281868
65,NL0 19 0 solar,legacy,NL0 19,2,0.0,48541.9658340839,48541.965834083836
65,NL0 2 0 solar,legacy,NL0 2,2,0.0,48541.9658340839,48541.965834083836
65,NL0 20 0 solar,legacy,NL0 20,1,0.0,59329.069352818755,59329.06935281868
65,NL0 21 0 solar,legacy,NL0 21,1,0.0,59329.069352818755,59329.06935281868
65,NL0 22 0 solar,legacy,NL0 22,3,0.0,53935.51759344085,53935.517593440774
65,NL0 23 0 solar,legacy,NL0 23,1,0.0,59329.069352818755,59329.06935281868
65,NL0 24 0 solar,legacy,NL0 24,1,0.0,59329.069352818755,59329.06935281868
65,NL0 25 0 solar,legacy,NL0 25,2,0.0,48541.9658340839,48541.965834083836
65,NL0 26 0 solar,legacy,NL0 26,2,0.0,48541.9658340839,48541.965834083836
65,NL0 27 0 solar,legacy,NL0 27,1,0.0,59329.069352818755,59329.06935281868
65,NL0 28 0 solar,legacy,NL0 28,2,0.0,48541.9658340839,48541.965834083836
65,NL0 3 0 solar,legacy,NL0 3,1,0.0,59329.069352818755,59329.06935281868
65,NL0 30 0 solar,legacy,NL0 30,1,0.0,59329.069352818755,59329.06935281868
65,NL0 31 0 solar,legacy,NL0 31,2,0.0,48541.9658340839,48541.965834083836
65,NL0 4 0 solar,legacy,NL0 4,2,0.0,48541.9658340839,48541.965834083836
65,NL0 5 0 solar,legacy,NL0 5,3,0.0,53935.51759344085,53935.517593440774
65,NL0 6 0 solar,legacy,NL0 6,3,0.0,53935.51759344085,53935.517593440774
65,NL0 7 0 solar,legacy,NL0 7,3,0.0,53935.51759344085,53935.517593440774
65,NL0 8 0 solar,legacy,NL0 8,1,0.0,59329.069352818755,59329.06935281868
65,NL0 9 0 solar,legacy,NL0 9,3,0.0,53935.51759344085,53935.517593440774
65,NL0 20 0 offwind-ac,legacy,NL0 20,1,0.0,59329.069352818755,59329.06935281868
65,NL0 27 0 offwind-ac,legacy,NL0 27,1,0.0,59329.069352818755,59329.06935281868
65,NL0 31 0 offwind-ac,legacy,NL0 31,2,0.0,48541.9658340839,48541.965834083836
65,NL0 32 0 offwind-ac,legacy,NL0 32,1,0.0,59329.069352818755,59329.06935281868
65,NL0 7 0 offwind-ac,legacy,NL0 7,3,0.0,53935.51759344085,53935.517593440774
65,NL0 0 0 onwind,legacy,NL0 0,1,0.0,59329.069352818755,59329.06935281868
65,NL0 1 0 onwind,legacy,NL0 1,3,0.0,53935.51759344085,53935.517593440774
65,NL0 10 0 onwind,legacy,NL0 10,1,0.0,59329.069352818755,59329.06935281868
65,NL0 11 0 onwind,legacy,NL0 11,3,0.0,53935.51759344085,53935.517593440774
65,NL0 12 0 onwind,legacy,NL0 12,2,0.0,48541.9658340839,48541.965834083836
65,NL0 13 0 onwind,legacy,NL0 13,3,0.0,53935.51759344085,53935.517593440774
65,NL0 14 0 onwind,legacy,NL0 14,2,0.0,48541.9658340839,48541.965834083836
65,NL0 15 0 onwind,legacy,NL0 15,2,0.0,48541.9658340839,48541.965834083836
65,NL0 17 0 onwind,legacy,NL0 17,1,0.0,59329.069352818755,59329.06935281868
65,NL0 19 0 onwind,legacy,NL0 19,2,0.0,48541.9658340839,48541.965834083836
65,NL0 2 0 onwind,legacy,NL0 2,2,0.0,48541.9658340839,48541.965834083836
65,NL0 20 0 onwind,legacy,NL0 20,1,0.0,59329.069352818755,59329.06935281868
65,NL0 21 0 onwind,legacy,NL0 21,1,0.0,59329.069352818755,59329.06935281868
65,NL0 22 0 onwind,legacy,NL0 22,3,0.0,53935.51759344085,53935.517593440774
65,NL0 23 0 onwind,legacy,NL0 23,1,0.0,59329.069352818755,59329.06935281868
65,NL0 24 0 onwind,legacy,NL0 24,1,0.0,59329.069352818755,59329.06935281868
65,NL0 27 0 onwind,legacy,NL0 27,1,0.0,59329.069352818755,59329.06935281868
65,NL0 3 0 onwind,legacy,NL0 3,1,0.0,59329.069352818755,59329.06935281868
65,NL0 30 0 onwind,legacy,NL0 30,1,0.0,59329.069352818755,59329.06935281868
65,NL0 31 0 onwind,legacy,NL0 31,2,0.0,48541.9658340839,48541.965834083836
65,NL0 4 0 onwind,legacy,NL0 4,2,0.0,48541.9658340839,48541.965834083836
65,NL0 5 0 onwind,legacy,NL0 5,3,0.0,53935.51759344085,53935.517593440774
65,NL0 6 0 onwind,legacy,NL0 6,3,0.0,53935.51759344085,53935.517593440774
65,NL0 7 0 onwind,legacy,NL0 7,3,0.0,53935.51759344085,53935.517593440774
65,NL0 8 0 onwind,legacy,NL0 8,1,0.0,59329.069352818755,59329.06935281868
65,NL0 9 0 onwind,legacy,NL0 9,3,0.0,53935.51759344085,53935.517593440774
66,NL0 0 Invest,investable,NL0 0,1,1000.0,59329.069352818755,59329.06935292875
66,NL0 1 Invest,investable,NL0 1,3,1000.0,53935.51759344085,53935.51759357159
66,NL0 10 Invest,investable,NL0 10,1,1000.0,59329.069352818755,59329.06935292875
66,NL0 11 Invest,investable,NL0 11,3,1000.0,53935.51759344085,53935.51759357159
66,NL0 12 Invest,investable,NL0 12,2,0.0,48541.9658340839,48541.96583421443
66,NL0 13 Invest,investable,NL0 13,3,1000.0,53935.51759344085,53935.51759357159
66,NL0 14 Invest,investable,NL0 14,2,0.0,48541.9658340839,48541.96583421443
66,NL0 15 Invest,investable,NL0 15,2,1000.0,48541.9658340839,48541.96583421443
66,NL0 16 Invest,investable,NL0 16,1,0.0,59329.069352818755,59329.06935292875
66,NL0 17 Invest,investable,NL0 17,1,1000.0,59329.069352818755,59329.06935292875
66,NL0 18 Invest,investable,NL0 18,1,0.0,59329.069352818755,59329.06935292875
66,NL0 19 Invest,investable,NL0 19,2,421.30931852923914,48541.9658340839,48541.96583421443
66,NL0 2 Invest,investable,NL0 2,2,1000.0,48541.9658340839,48541.96583421443
66,NL0 20 Invest,investable,NL0 20,1,1000.0,59329.069352818755,59329.06935292875
66,NL0 21 Invest,investable,NL0 21,1,601.5467025248663,59329.069352818755,59329.06935292875
66,NL0 22 Invest,investable,NL0 22,3,104.52972259232956,53935.51759344085,53935.51759357159
66,NL0 23 Invest,investable,NL0 23,1,0.0,59329.069352818755,59329.06935292875
66,NL0 24 Invest,investable,NL0 24,1,1000.0,59329.069352818755,59329.06935292875
66,NL0 25 Invest,investable,NL0 25,2,0.0,48541.9658340839,48541.96583421443
66,NL0 26 Invest,investable,NL0 26,2,0.0,48541.9658340839,48541.96583421443
66,NL0 27 Invest,investable,NL0 27,1,1000.0,59329.069352818755,59329.06935292875
66,NL0 28 Invest,investable,NL0 28,2,0.0,48541.9658340839,48541.96583421443
66,NL0 3 Invest,investable,NL0 3,1,0.0,59329.069352818755,59329.06935292875
66,NL0 30 Invest,investable,NL0 30,1,0.0,59329.069352818755,59329.06935292875
66,NL0 31 Invest,investable,NL0 31,2,0.0,48541.9658340839,48541.96583421443
66,NL0 33 Invest,investable,NL0 33,1,0.0,59329.069352818755,59329.06935292875
66,NL0 4 Invest,investable,NL0 4,2,0.0,48541.9658340839,48541.96583421443
66,NL0 5 Invest,investable,NL0 5,3,0.0,53935.51759344085,53935.51759357159
66,NL0 6 Invest,investable,NL0 6,3,1000.0,53935.51759344085,53935.51759357159
66,NL0 7 Invest,investable,NL0 7,3,573.5750315666992,53935.51759344085,53935.51759357159
66,NL0 8 Invest,investable,NL0 8,1,0.0,59329.069352818755,59329.06935292875
66,NL0 9 Invest,investable,NL0 9,3,1000.0,53935.51759344085,53935.51759357159
66,NL0 1 biomass,legacy,NL0 1,3,71.0,53935.51759344085,53935.51759344085
66,NL0 1 waste,legacy,NL0 1,3,31.0,53935.51759344085,53935.51759344085
66,NL0 10 waste,legacy,NL0 10,1,150.0,59329.069352818755,59329.069352818755
66,NL0 11 biomass,legacy,NL0 11,3,20.0,53935.51759344085,53935.51759344085
66,NL0 11 waste,legacy,NL0 11,3,50.0,53935.51759344085,53935.51759344085
66,NL0 13 biomass,legacy,NL0 13,3,77.0,53935.51759344085,53935.51759344085
66,NL0 19 biomass,legacy,NL0 19,2,49.0,48541.9658340839,48541.9658340839
66,NL0 19 waste,legacy,NL0 19,2,36.0,48541.9658340839,48541.9658340839
66,NL0 22 biomass,legacy,NL0 22,3,500.0,53935.51759344085,53935.51759344085
66,NL0 25 waste,legacy,NL0 25,2,54.0,48541.9658340839,48541.9658340839
66,NL0 27 biomass,legacy,NL0 27,1,22.0,59329.069352818755,59329.069352818755
66,NL0 27 waste,legacy,NL0 27,1,71.2,59329.069352818755,59329.069352818755
66,NL0 3 biomass,legacy,NL0 3,1,22.0,59329.069352818755,59329.069352818755
66,NL0 3 waste,legacy,NL0 3,1,108.0,59329.069352818755,59329.069352818755
66,NL0 30 biomass,legacy,NL0 30,1,60.0,59329.069352818755,59329.069352818755
66,NL0 7 nuclear,legacy,NL0 7,3,515.0,53935.51759344085,53935.51759344085
66,NL0 7 waste,legacy,NL0 7,3,39.0,53935.51759344085,53935.51759344085
66,NL0 8 biomass,legacy,NL0 8,1,36.0,59329.069352818755,59329.069352818755
66,NL0 8 waste,legacy,NL0 8,1,157.0,59329.069352818755,59329.069352818755
66,NL0 9 biomass,legacy,NL0 9,3,20.0,53935.51759344085,53935.51759344085
66,NL0 0 0 solar,legacy,NL0 0,1,0.0,59329.069352818755,59329.06935281868
66,NL0 1 0 solar,legacy,NL0 1,3,0.0,53935.51759344085,53935.517593440774
66,NL0 10 0 solar,legacy,NL0 10,1,0.0,59329.069352818755,59329.06935281868
66,NL0 11 0 solar,legacy,NL0 11,3,0.0,53935.51759344085,53935.517593440774
66,NL0 12 0 solar,legacy,NL0 12,2,0.0,48541.9658340839,48541.965834083836
66,NL0 13 0 solar,legacy,NL0 13,3,0.0,53935.51759344085,53935.517593440774
66,NL0 14 0 solar,legacy,NL0 14,2,0.0,48541.9658340839,48541.965834083836
66,NL0 15 0 solar,legacy,NL0 15,2,0.0,48541.9658340839,48541.965834083836
66,NL0 16 0 solar,legacy,NL0 16,1,0.0,59329.069352818755,59329.06935281868
66,NL0 17 0 solar,legacy,NL0 17,1,0.0,59329.069352818755,59329.06935281868
66,NL0 18 0 solar,legacy,NL0 18,1,0.0,59329.069352818755,59329.06935281868
66,NL0 19 0 solar,legacy,NL0 19,2,0.0,48541.9658340839,48541.965834083836
66,NL0 2 0 solar,legacy,NL0 2,2,0.0,48541.9658340839,48541.965834083836
66,NL0 20 0 solar,legacy,NL0 20,1,0.0,59329.069352818755,59329.06935281868
66,NL0 21 0 solar,legacy,NL0 21,1,0.0,59329.069352818755,59329.06935281868
66,NL0 22 0 solar,legacy,NL0 22,3,0.0,53935.51759344085,53935.517593440774
66,NL0 23 0 solar,legacy,NL0 23,1,0.0,59329.069352818755,59329.06935281868
66,NL0 24 0 solar,legacy,NL0 24,1,0.0,59329.069352818755,59329.06935281868
66,NL0 25 0 solar,legacy,NL0 25,2,0.0,48541.9658340839,48541.965834083836
66,NL0 26 0 solar,legacy,NL0 26,2,0.0,48541.9658340839,48541.965834083836
66,NL0 27 0 solar,legacy,NL0 27,1,0.0,59329.069352818755,59329.06935281868
66,NL0 28 0 solar,legacy,NL0 28,2,0.0,48541.9658340839,48541.965834083836
66,NL0 3 0 solar,legacy,NL0 3,1,0.0,59329.069352818755,59329.06935281868
66,NL0 30 0 solar,legacy,NL0 30,1,0.0,59329.069352818755,59329.06935281868
66,NL0 31 0 solar,legacy,NL0 31,2,0.0,48541.9658340839,48541.965834083836
66,NL0 4 0 solar,legacy,NL0 4,2,0.0,48541.9658340839,48541.965834083836
66,NL0 5 0 solar,legacy,NL0 5,3,0.0,53935.51759344085,53935.517593440774
66,NL0 6 0 solar,legacy,NL0 6,3,0.0,53935.51759344085,53935.517593440774
66,NL0 7 0 solar,legacy,NL0 7,3,0.0,53935.51759344085,53935.517593440774
66,NL0 8 0 solar,legacy,NL0 8,1,0.0,59329.069352818755,59329.06935281868
66,NL0 9 0 solar,legacy,NL0 9,3,0.0,53935.51759344085,53935.517593440774
66,NL0 20 0 offwind-ac,legacy,NL0 20,1,0.0,59329.069352818755,59329.06935281868
66,NL0 27 0 offwind-ac,legacy,NL0 27,1,0.0,59329.069352818755,59329.06935281868
66,NL0 31 0 offwind-ac,legacy,NL0 31,2,0.0,48541.9658340839,48541.965834083836
66,NL0 32 0 offwind-ac,legacy,NL0 32,1,0.0,59329.069352818755,59329.06935281868
66,NL0 7 0 offwind-ac,legacy,NL0 7,3,0.0,53935.51759344085,53935.517593440774
66,NL0 0 0 onwind,legacy,NL0 0,1,0.0,59329.069352818755,59329.06935281868
66,NL0 1 0 onwind,legacy,NL0 1,3,0.0,53935.51759344085,53935.517593440774
66,NL0 10 0 onwind,legacy,NL0 10,1,0.0,59329.069352818755,59329.06935281868
66,NL0 11 0 onwind,legacy,NL0 11,3,0.0,53935.51759344085,53935.517593440774
66,NL0 12 0 onwind,legacy,NL0 12,2,0.0,48541.9658340839,48541.965834083836
66,NL0 13 0 onwind,legacy,NL0 13,3,0.0,53935.51759344085,53935.517593440774
66,NL0 14 0 onwind,legacy,NL0 14,2,0.0,48541.9658340839,48541.965834083836
66,NL0 15 0 onwind,legacy,NL0 15,2,0.0,48541.9658340839,48541.965834083836
66,NL0 17 0 onwind,legacy,NL0 17,1,0.0,59329.069352818755,59329.06935281868
66,NL0 19 0 onwind,legacy,NL0 19,2,0.0,48541.9658340839,48541.965834083836
66,NL0 2 0 onwind,legacy,NL0 2,2,0.0,48541.9658340839,48541.965834083836
66,NL0 20 0 onwind,legacy,NL0 20,1,0.0,59329.069352818755,59329.06935281868
66,NL0 21 0 onwind,legacy,NL0 21,1,0.0,59329.069352818755,59329.06935281868
66,NL0 22 0 onwind,legacy,NL0 22,3,0.0,53935.51759344085,53935.517593440774
66,NL0 23 0 onwind,legacy,NL0 23,1,0.0,59329.069352818755,59329.06935281868
66,NL0 24 0 onwind,legacy,NL0 24,1,0.0,59329.069352818755,59329.06935281868
66,NL0 27 0 onwind,legacy,NL0 27,1,0.0,59329.069352818755,59329.06935281868
66,NL0 3 0 onwind,legacy,NL0 3,1,0.0,59329.069352818755,59329.06935281868
66,NL0 30 0 onwind,legacy,NL0 30,1,0.0,59329.069352818755,59329.06935281868
66,NL0 31 0 onwind,legacy,NL0 31,2,0.0,48541.9658340839,48541.965834083836
66,NL0 4 0 onwind,legacy,NL0 4,2,0.0,48541.9658340839,48541.965834083836
66,NL0 5 0 onwind,legacy,NL0 5,3,0.0,53935.51759344085,53935.517593440774
66,NL0 6 0 onwind,legacy,NL0 6,3,0.0,53935.51759344085,53935.517593440774
66,NL0 7 0 onwind,legacy,NL0 7,3,0.0,53935.51759344085,53935.517593440774
66,NL0 8 0 onwind,legacy,NL0 8,1,0.0,59329.069352818755,59329.06935281868
66,NL0 9 0 onwind,legacy,NL0 9,3,0.0,53935.51759344085,53935.517593440774
67,NL0 0 Invest,investable,NL0 0,1,0.0,59329.069352818755,59329.06935292875
67,NL0 1 Invest,investable,NL0 1,3,0.0,53935.51759344085,53935.51759357159
67,NL0 10 Invest,investable,NL0 10,1,1000.0,59329.069352818755,59329.06935292875
67,NL0 11 Invest,investable,NL0 11,3,0.0,53935.51759344085,53935.51759357159
67,NL0 12 Invest,investable,NL0 12,2,0.0,48541.9658340839,48541.96583421443
67,NL0 13 Invest,investable,NL0 13,3,678.1047541590287,53935.51759344085,53935.51759357159
67,NL0 14 Invest,investable,NL0 14,2,0.0,48541.9658340839,48541.96583421443
67,NL0 15 Invest,investable,NL0 15,2,1000.0,48541.9658340839,48541.96583421443
67,NL0 16 Invest,investable,NL0 16,1,0.0,59329.069352818755,59329.06935292875
67,NL0 17 Invest,investable,NL0 17,1,1000.0,59329.069352818755,59329.06935292875
67,NL0 18 Invest,investable,NL0 18,1,1000.0,59329.069352818755,59329.06935292875
67,NL0 19 Invest,investable,NL0 19,2,421.30931852923914,48541.9658340839,48541.96583421443
67,NL0 2 Invest,investable,NL0 2,2,1000.0,48541.9658340839,48541.96583421443
67,NL0 20 Invest,investable,NL0 20,1,0.0,59329.069352818755,59329.06935292875
67,NL0 21 Invest,investable,NL0 21,1,1000.0,59329.069352818755,59329.06935292875
67,NL0 22 Invest,investable,NL0 22,3,1000.0,53935.51759344085,53935.51759357159
67,NL0 23 Invest,investable,NL0 23,1,0.0,59329.069352818755,59329.06935292875
67,NL0 24 Invest,investable,NL0 24,1,0.0,59329.069352818755,59329.06935292875
67,NL0 25 Invest,investable,NL0 25,2,0.0,48541.9658340839,48541.96583421443
67,NL0 26 Invest,investable,NL0 26,2,0.0,48541.9658340839,48541.96583421443
67,NL0 27 Invest,investable,NL0 27,1,1000.0,59329.069352818755,59329.06935292875
67,NL0 28 Invest,investable,NL0 28,2,0.0,48541.9658340839,48541.96583421443
67,NL0 3 Invest,investable,NL0 3,1,0.0,59329.069352818755,59329.06935292875
67,NL0 30 Invest,investable,NL0 30,1,1000.0,59329.069352818755,59329.06935292875
67,NL0 31 Invest,investable,NL0 31,2,0.0,48541.9658340839,48541.96583421443
67,NL0 33 Invest,investable,NL0 33,1,601.5467025248663,59329.069352818755,59329.06935292875
67,NL0 4 Invest,investable,NL0 4,2,0.0,48541.9658340839,48541.96583421443
67,NL0 5 Invest,investable,NL0 5,3,1000.0,53935.51759344085,53935.51759357159
67,NL0 6 Invest,investable,NL0 6,3,1000.0,53935.51759344085,53935.51759357159
67,NL0 7 Invest,investable,NL0 7,3,1000.0,53935.51759344085,53935.51759357159
67,NL0 8 Invest,investable,NL0 8,1,0.0,59329.069352818755,59329.06935292875
67,NL0 9 Invest,investable,NL0 9,3,1000.0,53935.51759344085,53935.51759357159
67,NL0 1 biomass,legacy,NL0 1,3,71.0,53935.51759344085,53935.51759344085
67,NL0 1 waste,legacy,NL0 1,3,31.0,53935.51759344085,53935.51759344085
67,NL0 10 waste,legacy,NL0 10,1,150.0,59329.069352818755,59329.069352818755
67,NL0 11 biomass,legacy,NL0 11,3,20.0,53935.51759344085,53935.51759344085
67,NL0 11 waste,legacy,NL0 11,3,50.0,53935.51759344085,53935.51759344085
67,NL0 13 biomass,legacy,NL0 13,3,77.0,53935.51759344085,53935.51759344085
67,NL0 19 biomass,legacy,NL0 19,2,49.0,48541.9658340839,48541.9658340839
67,NL0 19 waste,legacy,NL0 19,2,36.0,48541.9658340839,48541.9658340839
67,NL0 22 biomass,legacy,NL0 22,3,500.0,53935.51759344085,53935.51759344085
67,NL0 25 waste,legacy,NL0 25,2,54.0,48541.9658340839,48541.9658340839
67,NL0 27 biomass,legacy,NL0 27,1,22.0,59329.069352818755,59329.069352818755
67,NL0 27 waste,legacy,NL0 27,1,71.2,59329.069352818755,59329.069352818755
67,NL0 3 biomass,legacy,NL0 3,1,22.0,59329.069352818755,59329.069352818755
67,NL0 3 waste,legacy,NL0 3,1,108.0,59329.069352818755,59329.069352818755
67,NL0 30 biomass,legacy,NL0 30,1,60.0,59329.069352818755,59329.069352818755
67,NL0 7 nuclear,legacy,NL0 7,3,515.0,53935.51759344085,53935.51759344085
67,NL0 7 waste,legacy,NL0 7,3,39.0,53935.51759344085,53935.51759344085
67,NL0 8 biomass,legacy,NL0 8,1,36.0,59329.069352818755,59329.069352818755
67,NL0 8 waste,legacy,NL0 8,1,157.0,59329.069352818755,59329.069352818755
67,NL0 9 biomass,legacy,NL0 9,3,20.0,53935.51759344085,53935.51759344085
67,NL0 0 0 solar,legacy,NL0 0,1,0.0,59329.069352818755,59329.06935281868
67,NL0 1 0 solar,legacy,NL0 1,3,0.0,53935.51759344085,53935.517593440774
67,NL0 10 0 solar,legacy,NL0 10,1,0.0,59329.069352818755,59329.06935281868
67,NL0 11 0 solar,legacy,NL0 11,3,0.0,53935.51759344085,53935.517593440774
67,NL0 12 0 solar,legacy,NL0 12,2,0.0,48541.9658340839,48541.965834083836
67,NL0 13 0 solar,legacy,NL0 13,3,0.0,53935.51759344085,53935.517593440774
67,NL0 14 0 solar,legacy,NL0 14,2,0.0,48541.9658340839,48541.965834083836
67,NL0 15 0 solar,legacy,NL0 15,2,0.0,48541.9658340839,48541.965834083836
67,NL0 16 0 solar,legacy,NL0 16,1,0.0,59329.069352818755,59329.06935281868
67,NL0 17 0 solar,legacy,NL0 17,1,0.0,59329.069352818755,59329.06935281868
67,NL0 18 0 solar,legacy,NL0 18,1,0.0,59329.069352818755,59329.06935281868
67,NL0 19 0 solar,legacy,NL0 19,2,0.0,48541.9658340839,48541.965834083836
67,NL0 2 0 solar,legacy,NL0 2,2,0.0,48541.9658340839,48541.965834083836
67,NL0 20 0 solar,legacy,NL0 20,1,0.0,59329.069352818755,59329.06935281868
67,NL0 21 0 solar,legacy,NL0 21,1,0.0,59329.069352818755,59329.06935281868
67,NL0 22 0 solar,legacy,NL0 22,3,0.0,53935.51759344085,53935.517593440774
67,NL0 23 0 solar,legacy,NL0 23,1,0.0,59329.069352818755,59329.06935281868
67,NL0 24 0 solar,legacy,NL0 24,1,0.0,59329.069352818755,59329.06935281868
67,NL0 25 0 solar,legacy,NL0 25,2,0.0,48541.9658340839,48541.965834083836
67,NL0 26 0 solar,legacy,NL0 26,2,0.0,48541.9658340839,48541.965834083836
67,NL0 27 0 solar,legacy,NL0 27,1,0.0,59329.069352818755,59329.06935281868
67,NL0 28 0 solar,legacy,NL0 28,2,0.0,48541.9658340839,48541.965834083836
67,NL0 3 0 solar,legacy,NL0 3,1,0.0,59329.069352818755,59329.06935281868
67,NL0 30 0 solar,legacy,NL0 30,1,0.0,59329.069352818755,59329.06935281868
67,NL0 31 0 solar,legacy,NL0 31,2,0.0,48541.9658340839,48541.965834083836
67,NL0 4 0 solar,legacy,NL0 4,2,0.0,48541.9658340839,48541.965834083836
67,NL0 5 0 solar,legacy,NL0 5,3,0.0,53935.51759344085,53935.517593440774
67,NL0 6 0 solar,legacy,NL0 6,3,0.0,53935.51759344085,53935.517593440774
67,NL0 7 0 solar,legacy,NL0 7,3,0.0,53935.51759344085,53935.517593440774
67,NL0 8 0 solar,legacy,NL0 8,1,0.0,59329.069352818755,59329.06935281868
67,NL0 9 0 solar,legacy,NL0 9,3,0.0,53935.51759344085,53935.517593440774
67,NL0 20 0 offwind-ac,legacy,NL0 20,1,0.0,59329.069352818755,59329.06935281868
67,NL0 27 0 offwind-ac,legacy,NL0 27,1,0.0,59329.069352818755,59329.06935281868
67,NL0 31 0 offwind-ac,legacy,NL0 31,2,0.0,48541.9658340839,48541.965834083836
67,NL0 32 0 offwind-ac,legacy,NL0 32,1,0.0,59329.069352818755,59329.06935281868
67,NL0 7 0 offwind-ac,legacy,NL0 7,3,0.0,53935.51759344085,53935.517593440774
67,NL0 0 0 onwind,legacy,NL0 0,1,0.0,59329.069352818755,59329.06935281868
67,NL0 1 0 onwind,legacy,NL0 1,3,0.0,53935.51759344085,53935.517593440774
67,NL0 10 0 onwind,legacy,NL0 10,1,0.0,59329.069352818755,59329.06935281868
67,NL0 11 0 onwind,legacy,NL0 11,3,0.0,53935.51759344085,53935.517593440774
67,NL0 12 0 onwind,legacy,NL0 12,2,0.0,48541.9658340839,48541.965834083836
67,NL0 13 0 onwind,legacy,NL0 13,3,0.0,53935.51759344085,53935.517593440774
67,NL0 14 0 onwind,legacy,NL0 14,2,0.0,48541.9658340839,48541.965834083836
67,NL0 15 0 onwind,legacy,NL0 15,2,0.0,48541.9658340839,48541.965834083836
67,NL0 17 0 onwind,legacy,NL0 17,1,0.0,59329.069352818755,59329.06935281868
67,NL0 19 0 onwind,legacy,NL0 19,2,0.0,48541.9658340839,48541.965834083836
67,NL0 2 0 onwind,legacy,NL0 2,2,0.0,48541.9658340839,48541.965834083836
67,NL0 20 0 onwind,legacy,NL0 20,1,0.0,59329.069352818755,59329.06935281868
67,NL0 21 0 onwind,legacy,NL0 21,1,0.0,59329.069352818755,59329.06935281868
67,NL0 22 0 onwind,legacy,NL0 22,3,0.0,53935.51759344085,53935.517593440774
67,NL0 23 0 onwind,legacy,NL0 23,1,0.0,59329.069352818755,59329.06935281868
67,NL0 24 0 onwind,legacy,NL0 24,1,0.0,59329.069352818755,59329.06935281868
67,NL0 27 0 onwind,legacy,NL0 27,1,0.0,59329.069352818755,59329.06935281868
67,NL0 3 0 onwind,legacy,NL0 3,1,0.0,59329.069352818755,59329.06935281868
67,NL0 30 0 onwind,legacy,NL0 30,1,0.0,59329.069352818755,59329.06935281868
67,NL0 31 0 onwind,legacy,NL0 31,2,0.0,48541.9658340839,48541.965834083836
67,NL0 4 0 onwind,legacy,NL0 4,2,0.0,48541.9658340839,48541.965834083836
67,NL0 5 0 onwind,legacy,NL0 5,3,0.0,53935.51759344085,53935.517593440774
67,NL0 6 0 onwind,legacy,NL0 6,3,0.0,53935.51759344085,53935.517593440774
67,NL0 7 0 onwind,legacy,NL0 7,3,0.0,53935.51759344085,53935.517593440774
67,NL0 8 0 onwind,legacy,NL0 8,1,0.0,59329.069352818755,59329.06935281868
67,NL0 9 0 onwind,legacy,NL0 9,3,0.0,53935.51759344085,53935.517593440774
68,NL0 0 Invest,investable,NL0 0,1,1000.0,59329.069352818755,59329.06935292875
68,NL0 1 Invest,investable,NL0 1,3,1000.0,53935.51759344085,53935.51759357159
68,NL0 10 Invest,investable,NL0 10,1,0.0,59329.069352818755,59329.06935292875
68,NL0 11 Invest,investable,NL0 11,3,1000.0,53935.51759344085,53935.51759357159
68,NL0 12 Invest,investable,NL0 12,2,0.0,48541.9658340839,48541.96583421443
68,NL0 13 Invest,investable,NL0 13,3,1000.0,53935.51759344085,53935.51759357159
68,NL0 14 Invest,investable,NL0 14,2,421.30931852923914,48541.9658340839,48541.96583421443
68,NL0 15 Invest,investable,NL0 15,2,0.0,48541.9658340839,48541.96583421443
68,NL0 16 Invest,investable,NL0 16,1,1000.0,59329.069352818755,59329.06935292875
68,NL0 17 Invest,investable,NL0 17,1,0.0,59329.069352818755,59329.06935292875
68,NL0 18 Invest,investable,NL0 18,1,0.0,59329.069352818755,59329.06935292875
68,NL0 19 Invest,investable,NL0 19,2,0.0,48541.9658340839,48541.96583421443
68,NL0 2 Invest,investable,NL0 2,2,0.0,48541.9658340839,48541.96583421443
68,NL0 20 Invest,investable,NL0 20,1,1000.0,59329.069352818755,59329.06935292875
68,NL0 21 Invest,investable,NL0 21,1,0.0,59329.069352818755,59329.06935292875
68,NL0 22 Invest,investable,NL0 22,3,0.0,53935.51759344085,53935.51759357159
68,NL0 23 Invest,investable,NL0 23,1,601.5467025248663,59329.069352818755,59329.06935292875
68,NL0 24 Invest,investable,NL0 24,1,1000.0,59329.069352818755,59329.06935292875
68,NL0 25 Invest,investable,NL0 25,2,0.0,48541.9658340839,48541.96583421443
68,NL0 26 Invest,investable,NL0 26,2,1000.0,48541.9658340839,48541.96583421443
68,NL0 27 Invest,investable,NL0 27,1,0.0,59329.069352818755,59329.06935292875
68,NL0 28 Invest,investable,NL0 28,2,0.0,48541.9658340839,48541.96583421443
68,NL0 3 Invest,investable,NL0 3,1,1000.0,59329.069352818755,59329.06935292875
68,NL0 30 Invest,investable,NL0 30,1,0.0,59329.069352818755,59329.06935292875
68,NL0 31 Invest,investable,NL0 31,2,0.0,48541.9658340839,48541.96583421443
68,NL0 33 Invest,investable,NL0 33,1,0.0,59329.069352818755,59329.06935292875
68,NL0 4 Invest,investable,NL0 4,2,1000.0,48541.9658340839,48541.96583421443
68,NL0 5 Invest,investable,NL0 5,3,678.1047541590287,53935.51759344085,53935.51759357159
68,NL0 6 Invest,investable,NL0 6,3,1000.0,53935.51759344085,53935.51759357159
68,NL0 7 Invest,investable,NL0 7,3,0.0,53935.51759344085,53935.51759357159
68,NL0 8 Invest,investable,NL0 8,1,1000.0,59329.069352818755,59329.06935292875
68,NL0 9 Invest,investable,NL0 9,3,1000.0,53935.51759344085,53935.51759357159
68,NL0 1 biomass,legacy,NL0 1,3,71.0,53935.51759344085,53935.51759344085
68,NL0 1 waste,legacy,NL0 1,3,31.0,53935.51759344085,53935.51759344085
68,NL0 10 waste,legacy,NL0 10,1,150.0,59329.069352818755,59329.069352818755
68,NL0 11 biomass,legacy,NL0 11,3,20.0,53935.51759344085,53935.51759344085
68,NL0 11 waste,legacy,NL0 11,3,50.0,53935.51759344085,53935.51759344085
68,NL0 13 biomass,legacy,NL0 13,3,77.0,53935.51759344085,53935.51759344085
68,NL0 19 biomass,legacy,NL0 19,2,49.0,48541.9658340839,48541.9658340839
68,NL0 19 waste,legacy,NL0 19,2,36.0,48541.9658340839,48541.9658340839
68,NL0 22 biomass,legacy,NL0 22,3,500.0,53935.51759344085,53935.51759344085
68,NL0 25 waste,legacy,NL0 25,2,54.0,48541.9658340839,48541.9658340839
68,NL0 27 biomass,legacy,NL0 27,1,22.0,59329.069352818755,59329.069352818755
68,NL0 27 waste,legacy,NL0 27,1,71.2,59329.069352818755,59329.069352818755
68,NL0 3 biomass,legacy,NL0 3,1,22.0,59329.069352818755,59329.069352818755
68,NL0 3 waste,legacy,NL0 3,1,108.0,59329.069352818755,59329.069352818755
68,NL0 30 biomass,legacy,NL0 30,1,60.0,59329.069352818755,59329.069352818755
68,NL0 7 nuclear,legacy,NL0 7,3,515.0,53935.51759344085,53935.51759344085
68,NL0 7 waste,legacy,NL0 7,3,39.0,53935.51759344085,53935.51759344085
68,NL0 8 biomass,legacy,NL0 8,1,36.0,59329.069352818755,59329.069352818755
68,NL0 8 waste,legacy,NL0 8,1,157.0,59329.069352818755,59329.069352818755
68,NL0 9 biomass,legacy,NL0 9,3,20.0,53935.51759344085,53935.51759344085
68,NL0 0 0 solar,legacy,NL0 0,1,0.0,59329.069352818755,59329.06935281868
68,NL0 1 0 solar,legacy,NL0 1,3,0.0,53935.51759344085,53935.517593440774
68,NL0 10 0 solar,legacy,NL0 10,1,0.0,59329.069352818755,59329.06935281868
68,NL0 11 0 solar,legacy,NL0 11,3,0.0,53935.51759344085,53935.517593440774
68,NL0 12 0 solar,legacy,NL0 12,2,0.0,48541.9658340839,48541.965834083836
68,NL0 13 0 solar,legacy,NL0 13,3,0.0,53935.51759344085,53935.517593440774
68,NL0 14 0 solar,legacy,NL0 14,2,0.0,48541.9658340839,48541.965834083836
68,NL0 15 0 solar,legacy,NL0 15,2,0.0,48541.9658340839,48541.965834083836
68,NL0 16 0 solar,legacy,NL0 16,1,0.0,59329.069352818755,59329.06935281868
68,NL0 17 0 solar,legacy,NL0 17,1,0.0,59329.069352818755,59329.06935281868
68,NL0 18 0 solar,legacy,NL0 18,1,0.0,59329.069352818755,59329.06935281868
68,NL0 19 0 solar,legacy,NL0 19,2,0.0,48541.9658340839,48541.965834083836
68,NL0 2 0 solar,legacy,NL0 2,2,0.0,48541.9658340839,48541.965834083836
68,NL0 20 0 solar,legacy,NL0 20,1,0.0,59329.069352818755,59329.06935281868
68,NL0 21 0 solar,legacy,NL0 21,1,0.0,59329.069352818755,59329.06935281868
68,NL0 22 0 solar,legacy,NL0 22,3,0.0,53935.51759344085,53935.517593440774
68,NL0 23 0 solar,legacy,NL0 23,1,0.0,59329.069352818755,59329.06935281868
68,NL0 24 0 solar,legacy,NL0 24,1,0.0,59329.069352818755,59329.06935281868
68,NL0 25 0 solar,legacy,NL0 25,2,0.0,48541.9658340839,48541.965834083836
68,NL0 26 0 solar,legacy,NL0 26,2,0.0,48541.9658340839,48541.965834083836
68,NL0 27 0 solar,legacy,NL0 27,1,0.0,59329.069352818755,59329.06935281868
68,NL0 28 0 solar,legacy,NL0 28,2,0.0,48541.9658340839,48541.965834083836
68,NL0 3 0 solar,legacy,NL0 3,1,0.0,59329.069352818755,59329.06935281868
68,NL0 30 0 solar,legacy,NL0 30,1,0.0,59329.069352818755,59329.06935281868
68,NL0 31 0 solar,legacy,NL0 31,2,0.0,48541.9658340839,48541.965834083836
68,NL0 4 0 solar,legacy,NL0 4,2,0.0,48541.9658340839,48541.965834083836
68,NL0 5 0 solar,legacy,NL0 5,3,0.0,53935.51759344085,53935.517593440774
68,NL0 6 0 solar,legacy,NL0 6,3,0.0,53935.51759344085,53935.517593440774
68,NL0 7 0 solar,legacy,NL0 7,3,0.0,53935.51759344085,53935.517593440774
68,NL0 8 0 solar,legacy,NL0 8,1,0.0,59329.069352818755,59329.06935281868
68,NL0 9 0 solar,legacy,NL0 9,3,0.0,53935.51759344085,53935.517593440774
68,NL0 20 0 offwind-ac,legacy,NL0 20,1,0.0,59329.069352818755,59329.06935281868
68,NL0 27 0 offwind-ac,legacy,NL0 27,1,0.0,59329.069352818755,59329.06935281868
68,NL0 31 0 offwind-ac,legacy,NL0 31,2,0.0,48541.9658340839,48541.965834083836
68,NL0 32 0 offwind-ac,legacy,NL0 32,1,0.0,59329.069352818755,59329.06935281868
68,NL0 7 0 offwind-ac,legacy,NL0 7,3,0.0,53935.51759344085,53935.517593440774
68,NL0 0 0 onwind,legacy,NL0 0,1,0.0,59329.069352818755,59329.06935281868
68,NL0 1 0 onwind,legacy,NL0 1,3,0.0,53935.51759344085,53935.517593440774
68,NL0 10 0 onwind,legacy,NL0 10,1,0.0,59329.069352818755,59329.06935281868
68,NL0 11 0 onwind,legacy,NL0 11,3,0.0,53935.51759344085,53935.517593440774
68,NL0 12 0 onwind,legacy,NL0 12,2,0.0,48541.9658340839,48541.965834083836
68,NL0 13 0 onwind,legacy,NL0 13,3,0.0,53935.51759344085,53935.517593440774
68,NL0 14 0 onwind,legacy,NL0 14,2,0.0,48541.9658340839,48541.965834083836
68,NL0 15 0 onwind,legacy,NL0 15,2,0.0,48541.9658340839,48541.965834083836
68,NL0 17 0 onwind,legacy,NL0 17,1,0.0,59329.069352818755,59329.06935281868
68,NL0 19 0 onwind,legacy,NL0 19,2,0.0,48541.9658340839,48541.965834083836
68,NL0 2 0 onwind,legacy,NL0 2,2,0.0,48541.9658340839,48541.965834083836
68,NL0 20 0 onwind,legacy,NL0 20,1,0.0,59329.069352818755,59329.06935281868
68,NL0 21 0 onwind,legacy,NL0 21,1,0.0,59329.069352818755,59329.06935281868
68,NL0 22 0 onwind,legacy,NL0 22,3,0.0,53935.51759344085,53935.517593440774
68,NL0 23 0 onwind,legacy,NL0 23,1,0.0,59329.069352818755,59329.06935281868
68,NL0 24 0 onwind,legacy,NL0 24,1,0.0,59329.069352818755,59329.06935281868
68,NL0 27 0 onwind,legacy,NL0 27,1,0.0,59329.069352818755,59329.06935281868
68,NL0 3 0 onwind,legacy,NL0 3,1,0.0,59329.069352818755,59329.06935281868
68,NL0 30 0 onwind,legacy,NL0 30,1,0.0,59329.069352818755,59329.06935281868
68,NL0 31 0 onwind,legacy,NL0 31,2,0.0,48541.9658340839,48541.965834083836
68,NL0 4 0 onwind,legacy,NL0 4,2,0.0,48541.9658340839,48541.965834083836
68,NL0 5 0 onwind,legacy,NL0 5,3,0.0,53935.51759344085,53935.517593440774
68,NL0 6 0 onwind,legacy,NL0 6,3,0.0,53935.51759344085,53935.517593440774
68,NL0 7 0 onwind,legacy,NL0 7,3,0.0,53935.51759344085,53935.517593440774
68,NL0 8 0 onwind,legacy,NL0 8,1,0.0,59329.069352818755,59329.06935281868
68,NL0 9 0 onwind,legacy,NL0 9,3,0.0,53935.51759344085,53935.517593440774
69,NL0 0 Invest,investable,NL0 0,1,0.0,59329.069352818755,59329.06935292875
69,NL0 1 Invest,investable,NL0 1,3,678.1047541590287,53935.51759344085,53935.51759357159
69,NL0 10 Invest,investable,NL0 10,1,0.0,59329.069352818755,59329.06935292875
69,NL0 11 Invest,investable,NL0 11,3,1000.0,53935.51759344085,53935.51759357159
69,NL0 12 Invest,investable,NL0 12,2,0.0,48541.9658340839,48541.96583421443
69,NL0 13 Invest,investable,NL0 13,3,0.0,53935.51759344085,53935.51759357159
69,NL0 14 Invest,investable,NL0 14,2,421.30931852923914,48541.9658340839,48541.96583421443
69,NL0 15 Invest,investable,NL0 15,2,0.0,48541.9658340839,48541.96583421443
69,NL0 16 Invest,investable,NL0 16,1,1000.0,59329.069352818755,59329.06935292875
69,NL0 17 Invest,investable,NL0 17,1,0.0,59329.069352818755,59329.06935292875
69,NL0 18 Invest,investable,NL0 18,1,601.5467025248663,59329.069352818755,59329.06935292875
69,NL0 19 Invest,investable,NL0 19,2,0.0,48541.9658340839,48541.96583421443
69,NL0 2 Invest,investable,NL0 2,2,0.0,48541.9658340839,48541.96583421443
69,NL0 20 Invest,investable,NL0 20,1,0.0,59329.069352818755,59329.06935292875
69,NL0 21 Invest,investable,NL0 21,1,0.0,59329.069352818755,59329.06935292875
69,NL0 22 Invest,investable,NL0 22,3,1000.0,53935.51759344085,53935.51759357159
69,NL0 23 Invest,investable,NL0 23,1,1000.0,59329.069352818755,59329.06935292875
69,NL0 24 Invest,investable,NL0 24,1,0.0,59329.069352818755,59329.06935292875
69,NL0 25 Invest,investable,NL0 25,2,0.0,48541.9658340839,48541.96583421443
69,NL0 26 Invest,investable,NL0 26,2,1000.0,48541.9658340839,48541.96583421443
69,NL0 27 Invest,investable,NL0 27,1,0.0,59329.069352818755,59329.06935292875
69,NL0 28 Invest,investable,NL0 28,2,0.0,48541.9658340839,48541.96583421443
69,NL0 3 Invest,investable,NL0 3,1,1000.0,59329.069352818755,59329.06935292875
69,NL0 30 Invest,investable,NL0 30,1,1000.0,59329.069352818755,59329.06935292875
69,NL0 31 Invest,investable,NL0 31,2,0.0,48541.9658340839,48541.96583421443
69,NL0 33 Invest,investable,NL0 33,1,1000.0,59329.069352818755,59329.06935292875
69,NL0 4 Invest,investable,NL0 4,2,1000.0,48541.9658340839,48541.96583421443
69,NL0 5 Invest,investable,NL0 5,3,1000.0,53935.51759344085,53935.51759357159
69,NL0 6 Invest,investable,NL0 6,3,1000.0,53935.51759344085,53935.51759357159
69,NL0 7 Invest,investable,NL0 7,3,1000.0,53935.51759344085,53935.51759357159
69,NL0 8 Invest,investable,NL0 8,1,1000.0,59329.069352818755,59329.06935292875
69,NL0 9 Invest,investable,NL0 9,3,0.0,53935.51759344085,53935.51759357159
69,NL0 1 biomass,legacy,NL0 1,3,71.0,53935.51759344085,53935.51759344085
69,NL0 1 waste,legacy,NL0 1,3,31.0,53935.51759344085,53935.51759344085
69,NL0 10 waste,legacy,NL0 10,1,150.0,59329.069352818755,59329.069352818755
69,NL0 11 biomass,legacy,NL0 11,3,20.0,53935.51759344085,53935.51759344085
69,NL0 11 waste,legacy,NL0 11,3,50.0,53935.51759344085,53935.51759344085
69,NL0 13 biomass,legacy,NL0 13,3,77.0,53935.51759344085,53935.51759344085
69,NL0 19 biomass,legacy,NL0 19,2,49.0,48541.9658340839,48541.9658340839
69,NL0 19 waste,legacy,NL0 19,2,36.0,48541.9658340839,48541.9658340839
69,NL0 22 biomass,legacy,NL0 22,3,500.0,53935.51759344085,53935.51759344085
69,NL0 25 waste,legacy,NL0 25,2,54.0,48541.9658340839,48541.9658340839
69,NL0 27 biomass,legacy,NL0 27,1,22.0,59329.069352818755,59329.069352818755
69,NL0 27 waste,legacy,NL0 27,1,71.2,59329.069352818755,59329.069352818755
69,NL0 3 biomass,legacy,NL0 3,1,22.0,59329.069352818755,59329.069352818755
69,NL0 3 waste,legacy,NL0 3,1,108.0,59329.069352818755,59329.069352818755
69,NL0 30 biomass,legacy,NL0 30,1,60.0,59329.069352818755,59329.069352818755
69,NL0 7 nuclear,legacy,NL0 7,3,515.0,53935.51759344085,53935.51759344085
69,NL0 7 waste,legacy,NL0 7,3,39.0,53935.51759344085,53935.51759344085
69,NL0 8 biomass,legacy,NL0 8,1,36.0,59329.069352818755,59329.069352818755
69,NL0 8 waste,legacy,NL0 8,1,157.0,59329.069352818755,59329.069352818755
69,NL0 9 biomass,legacy,NL0 9,3,20.0,53935.51759344085,53935.51759344085
69,NL0 0 0 solar,legacy,NL0 0,1,0.0,59329.069352818755,59329.06935281868
69,NL0 1 0 solar,legacy,NL0 1,3,0.0,53935.51759344085,53935.517593440774
69,NL0 10 0 solar,legacy,NL0 10,1,0.0,59329.069352818755,59329.06935281868
69,NL0 11 0 solar,legacy,NL0 11,3,0.0,53935.51759344085,53935.517593440774
69,NL0 12 0 solar,legacy,NL0 12,2,0.0,48541.9658340839,48541.965834083836
69,NL0 13 0 solar,legacy,NL0 13,3,0.0,53935.51759344085,53935.517593440774
69,NL0 14 0 solar,legacy,NL0 14,2,0.0,48541.9658340839,48541.965834083836
69,NL0 15 0 solar,legacy,NL0 15,2,0.0,48541.9658340839,48541.965834083836
69,NL0 16 0 solar,legacy,NL0 16,1,0.0,59329.069352818755,59329.06935281868
69,NL0 17 0 solar,legacy,NL0 17,1,0.0,59329.069352818755,59329.06935281868
69,NL0 18 0 solar,legacy,NL0 18,1,0.0,59329.069352818755,59329.06935281868
69,NL0 19 0 solar,legacy,NL0 19,2,0.0,48541.9658340839,48541.965834083836
69,NL0 2 0 solar,legacy,NL0 2,2,0.0,48541.9658340839,48541.965834083836
69,NL0 20 0 solar,legacy,NL0 20,1,0.0,59329.069352818755,59329.06935281868
69,NL0 21 0 solar,legacy,NL0 21,1,0.0,59329.069352818755,59329.06935281868
69,NL0 22 0 solar,legacy,NL0 22,3,0.0,53935.51759344085,53935.517593440774
69,NL0 23 0 solar,legacy,NL0 23,1,0.0,59329.069352818755,59329.06935281868
69,NL0 24 0 solar,legacy,NL0 24,1,0.0,59329.069352818755,59329.06935281868
69,NL0 25 0 solar,legacy,NL0 25,2,0.0,48541.9658340839,48541.965834083836
69,NL0 26 0 solar,legacy,NL0 26,2,0.0,48541.9658340839,48541.965834083836
69,NL0 27 0 solar,legacy,NL0 27,1,0.0,59329.069352818755,59329.06935281868
69,NL0 28 0 solar,legacy,NL0 28,2,0.0,48541.9658340839,48541.965834083836
69,NL0 3 0 solar,legacy,NL0 3,1,0.0,59329.069352818755,59329.06935281868
69,NL0 30 0 solar,legacy,NL0 30,1,0.0,59329.069352818755,59329.06935281868
69,NL0 31 0 solar,legacy,NL0 31,2,0.0,48541.9658340839,48541.965834083836
69,NL0 4 0 solar,legacy,NL0 4,2,0.0,48541.9658340839,48541.965834083836
69,NL0 5 0 solar,legacy,NL0 5,3,0.0,53935.51759344085,53935.517593440774
69,NL0 6 0 solar,legacy,NL0 6,3,0.0,53935.51759344085,53935.517593440774
69,NL0 7 0 solar,legacy,NL0 7,3,0.0,53935.51759344085,53935.517593440774
69,NL0 8 0 solar,legacy,NL0 8,1,0.0,59329.069352818755,59329.06935281868
69,NL0 9 0 solar,legacy,NL0 9,3,0.0,53935.51759344085,53935.517593440774
69,NL0 20 0 offwind-ac,legacy,NL0 20,1,0.0,59329.069352818755,59329.06935281868
69,NL0 27 0 offwind-ac,legacy,NL0 27,1,0.0,59329.069352818755,59329.06935281868
69,NL0 31 0 offwind-ac,legacy,NL0 31,2,0.0,48541.9658340839,48541.965834083836
69,NL0 32 0 offwind-ac,legacy,NL0 32,1,0.0,59329.069352818755,59329.06935281868
69,NL0 7 0 offwind-ac,legacy,NL0 7,3,0.0,53935.51759344085,53935.517593440774
69,NL0 0 0 onwind,legacy,NL0 0,1,0.0,59329.069352818755,59329.06935281868
69,NL0 1 0 onwind,legacy,NL0 1,3,0.0,53935.51759344085,53935.517593440774
69,NL0 10 0 onwind,legacy,NL0 10,1,0.0,59329.069352818755,59329.06935281868
69,NL0 11 0 onwind,legacy,NL0 11,3,0.0,53935.51759344085,53935.517593440774
69,NL0 12 0 onwind,legacy,NL0 12,2,0.0,48541.9658340839,48541.965834083836
69,NL0 13 0 onwind,legacy,NL0 13,3,0.0,53935.51759344085,53935.517593440774
69,NL0 14 0 onwind,legacy,NL0 14,2,0.0,48541.9658340839,48541.965834083836
69,NL0 15 0 onwind,legacy,NL0 15,2,0.0,48541.9658340839,48541.965834083836
69,NL0 17 0 onwind,legacy,NL0 17,1,0.0,59329.069352818755,59329.06935281868
69,NL0 19 0 onwind,legacy,NL0 19,2,0.0,48541.9658340839,48541.965834083836
69,NL0 2 0 onwind,legacy,NL0 2,2,0.0,48541.9658340839,48541.965834083836
69,NL0 20 0 onwind,legacy,NL0 20,1,0.0,59329.069352818755,59329.06935281868
69,NL0 21 0 onwind,legacy,NL0 21,1,0.0,59329.069352818755,59329.06935281868
69,NL0 22 0 onwind,legacy,NL0 22,3,0.0,53935.51759344085,53935.517593440774
69,NL0 23 0 onwind,legacy,NL0 23,1,0.0,59329.069352818755,59329.06935281868
69,NL0 24 0 onwind,legacy,NL0 24,1,0.0,59329.069352818755,59329.06935281868
69,NL0 27 0 onwind,legacy,NL0 27,1,0.0,59329.069352818755,59329.06935281868
69,NL0 3 0 onwind,legacy,NL0 3,1,0.0,59329.069352818755,59329.06935281868
69,NL0 30 0 onwind,legacy,NL0 30,1,0.0,59329.069352818755,59329.06935281868
69,NL0 31 0 onwind,legacy,NL0 31,2,0.0,48541.9658340839,48541.965834083836
69,NL0 4 0 onwind,legacy,NL0 4,2,0.0,48541.9658340839,48541.965834083836
69,NL0 5 0 onwind,legacy,NL0 5,3,0.0,53935.51759344085,53935.517593440774
69,NL0 6 0 onwind,legacy,NL0 6,3,0.0,53935.51759344085,53935.517593440774
69,NL0 7 0 onwind,legacy,NL0 7,3,0.0,53935.51759344085,53935.517593440774
69,NL0 8 0 onwind,legacy,NL0 8,1,0.0,59329.069352818755,59329.06935281868
69,NL0 9 0 onwind,legacy,NL0 9,3,0.0,53935.51759344085,53935.517593440774
70,NL0 0 Invest,investable,NL0 0,1,1000.0,59329.069352818755,59329.06935292875
70,NL0 1 Invest,investable,NL0 1,3,1000.0,53935.51759344085,53935.51759357159
70,NL0 10 Invest,investable,NL0 10,1,1000.0,59329.069352818755,59329.06935292875
70,NL0 11 Invest,investable,NL0 11,3,1000.0,53935.51759344085,53935.51759357159
70,NL0 12 Invest,investable,NL0 12,2,0.0,48541.9658340839,48541.96583421443
70,NL0 13 Invest,investable,NL0 13,3,1000.0,53935.51759344085,53935.51759357159
70,NL0 14 Invest,investable,NL0 14,2,0.0,48541.9658340839,48541.96583421443
70,NL0 15 Invest,investable,NL0 15,2,1000.0,48541.9658340839,48541.96583421443
70,NL0 16 Invest,investable,NL0 16,1,0.0,59329.069352818755,59329.06935292875
70,NL0 17 Invest,investable,NL0 17,1,1000.0,59329.069352818755,59329.06935292875
70,NL0 18 Invest,investable,NL0 18,1,0.0,59329.069352818755,59329.06935292875
70,NL0 19 Invest,investable,NL0 19,2,421.30931852923914,48541.9658340839,48541.96583421443
70,NL0 2 Invest,investable,NL0 2,2,1000.0,48541.9658340839,48541.96583421443
70,NL0 20 Invest,investable,NL0 20,1,1000.0,59329.069352818755,59329.06935292875
70,NL0 21 Invest,investable,NL0 21,1,601.5467025248663,59329.069352818755,59329.06935292875
70,NL0 22 Invest,investable,NL0 22,3,1000.0,53935.51759344085,53935.51759357159
70,NL0 23 Invest,investable,NL0 23,1,0.0,59329.069352818755,59329.06935292875
70,NL0 24 Invest,investable,NL0 24,1,1000.0,59329.069352818755,59329.06935292875
70,NL0 25 Invest,investable,NL0 25,2,0.0,48541.9658340839,48541.96583421443
70,NL0 26 Invest,investable,NL0 26,2,0.0,48541.9658340839,48541.96583421443
70,NL0 27 Invest,investable,NL0 27,1,1000.0,59329.069352818755,59329.06935292875
70,NL0 28 Invest,investable,NL0 28,2,0.0,48541.9658340839,48541.96583421443
70,NL0 3 Invest,investable,NL0 3,1,0.0,59329.069352818755,59329.06935292875
70,NL0 30 Invest,investable,NL0 30,1,0.0,59329.069352818755,59329.06935292875
70,NL0 31 Invest,investable,NL0 31,2,0.0,48541.9658340839,48541.96583421443
70,NL0 33 Invest,investable,NL0 33,1,0.0,59329.069352818755,59329.06935292875
70,NL0 4 Invest,investable,NL0 4,2,0.0,48541.9658340839,48541.96583421443
70,NL0 5 Invest,investable,NL0 5,3,0.0,53935.51759344085,53935.51759357159
70,NL0 6 Invest,investable,NL0 6,3,0.0,53935.51759344085,53935.51759357159
70,NL0 7 Invest,investable,NL0 7,3,678.1047541590287,53935.51759344085,53935.51759357159
70,NL0 8 Invest,investable,NL0 8,1,0.0,59329.069352818755,59329.06935292875
70,NL0 9 Invest,investable,NL0 9,3,1000.0,53935.51759344085,53935.51759357159
70,NL0 1 biomass,legacy,NL0 1,3,71.0,53935.51759344085,53935.51759344085
70,NL0 1 waste,legacy,NL0 1,3,31.0,53935.51759344085,53935.51759344085
70,NL0 10 waste,legacy,NL0 10,1,150.0,59329.069352818755,59329.069352818755
70,NL0 11 biomass,legacy,NL0 11,3,20.0,53935.51759344085,53935.51759344085
70,NL0 11 waste,legacy,NL0 11,3,50.0,53935.51759344085,53935.51759344085
70,NL0 13 biomass,legacy,NL0 13,3,77.0,53935.51759344085,53935.51759344085
70,NL0 19 biomass,legacy,NL0 19,2,49.0,48541.9658340839,48541.9658340839
70,NL0 19 waste,legacy,NL0 19,2,36.0,48541.9658340839,48541.9658340839
70,NL0 22 biomass,legacy,NL0 22,3,500.0,53935.51759344085,53935.51759344085
70,NL0 25 waste,legacy,NL0 25,2,54.0,48541.9658340839,48541.9658340839
70,NL0 27 biomass,legacy,NL0 27,1,22.0,59329.069352818755,59329.069352818755
70,NL0 27 waste,legacy,NL0 27,1,71.2,59329.069352818755,59329.069352818755
70,NL0 3 biomass,legacy,NL0 3,1,22.0,59329.069352818755,59329.069352818755
70,NL0 3 waste,legacy,NL0 3,1,108.0,59329.069352818755,59329.069352818755
70,NL0 30 biomass,legacy,NL0 30,1,60.0,59329.069352818755,59329.069352818755
70,NL0 7 nuclear,legacy,NL0 7,3,515.0,53935.51759344085,53935.51759344085
70,NL0 7 waste,legacy,NL0 7,3,39.0,53935.51759344085,53935.51759344085
70,NL0 8 biomass,legacy,NL0 8,1,36.0,59329.069352818755,59329.069352818755
70,NL0 8 waste,legacy,NL0 8,1,157.0,59329.069352818755,59329.069352818755
70,NL0 9 biomass,legacy,NL0 9,3,20.0,53935.51759344085,53935.51759344085
70,NL0 0 0 solar,legacy,NL0 0,1,0.0,59329.069352818755,59329.06935281868
70,NL0 1 0 solar,legacy,NL0 1,3,0.0,53935.51759344085,53935.517593440774
70,NL0 10 0 solar,legacy,NL0 10,1,0.0,59329.069352818755,59329.06935281868
70,NL0 11 0 solar,legacy,NL0 11,3,0.0,53935.51759344085,53935.517593440774
70,NL0 12 0 solar,legacy,NL0 12,2,0.0,48541.9658340839,48541.965834083836
70,NL0 13 0 solar,legacy,NL0 13,3,0.0,53935.51759344085,53935.517593440774
70,NL0 14 0 solar,legacy,NL0 14,2,0.0,48541.9658340839,48541.965834083836
70,NL0 15 0 solar,legacy,NL0 15,2,0.0,48541.9658340839,48541.965834083836
70,NL0 16 0 solar,legacy,NL0 16,1,0.0,59329.069352818755,59329.06935281868
70,NL0 17 0 solar,legacy,NL0 17,1,0.0,59329.069352818755,59329.06935281868
70,NL0 18 0 solar,legacy,NL0 18,1,0.0,59329.069352818755,59329.06935281868
70,NL0 19 0 solar,legacy,NL0 19,2,0.0,48541.9658340839,48541.965834083836
70,NL0 2 0 solar,legacy,NL0 2,2,0.0,48541.9658340839,48541.965834083836
70,NL0 20 0 solar,legacy,NL0 20,1,0.0,59329.069352818755,59329.06935281868
70,NL0 21 0 solar,legacy,NL0 21,1,0.0,59329.069352818755,59329.06935281868
70,NL0 22 0 solar,legacy,NL0 22,3,0.0,53935.51759344085,53935.517593440774
70,NL0 23 0 solar,legacy,NL0 23,1,0.0,59329.069352818755,59329.06935281868
70,NL0 24 0 solar,legacy,NL0 24,1,0.0,59329.069352818755,59329.06935281868
70,NL0 25 0 solar,legacy,NL0 25,2,0.0,48541.9658340839,48541.965834083836
70,NL0 26 0 solar,legacy,NL0 26,2,0.0,48541.9658340839,48541.965834083836
70,NL0 27 0 solar,legacy,NL0 27,1,0.0,59329.069352818755,59329.06935281868
70,NL0 28 0 solar,legacy,NL0 28,2,0.0,48541.9658340839,48541.965834083836
70,NL0 3 0 solar,legacy,NL0 3,1,0.0,59329.069352818755,59329.06935281868
70,NL0 30 0 solar,legacy,NL0 30,1,0.0,59329.069352818755,59329.06935281868
70,NL0 31 0 solar,legacy,NL0 31,2,0.0,48541.9658340839,48541.965834083836
70,NL0 4 0 solar,legacy,NL0 4,2,0.0,48541.9658340839,48541.965834083836
70,NL0 5 0 solar,legacy,NL0 5,3,0.0,53935.51759344085,53935.517593440774
70,NL0 6 0 solar,legacy,NL0 6,3,0.0,53935.51759344085,53935.517593440774
70,NL0 7 0 solar,legacy,NL0 7,3,0.0,53935.51759344085,53935.517593440774
70,NL0 8 0 solar,legacy,NL0 8,1,0.0,59329.069352818755,59329.06935281868
70,NL0 9 0 solar,legacy,NL0 9,3,0.0,53935.51759344085,53935.517593440774
70,NL0 20 0 offwind-ac,legacy,NL0 20,1,0.0,59329.069352818755,59329.06935281868
70,NL0 27 0 offwind-ac,legacy,NL0 27,1,0.0,59329.069352818755,59329.06935281868
70,NL0 31 0 offwind-ac,legacy,NL0 31,2,0.0,48541.9658340839,48541.965834083836
70,NL0 32 0 offwind-ac,legacy,NL0 32,1,0.0,59329.069352818755,59329.06935281868
70,NL0 7 0 offwind-ac,legacy,NL0 7,3,0.0,53935.51759344085,53935.517593440774
70,NL0 0 0 onwind,legacy,NL0 0,1,0.0,59329.069352818755,59329.06935281868
70,NL0 1 0 onwind,legacy,NL0 1,3,0.0,53935.51759344085,53935.517593440774
70,NL0 10 0 onwind,legacy,NL0 10,1,0.0,59329.069352818755,59329.06935281868
70,NL0 11 0 onwind,legacy,NL0 11,3,0.0,53935.51759344085,53935.517593440774
70,NL0 12 0 onwind,legacy,NL0 12,2,0.0,48541.9658340839,48541.965834083836
70,NL0 13 0 onwind,legacy,NL0 13,3,0.0,53935.51759344085,53935.517593440774
70,NL0 14 0 onwind,legacy,NL0 14,2,0.0,48541.9658340839,48541.965834083836
70,NL0 15 0 onwind,legacy,NL0 15,2,0.0,48541.9658340839,48541.965834083836
70,NL0 17 0 onwind,legacy,NL0 17,1,0.0,59329.069352818755,59329.06935281868
70,NL0 19 0 onwind,legacy,NL0 19,2,0.0,48541.9658340839,48541.965834083836
70,NL0 2 0 onwind,legacy,NL0 2,2,0.0,48541.9658340839,48541.965834083836
70,NL0 20 0 onwind,legacy,NL0 20,1,0.0,59329.069352818755,59329.06935281868
70,NL0 21 0 onwind,legacy,NL0 21,1,0.0,59329.069352818755,59329.06935281868
70,NL0 22 0 onwind,legacy,NL0 22,3,0.0,53935.51759344085,53935.517593440774
70,NL0 23 0 onwind,legacy,NL0 23,1,0.0,59329.069352818755,59329.06935281868
70,NL0 24 0 onwind,legacy,NL0 24,1,0.0,59329.069352818755,59329.06935281868
70,NL0 27 0 onwind,legacy,NL0 27,1,0.0,59329.069352818755,59329.06935281868
70,NL0 3 0 onwind,legacy,NL0 3,1,0.0,59329.069352818755,59329.06935281868
70,NL0 30 0 onwind,legacy,NL0 30,1,0.0,59329.069352818755,59329.06935281868
70,NL0 31 0 onwind,legacy,NL0 31,2,0.0,48541.9658340839,48541.965834083836
70,NL0 4 0 onwind,legacy,NL0 4,2,0.0,48541.9658340839,48541.965834083836
70,NL0 5 0 onwind,legacy,NL0 5,3,0.0,53935.51759344085,53935.517593440774
70,NL0 6 0 onwind,legacy,NL0 6,3,0.0,53935.51759344085,53935.517593440774
70,NL0 7 0 onwind,legacy,NL0 7,3,0.0,53935.51759344085,53935.517593440774
70,NL0 8 0 onwind,legacy,NL0 8,1,0.0,59329.069352818755,59329.06935281868
70,NL0 9 0 onwind,legacy,NL0 9,3,0.0,53935.51759344085,53935.517593440774
71,NL0 0 Invest,investable,NL0 0,1,1000.0,59329.069352818755,59329.06935292875
71,NL0 1 Invest,investable,NL0 1,3,1000.0,53935.51759344085,53935.51759357159
71,NL0 10 Invest,investable,NL0 10,1,1000.0,59329.069352818755,59329.06935292875
71,NL0 11 Invest,investable,NL0 11,3,1000.0,53935.51759344085,53935.51759357159
71,NL0 12 Invest,investable,NL0 12,2,0.0,48541.9658340839,48541.96583421443
71,NL0 13 Invest,investable,NL0 13,3,1000.0,53935.51759344085,53935.51759357159
71,NL0 14 Invest,investable,NL0 14,2,421.30931852923914,48541.9658340839,48541.96583421443
71,NL0 15 Invest,investable,NL0 15,2,0.0,48541.9658340839,48541.96583421443
71,NL0 16 Invest,investable,NL0 16,1,1000.0,59329.069352818755,59329.06935292875
71,NL0 17 Invest,investable,NL0 17,1,0.0,59329.069352818755,59329.06935292875
71,NL0 18 Invest,investable,NL0 18,1,0.0,59329.069352818755,59329.06935292875
71,NL0 19 Invest,investable,NL0 19,2,0.0,48541.9658340839,48541.96583421443
71,NL0 2 Invest,investable,NL0 2,2,0.0,48541.9658340839,48541.96583421443
71,NL0 20 Invest,investable,NL0 20,1,1000.0,59329.069352818755,59329.06935292875
71,NL0 21 Invest,investable,NL0 21,1,0.0,59329.069352818755,59329.06935292875
71,NL0 22 Invest,investable,NL0 22,3,0.0,53935.51759344085,53935.51759357159
71,NL0 23 Invest,investable,NL0 23,1,0.0,59329.069352818755,59329.06935292875
71,NL0 24 Invest,investable,NL0 24,1,1000.0,59329.069352818755,59329.06935292875
71,NL0 25 Invest,investable,NL0 25,2,0.0,48541.9658340839,48541.96583421443
71,NL0 26 Invest,investable,NL0 26,2,1000.0,48541.9658340839,48541.96583421443
71,NL0 27 Invest,investable,NL0 27,1,0.0,59329.069352818755,59329.06935292875
71,NL0 28 Invest,investable,NL0 28,2,0.0,48541.9658340839,48541.96583421443
71,NL0 3 Invest,investable,NL0 3,1,601.5467025248663,59329.069352818755,59329.06935292875
71,NL0 30 Invest,investable,NL0 30,1,0.0,59329.069352818755,59329.06935292875
71,NL0 31 Invest,investable,NL0 31,2,0.0,48541.9658340839,48541.96583421443
71,NL0 33 Invest,investable,NL0 33,1,0.0,59329.069352818755,59329.06935292875
71,NL0 4 Invest,investable,NL0 4,2,1000.0,48541.9658340839,48541.96583421443
71,NL0 5 Invest,investable,NL0 5,3,678.1047541590287,53935.51759344085,53935.51759357159
71,NL0 6 Invest,investable,NL0 6,3,1000.0,53935.51759344085,53935.51759357159
71,NL0 7 Invest,investable,NL0 7,3,0.0,53935.51759344085,53935.51759357159
71,NL0 8 Invest,investable,NL0 8,1,1000.0,59329.069352818755,59329.06935292875
71,NL0 9 Invest,investable,NL0 9,3,1000.0,53935.51759344085,53935.51759357159
71,NL0 1 biomass,legacy,NL0 1,3,71.0,53935.51759344085,53935.51759344085
71,NL0 1 waste,legacy,NL0 1,3,31.0,53935.51759344085,53935.51759344085
71,NL0 10 waste,legacy,NL0 10,1,150.0,59329.069352818755,59329.069352818755
71,NL0 11 biomass,legacy,NL0 11,3,20.0,53935.51759344085,53935.51759344085
71,NL0 11 waste,legacy,NL0 11,3,50.0,53935.51759344085,53935.51759344085
71,NL0 13 biomass,legacy,NL0 13,3,77.0,53935.51759344085,53935.51759344085
71,NL0 19 biomass,legacy,NL0 19,2,49.0,48541.9658340839,48541.9658340839
71,NL0 19 waste,legacy,NL0 19,2,36.0,48541.9658340839,48541.9658340839
71,NL0 22 biomass,legacy,NL0 22,3,500.0,53935.51759344085,53935.51759344085
71,NL0 25 waste,legacy,NL0 25,2,54.0,48541.9658340839,48541.9658340839
71,NL0 27 biomass,legacy,NL0 27,1,22.0,59329.069352818755,59329.069352818755
71,NL0 27 waste,legacy,NL0 27,1,71.2,59329.069352818755,59329.069352818755
71,NL0 3 biomass,legacy,NL0 3,1,22.0,59329.069352818755,59329.069352818755
71,NL0 3 waste,legacy,NL0 3,1,108.0,59329.069352818755,59329.069352818755
71,NL0 30 biomass,legacy,NL0 30,1,60.0,59329.069352818755,59329.069352818755
71,NL0 7 nuclear,legacy,NL0 7,3,515.0,53935.51759344085,53935.51759344085
71,NL0 7 waste,legacy,NL0 7,3,39.0,53935.51759344085,53935.51759344085
71,NL0 8 biomass,legacy,NL0 8,1,36.0,59329.069352818755,59329.069352818755
71,NL0 8 waste,legacy,NL0 8,1,157.0,59329.069352818755,59329.069352818755
71,NL0 9 biomass,legacy,NL0 9,3,20.0,53935.51759344085,53935.51759344085
71,NL0 0 0 solar,legacy,NL0 0,1,0.0,59329.069352818755,59329.06935281868
71,NL0 1 0 solar,legacy,NL0 1,3,0.0,53935.51759344085,53935.517593440774
71,NL0 10 0 solar,legacy,NL0 10,1,0.0,59329.069352818755,59329.06935281868
71,NL0 11 0 solar,legacy,NL0 11,3,0.0,53935.51759344085,53935.517593440774
71,NL0 12 0 solar,legacy,NL0 12,2,0.0,48541.9658340839,48541.965834083836
71,NL0 13 0 solar,legacy,NL0 13,3,0.0,53935.51759344085,53935.517593440774
71,NL0 14 0 solar,legacy,NL0 14,2,0.0,48541.9658340839,48541.965834083836
71,NL0 15 0 solar,legacy,NL0 15,2,0.0,48541.9658340839,48541.965834083836
71,NL0 16 0 solar,legacy,NL0 16,1,0.0,59329.069352818755,59329.06935281868
71,NL0 17 0 solar,legacy,NL0 17,1,0.0,59329.069352818755,59329.06935281868
71,NL0 18 0 solar,legacy,NL0 18,1,0.0,59329.069352818755,59329.06935281868
71,NL0 19 0 solar,legacy,NL0 19,2,0.0,48541.9658340839,48541.965834083836
71,NL0 2 0 solar,legacy,NL0 2,2,0.0,48541.9658340839,48541.965834083836
71,NL0 20 0 solar,legacy,NL0 20,1,0.0,59329.069352818755,59329.06935281868
71,NL0 21 0 solar,legacy,NL0 21,1,0.0,59329.069352818755,59329.06935281868
71,NL0 22 0 solar,legacy,NL0 22,3,0.0,53935.51759344085,53935.517593440774
71,NL0 23 0 solar,legacy,NL0 23,1,0.0,59329.069352818755,59329.06935281868
71,NL0 24 0 solar,legacy,NL0 24,1,0.0,59329.069352818755,59329.06935281868
71,NL0 25 0 solar,legacy,NL0 25,2,0.0,48541.9658340839,48541.965834083836
71,NL0 26 0 solar,legacy,NL0 26,2,0.0,48541.9658340839,48541.965834083836
71,NL0 27 0 solar,legacy,NL0 27,1,0.0,59329.069352818755,59329.06935281868
71,NL0 28 0 solar,legacy,NL0 28,2,0.0,48541.9658340839,48541.965834083836
71,NL0 3 0 solar,legacy,NL0 3,1,0.0,59329.069352818755,59329.06935281868
71,NL0 30 0 solar,legacy,NL0 30,1,0.0,59329.069352818755,59329.06935281868
71,NL0 31 0 solar,legacy,NL0 31,2,0.0,48541.9658340839,48541.965834083836
71,NL0 4 0 solar,legacy,NL0 4,2,0.0,48541.9658340839,48541.965834083836
71,NL0 5 0 solar,legacy,NL0 5,3,0.0,53935.51759344085,53935.517593440774
71,NL0 6 0 solar,legacy,NL0 6,3,0.0,53935.51759344085,53935.517593440774
71,NL0 7 0 solar,legacy,NL0 7,3,0.0,53935.51759344085,53935.517593440774
71,NL0 8 0 solar,legacy,NL0 8,1,0.0,59329.069352818755,59329.06935281868
71,NL0 9 0 solar,legacy,NL0 9,3,0.0,53935.51759344085,53935.517593440774
71,NL0 20 0 offwind-ac,legacy,NL0 20,1,0.0,59329.069352818755,59329.06935281868
71,NL0 27 0 offwind-ac,legacy,NL0 27,1,0.0,59329.069352818755,59329.06935281868
71,NL0 31 0 offwind-ac,legacy,NL0 31,2,0.0,48541.9658340839,48541.965834083836
71,NL0 32 0 offwind-ac,legacy,NL0 32,1,0.0,59329.069352818755,59329.06935281868
71,NL0 7 0 offwind-ac,legacy,NL0 7,3,0.0,53935.51759344085,53935.517593440774
71,NL0 0 0 onwind,legacy,NL0 0,1,0.0,59329.069352818755,59329.06935281868
71,NL0 1 0 onwind,legacy,NL0 1,3,0.0,53935.51759344085,53935.517593440774
71,NL0 10 0 onwind,legacy,NL0 10,1,0.0,59329.069352818755,59329.06935281868
71,NL0 11 0 onwind,legacy,NL0 11,3,0.0,53935.51759344085,53935.517593440774
71,NL0 12 0 onwind,legacy,NL0 12,2,0.0,48541.9658340839,48541.965834083836
71,NL0 13 0 onwind,legacy,NL0 13,3,0.0,53935.51759344085,53935.517593440774
71,NL0 14 0 onwind,legacy,NL0 14,2,0.0,48541.9658340839,48541.965834083836
71,NL0 15 0 onwind,legacy,NL0 15,2,0.0,48541.9658340839,48541.965834083836
71,NL0 17 0 onwind,legacy,NL0 17,1,0.0,59329.069352818755,59329.06935281868
71,NL0 19 0 onwind,legacy,NL0 19,2,0.0,48541.9658340839,48541.965834083836
71,NL0 2 0 onwind,legacy,NL0 2,2,0.0,48541.9658340839,48541.965834083836
71,NL0 20 0 onwind,legacy,NL0 20,1,0.0,59329.069352818755,59329.06935281868
71,NL0 21 0 onwind,legacy,NL0 21,1,0.0,59329.069352818755,59329.06935281868
71,NL0 22 0 onwind,legacy,NL0 22,3,0.0,53935.51759344085,53935.517593440774
71,NL0 23 0 onwind,legacy,NL0 23,1,0.0,59329.069352818755,59329.06935281868
71,NL0 24 0 onwind,legacy,NL0 24,1,0.0,59329.069352818755,59329.06935281868
71,NL0 27 0 onwind,legacy,NL0 27,1,0.0,59329.069352818755,59329.06935281868
71,NL0 3 0 onwind,legacy,NL0 3,1,0.0,59329.069352818755,59329.06935281868
71,NL0 30 0 onwind,legacy,NL0 30,1,0.0,59329.069352818755,59329.06935281868
71,NL0 31 0 onwind,legacy,NL0 31,2,0.0,48541.9658340839,48541.965834083836
71,NL0 4 0 onwind,legacy,NL0 4,2,0.0,48541.9658340839,48541.965834083836
71,NL0 5 0 onwind,legacy,NL0 5,3,0.0,53935.51759344085,53935.517593440774
71,NL0 6 0 onwind,legacy,NL0 6,3,0.0,53935.51759344085,53935.517593440774
71,NL0 7 0 onwind,legacy,NL0 7,3,0.0,53935.51759344085,53935.517593440774
71,NL0 8 0 onwind,legacy,NL0 8,1,0.0,59329.069352818755,59329.06935281868
71,NL0 9 0 onwind,legacy,NL0 9,3,0.0,53935.51759344085,53935.517593440774
72,NL0 0 Invest,investable,NL0 0,1,0.0,59329.069352818755,59329.06935292875
72,NL0 1 Invest,investable,NL0 1,3,0.0,53935.51759344085,53935.51759357159
72,NL0 10 Invest,investable,NL0 10,1,0.0,59329.069352818755,59329.06935292875
72,NL0 11 Invest,investable,NL0 11,3,0.0,53935.51759344085,53935.51759357159
72,NL0 12 Invest,investable,NL0 12,2,0.0,48541.9658340839,48541.96583421443
72,NL0 13 Invest,investable,NL0 13,3,678.1047541590287,53935.51759344085,53935.51759357159
72,NL0 14 Invest,investable,NL0 14,2,0.0,48541.9658340839,48541.96583421443
72,NL0 15 Invest,investable,NL0 15,2,1000.0,48541.9658340839,48541.96583421443
72,NL0 16 Invest,investable,NL0 16,1,0.0,59329.069352818755,59329.06935292875
72,NL0 17 Invest,investable,NL0 17,1,1000.0,59329.069352818755,59329.06935292875
72,NL0 18 Invest,investable,NL0 18,1,1000.0,59329.069352818755,59329.06935292875
72,NL0 19 Invest,investable,NL0 19,2,421.30931852923914,48541.9658340839,48541.96583421443
72,NL0 2 Invest,investable,NL0 2,2,1000.0,48541.9658340839,48541.96583421443
72,NL0 20 Invest,investable,NL0 20,1,0.0,59329.069352818755,59329.06935292875
72,NL0 21 Invest,investable,NL0 21,1,1000.0,59329.069352818755,59329.06935292875
72,NL0 22 Invest,investable,NL0 22,3,1000.0,53935.51759344085,53935.51759357159
72,NL0 23 Invest,investable,NL0 23,1,601.5467025248663,59329.069352818755,59329.06935292875
72,NL0 24 Invest,investable,NL0 24,1,0.0,59329.069352818755,59329.06935292875
72,NL0 25 Invest,investable,NL0 25,2,0.0,48541.9658340839,48541.96583421443
72,NL0 26 Invest,investable,NL0 26,2,0.0,48541.9658340839,48541.96583421443
72,NL0 27 Invest,investable,NL0 27,1,1000.0,59329.069352818755,59329.06935292875
72,NL0 28 Invest,investable,NL0 28,2,0.0,48541.9658340839,48541.96583421443
72,NL0 3 Invest,investable,NL0 3,1,0.0,59329.069352818755,59329.06935292875
72,NL0 30 Invest,investable,NL0 30,1,1000.0,59329.069352818755,59329.06935292875
72,NL0 31 Invest,investable,NL0 31,2,0.0,48541.9658340839,48541.96583421443
72,NL0 33 Invest,investable,NL0 33,1,1000.0,59329.069352818755,59329.06935292875
72,NL0 4 Invest,investable,NL0 4,2,0.0,48541.9658340839,48541.96583421443
72,NL0 5 Invest,investable,NL0 5,3,1000.0,53935.51759344085,53935.51759357159
72,NL0 6 Invest,investable,NL0 6,3,1000.0,53935.51759344085,53935.51759357159
72,NL0 7 Invest,investable,NL0 7,3,1000.0,53935.51759344085,53935.51759357159
72,NL0 8 Invest,investable,NL0 8,1,0.0,59329.069352818755,59329.06935292875
72,NL0 9 Invest,investable,NL0 9,3,1000.0,53935.51759344085,53935.51759357159
72,NL0 1 biomass,legacy,NL0 1,3,71.0,53935.51759344085,53935.51759344085
72,NL0 1 waste,legacy,NL0 1,3,31.0,53935.51759344085,53935.51759344085
72,NL0 10 waste,legacy,NL0 10,1,150.0,59329.069352818755,59329.069352818755
72,NL0 11 biomass,legacy,NL0 11,3,20.0,53935.51759344085,53935.51759344085
72,NL0 11 waste,legacy,NL0 11,3,50.0,53935.51759344085,53935.51759344085
72,NL0 13 biomass,legacy,NL0 13,3,77.0,53935.51759344085,53935.51759344085
72,NL0 19 biomass,legacy,NL0 19,2,49.0,48541.9658340839,48541.9658340839
72,NL0 19 waste,legacy,NL0 19,2,36.0,48541.9658340839,48541.9658340839
72,NL0 22 biomass,legacy,NL0 22,3,500.0,53935.51759344085,53935.51759344085
72,NL0 25 waste,legacy,NL0 25,2,54.0,48541.9658340839,48541.9658340839
72,NL0 27 biomass,legacy,NL0 27,1,22.0,59329.069352818755,59329.069352818755
72,NL0 27 waste,legacy,NL0 27,1,71.2,59329.069352818755,59329.069352818755
72,NL0 3 biomass,legacy,NL0 3,1,22.0,59329.069352818755,59329.069352818755
72,NL0 3 waste,legacy,NL0 3,1,108.0,59329.069352818755,59329.069352818755
72,NL0 30 biomass,legacy,NL0 30,1,60.0,59329.069352818755,59329.069352818755
72,NL0 7 nuclear,legacy,NL0 7,3,515.0,53935.51759344085,53935.51759344085
72,NL0 7 waste,legacy,NL0 7,3,39.0,53935.51759344085,53935.51759344085
72,NL0 8 biomass,legacy,NL0 8,1,36.0,59329.069352818755,59329.069352818755
72,NL0 8 waste,legacy,NL0 8,1,157.0,59329.069352818755,59329.069352818755
72,NL0 9 biomass,legacy,NL0 9,3,20.0,53935.51759344085,53935.51759344085
72,NL0 0 0 solar,legacy,NL0 0,1,0.0,59329.069352818755,59329.06935281868
72,NL0 1 0 solar,legacy,NL0 1,3,0.0,53935.51759344085,53935.517593440774
72,NL0 10 0 solar,legacy,NL0 10,1,0.0,59329.069352818755,59329.06935281868
72,NL0 11 0 solar,legacy,NL0 11,3,0.0,53935.51759344085,53935.517593440774
72,NL0 12 0 solar,legacy,NL0 12,2,0.0,48541.9658340839,48541.965834083836
72,NL0 13 0 solar,legacy,NL0 13,3,0.0,53935.51759344085,53935.517593440774
72,NL0 14 0 solar,legacy,NL0 14,2,0.0,48541.9658340839,48541.965834083836
72,NL0 15 0 solar,legacy,NL0 15,2,0.0,48541.9658340839,48541.965834083836
72,NL0 16 0 solar,legacy,NL0 16,1,0.0,59329.069352818755,59329.06935281868
72,NL0 17 0 solar,legacy,NL0 17,1,0.0,59329.069352818755,59329.06935281868
72,NL0 18 0 solar,legacy,NL0 18,1,0.0,59329.069352818755,59329.06935281868
72,NL0 19 0 solar,legacy,NL0 19,2,0.0,48541.9658340839,48541.965834083836
72,NL0 2 0 solar,legacy,NL0 2,2,0.0,48541.9658340839,48541.965834083836
72,NL0 20 0 solar,legacy,NL0 20,1,0.0,59329.069352818755,59329.06935281868
72,NL0 21 0 solar,legacy,NL0 21,1,0.0,59329.069352818755,59329.06935281868
72,NL0 22 0 solar,legacy,NL0 22,3,0.0,53935.51759344085,53935.517593440774
72,NL0 23 0 solar,legacy,NL0 23,1,0.0,59329.069352818755,59329.06935281868
72,NL0 24 0 solar,legacy,NL0 24,1,0.0,59329.069352818755,59329.06935281868
72,NL0 25 0 solar,legacy,NL0 25,2,0.0,48541.9658340839,48541.965834083836
72,NL0 26 0 solar,legacy,NL0 26,2,0.0,48541.9658340839,48541.965834083836
72,NL0 27 0 solar,legacy,NL0 27,1,0.0,59329.069352818755,59329.06935281868
72,NL0 28 0 solar,legacy,NL0 28,2,0.0,48541.9658340839,48541.965834083836
72,NL0 3 0 solar,legacy,NL0 3,1,0.0,59329.069352818755,59329.06935281868
72,NL0 30 0 solar,legacy,NL0 30,1,0.0,59329.069352818755,59329.06935281868
72,NL0 31 0 solar,legacy,NL0 31,2,0.0,48541.9658340839,48541.965834083836
72,NL0 4 0 solar,legacy,NL0 4,2,0.0,48541.9658340839,48541.965834083836
72,NL0 5 0 solar,legacy,NL0 5,3,0.0,53935.51759344085,53935.517593440774
72,NL0 6 0 solar,legacy,NL0 6,3,0.0,53935.51759344085,53935.517593440774
72,NL0 7 0 solar,legacy,NL0 7,3,0.0,53935.51759344085,53935.517593440774
72,NL0 8 0 solar,legacy,NL0 8,1,0.0,59329.069352818755,59329.06935281868
72,NL0 9 0 solar,legacy,NL0 9,3,0.0,53935.51759344085,53935.517593440774
72,NL0 20 0 offwind-ac,legacy,NL0 20,1,0.0,59329.069352818755,59329.06935281868
72,NL0 27 0 offwind-ac,legacy,NL0 27,1,0.0,59329.069352818755,59329.06935281868
72,NL0 31 0 offwind-ac,legacy,NL0 31,2,0.0,48541.9658340839,48541.965834083836
72,NL0 32 0 offwind-ac,legacy,NL0 32,1,0.0,59329.069352818755,59329.06935281868
72,NL0 7 0 offwind-ac,legacy,NL0 7,3,0.0,53935.51759344085,53935.517593440774
72,NL0 0 0 onwind,legacy,NL0 0,1,0.0,59329.069352818755,59329.06935281868
72,NL0 1 0 onwind,legacy,NL0 1,3,0.0,53935.51759344085,53935.517593440774
72,NL0 10 0 onwind,legacy,NL0 10,1,0.0,59329.069352818755,59329.06935281868
72,NL0 11 0 onwind,legacy,NL0 11,3,0.0,53935.51759344085,53935.517593440774
72,NL0 12 0 onwind,legacy,NL0 12,2,0.0,48541.9658340839,48541.965834083836
72,NL0 13 0 onwind,legacy,NL0 13,3,0.0,53935.51759344085,53935.517593440774
72,NL0 14 0 onwind,legacy,NL0 14,2,0.0,48541.9658340839,48541.965834083836
72,NL0 15 0 onwind,legacy,NL0 15,2,0.0,48541.9658340839,48541.965834083836
72,NL0 17 0 onwind,legacy,NL0 17,1,0.0,59329.069352818755,59329.06935281868
72,NL0 19 0 onwind,legacy,NL0 19,2,0.0,48541.9658340839,48541.965834083836
72,NL0 2 0 onwind,legacy,NL0 2,2,0.0,48541.9658340839,48541.965834083836
72,NL0 20 0 onwind,legacy,NL0 20,1,0.0,59329.069352818755,59329.06935281868
72,NL0 21 0 onwind,legacy,NL0 21,1,0.0,59329.069352818755,59329.06935281868
72,NL0 22 0 onwind,legacy,NL0 22,3,0.0,53935.51759344085,53935.517593440774
72,NL0 23 0 onwind,legacy,NL0 23,1,0.0,59329.069352818755,59329.06935281868
72,NL0 24 0 onwind,legacy,NL0 24,1,0.0,59329.069352818755,59329.06935281868
72,NL0 27 0 onwind,legacy,NL0 27,1,0.0,59329.069352818755,59329.06935281868
72,NL0 3 0 onwind,legacy,NL0 3,1,0.0,59329.069352818755,59329.06935281868
72,NL0 30 0 onwind,legacy,NL0 30,1,0.0,59329.069352818755,59329.06935281868
72,NL0 31 0 onwind,legacy,NL0 31,2,0.0,48541.9658340839,48541.965834083836
72,NL0 4 0 onwind,legacy,NL0 4,2,0.0,48541.9658340839,48541.965834083836
72,NL0 5 0 onwind,legacy,NL0 5,3,0.0,53935.51759344085,53935.517593440774
72,NL0 6 0 onwind,legacy,NL0 6,3,0.0,53935.51759344085,53935.517593440774
72,NL0 7 0 onwind,legacy,NL0 7,3,0.0,53935.51759344085,53935.517593440774
72,NL0 8 0 onwind,legacy,NL0 8,1,0.0,59329.069352818755,59329.06935281868
72,NL0 9 0 onwind,legacy,NL0 9,3,0.0,53935.51759344085,53935.517593440774
73,NL0 0 Invest,investable,NL0 0,1,0.0,59329.069352818755,59329.06935292875
73,NL0 1 Invest,investable,NL0 1,3,1000.0,53935.51759344085,53935.51759357159
73,NL0 10 Invest,investable,NL0 10,1,0.0,59329.069352818755,59329.06935292875
73,NL0 11 Invest,investable,NL0 11,3,1000.0,53935.51759344085,53935.51759357159
73,NL0 12 Invest,investable,NL0 12,2,0.0,48541.9658340839,48541.96583421443
73,NL0 13 Invest,investable,NL0 13,3,1000.0,53935.51759344085,53935.51759357159
73,NL0 14 Invest,investable,NL0 14,2,421.30931852923914,48541.9658340839,48541.96583421443
73,NL0 15 Invest,investable,NL0 15,2,0.0,48541.9658340839,48541.96583421443
73,NL0 16 Invest,investable,NL0 16,1,1000.0,59329.069352818755,59329.06935292875
73,NL0 17 Invest,investable,NL0 17,1,0.0,59329.069352818755,59329.06935292875
73,NL0 18 Invest,investable,NL0 18,1,601.5467025248663,59329.069352818755,59329.06935292875
73,NL0 19 Invest,investable,NL0 19,2,0.0,48541.9658340839,48541.96583421443
73,NL0 2 Invest,investable,NL0 2,2,0.0,48541.9658340839,48541.96583421443
73,NL0 20 Invest,investable,NL0 20,1,0.0,59329.069352818755,59329.06935292875
73,NL0 21 Invest,investable,NL0 21,1,0.0,59329.069352818755,59329.06935292875
73,NL0 22 Invest,investable,NL0 22,3,0.0,53935.51759344085,53935.51759357159
73,NL0 23 Invest,investable,NL0 23,1,1000.0,59329.069352818755,59329.06935292875
73,NL0 24 Invest,investable,NL0 24,1,0.0,59329.069352818755,59329.06935292875
73,NL0 25 Invest,investable,NL0 25,2,0.0,48541.9658340839,48541.96583421443
73,NL0 26 Invest,investable,NL0 26,2,1000.0,48541.9658340839,48541.96583421443
73,NL0 27 Invest,investable,NL0 27,1,0.0,59329.069352818755,59329.06935292875
73,NL0 28 Invest,investable,NL0 28,2,0.0,48541.9658340839,48541.96583421443
73,NL0 3 Invest,investable,NL0 3,1,1000.0,59329.069352818755,59329.06935292875
73,NL0 30 Invest,investable,NL0 30,1,1000.0,59329.069352818755,59329.06935292875
73,NL0 31 Invest,investable,NL0 31,2,0.0,48541.9658340839,48541.96583421443
73,NL0 33 Invest,investable,NL0 33,1,1000.0,59329.069352818755,59329.06935292875
73,NL0 4 Invest,investable,NL0 4,2,1000.0,48541.9658340839,48541.96583421443
73,NL0 5 Invest,investable,NL0 5,3,678.1047541590287,53935.51759344085,53935.51759357159
73,NL0 6 Invest,investable,NL0 6,3,1000.0,53935.51759344085,53935.51759357159
73,NL0 7 Invest,investable,NL0 7,3,0.0,53935.51759344085,53935.51759357159
73,NL0 8 Invest,investable,NL0 8,1,1000.0,59329.069352818755,59329.06935292875
73,NL0 9 Invest,investable,NL0 9,3,1000.0,53935.51759344085,53935.51759357159
73,NL0 1 biomass,legacy,NL0 1,3,71.0,53935.51759344085,53935.51759344085
73,NL0 1 waste,legacy,NL0 1,3,31.0,53935.51759344085,53935.51759344085
73,NL0 10 waste,legacy,NL0 10,1,150.0,59329.069352818755,59329.069352818755
73,NL0 11 biomass,legacy,NL0 11,3,20.0,53935.51759344085,53935.51759344085
73,NL0 11 waste,legacy,NL0 11,3,50.0,53935.51759344085,53935.51759344085
73,NL0 13 biomass,legacy,NL0 13,3,77.0,53935.51759344085,53935.51759344085
73,NL0 19 biomass,legacy,NL0 19,2,49.0,48541.9658340839,48541.9658340839
73,NL0 19 waste,legacy,NL0 19,2,36.0,48541.9658340839,48541.9658340839
73,NL0 22 biomass,legacy,NL0 22,3,500.0,53935.51759344085,53935.51759344085
73,NL0 25 waste,legacy,NL0 25,2,54.0,48541.9658340839,48541.9658340839
73,NL0 27 biomass,legacy,NL0 27,1,22.0,59329.069352818755,59329.069352818755
73,NL0 27 waste,legacy,NL0 27,1,71.2,59329.069352818755,59329.069352818755
73,NL0 3 biomass,legacy,NL0 3,1,22.0,59329.069352818755,59329.069352818755
73,NL0 3 waste,legacy,NL0 3,1,108.0,59329.069352818755,59329.069352818755
73,NL0 30 biomass,legacy,NL0 30,1,60.0,59329.069352818755,59329.069352818755
73,NL0 7 nuclear,legacy,NL0 7,3,515.0,53935.51759344085,53935.51759344085
73,NL0 7 waste,legacy,NL0 7,3,39.0,53935.51759344085,53935.51759344085
73,NL0 8 biomass,legacy,NL0 8,1,36.0,59329.069352818755,59329.069352818755
73,NL0 8 waste,legacy,NL0 8,1,157.0,59329.069352818755,59329.069352818755
73,NL0 9 biomass,legacy,NL0 9,3,20.0,53935.51759344085,53935.51759344085
73,NL0 0 0 solar,legacy,NL0 0,1,0.0,59329.069352818755,59329.06935281868
73,NL0 1 0 solar,legacy,NL0 1,3,0.0,53935.51759344085,53935.517593440774
73,NL0 10 0 solar,legacy,NL0 10,1,0.0,59329.069352818755,59329.06935281868
73,NL0 11 0 solar,legacy,NL0 11,3,0.0,53935.51759344085,53935.517593440774
73,NL0 12 0 solar,legacy,NL0 12,2,0.0,48541.9658340839,48541.965834083836
73,NL0 13 0 solar,legacy,NL0 13,3,0.0,53935.51759344085,53935.517593440774
73,NL0 14 0 solar,legacy,NL0 14,2,0.0,48541.9658340839,48541.965834083836
73,NL0 15 0 solar,legacy,NL0 15,2,0.0,48541.9658340839,48541.965834083836
73,NL0 16 0 solar,legacy,NL0 16,1,0.0,59329.069352818755,59329.06935281868
73,NL0 17 0 solar,legacy,NL0 17,1,0.0,59329.069352818755,59329.06935281868
73,NL0 18 0 solar,legacy,NL0 18,1,0.0,59329.069352818755,59329.06935281868
73,NL0 19 0 solar,legacy,NL0 19,2,0.0,48541.9658340839,48541.965834083836
73,NL0 2 0 solar,legacy,NL0 2,2,0.0,48541.9658340839,48541.965834083836
73,NL0 20 0 solar,legacy,NL0 20,1,0.0,59329.069352818755,59329.06935281868
73,NL0 21 0 solar,legacy,NL0 21,1,0.0,59329.069352818755,59329.06935281868
73,NL0 22 0 solar,legacy,NL0 22,3,0.0,53935.51759344085,53935.517593440774
73,NL0 23 0 solar,legacy,NL0 23,1,0.0,59329.069352818755,59329.06935281868
73,NL0 24 0 solar,legacy,NL0 24,1,0.0,59329.069352818755,59329.06935281868
73,NL0 25 0 solar,legacy,NL0 25,2,0.0,48541.9658340839,48541.965834083836
73,NL0 26 0 solar,legacy,NL0 26,2,0.0,48541.9658340839,48541.965834083836
73,NL0 27 0 solar,legacy,NL0 27,1,0.0,59329.069352818755,59329.06935281868
73,NL0 28 0 solar,legacy,NL0 28,2,0.0,48541.9658340839,48541.965834083836
73,NL0 3 0 solar,legacy,NL0 3,1,0.0,59329.069352818755,59329.06935281868
73,NL0 30 0 solar,legacy,NL0 30,1,0.0,59329.069352818755,59329.06935281868
73,NL0 31 0 solar,legacy,NL0 31,2,0.0,48541.9658340839,48541.965834083836
73,NL0 4 0 solar,legacy,NL0 4,2,0.0,48541.9658340839,48541.965834083836
73,NL0 5 0 solar,legacy,NL0 5,3,0.0,53935.51759344085,53935.517593440774
73,NL0 6 0 solar,legacy,NL0 6,3,0.0,53935.51759344085,53935.517593440774
73,NL0 7 0 solar,legacy,NL0 7,3,0.0,53935.51759344085,53935.517593440774
73,NL0 8 0 solar,legacy,NL0 8,1,0.0,59329.069352818755,59329.06935281868
73,NL0 9 0 solar,legacy,NL0 9,3,0.0,53935.51759344085,53935.517593440774
73,NL0 20 0 offwind-ac,legacy,NL0 20,1,0.0,59329.069352818755,59329.06935281868
73,NL0 27 0 offwind-ac,legacy,NL0 27,1,0.0,59329.069352818755,59329.06935281868
73,NL0 31 0 offwind-ac,legacy,NL0 31,2,0.0,48541.9658340839,48541.965834083836
73,NL0 32 0 offwind-ac,legacy,NL0 32,1,0.0,59329.069352818755,59329.06935281868
73,NL0 7 0 offwind-ac,legacy,NL0 7,3,0.0,53935.51759344085,53935.517593440774
73,NL0 0 0 onwind,legacy,NL0 0,1,0.0,59329.069352818755,59329.06935281868
73,NL0 1 0 onwind,legacy,NL0 1,3,0.0,53935.51759344085,53935.517593440774
73,NL0 10 0 onwind,legacy,NL0 10,1,0.0,59329.069352818755,59329.06935281868
73,NL0 11 0 onwind,legacy,NL0 11,3,0.0,53935.51759344085,53935.517593440774
73,NL0 12 0 onwind,legacy,NL0 12,2,0.0,48541.9658340839,48541.965834083836
73,NL0 13 0 onwind,legacy,NL0 13,3,0.0,53935.51759344085,53935.517593440774
73,NL0 14 0 onwind,legacy,NL0 14,2,0.0,48541.9658340839,48541.965834083836
73,NL0 15 0 onwind,legacy,NL0 15,2,0.0,48541.9658340839,48541.965834083836
73,NL0 17 0 onwind,legacy,NL0 17,1,0.0,59329.069352818755,59329.06935281868
73,NL0 19 0 onwind,legacy,NL0 19,2,0.0,48541.9658340839,48541.965834083836
73,NL0 2 0 onwind,legacy,NL0 2,2,0.0,48541.9658340839,48541.965834083836
73,NL0 20 0 onwind,legacy,NL0 20,1,0.0,59329.069352818755,59329.06935281868
73,NL0 21 0 onwind,legacy,NL0 21,1,0.0,59329.069352818755,59329.06935281868
73,NL0 22 0 onwind,legacy,NL0 22,3,0.0,53935.51759344085,53935.517593440774
73,NL0 23 0 onwind,legacy,NL0 23,1,0.0,59329.069352818755,59329.06935281868
73,NL0 24 0 onwind,legacy,NL0 24,1,0.0,59329.069352818755,59329.06935281868
73,NL0 27 0 onwind,legacy,NL0 27,1,0.0,59329.069352818755,59329.06935281868
73,NL0 3 0 onwind,legacy,NL0 3,1,0.0,59329.069352818755,59329.06935281868
73,NL0 30 0 onwind,legacy,NL0 30,1,0.0,59329.069352818755,59329.06935281868
73,NL0 31 0 onwind,legacy,NL0 31,2,0.0,48541.9658340839,48541.965834083836
73,NL0 4 0 onwind,legacy,NL0 4,2,0.0,48541.9658340839,48541.965834083836
73,NL0 5 0 onwind,legacy,NL0 5,3,0.0,53935.51759344085,53935.517593440774
73,NL0 6 0 onwind,legacy,NL0 6,3,0.0,53935.51759344085,53935.517593440774
73,NL0 7 0 onwind,legacy,NL0 7,3,0.0,53935.51759344085,53935.517593440774
73,NL0 8 0 onwind,legacy,NL0 8,1,0.0,59329.069352818755,59329.06935281868
73,NL0 9 0 onwind,legacy,NL0 9,3,0.0,53935.51759344085,53935.517593440774
74,NL0 0 Invest,investable,NL0 0,1,1000.0,59329.069352818755,59329.06935292875
74,NL0 1 Invest,investable,NL0 1,3,0.0,53935.51759344085,53935.51759357159
74,NL0 10 Invest,investable,NL0 10,1,1000.0,59329.069352818755,59329.06935292875
74,NL0 11 Invest,investable,NL0 11,3,0.0,53935.51759344085,53935.51759357159
74,NL0 12 Invest,investable,NL0 12,2,0.0,48541.9658340839,48541.96583421443
74,NL0 13 Invest,investable,NL0 13,3,678.1047541590287,53935.51759344085,53935.51759357159
74,NL0 14 Invest,investable,NL0 14,2,0.0,48541.9658340839,48541.96583421443
74,NL0 15 Invest,investable,NL0 15,2,1000.0,48541.9658340839,48541.96583421443
74,NL0 16 Invest,investable,NL0 16,1,0.0,59329.069352818755,59329.06935292875
74,NL0 17 Invest,investable,NL0 17,1,1000.0,59329.069352818755,59329.06935292875
74,NL0 18 Invest,investable,NL0 18,1,0.0,59329.069352818755,59329.06935292875
74,NL0 19 Invest,investable,NL0 19,2,421.30931852923914,48541.9658340839,48541.96583421443
74,NL0 2 Invest,investable,NL0 2,2,1000.0,48541.9658340839,48541.96583421443
74,NL0 20 Invest,investable,NL0 20,1,1000.0,59329.069352818755,59329.06935292875
74,NL0 21 Invest,investable,NL0 21,1,601.5467025248663,59329.069352818755,59329.06935292875
74,NL0 22 Invest,investable,NL0 22,3,1000.0,53935.51759344085,53935.51759357159
74,NL0 23 Invest,investable,NL0 23,1,0.0,59329.069352818755,59329.06935292875
74,NL0 24 Invest,investable,NL0 24,1,1000.0,59329.069352818755,59329.06935292875
74,NL0 25 Invest,investable,NL0 25,2,0.0,48541.9658340839,48541.96583421443
74,NL0 26 Invest,investable,NL0 26,2,0.0,48541.9658340839,48541.96583421443
74,NL0 27 Invest,investable,NL0 27,1,1000.0,59329.069352818755,59329.06935292875
74,NL0 28 Invest,investable,NL0 28,2,0.0,48541.9658340839,48541.96583421443
74,NL0 3 Invest,investable,NL0 3,1,0.0,59329.069352818755,59329.06935292875
74,NL0 30 Invest,investable,NL0 30,1,0.0,59329.069352818755,59329.06935292875
74,NL0 31 Invest,investable,NL0 31,2,0.0,48541.9658340839,48541.96583421443
74,NL0 33 Invest,investable,NL0 33,1,0.0,59329.069352818755,59329.06935292875
74,NL0 4 Invest,investable,NL0 4,2,0.0,48541.9658340839,48541.96583421443
74,NL0 5 Invest,investable,NL0 5,3,1000.0,53935.51759344085,53935.51759357159
74,NL0 6 Invest,investable,NL0 6,3,1000.0,53935.51759344085,53935.51759357159
74,NL0 7 Invest,investable,NL0 7,3,1000.0,53935.51759344085,53935.51759357159
74,NL0 8 Invest,investable,NL0 8,1,0.0,59329.069352818755,59329.06935292875
74,NL0 9 Invest,investable,NL0 9,3,1000.0,53935.51759344085,53935.51759357159
74,NL0 1 biomass,legacy,NL0 1,3,71.0,53935.51759344085,53935.51759344085
74,NL0 1 waste,legacy,NL0 1,3,31.0,53935.51759344085,53935.51759344085
74,NL0 10 waste,legacy,NL0 10,1,150.0,59329.069352818755,59329.069352818755
74,NL0 11 biomass,legacy,NL0 11,3,20.0,53935.51759344085,53935.51759344085
74,NL0 11 waste,legacy,NL0 11,3,50.0,53935.51759344085,53935.51759344085
74,NL0 13 biomass,legacy,NL0 13,3,77.0,53935.51759344085,53935.51759344085
74,NL0 19 biomass,legacy,NL0 19,2,49.0,48541.9658340839,48541.9658340839
74,NL0 19 waste,legacy,NL0 19,2,36.0,48541.9658340839,48541.9658340839
74,NL0 22 biomass,legacy,NL0 22,3,500.0,53935.51759344085,53935.51759344085
74,NL0 25 waste,legacy,NL0 25,2,54.0,48541.9658340839,48541.9658340839
74,NL0 27 biomass,legacy,NL0 27,1,22.0,59329.069352818755,59329.069352818755
74,NL0 27 waste,legacy,NL0 27,1,71.2,59329.069352818755,59329.069352818755
74,NL0 3 biomass,legacy,NL0 3,1,22.0,59329.069352818755,59329.069352818755
74,NL0 3 waste,legacy,NL0 3,1,108.0,59329.069352818755,59329.069352818755
74,NL0 30 biomass,legacy,NL0 30,1,60.0,59329.069352818755,59329.069352818755
74,NL0 7 nuclear,legacy,NL0 7,3,515.0,53935.51759344085,53935.51759344085
74,NL0 7 waste,legacy,NL0 7,3,39.0,53935.51759344085,53935.51759344085
74,NL0 8 biomass,legacy,NL0 8,1,36.0,59329.069352818755,59329.069352818755
74,NL0 8 waste,legacy,NL0 8,1,157.0,59329.069352818755,59329.069352818755
74,NL0 9 biomass,legacy,NL0 9,3,20.0,53935.51759344085,53935.51759344085
74,NL0 0 0 solar,legacy,NL0 0,1,0.0,59329.069352818755,59329.06935281868
74,NL0 1 0 solar,legacy,NL0 1,3,0.0,53935.51759344085,53935.517593440774
74,NL0 10 0 solar,legacy,NL0 10,1,0.0,59329.069352818755,59329.06935281868
74,NL0 11 0 solar,legacy,NL0 11,3,0.0,53935.51759344085,53935.517593440774
74,NL0 12 0 solar,legacy,NL0 12,2,0.0,48541.9658340839,48541.965834083836
74,NL0 13 0 solar,legacy,NL0 13,3,0.0,53935.51759344085,53935.517593440774
74,NL0 14 0 solar,legacy,NL0 14,2,0.0,48541.9658340839,48541.965834083836
74,NL0 15 0 solar,legacy,NL0 15,2,0.0,48541.9658340839,48541.965834083836
74,NL0 16 0 solar,legacy,NL0 16,1,0.0,59329.069352818755,59329.06935281868
74,NL0 17 0 solar,legacy,NL0 17,1,0.0,59329.069352818755,59329.06935281868
74,NL0 18 0 solar,legacy,NL0 18,1,0.0,59329.069352818755,59329.06935281868
74,NL0 19 0 solar,legacy,NL0 19,2,0.0,48541.9658340839,48541.965834083836
74,NL0 2 0 solar,legacy,NL0 2,2,0.0,48541.9658340839,48541.965834083836
74,NL0 20 0 solar,legacy,NL0 20,1,0.0,59329.069352818755,59329.06935281868
74,NL0 21 0 solar,legacy,NL0 21,1,0.0,59329.069352818755,59329.06935281868
74,NL0 22 0 solar,legacy,NL0 22,3,0.0,53935.51759344085,53935.517593440774
74,NL0 23 0 solar,legacy,NL0 23,1,0.0,59329.069352818755,59329.06935281868
74,NL0 24 0 solar,legacy,NL0 24,1,0.0,59329.069352818755,59329.06935281868
74,NL0 25 0 solar,legacy,NL0 25,2,0.0,48541.9658340839,48541.965834083836
74,NL0 26 0 solar,legacy,NL0 26,2,0.0,48541.9658340839,48541.965834083836
74,NL0 27 0 solar,legacy,NL0 27,1,0.0,59329.069352818755,59329.06935281868
74,NL0 28 0 solar,legacy,NL0 28,2,0.0,48541.9658340839,48541.965834083836
74,NL0 3 0 solar,legacy,NL0 3,1,0.0,59329.069352818755,59329.06935281868
74,NL0 30 0 solar,legacy,NL0 30,1,0.0,59329.069352818755,59329.06935281868
74,NL0 31 0 solar,legacy,NL0 31,2,0.0,48541.9658340839,48541.965834083836
74,NL0 4 0 solar,legacy,NL0 4,2,0.0,48541.9658340839,48541.965834083836
74,NL0 5 0 solar,legacy,NL0 5,3,0.0,53935.51759344085,53935.517593440774
74,NL0 6 0 solar,legacy,NL0 6,3,0.0,53935.51759344085,53935.517593440774
74,NL0 7 0 solar,legacy,NL0 7,3,0.0,53935.51759344085,53935.517593440774
74,NL0 8 0 solar,legacy,NL0 8,1,0.0,59329.069352818755,59329.06935281868
74,NL0 9 0 solar,legacy,NL0 9,3,0.0,53935.51759344085,53935.517593440774
74,NL0 20 0 offwind-ac,legacy,NL0 20,1,0.0,59329.069352818755,59329.06935281868
74,NL0 27 0 offwind-ac,legacy,NL0 27,1,0.0,59329.069352818755,59329.06935281868
74,NL0 31 0 offwind-ac,legacy,NL0 31,2,0.0,48541.9658340839,48541.965834083836
74,NL0 32 0 offwind-ac,legacy,NL0 32,1,0.0,59329.069352818755,59329.06935281868
74,NL0 7 0 offwind-ac,legacy,NL0 7,3,0.0,53935.51759344085,53935.517593440774
74,NL0 0 0 onwind,legacy,NL0 0,1,0.0,59329.069352818755,59329.06935281868
74,NL0 1 0 onwind,legacy,NL0 1,3,0.0,53935.51759344085,53935.517593440774
74,NL0 10 0 onwind,legacy,NL0 10,1,0.0,59329.069352818755,59329.06935281868
74,NL0 11 0 onwind,legacy,NL0 11,3,0.0,53935.51759344085,53935.517593440774
74,NL0 12 0 onwind,legacy,NL0 12,2,0.0,48541.9658340839,48541.965834083836
74,NL0 13 0 onwind,legacy,NL0 13,3,0.0,53935.51759344085,53935.517593440774
74,NL0 14 0 onwind,legacy,NL0 14,2,0.0,48541.9658340839,48541.965834083836
74,NL0 15 0 onwind,legacy,NL0 15,2,0.0,48541.9658340839,48541.965834083836
74,NL0 17 0 onwind,legacy,NL0 17,1,0.0,59329.069352818755,59329.06935281868
74,NL0 19 0 onwind,legacy,NL0 19,2,0.0,48541.9658340839,48541.965834083836
74,NL0 2 0 onwind,legacy,NL0 2,2,0.0,48541.9658340839,48541.965834083836
74,NL0 20 0 onwind,legacy,NL0 20,1,0.0,59329.069352818755,59329.06935281868
74,NL0 21 0 onwind,legacy,NL0 21,1,0.0,59329.069352818755,59329.06935281868
74,NL0 22 0 onwind,legacy,NL0 22,3,0.0,53935.51759344085,53935.517593440774
74,NL0 23 0 onwind,legacy,NL0 23,1,0.0,59329.069352818755,59329.06935281868
74,NL0 24 0 onwind,legacy,NL0 24,1,0.0,59329.069352818755,59329.06935281868
74,NL0 27 0 onwind,legacy,NL0 27,1,0.0,59329.069352818755,59329.06935281868
74,NL0 3 0 onwind,legacy,NL0 3,1,0.0,59329.069352818755,59329.06935281868
74,NL0 30 0 onwind,legacy,NL0 30,1,0.0,59329.069352818755,59329.06935281868
74,NL0 31 0 onwind,legacy,NL0 31,2,0.0,48541.9658340839,48541.965834083836
74,NL0 4 0 onwind,legacy,NL0 4,2,0.0,48541.9658340839,48541.965834083836
74,NL0 5 0 onwind,legacy,NL0 5,3,0.0,53935.51759344085,53935.517593440774
74,NL0 6 0 onwind,legacy,NL0 6,3,0.0,53935.51759344085,53935.517593440774
74,NL0 7 0 onwind,legacy,NL0 7,3,0.0,53935.51759344085,53935.517593440774
74,NL0 8 0 onwind,legacy,NL0 8,1,0.0,59329.069352818755,59329.06935281868
74,NL0 9 0 onwind,legacy,NL0 9,3,0.0,53935.51759344085,53935.517593440774
75,NL0 0 Invest,investable,NL0 0,1,1000.0,59329.069352818755,59329.06935292875
75,NL0 1 Invest,investable,NL0 1,3,0.0,53935.51759344085,53935.51759357159
75,NL0 10 Invest,investable,NL0 10,1,1000.0,59329.069352818755,59329.06935292875
75,NL0 11 Invest,investable,NL0 11,3,0.0,53935.51759344085,53935.51759357159
75,NL0 12 Invest,investable,NL0 12,2,1000.0,48541.9658340839,48541.96583421443
75,NL0 13 Invest,investable,NL0 13,3,678.1047541590287,53935.51759344085,53935.51759357159
75,NL0 14 Invest,investable,NL0 14,2,0.0,48541.9658340839,48541.96583421443
75,NL0 15 Invest,investable,NL0 15,2,0.0,48541.9658340839,48541.96583421443
75,NL0 16 Invest,investable,NL0 16,1,0.0,59329.069352818755,59329.06935292875
75,NL0 17 Invest,investable,NL0 17,1,1000.0,59329.069352818755,59329.06935292875
75,NL0 18 Invest,investable,NL0 18,1,0.0,59329.069352818755,59329.06935292875
75,NL0 19 Invest,investable,NL0 19,2,0.0,48541.9658340839,48541.96583421443
75,NL0 2 Invest,investable,NL0 2,2,0.0,48541.9658340839,48541.96583421443
75,NL0 20 Invest,investable,NL0 20,1,1000.0,59329.069352818755,59329.06935292875
75,NL0 21 Invest,investable,NL0 21,1,601.5467025248663,59329.069352818755,59329.06935292875
75,NL0 22 Invest,investable,NL0 22,3,1000.0,53935.51759344085,53935.51759357159
75,NL0 23 Invest,investable,NL0 23,1,0.0,59329.069352818755,59329.06935292875
75,NL0 24 Invest,investable,NL0 24,1,1000.0,59329.069352818755,59329.06935292875
75,NL0 25 Invest,investable,NL0 25,2,0.0,48541.9658340839,48541.96583421443
75,NL0 26 Invest,investable,NL0 26,2,0.0,48541.9658340839,48541.96583421443
75,NL0 27 Invest,investable,NL0 27,1,1000.0,59329.069352818755,59329.06935292875
75,NL0 28 Invest,investable,NL0 28,2,1000.0,48541.9658340839,48541.96583421443
75,NL0 3 Invest,investable,NL0 3,1,0.0,59329.069352818755,59329.06935292875
75,NL0 30 Invest,investable,NL0 30,1,0.0,59329.069352818755,59329.06935292875
75,NL0 31 Invest,investable,NL0 31,2,421.30931852923914,48541.9658340839,48541.96583421443
75,NL0 33 Invest,investable,NL0 33,1,0.0,59329.069352818755,59329.06935292875
75,NL0 4 Invest,investable,NL0 4,2,0.0,48541.9658340839,48541.96583421443
75,NL0 5 Invest,investable,NL0 5,3,1000.0,53935.51759344085,53935.51759357159
75,NL0 6 Invest,investable,NL0 6,3,1000.0,53935.51759344085,53935.51759357159
75,NL0 7 Invest,investable,NL0 7,3,1000.0,53935.51759344085,53935.51759357159
75,NL0 8 Invest,investable,NL0 8,1,0.0,59329.069352818755,59329.06935292875
75,NL0 9 Invest,investable,NL0 9,3,1000.0,53935.51759344085,53935.51759357159
75,NL0 1 biomass,legacy,NL0 1,3,71.0,53935.51759344085,53935.51759344085
75,NL0 1 waste,legacy,NL0 1,3,31.0,53935.51759344085,53935.51759344085
75,NL0 10 waste,legacy,NL0 10,1,150.0,59329.069352818755,59329.069352818755
75,NL0 11 biomass,legacy,NL0 11,3,20.0,53935.51759344085,53935.51759344085
75,NL0 11 waste,legacy,NL0 11,3,50.0,53935.51759344085,53935.51759344085
75,NL0 13 biomass,legacy,NL0 13,3,77.0,53935.51759344085,53935.51759344085
75,NL0 19 biomass,legacy,NL0 19,2,49.0,48541.9658340839,48541.9658340839
75,NL0 19 waste,legacy,NL0 19,2,36.0,48541.9658340839,48541.9658340839
75,NL0 22 biomass,legacy,NL0 22,3,500.0,53935.51759344085,53935.51759344085
75,NL0 25 waste,legacy,NL0 25,2,54.0,48541.9658340839,48541.9658340839
75,NL0 27 biomass,legacy,NL0 27,1,22.0,59329.069352818755,59329.069352818755
75,NL0 27 waste,legacy,NL0 27,1,71.2,59329.069352818755,59329.069352818755
75,NL0 3 biomass,legacy,NL0 3,1,22.0,59329.069352818755,59329.069352818755
75,NL0 3 waste,legacy,NL0 3,1,108.0,59329.069352818755,59329.069352818755
75,NL0 30 biomass,legacy,NL0 30,1,60.0,59329.069352818755,59329.069352818755
75,NL0 7 nuclear,legacy,NL0 7,3,515.0,53935.51759344085,53935.51759344085
75,NL0 7 waste,legacy,NL0 7,3,39.0,53935.51759344085,53935.51759344085
75,NL0 8 biomass,legacy,NL0 8,1,36.0,59329.069352818755,59329.069352818755
75,NL0 8 waste,legacy,NL0 8,1,157.0,59329.069352818755,59329.069352818755
75,NL0 9 biomass,legacy,NL0 9,3,20.0,53935.51759344085,53935.51759344085
75,NL0 0 0 solar,legacy,NL0 0,1,0.0,59329.069352818755,59329.06935281868
75,NL0 1 0 solar,legacy,NL0 1,3,0.0,53935.51759344085,53935.517593440774
75,NL0 10 0 solar,legacy,NL0 10,1,0.0,59329.069352818755,59329.06935281868
75,NL0 11 0 solar,legacy,NL0 11,3,0.0,53935.51759344085,53935.517593440774
75,NL0 12 0 solar,legacy,NL0 12,2,0.0,48541.9658340839,48541.965834083836
75,NL0 13 0 solar,legacy,NL0 13,3,0.0,53935.51759344085,53935.517593440774
75,NL0 14 0 solar,legacy,NL0 14,2,0.0,48541.9658340839,48541.965834083836
75,NL0 15 0 solar,legacy,NL0 15,2,0.0,48541.9658340839,48541.965834083836
75,NL0 16 0 solar,legacy,NL0 16,1,0.0,59329.069352818755,59329.06935281868
75,NL0 17 0 solar,legacy,NL0 17,1,0.0,59329.069352818755,59329.06935281868
75,NL0 18 0 solar,legacy,NL0 18,1,0.0,59329.069352818755,59329.06935281868
75,NL0 19 0 solar,legacy,NL0 19,2,0.0,48541.9658340839,48541.965834083836
75,NL0 2 0 solar,legacy,NL0 2,2,0.0,48541.9658340839,48541.965834083836
75,NL0 20 0 solar,legacy,NL0 20,1,0.0,59329.069352818755,59329.06935281868
75,NL0 21 0 solar,legacy,NL0 21,1,0.0,59329.069352818755,59329.06935281868
75,NL0 22 0 solar,legacy,NL0 22,3,0.0,53935.51759344085,53935.517593440774
75,NL0 23 0 solar,legacy,NL0 23,1,0.0,59329.069352818755,59329.06935281868
75,NL0 24 0 solar,legacy,NL0 24,1,0.0,59329.069352818755,59329.06935281868
75,NL0 25 0 solar,legacy,NL0 25,2,0.0,48541.9658340839,48541.965834083836
75,NL0 26 0 solar,legacy,NL0 26,2,0.0,48541.9658340839,48541.965834083836
75,NL0 27 0 solar,legacy,NL0 27,1,0.0,59329.069352818755,59329.06935281868
75,NL0 28 0 solar,legacy,NL0 28,2,0.0,48541.9658340839,48541.965834083836
75,NL0 3 0 solar,legacy,NL0 3,1,0.0,59329.069352818755,59329.06935281868
75,NL0 30 0 solar,legacy,NL0 30,1,0.0,59329.069352818755,59329.06935281868
75,NL0 31 0 solar,legacy,NL0 31,2,0.0,48541.9658340839,48541.965834083836
75,NL0 4 0 solar,legacy,NL0 4,2,0.0,48541.9658340839,48541.965834083836
75,NL0 5 0 solar,legacy,NL0 5,3,0.0,53935.51759344085,53935.517593440774
75,NL0 6 0 solar,legacy,NL0 6,3,0.0,53935.51759344085,53935.517593440774
75,NL0 7 0 solar,legacy,NL0 7,3,0.0,53935.51759344085,53935.517593440774
75,NL0 8 0 solar,legacy,NL0 8,1,0.0,59329.069352818755,59329.06935281868
75,NL0 9 0 solar,legacy,NL0 9,3,0.0,53935.51759344085,53935.517593440774
75,NL0 20 0 offwind-ac,legacy,NL0 20,1,0.0,59329.069352818755,59329.06935281868
75,NL0 27 0 offwind-ac,legacy,NL0 27,1,0.0,59329.069352818755,59329.06935281868
75,NL0 31 0 offwind-ac,legacy,NL0 31,2,0.0,48541.9658340839,48541.965834083836
75,NL0 32 0 offwind-ac,legacy,NL0 32,1,0.0,59329.069352818755,59329.06935281868
75,NL0 7 0 offwind-ac,legacy,NL0 7,3,0.0,53935.51759344085,53935.517593440774
75,NL0 0 0 onwind,legacy,NL0 0,1,0.0,59329.069352818755,59329.06935281868
75,NL0 1 0 onwind,legacy,NL0 1,3,0.0,53935.51759344085,53935.517593440774
75,NL0 10 0 onwind,legacy,NL0 10,1,0.0,59329.069352818755,59329.06935281868
75,NL0 11 0 onwind,legacy,NL0 11,3,0.0,53935.51759344085,53935.517593440774
75,NL0 12 0 onwind,legacy,NL0 12,2,0.0,48541.9658340839,48541.965834083836
75,NL0 13 0 onwind,legacy,NL0 13,3,0.0,53935.51759344085,53935.517593440774
75,NL0 14 0 onwind,legacy,NL0 14,2,0.0,48541.9658340839,48541.965834083836
75,NL0 15 0 onwind,legacy,NL0 15,2,0.0,48541.9658340839,48541.965834083836
75,NL0 17 0 onwind,legacy,NL0 17,1,0.0,59329.069352818755,59329.06935281868
75,NL0 19 0 onwind,legacy,NL0 19,2,0.0,48541.9658340839,48541.965834083836
75,NL0 2 0 onwind,legacy,NL0 2,2,0.0,48541.9658340839,48541.965834083836
75,NL0 20 0 onwind,legacy,NL0 20,1,0.0,59329.069352818755,59329.06935281868
75,NL0 21 0 onwind,legacy,NL0 21,1,0.0,59329.069352818755,59329.06935281868
75,NL0 22 0 onwind,legacy,NL0 22,3,0.0,53935.51759344085,53935.517593440774
75,NL0 23 0 onwind,legacy,NL0 23,1,0.0,59329.069352818755,59329.06935281868
75,NL0 24 0 onwind,legacy,NL0 24,1,0.0,59329.069352818755,59329.06935281868
75,NL0 27 0 onwind,legacy,NL0 27,1,0.0,59329.069352818755,59329.06935281868
75,NL0 3 0 onwind,legacy,NL0 3,1,0.0,59329.069352818755,59329.06935281868
75,NL0 30 0 onwind,legacy,NL0 30,1,0.0,59329.069352818755,59329.06935281868
75,NL0 31 0 onwind,legacy,NL0 31,2,0.0,48541.9658340839,48541.965834083836
75,NL0 4 0 onwind,legacy,NL0 4,2,0.0,48541.9658340839,48541.965834083836
75,NL0 5 0 onwind,legacy,NL0 5,3,0.0,53935.51759344085,53935.517593440774
75,NL0 6 0 onwind,legacy,NL0 6,3,0.0,53935.51759344085,53935.517593440774
75,NL0 7 0 onwind,legacy,NL0 7,3,0.0,53935.51759344085,53935.517593440774
75,NL0 8 0 onwind,legacy,NL0 8,1,0.0,59329.069352818755,59329.06935281868
75,NL0 9 0 onwind,legacy,NL0 9,3,0.0,53935.51759344085,53935.517593440774
76,NL0 0 Invest,investable,NL0 0,1,0.0,59329.069352818755,59329.06935292875
76,NL0 1 Invest,investable,NL0 1,3,1000.0,53935.51759344085,53935.51759357159
76,NL0 10 Invest,investable,NL0 10,1,0.0,59329.069352818755,59329.06935292875
76,NL0 11 Invest,investable,NL0 11,3,1000.0,53935.51759344085,53935.51759357159
76,NL0 12 Invest,investable,NL0 12,2,0.0,48541.9658340839,48541.96583421443
76,NL0 13 Invest,investable,NL0 13,3,1000.0,53935.51759344085,53935.51759357159
76,NL0 14 Invest,investable,NL0 14,2,0.0,48541.9658340839,48541.96583421443
76,NL0 15 Invest,investable,NL0 15,2,1000.0,48541.9658340839,48541.96583421443
76,NL0 16 Invest,investable,NL0 16,1,1000.0,59329.069352818755,59329.06935292875
76,NL0 17 Invest,investable,NL0 17,1,0.0,59329.069352818755,59329.06935292875
76,NL0 18 Invest,investable,NL0 18,1,601.5467025248663,59329.069352818755,59329.06935292875
76,NL0 19 Invest,investable,NL0 19,2,0.0,48541.9658340839,48541.96583421443
76,NL0 2 Invest,investable,NL0 2,2,0.0,48541.9658340839,48541.96583421443
76,NL0 20 Invest,investable,NL0 20,1,0.0,59329.069352818755,59329.06935292875
76,NL0 21 Invest,investable,NL0 21,1,0.0,59329.069352818755,59329.06935292875
76,NL0 22 Invest,investable,NL0 22,3,0.0,53935.51759344085,53935.51759357159
76,NL0 23 Invest,investable,NL0 23,1,1000.0,59329.069352818755,59329.06935292875
76,NL0 24 Invest,investable,NL0 24,1,0.0,59329.069352818755,59329.06935292875
76,NL0 25 Invest,investable,NL0 25,2,1000.0,48541.9658340839,48541.96583421443
76,NL0 26 Invest,investable,NL0 26,2,0.0,48541.9658340839,48541.96583421443
76,NL0 27 Invest,investable,NL0 27,1,0.0,59329.069352818755,59329.06935292875
76,NL0 28 Invest,investable,NL0 28,2,0.0,48541.9658340839,48541.96583421443
76,NL0 3 Invest,investable,NL0 3,1,1000.0,59329.069352818755,59329.06935292875
76,NL0 30 Invest,investable,NL0 30,1,1000.0,59329.069352818755,59329.06935292875
76,NL0 31 Invest,investable,NL0 31,2,0.0,48541.9658340839,48541.96583421443
76,NL0 33 Invest,investable,NL0 33,1,1000.0,59329.069352818755,59329.06935292875
76,NL0 4 Invest,investable,NL0 4,2,421.30931852923914,48541.9658340839,48541.96583421443
76,NL0 5 Invest,investable,NL0 5,3,678.1047541590287,53935.51759344085,53935.51759357159
76,NL0 6 Invest,investable,NL0 6,3,1000.0,53935.51759344085,53935.51759357159
76,NL0 7 Invest,investable,NL0 7,3,0.0,53935.51759344085,53935.51759357159
76,NL0 8 Invest,investable,NL0 8,1,1000.0,59329.069352818755,59329.06935292875
76,NL0 9 Invest,investable,NL0 9,3,1000.0,53935.51759344085,53935.51759357159
76,NL0 1 biomass,legacy,NL0 1,3,71.0,53935.51759344085,53935.51759344085
76,NL0 1 waste,legacy,NL0 1,3,31.0,53935.51759344085,53935.51759344085
76,NL0 10 waste,legacy,NL0 10,1,150.0,59329.069352818755,59329.069352818755
76,NL0 11 biomass,legacy,NL0 11,3,20.0,53935.51759344085,53935.51759344085
76,NL0 11 waste,legacy,NL0 11,3,50.0,53935.51759344085,53935.51759344085
76,NL0 13 biomass,legacy,NL0 13,3,77.0,53935.51759344085,53935.51759344085
76,NL0 19 biomass,legacy,NL0 19,2,49.0,48541.9658340839,48541.9658340839
76,NL0 19 waste,legacy,NL0 19,2,36.0,48541.9658340839,48541.9658340839
76,NL0 22 biomass,legacy,NL0 22,3,500.0,53935.51759344085,53935.51759344085
76,NL0 25 waste,legacy,NL0 25,2,54.0,48541.9658340839,48541.9658340839
76,NL0 27 biomass,legacy,NL0 27,1,22.0,59329.069352818755,59329.069352818755
76,NL0 27 waste,legacy,NL0 27,1,71.2,59329.069352818755,59329.069352818755
76,NL0 3 biomass,legacy,NL0 3,1,22.0,59329.069352818755,59329.069352818755
76,NL0 3 waste,legacy,NL0 3,1,108.0,59329.069352818755,59329.069352818755
76,NL0 30 biomass,legacy,NL0 30,1,60.0,59329.069352818755,59329.069352818755
76,NL0 7 nuclear,legacy,NL0 7,3,515.0,53935.51759344085,53935.51759344085
76,NL0 7 waste,legacy,NL0 7,3,39.0,53935.51759344085,53935.51759344085
76,NL0 8 biomass,legacy,NL0 8,1,36.0,59329.069352818755,59329.069352818755
76,NL0 8 waste,legacy,NL0 8,1,157.0,59329.069352818755,59329.069352818755
76,NL0 9 biomass,legacy,NL0 9,3,20.0,53935.51759344085,53935.51759344085
76,NL0 0 0 solar,legacy,NL0 0,1,0.0,59329.069352818755,59329.06935281868
76,NL0 1 0 solar,legacy,NL0 1,3,0.0,53935.51759344085,53935.517593440774
76,NL0 10 0 solar,legacy,NL0 10,1,0.0,59329.069352818755,59329.06935281868
76,NL0 11 0 solar,legacy,NL0 11,3,0.0,53935.51759344085,53935.517593440774
76,NL0 12 0 solar,legacy,NL0 12,2,0.0,48541.9658340839,48541.965834083836
76,NL0 13 0 solar,legacy,NL0 13,3,0.0,53935.51759344085,53935.517593440774
76,NL0 14 0 solar,legacy,NL0 14,2,0.0,48541.9658340839,48541.965834083836
76,NL0 15 0 solar,legacy,NL0 15,2,0.0,48541.9658340839,48541.965834083836
76,NL0 16 0 solar,legacy,NL0 16,1,0.0,59329.069352818755,59329.06935281868
76,NL0 17 0 solar,legacy,NL0 17,1,0.0,59329.069352818755,59329.06935281868
76,NL0 18 0 solar,legacy,NL0 18,1,0.0,59329.069352818755,59329.06935281868
76,NL0 19 0 solar,legacy,NL0 19,2,0.0,48541.9658340839,48541.965834083836
76,NL0 2 0 solar,legacy,NL0 2,2,0.0,48541.9658340839,48541.965834083836
76,NL0 20 0 solar,legacy,NL0 20,1,0.0,59329.069352818755,59329.06935281868
76,NL0 21 0 solar,legacy,NL0 21,1,0.0,59329.069352818755,59329.06935281868
76,NL0 22 0 solar,legacy,NL0 22,3,0.0,53935.51759344085,53935.517593440774
76,NL0 23 0 solar,legacy,NL0 23,1,0.0,59329.069352818755,59329.06935281868
76,NL0 24 0 solar,legacy,NL0 24,1,0.0,59329.069352818755,59329.06935281868
76,NL0 25 0 solar,legacy,NL0 25,2,0.0,48541.9658340839,48541.965834083836
76,NL0 26 0 solar,legacy,NL0 26,2,0.0,48541.9658340839,48541.965834083836
76,NL0 27 0 solar,legacy,NL0 27,1,0.0,59329.069352818755,59329.06935281868
76,NL0 28 0 solar,legacy,NL0 28,2,0.0,48541.9658340839,48541.965834083836
76,NL0 3 0 solar,legacy,NL0 3,1,0.0,59329.069352818755,59329.06935281868
76,NL0 30 0 solar,legacy,NL0 30,1,0.0,59329.069352818755,59329.06935281868
76,NL0 31 0 solar,legacy,NL0 31,2,0.0,48541.9658340839,48541.965834083836
76,NL0 4 0 solar,legacy,NL0 4,2,0.0,48541.9658340839,48541.965834083836
76,NL0 5 0 solar,legacy,NL0 5,3,0.0,53935.51759344085,53935.517593440774
76,NL0 6 0 solar,legacy,NL0 6,3,0.0,53935.51759344085,53935.517593440774
76,NL0 7 0 solar,legacy,NL0 7,3,0.0,53935.51759344085,53935.517593440774
76,NL0 8 0 solar,legacy,NL0 8,1,0.0,59329.069352818755,59329.06935281868
76,NL0 9 0 solar,legacy,NL0 9,3,0.0,53935.51759344085,53935.517593440774
76,NL0 20 0 offwind-ac,legacy,NL0 20,1,0.0,59329.069352818755,59329.06935281868
76,NL0 27 0 offwind-ac,legacy,NL0 27,1,0.0,59329.069352818755,59329.06935281868
76,NL0 31 0 offwind-ac,legacy,NL0 31,2,0.0,48541.9658340839,48541.965834083836
76,NL0 32 0 offwind-ac,legacy,NL0 32,1,0.0,59329.069352818755,59329.06935281868
76,NL0 7 0 offwind-ac,legacy,NL0 7,3,0.0,53935.51759344085,53935.517593440774
76,NL0 0 0 onwind,legacy,NL0 0,1,0.0,59329.069352818755,59329.06935281868
76,NL0 1 0 onwind,legacy,NL0 1,3,0.0,53935.51759344085,53935.517593440774
76,NL0 10 0 onwind,legacy,NL0 10,1,0.0,59329.069352818755,59329.06935281868
76,NL0 11 0 onwind,legacy,NL0 11,3,0.0,53935.51759344085,53935.517593440774
76,NL0 12 0 onwind,legacy,NL0 12,2,0.0,48541.9658340839,48541.965834083836
76,NL0 13 0 onwind,legacy,NL0 13,3,0.0,53935.51759344085,53935.517593440774
76,NL0 14 0 onwind,legacy,NL0 14,2,0.0,48541.9658340839,48541.965834083836
76,NL0 15 0 onwind,legacy,NL0 15,2,0.0,48541.9658340839,48541.965834083836
76,NL0 17 0 onwind,legacy,NL0 17,1,0.0,59329.069352818755,59329.06935281868
76,NL0 19 0 onwind,legacy,NL0 19,2,0.0,48541.9658340839,48541.965834083836
76,NL0 2 0 onwind,legacy,NL0 2,2,0.0,48541.9658340839,48541.965834083836
76,NL0 20 0 onwind,legacy,NL0 20,1,0.0,59329.069352818755,59329.06935281868
76,NL0 21 0 onwind,legacy,NL0 21,1,0.0,59329.069352818755,59329.06935281868
76,NL0 22 0 onwind,legacy,NL0 22,3,0.0,53935.51759344085,53935.517593440774
76,NL0 23 0 onwind,legacy,NL0 23,1,0.0,59329.069352818755,59329.06935281868
76,NL0 24 0 onwind,legacy,NL0 24,1,0.0,59329.069352818755,59329.06935281868
76,NL0 27 0 onwind,legacy,NL0 27,1,0.0,59329.069352818755,59329.06935281868
76,NL0 3 0 onwind,legacy,NL0 3,1,0.0,59329.069352818755,59329.06935281868
76,NL0 30 0 onwind,legacy,NL0 30,1,0.0,59329.069352818755,59329.06935281868
76,NL0 31 0 onwind,legacy,NL0 31,2,0.0,48541.9658340839,48541.965834083836
76,NL0 4 0 onwind,legacy,NL0 4,2,0.0,48541.9658340839,48541.965834083836
76,NL0 5 0 onwind,legacy,NL0 5,3,0.0,53935.51759344085,53935.517593440774
76,NL0 6 0 onwind,legacy,NL0 6,3,0.0,53935.51759344085,53935.517593440774
76,NL0 7 0 onwind,legacy,NL0 7,3,0.0,53935.51759344085,53935.517593440774
76,NL0 8 0 onwind,legacy,NL0 8,1,0.0,59329.069352818755,59329.06935281868
76,NL0 9 0 onwind,legacy,NL0 9,3,0.0,53935.51759344085,53935.517593440774
77,NL0 0 Invest,investable,NL0 0,1,0.0,59329.069352818755,59329.06935292875
77,NL0 1 Invest,investable,NL0 1,3,1000.0,53935.51759344085,53935.51759357159
77,NL0 10 Invest,investable,NL0 10,1,0.0,59329.069352818755,59329.06935292875
77,NL0 11 Invest,investable,NL0 11,3,1000.0,53935.51759344085,53935.51759357159
77,NL0 12 Invest,investable,NL0 12,2,1000.0,48541.9658340839,48541.96583421443
77,NL0 13 Invest,investable,NL0 13,3,1000.0,53935.51759344085,53935.51759357159
77,NL0 14 Invest,investable,NL0 14,2,0.0,48541.9658340839,48541.96583421443
77,NL0 15 Invest,investable,NL0 15,2,0.0,48541.9658340839,48541.96583421443
77,NL0 16 Invest,investable,NL0 16,1,1000.0,59329.069352818755,59329.06935292875
77,NL0 17 Invest,investable,NL0 17,1,0.0,59329.069352818755,59329.06935292875
77,NL0 18 Invest,investable,NL0 18,1,601.5467025248663,59329.069352818755,59329.06935292875
77,NL0 19 Invest,investable,NL0 19,2,0.0,48541.9658340839,48541.96583421443
77,NL0 2 Invest,investable,NL0 2,2,0.0,48541.9658340839,48541.96583421443
77,NL0 20 Invest,investable,NL0 20,1,0.0,59329.069352818755,59329.06935292875
77,NL0 21 Invest,investable,NL0 21,1,0.0,59329.069352818755,59329.06935292875
77,NL0 22 Invest,investable,NL0 22,3,0.0,53935.51759344085,53935.51759357159
77,NL0 23 Invest,investable,NL0 23,1,1000.0,59329.069352818755,59329.06935292875
77,NL0 24 Invest,investable,NL0 24,1,0.0,59329.069352818755,59329.06935292875
77,NL0 25 Invest,investable,NL0 25,2,421.30931852923914,48541.9658340839,48541.96583421443
77,NL0 26 Invest,investable,NL0 26,2,0.0,48541.9658340839,48541.96583421443
77,NL0 27 Invest,investable,NL0 27,1,0.0,59329.069352818755,59329.06935292875
77,NL0 28 Invest,investable,NL0 28,2,0.0,48541.9658340839,48541.96583421443
77,NL0 3 Invest,investable,NL0 3,1,1000.0,59329.069352818755,59329.06935292875
77,NL0 30 Invest,investable,NL0 30,1,1000.0,59329.069352818755,59329.06935292875
77,NL0 31 Invest,investable,NL0 31,2,1000.0,48541.9658340839,48541.96583421443
77,NL0 33 Invest,investable,NL0 33,1,1000.0,59329.069352818755,59329.06935292875
77,NL0 4 Invest,investable,NL0 4,2,0.0,48541.9658340839,48541.96583421443
77,NL0 5 Invest,investable,NL0 5,3,678.1047541590287,53935.51759344085,53935.51759357159
77,NL0 6 Invest,investable,NL0 6,3,1000.0,53935.51759344085,53935.51759357159
77,NL0 7 Invest,investable,NL0 7,3,0.0,53935.51759344085,53935.51759357159
77,NL0 8 Invest,investable,NL0 8,1,1000.0,59329.069352818755,59329.06935292875
77,NL0 9 Invest,investable,NL0 9,3,1000.0,53935.51759344085,53935.51759357159
77,NL0 1 biomass,legacy,NL0 1,3,71.0,53935.51759344085,53935.51759344085
77,NL0 1 waste,legacy,NL0 1,3,31.0,53935.51759344085,53935.51759344085
77,NL0 10 waste,legacy,NL0 10,1,150.0,59329.069352818755,59329.069352818755
77,NL0 11 biomass,legacy,NL0 11,3,20.0,53935.51759344085,53935.51759344085
77,NL0 11 waste,legacy,NL0 11,3,50.0,53935.51759344085,53935.51759344085
77,NL0 13 biomass,legacy,NL0 13,3,77.0,53935.51759344085,53935.51759344085
77,NL0 19 biomass,legacy,NL0 19,2,49.0,48541.9658340839,48541.9658340839
77,NL0 19 waste,legacy,NL0 19,2,36.0,48541.9658340839,48541.9658340839
77,NL0 22 biomass,legacy,NL0 22,3,500.0,53935.51759344085,53935.51759344085
77,NL0 25 waste,legacy,NL0 25,2,54.0,48541.9658340839,48541.9658340839
77,NL0 27 biomass,legacy,NL0 27,1,22.0,59329.069352818755,59329.069352818755
77,NL0 27 waste,legacy,NL0 27,1,71.2,59329.069352818755,59329.069352818755
77,NL0 3 biomass,legacy,NL0 3,1,22.0,59329.069352818755,59329.069352818755
77,NL0 3 waste,legacy,NL0 3,1,108.0,59329.069352818755,59329.069352818755
77,NL0 30 biomass,legacy,NL0 30,1,60.0,59329.069352818755,59329.069352818755
77,NL0 7 nuclear,legacy,NL0 7,3,515.0,53935.51759344085,53935.51759344085
77,NL0 7 waste,legacy,NL0 7,3,39.0,53935.51759344085,53935.51759344085
77,NL0 8 biomass,legacy,NL0 8,1,36.0,59329.069352818755,59329.069352818755
77,NL0 8 waste,legacy,NL0 8,1,157.0,59329.069352818755,59329.069352818755
77,NL0 9 biomass,legacy,NL0 9,3,20.0,53935.51759344085,53935.51759344085
77,NL0 0 0 solar,legacy,NL0 0,1,0.0,59329.069352818755,59329.06935281868
77,NL0 1 0 solar,legacy,NL0 1,3,0.0,53935.51759344085,53935.517593440774
77,NL0 10 0 solar,legacy,NL0 10,1,0.0,59329.069352818755,59329.06935281868
77,NL0 11 0 solar,legacy,NL0 11,3,0.0,53935.51759344085,53935.517593440774
77,NL0 12 0 solar,legacy,NL0 12,2,0.0,48541.9658340839,48541.965834083836
77,NL0 13 0 solar,legacy,NL0 13,3,0.0,53935.51759344085,53935.517593440774
77,NL0 14 0 solar,legacy,NL0 14,2,0.0,48541.9658340839,48541.965834083836
77,NL0 15 0 solar,legacy,NL0 15,2,0.0,48541.9658340839,48541.965834083836
77,NL0 16 0 solar,legacy,NL0 16,1,0.0,59329.069352818755,59329.06935281868
77,NL0 17 0 solar,legacy,NL0 17,1,0.0,59329.069352818755,59329.06935281868
77,NL0 18 0 solar,legacy,NL0 18,1,0.0,59329.069352818755,59329.06935281868
77,NL0 19 0 solar,legacy,NL0 19,2,0.0,48541.9658340839,48541.965834083836
77,NL0 2 0 solar,legacy,NL0 2,2,0.0,48541.9658340839,48541.965834083836
77,NL0 20 0 solar,legacy,NL0 20,1,0.0,59329.069352818755,59329.06935281868
77,NL0 21 0 solar,legacy,NL0 21,1,0.0,59329.069352818755,59329.06935281868
77,NL0 22 0 solar,legacy,NL0 22,3,0.0,53935.51759344085,53935.517593440774
77,NL0 23 0 solar,legacy,NL0 23,1,0.0,59329.069352818755,59329.06935281868
77,NL0 24 0 solar,legacy,NL0 24,1,0.0,59329.069352818755,59329.06935281868
77,NL0 25 0 solar,legacy,NL0 25,2,0.0,48541.9658340839,48541.965834083836
77,NL0 26 0 solar,legacy,NL0 26,2,0.0,48541.9658340839,48541.965834083836
77,NL0 27 0 solar,legacy,NL0 27,1,0.0,59329.069352818755,59329.06935281868
77,NL0 28 0 solar,legacy,NL0 28,2,0.0,48541.9658340839,48541.965834083836
77,NL0 3 0 solar,legacy,NL0 3,1,0.0,59329.069352818755,59329.06935281868
77,NL0 30 0 solar,legacy,NL0 30,1,0.0,59329.069352818755,59329.06935281868
77,NL0 31 0 solar,legacy,NL0 31,2,0.0,48541.9658340839,48541.965834083836
77,NL0 4 0 solar,legacy,NL0 4,2,0.0,48541.9658340839,48541.965834083836
77,NL0 5 0 solar,legacy,NL0 5,3,0.0,53935.51759344085,53935.517593440774
77,NL0 6 0 solar,legacy,NL0 6,3,0.0,53935.51759344085,53935.517593440774
77,NL0 7 0 solar,legacy,NL0 7,3,0.0,53935.51759344085,53935.517593440774
77,NL0 8 0 solar,legacy,NL0 8,1,0.0,59329.069352818755,59329.06935281868
77,NL0 9 0 solar,legacy,NL0 9,3,0.0,53935.51759344085,53935.517593440774
77,NL0 20 0 offwind-ac,legacy,NL0 20,1,0.0,59329.069352818755,59329.06935281868
77,NL0 27 0 offwind-ac,legacy,NL0 27,1,0.0,59329.069352818755,59329.06935281868
77,NL0 31 0 offwind-ac,legacy,NL0 31,2,0.0,48541.9658340839,48541.965834083836
77,NL0 32 0 offwind-ac,legacy,NL0 32,1,0.0,59329.069352818755,59329.06935281868
77,NL0 7 0 offwind-ac,legacy,NL0 7,3,0.0,53935.51759344085,53935.517593440774
77,NL0 0 0 onwind,legacy,NL0 0,1,0.0,59329.069352818755,59329.06935281868
77,NL0 1 0 onwind,legacy,NL0 1,3,0.0,53935.51759344085,53935.517593440774
77,NL0 10 0 onwind,legacy,NL0 10,1,0.0,59329.069352818755,59329.06935281868
77,NL0 11 0 onwind,legacy,NL0 11,3,0.0,53935.51759344085,53935.517593440774
77,NL0 12 0 onwind,legacy,NL0 12,2,0.0,48541.9658340839,48541.965834083836
77,NL0 13 0 onwind,legacy,NL0 13,3,0.0,53935.51759344085,53935.517593440774
77,NL0 14 0 onwind,legacy,NL0 14,2,0.0,48541.9658340839,48541.965834083836
77,NL0 15 0 onwind,legacy,NL0 15,2,0.0,48541.9658340839,48541.965834083836
77,NL0 17 0 onwind,legacy,NL0 17,1,0.0,59329.069352818755,59329.06935281868
77,NL0 19 0 onwind,legacy,NL0 19,2,0.0,48541.9658340839,48541.965834083836
77,NL0 2 0 onwind,legacy,NL0 2,2,0.0,48541.9658340839,48541.965834083836
77,NL0 20 0 onwind,legacy,NL0 20,1,0.0,59329.069352818755,59329.06935281868
77,NL0 21 0 onwind,legacy,NL0 21,1,0.0,59329.069352818755,59329.06935281868
77,NL0 22 0 onwind,legacy,NL0 22,3,0.0,53935.51759344085,53935.517593440774
77,NL0 23 0 onwind,legacy,NL0 23,1,0.0,59329.069352818755,59329.06935281868
77,NL0 24 0 onwind,legacy,NL0 24,1,0.0,59329.069352818755,59329.06935281868
77,NL0 27 0 onwind,legacy,NL0 27,1,0.0,59329.069352818755,59329.06935281868
77,NL0 3 0 onwind,legacy,NL0 3,1,0.0,59329.069352818755,59329.06935281868
77,NL0 30 0 onwind,legacy,NL0 30,1,0.0,59329.069352818755,59329.06935281868
77,NL0 31 0 onwind,legacy,NL0 31,2,0.0,48541.9658340839,48541.965834083836
77,NL0 4 0 onwind,legacy,NL0 4,2,0.0,48541.9658340839,48541.965834083836
77,NL0 5 0 onwind,legacy,NL0 5,3,0.0,53935.51759344085,53935.517593440774
77,NL0 6 0 onwind,legacy,NL0 6,3,0.0,53935.51759344085,53935.517593440774
77,NL0 7 0 onwind,legacy,NL0 7,3,0.0,53935.51759344085,53935.517593440774
77,NL0 8 0 onwind,legacy,NL0 8,1,0.0,59329.069352818755,59329.06935281868
77,NL0 9 0 onwind,legacy,NL0 9,3,0.0,53935.51759344085,53935.517593440774
78,NL0 0 Invest,investable,NL0 0,1,1000.0,59329.069352818755,59329.06935292875
78,NL0 1 Invest,investable,NL0 1,3,0.0,53935.51759344085,53935.51759357159
78,NL0 10 Invest,investable,NL0 10,1,1000.0,59329.069352818755,59329.06935292875
78,NL0 11 Invest,investable,NL0 11,3,0.0,53935.51759344085,53935.51759357159
78,NL0 12 Invest,investable,NL0 12,2,0.0,48541.9658340839,48541.96583421443
78,NL0 13 Invest,investable,NL0 13,3,678.1047541590287,53935.51759344085,53935.51759357159
78,NL0 14 Invest,investable,NL0 14,2,1000.0,48541.9658340839,48541.96583421443
78,NL0 15 Invest,investable,NL0 15,2,0.0,48541.9658340839,48541.96583421443
78,NL0 16 Invest,investable,NL0 16,1,0.0,59329.069352818755,59329.06935292875
78,NL0 17 Invest,investable,NL0 17,1,1000.0,59329.069352818755,59329.06935292875
78,NL0 18 Invest,investable,NL0 18,1,0.0,59329.069352818755,59329.06935292875
78,NL0 19 Invest,investable,NL0 19,2,0.0,48541.9658340839,48541.96583421443
78,NL0 2 Invest,investable,NL0 2,2,0.0,48541.9658340839,48541.96583421443
78,NL0 20 Invest,investable,NL0 20,1,1000.0,59329.069352818755,59329.06935292875
78,NL0 21 Invest,investable,NL0 21,1,601.5467025248663,59329.069352818755,59329.06935292875
78,NL0 22 Invest,investable,NL0 22,3,1000.0,53935.51759344085,53935.51759357159
78,NL0 23 Invest,investable,NL0 23,1,0.0,59329.069352818755,59329.06935292875
78,NL0 24 Invest,investable,NL0 24,1,1000.0,59329.069352818755,59329.06935292875
78,NL0 25 Invest,investable,NL0 25,2,0.0,48541.9658340839,48541.96583421443
78,NL0 26 Invest,investable,NL0 26,2,421.30931852923914,48541.9658340839,48541.96583421443
78,NL0 27 Invest,investable,NL0 27,1,1000.0,59329.069352818755,59329.06935292875
78,NL0 28 Invest,investable,NL0 28,2,1000.0,48541.9658340839,48541.96583421443
78,NL0 3 Invest,investable,NL0 3,1,0.0,59329.069352818755,59329.06935292875
78,NL0 30 Invest,investable,NL0 30,1,0.0,59329.069352818755,59329.06935292875
78,NL0 31 Invest,investable,NL0 31,2,0.0,48541.9658340839,48541.96583421443
78,NL0 33 Invest,investable,NL0 33,1,0.0,59329.069352818755,59329.06935292875
78,NL0 4 Invest,investable,NL0 4,2,0.0,48541.9658340839,48541.96583421443
78,NL0 5 Invest,investable,NL0 5,3,1000.0,53935.51759344085,53935.51759357159
78,NL0 6 Invest,investable,NL0 6,3,1000.0,53935.51759344085,53935.51759357159
78,NL0 7 Invest,investable,NL0 7,3,1000.0,53935.51759344085,53935.51759357159
78,NL0 8 Invest,investable,NL0 8,1,0.0,59329.069352818755,59329.06935292875
78,NL0 9 Invest,investable,NL0 9,3,1000.0,53935.51759344085,53935.51759357159
78,NL0 1 biomass,legacy,NL0 1,3,71.0,53935.51759344085,53935.51759344085
78,NL0 1 waste,legacy,NL0 1,3,31.0,53935.51759344085,53935.51759344085
78,NL0 10 waste,legacy,NL0 10,1,150.0,59329.069352818755,59329.069352818755
78,NL0 11 biomass,legacy,NL0 11,3,20.0,53935.51759344085,53935.51759344085
78,NL0 11 waste,legacy,NL0 11,3,50.0,53935.51759344085,53935.51759344085
78,NL0 13 biomass,legacy,NL0 13,3,77.0,53935.51759344085,53935.51759344085
78,NL0 19 biomass,legacy,NL0 19,2,49.0,48541.9658340839,48541.9658340839
78,NL0 19 waste,legacy,NL0 19,2,36.0,48541.9658340839,48541.9658340839
78,NL0 22 biomass,legacy,NL0 22,3,500.0,53935.51759344085,53935.51759344085
78,NL0 25 waste,legacy,NL0 25,2,54.0,48541.9658340839,48541.9658340839
78,NL0 27 biomass,legacy,NL0 27,1,22.0,59329.069352818755,59329.069352818755
78,NL0 27 waste,legacy,NL0 27,1,71.2,59329.069352818755,59329.069352818755
78,NL0 3 biomass,legacy,NL0 3,1,22.0,59329.069352818755,59329.069352818755
78,NL0 3 waste,legacy,NL0 3,1,108.0,59329.069352818755,59329.069352818755
78,NL0 30 biomass,legacy,NL0 30,1,60.0,59329.069352818755,59329.069352818755
78,NL0 7 nuclear,legacy,NL0 7,3,515.0,53935.51759344085,53935.51759344085
78,NL0 7 waste,legacy,NL0 7,3,39.0,53935.51759344085,53935.51759344085
78,NL0 8 biomass,legacy,NL0 8,1,36.0,59329.069352818755,59329.069352818755
78,NL0 8 waste,legacy,NL0 8,1,157.0,59329.069352818755,59329.069352818755
78,NL0 9 biomass,legacy,NL0 9,3,20.0,53935.51759344085,53935.51759344085
78,NL0 0 0 solar,legacy,NL0 0,1,0.0,59329.069352818755,59329.06935281868
78,NL0 1 0 solar,legacy,NL0 1,3,0.0,53935.51759344085,53935.517593440774
78,NL0 10 0 solar,legacy,NL0 10,1,0.0,59329.069352818755,59329.06935281868
78,NL0 11 0 solar,legacy,NL0 11,3,0.0,53935.51759344085,53935.517593440774
78,NL0 12 0 solar,legacy,NL0 12,2,0.0,48541.9658340839,48541.965834083836
78,NL0 13 0 solar,legacy,NL0 13,3,0.0,53935.51759344085,53935.517593440774
78,NL0 14 0 solar,legacy,NL0 14,2,0.0,48541.9658340839,48541.965834083836
78,NL0 15 0 solar,legacy,NL0 15,2,0.0,48541.9658340839,48541.965834083836
78,NL0 16 0 solar,legacy,NL0 16,1,0.0,59329.069352818755,59329.06935281868
78,NL0 17 0 solar,legacy,NL0 17,1,0.0,59329.069352818755,59329.06935281868
78,NL0 18 0 solar,legacy,NL0 18,1,0.0,59329.069352818755,59329.06935281868
78,NL0 19 0 solar,legacy,NL0 19,2,0.0,48541.9658340839,48541.965834083836
78,NL0 2 0 solar,legacy,NL0 2,2,0.0,48541.9658340839,48541.965834083836
78,NL0 20 0 solar,legacy,NL0 20,1,0.0,59329.069352818755,59329.06935281868
78,NL0 21 0 solar,legacy,NL0 21,1,0.0,59329.069352818755,59329.06935281868
78,NL0 22 0 solar,legacy,NL0 22,3,0.0,53935.51759344085,53935.517593440774
78,NL0 23 0 solar,legacy,NL0 23,1,0.0,59329.069352818755,59329.06935281868
78,NL0 24 0 solar,legacy,NL0 24,1,0.0,59329.069352818755,59329.06935281868
78,NL0 25 0 solar,legacy,NL0 25,2,0.0,48541.9658340839,48541.965834083836
78,NL0 26 0 solar,legacy,NL0 26,2,0.0,48541.9658340839,48541.965834083836
78,NL0 27 0 solar,legacy,NL0 27,1,0.0,59329.069352818755,59329.06935281868
78,NL0 28 0 solar,legacy,NL0 28,2,0.0,48541.9658340839,48541.965834083836
78,NL0 3 0 solar,legacy,NL0 3,1,0.0,59329.069352818755,59329.06935281868
78,NL0 30 0 solar,legacy,NL0 30,1,0.0,59329.069352818755,59329.06935281868
78,NL0 31 0 solar,legacy,NL0 31,2,0.0,48541.9658340839,48541.965834083836
78,NL0 4 0 solar,legacy,NL0 4,2,0.0,48541.9658340839,48541.965834083836
78,NL0 5 0 solar,legacy,NL0 5,3,0.0,53935.51759344085,53935.517593440774
78,NL0 6 0 solar,legacy,NL0 6,3,0.0,53935.51759344085,53935.517593440774
78,NL0 7 0 solar,legacy,NL0 7,3,0.0,53935.51759344085,53935.517593440774
78,NL0 8 0 solar,legacy,NL0 8,1,0.0,59329.069352818755,59329.06935281868
78,NL0 9 0 solar,legacy,NL0 9,3,0.0,53935.51759344085,53935.517593440774
78,NL0 20 0 offwind-ac,legacy,NL0 20,1,0.0,59329.069352818755,59329.06935281868
78,NL0 27 0 offwind-ac,legacy,NL0 27,1,0.0,59329.069352818755,59329.06935281868
78,NL0 31 0 offwind-ac,legacy,NL0 31,2,0.0,48541.9658340839,48541.965834083836
78,NL0 32 0 offwind-ac,legacy,NL0 32,1,0.0,59329.069352818755,59329.06935281868
78,NL0 7 0 offwind-ac,legacy,NL0 7,3,0.0,53935.51759344085,53935.517593440774
78,NL0 0 0 onwind,legacy,NL0 0,1,0.0,59329.069352818755,59329.06935281868
78,NL0 1 0 onwind,legacy,NL0 1,3,0.0,53935.51759344085,53935.517593440774
78,NL0 10 0 onwind,legacy,NL0 10,1,0.0,59329.069352818755,59329.06935281868
78,NL0 11 0 onwind,legacy,NL0 11,3,0.0,53935.51759344085,53935.517593440774
78,NL0 12 0 onwind,legacy,NL0 12,2,0.0,48541.9658340839,48541.965834083836
78,NL0 13 0 onwind,legacy,NL0 13,3,0.0,53935.51759344085,53935.517593440774
78,NL0 14 0 onwind,legacy,NL0 14,2,0.0,48541.9658340839,48541.965834083836
78,NL0 15 0 onwind,legacy,NL0 15,2,0.0,48541.9658340839,48541.965834083836
78,NL0 17 0 onwind,legacy,NL0 17,1,0.0,59329.069352818755,59329.06935281868
78,NL0 19 0 onwind,legacy,NL0 19,2,0.0,48541.9658340839,48541.965834083836
78,NL0 2 0 onwind,legacy,NL0 2,2,0.0,48541.9658340839,48541.965834083836
78,NL0 20 0 onwind,legacy,NL0 20,1,0.0,59329.069352818755,59329.06935281868
78,NL0 21 0 onwind,legacy,NL0 21,1,0.0,59329.069352818755,59329.06935281868
78,NL0 22 0 onwind,legacy,NL0 22,3,0.0,53935.51759344085,53935.517593440774
78,NL0 23 0 onwind,legacy,NL0 23,1,0.0,59329.069352818755,59329.06935281868
78,NL0 24 0 onwind,legacy,NL0 24,1,0.0,59329.069352818755,59329.06935281868
78,NL0 27 0 onwind,legacy,NL0 27,1,0.0,59329.069352818755,59329.06935281868
78,NL0 3 0 onwind,legacy,NL0 3,1,0.0,59329.069352818755,59329.06935281868
78,NL0 30 0 onwind,legacy,NL0 30,1,0.0,59329.069352818755,59329.06935281868
78,NL0 31 0 onwind,legacy,NL0 31,2,0.0,48541.9658340839,48541.965834083836
78,NL0 4 0 onwind,legacy,NL0 4,2,0.0,48541.9658340839,48541.965834083836
78,NL0 5 0 onwind,legacy,NL0 5,3,0.0,53935.51759344085,53935.517593440774
78,NL0 6 0 onwind,legacy,NL0 6,3,0.0,53935.51759344085,53935.517593440774
78,NL0 7 0 onwind,legacy,NL0 7,3,0.0,53935.51759344085,53935.517593440774
78,NL0 8 0 onwind,legacy,NL0 8,1,0.0,59329.069352818755,59329.06935281868
78,NL0 9 0 onwind,legacy,NL0 9,3,0.0,53935.51759344085,53935.517593440774
79,NL0 0 Invest,investable,NL0 0,1,1000.0,59329.069352818755,59329.06935292875
79,NL0 1 Invest,investable,NL0 1,3,0.0,53935.51759344085,53935.51759357159
79,NL0 10 Invest,investable,NL0 10,1,1000.0,59329.069352818755,59329.06935292875
79,NL0 11 Invest,investable,NL0 11,3,0.0,53935.51759344085,53935.51759357159
79,NL0 12 Invest,investable,NL0 12,2,1000.0,48541.9658340839,48541.96583421443
79,NL0 13 Invest,investable,NL0 13,3,678.1047541590287,53935.51759344085,53935.51759357159
79,NL0 14 Invest,investable,NL0 14,2,0.0,48541.9658340839,48541.96583421443
79,NL0 15 Invest,investable,NL0 15,2,0.0,48541.9658340839,48541.96583421443
79,NL0 16 Invest,investable,NL0 16,1,0.0,59329.069352818755,59329.06935292875
79,NL0 17 Invest,investable,NL0 17,1,1000.0,59329.069352818755,59329.06935292875
79,NL0 18 Invest,investable,NL0 18,1,0.0,59329.069352818755,59329.06935292875
79,NL0 19 Invest,investable,NL0 19,2,0.0,48541.9658340839,48541.96583421443
79,NL0 2 Invest,investable,NL0 2,2,0.0,48541.9658340839,48541.96583421443
79,NL0 20 Invest,investable,NL0 20,1,1000.0,59329.069352818755,59329.06935292875
79,NL0 21 Invest,investable,NL0 21,1,601.5467025248663,59329.069352818755,59329.06935292875
79,NL0 22 Invest,investable,NL0 22,3,1000.0,53935.51759344085,53935.51759357159
79,NL0 23 Invest,investable,NL0 23,1,0.0,59329.069352818755,59329.06935292875
79,NL0 24 Invest,investable,NL0 24,1,1000.0,59329.069352818755,59329.06935292875
79,NL0 25 Invest,investable,NL0 25,2,421.30931852923914,48541.9658340839,48541.96583421443
79,NL0 26 Invest,investable,NL0 26,2,0.0,48541.9658340839,48541.96583421443
79,NL0 27 Invest,investable,NL0 27,1,1000.0,59329.069352818755,59329.06935292875
79,NL0 28 Invest,investable,NL0 28,2,1000.0,48541.9658340839,48541.96583421443
79,NL0 3 Invest,investable,NL0 3,1,0.0,59329.069352818755,59329.06935292875
79,NL0 30 Invest,investable,NL0 30,1,0.0,59329.069352818755,59329.06935292875
79,NL0 31 Invest,investable,NL0 31,2,0.0,48541.9658340839,48541.96583421443
79,NL0 33 Invest,investable,NL0 33,1,0.0,59329.069352818755,59329.06935292875
79,NL0 4 Invest,investable,NL0 4,2,0.0,48541.9658340839,48541.96583421443
79,NL0 5 Invest,investable,NL0 5,3,1000.0,53935.51759344085,53935.51759357159
79,NL0 6 Invest,investable,NL0 6,3,1000.0,53935.51759344085,53935.51759357159
79,NL0 7 Invest,investable,NL0 7,3,1000.0,53935.51759344085,53935.51759357159
79,NL0 8 Invest,investable,NL0 8,1,0.0,59329.069352818755,59329.06935292875
79,NL0 9 Invest,investable,NL0 9,3,1000.0,53935.51759344085,53935.51759357159
79,NL0 1 biomass,legacy,NL0 1,3,71.0,53935.51759344085,53935.51759344085
79,NL0 1 waste,legacy,NL0 1,3,31.0,53935.51759344085,53935.51759344085
79,NL0 10 waste,legacy,NL0 10,1,150.0,59329.069352818755,59329.069352818755
79,NL0 11 biomass,legacy,NL0 11,3,20.0,53935.51759344085,53935.51759344085
79,NL0 11 waste,legacy,NL0 11,3,50.0,53935.51759344085,53935.51759344085
79,NL0 13 biomass,legacy,NL0 13,3,77.0,53935.51759344085,53935.51759344085
79,NL0 19 biomass,legacy,NL0 19,2,49.0,48541.9658340839,48541.9658340839
79,NL0 19 waste,legacy,NL0 19,2,36.0,48541.9658340839,48541.9658340839
79,NL0 22 biomass,legacy,NL0 22,3,500.0,53935.51759344085,53935.51759344085
79,NL0 25 waste,legacy,NL0 25,2,54.0,48541.9658340839,48541.9658340839
79,NL0 27 biomass,legacy,NL0 27,1,22.0,59329.069352818755,59329.069352818755
79,NL0 27 waste,legacy,NL0 27,1,71.2,59329.069352818755,59329.069352818755
79,NL0 3 biomass,legacy,NL0 3,1,22.0,59329.069352818755,59329.069352818755
79,NL0 3 waste,legacy,NL0 3,1,108.0,59329.069352818755,59329.069352818755
79,NL0 30 biomass,legacy,NL0 30,1,60.0,59329.069352818755,59329.069352818755
79,NL0 7 nuclear,legacy,NL0 7,3,515.0,53935.51759344085,53935.51759344085
79,NL0 7 waste,legacy,NL0 7,3,39.0,53935.51759344085,53935.51759344085
79,NL0 8 biomass,legacy,NL0 8,1,36.0,59329.069352818755,59329.069352818755
79,NL0 8 waste,legacy,NL0 8,1,157.0,59329.069352818755,59329.069352818755
79,NL0 9 biomass,legacy,NL0 9,3,20.0,53935.51759344085,53935.51759344085
79,NL0 0 0 solar,legacy,NL0 0,1,0.0,59329.069352818755,59329.06935281868
79,NL0 1 0 solar,legacy,NL0 1,3,0.0,53935.51759344085,53935.517593440774
79,NL0 10 0 solar,legacy,NL0 10,1,0.0,59329.069352818755,59329.06935281868
79,NL0 11 0 solar,legacy,NL0 11,3,0.0,53935.51759344085,53935.517593440774
79,NL0 12 0 solar,legacy,NL0 12,2,0.0,48541.9658340839,48541.965834083836
79,NL0 13 0 solar,legacy,NL0 13,3,0.0,53935.51759344085,53935.517593440774
79,NL0 14 0 solar,legacy,NL0 14,2,0.0,48541.9658340839,48541.965834083836
79,NL0 15 0 solar,legacy,NL0 15,2,0.0,48541.9658340839,48541.965834083836
79,NL0 16 0 solar,legacy,NL0 16,1,0.0,59329.069352818755,59329.06935281868
79,NL0 17 0 solar,legacy,NL0 17,1,0.0,59329.069352818755,59329.06935281868
79,NL0 18 0 solar,legacy,NL0 18,1,0.0,59329.069352818755,59329.06935281868
79,NL0 19 0 solar,legacy,NL0 19,2,0.0,48541.9658340839,48541.965834083836
79,NL0 2 0 solar,legacy,NL0 2,2,0.0,48541.9658340839,48541.965834083836
79,NL0 20 0 solar,legacy,NL0 20,1,0.0,59329.069352818755,59329.06935281868
79,NL0 21 0 solar,legacy,NL0 21,1,0.0,59329.069352818755,59329.06935281868
79,NL0 22 0 solar,legacy,NL0 22,3,0.0,53935.51759344085,53935.517593440774
79,NL0 23 0 solar,legacy,NL0 23,1,0.0,59329.069352818755,59329.06935281868
79,NL0 24 0 solar,legacy,NL0 24,1,0.0,59329.069352818755,59329.06935281868
79,NL0 25 0 solar,legacy,NL0 25,2,0.0,48541.9658340839,48541.965834083836
79,NL0 26 0 solar,legacy,NL0 26,2,0.0,48541.9658340839,48541.965834083836
79,NL0 27 0 solar,legacy,NL0 27,1,0.0,59329.069352818755,59329.06935281868
79,NL0 28 0 solar,legacy,NL0 28,2,0.0,48541.9658340839,48541.965834083836
79,NL0 3 0 solar,legacy,NL0 3,1,0.0,59329.069352818755,59329.06935281868
79,NL0 30 0 solar,legacy,NL0 30,1,0.0,59329.069352818755,59329.06935281868
79,NL0 31 0 solar,legacy,NL0 31,2,0.0,48541.9658340839,48541.965834083836
79,NL0 4 0 solar,legacy,NL0 4,2,0.0,48541.9658340839,48541.965834083836
79,NL0 5 0 solar,legacy,NL0 5,3,0.0,53935.51759344085,53935.517593440774
79,NL0 6 0 solar,legacy,NL0 6,3,0.0,53935.51759344085,53935.517593440774
79,NL0 7 0 solar,legacy,NL0 7,3,0.0,53935.51759344085,53935.517593440774
79,NL0 8 0 solar,legacy,NL0 8,1,0.0,59329.069352818755,59329.06935281868
79,NL0 9 0 solar,legacy,NL0 9,3,0.0,53935.51759344085,53935.517593440774
79,NL0 20 0 offwind-ac,legacy,NL0 20,1,0.0,59329.069352818755,59329.06935281868
79,NL0 27 0 offwind-ac,legacy,NL0 27,1,0.0,59329.069352818755,59329.06935281868
79,NL0 31 0 offwind-ac,legacy,NL0 31,2,0.0,48541.9658340839,48541.965834083836
79,NL0 32 0 offwind-ac,legacy,NL0 32,1,0.0,59329.069352818755,59329.06935281868
79,NL0 7 0 offwind-ac,legacy,NL0 7,3,0.0,53935.51759344085,53935.517593440774
79,NL0 0 0 onwind,legacy,NL0 0,1,0.0,59329.069352818755,59329.06935281868
79,NL0 1 0 onwind,legacy,NL0 1,3,0.0,53935.51759344085,53935.517593440774
79,NL0 10 0 onwind,legacy,NL0 10,1,0.0,59329.069352818755,59329.06935281868
79,NL0 11 0 onwind,legacy,NL0 11,3,0.0,53935.51759344085,53935.517593440774
79,NL0 12 0 onwind,legacy,NL0 12,2,0.0,48541.9658340839,48541.965834083836
79,NL0 13 0 onwind,legacy,NL0 13,3,0.0,53935.51759344085,53935.517593440774
79,NL0 14 0 onwind,legacy,NL0 14,2,0.0,48541.9658340839,48541.965834083836
79,NL0 15 0 onwind,legacy,NL0 15,2,0.0,48541.9658340839,48541.965834083836
79,NL0 17 0 onwind,legacy,NL0 17,1,0.0,59329.069352818755,59329.06935281868
79,NL0 19 0 onwind,legacy,NL0 19,2,0.0,48541.9658340839,48541.965834083836
79,NL0 2 0 onwind,legacy,NL0 2,2,0.0,48541.9658340839,48541.965834083836
79,NL0 20 0 onwind,legacy,NL0 20,1,0.0,59329.069352818755,59329.06935281868
79,NL0 21 0 onwind,legacy,NL0 21,1,0.0,59329.069352818755,59329.06935281868
79,NL0 22 0 onwind,legacy,NL0 22,3,0.0,53935.51759344085,53935.517593440774
79,NL0 23 0 onwind,legacy,NL0 23,1,0.0,59329.069352818755,59329.06935281868
79,NL0 24 0 onwind,legacy,NL0 24,1,0.0,59329.069352818755,59329.06935281868
79,NL0 27 0 onwind,legacy,NL0 27,1,0.0,59329.069352818755,59329.06935281868
79,NL0 3 0 onwind,legacy,NL0 3,1,0.0,59329.069352818755,59329.06935281868
79,NL0 30 0 onwind,legacy,NL0 30,1,0.0,59329.069352818755,59329.06935281868
79,NL0 31 0 onwind,legacy,NL0 31,2,0.0,48541.9658340839,48541.965834083836
79,NL0 4 0 onwind,legacy,NL0 4,2,0.0,48541.9658340839,48541.965834083836
79,NL0 5 0 onwind,legacy,NL0 5,3,0.0,53935.51759344085,53935.517593440774
79,NL0 6 0 onwind,legacy,NL0 6,3,0.0,53935.51759344085,53935.517593440774
79,NL0 7 0 onwind,legacy,NL0 7,3,0.0,53935.51759344085,53935.517593440774
79,NL0 8 0 onwind,legacy,NL0 8,1,0.0,59329.069352818755,59329.06935281868
79,NL0 9 0 onwind,legacy,NL0 9,3,0.0,53935.51759344085,53935.517593440774
80,NL0 0 Invest,investable,NL0 0,1,0.0,59329.069352818755,59329.06935292875
80,NL0 1 Invest,investable,NL0 1,3,1000.0,53935.51759344085,53935.51759357159
80,NL0 10 Invest,investable,NL0 10,1,0.0,59329.069352818755,59329.06935292875
80,NL0 11 Invest,investable,NL0 11,3,1000.0,53935.51759344085,53935.51759357159
80,NL0 12 Invest,investable,NL0 12,2,0.0,48541.9658340839,48541.96583421443
80,NL0 13 Invest,investable,NL0 13,3,1000.0,53935.51759344085,53935.51759357159
80,NL0 14 Invest,investable,NL0 14,2,0.0,48541.9658340839,48541.96583421443
80,NL0 15 Invest,investable,NL0 15,2,0.0,48541.9658340839,48541.96583421443
80,NL0 16 Invest,investable,NL0 16,1,1000.0,59329.069352818755,59329.06935292875
80,NL0 17 Invest,investable,NL0 17,1,0.0,59329.069352818755,59329.06935292875
80,NL0 18 Invest,investable,NL0 18,1,601.5467025248663,59329.069352818755,59329.06935292875
80,NL0 19 Invest,investable,NL0 19,2,1000.0,48541.9658340839,48541.96583421443
80,NL0 2 Invest,investable,NL0 2,2,421.30931852923914,48541.9658340839,48541.96583421443
80,NL0 20 Invest,investable,NL0 20,1,0.0,59329.069352818755,59329.06935292875
80,NL0 21 Invest,investable,NL0 21,1,0.0,59329.069352818755,59329.06935292875
80,NL0 22 Invest,investable,NL0 22,3,0.0,53935.51759344085,53935.51759357159
80,NL0 23 Invest,investable,NL0 23,1,1000.0,59329.069352818755,59329.06935292875
80,NL0 24 Invest,investable,NL0 24,1,0.0,59329.069352818755,59329.06935292875
80,NL0 25 Invest,investable,NL0 25,2,0.0,48541.9658340839,48541.96583421443
80,NL0 26 Invest,investable,NL0 26,2,0.0,48541.9658340839,48541.96583421443
80,NL0 27 Invest,investable,NL0 27,1,0.0,59329.069352818755,59329.06935292875
80,NL0 28 Invest,investable,NL0 28,2,0.0,48541.9658340839,48541.96583421443
80,NL0 3 Invest,investable,NL0 3,1,1000.0,59329.069352818755,59329.06935292875
80,NL0 30 Invest,investable,NL0 30,1,1000.0,59329.069352818755,59329.06935292875
80,NL0 31 Invest,investable,NL0 31,2,1000.0,48541.9658340839,48541.96583421443
80,NL0 33 Invest,investable,NL0 33,1,1000.0,59329.069352818755,59329.06935292875
80,NL0 4 Invest,investable,NL0 4,2,0.0,48541.9658340839,48541.96583421443
80,NL0 5 Invest,investable,NL0 5,3,678.1047541590287,53935.51759344085,53935.51759357159
80,NL0 6 Invest,investable,NL0 6,3,1000.0,53935.51759344085,53935.51759357159
80,NL0 7 Invest,investable,NL0 7,3,0.0,53935.51759344085,53935.51759357159
80,NL0 8 Invest,investable,NL0 8,1,1000.0,59329.069352818755,59329.06935292875
80,NL0 9 Invest,investable,NL0 9,3,1000.0,53935.51759344085,53935.51759357159
80,NL0 1 biomass,legacy,NL0 1,3,71.0,53935.51759344085,53935.51759344085
80,NL0 1 waste,legacy,NL0 1,3,31.0,53935.51759344085,53935.51759344085
80,NL0 10 waste,legacy,NL0 10,1,150.0,59329.069352818755,59329.069352818755
80,NL0 11 biomass,legacy,NL0 11,3,20.0,53935.51759344085,53935.51759344085
80,NL0 11 waste,legacy,NL0 11,3,50.0,53935.51759344085,53935.51759344085
80,NL0 13 biomass,legacy,NL0 13,3,77.0,53935.51759344085,53935.51759344085
80,NL0 19 biomass,legacy,NL0 19,2,49.0,48541.9658340839,48541.9658340839
80,NL0 19 waste,legacy,NL0 19,2,36.0,48541.9658340839,48541.9658340839
80,NL0 22 biomass,legacy,NL0 22,3,500.0,53935.51759344085,53935.51759344085
80,NL0 25 waste,legacy,NL0 25,2,54.0,48541.9658340839,48541.9658340839
80,NL0 27 biomass,legacy,NL0 27,1,22.0,59329.069352818755,59329.069352818755
80,NL0 27 waste,legacy,NL0 27,1,71.2,59329.069352818755,59329.069352818755
80,NL0 3 biomass,legacy,NL0 3,1,22.0,59329.069352818755,59329.069352818755
80,NL0 3 waste,legacy,NL0 3,1,108.0,59329.069352818755,59329.069352818755
80,NL0 30 biomass,legacy,NL0 30,1,60.0,59329.069352818755,59329.069352818755
80,NL0 7 nuclear,legacy,NL0 7,3,515.0,53935.51759344085,53935.51759344085
80,NL0 7 waste,legacy,NL0 7,3,39.0,53935.51759344085,53935.51759344085
80,NL0 8 biomass,legacy,NL0 8,1,36.0,59329.069352818755,59329.069352818755
80,NL0 8 waste,legacy,NL0 8,1,157.0,59329.069352818755,59329.069352818755
80,NL0 9 biomass,legacy,NL0 9,3,20.0,53935.51759344085,53935.51759344085
80,NL0 0 0 solar,legacy,NL0 0,1,0.0,59329.069352818755,59329.06935281868
80,NL0 1 0 solar,legacy,NL0 1,3,0.0,53935.51759344085,53935.517593440774
80,NL0 10 0 solar,legacy,NL0 10,1,0.0,59329.069352818755,59329.06935281868
80,NL0 11 0 solar,legacy,NL0 11,3,0.0,53935.51759344085,53935.517593440774
80,NL0 12 0 solar,legacy,NL0 12,2,0.0,48541.9658340839,48541.965834083836
80,NL0 13 0 solar,legacy,NL0 13,3,0.0,53935.51759344085,53935.517593440774
80,NL0 14 0 solar,legacy,NL0 14,2,0.0,48541.9658340839,48541.965834083836
80,NL0 15 0 solar,legacy,NL0 15,2,0.0,48541.9658340839,48541.965834083836
80,NL0 16 0 solar,legacy,NL0 16,1,0.0,59329.069352818755,59329.06935281868
80,NL0 17 0 solar,legacy,NL0 17,1,0.0,59329.069352818755,59329.06935281868
80,NL0 18 0 solar,legacy,NL0 18,1,0.0,59329.069352818755,59329.06935281868
80,NL0 19 0 solar,legacy,NL0 19,2,0.0,48541.9658340839,48541.965834083836
80,NL0 2 0 solar,legacy,NL0 2,2,0.0,48541.9658340839,48541.965834083836
80,NL0 20 0 solar,legacy,NL0 20,1,0.0,59329.069352818755,59329.06935281868
80,NL0 21 0 solar,legacy,NL0 21,1,0.0,59329.069352818755,59329.06935281868
80,NL0 22 0 solar,legacy,NL0 22,3,0.0,53935.51759344085,53935.517593440774
80,NL0 23 0 solar,legacy,NL0 23,1,0.0,59329.069352818755,59329.06935281868
80,NL0 24 0 solar,legacy,NL0 24,1,0.0,59329.069352818755,59329.06935281868
80,NL0 25 0 solar,legacy,NL0 25,2,0.0,48541.9658340839,48541.965834083836
80,NL0 26 0 solar,legacy,NL0 26,2,0.0,48541.9658340839,48541.965834083836
80,NL0 27 0 solar,legacy,NL0 27,1,0.0,59329.069352818755,59329.06935281868
80,NL0 28 0 solar,legacy,NL0 28,2,0.0,48541.9658340839,48541.965834083836
80,NL0 3 0 solar,legacy,NL0 3,1,0.0,59329.069352818755,59329.06935281868
80,NL0 30 0 solar,legacy,NL0 30,1,0.0,59329.069352818755,59329.06935281868
80,NL0 31 0 solar,legacy,NL0 31,2,0.0,48541.9658340839,48541.965834083836
80,NL0 4 0 solar,legacy,NL0 4,2,0.0,48541.9658340839,48541.965834083836
80,NL0 5 0 solar,legacy,NL0 5,3,0.0,53935.51759344085,53935.517593440774
80,NL0 6 0 solar,legacy,NL0 6,3,0.0,53935.51759344085,53935.517593440774
80,NL0 7 0 solar,legacy,NL0 7,3,0.0,53935.51759344085,53935.517593440774
80,NL0 8 0 solar,legacy,NL0 8,1,0.0,59329.069352818755,59329.06935281868
80,NL0 9 0 solar,legacy,NL0 9,3,0.0,53935.51759344085,53935.517593440774
80,NL0 20 0 offwind-ac,legacy,NL0 20,1,0.0,59329.069352818755,59329.06935281868
80,NL0 27 0 offwind-ac,legacy,NL0 27,1,0.0,59329.069352818755,59329.06935281868
80,NL0 31 0 offwind-ac,legacy,NL0 31,2,0.0,48541.9658340839,48541.965834083836
80,NL0 32 0 offwind-ac,legacy,NL0 32,1,0.0,59329.069352818755,59329.06935281868
80,NL0 7 0 offwind-ac,legacy,NL0 7,3,0.0,53935.51759344085,53935.517593440774
80,NL0 0 0 onwind,legacy,NL0 0,1,0.0,59329.069352818755,59329.06935281868
80,NL0 1 0 onwind,legacy,NL0 1,3,0.0,53935.51759344085,53935.517593440774
80,NL0 10 0 onwind,legacy,NL0 10,1,0.0,59329.069352818755,59329.06935281868
80,NL0 11 0 onwind,legacy,NL0 11,3,0.0,53935.51759344085,53935.517593440774
80,NL0 12 0 onwind,legacy,NL0 12,2,0.0,48541.9658340839,48541.965834083836
80,NL0 13 0 onwind,legacy,NL0 13,3,0.0,53935.51759344085,53935.517593440774
80,NL0 14 0 onwind,legacy,NL0 14,2,0.0,48541.9658340839,48541.965834083836
80,NL0 15 0 onwind,legacy,NL0 15,2,0.0,48541.9658340839,48541.965834083836
80,NL0 17 0 onwind,legacy,NL0 17,1,0.0,59329.069352818755,59329.06935281868
80,NL0 19 0 onwind,legacy,NL0 19,2,0.0,48541.9658340839,48541.965834083836
80,NL0 2 0 onwind,legacy,NL0 2,2,0.0,48541.9658340839,48541.965834083836
80,NL0 20 0 onwind,legacy,NL0 20,1,0.0,59329.069352818755,59329.06935281868
80,NL0 21 0 onwind,legacy,NL0 21,1,0.0,59329.069352818755,59329.06935281868
80,NL0 22 0 onwind,legacy,NL0 22,3,0.0,53935.51759344085,53935.517593440774
80,NL0 23 0 onwind,legacy,NL0 23,1,0.0,59329.069352818755,59329.06935281868
80,NL0 24 0 onwind,legacy,NL0 24,1,0.0,59329.069352818755,59329.06935281868
80,NL0 27 0 onwind,legacy,NL0 27,1,0.0,59329.069352818755,59329.06935281868
80,NL0 3 0 onwind,legacy,NL0 3,1,0.0,59329.069352818755,59329.06935281868
80,NL0 30 0 onwind,legacy,NL0 30,1,0.0,59329.069352818755,59329.06935281868
80,NL0 31 0 onwind,legacy,NL0 31,2,0.0,48541.9658340839,48541.965834083836
80,NL0 4 0 onwind,legacy,NL0 4,2,0.0,48541.9658340839,48541.965834083836
80,NL0 5 0 onwind,legacy,NL0 5,3,0.0,53935.51759344085,53935.517593440774
80,NL0 6 0 onwind,legacy,NL0 6,3,0.0,53935.51759344085,53935.517593440774
80,NL0 7 0 onwind,legacy,NL0 7,3,0.0,53935.51759344085,53935.517593440774
80,NL0 8 0 onwind,legacy,NL0 8,1,0.0,59329.069352818755,59329.06935281868
80,NL0 9 0 onwind,legacy,NL0 9,3,0.0,53935.51759344085,53935.517593440774
