bus,technology,kept_capacity,retired_capacity
NL0 0,coal,18.532997323249884,181.46700267675013
NL0 1,coal,80.70019323426874,119.29980676573126
NL0 10,coal,75.76680944248177,124.23319055751823
