run_id,generator,bus,zone,cap,vc,mu_cm_bud,energy_rent,cm_rent,total_gen
1,NL0 0 CCGT,NL0 0,1,575.0,43.272866666666665,5472.580872955331,540923.5908802451,3.1467340019493154e6,60750.251028921906
1,NL0 1 biomass,NL0 1,1,71.0,19.979914529914527,5472.580872955331,322772.0821956153,388553.2419798285,12158.758589916517
1,NL0 1 waste,NL0 1,1,31.0,34.1135,5472.580872955331,69198.42877354372,169650.00706161527,4602.5236861062795
1,NL0 10 CCGT,NL0 10,1,507.0,43.27286666666667,5472.580872955331,476953.49665440683,2.7745985025883527e6,53134.50444236456
1,NL0 10 waste,NL0 10,1,150.0,34.1135,5472.580872955331,334831.10696875997,820887.1309432996,22513.18205702258
1,NL0 11 CCGT,NL0 11,1,72.0,43.27286666666667,5472.580872955331,67733.04094500453,394025.82285278384,7200.0
1,NL0 11 biomass,NL0 11,1,20.0,19.979914529914527,5472.580872955331,90921.71329453951,109451.61745910662,3440.0
1,NL0 11 waste,NL0 11,1,50.0,34.1135,5472.580872955331,111610.36898958655,273629.0436477665,7300.0
1,NL0 13 CCGT,NL0 13,1,50.0,43.27286666666667,5472.580872955331,47036.83398958649,273629.0436477665,5171.858314316779
1,NL0 13 biomass,NL0 13,1,77.0,19.979914529914527,5472.580872955331,350048.59618397715,421388.72721756046,13244.0
1,NL0 16 CCGT,NL0 16,1,268.0,43.27286666666667,5472.580872955331,252117.4301841835,1.4666516739520286e6,27604.0
1,NL0 17 CCGT,NL0 17,1,107.0,43.27286666666667,5472.580872955331,100658.82473771505,585566.1534062204,10514.1872034991
1,NL0 18 CCGT,NL0 18,1,112.0,43.27286666666667,5472.580872955331,105362.50813667373,612929.057770997,11096.749416152546
1,NL0 19 CCGT,NL0 19,1,523.0,53.04262929292929,5472.580872955331,286383.1175012115,2.8621597965556383e6,11442.174094047412
1,NL0 19 biomass,NL0 19,1,49.0,19.979914529914527,5472.580872955331,222758.1975716218,268156.4627748112,8428.0
1,NL0 19 waste,NL0 19,1,36.0,34.1135,5472.580872955331,80359.46567250241,197012.91142639192,5292.0
1,NL0 2 CCGT,NL0 2,1,272.5,43.27286666666667,5472.580872955331,256350.74524324635,1.4912782878803278e6,26837.946529799803
1,NL0 21 CCGT,NL0 21,1,85.0,43.27286666666667,5472.580872955331,79962.61778229702,465169.3742012031,8415.0
1,NL0 22 CCGT,NL0 22,1,100.0,43.27286666666667,5472.580872955331,94073.66797917297,547258.087295533,9971.948079152387
1,NL0 22 biomass,NL0 22,1,500.0,19.979914529914527,5472.580872955331,2.2730428323634886e6,2.7362904364776653e6,88295.71740471417
1,NL0 23 CCGT,NL0 23,1,964.0,43.8530553226903,5472.580872955331,870323.5031578826,5.275567961528939e6,47693.60984839019
1,NL0 24 CCGT,NL0 24,1,684.0,67.50263035262032,5472.580872955331,184434.58658511768,3.7432453171014464e6,10714.131758202937
1,NL0 25 waste,NL0 25,1,54.0,34.1135,5472.580872955331,120539.1985087535,295519.3671395879,7960.378325875376
1,NL0 27 CCGT,NL0 27,1,984.0,43.27286666666667,5472.580872955331,925684.8929150619,5.385019578988045e6,93329.52411569888
1,NL0 27 biomass,NL0 27,1,22.0,19.979914529914527,5472.580872955331,100013.88462399352,120396.77920501729,3762.0
1,NL0 27 waste,NL0 27,1,71.2,34.1135,5472.580872955331,158933.1654411713,389647.7581544196,10677.709622723589
1,NL0 28 CCGT,NL0 28,1,144.0,43.27286666666667,5472.580872955331,135466.08189000905,788051.6457055677,14178.187361481716
1,NL0 3 CCGT,NL0 3,1,1907.0,51.41762846054192,5472.580872955331,1.1124058873594762e6,1.0436211724725816e7,58777.980640510366
1,NL0 3 biomass,NL0 3,1,22.0,19.979914529914527,5472.580872955331,100013.88462399352,120396.77920501729,3784.0
1,NL0 3 waste,NL0 3,1,108.0,34.1135,5472.580872955331,241078.39701750697,591038.7342791758,16084.735568981101
1,NL0 30 biomass,NL0 30,1,60.0,19.979914529914527,5472.580872955331,272765.1398836184,328354.8523773199,10320.0
1,NL0 31 CCGT,NL0 31,1,3341.0,85.4787109164719,5472.580872955331,7.95329093533844e-10,1.828389269654376e7,23559.4539788287
1,NL0 5 CCGT,NL0 5,1,49.6,43.27286666666667,5472.580872955331,46660.539317669805,271440.0112985844,5009.600000000001
1,NL0 6 CCGT,NL0 6,1,1608.4,43.27286666666667,5472.580872955331,1.5130808757770178e6,8.802099076061355e6,165567.44448251446
1,NL0 7 CCGT,NL0 7,1,1398.0,43.6729395310492,5472.580872955331,1.275998747840363e6,7.650668060391553e6,85506.53181069877
1,NL0 7 nuclear,NL0 7,1,515.0,27.322803680981593,5472.580872955331,1.7021457600712709e6,2.8183791495719953e6,84102.42124441595
1,NL0 7 waste,NL0 7,1,39.0,34.1135,5472.580872955331,87056.08781187763,213430.65404525792,5752.794037512373
1,NL0 8 CCGT,NL0 8,1,447.0,58.928107624263944,5472.580872955331,189520.2300529806,2.446243650211033e6,8652.104303317305
1,NL0 8 biomass,NL0 8,1,36.0,19.979914529914527,5472.580872955331,163659.0839301714,197012.91142639192,6192.0
1,NL0 8 waste,NL0 8,1,157.0,34.1135,5472.580872955331,350456.5586273022,859195.197053987,23246.18216539272
1,NL0 9 biomass,NL0 9,1,20.0,19.979914529914527,5472.580872955331,90921.71329453951,109451.61745910662,3400.0
1,NL0 0 0 solar,NL0 0,1,144.0,0.01,59329.06935292875,143777.17181364013,0.0,3495.7738491645578
1,NL0 1 0 solar,NL0 1,1,291.5,0.01,59329.06935292875,279083.88681448676,0.0,6948.705449759602
1,NL0 10 0 solar,NL0 10,1,120.1,0.01,59329.06935292875,123510.80794349074,0.0,3035.911304769089
1,NL0 11 0 solar,NL0 11,1,436.4,0.01,59329.06935292875,411901.3058784065,0.0,10306.481755249355
1,NL0 12 0 solar,NL0 12,1,203.1,0.01,59329.06935292875,191990.80544541526,0.0,4820.92251154439
1,NL0 13 0 solar,NL0 13,1,473.2,0.01,59329.06935292875,452951.73890675174,0.0,11187.121113824795
1,NL0 14 0 solar,NL0 14,1,85.3,0.01,59329.06935292875,84067.00358636606,0.0,2087.7663698282927
1,NL0 15 0 solar,NL0 15,1,369.4,0.01,59329.06935292875,346685.285034427,0.0,8736.034836219216
1,NL0 16 0 solar,NL0 16,1,68.8,0.01,59329.06935292875,69599.92687591027,0.0,1691.4298225830848
1,NL0 17 0 solar,NL0 17,1,63.1,0.01,59329.06935292875,65394.03954021667,0.0,1589.8866005603036
1,NL0 18 0 solar,NL0 18,1,13.399999999999999,0.01,59329.06935292875,13705.30422290253,0.0,335.710111700008
1,NL0 19 0 solar,NL0 19,1,75.60000000000001,0.01,59329.06935292875,70863.94290967542,0.0,1815.0254919597055
1,NL0 2 0 solar,NL0 2,1,1109.1,0.01,59329.06935292875,1.0323424735205562e6,0.0,26402.661517956996
1,NL0 20 0 solar,NL0 20,1,331.2,0.01,59329.06935292875,320483.9317679877,0.0,7909.5604725700005
1,NL0 21 0 solar,NL0 21,1,40.5,0.01,59329.06935292875,41600.66565576048,0.0,1013.9430253950717
1,NL0 22 0 solar,NL0 22,1,263.3,0.01,59329.06935292875,260617.55609716475,0.0,6361.56546158242
1,NL0 23 0 solar,NL0 23,1,57.1,0.01,59329.06935292875,57564.46412102373,0.0,1403.2936270342718
1,NL0 24 0 solar,NL0 24,1,99.8,0.01,59329.06935292875,98258.96051930617,0.0,2393.4015185461817
1,NL0 25 0 solar,NL0 25,1,663.4,0.01,59329.06935292875,623417.0481376504,0.0,15835.542397299549
1,NL0 26 0 solar,NL0 26,1,156.2,0.01,59329.06935292875,154151.3282016009,0.0,3821.2856187503758
1,NL0 27 0 solar,NL0 27,1,103.1,0.01,59329.06935292875,107361.95522086936,0.0,2649.1257341788905
1,NL0 28 0 solar,NL0 28,1,105.3,0.01,59329.06935292875,100355.16709245981,0.0,2489.1644574964166
1,NL0 3 0 solar,NL0 3,1,84.5,0.01,59329.06935292875,85165.20527245206,0.0,2070.9188767275286
1,NL0 30 0 solar,NL0 30,1,3.6,0.01,59329.06935292875,3668.2574639459576,0.0,89.82355962877534
1,NL0 31 0 solar,NL0 31,1,44.8,0.01,59329.06935292875,42321.02586653224,0.0,1072.8423780802711
1,NL0 4 0 solar,NL0 4,1,142.8,0.01,59329.06935292875,136790.37822099504,0.0,3403.277910451907
1,NL0 5 0 solar,NL0 5,1,351.7,0.01,59329.06935292875,342365.7706028363,0.0,8409.128930464909
1,NL0 6 0 solar,NL0 6,1,260.3,0.01,59329.06935292875,262068.44217328122,0.0,6427.157527688587
1,NL0 7 0 solar,NL0 7,1,553.2,0.01,59329.06935292875,550871.4655114005,0.0,13445.138753780626
1,NL0 8 0 solar,NL0 8,1,79.5,0.01,59329.06935292875,79242.76000531408,0.0,1927.2751274433406
1,NL0 9 0 solar,NL0 9,1,299.5,0.01,59329.06935292875,289172.5962436978,0.0,7188.544634543878
1,NL0 20 0 offwind-ac,NL0 20,1,578.0,0.015,59329.06935292875,2.0897042570821068e6,0.0,54030.93358735233
1,NL0 27 0 offwind-ac,NL0 27,1,4583.0,0.015,59329.06935292875,1.8364927258024745e7,0.0,512438.57082470565
1,NL0 31 0 offwind-ac,NL0 31,1,600.0,0.015,59329.06935292875,2.3448754266029424e6,0.0,65002.40995494072
1,NL0 32 0 offwind-ac,NL0 32,1,608.0,0.015,59329.06935292875,2.5122772306798655e6,0.0,70162.48686909239
1,NL0 7 0 offwind-ac,NL0 7,1,752.0,0.015,59329.06935292875,3.1154508015855406e6,0.0,84794.19256763809
1,NL0 0 0 onwind,NL0 0,1,59.0,0.015,59329.06935292875,141581.73699949784,0.0,4482.345107547118
1,NL0 1 0 onwind,NL0 1,1,75.0,0.015,59329.06935292875,144987.223672517,0.0,4517.658299818789
1,NL0 10 0 onwind,NL0 10,1,428.0,0.015,59329.06935292875,1.4291400869199412e6,0.0,42471.58939304397
1,NL0 11 0 onwind,NL0 11,1,21.0,0.015,59329.06935292875,40420.12081248227,0.0,1300.2105832325692
1,NL0 12 0 onwind,NL0 12,1,54.0,0.015,59329.06935292875,157750.11158850274,0.0,4717.86859099142
1,NL0 13 0 onwind,NL0 13,1,23.0,0.015,59329.06935292875,48363.225696769005,0.0,1555.622069077163
1,NL0 14 0 onwind,NL0 14,1,61.0,0.015,59329.06935292875,204206.8002025359,0.0,6037.66177756561
1,NL0 15 0 onwind,NL0 15,1,52.0,0.015,59329.06935292875,110981.05180824433,0.0,3563.8294443237382
1,NL0 17 0 onwind,NL0 17,1,27.0,0.015,59329.06935292875,77212.90743965164,0.0,2329.6916850921266
1,NL0 19 0 onwind,NL0 19,1,532.0,0.015,59329.06935292875,1.3460316067230038e6,0.0,41954.97601131978
1,NL0 2 0 onwind,NL0 2,1,472.8,0.015,59329.06935292875,1.0549214371896542e6,0.0,33885.93591640591
1,NL0 20 0 onwind,NL0 20,1,822.2,0.015,59329.06935292875,2.2296443636200447e6,0.0,69336.60955946345
1,NL0 21 0 onwind,NL0 21,1,36.0,0.015,59329.06935292875,104484.76563321071,0.0,3141.3564070712346
1,NL0 22 0 onwind,NL0 22,1,122.7,0.015,59329.06935292875,259097.50094449072,0.0,8315.637013623795
1,NL0 23 0 onwind,NL0 23,1,127.0,0.015,59329.06935292875,371375.7050556639,0.0,11339.523922297043
1,NL0 24 0 onwind,NL0 24,1,33.0,0.015,59329.06935292875,87218.32571815485,0.0,2598.1240179295637
1,NL0 27 0 onwind,NL0 27,1,21.6,0.015,59329.06935292875,74449.90450443185,0.0,2180.9045521535386
1,NL0 3 0 onwind,NL0 3,1,284.6,0.015,59329.06935292875,734639.6276889532,0.0,22458.606473793705
1,NL0 30 0 onwind,NL0 30,1,31.0,0.015,59329.06935292875,89651.52416415488,0.0,2662.9671218585836
1,NL0 31 0 onwind,NL0 31,1,216.0,0.015,59329.06935292875,634984.0143862665,0.0,18937.546997048783
1,NL0 4 0 onwind,NL0 4,1,287.0,0.015,59329.06935292875,733311.6964016735,0.0,22797.587646299053
1,NL0 5 0 onwind,NL0 5,1,21.0,0.015,59329.06935292875,39673.869513893376,0.0,1254.2039909648804
1,NL0 6 0 onwind,NL0 6,1,35.0,0.015,59329.06935292875,65026.749012613116,0.0,2126.9213407013876
1,NL0 7 0 onwind,NL0 7,1,374.3,0.015,59329.06935292875,974864.6796991499,0.0,30159.0744295002
1,NL0 8 0 onwind,NL0 8,1,101.1,0.015,59329.06935292875,229603.3320273519,0.0,7323.460787945647
1,NL0 9 0 onwind,NL0 9,1,35.0,0.015,59329.06935292875,64634.206735854954,0.0,2080.003519178417
2,NL0 0 CCGT,NL0 0,1,575.0,43.272866666666665,5472.580873014661,540923.590880245,3.1467340019834302e6,57070.97822443549
2,NL0 1 biomass,NL0 1,1,71.0,19.979914529914527,5472.580873014661,322772.0821956153,388553.24198404094,12212.0
2,NL0 1 waste,NL0 1,1,31.0,34.1135,5472.580873014661,69198.42877354372,169650.00706345448,4588.0
2,NL0 10 CCGT,NL0 10,1,507.0,43.27286666666667,5472.580873014661,476953.4966544069,2.774598502618433e6,51460.3225440703
2,NL0 10 waste,NL0 10,1,150.0,34.1135,5472.580873014661,334831.10696875997,820887.1309521991,22219.607639047397
2,NL0 11 CCGT,NL0 11,1,72.0,43.27286666666667,5472.580873014661,67733.04094500456,394025.8228570556,6984.0
2,NL0 11 biomass,NL0 11,1,20.0,19.979914529914527,5472.580873014661,90921.71329453951,109451.61746029322,3440.0
2,NL0 11 waste,NL0 11,1,50.0,34.1135,5472.580873014661,111610.36898958657,273629.0436507331,7389.645292833668
2,NL0 13 CCGT,NL0 13,1,50.0,43.27286666666667,5472.580873014661,47036.83398958648,273629.0436507331,4800.0
2,NL0 13 biomass,NL0 13,1,77.0,19.979914529914527,5472.580873014661,350048.59618397715,421388.7272221289,13170.758589916517
2,NL0 16 CCGT,NL0 16,1,268.0,43.27286666666667,5472.580873014661,252117.43018418347,1.466651673967929e6,26099.23742545749
2,NL0 17 CCGT,NL0 17,1,107.0,43.27286666666667,5472.580873014661,100658.82473771505,585566.1534125687,10165.0
2,NL0 18 CCGT,NL0 18,1,112.0,43.27286666666667,5472.580873014661,105362.50813667373,612929.057777642,10793.095712381146
2,NL0 19 CCGT,NL0 19,1,523.0,53.04262929292929,5472.580873014661,286383.1175012115,2.8621597965866677e6,11442.174094047412
2,NL0 19 biomass,NL0 19,1,49.0,19.979914529914527,5472.580873014661,222758.19757162183,268156.4627777184,8428.0
2,NL0 19 waste,NL0 19,1,36.0,34.1135,5472.580873014661,80359.46567250243,197012.9114285278,5269.7082861502
2,NL0 2 CCGT,NL0 2,1,272.5,43.27286666666667,5472.580873014661,256350.74524324643,1.491278287896495e6,27598.930967259126
2,NL0 21 CCGT,NL0 21,1,85.0,43.27286666666667,5472.580873014661,79962.61778229702,465169.37420624617,8471.068863257964
2,NL0 22 CCGT,NL0 22,1,100.0,43.27286666666667,5472.580873014661,94073.66797917295,547258.0873014661,9700.0
2,NL0 22 biomass,NL0 22,1,500.0,19.979914529914527,5472.580873014661,2.273042832363489e6,2.7362904365073303e6,88273.71740471426
2,NL0 23 CCGT,NL0 23,1,964.0,43.8530553226903,5472.580873014661,870323.5031578827,5.275567961586134e6,47693.60984839019
2,NL0 24 CCGT,NL0 24,1,684.0,67.50263035262032,5472.580873014661,184434.58658511768,3.743245317142028e6,10714.131758202937
2,NL0 25 waste,NL0 25,1,54.0,34.1135,5472.580873014661,120539.19850875348,295519.3671427917,7982.486858942552
2,NL0 27 CCGT,NL0 27,1,984.0,43.27286666666667,5472.580873014661,925684.8929150624,5.385019579046426e6,104351.54452247343
2,NL0 27 biomass,NL0 27,1,22.0,19.979914529914527,5472.580873014661,100013.88462399352,120396.77920632254,3784.0
2,NL0 27 waste,NL0 27,1,71.2,34.1135,5472.580873014661,158933.1654411713,389647.75815864385,10751.200000000012
2,NL0 28 CCGT,NL0 28,1,144.0,43.27286666666667,5472.580873014661,135466.0818900091,788051.6457141112,13887.454109753315
2,NL0 3 CCGT,NL0 3,1,1907.0,51.41762846054192,5472.580873014661,1.1124058873594762e6,1.0436211724838959e7,58777.98064051038
2,NL0 3 biomass,NL0 3,1,22.0,19.979914529914527,5472.580873014661,100013.88462399352,120396.77920632254,3784.0
2,NL0 3 waste,NL0 3,1,108.0,34.1135,5472.580873014661,241078.397017507,591038.7342855834,16247.45643258894
2,NL0 30 biomass,NL0 30,1,60.0,19.979914529914527,5472.580873014661,272765.1398836184,328354.85238087963,10320.0
2,NL0 31 CCGT,NL0 31,1,3341.0,85.4787109164719,5472.580873014661,8.169757987421037e-10,1.8283892696741983e7,23559.453978829137
2,NL0 5 CCGT,NL0 5,1,49.6,43.27286666666667,5472.580873014661,46660.5393176698,271440.0113015272,4711.999999999999
2,NL0 6 CCGT,NL0 6,1,1608.4,43.27286666666667,5472.580873014661,1.513080875777018e6,8.802099076156782e6,162687.5686048139
2,NL0 7 CCGT,NL0 7,1,1398.0,43.6729395310492,5472.580873014661,1.2759987478403633e6,7.650668060474496e6,85506.53181069877
2,NL0 7 nuclear,NL0 7,1,515.0,27.322803680981593,5472.580873014661,1.7021457600712709e6,2.8183791496025505e6,84102.42124441595
2,NL0 7 waste,NL0 7,1,39.0,34.1135,5472.580873014661,87056.08781187763,213430.65404757176,5772.0
2,NL0 8 CCGT,NL0 8,1,447.0,58.928107624263944,5472.580873014661,189520.23005298054,2.4462436502375533e6,8652.104303317303
2,NL0 8 biomass,NL0 8,1,36.0,19.979914529914527,5472.580873014661,163659.0839301714,197012.9114285278,6192.0
2,NL0 8 waste,NL0 8,1,157.0,34.1135,5472.580873014661,350456.5586273022,859195.1970633018,23209.40095405125
2,NL0 9 biomass,NL0 9,1,20.0,19.979914529914527,5472.580873014661,90921.71329453951,109451.61746029322,3420.0
2,NL0 0 0 solar,NL0 0,1,144.0,0.01,59329.06935292875,143777.17181364013,0.0,3495.7738491645578
2,NL0 1 0 solar,NL0 1,1,291.5,0.01,59329.06935292875,279083.88681448676,0.0,6948.705449759602
2,NL0 10 0 solar,NL0 10,1,120.1,0.01,59329.06935292875,123510.80794349074,0.0,3035.911304769089
2,NL0 11 0 solar,NL0 11,1,436.4,0.01,59329.06935292875,411901.30587840657,0.0,10306.481755249355
2,NL0 12 0 solar,NL0 12,1,203.1,0.01,59329.06935292875,191990.80544541526,0.0,4820.92251154439
2,NL0 13 0 solar,NL0 13,1,473.2,0.01,59329.06935292875,452951.73890675174,0.0,11187.121113824795
2,NL0 14 0 solar,NL0 14,1,85.3,0.01,59329.06935292875,84067.00358636606,0.0,2087.7663698282927
2,NL0 15 0 solar,NL0 15,1,369.4,0.01,59329.06935292875,346685.285034427,0.0,8736.034836219216
2,NL0 16 0 solar,NL0 16,1,68.8,0.01,59329.06935292875,69599.92687591027,0.0,1691.4298225830848
2,NL0 17 0 solar,NL0 17,1,63.1,0.01,59329.06935292875,65394.03954021667,0.0,1589.8866005603036
2,NL0 18 0 solar,NL0 18,1,13.399999999999999,0.01,59329.06935292875,13705.304222902532,0.0,335.710111700008
2,NL0 19 0 solar,NL0 19,1,75.60000000000001,0.01,59329.06935292875,70863.94290967542,0.0,1815.0254919597055
2,NL0 2 0 solar,NL0 2,1,1109.1,0.01,59329.06935292875,1.0323424735205562e6,0.0,26402.661517956996
2,NL0 20 0 solar,NL0 20,1,331.2,0.01,59329.06935292875,320483.9317679877,0.0,7909.5604725700005
2,NL0 21 0 solar,NL0 21,1,40.5,0.01,59329.06935292875,41600.66565576048,0.0,1013.9430253950717
2,NL0 22 0 solar,NL0 22,1,263.3,0.01,59329.06935292875,260617.55609716478,0.0,6361.56546158242
2,NL0 23 0 solar,NL0 23,1,57.1,0.01,59329.06935292875,57564.46412102373,0.0,1403.2936270342718
2,NL0 24 0 solar,NL0 24,1,99.8,0.01,59329.06935292875,98258.96051930617,0.0,2393.4015185461817
2,NL0 25 0 solar,NL0 25,1,663.4,0.01,59329.06935292875,623417.0481376504,0.0,15835.542397299549
2,NL0 26 0 solar,NL0 26,1,156.2,0.01,59329.06935292875,154151.3282016009,0.0,3821.2856187503758
2,NL0 27 0 solar,NL0 27,1,103.1,0.01,59329.06935292875,107361.95522086936,0.0,2649.1257341788905
2,NL0 28 0 solar,NL0 28,1,105.3,0.01,59329.06935292875,100355.16709245981,0.0,2489.1644574964166
2,NL0 3 0 solar,NL0 3,1,84.5,0.01,59329.06935292875,85165.20527245209,0.0,2070.9188767275286
2,NL0 30 0 solar,NL0 30,1,3.6,0.01,59329.06935292875,3668.2574639459576,0.0,89.82355962877534
2,NL0 31 0 solar,NL0 31,1,44.8,0.01,59329.06935292875,42321.02586653224,0.0,1072.8423780802711
2,NL0 4 0 solar,NL0 4,1,142.8,0.01,59329.06935292875,136790.37822099504,0.0,3403.277910451907
2,NL0 5 0 solar,NL0 5,1,351.7,0.01,59329.06935292875,342365.77060283633,0.0,8409.128930464909
2,NL0 6 0 solar,NL0 6,1,260.3,0.01,59329.06935292875,262068.44217328122,0.0,6427.157527688587
2,NL0 7 0 solar,NL0 7,1,553.2,0.01,59329.06935292875,550871.4655114005,0.0,13445.138753780626
2,NL0 8 0 solar,NL0 8,1,79.5,0.01,59329.06935292875,79242.76000531408,0.0,1927.2751274433406
2,NL0 9 0 solar,NL0 9,1,299.5,0.01,59329.06935292875,289172.5962436978,0.0,7188.544634543878
2,NL0 20 0 offwind-ac,NL0 20,1,578.0,0.015,59329.06935292875,2.0897042570821068e6,0.0,55044.42497085987
2,NL0 27 0 offwind-ac,NL0 27,1,4583.0,0.015,59329.06935292875,1.8364927258024745e7,0.0,508745.55625240674
2,NL0 31 0 offwind-ac,NL0 31,1,600.0,0.015,59329.06935292875,2.3448754266029424e6,0.0,65533.70995494073
2,NL0 32 0 offwind-ac,NL0 32,1,608.0,0.015,59329.06935292875,2.5122772306798655e6,0.0,70162.48686909239
2,NL0 7 0 offwind-ac,NL0 7,1,752.0,0.015,59329.06935292875,3.1154508015855406e6,0.0,86125.98456763808
2,NL0 0 0 onwind,NL0 0,1,59.0,0.015,59329.06935292875,141581.73699949787,0.0,4423.345107547118
2,NL0 1 0 onwind,NL0 1,1,75.0,0.015,59329.06935292875,144987.223672517,0.0,4517.658299818789
2,NL0 10 0 onwind,NL0 10,1,428.0,0.015,59329.06935292875,1.4291400869199412e6,0.0,42899.58939304398
2,NL0 11 0 onwind,NL0 11,1,21.0,0.015,59329.06935292875,40420.12081248227,0.0,1307.6695123700767
2,NL0 12 0 onwind,NL0 12,1,54.0,0.015,59329.06935292875,157750.11158850274,0.0,4771.910600543067
2,NL0 13 0 onwind,NL0 13,1,23.0,0.015,59329.06935292875,48363.225696769005,0.0,1532.6220690771631
2,NL0 14 0 onwind,NL0 14,1,61.0,0.015,59329.06935292875,204206.8002025359,0.0,5915.66177756561
2,NL0 15 0 onwind,NL0 15,1,52.0,0.015,59329.06935292875,110981.05180824433,0.0,3566.2068649493503
2,NL0 17 0 onwind,NL0 17,1,27.0,0.015,59329.06935292875,77212.90743965164,0.0,2303.0576664619116
2,NL0 19 0 onwind,NL0 19,1,532.0,0.015,59329.06935292875,1.3460316067230038e6,0.0,42486.97601131978
2,NL0 2 0 onwind,NL0 2,1,472.8,0.015,59329.06935292875,1.0549214371896542e6,0.0,33882.00351157511
2,NL0 20 0 onwind,NL0 20,1,822.2,0.015,59329.06935292875,2.2296443636200447e6,0.0,69336.60955946345
2,NL0 21 0 onwind,NL0 21,1,36.0,0.015,59329.06935292875,104484.76563321073,0.0,3141.3564070712346
2,NL0 22 0 onwind,NL0 22,1,122.7,0.015,59329.06935292875,259097.50094449072,0.0,8070.768412036254
2,NL0 23 0 onwind,NL0 23,1,127.0,0.015,59329.06935292875,371375.7050556639,0.0,11093.175682684092
2,NL0 24 0 onwind,NL0 24,1,33.0,0.015,59329.06935292875,87218.32571815485,0.0,2695.335457473082
2,NL0 27 0 onwind,NL0 27,1,21.6,0.015,59329.06935292875,74449.90450443185,0.0,2094.507877365423
2,NL0 3 0 onwind,NL0 3,1,284.6,0.015,59329.06935292875,734639.6276889532,0.0,22726.28265135161
2,NL0 30 0 onwind,NL0 30,1,31.0,0.015,59329.06935292875,89651.52416415488,0.0,2692.1132215717694
2,NL0 31 0 onwind,NL0 31,1,216.0,0.015,59329.06935292875,634984.0143862665,0.0,19153.54699704878
2,NL0 4 0 onwind,NL0 4,1,287.0,0.015,59329.06935292875,733311.6964016735,0.0,22797.591441937933
2,NL0 5 0 onwind,NL0 5,1,21.0,0.015,59329.06935292875,39673.869513893376,0.0,1282.9340960200916
2,NL0 6 0 onwind,NL0 6,1,35.0,0.015,59329.06935292875,65026.749012613116,0.0,2126.9213407013876
2,NL0 7 0 onwind,NL0 7,1,374.3,0.015,59329.06935292875,974864.6796991499,0.0,30159.0744295002
2,NL0 8 0 onwind,NL0 8,1,101.1,0.015,59329.06935292875,229603.3320273519,0.0,7323.460787945647
2,NL0 9 0 onwind,NL0 9,1,35.0,0.015,59329.06935292875,64634.206735854954,0.0,2045.9686705959102
3,NL0 0 CCGT,NL0 0,1,575.0,43.272866666666665,5472.580873014774,540923.5908802447,3.146734001983495e6,58551.10733539219
3,NL0 1 biomass,NL0 1,1,71.0,19.979914529914527,5472.580873014774,322772.0821956152,388553.2419840489,12212.0
3,NL0 1 waste,NL0 1,1,31.0,34.1135,5472.580873014774,69198.42877354372,169650.00706345798,4588.0
3,NL0 10 CCGT,NL0 10,1,507.0,43.27286666666667,5472.580873014774,476953.496654407,2.7745985026184903e6,53845.32207690665
3,NL0 10 waste,NL0 10,1,150.0,34.1135,5472.580873014774,334831.10696875985,820887.1309522161,22115.94571561753
3,NL0 11 CCGT,NL0 11,1,72.0,43.27286666666667,5472.580873014774,67733.0409450045,394025.82285706373,6981.653019056419
3,NL0 11 biomass,NL0 11,1,20.0,19.979914529914527,5472.580873014774,90921.71329453951,109451.61746029547,3460.0
3,NL0 11 waste,NL0 11,1,50.0,34.1135,5472.580873014774,111610.36898958655,273629.04365073866,7450.0
3,NL0 13 CCGT,NL0 13,1,50.0,43.27286666666667,5472.580873014774,47036.83398958647,273629.04365073866,4730.8968030780425
3,NL0 13 biomass,NL0 13,1,77.0,19.979914529914527,5472.580873014774,350048.59618397715,421388.72722213756,13170.758589916517
3,NL0 16 CCGT,NL0 16,1,268.0,43.27286666666667,5472.580873014774,252117.43018418344,1.4666516739679594e6,26282.254081325736
3,NL0 17 CCGT,NL0 17,1,107.0,43.27286666666667,5472.580873014774,100658.82473771505,585566.1534125808,10272.0
3,NL0 18 CCGT,NL0 18,1,112.0,43.27286666666667,5472.580873014774,105362.50813667373,612929.0577776546,11424.0
3,NL0 19 CCGT,NL0 19,1,523.0,53.04262929292929,5472.580873014774,286383.1175012116,2.862159796586727e6,11442.174094047417
3,NL0 19 biomass,NL0 19,1,49.0,19.979914529914527,5472.580873014774,222758.19757162183,268156.4627777239,8428.0
3,NL0 19 waste,NL0 19,1,36.0,34.1135,5472.580873014774,80359.4656725024,197012.91142853186,5280.426918598196
3,NL0 2 CCGT,NL0 2,1,272.5,43.27286666666667,5472.580873014774,256350.74524324632,1.4912782878965258e6,26421.551181087
3,NL0 21 CCGT,NL0 21,1,85.0,43.27286666666667,5472.580873014774,79962.61778229699,465169.3742062558,8125.471227231588
3,NL0 22 CCGT,NL0 22,1,100.0,43.27286666666667,5472.580873014774,94073.66797917293,547258.0873014773,9982.568420571206
3,NL0 22 biomass,NL0 22,1,500.0,19.979914529914527,5472.580873014774,2.2730428323634886e6,2.736290436507387e6,88269.71740471417
3,NL0 23 CCGT,NL0 23,1,964.0,43.8530553226903,5472.580873014774,870323.5031578824,5.275567961586242e6,47693.60984839019
3,NL0 24 CCGT,NL0 24,1,684.0,67.50263035262032,5472.580873014774,184434.5865851177,3.743245317142105e6,10714.131758202951
3,NL0 25 waste,NL0 25,1,54.0,34.1135,5472.580873014774,120539.19850875348,295519.3671427978,8006.463638893735
3,NL0 27 CCGT,NL0 27,1,984.0,43.27286666666667,5472.580873014774,925684.8929150618,5.385019579046537e6,96614.29615147201
3,NL0 27 biomass,NL0 27,1,22.0,19.979914529914527,5472.580873014774,100013.88462399352,120396.77920632502,3784.0
3,NL0 27 waste,NL0 27,1,71.2,34.1135,5472.580873014774,158933.1654411713,389647.7581586519,10547.50828615021
3,NL0 28 CCGT,NL0 28,1,144.0,43.27286666666667,5472.580873014774,135466.081890009,788051.6457141275,14021.426161845702
3,NL0 3 CCGT,NL0 3,1,1907.0,51.41762846054192,5472.580873014774,1.1124058873594762e6,1.0436211724839173e7,58777.98064051065
3,NL0 3 biomass,NL0 3,1,22.0,19.979914529914527,5472.580873014774,100013.88462399352,120396.77920632502,3784.0
3,NL0 3 waste,NL0 3,1,108.0,34.1135,5472.580873014774,241078.39701750697,591038.7342855956,16067.423526102126
3,NL0 30 biomass,NL0 30,1,60.0,19.979914529914527,5472.580873014774,272765.1398836184,328354.85238088644,10320.0
3,NL0 31 CCGT,NL0 31,1,3341.0,85.4787109164719,5472.580873014774,8.169757987421066e-10,1.828389269674236e7,23559.453978829202
3,NL0 5 CCGT,NL0 5,1,49.6,43.27286666666667,5472.580873014774,46660.539317669776,271440.0113015328,4711.999999999999
3,NL0 6 CCGT,NL0 6,1,1608.4,43.27286666666667,5472.580873014774,1.5130808757770176e6,8.802099076156963e6,166816.6545159356
3,NL0 7 CCGT,NL0 7,1,1398.0,43.6729395310492,5472.580873014774,1.2759987478403628e6,7.650668060474654e6,85506.53181069877
3,NL0 7 nuclear,NL0 7,1,515.0,27.322803680981593,5472.580873014774,1.702145760071271e6,2.8183791496026083e6,84102.42124441595
3,NL0 7 waste,NL0 7,1,39.0,34.1135,5472.580873014774,87056.08781187762,213430.6540475762,5780.915471299604
3,NL0 8 CCGT,NL0 8,1,447.0,58.928107624263944,5472.580873014774,189520.23005298065,2.446243650237604e6,8652.104303317315
3,NL0 8 biomass,NL0 8,1,36.0,19.979914529914527,5472.580873014774,163659.0839301714,197012.91142853186,6156.0
3,NL0 8 waste,NL0 8,1,157.0,34.1135,5472.580873014774,350456.55862730206,859195.1970633195,23592.821906952617
3,NL0 9 biomass,NL0 9,1,20.0,19.979914529914527,5472.580873014774,90921.71329453951,109451.61746029547,3440.0
3,NL0 0 0 solar,NL0 0,1,144.0,0.01,5472.580873014774,143777.1718136401,0.0,3495.7738491645578
3,NL0 1 0 solar,NL0 1,1,291.5,0.01,59329.06935292875,279083.88681448676,0.0,6948.705449759602
3,NL0 10 0 solar,NL0 10,1,120.1,0.01,59329.06935292875,123510.80794349074,0.0,3035.911304769089
3,NL0 11 0 solar,NL0 11,1,436.4,0.01,59329.06935292875,411901.30587840657,0.0,10306.481755249355
3,NL0 12 0 solar,NL0 12,1,203.1,0.01,59329.06935292875,191990.80544541526,0.0,4820.92251154439
3,NL0 13 0 solar,NL0 13,1,473.2,0.01,59329.06935292875,452951.7389067516,0.0,11187.121113824795
3,NL0 14 0 solar,NL0 14,1,85.3,0.01,59329.06935292875,84067.00358636606,0.0,2087.7663698282927
3,NL0 15 0 solar,NL0 15,1,369.4,0.01,59329.06935292875,346685.28503442707,0.0,8736.034836219216
3,NL0 16 0 solar,NL0 16,1,68.8,0.01,59329.06935292875,69599.92687591029,0.0,1691.4298225830848
3,NL0 17 0 solar,NL0 17,1,63.1,0.01,59329.06935292875,65394.03954021667,0.0,1589.8866005603036
3,NL0 18 0 solar,NL0 18,1,13.399999999999999,0.01,59329.06935292875,13705.304222902532,0.0,335.710111700008
3,NL0 19 0 solar,NL0 19,1,75.60000000000001,0.01,5472.580873014774,70863.94290967542,0.0,1815.0254919597055
3,NL0 2 0 solar,NL0 2,1,1109.1,0.01,59329.06935292875,1.0323424735205562e6,0.0,26402.661517956996
3,NL0 20 0 solar,NL0 20,1,331.2,0.01,59329.06935292875,320483.93176798767,0.0,7909.5604725700005
3,NL0 21 0 solar,NL0 21,1,40.5,0.01,59329.06935292875,41600.66565576048,0.0,1013.9430253950717
3,NL0 22 0 solar,NL0 22,1,263.3,0.01,59329.06935292875,260617.55609716478,0.0,6361.56546158242
3,NL0 23 0 solar,NL0 23,1,57.1,0.01,59329.06935292875,57564.464121023724,0.0,1403.2936270342718
3,NL0 24 0 solar,NL0 24,1,99.8,0.01,59329.06935292875,98258.96051930617,0.0,2393.4015185461817
3,NL0 25 0 solar,NL0 25,1,663.4,0.01,59329.06935292875,623417.0481376505,0.0,15835.542397299549
3,NL0 26 0 solar,NL0 26,1,156.2,0.01,59329.06935292875,154151.3282016009,0.0,3821.2856187503758
3,NL0 27 0 solar,NL0 27,1,103.1,0.01,59329.06935292875,107361.95522086936,0.0,2649.1257341788905
3,NL0 28 0 solar,NL0 28,1,105.3,0.01,59329.06935292875,100355.16709245981,0.0,2489.1644574964166
3,NL0 3 0 solar,NL0 3,1,84.5,0.01,59329.06935292875,85165.20527245209,0.0,2070.9188767275286
3,NL0 30 0 solar,NL0 30,1,3.6,0.01,59329.06935292875,3668.257463945958,0.0,89.82355962877534
3,NL0 31 0 solar,NL0 31,1,44.8,0.01,59329.06935292875,42321.02586653224,0.0,1072.8423780802711
3,NL0 4 0 solar,NL0 4,1,142.8,0.01,59329.06935292875,136790.37822099504,0.0,3403.277910451907
3,NL0 5 0 solar,NL0 5,1,351.7,0.01,59329.06935292875,342365.7706028363,0.0,8409.128930464909
3,NL0 6 0 solar,NL0 6,1,260.3,0.01,59329.06935292875,262068.4421732812,0.0,6427.157527688587
3,NL0 7 0 solar,NL0 7,1,553.2,0.01,59329.06935292875,550871.4655114006,0.0,13445.138753780626
3,NL0 8 0 solar,NL0 8,1,79.5,0.01,59329.06935292875,79242.76000531408,0.0,1927.2751274433406
3,NL0 9 0 solar,NL0 9,1,299.5,0.01,5472.580873014774,289172.5962436978,0.0,7188.544634543878
3,NL0 20 0 offwind-ac,NL0 20,1,578.0,0.015,59329.06935292875,2.089704257082107e6,0.0,59763.290331908865
3,NL0 27 0 offwind-ac,NL0 27,1,4583.0,0.015,59329.06935292875,1.836492725802474e7,0.0,508916.6376219074
3,NL0 31 0 offwind-ac,NL0 31,1,600.0,0.015,59329.06935292875,2.3448754266029424e6,0.0,65533.70995494073
3,NL0 32 0 offwind-ac,NL0 32,1,608.0,0.015,59329.06935292875,2.5122772306798655e6,0.0,69624.1028690924
3,NL0 7 0 offwind-ac,NL0 7,1,752.0,0.015,59329.06935292875,3.1154508015855406e6,0.0,86125.98456763808
3,NL0 0 0 onwind,NL0 0,1,59.0,0.015,59329.06935292875,141581.73699949784,0.0,4423.345107547118
3,NL0 1 0 onwind,NL0 1,1,75.0,0.015,59329.06935292875,144987.223672517,0.0,4696.753788061256
3,NL0 10 0 onwind,NL0 10,1,428.0,0.015,59329.06935292875,1.4291400869199412e6,0.0,41773.263891212926
3,NL0 11 0 onwind,NL0 11,1,21.0,0.015,59329.06935292875,40420.12081248227,0.0,1335.20493202581
3,NL0 12 0 onwind,NL0 12,1,54.0,0.015,59329.06935292875,157750.11158850274,0.0,4771.900965314194
3,NL0 13 0 onwind,NL0 13,1,23.0,0.015,59329.06935292875,48363.225696769005,0.0,1555.622069077163
3,NL0 14 0 onwind,NL0 14,1,61.0,0.015,59329.06935292875,204206.80020253593,0.0,6037.66177756561
3,NL0 15 0 onwind,NL0 15,1,52.0,0.015,59329.06935292875,110981.05180824433,0.0,3462.2239634625657
3,NL0 17 0 onwind,NL0 17,1,27.0,0.015,59329.06935292875,77212.90743965164,0.0,2356.425423940956
3,NL0 19 0 onwind,NL0 19,1,532.0,0.015,59329.06935292875,1.3460316067230038e6,0.0,41422.97601131978
3,NL0 2 0 onwind,NL0 2,1,472.8,0.015,59329.06935292875,1.0549214371896542e6,0.0,33409.203715428004
3,NL0 20 0 onwind,NL0 20,1,822.2,0.015,59329.06935292875,2.2296443636200447e6,0.0,68156.92284718346
3,NL0 21 0 onwind,NL0 21,1,36.0,0.015,59329.06935292875,104484.76563321071,0.0,3177.127670472395
3,NL0 22 0 onwind,NL0 22,1,122.7,0.015,59329.06935292875,259097.50094449072,0.0,8315.637013623795
3,NL0 23 0 onwind,NL0 23,1,127.0,0.015,59329.06935292875,371375.7050556639,0.0,11220.175682684092
3,NL0 24 0 onwind,NL0 24,1,33.0,0.015,5472.580873014774,87218.32571815484,0.0,2695.335457473082
3,NL0 27 0 onwind,NL0 27,1,21.6,0.015,59329.06935292875,74449.90450443185,0.0,2180.907877365423
3,NL0 3 0 onwind,NL0 3,1,284.6,0.015,59329.06935292875,734639.6276889532,0.0,22664.468991724043
3,NL0 30 0 onwind,NL0 30,1,31.0,0.015,59329.06935292875,89651.52416415488,0.0,2663.058161401919
3,NL0 31 0 onwind,NL0 31,1,216.0,0.015,59329.06935292875,634984.0143862665,0.0,18937.546997048783
3,NL0 4 0 onwind,NL0 4,1,287.0,0.015,59329.06935292875,733311.6964016734,0.0,22513.27213287132
3,NL0 5 0 onwind,NL0 5,1,21.0,0.015,59329.06935292875,39673.869513893376,0.0,1275.2039909648804
3,NL0 6 0 onwind,NL0 6,1,35.0,0.015,59329.06935292875,65026.749012613116,0.0,2126.9213407013876
3,NL0 7 0 onwind,NL0 7,1,374.3,0.015,59329.06935292875,974864.6796991499,0.0,29489.222910731172
3,NL0 8 0 onwind,NL0 8,1,101.1,0.015,59329.06935292875,229603.3320273519,0.0,7240.795921455645
3,NL0 9 0 onwind,NL0 9,1,35.0,0.015,59329.06935292875,64634.206735854954,0.0,2093.606475832359
4,NL0 0 CCGT,NL0 0,1,575.0,43.272866666666665,5472.580873014813,540923.5908802439,3.1467340019835173e6,58831.410334672466
4,NL0 1 biomass,NL0 1,1,71.0,19.979914529914527,5472.580873014813,322772.08219561516,388553.2419840517,12212.0
4,NL0 1 waste,NL0 1,1,31.0,34.1135,5472.580873014813,69198.42877354367,169650.0070634592,4617.425582024817
4,NL0 10 CCGT,NL0 10,1,507.0,43.27286666666667,5472.580873014813,476953.4966544061,2.7745985026185103e6,51461.31874235875
4,NL0 10 waste,NL0 10,1,150.0,34.1135,5472.580873014813,334831.1069687596,820887.1309522219,22259.431053620177
4,NL0 11 CCGT,NL0 11,1,72.0,43.27286666666667,5472.580873014813,67733.0409450044,394025.8228570665,6840.0
4,NL0 11 biomass,NL0 11,1,20.0,19.979914529914527,5472.580873014813,90921.71329453947,109451.61746029626,3440.0
4,NL0 11 waste,NL0 11,1,50.0,34.1135,5472.580873014813,111610.36898958648,273629.04365074064,7541.801336573379
4,NL0 13 CCGT,NL0 13,1,50.0,43.27286666666667,5472.580873014813,47036.83398958639,273629.04365074064,4850.0
4,NL0 13 biomass,NL0 13,1,77.0,19.979914529914527,5472.580873014813,350048.59618397703,421388.7272221406,13170.758589916517
4,NL0 16 CCGT,NL0 16,1,268.0,43.27286666666667,5472.580873014813,252117.43018418291,1.4666516739679698e6,25675.10565387027
4,NL0 17 CCGT,NL0 17,1,107.0,43.27286666666667,5472.580873014813,100658.82473771482,585566.1534125849,10165.0
4,NL0 18 CCGT,NL0 18,1,112.0,43.27286666666667,5472.580873014813,105362.5081366735,612929.057777659,10752.0
4,NL0 19 CCGT,NL0 19,1,523.0,53.04262929292929,5472.580873014813,286383.11750121065,2.8621597965867473e6,11442.174094047412
4,NL0 19 biomass,NL0 19,1,49.0,19.979914529914527,5472.580873014813,222758.19757162168,268156.4627777258,8428.0
4,NL0 19 waste,NL0 19,1,36.0,34.1135,5472.580873014813,80359.46567250234,197012.91142853326,5364.0
4,NL0 2 CCGT,NL0 2,1,272.5,43.27286666666667,5472.580873014813,256350.7452432458,1.4912782878965365e6,27548.831550680723
4,NL0 21 CCGT,NL0 21,1,85.0,43.27286666666667,5472.580873014813,79962.61778229685,465169.3742062591,8585.0
4,NL0 22 CCGT,NL0 22,1,100.0,43.27286666666667,5472.580873014813,94073.66797917274,547258.0873014813,9700.0
4,NL0 22 biomass,NL0 22,1,500.0,19.979914529914527,5472.580873014813,2.2730428323634886e6,2.7362904365074066e6,88273.71740471426
4,NL0 23 CCGT,NL0 23,1,964.0,43.8530553226903,5472.580873014813,870323.5031578809,5.27556796158628e6,47693.60984839019
4,NL0 24 CCGT,NL0 24,1,684.0,67.50263035262032,5472.580873014813,184434.58658511657,3.7432453171421317e6,10714.131758202937
4,NL0 25 waste,NL0 25,1,54.0,34.1135,5472.580873014813,120539.19850875338,295519.3671427999,7907.915471299604
4,NL0 27 CCGT,NL0 27,1,984.0,43.27286666666667,5472.580873014813,925684.8929150598,5.385019579046575e6,97303.02421185498
4,NL0 27 biomass,NL0 27,1,22.0,19.979914529914527,5472.580873014813,100013.88462399348,120396.77920632588,3784.0
4,NL0 27 waste,NL0 27,1,71.2,34.1135,5472.580873014813,158933.16544117118,389647.7581586547,10529.60282249845
4,NL0 28 CCGT,NL0 28,1,144.0,43.27286666666667,5472.580873014813,135466.0818900088,788051.645714133,13982.836741970334
4,NL0 3 CCGT,NL0 3,1,1907.0,51.41762846054192,5472.580873014813,1.1124058873594732e6,1.0436211724839248e7,58777.98064051038
4,NL0 3 biomass,NL0 3,1,22.0,19.979914529914527,5472.580873014813,100013.88462399348,120396.77920632588,3784.0
4,NL0 3 waste,NL0 3,1,108.0,34.1135,5472.580873014813,241078.3970175068,591038.7342855998,15913.320468580723
4,NL0 30 biomass,NL0 30,1,60.0,19.979914529914527,5472.580873014813,272765.13988361834,328354.85238088877,10320.0
4,NL0 31 CCGT,NL0 31,1,3341.0,85.4787109164719,5472.580873014813,-4.595569280055744e-9,1.828389269674249e7,23559.45397882914
4,NL0 5 CCGT,NL0 5,1,49.6,43.27286666666667,5472.580873014813,46660.5393176697,271440.0113015347,4711.999999999999
4,NL0 6 CCGT,NL0 6,1,1608.4,43.27286666666667,5472.580873014813,1.5130808757770155e6,8.802099076157026e6,168374.67373849457
4,NL0 7 CCGT,NL0 7,1,1398.0,43.6729395310492,5472.580873014813,1.2759987478403607e6,7.650668060474709e6,85506.53181069877
4,NL0 7 nuclear,NL0 7,1,515.0,27.322803680981593,5472.580873014813,1.70214576007127e6,2.818379149602629e6,84102.42124441595
4,NL0 7 waste,NL0 7,1,39.0,34.1135,5472.580873014813,87056.08781187757,213430.6540475777,5776.213857978175
4,NL0 8 CCGT,NL0 8,1,447.0,58.928107624263944,5472.580873014813,189520.23005297984,2.4462436502376213e6,8652.104303317303
4,NL0 8 biomass,NL0 8,1,36.0,19.979914529914527,5472.580873014813,163659.08393017133,197012.91142853326,6192.0
4,NL0 8 waste,NL0 8,1,157.0,34.1135,5472.580873014813,350456.5586273018,859195.1970633257,23519.79487103869
4,NL0 9 biomass,NL0 9,1,20.0,19.979914529914527,5472.580873014813,90921.71329453947,109451.61746029626,3420.0
4,NL0 0 0 solar,NL0 0,1,144.0,0.01,59329.06935292875,143777.1718136401,0.0,3495.7738491645578
4,NL0 1 0 solar,NL0 1,1,291.5,0.01,59329.06935292875,279083.88681448676,0.0,6948.705449759602
4,NL0 10 0 solar,NL0 10,1,120.1,0.01,59329.06935292875,123510.80794349074,0.0,3035.911304769089
4,NL0 11 0 solar,NL0 11,1,436.4,0.01,59329.06935292875,411901.3058784065,0.0,10306.481755249355
4,NL0 12 0 solar,NL0 12,1,203.1,0.01,59329.06935292875,191990.80544541523,0.0,4820.92251154439
4,NL0 13 0 solar,NL0 13,1,473.2,0.01,59329.06935292875,452951.73890675174,0.0,11187.121113824795
4,NL0 14 0 solar,NL0 14,1,85.3,0.01,59329.06935292875,84067.00358636606,0.0,2087.7663698282927
4,NL0 15 0 solar,NL0 15,1,369.4,0.01,59329.06935292875,346685.28503442707,0.0,8736.034836219216
4,NL0 16 0 solar,NL0 16,1,68.8,0.01,59329.06935292875,69599.92687591027,0.0,1691.4298225830848
4,NL0 17 0 solar,NL0 17,1,63.1,0.01,59329.06935292875,65394.03954021666,0.0,1589.8866005603036
4,NL0 18 0 solar,NL0 18,1,13.399999999999999,0.01,59329.06935292875,13705.304222902532,0.0,335.710111700008
4,NL0 19 0 solar,NL0 19,1,75.60000000000001,0.01,59329.06935292875,70863.94290967542,0.0,1815.0254919597055
4,NL0 2 0 solar,NL0 2,1,1109.1,0.01,59329.06935292875,1.0323424735205562e6,0.0,26402.661517956996
4,NL0 20 0 solar,NL0 20,1,331.2,0.01,59329.06935292875,320483.9317679877,0.0,7909.5604725700005
4,NL0 21 0 solar,NL0 21,1,40.5,0.01,59329.06935292875,41600.66565576048,0.0,1013.9430253950717
4,NL0 22 0 solar,NL0 22,1,263.3,0.01,59329.06935292875,260617.55609716478,0.0,6361.56546158242
4,NL0 23 0 solar,NL0 23,1,57.1,0.01,59329.06935292875,57564.46412102373,0.0,1403.2936270342718
4,NL0 24 0 solar,NL0 24,1,99.8,0.01,59329.06935292875,98258.96051930617,0.0,2393.4015185461817
4,NL0 25 0 solar,NL0 25,1,663.4,0.01,59329.06935292875,623417.0481376502,0.0,15835.542397299549
4,NL0 26 0 solar,NL0 26,1,156.2,0.01,59329.06935292875,154151.3282016009,0.0,3821.2856187503758
4,NL0 27 0 solar,NL0 27,1,103.1,0.01,59329.06935292875,107361.95522086935,0.0,2649.1257341788905
4,NL0 28 0 solar,NL0 28,1,105.3,0.01,59329.06935292875,100355.16709245981,0.0,2489.1644574964166
4,NL0 3 0 solar,NL0 3,1,84.5,0.01,59329.06935292875,85165.20527245209,0.0,2070.9188767275286
4,NL0 30 0 solar,NL0 30,1,3.6,0.01,59329.06935292875,3668.2574639459576,0.0,89.82355962877534
4,NL0 31 0 solar,NL0 31,1,44.8,0.01,59329.06935292875,42321.02586653224,0.0,1072.8423780802711
4,NL0 4 0 solar,NL0 4,1,142.8,0.01,59329.06935292875,136790.37822099504,0.0,3403.277910451907
4,NL0 5 0 solar,NL0 5,1,351.7,0.01,59329.06935292875,342365.7706028363,0.0,8409.128930464909
4,NL0 6 0 solar,NL0 6,1,260.3,0.01,59329.06935292875,262068.44217328122,0.0,6427.157527688587
4,NL0 7 0 solar,NL0 7,1,553.2,0.01,59329.06935292875,550871.4655114004,0.0,13445.138753780626
4,NL0 8 0 solar,NL0 8,1,79.5,0.01,59329.06935292875,79242.76000531406,0.0,1927.2751274433406
4,NL0 9 0 solar,NL0 9,1,299.5,0.01,59329.06935292875,289172.5962436978,0.0,7188.544634543878
4,NL0 20 0 offwind-ac,NL0 20,1,578.0,0.015,59329.06935292875,2.0897042570821068e6,0.0,53508.96797085988
4,NL0 27 0 offwind-ac,NL0 27,1,4583.0,0.015,59329.06935292875,1.836492725802475e7,0.0,510044.33504137065
4,NL0 31 0 offwind-ac,NL0 31,1,600.0,0.015,59329.06935292875,2.3448754266029424e6,0.0,65533.70995494073
4,NL0 32 0 offwind-ac,NL0 32,1,608.0,0.015,59329.06935292875,2.5122772306798655e6,0.0,70162.48686909239
4,NL0 7 0 offwind-ac,NL0 7,1,752.0,0.015,59329.06935292875,3.1154508015855406e6,0.0,86125.98456763808
4,NL0 0 0 onwind,NL0 0,1,59.0,0.015,59329.06935292875,141581.73699949784,0.0,4423.345107547118
4,NL0 1 0 onwind,NL0 1,1,75.0,0.015,59329.06935292875,144987.223672517,0.0,4592.56319817744
4,NL0 10 0 onwind,NL0 10,1,428.0,0.015,59329.06935292875,1.4291400869199412e6,0.0,42899.58939304398
4,NL0 11 0 onwind,NL0 11,1,21.0,0.015,59329.06935292875,40420.12081248227,0.0,1307.6695123700767
4,NL0 12 0 onwind,NL0 12,1,54.0,0.015,59329.06935292875,157750.11158850274,0.0,4771.910600543067
4,NL0 13 0 onwind,NL0 13,1,23.0,0.015,59329.06935292875,48363.225696769005,0.0,1532.6220690771631
4,NL0 14 0 onwind,NL0 14,1,61.0,0.015,59329.06935292875,204206.8002025359,0.0,5915.66177756561
4,NL0 15 0 onwind,NL0 15,1,52.0,0.015,59329.06935292875,110981.05180824433,0.0,3566.2068649493503
4,NL0 17 0 onwind,NL0 17,1,27.0,0.015,59329.06935292875,77212.90743965164,0.0,2329.4259550095826
4,NL0 19 0 onwind,NL0 19,1,532.0,0.015,59329.06935292875,1.3460316067230038e6,0.0,42486.97601131978
4,NL0 2 0 onwind,NL0 2,1,472.8,0.015,59329.06935292875,1.0549214371896542e6,0.0,33882.00351157511
4,NL0 20 0 onwind,NL0 20,1,822.2,0.015,59329.06935292875,2.2296443636200447e6,0.0,69336.60955946345
4,NL0 21 0 onwind,NL0 21,1,36.0,0.015,59329.06935292875,104484.76563321071,0.0,3177.3564070712346
4,NL0 22 0 onwind,NL0 22,1,122.7,0.015,59329.06935292875,259097.50094449072,0.0,8070.768412036254
4,NL0 23 0 onwind,NL0 23,1,127.0,0.015,59329.06935292875,371375.7050556639,0.0,11093.175682684092
4,NL0 24 0 onwind,NL0 24,1,33.0,0.015,59329.06935292875,87218.32571815483,0.0,2695.335457473082
4,NL0 27 0 onwind,NL0 27,1,21.6,0.015,59329.06935292875,74449.90450443185,0.0,2094.507877365423
4,NL0 3 0 onwind,NL0 3,1,284.6,0.015,59329.06935292875,734639.6276889532,0.0,22726.28265135161
4,NL0 30 0 onwind,NL0 30,1,31.0,0.015,59329.06935292875,89651.52416415488,0.0,2722.483397118999
4,NL0 31 0 onwind,NL0 31,1,216.0,0.015,59329.06935292875,634984.0143862665,0.0,19153.54699704878
4,NL0 4 0 onwind,NL0 4,1,287.0,0.015,59329.06935292875,733311.6964016734,0.0,22797.591441937933
4,NL0 5 0 onwind,NL0 5,1,21.0,0.015,59329.06935292875,39673.869513893376,0.0,1282.9340960200916
4,NL0 6 0 onwind,NL0 6,1,35.0,0.015,59329.06935292875,65026.749012613116,0.0,2126.9213407013876
4,NL0 7 0 onwind,NL0 7,1,374.3,0.015,59329.06935292875,974864.6796991499,0.0,30159.0744295002
4,NL0 8 0 onwind,NL0 8,1,101.1,0.015,59329.06935292875,229603.3320273519,0.0,7323.460787945647
4,NL0 9 0 onwind,NL0 9,1,35.0,0.015,59329.06935292875,64634.206735854954,0.0,2115.0035191784173
5,NL0 0 CCGT,NL0 0,1,575.0,43.272866666666665,5472.580873014516,540923.590880245,3.146734001983347e6,63840.934508978535
5,NL0 1 biomass,NL0 1,1,71.0,19.979914529914527,5472.580873014516,322772.0821956152,388553.24198403064,12141.0
5,NL0 1 waste,NL0 1,1,31.0,34.1135,5472.580873014516,69198.42877354371,169650.00706345,4619.915471299604
5,NL0 10 CCGT,NL0 10,1,507.0,43.27286666666667,5472.580873014516,476953.49665440683,2.77459850261836e6,53204.88960630626
5,NL0 10 waste,NL0 10,1,150.0,34.1135,5472.580873014516,334831.10696875985,820887.1309521775,22514.565707445017
5,NL0 11 CCGT,NL0 11,1,72.0,43.27286666666667,5472.580873014516,67733.04094500454,394025.82285704516,7488.0
5,NL0 11 biomass,NL0 11,1,20.0,19.979914529914527,5472.580873014516,90921.7132945395,109451.61746029032,3460.0
5,NL0 11 waste,NL0 11,1,50.0,34.1135,5472.580873014516,111610.36898958655,273629.0436507258,7450.0
5,NL0 13 CCGT,NL0 13,1,50.0,43.27286666666667,5472.580873014516,47036.83398958647,273629.0436507258,5250.0
5,NL0 13 biomass,NL0 13,1,77.0,19.979914529914527,5472.580873014516,350048.5961839771,421388.72722211777,13321.0
5,NL0 16 CCGT,NL0 16,1,268.0,43.27286666666667,5472.580873014516,252117.4301841834,1.4666516739678904e6,27872.0
5,NL0 17 CCGT,NL0 17,1,107.0,43.27286666666667,5472.580873014516,100658.82473771498,585566.1534125532,10593.0
5,NL0 18 CCGT,NL0 18,1,112.0,43.27286666666667,5472.580873014516,105362.5081366737,612929.0577776259,11378.316915227264
5,NL0 19 CCGT,NL0 19,1,523.0,53.04262929292929,5472.580873014516,286383.1175012116,2.862159796586592e6,11442.174094047412
5,NL0 19 biomass,NL0 19,1,49.0,19.979914529914527,5472.580873014516,222758.19757162177,268156.4627777113,8428.0
5,NL0 19 waste,NL0 19,1,36.0,34.1135,5472.580873014516,80359.46567250238,197012.91142852258,5400.0
5,NL0 2 CCGT,NL0 2,1,272.5,43.27286666666667,5472.580873014516,256350.7452432462,1.4912782878964557e6,26157.056741077475
5,NL0 21 CCGT,NL0 21,1,85.0,43.27286666666667,5472.580873014516,79962.61778229693,465169.3742062339,8245.0
5,NL0 22 CCGT,NL0 22,1,100.0,43.27286666666667,5472.580873014516,94073.66797917284,547258.0873014516,9330.882672370468
5,NL0 22 biomass,NL0 22,1,500.0,19.979914529914527,5472.580873014516,2.273042832363489e6,2.736290436507258e6,88236.71740471417
5,NL0 23 CCGT,NL0 23,1,964.0,43.8530553226903,5472.580873014516,870323.5031578823,5.275567961585994e6,47693.60984839019
5,NL0 24 CCGT,NL0 24,1,684.0,67.50263035262032,5472.580873014516,184434.58658511768,3.743245317141929e6,10714.131758202937
5,NL0 25 waste,NL0 25,1,54.0,34.1135,5472.580873014516,120539.19850875347,295519.3671427839,7990.9557498415825
5,NL0 27 CCGT,NL0 27,1,984.0,43.27286666666667,5472.580873014516,925684.8929150611,5.385019579046284e6,92423.1408997095
5,NL0 27 biomass,NL0 27,1,22.0,19.979914529914527,5472.580873014516,100013.88462399351,120396.77920631936,3784.0
5,NL0 27 waste,NL0 27,1,71.2,34.1135,5472.580873014516,158933.1654411712,389647.7581586336,10395.200000000008
5,NL0 28 CCGT,NL0 28,1,144.0,43.27286666666667,5472.580873014516,135466.08189000894,788051.6457140903,12240.0
5,NL0 3 CCGT,NL0 3,1,1907.0,51.41762846054192,5472.580873014516,1.1124058873594762e6,1.0436211724838683e7,58777.9806405101
5,NL0 3 biomass,NL0 3,1,22.0,19.979914529914527,5472.580873014516,100013.88462399351,120396.77920631936,3784.0
5,NL0 3 waste,NL0 3,1,108.0,34.1135,5472.580873014516,241078.39701750694,591038.7342855678,15764.432085485396
5,NL0 30 biomass,NL0 30,1,60.0,19.979914529914527,5472.580873014516,272765.1398836184,328354.85238087096,10260.0
5,NL0 31 CCGT,NL0 31,1,3341.0,85.4787109164719,5472.580873014516,1.1778003396434133e-9,1.82838926967415e7,23559.453978829133
5,NL0 5 CCGT,NL0 5,1,49.6,43.27286666666667,5472.580873014516,46660.539317669754,271440.01130152,4133.3735284311515
5,NL0 6 CCGT,NL0 6,1,1608.4,43.27286666666667,5472.580873014516,1.5130808757770178e6,8.80209907615655e6,166624.6061018015
5,NL0 7 CCGT,NL0 7,1,1398.0,43.6729395310492,5472.580873014516,1.2759987478403626e6,7.650668060474294e6,85506.53181069877
5,NL0 7 nuclear,NL0 7,1,515.0,27.322803680981593,5472.580873014516,1.7021457600712704e6,2.818379149602476e6,84102.42124441595
5,NL0 7 waste,NL0 7,1,39.0,34.1135,5472.580873014516,87056.08781187762,213430.65404756615,5655.0
5,NL0 8 CCGT,NL0 8,1,447.0,58.928107624263944,5472.580873014516,189520.23005298057,2.446243650237489e6,8652.104303317301
5,NL0 8 biomass,NL0 8,1,36.0,19.979914529914527,5472.580873014516,163659.0839301714,197012.91142852258,6192.0
5,NL0 8 waste,NL0 8,1,157.0,34.1135,5472.580873014516,350456.558627302,859195.1970632791,23639.43644954241
5,NL0 9 biomass,NL0 9,1,20.0,19.979914529914527,5472.580873014516,90921.7132945395,109451.61746029032,3417.7585899165165
5,NL0 0 0 solar,NL0 0,1,144.0,0.01,59329.06935292875,143777.1718136401,0.0,3495.7738491645578
5,NL0 1 0 solar,NL0 1,1,291.5,0.01,59329.06935292875,279083.88681448676,0.0,6948.705449759602
5,NL0 10 0 solar,NL0 10,1,120.1,0.01,59329.06935292875,123510.80794349074,0.0,3035.911304769089
5,NL0 11 0 solar,NL0 11,1,436.4,0.01,59329.06935292875,411901.3058784065,0.0,10306.481755249355
5,NL0 12 0 solar,NL0 12,1,203.1,0.01,59329.06935292875,191990.80544541523,0.0,4820.92251154439
5,NL0 13 0 solar,NL0 13,1,473.2,0.01,59329.06935292875,452951.73890675174,0.0,11187.121113824795
5,NL0 14 0 solar,NL0 14,1,85.3,0.01,59329.06935292875,84067.00358636606,0.0,2087.7663698282927
5,NL0 15 0 solar,NL0 15,1,369.4,0.01,59329.06935292875,346685.285034427,0.0,8736.034836219216
5,NL0 16 0 solar,NL0 16,1,68.8,0.01,59329.06935292875,69599.92687591026,0.0,1691.4298225830848
5,NL0 17 0 solar,NL0 17,1,63.1,0.01,59329.06935292875,65394.03954021666,0.0,1589.8866005603036
5,NL0 18 0 solar,NL0 18,1,13.399999999999999,0.01,59329.06935292875,13705.304222902532,0.0,335.710111700008
5,NL0 19 0 solar,NL0 19,1,75.60000000000001,0.01,59329.06935292875,70863.94290967542,0.0,1815.0254919597055
5,NL0 2 0 solar,NL0 2,1,1109.1,0.01,59329.06935292875,1.0323424735205561e6,0.0,26402.661517956996
5,NL0 20 0 solar,NL0 20,1,331.2,0.01,59329.06935292875,320483.9317679877,0.0,7909.5604725700005
5,NL0 21 0 solar,NL0 21,1,40.5,0.01,59329.06935292875,41600.66565576048,0.0,1013.9430253950717
5,NL0 22 0 solar,NL0 22,1,263.3,0.01,59329.06935292875,260617.55609716478,0.0,6361.56546158242
5,NL0 23 0 solar,NL0 23,1,57.1,0.01,59329.06935292875,57564.46412102373,0.0,1403.2936270342718
5,NL0 24 0 solar,NL0 24,1,99.8,0.01,59329.06935292875,98258.96051930617,0.0,2393.4015185461817
5,NL0 25 0 solar,NL0 25,1,663.4,0.01,59329.06935292875,623417.0481376502,0.0,15835.542397299549
5,NL0 26 0 solar,NL0 26,1,156.2,0.01,59329.06935292875,154151.3282016009,0.0,3821.2856187503758
5,NL0 27 0 solar,NL0 27,1,103.1,0.01,59329.06935292875,107361.95522086935,0.0,2649.1257341788905
5,NL0 28 0 solar,NL0 28,1,105.3,0.01,59329.06935292875,100355.16709245981,0.0,2489.1644574964166
5,NL0 3 0 solar,NL0 3,1,84.5,0.01,59329.06935292875,85165.20527245209,0.0,2070.9188767275286
5,NL0 30 0 solar,NL0 30,1,3.6,0.01,59329.06935292875,3668.2574639459576,0.0,89.82355962877534
5,NL0 31 0 solar,NL0 31,1,44.8,0.01,59329.06935292875,42321.02586653224,0.0,1072.8423780802711
5,NL0 4 0 solar,NL0 4,1,142.8,0.01,59329.06935292875,136790.37822099504,0.0,3403.277910451907
5,NL0 5 0 solar,NL0 5,1,351.7,0.01,59329.06935292875,342365.7706028363,0.0,8409.128930464909
5,NL0 6 0 solar,NL0 6,1,260.3,0.01,59329.06935292875,262068.44217328122,0.0,6427.157527688587
5,NL0 7 0 solar,NL0 7,1,553.2,0.01,59329.06935292875,550871.4655114004,0.0,13445.138753780626
5,NL0 8 0 solar,NL0 8,1,79.5,0.01,59329.06935292875,79242.76000531408,0.0,1927.2751274433406
5,NL0 9 0 solar,NL0 9,1,299.5,0.01,59329.06935292875,289172.5962436978,0.0,7188.544634543878
5,NL0 20 0 offwind-ac,NL0 20,1,578.0,0.015,59329.06935292875,2.0897042570821068e6,0.0,59650.79597085986
5,NL0 27 0 offwind-ac,NL0 27,1,4583.0,0.015,59329.06935292875,1.836492725802474e7,0.0,517595.07048146566
5,NL0 31 0 offwind-ac,NL0 31,1,600.0,0.015,59329.06935292875,2.3448754266029424e6,0.0,65533.70995494073
5,NL0 32 0 offwind-ac,NL0 32,1,608.0,0.015,59329.06935292875,2.5122772306798655e6,0.0,69624.1028690924
5,NL0 7 0 offwind-ac,NL0 7,1,752.0,0.015,59329.06935292875,3.1154508015855406e6,0.0,86125.98456763808
5,NL0 0 0 onwind,NL0 0,1,59.0,0.015,59329.06935292875,141581.73699949784,0.0,4423.356662627512
5,NL0 1 0 onwind,NL0 1,1,75.0,0.015,59329.06935292875,144987.223672517,0.0,4667.56319817744
5,NL0 10 0 onwind,NL0 10,1,428.0,0.015,59329.06935292875,1.4291400869199412e6,0.0,42577.97080595252
5,NL0 11 0 onwind,NL0 11,1,21.0,0.015,59329.06935292875,40420.12081248227,0.0,1335.20493202581
5,NL0 12 0 onwind,NL0 12,1,54.0,0.015,59329.06935292875,157750.1115885027,0.0,4717.9141401671095
5,NL0 13 0 onwind,NL0 13,1,23.0,0.015,59329.06935292875,48363.225696769005,0.0,1532.6220690771631
5,NL0 14 0 onwind,NL0 14,1,61.0,0.015,59329.06935292875,204206.8002025359,0.0,5896.240100268466
5,NL0 15 0 onwind,NL0 15,1,52.0,0.015,59329.06935292875,110981.05180824433,0.0,3607.5251690491696
5,NL0 17 0 onwind,NL0 17,1,27.0,0.015,59329.06935292875,77212.90743965164,0.0,2356.425423940956
5,NL0 19 0 onwind,NL0 19,1,532.0,0.015,59329.06935292875,1.3460316067230038e6,0.0,41957.66613883625
5,NL0 2 0 onwind,NL0 2,1,472.8,0.015,59329.06935292875,1.0549214371896542e6,0.0,33400.554721520675
5,NL0 20 0 onwind,NL0 20,1,822.2,0.015,59329.06935292875,2.2296443636200447e6,0.0,65404.84788829859
5,NL0 21 0 onwind,NL0 21,1,36.0,0.015,59329.06935292875,104484.76563321071,0.0,3113.869990587259
5,NL0 22 0 onwind,NL0 22,1,122.7,0.015,59329.06935292875,259097.50094449072,0.0,7814.915429839183
5,NL0 23 0 onwind,NL0 23,1,127.0,0.015,59329.06935292875,371375.7050556639,0.0,10723.924960896726
5,NL0 24 0 onwind,NL0 24,1,33.0,0.015,59329.06935292875,87218.32571815483,0.0,2600.2947677303887
5,NL0 27 0 onwind,NL0 27,1,21.6,0.015,59329.06935292875,74449.90450443185,0.0,2094.5078804771674
5,NL0 3 0 onwind,NL0 3,1,284.6,0.015,59329.06935292875,734639.6276889531,0.0,21399.943921488903
5,NL0 30 0 onwind,NL0 30,1,31.0,0.015,59329.06935292875,89651.52416415488,0.0,2567.574436662335
5,NL0 31 0 onwind,NL0 31,1,216.0,0.015,59329.06935292875,634984.0143862665,0.0,17641.546997048783
5,NL0 4 0 onwind,NL0 4,1,287.0,0.015,59329.06935292875,733311.6964016734,0.0,20920.263834758956
5,NL0 5 0 onwind,NL0 5,1,21.0,0.015,59329.06935292875,39673.869513893376,0.0,1171.9308301631447
5,NL0 6 0 onwind,NL0 6,1,35.0,0.015,59329.06935292875,65026.749012613116,0.0,1906.5496251457325
5,NL0 7 0 onwind,NL0 7,1,374.3,0.015,59329.06935292875,974864.6796991499,0.0,28634.45551541112
5,NL0 8 0 onwind,NL0 8,1,101.1,0.015,59329.06935292875,229603.3320273519,0.0,6951.00492136745
5,NL0 9 0 onwind,NL0 9,1,35.0,0.015,59329.06935292875,64634.206735854954,0.0,2010.1722564610823
6,NL0 0 CCGT,NL0 0,1,575.0,43.272866666666665,5472.580873014809,540923.5908802447,3.1467340019835155e6,61813.80628658942
6,NL0 1 biomass,NL0 1,1,71.0,19.979914529914527,5472.580873014809,322772.0821956152,388553.2419840515,12283.0
6,NL0 1 waste,NL0 1,1,31.0,34.1135,5472.580873014809,69198.42877354372,169650.00706345908,4650.0
6,NL0 10 CCGT,NL0 10,1,507.0,43.27286666666667,5472.580873014809,476953.49665440654,2.7745985026185084e6,50871.333054567775
6,NL0 10 waste,NL0 10,1,150.0,34.1135,5472.580873014809,334831.10696875973,820887.1309522213,22389.364181338155
6,NL0 11 CCGT,NL0 11,1,72.0,43.27286666666667,5472.580873014809,67733.0409450045,394025.8228570663,7128.0
6,NL0 11 biomass,NL0 11,1,20.0,19.979914529914527,5472.580873014809,90921.71329453951,109451.61746029618,3440.0
6,NL0 11 waste,NL0 11,1,50.0,34.1135,5472.580873014809,111610.36898958654,273629.04365074047,7452.213857978176
6,NL0 13 CCGT,NL0 13,1,50.0,43.27286666666667,5472.580873014809,47036.833989586456,273629.04365074047,4958.573528431157
6,NL0 13 biomass,NL0 13,1,77.0,19.979914529914527,5472.580873014809,350048.5961839771,421388.7272221403,13321.0
6,NL0 16 CCGT,NL0 16,1,268.0,43.27286666666667,5472.580873014809,252117.43018418335,1.466651673967969e6,27068.0
6,NL0 17 CCGT,NL0 17,1,107.0,43.27286666666667,5472.580873014809,100658.82473771498,585566.1534125846,10058.0
6,NL0 18 CCGT,NL0 18,1,112.0,43.27286666666667,5472.580873014809,105362.50813667364,612929.0577776586,10353.50930757818
6,NL0 19 CCGT,NL0 19,1,523.0,53.04262929292929,5472.580873014809,286383.1175012115,2.8621597965867454e6,11442.174094047412
6,NL0 19 biomass,NL0 19,1,49.0,19.979914529914527,5472.580873014809,222758.19757162177,268156.46277772565,8477.0
6,NL0 19 waste,NL0 19,1,36.0,34.1135,5472.580873014809,80359.46567250238,197012.91142853315,5333.915471299507
6,NL0 2 CCGT,NL0 2,1,272.5,43.27286666666667,5472.580873014809,256350.7452432461,1.4912782878965356e6,25011.368428060203
6,NL0 21 CCGT,NL0 21,1,85.0,43.27286666666667,5472.580873014809,79962.61778229696,465169.3742062588,8146.068863257964
6,NL0 22 CCGT,NL0 22,1,100.0,43.27286666666667,5472.580873014809,94073.6679791729,547258.0873014809,9560.402363973624
6,NL0 22 biomass,NL0 22,1,500.0,19.979914529914527,5472.580873014809,2.273042832363489e6,2.736290436507405e6,88139.57867489767
6,NL0 23 CCGT,NL0 23,1,964.0,43.8530553226903,5472.580873014809,870323.5031578823,5.275567961586276e6,47693.60984839019
6,NL0 24 CCGT,NL0 24,1,684.0,67.50263035262032,5472.580873014809,184434.58658511768,3.7432453171421294e6,10714.131758202937
6,NL0 25 waste,NL0 25,1,54.0,34.1135,5472.580873014809,120539.19850875346,295519.3671427997,7992.0
6,NL0 27 CCGT,NL0 27,1,984.0,43.27286666666667,5472.580873014809,925684.8929150614,5.385019579046573e6,94785.95151165652
6,NL0 27 biomass,NL0 27,1,22.0,19.979914529914527,5472.580873014809,100013.88462399352,120396.7792063258,3762.0
6,NL0 27 waste,NL0 27,1,71.2,34.1135,5472.580873014809,158933.16544117124,389647.75815865444,10533.763288600363
6,NL0 28 CCGT,NL0 28,1,144.0,43.27286666666667,5472.580873014809,135466.08189000902,788051.6457141326,13485.153019056419
6,NL0 3 CCGT,NL0 3,1,1907.0,51.41762846054192,5472.580873014809,1.112405887359476e6,1.043621172483924e7,58777.98064051038
6,NL0 3 biomass,NL0 3,1,22.0,19.979914529914527,5472.580873014809,100013.88462399352,120396.7792063258,3784.0
6,NL0 3 waste,NL0 3,1,108.0,34.1135,5472.580873014809,241078.39701750688,591038.7342855994,15673.571387642947
6,NL0 30 biomass,NL0 30,1,60.0,19.979914529914527,5472.580873014809,272765.1398836184,328354.85238088854,10260.0
6,NL0 31 CCGT,NL0 31,1,3341.0,85.4787109164719,5472.580873014809,7.220188675351241e-10,1.828389269674248e7,23559.45397882914
6,NL0 5 CCGT,NL0 5,1,49.6,43.27286666666667,5472.580873014809,46660.539317669776,271440.01130153454,4621.087203499097
6,NL0 6 CCGT,NL0 6,1,1608.4,43.27286666666667,5472.580873014809,1.5130808757770173e6,8.80209907615702e6,170919.94740723175
6,NL0 7 CCGT,NL0 7,1,1398.0,43.6729395310492,5472.580873014809,1.2759987478403626e6,7.650668060474703e6,85506.53181069877
6,NL0 7 nuclear,NL0 7,1,515.0,27.322803680981593,5472.580873014809,1.7021457600712704e6,2.818379149602627e6,84102.42124441595
6,NL0 7 waste,NL0 7,1,39.0,34.1135,5472.580873014809,87056.08781187762,213430.65404757755,5733.0
6,NL0 8 CCGT,NL0 8,1,447.0,58.928107624263944,5472.580873014809,189520.23005298057,2.44624365023762e6,8652.104303317303
6,NL0 8 biomass,NL0 8,1,36.0,19.979914529914527,5472.580873014809,163659.0839301714,197012.91142853315,6120.0
6,NL0 8 waste,NL0 8,1,157.0,34.1135,5472.580873014809,350456.55862730206,859195.1970633251,23671.67727675477
6,NL0 9 biomass,NL0 9,1,20.0,19.979914529914527,5472.580873014809,90921.71329453951,109451.61746029618,3437.897319733023
6,NL0 0 0 solar,NL0 0,1,144.0,0.01,59329.06935292875,143777.1718136401,0.0,3495.7738491645578
6,NL0 1 0 solar,NL0 1,1,291.5,0.01,59329.06935292875,279083.88681448676,0.0,6948.705449759602
6,NL0 10 0 solar,NL0 10,1,120.1,0.01,59329.06935292875,123510.80794349074,0.0,3035.911304769089
6,NL0 11 0 solar,NL0 11,1,436.4,0.01,59329.06935292875,411901.30587840645,0.0,10306.481755249355
6,NL0 12 0 solar,NL0 12,1,203.1,0.01,59329.06935292875,191990.80544541523,0.0,4820.92251154439
6,NL0 13 0 solar,NL0 13,1,473.2,0.01,59329.06935292875,452951.73890675174,0.0,11187.121113824795
6,NL0 14 0 solar,NL0 14,1,85.3,0.01,59329.06935292875,84067.00358636606,0.0,2087.7663698282927
6,NL0 15 0 solar,NL0 15,1,369.4,0.01,59329.06935292875,346685.285034427,0.0,8736.034836219216
6,NL0 16 0 solar,NL0 16,1,68.8,0.01,59329.06935292875,69599.92687591026,0.0,1691.4298225830848
6,NL0 17 0 solar,NL0 17,1,63.1,0.01,59329.06935292875,65394.03954021666,0.0,1589.8866005603036
6,NL0 18 0 solar,NL0 18,1,13.399999999999999,0.01,59329.06935292875,13705.304222902532,0.0,335.710111700008
6,NL0 19 0 solar,NL0 19,1,75.60000000000001,0.01,59329.06935292875,70863.94290967542,0.0,1815.0254919597055
6,NL0 2 0 solar,NL0 2,1,1109.1,0.01,59329.06935292875,1.0323424735205561e6,0.0,26402.661517956996
6,NL0 20 0 solar,NL0 20,1,331.2,0.01,59329.06935292875,320483.9317679877,0.0,7909.5604725700005
6,NL0 21 0 solar,NL0 21,1,40.5,0.01,59329.06935292875,41600.66565576048,0.0,1013.9430253950717
6,NL0 22 0 solar,NL0 22,1,263.3,0.01,59329.06935292875,260617.55609716475,0.0,6361.56546158242
6,NL0 23 0 solar,NL0 23,1,57.1,0.01,59329.06935292875,57564.46412102373,0.0,1403.2936270342718
6,NL0 24 0 solar,NL0 24,1,99.8,0.01,59329.06935292875,98258.96051930617,0.0,2393.4015185461817
6,NL0 25 0 solar,NL0 25,1,663.4,0.01,59329.06935292875,623417.0481376502,0.0,15835.542397299549
6,NL0 26 0 solar,NL0 26,1,156.2,0.01,59329.06935292875,154151.3282016009,0.0,3821.2856187503758
6,NL0 27 0 solar,NL0 27,1,103.1,0.01,59329.06935292875,107361.95522086935,0.0,2649.1257341788905
6,NL0 28 0 solar,NL0 28,1,105.3,0.01,59329.06935292875,100355.16709245981,0.0,2489.1644574964166
6,NL0 3 0 solar,NL0 3,1,84.5,0.01,59329.06935292875,85165.20527245206,0.0,2070.9188767275286
6,NL0 30 0 solar,NL0 30,1,3.6,0.01,59329.06935292875,3668.2574639459576,0.0,89.82355962877534
6,NL0 31 0 solar,NL0 31,1,44.8,0.01,59329.06935292875,42321.02586653224,0.0,1072.8423780802711
6,NL0 4 0 solar,NL0 4,1,142.8,0.01,59329.06935292875,136790.37822099504,0.0,3403.277910451907
6,NL0 5 0 solar,NL0 5,1,351.7,0.01,59329.06935292875,342365.7706028363,0.0,8409.128930464909
6,NL0 6 0 solar,NL0 6,1,260.3,0.01,59329.06935292875,262068.4421732812,0.0,6427.157527688587
6,NL0 7 0 solar,NL0 7,1,553.2,0.01,59329.06935292875,550871.4655114004,0.0,13445.138753780626
6,NL0 8 0 solar,NL0 8,1,79.5,0.01,59329.06935292875,79242.76000531408,0.0,1927.2751274433406
6,NL0 9 0 solar,NL0 9,1,299.5,0.01,59329.06935292875,289172.5962436978,0.0,7188.544634543878
6,NL0 20 0 offwind-ac,NL0 20,1,578.0,0.015,59329.06935292875,2.0897042570821068e6,0.0,59166.156616433786
6,NL0 27 0 offwind-ac,NL0 27,1,4583.0,0.015,59329.06935292875,1.8364927258024745e7,0.0,517595.07048146566
6,NL0 31 0 offwind-ac,NL0 31,1,600.0,0.015,59329.06935292875,2.3448754266029424e6,0.0,65002.40995494072
6,NL0 32 0 offwind-ac,NL0 32,1,608.0,0.015,59329.06935292875,2.5122772306798655e6,0.0,68547.3348690924
6,NL0 7 0 offwind-ac,NL0 7,1,752.0,0.015,59329.06935292875,3.1154508015855406e6,0.0,85460.08856763809
6,NL0 0 0 onwind,NL0 0,1,59.0,0.015,59329.06935292875,141581.73699949784,0.0,4305.400648696723
6,NL0 1 0 onwind,NL0 1,1,75.0,0.015,59329.06935292875,144987.223672517,0.0,4670.109887801698
6,NL0 10 0 onwind,NL0 10,1,428.0,0.015,59329.06935292875,1.4291400869199412e6,0.0,42471.58939304397
6,NL0 11 0 onwind,NL0 11,1,21.0,0.015,59329.06935292875,40420.12081248227,0.0,1300.2105832325692
6,NL0 12 0 onwind,NL0 12,1,54.0,0.015,59329.06935292875,157750.11158850274,0.0,4825.868590991421
6,NL0 13 0 onwind,NL0 13,1,23.0,0.015,59329.06935292875,48363.225696769005,0.0,1555.622069077163
6,NL0 14 0 onwind,NL0 14,1,61.0,0.015,59329.06935292875,204206.8002025359,0.0,5976.66177756561
6,NL0 15 0 onwind,NL0 15,1,52.0,0.015,59329.06935292875,110981.05180824433,0.0,3555.624400363984
6,NL0 17 0 onwind,NL0 17,1,27.0,0.015,59329.06935292875,77212.90743965164,0.0,2383.4254239409556
6,NL0 19 0 onwind,NL0 19,1,532.0,0.015,59329.06935292875,1.3460316067230038e6,0.0,41427.001781609724
6,NL0 2 0 onwind,NL0 2,1,472.8,0.015,59329.06935292875,1.0549214371896542e6,0.0,33505.73823647429
6,NL0 20 0 onwind,NL0 20,1,822.2,0.015,59329.06935292875,2.2296443636200447e6,0.0,67147.46125274213
6,NL0 21 0 onwind,NL0 21,1,36.0,0.015,59329.06935292875,104484.76563321071,0.0,3033.807798340754
6,NL0 22 0 onwind,NL0 22,1,122.7,0.015,59329.06935292875,259097.50094449072,0.0,8015.536759023036
6,NL0 23 0 onwind,NL0 23,1,127.0,0.015,59329.06935292875,371375.7050556639,0.0,10603.762040609621
6,NL0 24 0 onwind,NL0 24,1,33.0,0.015,59329.06935292875,87218.32571815483,0.0,2563.9288228334235
6,NL0 27 0 onwind,NL0 27,1,21.6,0.015,59329.06935292875,74449.90450443185,0.0,2094.504552153539
6,NL0 3 0 onwind,NL0 3,1,284.6,0.015,59329.06935292875,734639.6276889532,0.0,21847.220410684055
6,NL0 30 0 onwind,NL0 30,1,31.0,0.015,59329.06935292875,89651.52416415488,0.0,2552.088197282014
6,NL0 31 0 onwind,NL0 31,1,216.0,0.015,59329.06935292875,634984.0143862665,0.0,18937.546997048783
6,NL0 4 0 onwind,NL0 4,1,287.0,0.015,59329.06935292875,733311.6964016734,0.0,21670.557343740336
6,NL0 5 0 onwind,NL0 5,1,21.0,0.015,59329.06935292875,39673.869513893376,0.0,1173.762757956422
6,NL0 6 0 onwind,NL0 6,1,35.0,0.015,59329.06935292875,65026.749012613116,0.0,1969.98028872685
6,NL0 7 0 onwind,NL0 7,1,374.3,0.015,59329.06935292875,974864.6796991498,0.0,28008.37778214493
6,NL0 8 0 onwind,NL0 8,1,101.1,0.015,59329.06935292875,229603.3320273519,0.0,6649.083543835248
6,NL0 9 0 onwind,NL0 9,1,35.0,0.015,59329.06935292875,64634.206735854954,0.0,1942.5786324867208
7,NL0 0 CCGT,NL0 0,1,575.0,43.272866666666665,5472.580873014618,540923.5908802449,3.1467340019834056e6,58628.20504754064
7,NL0 1 biomass,NL0 1,1,71.0,19.979914529914527,5472.580873014618,322772.0821956153,388553.2419840379,12212.0
7,NL0 1 waste,NL0 1,1,31.0,34.1135,5472.580873014618,69198.42877354372,169650.00706345317,4608.571387642948
7,NL0 10 CCGT,NL0 10,1,507.0,43.27286666666667,5472.580873014618,476953.49665440683,2.7745985026184116e6,51985.8242488851
7,NL0 10 waste,NL0 10,1,150.0,34.1135,5472.580873014618,334831.10696875985,820887.1309521927,22197.86218376751
7,NL0 11 CCGT,NL0 11,1,72.0,43.27286666666667,5472.580873014618,67733.04094500451,394025.8228570525,6768.0
7,NL0 11 biomass,NL0 11,1,20.0,19.979914529914527,5472.580873014618,90921.71329453951,109451.61746029236,3440.0
7,NL0 11 waste,NL0 11,1,50.0,34.1135,5472.580873014618,111610.36898958655,273629.0436507309,7398.509622723579
7,NL0 13 CCGT,NL0 13,1,50.0,43.27286666666667,5472.580873014618,47036.83398958645,273629.0436507309,4850.0
7,NL0 13 biomass,NL0 13,1,77.0,19.979914529914527,5472.580873014618,350048.59618397715,421388.7272221256,13244.0
7,NL0 16 CCGT,NL0 16,1,268.0,43.27286666666667,5472.580873014618,252117.43018418355,1.4666516739679177e6,27568.38748743805
7,NL0 17 CCGT,NL0 17,1,107.0,43.27286666666667,5472.580873014618,100658.82473771503,585566.1534125642,10664.237047862624
7,NL0 18 CCGT,NL0 18,1,112.0,43.27286666666667,5472.580873014618,105362.50813667373,612929.0577776373,11088.0
7,NL0 19 CCGT,NL0 19,1,523.0,53.04262929292929,5472.580873014618,286383.1175012115,2.8621597965866453e6,11442.174094047326
7,NL0 19 biomass,NL0 19,1,49.0,19.979914529914527,5472.580873014618,222758.1975716218,268156.4627777163,8428.0
7,NL0 19 waste,NL0 19,1,36.0,34.1135,5472.580873014618,80359.46567250241,197012.91142852625,5328.248996597596
7,NL0 2 CCGT,NL0 2,1,272.5,43.27286666666667,5472.580873014618,256350.74524324635,1.4912782878964834e6,27939.201090696894
7,NL0 21 CCGT,NL0 21,1,85.0,43.27286666666667,5472.580873014618,79962.61778229702,465169.37420624256,9021.070235328867
7,NL0 22 CCGT,NL0 22,1,100.0,43.27286666666667,5472.580873014618,94073.66797917293,547258.0873014618,9864.653019056419
7,NL0 22 biomass,NL0 22,1,500.0,19.979914529914527,5472.580873014618,2.2730428323634886e6,2.7362904365073093e6,88100.47599463069
7,NL0 23 CCGT,NL0 23,1,964.0,43.8530553226903,5472.580873014618,870323.5031578826,5.275567961586092e6,47693.60984839019
7,NL0 24 CCGT,NL0 24,1,684.0,67.50263035262032,5472.580873014618,184434.58658511768,3.743245317141999e6,10714.131758202937
7,NL0 25 waste,NL0 25,1,54.0,34.1135,5472.580873014618,120539.19850875348,295519.36714278936,7938.0
7,NL0 27 CCGT,NL0 27,1,984.0,43.27286666666667,5472.580873014618,925684.8929150619,5.385019579046384e6,99856.16129473125
7,NL0 27 biomass,NL0 27,1,22.0,19.979914529914527,5472.580873014618,100013.88462399352,120396.7792063216,3806.0
7,NL0 27 waste,NL0 27,1,71.2,34.1135,5472.580873014618,158933.1654411713,389647.7581586408,10525.769607819768
7,NL0 28 CCGT,NL0 28,1,144.0,43.27286666666667,5472.580873014618,135466.08189000905,788051.645714105,13936.891092399008
7,NL0 3 CCGT,NL0 3,1,1907.0,51.41762846054192,5472.580873014618,1.1124058873594762e6,1.0436211724838877e7,58777.98064050995
7,NL0 3 biomass,NL0 3,1,22.0,19.979914529914527,5472.580873014618,100013.88462399352,120396.7792063216,3806.0
7,NL0 3 waste,NL0 3,1,108.0,34.1135,5472.580873014618,241078.39701750697,591038.7342855787,15915.364181338153
7,NL0 30 biomass,NL0 30,1,60.0,19.979914529914527,5472.580873014618,272765.1398836184,328354.85238087707,10320.0
7,NL0 31 CCGT,NL0 31,1,3341.0,85.4787109164719,5472.580873014618,8.169757987421001e-10,1.8283892696741838e7,23559.453978829053
7,NL0 5 CCGT,NL0 5,1,49.6,43.27286666666667,5472.580873014618,46660.5393176698,271440.01130152505,4910.400000000001
7,NL0 6 CCGT,NL0 6,1,1608.4,43.27286666666667,5472.580873014618,1.513080875777018e6,8.802099076156713e6,161700.1704099633
7,NL0 7 CCGT,NL0 7,1,1398.0,43.6729395310492,5472.580873014618,1.2759987478403633e6,7.650668060474436e6,85506.53181069877
7,NL0 7 nuclear,NL0 7,1,515.0,27.322803680981593,5472.580873014618,1.7021457600712709e6,2.818379149602528e6,84102.42124441595
7,NL0 7 waste,NL0 7,1,39.0,34.1135,5472.580873014618,87056.08781187765,213430.6540475701,5819.278759899959
7,NL0 8 CCGT,NL0 8,1,447.0,58.928107624263944,5472.580873014618,189520.2300529806,2.446243650237534e6,8652.104303317128
7,NL0 8 biomass,NL0 8,1,36.0,19.979914529914527,5472.580873014618,163659.0839301714,197012.91142852625,6228.0
7,NL0 8 waste,NL0 8,1,157.0,34.1135,5472.580873014618,350456.5586273022,859195.197063295,23697.900723824507
7,NL0 9 biomass,NL0 9,1,20.0,19.979914529914527,5472.580873014618,90921.71329453951,109451.61746029236,3440.0
7,NL0 0 0 solar,NL0 0,1,144.0,0.01,59329.06935292875,143777.17181364013,0.0,3495.7738491645578
7,NL0 1 0 solar,NL0 1,1,291.5,0.01,59329.06935292875,279083.88681448676,0.0,6948.705449759602
7,NL0 10 0 solar,NL0 10,1,120.1,0.01,59329.06935292875,123510.80794349074,0.0,3035.911304769089
7,NL0 11 0 solar,NL0 11,1,436.4,0.01,59329.06935292875,411901.30587840657,0.0,10306.481755249355
7,NL0 12 0 solar,NL0 12,1,203.1,0.01,59329.06935292875,191990.80544541526,0.0,4820.92251154439
7,NL0 13 0 solar,NL0 13,1,473.2,0.01,5472.580873014618,452951.73890675174,0.0,11187.121113824795
7,NL0 14 0 solar,NL0 14,1,85.3,0.01,5472.580873014618,84067.00358636606,0.0,2087.7663698282927
7,NL0 15 0 solar,NL0 15,1,369.4,0.01,5472.580873014618,346685.28503442707,0.0,8736.034836219216
7,NL0 16 0 solar,NL0 16,1,68.8,0.01,59329.06935292875,69599.92687591027,0.0,1691.4298225830848
7,NL0 17 0 solar,NL0 17,1,63.1,0.01,59329.06935292875,65394.03954021667,0.0,1589.8866005603036
7,NL0 18 0 solar,NL0 18,1,13.399999999999999,0.01,59329.06935292875,13705.304222902532,0.0,335.710111700008
7,NL0 19 0 solar,NL0 19,1,75.60000000000001,0.01,59329.06935292875,70863.94290967542,0.0,1815.0254919597055
7,NL0 2 0 solar,NL0 2,1,1109.1,0.01,59329.06935292875,1.0323424735205562e6,0.0,26402.661517956996
7,NL0 20 0 solar,NL0 20,1,331.2,0.01,5472.580873014618,320483.9317679877,0.0,7909.5604725700005
7,NL0 21 0 solar,NL0 21,1,40.5,0.01,59329.06935292875,41600.66565576048,0.0,1013.9430253950717
7,NL0 22 0 solar,NL0 22,1,263.3,0.01,59329.06935292875,260617.55609716478,0.0,6361.56546158242
7,NL0 23 0 solar,NL0 23,1,57.1,0.01,59329.06935292875,57564.46412102373,0.0,1403.2936270342718
7,NL0 24 0 solar,NL0 24,1,99.8,0.01,59329.06935292875,98258.96051930617,0.0,2393.4015185461817
7,NL0 25 0 solar,NL0 25,1,663.4,0.01,59329.06935292875,623417.0481376504,0.0,15835.542397299549
7,NL0 26 0 solar,NL0 26,1,156.2,0.01,59329.06935292875,154151.3282016009,0.0,3821.2856187503758
7,NL0 27 0 solar,NL0 27,1,103.1,0.01,59329.06935292875,107361.95522086936,0.0,2649.1257341788905
7,NL0 28 0 solar,NL0 28,1,105.3,0.01,59329.06935292875,100355.16709245981,0.0,2489.1644574964166
7,NL0 3 0 solar,NL0 3,1,84.5,0.01,59329.06935292875,85165.20527245209,0.0,2070.9188767275286
7,NL0 30 0 solar,NL0 30,1,3.6,0.01,59329.06935292875,3668.2574639459576,0.0,89.82355962877534
7,NL0 31 0 solar,NL0 31,1,44.8,0.01,59329.06935292875,42321.02586653224,0.0,1072.8423780802711
7,NL0 4 0 solar,NL0 4,1,142.8,0.01,59329.06935292875,136790.37822099504,0.0,3403.277910451907
7,NL0 5 0 solar,NL0 5,1,351.7,0.01,59329.06935292875,342365.7706028363,0.0,8409.128930464909
7,NL0 6 0 solar,NL0 6,1,260.3,0.01,59329.06935292875,262068.44217328122,0.0,6427.157527688587
7,NL0 7 0 solar,NL0 7,1,553.2,0.01,59329.06935292875,550871.4655114005,0.0,13445.138753780626
7,NL0 8 0 solar,NL0 8,1,79.5,0.01,59329.06935292875,79242.76000531408,0.0,1927.2751274433406
7,NL0 9 0 solar,NL0 9,1,299.5,0.01,59329.06935292875,289172.5962436978,0.0,7188.544634543878
7,NL0 20 0 offwind-ac,NL0 20,1,578.0,0.015,59329.06935292875,2.089704257082107e6,0.0,60162.61497085985
7,NL0 27 0 offwind-ac,NL0 27,1,4583.0,0.015,59329.06935292875,1.836492725802475e7,0.0,502130.5084810495
7,NL0 31 0 offwind-ac,NL0 31,1,600.0,0.015,59329.06935292875,2.3448754266029424e6,0.0,65533.70995494073
7,NL0 32 0 offwind-ac,NL0 32,1,608.0,0.015,59329.06935292875,2.5122772306798655e6,0.0,70162.48686909239
7,NL0 7 0 offwind-ac,NL0 7,1,752.0,0.015,59329.06935292875,3.1154508015855406e6,0.0,86125.98456763808
7,NL0 0 0 onwind,NL0 0,1,59.0,0.015,59329.06935292875,141581.73699949784,0.0,4482.345107547118
7,NL0 1 0 onwind,NL0 1,1,75.0,0.015,59329.06935292875,144987.223672517,0.0,4742.56319817744
7,NL0 10 0 onwind,NL0 10,1,428.0,0.015,59329.06935292875,1.4291400869199412e6,0.0,42899.58939304398
7,NL0 11 0 onwind,NL0 11,1,21.0,0.015,59329.06935292875,40420.12081248227,0.0,1321.2105832325692
7,NL0 12 0 onwind,NL0 12,1,54.0,0.015,59329.06935292875,157750.11158850274,0.0,4771.910600543067
7,NL0 13 0 onwind,NL0 13,1,23.0,0.015,59329.06935292875,48363.225696769005,0.0,1532.6220690771631
7,NL0 14 0 onwind,NL0 14,1,61.0,0.015,59329.06935292875,204206.80020253593,0.0,6037.66177756561
7,NL0 15 0 onwind,NL0 15,1,52.0,0.015,59329.06935292875,110981.05180824433,0.0,3607.5251690491696
7,NL0 17 0 onwind,NL0 17,1,27.0,0.015,59329.06935292875,77212.90743965164,0.0,2329.4259550095826
7,NL0 19 0 onwind,NL0 19,1,532.0,0.015,59329.06935292875,1.3460316067230038e6,0.0,42486.97601131978
7,NL0 2 0 onwind,NL0 2,1,472.8,0.015,59329.06935292875,1.0549214371896542e6,0.0,33882.00351157511
7,NL0 20 0 onwind,NL0 20,1,822.2,0.015,59329.06935292875,2.2296443636200447e6,0.0,69336.60955946345
7,NL0 21 0 onwind,NL0 21,1,36.0,0.015,59329.06935292875,104484.76563321073,0.0,3213.115111693349
7,NL0 22 0 onwind,NL0 22,1,122.7,0.015,5472.580873014618,259097.50094449072,0.0,8192.937013623796
7,NL0 23 0 onwind,NL0 23,1,127.0,0.015,59329.06935292875,371375.7050556639,0.0,11220.175682684092
7,NL0 24 0 onwind,NL0 24,1,33.0,0.015,59329.06935292875,87218.32571815485,0.0,2695.335457473082
7,NL0 27 0 onwind,NL0 27,1,21.6,0.015,59329.06935292875,74449.90450443185,0.0,2180.9045521535386
7,NL0 3 0 onwind,NL0 3,1,284.6,0.015,59329.06935292875,734639.6276889532,0.0,22726.28265135161
7,NL0 30 0 onwind,NL0 30,1,31.0,0.015,5472.580873014618,89651.52416415488,0.0,2722.483397118999
7,NL0 31 0 onwind,NL0 31,1,216.0,0.015,59329.06935292875,634984.0143862665,0.0,19369.54699704878
7,NL0 4 0 onwind,NL0 4,1,287.0,0.015,5472.580873014618,733311.6964016735,0.0,23084.587646299056
7,NL0 5 0 onwind,NL0 5,1,21.0,0.015,59329.06935292875,39673.869513893376,0.0,1282.9340960200916
7,NL0 6 0 onwind,NL0 6,1,35.0,0.015,59329.06935292875,65026.749012613116,0.0,2126.9213407013876
7,NL0 7 0 onwind,NL0 7,1,374.3,0.015,59329.06935292875,974864.6796991499,0.0,30159.0744295002
7,NL0 8 0 onwind,NL0 8,1,101.1,0.015,5472.580873014618,229603.3320273519,0.0,7323.460787945647
7,NL0 9 0 onwind,NL0 9,1,35.0,0.015,59329.06935292875,64634.206735854954,0.0,2115.0035191784173
8,NL0 0 CCGT,NL0 0,1,575.0,43.272866666666665,5472.5808730146255,540923.590880245,3.1467340019834097e6,64547.16066908934
8,NL0 1 biomass,NL0 1,1,71.0,19.979914529914527,5472.5808730146255,322772.0821956152,388553.2419840384,12283.0
8,NL0 1 waste,NL0 1,1,31.0,34.1135,5472.5808730146255,69198.42877354371,169650.00706345338,4681.915471299604
8,NL0 10 CCGT,NL0 10,1,507.0,43.27286666666667,5472.5808730146255,476953.4966544068,2.7745985026184153e6,52582.632769297765
8,NL0 10 waste,NL0 10,1,150.0,34.1135,5472.5808730146255,334831.10696875985,820887.1309521939,22505.918949054492
8,NL0 11 CCGT,NL0 11,1,72.0,43.27286666666667,5472.5808730146255,67733.04094500453,394025.822857053,7609.500368540867
8,NL0 11 biomass,NL0 11,1,20.0,19.979914529914527,5472.5808730146255,90921.71329453951,109451.6174602925,3460.0
8,NL0 11 waste,NL0 11,1,50.0,34.1135,5472.5808730146255,111610.36898958655,273629.04365073127,7427.388521270454
8,NL0 13 CCGT,NL0 13,1,50.0,43.27286666666667,5472.5808730146255,47036.83398958646,273629.04365073127,5100.0
8,NL0 13 biomass,NL0 13,1,77.0,19.979914529914527,5472.5808730146255,350048.5961839771,421388.72722212615,13321.0
8,NL0 16 CCGT,NL0 16,1,268.0,43.27286666666667,5472.5808730146255,252117.4301841834,1.4666516739679195e6,27080.635838299575
8,NL0 17 CCGT,NL0 17,1,107.0,43.27286666666667,5472.5808730146255,100658.82473771498,585566.1534125649,10592.068863257964
8,NL0 18 CCGT,NL0 18,1,112.0,43.27286666666667,5472.5808730146255,105362.5081366737,612929.0577776381,11424.0
8,NL0 19 CCGT,NL0 19,1,523.0,53.04262929292929,5472.5808730146255,286383.1175012115,2.862159796586649e6,11442.174094047412
8,NL0 19 biomass,NL0 19,1,49.0,19.979914529914527,5472.5808730146255,222758.19757162177,268156.46277771663,8477.0
8,NL0 19 waste,NL0 19,1,36.0,34.1135,5472.5808730146255,80359.46567250238,197012.9114285265,5364.0
8,NL0 2 CCGT,NL0 2,1,272.5,43.27286666666667,5472.5808730146255,256350.74524324614,1.4912782878964855e6,26632.029336793636
8,NL0 21 CCGT,NL0 21,1,85.0,43.27286666666667,5472.5808730146255,79962.61778229696,465169.37420624314,8160.0
8,NL0 22 CCGT,NL0 22,1,100.0,43.27286666666667,5472.5808730146255,94073.66797917287,547258.0873014625,9590.95101468275
8,NL0 22 biomass,NL0 22,1,500.0,19.979914529914527,5472.5808730146255,2.2730428323634886e6,2.7362904365073126e6,88074.82008498115
8,NL0 23 CCGT,NL0 23,1,964.0,43.8530553226903,5472.5808730146255,870323.5031578823,5.275567961586099e6,47693.60984839019
8,NL0 24 CCGT,NL0 24,1,684.0,67.50263035262032,5472.5808730146255,184434.5865851177,3.7432453171420037e6,10714.13175820292
8,NL0 25 waste,NL0 25,1,54.0,34.1135,5472.5808730146255,120539.19850875347,295519.36714278976,7992.0
8,NL0 27 CCGT,NL0 27,1,984.0,43.27286666666667,5472.5808730146255,925684.8929150614,5.385019579046392e6,96977.2689350171
8,NL0 27 biomass,NL0 27,1,22.0,19.979914529914527,5472.5808730146255,100013.88462399352,120396.77920632176,3784.0
8,NL0 27 waste,NL0 27,1,71.2,34.1135,5472.5808730146255,158933.1654411712,389647.75815864134,10481.025582024826
8,NL0 28 CCGT,NL0 28,1,144.0,43.27286666666667,5472.5808730146255,135466.08189000894,788051.645714106,13248.0
8,NL0 3 CCGT,NL0 3,1,1907.0,51.41762846054192,5472.5808730146255,1.1124058873594762e6,1.043621172483889e7,58777.98064051023
8,NL0 3 biomass,NL0 3,1,22.0,19.979914529914527,5472.5808730146255,100013.88462399352,120396.77920632176,3762.0
8,NL0 3 waste,NL0 3,1,108.0,34.1135,5472.5808730146255,241078.39701750694,591038.7342855795,15984.0
8,NL0 30 biomass,NL0 30,1,60.0,19.979914529914527,5472.5808730146255,272765.1398836184,328354.85238087754,10260.0
8,NL0 31 CCGT,NL0 31,1,3341.0,85.4787109164719,5472.5808730146255,1.1323902830891065e-9,1.8283892696741864e7,23559.45397882906
8,NL0 5 CCGT,NL0 5,1,49.6,43.27286666666667,5472.5808730146255,46660.53931766977,271440.0113015254,4463.999999999997
8,NL0 6 CCGT,NL0 6,1,1608.4,43.27286666666667,5472.5808730146255,1.5130808757770176e6,8.802099076156724e6,160772.95317892314
8,NL0 7 CCGT,NL0 7,1,1398.0,43.6729395310492,5472.5808730146255,1.2759987478403628e6,7.650668060474446e6,85506.53181069877
8,NL0 7 nuclear,NL0 7,1,515.0,27.322803680981593,5472.5808730146255,1.7021457600712704e6,2.818379149602532e6,84102.42124441595
8,NL0 7 waste,NL0 7,1,39.0,34.1135,5472.5808730146255,87056.08781187762,213430.6540475704,5694.363288600355
8,NL0 8 CCGT,NL0 8,1,447.0,58.928107624263944,5472.5808730146255,189520.23005298057,2.4462436502375375e6,8652.104303317294
8,NL0 8 biomass,NL0 8,1,36.0,19.979914529914527,5472.5808730146255,163659.0839301714,197012.9114285265,6184.897319733022
8,NL0 8 waste,NL0 8,1,157.0,34.1135,5472.5808730146255,350456.55862730206,859195.1970632962,23298.893651364288
8,NL0 9 biomass,NL0 9,1,20.0,19.979914529914527,5472.5808730146255,90921.71329453951,109451.6174602925,3417.7585899165165
8,NL0 0 0 solar,NL0 0,1,144.0,0.01,59329.06935292875,143777.1718136401,0.0,3495.7738491645578
8,NL0 1 0 solar,NL0 1,1,291.5,0.01,59329.06935292875,279083.8868144867,0.0,6948.705449759602
8,NL0 10 0 solar,NL0 10,1,120.1,0.01,59329.06935292875,123510.80794349074,0.0,3035.911304769089
8,NL0 11 0 solar,NL0 11,1,436.4,0.01,59329.06935292875,411901.3058784065,0.0,10306.481755249355
8,NL0 12 0 solar,NL0 12,1,203.1,0.01,59329.06935292875,191990.80544541523,0.0,4820.92251154439
8,NL0 13 0 solar,NL0 13,1,473.2,0.01,59329.06935292875,452951.73890675174,0.0,11187.121113824795
8,NL0 14 0 solar,NL0 14,1,85.3,0.01,59329.06935292875,84067.00358636606,0.0,2087.7663698282927
8,NL0 15 0 solar,NL0 15,1,369.4,0.01,59329.06935292875,346685.28503442707,0.0,8736.034836219216
8,NL0 16 0 solar,NL0 16,1,68.8,0.01,59329.06935292875,69599.92687591026,0.0,1691.4298225830848
8,NL0 17 0 solar,NL0 17,1,63.1,0.01,59329.06935292875,65394.03954021666,0.0,1589.8866005603036
8,NL0 18 0 solar,NL0 18,1,13.399999999999999,0.01,59329.06935292875,13705.304222902532,0.0,335.710111700008
8,NL0 19 0 solar,NL0 19,1,75.60000000000001,0.01,59329.06935292875,70863.94290967542,0.0,1815.0254919597055
8,NL0 2 0 solar,NL0 2,1,1109.1,0.01,59329.06935292875,1.0323424735205561e6,0.0,26402.661517956996
8,NL0 20 0 solar,NL0 20,1,331.2,0.01,59329.06935292875,320483.93176798767,0.0,7909.5604725700005
8,NL0 21 0 solar,NL0 21,1,40.5,0.01,59329.06935292875,41600.66565576047,0.0,1013.9430253950717
8,NL0 22 0 solar,NL0 22,1,263.3,0.01,59329.06935292875,260617.55609716478,0.0,6361.56546158242
8,NL0 23 0 solar,NL0 23,1,57.1,0.01,59329.06935292875,57564.46412102373,0.0,1403.2936270342718
8,NL0 24 0 solar,NL0 24,1,99.8,0.01,59329.06935292875,98258.96051930617,0.0,2393.4015185461817
8,NL0 25 0 solar,NL0 25,1,663.4,0.01,59329.06935292875,623417.0481376502,0.0,15835.542397299549
8,NL0 26 0 solar,NL0 26,1,156.2,0.01,59329.06935292875,154151.3282016009,0.0,3821.2856187503758
8,NL0 27 0 solar,NL0 27,1,103.1,0.01,59329.06935292875,107361.95522086935,0.0,2649.1257341788905
8,NL0 28 0 solar,NL0 28,1,105.3,0.01,59329.06935292875,100355.16709245981,0.0,2489.1644574964166
8,NL0 3 0 solar,NL0 3,1,84.5,0.01,59329.06935292875,85165.20527245206,0.0,2070.9188767275286
8,NL0 30 0 solar,NL0 30,1,3.6,0.01,59329.06935292875,3668.2574639459576,0.0,89.82355962877534
8,NL0 31 0 solar,NL0 31,1,44.8,0.01,59329.06935292875,42321.02586653224,0.0,1072.8423780802711
8,NL0 4 0 solar,NL0 4,1,142.8,0.01,59329.06935292875,136790.37822099504,0.0,3403.277910451907
8,NL0 5 0 solar,NL0 5,1,351.7,0.01,59329.06935292875,342365.7706028363,0.0,8409.128930464909
8,NL0 6 0 solar,NL0 6,1,260.3,0.01,59329.06935292875,262068.4421732812,0.0,6427.157527688587
8,NL0 7 0 solar,NL0 7,1,553.2,0.01,59329.06935292875,550871.4655114004,0.0,13445.138753780626
8,NL0 8 0 solar,NL0 8,1,79.5,0.01,59329.06935292875,79242.76000531408,0.0,1927.2751274433406
8,NL0 9 0 solar,NL0 9,1,299.5,0.01,59329.06935292875,289172.5962436978,0.0,7188.544634543878
8,NL0 20 0 offwind-ac,NL0 20,1,578.0,0.015,59329.06935292875,2.0897042570821068e6,0.0,59650.79597085986
8,NL0 27 0 offwind-ac,NL0 27,1,4583.0,0.015,59329.06935292875,1.8364927258024745e7,0.0,517595.07048146566
8,NL0 31 0 offwind-ac,NL0 31,1,600.0,0.015,59329.06935292875,2.3448754266029424e6,0.0,65533.70995494073
8,NL0 32 0 offwind-ac,NL0 32,1,608.0,0.015,59329.06935292875,2.5122772306798655e6,0.0,70162.48686909239
8,NL0 7 0 offwind-ac,NL0 7,1,752.0,0.015,59329.06935292875,3.1154508015855406e6,0.0,85460.08856763809
8,NL0 0 0 onwind,NL0 0,1,59.0,0.015,59329.06935292875,141581.73699949784,0.0,4482.345107547118
8,NL0 1 0 onwind,NL0 1,1,75.0,0.015,59329.06935292875,144987.223672517,0.0,4667.56319817744
8,NL0 10 0 onwind,NL0 10,1,428.0,0.015,59329.06935292875,1.4291400869199412e6,0.0,42899.58939304398
8,NL0 11 0 onwind,NL0 11,1,21.0,0.015,59329.06935292875,40420.12081248227,0.0,1284.9027932410302
8,NL0 12 0 onwind,NL0 12,1,54.0,0.015,59329.06935292875,157750.11158850274,0.0,4771.86859099142
8,NL0 13 0 onwind,NL0 13,1,23.0,0.015,59329.06935292875,48363.225696769005,0.0,1532.6220690771631
8,NL0 14 0 onwind,NL0 14,1,61.0,0.015,59329.06935292875,204206.8002025359,0.0,5976.66177756561
8,NL0 15 0 onwind,NL0 15,1,52.0,0.015,59329.06935292875,110981.05180824433,0.0,3566.2068649493503
8,NL0 17 0 onwind,NL0 17,1,27.0,0.015,59329.06935292875,77212.90743965164,0.0,2356.425955009582
8,NL0 19 0 onwind,NL0 19,1,532.0,0.015,59329.06935292875,1.3460316067230038e6,0.0,41957.66613883625
8,NL0 2 0 onwind,NL0 2,1,472.8,0.015,59329.06935292875,1.0549214371896542e6,0.0,32944.81142635297
8,NL0 20 0 onwind,NL0 20,1,822.2,0.015,59329.06935292875,2.2296443636200447e6,0.0,66900.7523842015
8,NL0 21 0 onwind,NL0 21,1,36.0,0.015,59329.06935292875,104484.76563321071,0.0,3177.115111693349
8,NL0 22 0 onwind,NL0 22,1,122.7,0.015,59329.06935292875,259097.5009444907,0.0,7979.539671631507
8,NL0 23 0 onwind,NL0 23,1,127.0,0.015,59329.06935292875,371375.7050556639,0.0,10721.837663876997
8,NL0 24 0 onwind,NL0 24,1,33.0,0.015,59329.06935292875,87218.32571815483,0.0,2600.1429486856773
8,NL0 27 0 onwind,NL0 27,1,21.6,0.015,59329.06935292875,74449.90450443185,0.0,2060.2783755343676
8,NL0 3 0 onwind,NL0 3,1,284.6,0.015,59329.06935292875,734639.6276889532,0.0,21632.393813815066
8,NL0 30 0 onwind,NL0 30,1,31.0,0.015,59329.06935292875,89651.52416415488,0.0,2601.596946311353
8,NL0 31 0 onwind,NL0 31,1,216.0,0.015,59329.06935292875,634984.0143862665,0.0,17182.168802517317
8,NL0 4 0 onwind,NL0 4,1,287.0,0.015,59329.06935292875,733311.6964016734,0.0,21065.26645632144
8,NL0 5 0 onwind,NL0 5,1,21.0,0.015,59329.06935292875,39673.869513893376,0.0,1123.5201676835077
8,NL0 6 0 onwind,NL0 6,1,35.0,0.015,59329.06935292875,65026.749012613116,0.0,1829.4101094630716
8,NL0 7 0 onwind,NL0 7,1,374.3,0.015,59329.06935292875,974864.6796991498,0.0,27697.911477590886
8,NL0 8 0 onwind,NL0 8,1,101.1,0.015,59329.06935292875,229603.3320273519,0.0,6679.993672809822
8,NL0 9 0 onwind,NL0 9,1,35.0,0.015,59329.06935292875,64634.206735854954,0.0,1863.7677010521147
9,NL0 0 CCGT,NL0 0,1,575.0,43.272866666666665,5472.58087301472,540923.5908802446,3.146734001983464e6,60977.69680307804
9,NL0 1 biomass,NL0 1,1,71.0,19.979914529914527,5472.58087301472,322772.0821956152,388553.24198404513,12087.758589916517
9,NL0 1 waste,NL0 1,1,31.0,34.1135,5472.58087301472,69198.42877354372,169650.00706345632,4712.915471299604
9,NL0 10 CCGT,NL0 10,1,507.0,43.27286666666667,5472.58087301472,476953.4966544069,2.7745985026184632e6,54706.78055289458
9,NL0 10 waste,NL0 10,1,150.0,34.1135,5472.58087301472,334831.10696875985,820887.130952208,22598.604706178554
9,NL0 11 CCGT,NL0 11,1,72.0,43.27286666666667,5472.58087301472,67733.04094500451,394025.82285705983,7086.837047862623
9,NL0 11 biomass,NL0 11,1,20.0,19.979914529914527,5472.58087301472,90921.7132945395,109451.6174602944,3440.0
9,NL0 11 waste,NL0 11,1,50.0,34.1135,5472.58087301472,111610.36898958654,273629.043650736,7400.0
9,NL0 13 CCGT,NL0 13,1,50.0,43.27286666666667,5472.58087301472,47036.83398958648,273629.043650736,5300.0
9,NL0 13 biomass,NL0 13,1,77.0,19.979914529914527,5472.58087301472,350048.59618397715,421388.7272221334,13244.0
9,NL0 16 CCGT,NL0 16,1,268.0,43.27286666666667,5472.58087301472,252117.43018418347,1.466651673967945e6,27407.953335576833
9,NL0 17 CCGT,NL0 17,1,107.0,43.27286666666667,5472.58087301472,100658.824737715,585566.153412575,11020.504844116582
9,NL0 18 CCGT,NL0 18,1,112.0,43.27286666666667,5472.58087301472,105362.50813667373,612929.0577776487,10416.0
9,NL0 19 CCGT,NL0 19,1,523.0,53.04262929292929,5472.58087301472,286383.1175012115,2.8621597965866984e6,11442.174094047412
9,NL0 19 biomass,NL0 19,1,49.0,19.979914529914527,5472.58087301472,222758.1975716218,268156.4627777213,8428.0
9,NL0 19 waste,NL0 19,1,36.0,34.1135,5472.58087301472,80359.4656725024,197012.91142852991,5256.0
9,NL0 2 CCGT,NL0 2,1,272.5,43.27286666666667,5472.58087301472,256350.74524324632,1.4912782878965111e6,26637.48378398052
9,NL0 21 CCGT,NL0 21,1,85.0,43.27286666666667,5472.58087301472,79962.61778229699,465169.37420625123,7770.1735194176845
9,NL0 22 CCGT,NL0 22,1,100.0,43.27286666666667,5472.58087301472,94073.6679791729,547258.087301472,9500.0
9,NL0 22 biomass,NL0 22,1,500.0,19.979914529914527,5472.58087301472,2.2730428323634895e6,2.73629043650736e6,88384.71740471417
9,NL0 23 CCGT,NL0 23,1,964.0,43.8530553226903,5472.58087301472,870323.5031578825,5.27556796158619e6,47693.60984839019
9,NL0 24 CCGT,NL0 24,1,684.0,67.50263035262032,5472.58087301472,184434.5865851177,3.7432453171420684e6,10714.131758202933
9,NL0 25 waste,NL0 25,1,54.0,34.1135,5472.58087301472,120539.19850875348,295519.3671427949,7963.9557498415825
9,NL0 27 CCGT,NL0 27,1,984.0,43.27286666666667,5472.58087301472,925684.8929150618,5.385019579046484e6,94222.69452147234
9,NL0 27 biomass,NL0 27,1,22.0,19.979914529914527,5472.58087301472,100013.88462399351,120396.77920632384,3784.0
9,NL0 27 waste,NL0 27,1,71.2,34.1135,5472.58087301472,158933.16544117124,389647.7581586481,10557.722144128385
9,NL0 28 CCGT,NL0 28,1,144.0,43.27286666666667,5472.58087301472,135466.08189000905,788051.6457141197,13187.358905658723
9,NL0 3 CCGT,NL0 3,1,1907.0,51.41762846054192,5472.58087301472,1.1124058873594762e6,1.043621172483907e7,58777.980640510366
9,NL0 3 biomass,NL0 3,1,22.0,19.979914529914527,5472.58087301472,100013.88462399351,120396.77920632384,3784.0
9,NL0 3 waste,NL0 3,1,108.0,34.1135,5472.58087301472,241078.39701750697,591038.7342855898,15887.371387642948
9,NL0 30 biomass,NL0 30,1,60.0,19.979914529914527,5472.58087301472,272765.1398836184,328354.8523808832,10260.0
9,NL0 31 CCGT,NL0 31,1,3341.0,85.4787109164719,5472.58087301472,1.0827630175902627e-9,1.828389269674218e7,23559.453978829108
9,NL0 5 CCGT,NL0 5,1,49.6,43.27286666666667,5472.58087301472,46660.539317669805,271440.0113015301,4705.132700974177
9,NL0 6 CCGT,NL0 6,1,1608.4,43.27286666666667,5472.58087301472,1.5130808757770178e6,8.802099076156877e6,165842.58495887005
9,NL0 7 CCGT,NL0 7,1,1398.0,43.6729395310492,5472.58087301472,1.275998747840363e6,7.650668060474578e6,85506.53181069877
9,NL0 7 nuclear,NL0 7,1,515.0,27.322803680981593,5472.58087301472,1.7021457600712709e6,2.818379149602581e6,84102.42124441595
9,NL0 7 waste,NL0 7,1,39.0,34.1135,5472.58087301472,87056.08781187763,213430.6540475741,5655.0
9,NL0 8 CCGT,NL0 8,1,447.0,58.928107624263944,5472.58087301472,189520.23005298054,2.44624365023758e6,8652.104303317297
9,NL0 8 biomass,NL0 8,1,36.0,19.979914529914527,5472.58087301472,163659.0839301714,197012.91142852991,6192.0
9,NL0 8 waste,NL0 8,1,157.0,34.1135,5472.58087301472,350456.55862730206,859195.197063311,23397.936004522944
9,NL0 9 biomass,NL0 9,1,20.0,19.979914529914527,5472.58087301472,90921.7132945395,109451.6174602944,3420.0
9,NL0 0 0 solar,NL0 0,1,144.0,0.01,59329.06935292875,143777.1718136401,0.0,3495.7738491645578
9,NL0 1 0 solar,NL0 1,1,291.5,0.01,59329.06935292875,279083.88681448676,0.0,6948.705449759602
9,NL0 10 0 solar,NL0 10,1,120.1,0.01,59329.06935292875,123510.80794349074,0.0,3035.911304769089
9,NL0 11 0 solar,NL0 11,1,436.4,0.01,59329.06935292875,411901.30587840657,0.0,10306.481755249355
9,NL0 12 0 solar,NL0 12,1,203.1,0.01,59329.06935292875,191990.80544541526,0.0,4820.92251154439
9,NL0 13 0 solar,NL0 13,1,473.2,0.01,5472.58087301472,452951.73890675174,0.0,11187.121113824795
9,NL0 14 0 solar,NL0 14,1,85.3,0.01,59329.06935292875,84067.00358636606,0.0,2087.7663698282927
9,NL0 15 0 solar,NL0 15,1,369.4,0.01,59329.06935292875,346685.28503442707,0.0,8736.034836219216
9,NL0 16 0 solar,NL0 16,1,68.8,0.01,59329.06935292875,69599.92687591027,0.0,1691.4298225830848
9,NL0 17 0 solar,NL0 17,1,63.1,0.01,59329.06935292875,65394.03954021667,0.0,1589.8866005603036
9,NL0 18 0 solar,NL0 18,1,13.399999999999999,0.01,59329.06935292875,13705.304222902532,0.0,335.710111700008
9,NL0 19 0 solar,NL0 19,1,75.60000000000001,0.01,59329.06935292875,70863.94290967542,0.0,1815.0254919597055
9,NL0 2 0 solar,NL0 2,1,1109.1,0.01,59329.06935292875,1.0323424735205561e6,0.0,26402.661517956996
9,NL0 20 0 solar,NL0 20,1,331.2,0.01,5472.58087301472,320483.9317679877,0.0,7909.5604725700005
9,NL0 21 0 solar,NL0 21,1,40.5,0.01,59329.06935292875,41600.66565576048,0.0,1013.9430253950717
9,NL0 22 0 solar,NL0 22,1,263.3,0.01,5472.58087301472,260617.55609716478,0.0,6361.56546158242
9,NL0 23 0 solar,NL0 23,1,57.1,0.01,59329.06935292875,57564.46412102373,0.0,1403.2936270342718
9,NL0 24 0 solar,NL0 24,1,99.8,0.01,59329.06935292875,98258.96051930617,0.0,2393.4015185461817
9,NL0 25 0 solar,NL0 25,1,663.4,0.01,5472.58087301472,623417.0481376504,0.0,15835.542397299549
9,NL0 26 0 solar,NL0 26,1,156.2,0.01,59329.06935292875,154151.3282016009,0.0,3821.2856187503758
9,NL0 27 0 solar,NL0 27,1,103.1,0.01,59329.06935292875,107361.95522086936,0.0,2649.1257341788905
9,NL0 28 0 solar,NL0 28,1,105.3,0.01,59329.06935292875,100355.16709245981,0.0,2489.1644574964166
9,NL0 3 0 solar,NL0 3,1,84.5,0.01,5472.58087301472,85165.20527245206,0.0,2070.9188767275286
9,NL0 30 0 solar,NL0 30,1,3.6,0.01,59329.06935292875,3668.2574639459576,0.0,89.82355962877534
9,NL0 31 0 solar,NL0 31,1,44.8,0.01,59329.06935292875,42321.02586653224,0.0,1072.8423780802711
9,NL0 4 0 solar,NL0 4,1,142.8,0.01,59329.06935292875,136790.37822099501,0.0,3403.277910451907
9,NL0 5 0 solar,NL0 5,1,351.7,0.01,59329.06935292875,342365.7706028363,0.0,8409.128930464909
9,NL0 6 0 solar,NL0 6,1,260.3,0.01,59329.06935292875,262068.44217328122,0.0,6427.157527688587
9,NL0 7 0 solar,NL0 7,1,553.2,0.01,59329.06935292875,550871.4655114005,0.0,13445.138753780626
9,NL0 8 0 solar,NL0 8,1,79.5,0.01,59329.06935292875,79242.76000531408,0.0,1927.2751274433406
9,NL0 9 0 solar,NL0 9,1,299.5,0.01,59329.06935292875,289172.5962436978,0.0,7188.544634543878
9,NL0 20 0 offwind-ac,NL0 20,1,578.0,0.015,59329.06935292875,2.0897042570821068e6,0.0,59719.429858019495
9,NL0 27 0 offwind-ac,NL0 27,1,4583.0,0.015,59329.06935292875,1.836492725802475e7,0.0,516017.64161226753
9,NL0 31 0 offwind-ac,NL0 31,1,600.0,0.015,59329.06935292875,2.3448754266029424e6,0.0,65002.40995494072
9,NL0 32 0 offwind-ac,NL0 32,1,608.0,0.015,5472.58087301472,2.5122772306798655e6,0.0,69899.57412156521
9,NL0 7 0 offwind-ac,NL0 7,1,752.0,0.015,59329.06935292875,3.1154508015855406e6,0.0,84128.2965676381
9,NL0 0 0 onwind,NL0 0,1,59.0,0.015,59329.06935292875,141581.73699949784,0.0,4374.722970334101
9,NL0 1 0 onwind,NL0 1,1,75.0,0.015,59329.06935292875,144987.223672517,0.0,4742.56319817744
9,NL0 10 0 onwind,NL0 10,1,428.0,0.015,5472.58087301472,1.4291400869199412e6,0.0,41862.97387961624
9,NL0 11 0 onwind,NL0 11,1,21.0,0.015,59329.06935292875,40420.12081248227,0.0,1286.6695123700767
9,NL0 12 0 onwind,NL0 12,1,54.0,0.015,59329.06935292875,157750.11158850274,0.0,4663.956149718756
9,NL0 13 0 onwind,NL0 13,1,23.0,0.015,5472.58087301472,48363.225696769005,0.0,1516.1171898963744
9,NL0 14 0 onwind,NL0 14,1,61.0,0.015,5472.58087301472,204206.8002025359,0.0,6037.66177756561
9,NL0 15 0 onwind,NL0 15,1,52.0,0.015,59329.06935292875,110981.05180824433,0.0,3607.5251690491696
9,NL0 17 0 onwind,NL0 17,1,27.0,0.015,59329.06935292875,77212.90743965164,0.0,2302.429071148017
9,NL0 19 0 onwind,NL0 19,1,532.0,0.015,59329.06935292875,1.3460316067230038e6,0.0,41957.66613883625
9,NL0 2 0 onwind,NL0 2,1,472.8,0.015,59329.06935292875,1.0549214371896542e6,0.0,33310.473480124645
9,NL0 20 0 onwind,NL0 20,1,822.2,0.015,59329.06935292875,2.2296443636200447e6,0.0,64844.64788829859
9,NL0 21 0 onwind,NL0 21,1,36.0,0.015,59329.06935292875,104484.76563321071,0.0,3141.115111693349
9,NL0 22 0 onwind,NL0 22,1,122.7,0.015,59329.06935292875,259097.5009444907,0.0,8071.34956069539
9,NL0 23 0 onwind,NL0 23,1,127.0,0.015,59329.06935292875,371375.7050556639,0.0,10848.835644419705
9,NL0 24 0 onwind,NL0 24,1,33.0,0.015,59329.06935292875,87218.32571815484,0.0,2620.650567892354
9,NL0 27 0 onwind,NL0 27,1,21.6,0.015,59329.06935292875,74449.90450443185,0.0,2202.5045521535385
9,NL0 3 0 onwind,NL0 3,1,284.6,0.015,5472.58087301472,734639.6276889532,0.0,22664.84617897136
9,NL0 30 0 onwind,NL0 30,1,31.0,0.015,59329.06935292875,89651.52416415488,0.0,2629.4833971189996
9,NL0 31 0 onwind,NL0 31,1,216.0,0.015,59329.06935292875,634984.0143862665,0.0,18721.546997048783
9,NL0 4 0 onwind,NL0 4,1,287.0,0.015,59329.06935292875,733311.6964016734,0.0,22487.801805808638
9,NL0 5 0 onwind,NL0 5,1,21.0,0.015,59329.06935292875,39673.869513893376,0.0,1179.061815432701
9,NL0 6 0 onwind,NL0 6,1,35.0,0.015,59329.06935292875,65026.749012613116,0.0,1906.2337498686682
9,NL0 7 0 onwind,NL0 7,1,374.3,0.015,59329.06935292875,974864.6796991499,0.0,29103.40254980376
9,NL0 8 0 onwind,NL0 8,1,101.1,0.015,59329.06935292875,229603.3320273519,0.0,7151.720231743575
9,NL0 9 0 onwind,NL0 9,1,35.0,0.015,59329.06935292875,64634.206735854954,0.0,1955.199759759509
10,NL0 0 CCGT,NL0 0,1,575.0,43.272866666666665,5472.580873014544,540923.5908802446,3.1467340019833627e6,61417.90395209452
10,NL0 1 biomass,NL0 1,1,71.0,19.979914529914527,5472.580873014544,322772.0821956153,388553.2419840326,12127.758589916517
10,NL0 1 waste,NL0 1,1,31.0,34.1135,5472.580873014544,69198.42877354371,169650.00706345084,4644.286858942552
10,NL0 10 CCGT,NL0 10,1,507.0,43.27286666666667,5472.580873014544,476953.4966544068,2.774598502618374e6,50676.2872034991
10,NL0 10 waste,NL0 10,1,150.0,34.1135,5472.580873014544,334831.10696875985,820887.1309521815,22546.1401254202
10,NL0 11 CCGT,NL0 11,1,72.0,43.27286666666667,5472.580873014544,67733.04094500454,394025.82285704714,7056.0
10,NL0 11 biomass,NL0 11,1,20.0,19.979914529914527,5472.580873014544,90921.71329453951,109451.61746029087,3420.0
10,NL0 11 waste,NL0 11,1,50.0,34.1135,5472.580873014544,111610.36898958655,273629.0436507272,7497.755749841583
10,NL0 13 CCGT,NL0 13,1,50.0,43.27286666666667,5472.580873014544,47036.83398958647,273629.0436507272,4900.0
10,NL0 13 biomass,NL0 13,1,77.0,19.979914529914527,5472.580873014544,350048.59618397715,421388.72722211987,13244.0
10,NL0 16 CCGT,NL0 16,1,268.0,43.27286666666667,5472.580873014544,252117.43018418353,1.4666516739678977e6,26649.13270097418
10,NL0 17 CCGT,NL0 17,1,107.0,43.27286666666667,5472.580873014544,100658.82473771503,585566.1534125562,10058.0
10,NL0 18 CCGT,NL0 18,1,112.0,43.27286666666667,5472.580873014544,105362.5081366737,612929.0577776289,10416.0
10,NL0 19 CCGT,NL0 19,1,523.0,53.04262929292929,5472.580873014544,286383.1175012115,2.862159796586606e6,11442.174094047412
10,NL0 19 biomass,NL0 19,1,49.0,19.979914529914527,5472.580873014544,222758.19757162177,268156.4627777126,8428.0
10,NL0 19 waste,NL0 19,1,36.0,34.1135,5472.580873014544,80359.46567250238,197012.91142852357,5327.9082861502
10,NL0 2 CCGT,NL0 2,1,272.5,43.27286666666667,5472.580873014544,256350.74524324626,1.4912782878964632e6,27215.92686400799
10,NL0 21 CCGT,NL0 21,1,85.0,43.27286666666667,5472.580873014544,79962.61778229696,465169.3742062362,8075.0
10,NL0 22 CCGT,NL0 22,1,100.0,43.27286666666667,5472.580873014544,94073.66797917285,547258.0873014544,9189.716915227265
10,NL0 22 biomass,NL0 22,1,500.0,19.979914529914527,5472.580873014544,2.273042832363489e6,2.7362904365072716e6,88484.71740471426
10,NL0 23 CCGT,NL0 23,1,964.0,43.8530553226903,5472.580873014544,870323.5031578824,5.27556796158602e6,47693.60984839019
10,NL0 24 CCGT,NL0 24,1,684.0,67.50263035262032,5472.580873014544,184434.58658511768,3.743245317141948e6,10714.131758202937
10,NL0 25 waste,NL0 25,1,54.0,34.1135,5472.580873014544,120539.19850875346,295519.36714278534,7938.0
10,NL0 27 CCGT,NL0 27,1,984.0,43.27286666666667,5472.580873014544,925684.8929150614,5.385019579046311e6,99738.04471766156
10,NL0 27 biomass,NL0 27,1,22.0,19.979914529914527,5472.580873014544,100013.88462399352,120396.77920631996,3784.0
10,NL0 27 waste,NL0 27,1,71.2,34.1135,5472.580873014544,158933.1654411713,389647.7581586355,10558.601336573389
10,NL0 28 CCGT,NL0 28,1,144.0,43.27286666666667,5472.580873014544,135466.08189000902,788051.6457140943,13166.653019056419
10,NL0 3 CCGT,NL0 3,1,1907.0,51.41762846054192,5472.580873014544,1.1124058873594762e6,1.0436211724838736e7,58777.98064051038
10,NL0 3 biomass,NL0 3,1,22.0,19.979914529914527,5472.580873014544,100013.88462399352,120396.77920631996,3784.0
10,NL0 3 waste,NL0 3,1,108.0,34.1135,5472.580873014544,241078.3970175069,591038.7342855707,15955.85701688031
10,NL0 30 biomass,NL0 30,1,60.0,19.979914529914527,5472.580873014544,272765.1398836184,328354.8523808726,10140.0
10,NL0 31 CCGT,NL0 31,1,3341.0,85.4787109164719,5472.580873014544,8.169757987421039e-10,1.828389269674159e7,23559.45397882914
10,NL0 5 CCGT,NL0 5,1,49.6,43.27286666666667,5472.580873014544,46660.53931766978,271440.0113015214,4690.78055289458
10,NL0 6 CCGT,NL0 6,1,1608.4,43.27286666666667,5472.580873014544,1.5130808757770178e6,8.802099076156592e6,165531.75504848652
10,NL0 7 CCGT,NL0 7,1,1398.0,43.6729395310492,5472.580873014544,1.275998747840363e6,7.650668060474332e6,85506.53181069877
10,NL0 7 nuclear,NL0 7,1,515.0,27.322803680981593,5472.580873014544,1.7021457600712709e6,2.81837914960249e6,84102.42124441595
10,NL0 7 waste,NL0 7,1,39.0,34.1135,5472.580873014544,87056.08781187763,213430.6540475672,5694.0
10,NL0 8 CCGT,NL0 8,1,447.0,58.928107624263944,5472.580873014544,189520.2300529806,2.446243650237501e6,8652.104303317303
10,NL0 8 biomass,NL0 8,1,36.0,19.979914529914527,5472.580873014544,163659.0839301714,197012.91142852357,6192.0
10,NL0 8 waste,NL0 8,1,157.0,34.1135,5472.580873014544,350456.55862730194,859195.1970632833,23266.956089805786
10,NL0 9 biomass,NL0 9,1,20.0,19.979914529914527,5472.580873014544,90921.71329453951,109451.61746029087,3420.0
10,NL0 0 0 solar,NL0 0,1,144.0,0.01,59329.06935292875,143777.1718136401,0.0,3495.7738491645578
10,NL0 1 0 solar,NL0 1,1,291.5,0.01,59329.06935292875,279083.88681448676,0.0,6948.705449759602
10,NL0 10 0 solar,NL0 10,1,120.1,0.01,59329.06935292875,123510.80794349074,0.0,3035.911304769089
10,NL0 11 0 solar,NL0 11,1,436.4,0.01,59329.06935292875,411901.3058784065,0.0,10306.481755249355
10,NL0 12 0 solar,NL0 12,1,203.1,0.01,59329.06935292875,191990.80544541523,0.0,4820.92251154439
10,NL0 13 0 solar,NL0 13,1,473.2,0.01,59329.06935292875,452951.73890675174,0.0,11187.121113824795
10,NL0 14 0 solar,NL0 14,1,85.3,0.01,59329.06935292875,84067.00358636606,0.0,2087.7663698282927
10,NL0 15 0 solar,NL0 15,1,369.4,0.01,59329.06935292875,346685.28503442707,0.0,8736.034836219216
10,NL0 16 0 solar,NL0 16,1,68.8,0.01,59329.06935292875,69599.92687591027,0.0,1691.4298225830848
10,NL0 17 0 solar,NL0 17,1,63.1,0.01,59329.06935292875,65394.03954021666,0.0,1589.8866005603036
10,NL0 18 0 solar,NL0 18,1,13.399999999999999,0.01,59329.06935292875,13705.304222902532,0.0,335.710111700008
10,NL0 19 0 solar,NL0 19,1,75.60000000000001,0.01,59329.06935292875,70863.94290967542,0.0,1815.0254919597055
10,NL0 2 0 solar,NL0 2,1,1109.1,0.01,59329.06935292875,1.0323424735205562e6,0.0,26402.661517956996
10,NL0 20 0 solar,NL0 20,1,331.2,0.01,59329.06935292875,320483.9317679877,0.0,7909.5604725700005
10,NL0 21 0 solar,NL0 21,1,40.5,0.01,59329.06935292875,41600.66565576048,0.0,1013.9430253950717
10,NL0 22 0 solar,NL0 22,1,263.3,0.01,59329.06935292875,260617.55609716478,0.0,6361.56546158242
10,NL0 23 0 solar,NL0 23,1,57.1,0.01,59329.06935292875,57564.46412102373,0.0,1403.2936270342718
10,NL0 24 0 solar,NL0 24,1,99.8,0.01,59329.06935292875,98258.96051930617,0.0,2393.4015185461817
10,NL0 25 0 solar,NL0 25,1,663.4,0.01,59329.06935292875,623417.0481376502,0.0,15835.542397299549
10,NL0 26 0 solar,NL0 26,1,156.2,0.01,59329.06935292875,154151.3282016009,0.0,3821.2856187503758
10,NL0 27 0 solar,NL0 27,1,103.1,0.01,59329.06935292875,107361.95522086935,0.0,2649.1257341788905
10,NL0 28 0 solar,NL0 28,1,105.3,0.01,59329.06935292875,100355.16709245981,0.0,2489.1644574964166
10,NL0 3 0 solar,NL0 3,1,84.5,0.01,59329.06935292875,85165.20527245209,0.0,2070.9188767275286
10,NL0 30 0 solar,NL0 30,1,3.6,0.01,59329.06935292875,3668.2574639459576,0.0,89.82355962877534
10,NL0 31 0 solar,NL0 31,1,44.8,0.01,59329.06935292875,42321.02586653224,0.0,1072.8423780802711
10,NL0 4 0 solar,NL0 4,1,142.8,0.01,59329.06935292875,136790.37822099504,0.0,3403.277910451907
10,NL0 5 0 solar,NL0 5,1,351.7,0.01,59329.06935292875,342365.7706028363,0.0,8409.128930464909
10,NL0 6 0 solar,NL0 6,1,260.3,0.01,59329.06935292875,262068.44217328122,0.0,6427.157527688587
10,NL0 7 0 solar,NL0 7,1,553.2,0.01,59329.06935292875,550871.4655114004,0.0,13445.138753780626
10,NL0 8 0 solar,NL0 8,1,79.5,0.01,59329.06935292875,79242.76000531408,0.0,1927.2751274433406
10,NL0 9 0 solar,NL0 9,1,299.5,0.01,59329.06935292875,289172.5962436978,0.0,7188.544634543878
10,NL0 20 0 offwind-ac,NL0 20,1,578.0,0.015,59329.06935292875,2.0897042570821068e6,0.0,59650.79597085986
10,NL0 27 0 offwind-ac,NL0 27,1,4583.0,0.015,59329.06935292875,1.8364927258024745e7,0.0,517595.07048146566
10,NL0 31 0 offwind-ac,NL0 31,1,600.0,0.015,59329.06935292875,2.3448754266029424e6,0.0,65002.40995494072
10,NL0 32 0 offwind-ac,NL0 32,1,608.0,0.015,59329.06935292875,2.5122772306798655e6,0.0,70162.48686909239
10,NL0 7 0 offwind-ac,NL0 7,1,752.0,0.015,59329.06935292875,3.1154508015855406e6,0.0,86125.98456763808
10,NL0 0 0 onwind,NL0 0,1,59.0,0.015,59329.06935292875,141581.73699949784,0.0,4423.345107547118
10,NL0 1 0 onwind,NL0 1,1,75.0,0.015,59329.06935292875,144987.223672517,0.0,4516.359980626559
10,NL0 10 0 onwind,NL0 10,1,428.0,0.015,59329.06935292875,1.4291400869199412e6,0.0,42043.66180313579
10,NL0 11 0 onwind,NL0 11,1,21.0,0.015,59329.06935292875,40420.12081248227,0.0,1290.3173232046383
10,NL0 12 0 onwind,NL0 12,1,54.0,0.015,59329.06935292875,157750.11158850274,0.0,4663.956149718756
10,NL0 13 0 onwind,NL0 13,1,23.0,0.015,59329.06935292875,48363.225696769005,0.0,1493.312711966494
10,NL0 14 0 onwind,NL0 14,1,61.0,0.015,59329.06935292875,204206.8002025359,0.0,5915.66177756561
10,NL0 15 0 onwind,NL0 15,1,52.0,0.015,59329.06935292875,110981.05180824433,0.0,3566.2068649493503
10,NL0 17 0 onwind,NL0 17,1,27.0,0.015,59329.06935292875,77212.90743965164,0.0,2275.4259550095817
10,NL0 19 0 onwind,NL0 19,1,532.0,0.015,59329.06935292875,1.3460316067230038e6,0.0,41959.001781609724
10,NL0 2 0 onwind,NL0 2,1,472.8,0.015,59329.06935292875,1.0549214371896542e6,0.0,33409.203511575106
10,NL0 20 0 onwind,NL0 20,1,822.2,0.015,59329.06935292875,2.2296443636200447e6,0.0,67728.31939183091
10,NL0 21 0 onwind,NL0 21,1,36.0,0.015,59329.06935292875,104484.76563321071,0.0,3105.3564070712346
10,NL0 22 0 onwind,NL0 22,1,122.7,0.015,59329.06935292875,259097.50094449072,0.0,7948.068412036254
10,NL0 23 0 onwind,NL0 23,1,127.0,0.015,59329.06935292875,371375.7050556639,0.0,10839.2508605402
10,NL0 24 0 onwind,NL0 24,1,33.0,0.015,59329.06935292875,87218.32571815483,0.0,2695.335457473082
10,NL0 27 0 onwind,NL0 27,1,21.6,0.015,59329.06935292875,74449.90450443185,0.0,2051.307877365423
10,NL0 3 0 onwind,NL0 3,1,284.6,0.015,59329.06935292875,734639.6276889532,0.0,21592.16255707546
10,NL0 30 0 onwind,NL0 30,1,31.0,0.015,59329.06935292875,89651.52416415488,0.0,2629.5744366623353
10,NL0 31 0 onwind,NL0 31,1,216.0,0.015,59329.06935292875,634984.0143862665,0.0,17649.82048716324
10,NL0 4 0 onwind,NL0 4,1,287.0,0.015,59329.06935292875,733311.6964016734,0.0,20244.626150966735
10,NL0 5 0 onwind,NL0 5,1,21.0,0.015,59329.06935292875,39673.869513893376,0.0,1111.1133481961258
10,NL0 6 0 onwind,NL0 6,1,35.0,0.015,59329.06935292875,65026.749012613116,0.0,1997.274454541431
10,NL0 7 0 onwind,NL0 7,1,374.3,0.015,59329.06935292875,974864.6796991499,0.0,27576.232954650382
10,NL0 8 0 onwind,NL0 8,1,101.1,0.015,59329.06935292875,229603.3320273519,0.0,6812.88754728208
10,NL0 9 0 onwind,NL0 9,1,35.0,0.015,59329.06935292875,64634.206735854954,0.0,1883.9793082162837
11,NL0 0 CCGT,NL0 0,1,575.0,43.272866666666665,5472.580873011287,540923.5908802449,3.14673400198149e6,59552.02369330355
11,NL0 1 biomass,NL0 1,1,71.0,19.979914529914527,5472.580873011287,322772.0821956153,388553.24198380136,12212.0
11,NL0 1 waste,NL0 1,1,31.0,34.1135,5472.580873011287,69198.42877354371,169650.00706334988,4558.7082861502
11,NL0 10 CCGT,NL0 10,1,507.0,43.27286666666667,5472.580873011287,476953.49665440683,2.774598502616722e6,53235.0
11,NL0 10 waste,NL0 10,1,150.0,34.1135,5472.580873011287,334831.10696875997,820887.130951693,22074.55344466553
11,NL0 11 CCGT,NL0 11,1,72.0,43.27286666666667,5472.580873011287,67733.04094500454,394025.8228568126,7026.368607597344
11,NL0 11 biomass,NL0 11,1,20.0,19.979914529914527,5472.580873011287,90921.71329453951,109451.61746022574,3440.0
11,NL0 11 waste,NL0 11,1,50.0,34.1135,5472.580873011287,111610.36898958654,273629.04365056433,7491.801336573379
11,NL0 13 CCGT,NL0 13,1,50.0,43.27286666666667,5472.580873011287,47036.83398958648,273629.04365056433,4800.0
11,NL0 13 biomass,NL0 13,1,77.0,19.979914529914527,5472.580873011287,350048.59618397715,421388.72722186905,13170.758589916517
11,NL0 16 CCGT,NL0 16,1,268.0,43.27286666666667,5472.580873011287,252117.43018418353,1.4666516739670248e6,27196.99983110751
11,NL0 17 CCGT,NL0 17,1,107.0,43.27286666666667,5472.580873011287,100658.824737715,585566.1534122077,9844.0
11,NL0 18 CCGT,NL0 18,1,112.0,43.27286666666667,5472.580873011287,105362.5081366737,612929.0577772642,10640.0
11,NL0 19 CCGT,NL0 19,1,523.0,53.04262929292929,5472.580873011287,286383.1175012115,2.862159796584903e6,11442.174094047412
11,NL0 19 biomass,NL0 19,1,49.0,19.979914529914527,5472.580873011287,222758.19757162177,268156.46277755307,8428.0
11,NL0 19 waste,NL0 19,1,36.0,34.1135,5472.580873011287,80359.46567250241,197012.9114284063,5292.0
11,NL0 2 CCGT,NL0 2,1,272.5,43.27286666666667,5472.580873011287,256350.7452432463,1.4912782878955756e6,28519.970235328867
11,NL0 21 CCGT,NL0 21,1,85.0,43.27286666666667,5472.580873011287,79962.61778229696,465169.3742059594,8197.982672370468
11,NL0 22 CCGT,NL0 22,1,100.0,43.27286666666667,5472.580873011287,94073.66797917294,547258.0873011287,10221.768352247616
11,NL0 22 biomass,NL0 22,1,500.0,19.979914529914527,5472.580873011287,2.273042832363489e6,2.736290436505643e6,88273.71740471426
11,NL0 23 CCGT,NL0 23,1,964.0,43.8530553226903,5472.580873011287,870323.5031578824,5.2755679615828805e6,47693.60984839019
11,NL0 24 CCGT,NL0 24,1,684.0,67.50263035262032,5472.580873011287,184434.58658511768,3.74324531713972e6,10714.131758203259
11,NL0 25 waste,NL0 25,1,54.0,34.1135,5472.580873011287,120539.19850875348,295519.3671426095,8012.541053324421
11,NL0 27 CCGT,NL0 27,1,984.0,43.27286666666667,5472.580873011287,925684.892915062,5.385019579043106e6,102869.34515626366
11,NL0 27 biomass,NL0 27,1,22.0,19.979914529914527,5472.580873011287,100013.88462399352,120396.7792062483,3784.0
11,NL0 27 waste,NL0 27,1,71.2,34.1135,5472.580873011287,158933.1654411713,389647.7581584036,10680.000000000011
11,NL0 28 CCGT,NL0 28,1,144.0,43.27286666666667,5472.580873011287,135466.081890009,788051.6457136252,14164.653019056419
11,NL0 3 CCGT,NL0 3,1,1907.0,51.41762846054192,5472.580873011287,1.1124058873594762e6,1.0436211724832524e7,58777.98064051178
11,NL0 3 biomass,NL0 3,1,22.0,19.979914529914527,5472.580873011287,100013.88462399352,120396.7792062483,3784.0
11,NL0 3 waste,NL0 3,1,108.0,34.1135,5472.580873011287,241078.39701750697,591038.734285219,15823.301725422609
11,NL0 30 biomass,NL0 30,1,60.0,19.979914529914527,5472.580873011287,272765.1398836184,328354.8523806772,10320.0
11,NL0 31 CCGT,NL0 31,1,3341.0,85.4787109164719,5472.580873011287,7.220188675351862e-10,1.828389269673071e7,23559.453978830632
11,NL0 5 CCGT,NL0 5,1,49.6,43.27286666666667,5472.580873011287,46660.53931766979,271440.0113013598,4761.599999999999
11,NL0 6 CCGT,NL0 6,1,1608.4,43.27286666666667,5472.580873011287,1.5130808757770176e6,8.802099076151354e6,157751.48940662673
11,NL0 7 CCGT,NL0 7,1,1398.0,43.6729395310492,5472.580873011287,1.2759987478403628e6,7.650668060469779e6,85506.53181069877
11,NL0 7 nuclear,NL0 7,1,515.0,27.322803680981593,5472.580873011287,1.7021457600712709e6,2.8183791496008127e6,84102.42124441595
11,NL0 7 waste,NL0 7,1,39.0,34.1135,5472.580873011287,87056.08781187762,213430.65404744018,5693.363288600355
11,NL0 8 CCGT,NL0 8,1,447.0,58.928107624263944,5472.580873011287,189520.23005298054,2.446243650236045e6,8652.104303317408
11,NL0 8 biomass,NL0 8,1,36.0,19.979914529914527,5472.580873011287,163659.0839301714,197012.9114284063,6192.0
11,NL0 8 waste,NL0 8,1,157.0,34.1135,5472.580873011287,350456.55862730206,859195.197062772,23803.236328877516
11,NL0 9 biomass,NL0 9,1,20.0,19.979914529914527,5472.580873011287,90921.71329453951,109451.61746022574,3420.0
11,NL0 0 0 solar,NL0 0,1,144.0,0.01,59329.06935292875,143777.17181364013,0.0,3495.7738491645578
11,NL0 1 0 solar,NL0 1,1,291.5,0.01,59329.06935292875,279083.88681448676,0.0,6948.705449759602
11,NL0 10 0 solar,NL0 10,1,120.1,0.01,59329.06935292875,123510.80794349074,0.0,3035.911304769089
11,NL0 11 0 solar,NL0 11,1,436.4,0.01,59329.06935292875,411901.30587840657,0.0,10306.481755249355
11,NL0 12 0 solar,NL0 12,1,203.1,0.01,59329.06935292875,191990.80544541526,0.0,4820.92251154439
11,NL0 13 0 solar,NL0 13,1,473.2,0.01,59329.06935292875,452951.73890675174,0.0,11187.121113824795
11,NL0 14 0 solar,NL0 14,1,85.3,0.01,59329.06935292875,84067.00358636606,0.0,2087.7663698282927
11,NL0 15 0 solar,NL0 15,1,369.4,0.01,59329.06935292875,346685.28503442707,0.0,8736.034836219216
11,NL0 16 0 solar,NL0 16,1,68.8,0.01,59329.06935292875,69599.92687591027,0.0,1691.4298225830848
11,NL0 17 0 solar,NL0 17,1,63.1,0.01,59329.06935292875,65394.03954021667,0.0,1589.8866005603036
11,NL0 18 0 solar,NL0 18,1,13.399999999999999,0.01,59329.06935292875,13705.304222902532,0.0,335.710111700008
11,NL0 19 0 solar,NL0 19,1,75.60000000000001,0.01,59329.06935292875,70863.94290967542,0.0,1815.0254919597055
11,NL0 2 0 solar,NL0 2,1,1109.1,0.01,59329.06935292875,1.0323424735205562e6,0.0,26402.661517956996
11,NL0 20 0 solar,NL0 20,1,331.2,0.01,59329.06935292875,320483.9317679877,0.0,7909.5604725700005
11,NL0 21 0 solar,NL0 21,1,40.5,0.01,59329.06935292875,41600.66565576048,0.0,1013.9430253950717
11,NL0 22 0 solar,NL0 22,1,263.3,0.01,59329.06935292875,260617.55609716478,0.0,6361.56546158242
11,NL0 23 0 solar,NL0 23,1,57.1,0.01,59329.06935292875,57564.46412102373,0.0,1403.2936270342718
11,NL0 24 0 solar,NL0 24,1,99.8,0.01,59329.06935292875,98258.96051930617,0.0,2393.4015185461817
11,NL0 25 0 solar,NL0 25,1,663.4,0.01,59329.06935292875,623417.0481376504,0.0,15835.542397299549
11,NL0 26 0 solar,NL0 26,1,156.2,0.01,59329.06935292875,154151.3282016009,0.0,3821.2856187503758
11,NL0 27 0 solar,NL0 27,1,103.1,0.01,59329.06935292875,107361.95522086936,0.0,2649.1257341788905
11,NL0 28 0 solar,NL0 28,1,105.3,0.01,59329.06935292875,100355.16709245981,0.0,2489.1644574964166
11,NL0 3 0 solar,NL0 3,1,84.5,0.01,59329.06935292875,85165.20527245209,0.0,2070.9188767275286
11,NL0 30 0 solar,NL0 30,1,3.6,0.01,59329.06935292875,3668.2574639459576,0.0,89.82355962877534
11,NL0 31 0 solar,NL0 31,1,44.8,0.01,59329.06935292875,42321.02586653224,0.0,1072.8423780802711
11,NL0 4 0 solar,NL0 4,1,142.8,0.01,59329.06935292875,136790.37822099504,0.0,3403.277910451907
11,NL0 5 0 solar,NL0 5,1,351.7,0.01,59329.06935292875,342365.7706028363,0.0,8409.128930464909
11,NL0 6 0 solar,NL0 6,1,260.3,0.01,59329.06935292875,262068.4421732812,0.0,6427.157527688587
11,NL0 7 0 solar,NL0 7,1,553.2,0.01,59329.06935292875,550871.4655114005,0.0,13445.138753780626
11,NL0 8 0 solar,NL0 8,1,79.5,0.01,59329.06935292875,79242.76000531408,0.0,1927.2751274433406
11,NL0 9 0 solar,NL0 9,1,299.5,0.01,59329.06935292875,289172.5962436978,0.0,7188.544634543878
11,NL0 20 0 offwind-ac,NL0 20,1,578.0,0.015,59329.06935292875,2.0897042570821068e6,0.0,55044.42497085987
11,NL0 27 0 offwind-ac,NL0 27,1,4583.0,0.015,59329.06935292875,1.8364927258024745e7,0.0,508745.55625240674
11,NL0 31 0 offwind-ac,NL0 31,1,600.0,0.015,59329.06935292875,2.3448754266029424e6,0.0,65533.70995494073
11,NL0 32 0 offwind-ac,NL0 32,1,608.0,0.015,59329.06935292875,2.5122772306798655e6,0.0,70162.48686909239
11,NL0 7 0 offwind-ac,NL0 7,1,752.0,0.015,59329.06935292875,3.1154508015855406e6,0.0,86125.98456763808
11,NL0 0 0 onwind,NL0 0,1,59.0,0.015,59329.06935292875,141581.73699949784,0.0,4423.345107547118
11,NL0 1 0 onwind,NL0 1,1,75.0,0.015,59329.06935292875,144987.223672517,0.0,4517.658299818789
11,NL0 10 0 onwind,NL0 10,1,428.0,0.015,59329.06935292875,1.4291400869199412e6,0.0,42899.58939304398
11,NL0 11 0 onwind,NL0 11,1,21.0,0.015,59329.06935292875,40420.12081248227,0.0,1307.6695123700767
11,NL0 12 0 onwind,NL0 12,1,54.0,0.015,59329.06935292875,157750.11158850274,0.0,4771.910600543067
11,NL0 13 0 onwind,NL0 13,1,23.0,0.015,59329.06935292875,48363.225696769005,0.0,1532.6220690771631
11,NL0 14 0 onwind,NL0 14,1,61.0,0.015,59329.06935292875,204206.8002025359,0.0,5915.66177756561
11,NL0 15 0 onwind,NL0 15,1,52.0,0.015,59329.06935292875,110981.05180824433,0.0,3566.2068649493503
11,NL0 17 0 onwind,NL0 17,1,27.0,0.015,59329.06935292875,77212.90743965164,0.0,2303.0576664619116
11,NL0 19 0 onwind,NL0 19,1,532.0,0.015,59329.06935292875,1.3460316067230038e6,0.0,42486.97601131978
11,NL0 2 0 onwind,NL0 2,1,472.8,0.015,59329.06935292875,1.0549214371896542e6,0.0,33882.00351157511
11,NL0 20 0 onwind,NL0 20,1,822.2,0.015,59329.06935292875,2.2296443636200447e6,0.0,69336.60955946345
11,NL0 21 0 onwind,NL0 21,1,36.0,0.015,59329.06935292875,104484.76563321071,0.0,3141.3564070712346
11,NL0 22 0 onwind,NL0 22,1,122.7,0.015,59329.06935292875,259097.50094449072,0.0,8070.768412036254
11,NL0 23 0 onwind,NL0 23,1,127.0,0.015,59329.06935292875,371375.7050556639,0.0,11093.175682684092
11,NL0 24 0 onwind,NL0 24,1,33.0,0.015,59329.06935292875,87218.32571815483,0.0,2695.335457473082
11,NL0 27 0 onwind,NL0 27,1,21.6,0.015,59329.06935292875,74449.90450443185,0.0,2094.507877365423
11,NL0 3 0 onwind,NL0 3,1,284.6,0.015,59329.06935292875,734639.6276889532,0.0,22726.28265135161
11,NL0 30 0 onwind,NL0 30,1,31.0,0.015,59329.06935292875,89651.52416415488,0.0,2692.1132215717694
11,NL0 31 0 onwind,NL0 31,1,216.0,0.015,59329.06935292875,634984.0143862665,0.0,19153.54699704878
11,NL0 4 0 onwind,NL0 4,1,287.0,0.015,59329.06935292875,733311.6964016734,0.0,22797.591441937933
11,NL0 5 0 onwind,NL0 5,1,21.0,0.015,59329.06935292875,39673.869513893376,0.0,1282.9340960200916
11,NL0 6 0 onwind,NL0 6,1,35.0,0.015,59329.06935292875,65026.749012613116,0.0,2126.9213407013876
11,NL0 7 0 onwind,NL0 7,1,374.3,0.015,59329.06935292875,974864.6796991499,0.0,30159.0744295002
11,NL0 8 0 onwind,NL0 8,1,101.1,0.015,59329.06935292875,229603.3320273519,0.0,7323.460787945647
11,NL0 9 0 onwind,NL0 9,1,35.0,0.015,59329.06935292875,64634.206735854954,0.0,2045.9686705959102
12,NL0 0 CCGT,NL0 0,1,575.0,43.272866666666665,4559.065804915283,549273.3321032728,2.6214628378262874e6,55407.65354019836
12,NL0 1 biomass,NL0 1,1,71.0,19.979914529914527,4559.065804915283,323803.0937205457,323693.6721489851,12283.0
12,NL0 1 waste,NL0 1,1,31.0,34.1135,4559.065804915283,69648.58873513309,141331.03995237377,4604.371387642948
12,NL0 10 CCGT,NL0 10,1,507.0,43.27286666666667,4559.065804915283,484315.79021975526,2.311446363092048e6,50016.12707258668
12,NL0 10 waste,NL0 10,1,150.0,34.1135,4559.065804915283,337009.300331289,683859.8707372923,22162.588521270452
12,NL0 11 CCGT,NL0 11,1,72.0,43.27286666666667,4559.065804915283,68778.57375901856,328252.73795390036,7703.1702353288665
12,NL0 11 biomass,NL0 11,1,20.0,19.979914529914527,4559.065804915283,91212.13907621006,91181.31609830566,3460.0
12,NL0 11 waste,NL0 11,1,50.0,34.1135,4559.065804915283,112336.43344376293,227953.29024576413,7261.425582024817
12,NL0 13 CCGT,NL0 13,1,50.0,43.27286666666667,4559.065804915283,47762.898443762824,227953.29024576413,4700.0
12,NL0 13 biomass,NL0 13,1,77.0,19.979914529914527,4559.065804915283,351166.7354434088,351048.06697847677,13398.0
12,NL0 16 CCGT,NL0 16,1,268.0,43.27286666666667,4559.065804915283,256009.13565856885,1.2218296357172958e6,26203.263472210157
12,NL0 17 CCGT,NL0 17,1,107.0,43.27286666666667,4559.065804915283,102212.60266965245,487820.0411259352,10593.0
12,NL0 18 CCGT,NL0 18,1,112.0,43.27286666666667,4559.065804915283,106988.89251402878,510615.3701505116,10858.485660306558
12,NL0 19 CCGT,NL0 19,1,523.0,53.04262929292929,4559.065804915283,293977.7516918967,2.384391415970693e6,11442.174094047412
12,NL0 19 biomass,NL0 19,1,49.0,19.979914529914527,4559.065804915283,223469.74073671465,223394.22444084883,8428.0
12,NL0 19 waste,NL0 19,1,36.0,34.1135,4559.065804915283,80882.2320795094,164126.36897695018,5430.541247848382
12,NL0 2 CCGT,NL0 2,1,272.5,43.27286666666667,4559.065804915283,260307.79651850756,1.2423454318394144e6,26977.5
12,NL0 21 CCGT,NL0 21,1,85.0,43.27286666666667,4559.065804915283,81196.92735439682,387520.59341779904,8189.1330545677765
12,NL0 22 CCGT,NL0 22,1,100.0,43.27286666666667,4559.065804915283,95525.79688752566,455906.58049152826,9380.439640011125
12,NL0 22 biomass,NL0 22,1,500.0,19.979914529914527,4559.065804915283,2.280303476905253e6,2.2795329024576414e6,87761.47599463069
12,NL0 23 CCGT,NL0 23,1,964.0,43.8530553226903,4559.065804915283,884322.0258344032,4.394939435938332e6,47693.60984839019
12,NL0 24 CCGT,NL0 24,1,684.0,67.50263035262032,4559.065804915283,194367.1483182509,3.1184010105620534e6,10714.131758202937
12,NL0 25 waste,NL0 25,1,54.0,34.1135,4559.065804915283,121323.34811926397,246189.55346542527,7907.915471299511
12,NL0 27 CCGT,NL0 27,1,984.0,43.27286666666667,4559.065804915283,939973.8413732527,4.486120752036638e6,99071.01418925753
12,NL0 27 biomass,NL0 27,1,22.0,19.979914529914527,4559.065804915283,100333.35298383114,100299.44770813621,3784.0
12,NL0 27 waste,NL0 27,1,71.2,34.1135,4559.065804915283,159967.08122391845,324605.4853099681,10428.99403751238
12,NL0 28 CCGT,NL0 28,1,144.0,43.27286666666667,4559.065804915283,137557.14751803703,656505.4759078007,14560.380552894581
12,NL0 3 CCGT,NL0 3,1,1907.0,51.41762846054192,4559.065804915283,1.140097985641764e6,8.694138489973444e6,58777.98064051038
12,NL0 3 biomass,NL0 3,1,22.0,19.979914529914527,4559.065804915283,100333.35298383114,100299.44770813621,3806.0
12,NL0 3 waste,NL0 3,1,108.0,34.1135,4559.065804915283,242646.69623852795,492379.10693085054,16069.7082861502
12,NL0 30 biomass,NL0 30,1,60.0,19.979914529914527,4559.065804915283,273636.4172286301,273543.94829491695,10380.0
12,NL0 31 CCGT,NL0 31,1,3341.0,85.4787109164719,4559.065804915283,48515.626828068205,1.5231838854221959e7,23559.45397882914
12,NL0 5 CCGT,NL0 5,1,49.6,43.27286666666667,4559.065804915283,47380.79525621275,226129.663923798,4700.826708882533
12,NL0 6 CCGT,NL0 6,1,1608.4,43.27286666666667,4559.065804915283,1.5364369171389649e6,7.332801440625741e6,170420.20684765794
12,NL0 7 CCGT,NL0 7,1,1398.0,43.6729395310492,4559.065804915283,1.2962995099791347e6,6.373573995271565e6,85506.53181069877
12,NL0 7 nuclear,NL0 7,1,515.0,27.322803680981593,4559.065804915283,1.7096242239492873e6,2.3479188895313707e6,84102.42124441595
12,NL0 7 waste,NL0 7,1,39.0,34.1135,4559.065804915283,87622.41808613522,177803.56639169602,5694.0
12,NL0 8 CCGT,NL0 8,1,447.0,58.928107624263944,4559.065804915283,196011.2462733176,2.0379024147971312e6,8652.104303317303
12,NL0 8 biomass,NL0 8,1,36.0,19.979914529914527,4559.065804915283,164181.8503371784,164126.36897695018,6264.0
12,NL0 8 waste,NL0 8,1,157.0,34.1135,4559.065804915283,352736.4010134159,715773.3313716993,23869.96092986523
12,NL0 9 biomass,NL0 9,1,20.0,19.979914529914527,4559.065804915283,91212.13907621006,91181.31609830566,3460.0
12,NL0 0 0 solar,NL0 0,1,144.0,0.01,59329.06935292875,143803.75591553425,0.0,3495.7738491645578
12,NL0 1 0 solar,NL0 1,1,291.5,0.01,59329.06935292875,279083.88681448676,0.0,6948.705449759602
12,NL0 10 0 solar,NL0 10,1,120.1,0.01,59329.06935292875,123510.80794349074,0.0,3035.911304769089
12,NL0 11 0 solar,NL0 11,1,436.4,0.01,59329.06935292875,411901.3058784065,0.0,10306.481755249355
12,NL0 12 0 solar,NL0 12,1,203.1,0.01,59329.06935292875,191990.80544541523,0.0,4820.92251154439
12,NL0 13 0 solar,NL0 13,1,473.2,0.01,59329.06935292875,452951.73890675174,0.0,11187.121113824795
12,NL0 14 0 solar,NL0 14,1,85.3,0.01,59329.06935292875,84083.43083761183,0.0,2087.7663698282927
12,NL0 15 0 solar,NL0 15,1,369.4,0.01,59329.06935292875,346685.285034427,0.0,8736.034836219216
12,NL0 16 0 solar,NL0 16,1,68.8,0.01,59329.06935292875,69625.18814135814,0.0,1691.4298225830848
12,NL0 17 0 solar,NL0 17,1,63.1,0.01,59329.06935292875,65413.876089659396,0.0,1589.8866005603036
12,NL0 18 0 solar,NL0 18,1,13.399999999999999,0.01,59329.06935292875,13705.304222902532,0.0,335.710111700008
12,NL0 19 0 solar,NL0 19,1,75.60000000000001,0.01,59329.06935292875,70863.94290967542,0.0,1815.0254919597055
12,NL0 2 0 solar,NL0 2,1,1109.1,0.01,59329.06935292875,1.0323424735205561e6,0.0,26402.661517956996
12,NL0 20 0 solar,NL0 20,1,331.2,0.01,59329.06935292875,320483.9317679877,0.0,7909.5604725700005
12,NL0 21 0 solar,NL0 21,1,40.5,0.01,59329.06935292875,41600.66565576048,0.0,1013.9430253950717
12,NL0 22 0 solar,NL0 22,1,263.3,0.01,59329.06935292875,260722.23730921638,0.0,6361.56546158242
12,NL0 23 0 solar,NL0 23,1,57.1,0.01,59329.06935292875,57584.27706892421,0.0,1403.2936270342718
12,NL0 24 0 solar,NL0 24,1,99.8,0.01,59329.06935292875,98278.8706345097,0.0,2393.4015185461817
12,NL0 25 0 solar,NL0 25,1,663.4,0.01,59329.06935292875,623417.0481376502,0.0,15835.542397299549
12,NL0 26 0 solar,NL0 26,1,156.2,0.01,59329.06935292875,154151.3282016009,0.0,3821.2856187503758
12,NL0 27 0 solar,NL0 27,1,103.1,0.01,59329.06935292875,107361.95522086935,0.0,2649.1257341788905
12,NL0 28 0 solar,NL0 28,1,105.3,0.01,59329.06935292875,100355.16709245981,0.0,2489.1644574964166
12,NL0 3 0 solar,NL0 3,1,84.5,0.01,59329.06935292875,85184.44057395977,0.0,2070.9188767275286
12,NL0 30 0 solar,NL0 30,1,3.6,0.01,59329.06935292875,3669.021148782904,0.0,89.82355962877534
12,NL0 31 0 solar,NL0 31,1,44.8,0.01,59329.06935292875,42321.02586653224,0.0,1072.8423780802711
12,NL0 4 0 solar,NL0 4,1,142.8,0.01,59329.06935292875,136790.37822099504,0.0,3403.277910451907
12,NL0 5 0 solar,NL0 5,1,351.7,0.01,59329.06935292875,342365.7706028363,0.0,8409.128930464909
12,NL0 6 0 solar,NL0 6,1,260.3,0.01,59329.06935292875,262068.44217328122,0.0,6427.157527688587
12,NL0 7 0 solar,NL0 7,1,553.2,0.01,59329.06935292875,551045.6940152283,0.0,13445.138753780626
12,NL0 8 0 solar,NL0 8,1,79.5,0.01,59329.06935292875,79291.59762906983,0.0,1927.2751274433406
12,NL0 9 0 solar,NL0 9,1,299.5,0.01,59329.06935292875,289172.5962436978,0.0,7188.544634543878
12,NL0 20 0 offwind-ac,NL0 20,1,578.0,0.015,59329.06935292875,2.0897042570821068e6,0.0,59650.79597085986
12,NL0 27 0 offwind-ac,NL0 27,1,4583.0,0.015,59329.06935292875,1.8366377338965e7,0.0,507437.3766682423
12,NL0 31 0 offwind-ac,NL0 31,1,600.0,0.015,59329.06935292875,2.3448754266029424e6,0.0,65533.70995494073
12,NL0 32 0 offwind-ac,NL0 32,1,608.0,0.015,59329.06935292875,2.512592193031349e6,0.0,69624.1028690924
12,NL0 7 0 offwind-ac,NL0 7,1,752.0,0.015,59329.06935292875,3.1161143467113064e6,0.0,85614.35157526747
12,NL0 0 0 onwind,NL0 0,1,59.0,0.015,59329.06935292875,141599.60648804303,0.0,4371.98754917489
12,NL0 1 0 onwind,NL0 1,1,75.0,0.015,59329.06935292875,145039.08590801407,0.0,4742.56319817744
12,NL0 10 0 onwind,NL0 10,1,428.0,0.015,59329.06935292875,1.4291400869199412e6,0.0,42471.81640903888
12,NL0 11 0 onwind,NL0 11,1,21.0,0.015,59329.06935292875,40431.490047640305,0.0,1335.20493202581
12,NL0 12 0 onwind,NL0 12,1,54.0,0.015,59329.06935292875,157750.11158850274,0.0,4717.910600543067
12,NL0 13 0 onwind,NL0 13,1,23.0,0.015,59329.06935292875,48376.288948955276,0.0,1539.1983818864273
12,NL0 14 0 onwind,NL0 14,1,61.0,0.015,59329.06935292875,204206.8002025359,0.0,5976.66177756561
12,NL0 15 0 onwind,NL0 15,1,52.0,0.015,59329.06935292875,110994.68420092786,0.0,3503.624400363984
12,NL0 17 0 onwind,NL0 17,1,27.0,0.015,59329.06935292875,77212.90743965164,0.0,2356.425955009582
12,NL0 19 0 onwind,NL0 19,1,532.0,0.015,59329.06935292875,1.3460316067230038e6,0.0,41960.017694565795
12,NL0 2 0 onwind,NL0 2,1,472.8,0.015,59329.06935292875,1.0549214371896542e6,0.0,33583.33935404731
12,NL0 20 0 onwind,NL0 20,1,822.2,0.015,59329.06935292875,2.2296443636200447e6,0.0,68722.9525158489
12,NL0 21 0 onwind,NL0 21,1,36.0,0.015,59329.06935292875,104484.76563321071,0.0,3141.3782933161474
12,NL0 22 0 onwind,NL0 22,1,122.7,0.015,59329.06935292875,259171.89830807527,0.0,8105.11236288585
12,NL0 23 0 onwind,NL0 23,1,127.0,0.015,59329.06935292875,371375.7050556639,0.0,11085.523922297045
12,NL0 24 0 onwind,NL0 24,1,33.0,0.015,59329.06935292875,87218.32571815483,0.0,2695.335457473082
12,NL0 27 0 onwind,NL0 27,1,21.6,0.015,59329.06935292875,74449.90450443185,0.0,2180.904555265283
12,NL0 3 0 onwind,NL0 3,1,284.6,0.015,59329.06935292875,734639.6276889532,0.0,22413.34023618687
12,NL0 30 0 onwind,NL0 30,1,31.0,0.015,59329.06935292875,89651.52416415488,0.0,2722.483397118999
12,NL0 31 0 onwind,NL0 31,1,216.0,0.015,59329.06935292875,634984.0143862665,0.0,19025.89594547359
12,NL0 4 0 onwind,NL0 4,1,287.0,0.015,59329.06935292875,733311.6964016734,0.0,23084.587646299056
12,NL0 5 0 onwind,NL0 5,1,21.0,0.015,59329.06935292875,39694.087992228146,0.0,1254.7750037051712
12,NL0 6 0 onwind,NL0 6,1,35.0,0.015,59329.06935292875,65079.86966492946,0.0,2102.659965170825
12,NL0 7 0 onwind,NL0 7,1,374.3,0.015,59329.06935292875,974864.6796991498,0.0,29784.774429500205
12,NL0 8 0 onwind,NL0 8,1,101.1,0.015,59329.06935292875,229637.34867597854,0.0,7139.695921455643
12,NL0 9 0 onwind,NL0 9,1,35.0,0.015,59329.06935292875,64669.44232150172,0.0,2080.003519178417
13,NL0 0 CCGT,NL0 0,1,575.0,43.272866666666665,5472.5808730146255,540923.590880245,3.1467340019834097e6,61793.04520118227
13,NL0 1 biomass,NL0 1,1,71.0,19.979914529914527,5472.5808730146255,322772.0821956153,388553.2419840384,12212.0
13,NL0 1 waste,NL0 1,1,31.0,34.1135,5472.5808730146255,69198.42877354372,169650.00706345338,4557.0
13,NL0 10 CCGT,NL0 10,1,507.0,43.27286666666667,5472.5808730146255,476953.4966544067,2.7745985026184153e6,50481.04418696459
13,NL0 10 waste,NL0 10,1,150.0,34.1135,5472.5808730146255,334831.10696875985,820887.1309521939,22133.116733265884
13,NL0 11 CCGT,NL0 11,1,72.0,43.27286666666667,5472.5808730146255,67733.04094500451,394025.822857053,6912.0
13,NL0 11 biomass,NL0 11,1,20.0,19.979914529914527,5472.5808730146255,90921.71329453953,109451.6174602925,3440.0
13,NL0 11 waste,NL0 11,1,50.0,34.1135,5472.5808730146255,111610.36898958654,273629.04365073127,7400.0
13,NL0 13 CCGT,NL0 13,1,50.0,43.27286666666667,5472.5808730146255,47036.83398958648,273629.04365073127,4900.0
13,NL0 13 biomass,NL0 13,1,77.0,19.979914529914527,5472.5808730146255,350048.59618397715,421388.72722212615,13170.758589916517
13,NL0 16 CCGT,NL0 16,1,268.0,43.27286666666667,5472.5808730146255,252117.4301841834,1.4666516739679195e6,26100.403955921687
13,NL0 17 CCGT,NL0 17,1,107.0,43.27286666666667,5472.5808730146255,100658.824737715,585566.1534125649,10067.897468121846
13,NL0 18 CCGT,NL0 18,1,112.0,43.27286666666667,5472.5808730146255,105362.50813667366,612929.0577776381,10559.4591050511
13,NL0 19 CCGT,NL0 19,1,523.0,53.04262929292929,5472.5808730146255,286383.11750121147,2.862159796586649e6,11442.174094047412
13,NL0 19 biomass,NL0 19,1,49.0,19.979914529914527,5472.5808730146255,222758.1975716218,268156.46277771663,8428.0
13,NL0 19 waste,NL0 19,1,36.0,34.1135,5472.5808730146255,80359.46567250241,197012.9114285265,5434.9557498415825
13,NL0 2 CCGT,NL0 2,1,272.5,43.27286666666667,5472.5808730146255,256350.74524324617,1.4912782878964855e6,26171.15301905642
13,NL0 21 CCGT,NL0 21,1,85.0,43.27286666666667,5472.5808730146255,79962.61778229696,465169.37420624314,8596.853335576834
13,NL0 22 CCGT,NL0 22,1,100.0,43.27286666666667,5472.5808730146255,94073.66797917291,547258.0873014625,9900.0
13,NL0 22 biomass,NL0 22,1,500.0,19.979914529914527,5472.5808730146255,2.2730428323634886e6,2.7362904365073126e6,88273.71740471419
13,NL0 23 CCGT,NL0 23,1,964.0,43.8530553226903,5472.5808730146255,870323.5031578824,5.275567961586099e6,47693.60984839019
13,NL0 24 CCGT,NL0 24,1,684.0,67.50263035262032,5472.5808730146255,184434.58658511762,3.7432453171420037e6,10714.131758202935
13,NL0 25 waste,NL0 25,1,54.0,34.1135,5472.5808730146255,120539.19850875347,295519.36714278976,7907.915471299604
13,NL0 27 CCGT,NL0 27,1,984.0,43.27286666666667,5472.5808730146255,925684.8929150616,5.385019579046392e6,97280.32290700612
13,NL0 27 biomass,NL0 27,1,22.0,19.979914529914527,5472.5808730146255,100013.88462399352,120396.77920632176,3784.0
13,NL0 27 waste,NL0 27,1,71.2,34.1135,5472.5808730146255,158933.16544117124,389647.75815864134,10479.239440003003
13,NL0 28 CCGT,NL0 28,1,144.0,43.27286666666667,5472.5808730146255,135466.08189000905,788051.645714106,14582.470235328867
13,NL0 3 CCGT,NL0 3,1,1907.0,51.41762846054192,5472.5808730146255,1.112405887359476e6,1.043621172483889e7,58777.98064051038
13,NL0 3 biomass,NL0 3,1,22.0,19.979914529914527,5472.5808730146255,100013.88462399352,120396.77920632176,3784.0
13,NL0 3 waste,NL0 3,1,108.0,34.1135,5472.5808730146255,241078.39701750694,591038.7342855795,15923.45643258894
13,NL0 30 biomass,NL0 30,1,60.0,19.979914529914527,5472.5808730146255,272765.1398836184,328354.85238087754,10320.0
13,NL0 31 CCGT,NL0 31,1,3341.0,85.4787109164719,5472.5808730146255,6.782225513504388e-10,1.8283892696741864e7,23559.453978829122
13,NL0 5 CCGT,NL0 5,1,49.6,43.27286666666667,5472.5808730146255,46660.53931766979,271440.0113015254,4937.733054567777
13,NL0 6 CCGT,NL0 6,1,1608.4,43.27286666666667,5472.5808730146255,1.513080875777018e6,8.802099076156724e6,166498.81850512463
13,NL0 7 CCGT,NL0 7,1,1398.0,43.6729395310492,5472.5808730146255,1.2759987478403628e6,7.650668060474446e6,85506.53181069877
13,NL0 7 nuclear,NL0 7,1,515.0,27.322803680981593,5472.5808730146255,1.7021457600712709e6,2.818379149602532e6,84102.42124441595
13,NL0 7 waste,NL0 7,1,39.0,34.1135,5472.5808730146255,87056.0878118776,213430.6540475704,5750.431434855493
13,NL0 8 CCGT,NL0 8,1,447.0,58.928107624263944,5472.5808730146255,189520.23005298054,2.4462436502375375e6,8652.1043033173
13,NL0 8 biomass,NL0 8,1,36.0,19.979914529914527,5472.5808730146255,163659.0839301714,197012.9114285265,6192.0
13,NL0 8 waste,NL0 8,1,157.0,34.1135,5472.5808730146255,350456.55862730206,859195.1970632962,23843.390201759514
13,NL0 9 biomass,NL0 9,1,20.0,19.979914529914527,5472.5808730146255,90921.71329453953,109451.6174602925,3420.0
13,NL0 0 0 solar,NL0 0,1,144.0,0.01,59329.06935292875,143777.1718136401,0.0,3495.7738491645578
13,NL0 1 0 solar,NL0 1,1,291.5,0.01,59329.06935292875,279083.88681448676,0.0,6948.705449759602
13,NL0 10 0 solar,NL0 10,1,120.1,0.01,59329.06935292875,123510.80794349074,0.0,3035.911304769089
13,NL0 11 0 solar,NL0 11,1,436.4,0.01,59329.06935292875,411901.3058784065,0.0,10306.481755249355
13,NL0 12 0 solar,NL0 12,1,203.1,0.01,59329.06935292875,191990.80544541523,0.0,4820.92251154439
13,NL0 13 0 solar,NL0 13,1,473.2,0.01,59329.06935292875,452951.73890675174,0.0,11187.121113824795
13,NL0 14 0 solar,NL0 14,1,85.3,0.01,59329.06935292875,84067.00358636606,0.0,2087.7663698282927
13,NL0 15 0 solar,NL0 15,1,369.4,0.01,59329.06935292875,346685.285034427,0.0,8736.034836219216
13,NL0 16 0 solar,NL0 16,1,68.8,0.01,59329.06935292875,69599.92687591027,0.0,1691.4298225830848
13,NL0 17 0 solar,NL0 17,1,63.1,0.01,59329.06935292875,65394.03954021666,0.0,1589.8866005603036
13,NL0 18 0 solar,NL0 18,1,13.399999999999999,0.01,59329.06935292875,13705.304222902532,0.0,335.710111700008
13,NL0 19 0 solar,NL0 19,1,75.60000000000001,0.01,59329.06935292875,70863.94290967542,0.0,1815.0254919597055
13,NL0 2 0 solar,NL0 2,1,1109.1,0.01,59329.06935292875,1.0323424735205562e6,0.0,26402.661517956996
13,NL0 20 0 solar,NL0 20,1,331.2,0.01,59329.06935292875,320483.9317679877,0.0,7909.5604725700005
13,NL0 21 0 solar,NL0 21,1,40.5,0.01,59329.06935292875,41600.66565576048,0.0,1013.9430253950717
13,NL0 22 0 solar,NL0 22,1,263.3,0.01,59329.06935292875,260617.55609716475,0.0,6361.56546158242
13,NL0 23 0 solar,NL0 23,1,57.1,0.01,59329.06935292875,57564.464121023724,0.0,1403.2936270342718
13,NL0 24 0 solar,NL0 24,1,99.8,0.01,59329.06935292875,98258.96051930617,0.0,2393.4015185461817
13,NL0 25 0 solar,NL0 25,1,663.4,0.01,59329.06935292875,623417.0481376502,0.0,15835.542397299549
13,NL0 26 0 solar,NL0 26,1,156.2,0.01,59329.06935292875,154151.3282016009,0.0,3821.2856187503758
13,NL0 27 0 solar,NL0 27,1,103.1,0.01,59329.06935292875,107361.95522086935,0.0,2649.1257341788905
13,NL0 28 0 solar,NL0 28,1,105.3,0.01,59329.06935292875,100355.16709245981,0.0,2489.1644574964166
13,NL0 3 0 solar,NL0 3,1,84.5,0.01,59329.06935292875,85165.20527245209,0.0,2070.9188767275286
13,NL0 30 0 solar,NL0 30,1,3.6,0.01,59329.06935292875,3668.257463945957,0.0,89.82355962877534
13,NL0 31 0 solar,NL0 31,1,44.8,0.01,59329.06935292875,42321.02586653224,0.0,1072.8423780802711
13,NL0 4 0 solar,NL0 4,1,142.8,0.01,59329.06935292875,136790.37822099504,0.0,3403.277910451907
13,NL0 5 0 solar,NL0 5,1,351.7,0.01,59329.06935292875,342365.77060283633,0.0,8409.128930464909
13,NL0 6 0 solar,NL0 6,1,260.3,0.01,59329.06935292875,262068.44217328122,0.0,6427.157527688587
13,NL0 7 0 solar,NL0 7,1,553.2,0.01,59329.06935292875,550871.4655114004,0.0,13445.138753780626
13,NL0 8 0 solar,NL0 8,1,79.5,0.01,59329.06935292875,79242.76000531408,0.0,1927.2751274433406
13,NL0 9 0 solar,NL0 9,1,299.5,0.01,59329.06935292875,289172.5962436978,0.0,7188.544634543878
13,NL0 20 0 offwind-ac,NL0 20,1,578.0,0.015,59329.06935292875,2.0897042570821068e6,0.0,55044.42497085987
13,NL0 27 0 offwind-ac,NL0 27,1,4583.0,0.015,59329.06935292875,1.8364927258024745e7,0.0,508688.1975477846
13,NL0 31 0 offwind-ac,NL0 31,1,600.0,0.015,59329.06935292875,2.3448754266029424e6,0.0,65533.70995494073
13,NL0 32 0 offwind-ac,NL0 32,1,608.0,0.015,59329.06935292875,2.5122772306798655e6,0.0,70162.48686909239
13,NL0 7 0 offwind-ac,NL0 7,1,752.0,0.015,59329.06935292875,3.1154508015855406e6,0.0,86125.98456763808
13,NL0 0 0 onwind,NL0 0,1,59.0,0.015,59329.06935292875,141581.73699949784,0.0,4423.345107547118
13,NL0 1 0 onwind,NL0 1,1,75.0,0.015,59329.06935292875,144987.223672517,0.0,4517.658299818789
13,NL0 10 0 onwind,NL0 10,1,428.0,0.015,59329.06935292875,1.4291400869199412e6,0.0,42899.58939304398
13,NL0 11 0 onwind,NL0 11,1,21.0,0.015,59329.06935292875,40420.12081248227,0.0,1307.6695123700767
13,NL0 12 0 onwind,NL0 12,1,54.0,0.015,59329.06935292875,157750.11158850274,0.0,4771.910600543067
13,NL0 13 0 onwind,NL0 13,1,23.0,0.015,59329.06935292875,48363.225696769005,0.0,1532.6220690771631
13,NL0 14 0 onwind,NL0 14,1,61.0,0.015,59329.06935292875,204206.8002025359,0.0,5915.66177756561
13,NL0 15 0 onwind,NL0 15,1,52.0,0.015,59329.06935292875,110981.05180824433,0.0,3566.2068649493503
13,NL0 17 0 onwind,NL0 17,1,27.0,0.015,59329.06935292875,77212.90743965164,0.0,2303.0576664619116
13,NL0 19 0 onwind,NL0 19,1,532.0,0.015,59329.06935292875,1.3460316067230038e6,0.0,42486.97601131978
13,NL0 2 0 onwind,NL0 2,1,472.8,0.015,59329.06935292875,1.0549214371896542e6,0.0,33882.00351157511
13,NL0 20 0 onwind,NL0 20,1,822.2,0.015,59329.06935292875,2.2296443636200447e6,0.0,69336.60955946345
13,NL0 21 0 onwind,NL0 21,1,36.0,0.015,59329.06935292875,104484.76563321071,0.0,3177.115111693349
13,NL0 22 0 onwind,NL0 22,1,122.7,0.015,59329.06935292875,259097.50094449072,0.0,8070.768412036254
13,NL0 23 0 onwind,NL0 23,1,127.0,0.015,59329.06935292875,371375.7050556639,0.0,11093.175682684092
13,NL0 24 0 onwind,NL0 24,1,33.0,0.015,59329.06935292875,87218.32571815485,0.0,2695.335457473082
13,NL0 27 0 onwind,NL0 27,1,21.6,0.015,59329.06935292875,74449.90450443185,0.0,2116.1078773654226
13,NL0 3 0 onwind,NL0 3,1,284.6,0.015,59329.06935292875,734639.6276889532,0.0,22726.28265135161
13,NL0 30 0 onwind,NL0 30,1,31.0,0.015,59329.06935292875,89651.52416415488,0.0,2692.1132215717694
13,NL0 31 0 onwind,NL0 31,1,216.0,0.015,59329.06935292875,634984.0143862665,0.0,19153.54699704878
13,NL0 4 0 onwind,NL0 4,1,287.0,0.015,59329.06935292875,733311.6964016735,0.0,22797.591441937933
13,NL0 5 0 onwind,NL0 5,1,21.0,0.015,59329.06935292875,39673.869513893376,0.0,1282.9340960200916
13,NL0 6 0 onwind,NL0 6,1,35.0,0.015,59329.06935292875,65026.749012613116,0.0,2126.9213407013876
13,NL0 7 0 onwind,NL0 7,1,374.3,0.015,59329.06935292875,974864.6796991499,0.0,30159.0744295002
13,NL0 8 0 onwind,NL0 8,1,101.1,0.015,59329.06935292875,229603.3320273519,0.0,7323.460787945647
13,NL0 9 0 onwind,NL0 9,1,35.0,0.015,59329.06935292875,64634.206735854954,0.0,2045.9686705959102
14,NL0 0 CCGT,NL0 0,1,575.0,43.272866666666665,5472.5808730146455,540923.5908802447,3.146734001983421e6,61327.41744634591
14,NL0 1 biomass,NL0 1,1,71.0,19.979914529914527,5472.5808730146455,322772.0821956153,388553.24198403984,12141.0
14,NL0 1 waste,NL0 1,1,31.0,34.1135,5472.5808730146455,69198.42877354371,169650.00706345402,4681.915471299604
14,NL0 10 CCGT,NL0 10,1,507.0,43.27286666666667,5472.5808730146455,476953.49665440695,2.774598502618425e6,52704.687203499096
14,NL0 10 waste,NL0 10,1,150.0,34.1135,5472.5808730146455,334831.10696875985,820887.1309521968,22352.891128822605
14,NL0 11 CCGT,NL0 11,1,72.0,43.27286666666667,5472.5808730146455,67733.04094500453,394025.8228570545,7056.0
14,NL0 11 biomass,NL0 11,1,20.0,19.979914529914527,5472.5808730146455,90921.71329453951,109451.61746029291,3420.0
14,NL0 11 waste,NL0 11,1,50.0,34.1135,5472.5808730146455,111610.36898958654,273629.04365073226,7422.413857978176
14,NL0 13 CCGT,NL0 13,1,50.0,43.27286666666667,5472.5808730146455,47036.83398958647,273629.04365073226,5000.0
14,NL0 13 biomass,NL0 13,1,77.0,19.979914529914527,5472.5808730146455,350048.59618397715,421388.7272221277,13244.0
14,NL0 16 CCGT,NL0 16,1,268.0,43.27286666666667,5472.5808730146455,252117.43018418355,1.466651673967925e6,27068.0
14,NL0 17 CCGT,NL0 17,1,107.0,43.27286666666667,5472.5808730146455,100658.82473771503,585566.1534125671,10368.316915227264
14,NL0 18 CCGT,NL0 18,1,112.0,43.27286666666667,5472.5808730146455,105362.50813667368,612929.0577776403,10416.0
14,NL0 19 CCGT,NL0 19,1,523.0,53.04262929292929,5472.5808730146455,286383.1175012115,2.8621597965866597e6,11442.17409404734
14,NL0 19 biomass,NL0 19,1,49.0,19.979914529914527,5472.5808730146455,222758.19757162177,268156.4627777176,8428.0
14,NL0 19 waste,NL0 19,1,36.0,34.1135,5472.5808730146455,80359.4656725024,197012.91142852724,5328.0
14,NL0 2 CCGT,NL0 2,1,272.5,43.27286666666667,5472.5808730146455,256350.74524324623,1.491278287896491e6,26428.168863257964
14,NL0 21 CCGT,NL0 21,1,85.0,43.27286666666667,5472.5808730146455,79962.61778229696,465169.3742062449,8245.0
14,NL0 22 CCGT,NL0 22,1,100.0,43.27286666666667,5472.5808730146455,94073.66797917285,547258.0873014645,9001.156741077477
14,NL0 22 biomass,NL0 22,1,500.0,19.979914529914527,5472.5808730146455,2.273042832363489e6,2.736290436507323e6,88484.71740471417
14,NL0 23 CCGT,NL0 23,1,964.0,43.8530553226903,5472.5808730146455,870323.5031578826,5.275567961586119e6,47693.60984839019
14,NL0 24 CCGT,NL0 24,1,684.0,67.50263035262032,5472.5808730146455,184434.58658511768,3.7432453171420177e6,10714.131758202862
14,NL0 25 waste,NL0 25,1,54.0,34.1135,5472.5808730146455,120539.19850875347,295519.36714279087,8020.571387642948
14,NL0 27 CCGT,NL0 27,1,984.0,43.27286666666667,5472.5808730146455,925684.8929150616,5.385019579046411e6,97708.16679831769
14,NL0 27 biomass,NL0 27,1,22.0,19.979914529914527,5472.5808730146455,100013.88462399352,120396.7792063222,3784.0
14,NL0 27 waste,NL0 27,1,71.2,34.1135,5472.5808730146455,158933.1654411713,389647.7581586428,10537.60000000001
14,NL0 28 CCGT,NL0 28,1,144.0,43.27286666666667,5472.5808730146455,135466.08189000902,788051.645714109,12818.369748836802
14,NL0 3 CCGT,NL0 3,1,1907.0,51.41762846054192,5472.5808730146455,1.1124058873594762e6,1.043621172483893e7,58777.98064051008
14,NL0 3 biomass,NL0 3,1,22.0,19.979914529914527,5472.5808730146455,100013.88462399352,120396.7792063222,3784.0
14,NL0 3 waste,NL0 3,1,108.0,34.1135,5472.5808730146455,241078.39701750694,591038.7342855817,16075.139035062219
14,NL0 30 biomass,NL0 30,1,60.0,19.979914529914527,5472.5808730146455,272765.1398836184,328354.85238087876,10162.758589916517
14,NL0 31 CCGT,NL0 31,1,3341.0,85.4787109164719,5472.5808730146455,8.67523942782508e-10,1.828389269674193e7,23559.45397882876
14,NL0 5 CCGT,NL0 5,1,49.6,43.27286666666667,5472.5808730146455,46660.53931766978,271440.01130152645,4475.446529799801
14,NL0 6 CCGT,NL0 6,1,1608.4,43.27286666666667,5472.5808730146455,1.5130808757770178e6,8.802099076156756e6,166164.47072754012
14,NL0 7 CCGT,NL0 7,1,1398.0,43.6729395310492,5472.5808730146455,1.275998747840363e6,7.650668060474474e6,85506.53181069877
14,NL0 7 nuclear,NL0 7,1,515.0,27.322803680981593,5472.5808730146455,1.7021457600712706e6,2.8183791496025426e6,84102.42124441595
14,NL0 7 waste,NL0 7,1,39.0,34.1135,5472.5808730146455,87056.08781187765,213430.65404757118,5775.675915195791
14,NL0 8 CCGT,NL0 8,1,447.0,58.928107624263944,5472.5808730146455,189520.2300529806,2.4462436502375463e6,8652.104303317152
14,NL0 8 biomass,NL0 8,1,36.0,19.979914529914527,5472.5808730146455,163659.0839301714,197012.91142852724,6156.0
14,NL0 8 waste,NL0 8,1,157.0,34.1135,5472.5808730146455,350456.55862730206,859195.1970632994,23235.298667612667
14,NL0 9 biomass,NL0 9,1,20.0,19.979914529914527,5472.5808730146455,90921.71329453951,109451.61746029291,3420.0
14,NL0 0 0 solar,NL0 0,1,144.0,0.01,59329.06935292875,143777.1718136401,0.0,3495.7738491645578
14,NL0 1 0 solar,NL0 1,1,291.5,0.01,59329.06935292875,279083.88681448676,0.0,6948.705449759602
14,NL0 10 0 solar,NL0 10,1,120.1,0.01,59329.06935292875,123510.80794349074,0.0,3035.911304769089
14,NL0 11 0 solar,NL0 11,1,436.4,0.01,59329.06935292875,411901.3058784065,0.0,10306.481755249355
14,NL0 12 0 solar,NL0 12,1,203.1,0.01,59329.06935292875,191990.80544541523,0.0,4820.92251154439
14,NL0 13 0 solar,NL0 13,1,473.2,0.01,59329.06935292875,452951.73890675174,0.0,11187.121113824795
14,NL0 14 0 solar,NL0 14,1,85.3,0.01,59329.06935292875,84067.00358636606,0.0,2087.7663698282927
14,NL0 15 0 solar,NL0 15,1,369.4,0.01,59329.06935292875,346685.28503442707,0.0,8736.034836219216
14,NL0 16 0 solar,NL0 16,1,68.8,0.01,59329.06935292875,69599.92687591026,0.0,1691.4298225830848
14,NL0 17 0 solar,NL0 17,1,63.1,0.01,59329.06935292875,65394.03954021666,0.0,1589.8866005603036
14,NL0 18 0 solar,NL0 18,1,13.399999999999999,0.01,59329.06935292875,13705.304222902532,0.0,335.710111700008
14,NL0 19 0 solar,NL0 19,1,75.60000000000001,0.01,59329.06935292875,70863.94290967542,0.0,1815.0254919597055
14,NL0 2 0 solar,NL0 2,1,1109.1,0.01,59329.06935292875,1.0323424735205562e6,0.0,26402.661517956996
14,NL0 20 0 solar,NL0 20,1,331.2,0.01,59329.06935292875,320483.9317679877,0.0,7909.5604725700005
14,NL0 21 0 solar,NL0 21,1,40.5,0.01,59329.06935292875,41600.66565576048,0.0,1013.9430253950717
14,NL0 22 0 solar,NL0 22,1,263.3,0.01,59329.06935292875,260617.55609716478,0.0,6361.56546158242
14,NL0 23 0 solar,NL0 23,1,57.1,0.01,59329.06935292875,57564.46412102373,0.0,1403.2936270342718
14,NL0 24 0 solar,NL0 24,1,99.8,0.01,59329.06935292875,98258.96051930617,0.0,2393.4015185461817
14,NL0 25 0 solar,NL0 25,1,663.4,0.01,5472.5808730146455,623417.0481376502,0.0,15835.542397299549
14,NL0 26 0 solar,NL0 26,1,156.2,0.01,59329.06935292875,154151.3282016009,0.0,3821.2856187503758
14,NL0 27 0 solar,NL0 27,1,103.1,0.01,59329.06935292875,107361.95522086935,0.0,2649.1257341788905
14,NL0 28 0 solar,NL0 28,1,105.3,0.01,59329.06935292875,100355.16709245981,0.0,2489.1644574964166
14,NL0 3 0 solar,NL0 3,1,84.5,0.01,59329.06935292875,85165.20527245209,0.0,2070.9188767275286
14,NL0 30 0 solar,NL0 30,1,3.6,0.01,59329.06935292875,3668.2574639459576,0.0,89.82355962877534
14,NL0 31 0 solar,NL0 31,1,44.8,0.01,59329.06935292875,42321.02586653224,0.0,1072.8423780802711
14,NL0 4 0 solar,NL0 4,1,142.8,0.01,59329.06935292875,136790.37822099504,0.0,3403.277910451907
14,NL0 5 0 solar,NL0 5,1,351.7,0.01,59329.06935292875,342365.7706028363,0.0,8409.128930464909
14,NL0 6 0 solar,NL0 6,1,260.3,0.01,59329.06935292875,262068.44217328122,0.0,6427.157527688587
14,NL0 7 0 solar,NL0 7,1,553.2,0.01,59329.06935292875,550871.4655114004,0.0,13445.138753780626
14,NL0 8 0 solar,NL0 8,1,79.5,0.01,59329.06935292875,79242.76000531408,0.0,1927.2751274433406
14,NL0 9 0 solar,NL0 9,1,299.5,0.01,59329.06935292875,289172.5962436978,0.0,7188.544634543878
14,NL0 20 0 offwind-ac,NL0 20,1,578.0,0.015,59329.06935292875,2.089704257082107e6,0.0,59138.97697085986
14,NL0 27 0 offwind-ac,NL0 27,1,4583.0,0.015,59329.06935292875,1.836492725802475e7,0.0,517595.07048146566
14,NL0 31 0 offwind-ac,NL0 31,1,600.0,0.015,59329.06935292875,2.3448754266029424e6,0.0,65533.70995494073
14,NL0 32 0 offwind-ac,NL0 32,1,608.0,0.015,59329.06935292875,2.5122772306798655e6,0.0,69868.50876538495
14,NL0 7 0 offwind-ac,NL0 7,1,752.0,0.015,59329.06935292875,3.1154508015855406e6,0.0,86125.98456763808
14,NL0 0 0 onwind,NL0 0,1,59.0,0.015,59329.06935292875,141581.73699949784,0.0,4371.144972813743
14,NL0 1 0 onwind,NL0 1,1,75.0,0.015,59329.06935292875,144987.223672517,0.0,4668.112821361607
14,NL0 10 0 onwind,NL0 10,1,428.0,0.015,59329.06935292875,1.4291400869199412e6,0.0,42471.58939304397
14,NL0 11 0 onwind,NL0 11,1,21.0,0.015,59329.06935292875,40420.12081248227,0.0,1321.2105832325692
14,NL0 12 0 onwind,NL0 12,1,54.0,0.015,59329.06935292875,157750.11158850274,0.0,4825.868590991421
14,NL0 13 0 onwind,NL0 13,1,23.0,0.015,59329.06935292875,48363.225696769005,0.0,1555.622069077163
14,NL0 14 0 onwind,NL0 14,1,61.0,0.015,59329.06935292875,204206.80020253593,0.0,5976.66177756561
14,NL0 15 0 onwind,NL0 15,1,52.0,0.015,59329.06935292875,110981.05180824433,0.0,3566.2068649493503
14,NL0 17 0 onwind,NL0 17,1,27.0,0.015,59329.06935292875,77212.90743965164,0.0,2275.5314655236853
14,NL0 19 0 onwind,NL0 19,1,532.0,0.015,59329.06935292875,1.3460316067230038e6,0.0,41957.66613883625
14,NL0 2 0 onwind,NL0 2,1,472.8,0.015,59329.06935292875,1.0549214371896542e6,0.0,33145.01299119736
14,NL0 20 0 onwind,NL0 20,1,822.2,0.015,59329.06935292875,2.2296443636200447e6,0.0,66900.7523842015
14,NL0 21 0 onwind,NL0 21,1,36.0,0.015,59329.06935292875,104484.76563321071,0.0,3069.115111693349
14,NL0 22 0 onwind,NL0 22,1,122.7,0.015,59329.06935292875,259097.50094449072,0.0,7686.244129357874
14,NL0 23 0 onwind,NL0 23,1,127.0,0.015,59329.06935292875,371375.7050556639,0.0,10729.416265865224
14,NL0 24 0 onwind,NL0 24,1,33.0,0.015,59329.06935292875,87218.32571815484,0.0,2614.0850108112677
14,NL0 27 0 onwind,NL0 27,1,21.6,0.015,59329.06935292875,74449.90450443185,0.0,2094.5078804771674
14,NL0 3 0 onwind,NL0 3,1,284.6,0.015,59329.06935292875,734639.6276889532,0.0,21030.02486222875
14,NL0 30 0 onwind,NL0 30,1,31.0,0.015,59329.06935292875,89651.52416415488,0.0,2536.574436662335
14,NL0 31 0 onwind,NL0 31,1,216.0,0.015,59329.06935292875,634984.0143862665,0.0,18234.114004678177
14,NL0 4 0 onwind,NL0 4,1,287.0,0.015,59329.06935292875,733311.6964016735,0.0,21373.866934108024
14,NL0 5 0 onwind,NL0 5,1,21.0,0.015,59329.06935292875,39673.869513893376,0.0,1200.660935218356
14,NL0 6 0 onwind,NL0 6,1,35.0,0.015,59329.06935292875,65026.749012613116,0.0,1859.5453835316841
14,NL0 7 0 onwind,NL0 7,1,374.3,0.015,59329.06935292875,974864.6796991499,0.0,27414.894180881423
14,NL0 8 0 onwind,NL0 8,1,101.1,0.015,59329.06935292875,229603.3320273519,0.0,6793.243122160313
14,NL0 9 0 onwind,NL0 9,1,35.0,0.015,59329.06935292875,64634.206735854954,0.0,2024.587411219136
15,NL0 0 CCGT,NL0 0,1,575.0,43.272866666666665,5472.580873014627,540923.5908802446,3.1467340019834107e6,61674.015829732794
15,NL0 1 biomass,NL0 1,1,71.0,19.979914529914527,5472.580873014627,322772.08219561516,388553.24198403856,12141.0
15,NL0 1 waste,NL0 1,1,31.0,34.1135,5472.580873014627,69198.42877354371,169650.00706345343,4613.3410533244205
15,NL0 10 CCGT,NL0 10,1,507.0,43.27286666666667,5472.580873014627,476953.49665440654,2.774598502618416e6,52728.0
15,NL0 10 waste,NL0 10,1,150.0,34.1135,5472.580873014627,334831.10696875973,820887.1309521941,22392.255310160755
15,NL0 11 CCGT,NL0 11,1,72.0,43.27286666666667,5472.580873014627,67733.0409450045,394025.82285705314,7200.0
15,NL0 11 biomass,NL0 11,1,20.0,19.979914529914527,5472.580873014627,90921.7132945395,109451.61746029255,3440.0
15,NL0 11 waste,NL0 11,1,50.0,34.1135,5472.580873014627,111610.36898958651,273629.0436507314,7368.127137484531
15,NL0 13 CCGT,NL0 13,1,50.0,43.27286666666667,5472.580873014627,47036.833989586456,273629.0436507314,4950.0
15,NL0 13 biomass,NL0 13,1,77.0,19.979914529914527,5472.580873014627,350048.59618397715,421388.7272221263,13244.0
15,NL0 16 CCGT,NL0 16,1,268.0,43.27286666666667,5472.580873014627,252117.43018418335,1.46665167396792e6,27336.0
15,NL0 17 CCGT,NL0 17,1,107.0,43.27286666666667,5472.580873014627,100658.82473771497,585566.1534125651,10431.732769297767
15,NL0 18 CCGT,NL0 18,1,112.0,43.27286666666667,5472.580873014627,105362.50813667363,612929.0577776383,10894.529336793636
15,NL0 19 CCGT,NL0 19,1,523.0,53.04262929292929,5472.580873014627,286383.1175012114,2.86215979658665e6,11442.174094047412
15,NL0 19 biomass,NL0 19,1,49.0,19.979914529914527,5472.580873014627,222758.19757162177,268156.46277771675,8428.0
15,NL0 19 waste,NL0 19,1,36.0,34.1135,5472.580873014627,80359.46567250237,197012.91142852657,5292.0
15,NL0 2 CCGT,NL0 2,1,272.5,43.27286666666667,5472.580873014627,256350.74524324609,1.491278287896486e6,26705.0
15,NL0 21 CCGT,NL0 21,1,85.0,43.27286666666667,5472.580873014627,79962.6177822969,465169.3742062433,8002.316915227264
15,NL0 22 CCGT,NL0 22,1,100.0,43.27286666666667,5472.580873014627,94073.66797917287,547258.0873014628,9689.473528431157
15,NL0 22 biomass,NL0 22,1,500.0,19.979914529914527,5472.580873014627,2.2730428323634886e6,2.7362904365073135e6,88333.71740471426
15,NL0 23 CCGT,NL0 23,1,964.0,43.8530553226903,5472.580873014627,870323.503157882,5.275567961586101e6,47693.60984839019
15,NL0 24 CCGT,NL0 24,1,684.0,67.50263035262032,5472.580873014627,184434.58658511765,3.743245317142005e6,10714.131758202933
15,NL0 25 waste,NL0 25,1,54.0,34.1135,5472.580873014627,120539.19850875344,295519.3671427899,7992.0
15,NL0 27 CCGT,NL0 27,1,984.0,43.27286666666667,5472.580873014627,925684.8929150613,5.385019579046393e6,99689.59727150475
15,NL0 27 biomass,NL0 27,1,22.0,19.979914529914527,5472.580873014627,100013.88462399351,120396.77920632181,3784.0
15,NL0 27 waste,NL0 27,1,71.2,34.1135,5472.580873014627,158933.16544117124,389647.75815864146,10606.013857978185
15,NL0 28 CCGT,NL0 28,1,144.0,43.27286666666667,5472.580873014627,135466.08189000888,788051.6457141063,13025.904033739169
15,NL0 3 CCGT,NL0 3,1,1907.0,51.41762846054192,5472.580873014627,1.1124058873594757e6,1.0436211724838894e7,58777.980640510366
15,NL0 3 biomass,NL0 3,1,22.0,19.979914529914527,5472.580873014627,100013.88462399351,120396.77920632181,3784.0
15,NL0 3 waste,NL0 3,1,108.0,34.1135,5472.580873014627,241078.39701750688,591038.7342855798,16140.048996597596
15,NL0 30 biomass,NL0 30,1,60.0,19.979914529914527,5472.580873014627,272765.13988361834,328354.85238087765,10260.0
15,NL0 31 CCGT,NL0 31,1,3341.0,85.4787109164719,5472.580873014627,7.978922239693232e-10,1.828389269674187e7,23559.453978829108
15,NL0 5 CCGT,NL0 5,1,49.6,43.27286666666667,5472.580873014627,46660.539317669776,271440.0113015255,4612.799999999998
15,NL0 6 CCGT,NL0 6,1,1608.4,43.27286666666667,5472.580873014627,1.5130808757770169e6,8.802099076156726e6,161841.8312891756
15,NL0 7 CCGT,NL0 7,1,1398.0,43.6729395310492,5472.580873014627,1.2759987478403624e6,7.650668060474449e6,85506.53181069877
15,NL0 7 nuclear,NL0 7,1,515.0,27.322803680981593,5472.580873014627,1.7021457600712706e6,2.818379149602533e6,84102.42124441595
15,NL0 7 waste,NL0 7,1,39.0,34.1135,5472.580873014627,87056.08781187762,213430.65404757045,5772.0
15,NL0 8 CCGT,NL0 8,1,447.0,58.928107624263944,5472.580873014627,189520.23005298048,2.4462436502375384e6,8652.104303317297
15,NL0 8 biomass,NL0 8,1,36.0,19.979914529914527,5472.580873014627,163659.08393017136,197012.91142852657,6192.0
15,NL0 8 waste,NL0 8,1,157.0,34.1135,5472.580873014627,350456.55862730194,859195.1970632965,23253.71910806853
15,NL0 9 biomass,NL0 9,1,20.0,19.979914529914527,5472.580873014627,90921.7132945395,109451.61746029255,3417.7585899165165
15,NL0 0 0 solar,NL0 0,1,144.0,0.01,59329.06935292875,143777.17181364007,0.0,3495.7738491645578
15,NL0 1 0 solar,NL0 1,1,291.5,0.01,59329.06935292875,279083.8868144867,0.0,6948.705449759602
15,NL0 10 0 solar,NL0 10,1,120.1,0.01,59329.06935292875,123510.80794349074,0.0,3035.911304769089
15,NL0 11 0 solar,NL0 11,1,436.4,0.01,59329.06935292875,411901.30587840645,0.0,10306.481755249355
15,NL0 12 0 solar,NL0 12,1,203.1,0.01,59329.06935292875,191990.8054454152,0.0,4820.92251154439
15,NL0 13 0 solar,NL0 13,1,473.2,0.01,59329.06935292875,452951.7389067516,0.0,11187.121113824795
15,NL0 14 0 solar,NL0 14,1,85.3,0.01,59329.06935292875,84067.00358636606,0.0,2087.7663698282927
15,NL0 15 0 solar,NL0 15,1,369.4,0.01,59329.06935292875,346685.28503442695,0.0,8736.034836219216
15,NL0 16 0 solar,NL0 16,1,68.8,0.01,59329.06935292875,69599.92687591026,0.0,1691.4298225830848
15,NL0 17 0 solar,NL0 17,1,63.1,0.01,59329.06935292875,65394.03954021666,0.0,1589.8866005603036
15,NL0 18 0 solar,NL0 18,1,13.399999999999999,0.01,59329.06935292875,13705.304222902532,0.0,335.710111700008
15,NL0 19 0 solar,NL0 19,1,75.60000000000001,0.01,59329.06935292875,70863.9429096754,0.0,1815.0254919597055
15,NL0 2 0 solar,NL0 2,1,1109.1,0.01,59329.06935292875,1.032342473520556e6,0.0,26402.661517956996
15,NL0 20 0 solar,NL0 20,1,331.2,0.01,59329.06935292875,320483.93176798767,0.0,7909.5604725700005
15,NL0 21 0 solar,NL0 21,1,40.5,0.01,59329.06935292875,41600.66565576048,0.0,1013.9430253950717
15,NL0 22 0 solar,NL0 22,1,263.3,0.01,59329.06935292875,260617.55609716472,0.0,6361.56546158242
15,NL0 23 0 solar,NL0 23,1,57.1,0.01,59329.06935292875,57564.464121023724,0.0,1403.2936270342718
15,NL0 24 0 solar,NL0 24,1,99.8,0.01,59329.06935292875,98258.96051930616,0.0,2393.4015185461817
15,NL0 25 0 solar,NL0 25,1,663.4,0.01,59329.06935292875,623417.0481376502,0.0,15835.542397299549
15,NL0 26 0 solar,NL0 26,1,156.2,0.01,59329.06935292875,154151.32820160087,0.0,3821.2856187503758
15,NL0 27 0 solar,NL0 27,1,103.1,0.01,59329.06935292875,107361.95522086935,0.0,2649.1257341788905
15,NL0 28 0 solar,NL0 28,1,105.3,0.01,59329.06935292875,100355.16709245981,0.0,2489.1644574964166
15,NL0 3 0 solar,NL0 3,1,84.5,0.01,59329.06935292875,85165.20527245206,0.0,2070.9188767275286
15,NL0 30 0 solar,NL0 30,1,3.6,0.01,59329.06935292875,3668.2574639459576,0.0,89.82355962877534
15,NL0 31 0 solar,NL0 31,1,44.8,0.01,59329.06935292875,42321.02586653224,0.0,1072.8423780802711
15,NL0 4 0 solar,NL0 4,1,142.8,0.01,59329.06935292875,136790.37822099501,0.0,3403.277910451907
15,NL0 5 0 solar,NL0 5,1,351.7,0.01,59329.06935292875,342365.7706028363,0.0,8409.128930464909
15,NL0 6 0 solar,NL0 6,1,260.3,0.01,59329.06935292875,262068.4421732812,0.0,6427.157527688587
15,NL0 7 0 solar,NL0 7,1,553.2,0.01,59329.06935292875,550871.4655114004,0.0,13445.138753780626
15,NL0 8 0 solar,NL0 8,1,79.5,0.01,59329.06935292875,79242.76000531408,0.0,1927.2751274433406
15,NL0 9 0 solar,NL0 9,1,299.5,0.01,59329.06935292875,289172.59624369774,0.0,7188.544634543878
15,NL0 20 0 offwind-ac,NL0 20,1,578.0,0.015,59329.06935292875,2.0897042570821065e6,0.0,56579.881970859875
15,NL0 27 0 offwind-ac,NL0 27,1,4583.0,0.015,59329.06935292875,1.836492725802475e7,0.0,514783.2372779021
15,NL0 31 0 offwind-ac,NL0 31,1,600.0,0.015,59329.06935292875,2.3448754266029424e6,0.0,65533.70995494073
15,NL0 32 0 offwind-ac,NL0 32,1,608.0,0.015,59329.06935292875,2.5122772306798655e6,0.0,70162.48686909239
15,NL0 7 0 offwind-ac,NL0 7,1,752.0,0.015,59329.06935292875,3.1154508015855406e6,0.0,85460.08856763809
15,NL0 0 0 onwind,NL0 0,1,59.0,0.015,59329.06935292875,141581.73699949784,0.0,4374.722970334101
15,NL0 1 0 onwind,NL0 1,1,75.0,0.015,59329.06935292875,144987.223672517,0.0,4518.1128213616075
15,NL0 10 0 onwind,NL0 10,1,428.0,0.015,59329.06935292875,1.4291400869199412e6,0.0,42899.58939304398
15,NL0 11 0 onwind,NL0 11,1,21.0,0.015,59329.06935292875,40420.12081248227,0.0,1307.6695123700767
15,NL0 12 0 onwind,NL0 12,1,54.0,0.015,59329.06935292875,157750.11158850274,0.0,4663.910600543067
15,NL0 13 0 onwind,NL0 13,1,23.0,0.015,59329.06935292875,48363.225696769005,0.0,1509.6220690771631
15,NL0 14 0 onwind,NL0 14,1,61.0,0.015,59329.06935292875,204206.8002025359,0.0,5915.66177756561
15,NL0 15 0 onwind,NL0 15,1,52.0,0.015,59329.06935292875,110981.05180824433,0.0,3566.2068649493503
15,NL0 17 0 onwind,NL0 17,1,27.0,0.015,59329.06935292875,77212.90743965164,0.0,2302.425955009582
15,NL0 19 0 onwind,NL0 19,1,532.0,0.015,59329.06935292875,1.3460316067230038e6,0.0,42486.97601131978
15,NL0 2 0 onwind,NL0 2,1,472.8,0.015,59329.06935292875,1.0549214371896542e6,0.0,33882.00351157511
15,NL0 20 0 onwind,NL0 20,1,822.2,0.015,59329.06935292875,2.2296443636200447e6,0.0,68545.15238420152
15,NL0 21 0 onwind,NL0 21,1,36.0,0.015,59329.06935292875,104484.76563321071,0.0,3141.3564070712346
15,NL0 22 0 onwind,NL0 22,1,122.7,0.015,59329.06935292875,259097.5009444907,0.0,7979.539671631507
15,NL0 23 0 onwind,NL0 23,1,127.0,0.015,59329.06935292875,371375.7050556639,0.0,10841.409296501457
15,NL0 24 0 onwind,NL0 24,1,33.0,0.015,59329.06935292875,87218.32571815483,0.0,2663.932698155521
15,NL0 27 0 onwind,NL0 27,1,21.6,0.015,59329.06935292875,74449.90450443185,0.0,2072.907877365423
15,NL0 3 0 onwind,NL0 3,1,284.6,0.015,59329.06935292875,734639.6276889532,0.0,21889.91669341371
15,NL0 30 0 onwind,NL0 30,1,31.0,0.015,59329.06935292875,89651.52416415488,0.0,2660.5744366623353
15,NL0 31 0 onwind,NL0 31,1,216.0,0.015,59329.06935292875,634984.0143862665,0.0,17641.546997048783
15,NL0 4 0 onwind,NL0 4,1,287.0,0.015,59329.06935292875,733311.6964016734,0.0,21561.663953766787
15,NL0 5 0 onwind,NL0 5,1,21.0,0.015,59329.06935292875,39673.869513893376,0.0,1207.7997180001842
15,NL0 6 0 onwind,NL0 6,1,35.0,0.015,59329.06935292875,65026.749012613116,0.0,1966.1176617817862
15,NL0 7 0 onwind,NL0 7,1,374.3,0.015,59329.06935292875,974864.6796991499,0.0,28936.306672586878
15,NL0 8 0 onwind,NL0 8,1,101.1,0.015,59329.06935292875,229603.3320273519,0.0,6949.579161685595
15,NL0 9 0 onwind,NL0 9,1,35.0,0.015,59329.06935292875,64634.206735854954,0.0,1954.400704521408
16,NL0 0 CCGT,NL0 0,1,575.0,43.272866666666665,5472.58087301482,540923.5908802449,3.1467340019835215e6,63675.59783887953
16,NL0 1 biomass,NL0 1,1,71.0,19.979914529914527,5472.58087301482,322772.0821956152,388553.24198405223,12212.0
16,NL0 1 waste,NL0 1,1,31.0,34.1135,5472.58087301482,69198.42877354372,169650.00706345943,4564.286858942552
16,NL0 10 CCGT,NL0 10,1,507.0,43.27286666666667,5472.58087301482,476953.4966544068,2.774598502618514e6,52728.0
16,NL0 10 waste,NL0 10,1,150.0,34.1135,5472.58087301482,334831.10696875997,820887.130952223,22843.636642027155
16,NL0 11 CCGT,NL0 11,1,72.0,43.27286666666667,5472.58087301482,67733.04094500453,394025.82285706705,7416.0
16,NL0 11 biomass,NL0 11,1,20.0,19.979914529914527,5472.58087301482,90921.7132945395,109451.6174602964,3420.0
16,NL0 11 waste,NL0 11,1,50.0,34.1135,5472.58087301482,111610.36898958655,273629.043650741,7400.0
16,NL0 13 CCGT,NL0 13,1,50.0,43.27286666666667,5472.58087301482,47036.83398958648,273629.043650741,5050.0
16,NL0 13 biomass,NL0 13,1,77.0,19.979914529914527,5472.58087301482,350048.5961839771,421388.72722214117,13244.0
16,NL0 16 CCGT,NL0 16,1,268.0,43.27286666666667,5472.58087301482,252117.43018418353,1.4666516739679717e6,28040.212980358185
16,NL0 17 CCGT,NL0 17,1,107.0,43.27286666666667,5472.58087301482,100658.82473771505,585566.1534125857,10914.0
16,NL0 18 CCGT,NL0 18,1,112.0,43.27286666666667,5472.58087301482,105362.50813667371,612929.0577776599,11872.0
16,NL0 19 CCGT,NL0 19,1,523.0,53.04262929292929,5472.58087301482,286383.11750121147,2.862159796586751e6,11442.174094047397
16,NL0 19 biomass,NL0 19,1,49.0,19.979914529914527,5472.58087301482,222758.1975716218,268156.4627777262,8477.0
16,NL0 19 waste,NL0 19,1,36.0,34.1135,5472.58087301482,80359.4656725024,197012.91142853352,5292.0
16,NL0 2 CCGT,NL0 2,1,272.5,43.27286666666667,5472.58087301482,256350.74524324626,1.4912782878965384e6,27031.23742545749
16,NL0 21 CCGT,NL0 21,1,85.0,43.27286666666667,5472.58087301482,79962.61778229696,465169.37420625973,8387.513033814592
16,NL0 22 CCGT,NL0 22,1,100.0,43.27286666666667,5472.58087301482,94073.66797917293,547258.087301482,10000.0
16,NL0 22 biomass,NL0 22,1,500.0,19.979914529914527,5472.58087301482,2.273042832363489e6,2.73629043650741e6,88213.71740471417
16,NL0 23 CCGT,NL0 23,1,964.0,43.8530553226903,5472.58087301482,870323.5031578824,5.275567961586286e6,47693.60984839019
16,NL0 24 CCGT,NL0 24,1,684.0,67.50263035262032,5472.58087301482,184434.58658511765,3.743245317142137e6,10714.131758202922
16,NL0 25 waste,NL0 25,1,54.0,34.1135,5472.58087301482,120539.19850875347,295519.3671428003,7951.7082861502
16,NL0 27 CCGT,NL0 27,1,984.0,43.27286666666667,5472.58087301482,925684.8929150612,5.385019579046583e6,94588.41831896325
16,NL0 27 biomass,NL0 27,1,22.0,19.979914529914527,5472.58087301482,100013.88462399351,120396.77920632604,3784.0
16,NL0 27 waste,NL0 27,1,71.2,34.1135,5472.58087301482,158933.16544117124,389647.7581586552,10597.848996597606
16,NL0 28 CCGT,NL0 28,1,144.0,43.27286666666667,5472.58087301482,135466.08189000897,788051.6457141341,13197.452453458623
16,NL0 3 CCGT,NL0 3,1,1907.0,51.41762846054192,5472.58087301482,1.112405887359476e6,1.0436211724839263e7,58777.98064051034
16,NL0 3 biomass,NL0 3,1,22.0,19.979914529914527,5472.58087301482,100013.88462399351,120396.77920632604,3784.0
16,NL0 3 waste,NL0 3,1,108.0,34.1135,5472.58087301482,241078.39701750694,591038.7342856006,15650.092251250788
16,NL0 30 biomass,NL0 30,1,60.0,19.979914529914527,5472.58087301482,272765.1398836184,328354.85238088924,10260.0
16,NL0 31 CCGT,NL0 31,1,3341.0,85.4787109164719,5472.58087301482,7.97892223969324e-10,1.8283892696742512e7,23559.45397882911
16,NL0 5 CCGT,NL0 5,1,49.6,43.27286666666667,5472.58087301482,46660.539317669776,271440.01130153507,4563.199999999998
16,NL0 6 CCGT,NL0 6,1,1608.4,43.27286666666667,5472.58087301482,1.5130808757770178e6,8.802099076157037e6,161317.56892297047
16,NL0 7 CCGT,NL0 7,1,1398.0,43.6729395310492,5472.58087301482,1.2759987478403628e6,7.650668060474719e6,85506.53181069877
16,NL0 7 nuclear,NL0 7,1,515.0,27.322803680981593,5472.58087301482,1.7021457600712706e6,2.8183791496026325e6,84102.42124441595
16,NL0 7 waste,NL0 7,1,39.0,34.1135,5472.58087301482,87056.0878118776,213430.654047578,5655.0
16,NL0 8 CCGT,NL0 8,1,447.0,58.928107624263944,5472.58087301482,189520.23005298054,2.4462436502376245e6,8652.104303317274
16,NL0 8 biomass,NL0 8,1,36.0,19.979914529914527,5472.58087301482,163659.0839301714,197012.91142853352,6189.758589916517
16,NL0 8 waste,NL0 8,1,157.0,34.1135,5472.58087301482,350456.55862730206,859195.1970633267,23474.93242864572
16,NL0 9 biomass,NL0 9,1,20.0,19.979914529914527,5472.58087301482,90921.7132945395,109451.6174602964,3440.0
16,NL0 0 0 solar,NL0 0,1,144.0,0.01,59329.06935292875,143777.17181364013,0.0,3495.7738491645578
16,NL0 1 0 solar,NL0 1,1,291.5,0.01,59329.06935292875,279083.88681448676,0.0,6948.705449759602
16,NL0 10 0 solar,NL0 10,1,120.1,0.01,59329.06935292875,123510.80794349074,0.0,3035.911304769089
16,NL0 11 0 solar,NL0 11,1,436.4,0.01,59329.06935292875,411901.3058784065,0.0,10306.481755249355
16,NL0 12 0 solar,NL0 12,1,203.1,0.01,59329.06935292875,191990.80544541523,0.0,4820.92251154439
16,NL0 13 0 solar,NL0 13,1,473.2,0.01,59329.06935292875,452951.7389067516,0.0,11187.121113824795
16,NL0 14 0 solar,NL0 14,1,85.3,0.01,59329.06935292875,84067.00358636606,0.0,2087.7663698282927
16,NL0 15 0 solar,NL0 15,1,369.4,0.01,59329.06935292875,346685.28503442695,0.0,8736.034836219216
16,NL0 16 0 solar,NL0 16,1,68.8,0.01,59329.06935292875,69599.92687591027,0.0,1691.4298225830848
16,NL0 17 0 solar,NL0 17,1,63.1,0.01,59329.06935292875,65394.03954021667,0.0,1589.8866005603036
16,NL0 18 0 solar,NL0 18,1,13.399999999999999,0.01,59329.06935292875,13705.30422290253,0.0,335.710111700008
16,NL0 19 0 solar,NL0 19,1,75.60000000000001,0.01,59329.06935292875,70863.9429096754,0.0,1815.0254919597055
16,NL0 2 0 solar,NL0 2,1,1109.1,0.01,59329.06935292875,1.0323424735205561e6,0.0,26402.661517956996
16,NL0 20 0 solar,NL0 20,1,331.2,0.01,59329.06935292875,320483.9317679877,0.0,7909.5604725700005
16,NL0 21 0 solar,NL0 21,1,40.5,0.01,59329.06935292875,41600.66565576048,0.0,1013.9430253950717
16,NL0 22 0 solar,NL0 22,1,263.3,0.01,59329.06935292875,260617.55609716478,0.0,6361.56546158242
16,NL0 23 0 solar,NL0 23,1,57.1,0.01,59329.06935292875,57564.464121023724,0.0,1403.2936270342718
16,NL0 24 0 solar,NL0 24,1,99.8,0.01,59329.06935292875,98258.96051930617,0.0,2393.4015185461817
16,NL0 25 0 solar,NL0 25,1,663.4,0.01,59329.06935292875,623417.0481376504,0.0,15835.542397299549
16,NL0 26 0 solar,NL0 26,1,156.2,0.01,59329.06935292875,154151.32820160087,0.0,3821.2856187503758
16,NL0 27 0 solar,NL0 27,1,103.1,0.01,59329.06935292875,107361.95522086936,0.0,2649.1257341788905
16,NL0 28 0 solar,NL0 28,1,105.3,0.01,59329.06935292875,100355.16709245981,0.0,2489.1644574964166
16,NL0 3 0 solar,NL0 3,1,84.5,0.01,59329.06935292875,85165.20527245209,0.0,2070.9188767275286
16,NL0 30 0 solar,NL0 30,1,3.6,0.01,59329.06935292875,3668.2574639459576,0.0,89.82355962877534
16,NL0 31 0 solar,NL0 31,1,44.8,0.01,59329.06935292875,42321.02586653224,0.0,1072.8423780802711
16,NL0 4 0 solar,NL0 4,1,142.8,0.01,59329.06935292875,136790.37822099501,0.0,3403.277910451907
16,NL0 5 0 solar,NL0 5,1,351.7,0.01,59329.06935292875,342365.7706028363,0.0,8409.128930464909
16,NL0 6 0 solar,NL0 6,1,260.3,0.01,59329.06935292875,262068.4421732812,0.0,6427.157527688587
16,NL0 7 0 solar,NL0 7,1,553.2,0.01,59329.06935292875,550871.4655114005,0.0,13445.138753780626
16,NL0 8 0 solar,NL0 8,1,79.5,0.01,59329.06935292875,79242.76000531408,0.0,1927.2751274433406
16,NL0 9 0 solar,NL0 9,1,299.5,0.01,59329.06935292875,289172.5962436978,0.0,7188.544634543878
16,NL0 20 0 offwind-ac,NL0 20,1,578.0,0.015,59329.06935292875,2.0897042570821068e6,0.0,58627.157970859866
16,NL0 27 0 offwind-ac,NL0 27,1,4583.0,0.015,59329.06935292875,1.836492725802474e7,0.0,515826.82512152905
16,NL0 31 0 offwind-ac,NL0 31,1,600.0,0.015,59329.06935292875,2.3448754266029424e6,0.0,65002.40995494072
16,NL0 32 0 offwind-ac,NL0 32,1,608.0,0.015,59329.06935292875,2.5122772306798655e6,0.0,70162.48686909239
16,NL0 7 0 offwind-ac,NL0 7,1,752.0,0.015,59329.06935292875,3.1154508015855406e6,0.0,86125.98456763808
16,NL0 0 0 onwind,NL0 0,1,59.0,0.015,59329.06935292875,141581.73699949784,0.0,4315.778511483705
16,NL0 1 0 onwind,NL0 1,1,75.0,0.015,59329.06935292875,144987.223672517,0.0,4742.56319817744
16,NL0 10 0 onwind,NL0 10,1,428.0,0.015,59329.06935292875,1.4291400869199412e6,0.0,42784.92688122571
16,NL0 11 0 onwind,NL0 11,1,21.0,0.015,59329.06935292875,40420.12081248227,0.0,1285.356071171779
16,NL0 12 0 onwind,NL0 12,1,54.0,0.015,59329.06935292875,157750.11158850274,0.0,4771.910600543067
16,NL0 13 0 onwind,NL0 13,1,23.0,0.015,59329.06935292875,48363.225696769005,0.0,1532.6220690771631
16,NL0 14 0 onwind,NL0 14,1,61.0,0.015,59329.06935292875,204206.8002025359,0.0,5976.66177756561
16,NL0 15 0 onwind,NL0 15,1,52.0,0.015,59329.06935292875,110981.05180824433,0.0,3607.5251690491696
16,NL0 17 0 onwind,NL0 17,1,27.0,0.015,59329.06935292875,77212.90743965164,0.0,2356.425423940956
16,NL0 19 0 onwind,NL0 19,1,532.0,0.015,59329.06935292875,1.3460316067230038e6,0.0,42486.97601131978
16,NL0 2 0 onwind,NL0 2,1,472.8,0.015,59329.06935292875,1.0549214371896542e6,0.0,34337.746806742805
16,NL0 20 0 onwind,NL0 20,1,822.2,0.015,59329.06935292875,2.2296443636200447e6,0.0,67722.95238420152
16,NL0 21 0 onwind,NL0 21,1,36.0,0.015,59329.06935292875,104484.76563321071,0.0,3105.3564070712346
16,NL0 22 0 onwind,NL0 22,1,122.7,0.015,59329.06935292875,259097.5009444907,0.0,7891.19855601057
16,NL0 23 0 onwind,NL0 23,1,127.0,0.015,59329.06935292875,371375.7050556639,0.0,10714.33815755993
16,NL0 24 0 onwind,NL0 24,1,33.0,0.015,59329.06935292875,87218.32571815484,0.0,2599.681757882671
16,NL0 27 0 onwind,NL0 27,1,21.6,0.015,59329.06935292875,74449.90450443185,0.0,2072.904555265283
16,NL0 3 0 onwind,NL0 3,1,284.6,0.015,59329.06935292875,734639.6276889532,0.0,21070.96446508506
16,NL0 30 0 onwind,NL0 30,1,31.0,0.015,59329.06935292875,89651.52416415488,0.0,2508.6879858546886
16,NL0 31 0 onwind,NL0 31,1,216.0,0.015,59329.06935292875,634984.0143862665,0.0,17425.546997048783
16,NL0 4 0 onwind,NL0 4,1,287.0,0.015,59329.06935292875,733311.6964016734,0.0,20534.427031133797
16,NL0 5 0 onwind,NL0 5,1,21.0,0.015,59329.06935292875,39673.869513893376,0.0,1153.4699419009503
16,NL0 6 0 onwind,NL0 6,1,35.0,0.015,59329.06935292875,65026.749012613116,0.0,1881.261116786002
16,NL0 7 0 onwind,NL0 7,1,374.3,0.015,59329.06935292875,974864.6796991498,0.0,28473.329337333304
16,NL0 8 0 onwind,NL0 8,1,101.1,0.015,59329.06935292875,229603.3320273519,0.0,6915.3930101757815
16,NL0 9 0 onwind,NL0 9,1,35.0,0.015,59329.06935292875,64634.206735854954,0.0,1945.6417543097828
17,NL0 0 CCGT,NL0 0,1,575.0,43.272866666666665,5472.580872989789,540923.5908802447,3.146734001969129e6,60583.16267958792
17,NL0 1 biomass,NL0 1,1,71.0,19.979914529914527,5472.580872989789,322772.0821956152,388553.24198227504,12212.0
17,NL0 1 waste,NL0 1,1,31.0,34.1135,5472.580872989789,69198.42877354372,169650.00706268346,4650.0
17,NL0 10 CCGT,NL0 10,1,507.0,43.27286666666667,5472.580872989789,476953.4966544067,2.774598502605823e6,52197.88960630626
17,NL0 10 waste,NL0 10,1,150.0,34.1135,5472.580872989789,334831.10696875985,820887.1309484683,22081.363288600354
17,NL0 11 CCGT,NL0 11,1,72.0,43.27286666666667,5472.580872989789,67733.04094500451,394025.8228552648,7179.732700974178
17,NL0 11 biomass,NL0 11,1,20.0,19.979914529914527,5472.580872989789,90921.71329453951,109451.61745979579,3460.0
17,NL0 11 waste,NL0 11,1,50.0,34.1135,5472.580872989789,111610.36898958654,273629.04364948947,7419.915471298606
17,NL0 13 CCGT,NL0 13,1,50.0,43.27286666666667,5472.580872989789,47036.83398958647,273629.04364948947,4750.0
17,NL0 13 biomass,NL0 13,1,77.0,19.979914529914527,5472.580872989789,350048.59618397715,421388.72722021374,13209.323190487983
17,NL0 16 CCGT,NL0 16,1,268.0,43.27286666666667,5472.580872989789,252117.43018418347,1.4666516739612634e6,27038.148980954786
17,NL0 17 CCGT,NL0 17,1,107.0,43.27286666666667,5472.580872989789,100658.824737715,585566.1534099075,10165.0
17,NL0 18 CCGT,NL0 18,1,112.0,43.27286666666667,5472.580872989789,105362.5081366737,612929.0577748563,10813.568863257964
17,NL0 19 CCGT,NL0 19,1,523.0,53.04262929292929,5472.580872989789,286383.11750121147,2.86215979657366e6,11442.174094047412
17,NL0 19 biomass,NL0 19,1,49.0,19.979914529914527,5472.580872989789,222758.1975716218,268156.4627764997,8477.0
17,NL0 19 waste,NL0 19,1,36.0,34.1135,5472.580872989789,80359.46567250238,197012.9114276324,5292.0
17,NL0 2 CCGT,NL0 2,1,272.5,43.27286666666667,5472.580872989789,256350.74524324617,1.4912782878897176e6,27536.718742358753
17,NL0 21 CCGT,NL0 21,1,85.0,43.27286666666667,5472.580872989789,79962.61778229693,465169.37420413207,8381.849047957981
17,NL0 22 CCGT,NL0 22,1,100.0,43.27286666666667,5472.580872989789,94073.66797917285,547258.0872989789,9371.570235328867
17,NL0 22 biomass,NL0 22,1,500.0,19.979914529914527,5472.580872989789,2.273042832363489e6,2.7362904364948943e6,88213.25548440969
17,NL0 23 CCGT,NL0 23,1,964.0,43.8530553226903,5472.580872989789,870323.5031578824,5.275567961562157e6,47693.60984839019
17,NL0 24 CCGT,NL0 24,1,684.0,67.50263035262032,5472.580872989789,184434.58658511768,3.743245317125016e6,10714.131758202933
17,NL0 25 waste,NL0 25,1,54.0,34.1135,5472.580872989789,120539.19850875347,295519.3671414486,7992.0
17,NL0 27 CCGT,NL0 27,1,984.0,43.27286666666667,5472.580872989789,925684.8929150614,5.385019579021952e6,98275.22794057448
17,NL0 27 biomass,NL0 27,1,22.0,19.979914529914527,5472.580872989789,100013.88462399352,120396.77920577535,3798.897319733023
17,NL0 27 waste,NL0 27,1,71.2,34.1135,5472.580872989789,158933.16544117124,389647.758156873,10466.400000000009
17,NL0 28 CCGT,NL0 28,1,144.0,43.27286666666667,5472.580872989789,135466.081890009,788051.6457105296,13533.056741077477
17,NL0 3 CCGT,NL0 3,1,1907.0,51.41762846054192,5472.580872989789,1.112405887359476e6,1.0436211724791527e7,58777.980640510366
17,NL0 3 biomass,NL0 3,1,22.0,19.979914529914527,5472.580872989789,100013.88462399352,120396.77920577535,3762.0
17,NL0 3 waste,NL0 3,1,108.0,34.1135,5472.580872989789,241078.39701750694,591038.7342828972,16024.430748912018
17,NL0 30 biomass,NL0 30,1,60.0,19.979914529914527,5472.580872989789,272765.1398836184,328354.85237938736,10260.0
17,NL0 31 CCGT,NL0 31,1,3341.0,85.4787109164719,5472.580872989789,8.169757987421025e-10,1.8283892696658883e7,23559.453978829108
17,NL0 5 CCGT,NL0 5,1,49.6,43.27286666666667,5472.580872989789,46660.539317669776,271440.01130029355,4563.199999999998
17,NL0 6 CCGT,NL0 6,1,1608.4,43.27286666666667,5472.580872989789,1.5130808757770178e6,8.802099076116778e6,164392.0754355235
17,NL0 7 CCGT,NL0 7,1,1398.0,43.6729395310492,5472.580872989789,1.2759987478403628e6,7.650668060439725e6,85506.53181069877
17,NL0 7 nuclear,NL0 7,1,515.0,27.322803680981593,5472.580872989789,1.7021457600712706e6,2.818379149589741e6,84102.42124441595
17,NL0 7 waste,NL0 7,1,39.0,34.1135,5472.580872989789,87056.08781187762,213430.65404660176,5694.0
17,NL0 8 CCGT,NL0 8,1,447.0,58.928107624263944,5472.580872989789,189520.23005298054,2.4462436502264356e6,8652.104303317297
17,NL0 8 biomass,NL0 8,1,36.0,19.979914529914527,5472.580872989789,163659.0839301714,197012.9114276324,6192.0
17,NL0 8 waste,NL0 8,1,157.0,34.1135,5472.580872989789,350456.55862730206,859195.1970593969,23809.395954802032
17,NL0 9 biomass,NL0 9,1,20.0,19.979914529914527,5472.580872989789,90921.71329453951,109451.61745979579,3440.0
17,NL0 0 0 solar,NL0 0,1,144.0,0.01,59329.06935292875,143777.17181364007,0.0,3495.7738491645578
17,NL0 1 0 solar,NL0 1,1,291.5,0.01,59329.06935292875,279083.8868144867,0.0,6948.705449759602
17,NL0 10 0 solar,NL0 10,1,120.1,0.01,59329.06935292875,123510.80794349074,0.0,3035.911304769089
17,NL0 11 0 solar,NL0 11,1,436.4,0.01,59329.06935292875,411901.30587840645,0.0,10306.481755249355
17,NL0 12 0 solar,NL0 12,1,203.1,0.01,59329.06935292875,191990.80544541523,0.0,4820.92251154439
17,NL0 13 0 solar,NL0 13,1,473.2,0.01,59329.06935292875,452951.73890675174,0.0,11187.121113824795
17,NL0 14 0 solar,NL0 14,1,85.3,0.01,59329.06935292875,84067.00358636606,0.0,2087.7663698282927
17,NL0 15 0 solar,NL0 15,1,369.4,0.01,59329.06935292875,346685.285034427,0.0,8736.034836219216
17,NL0 16 0 solar,NL0 16,1,68.8,0.01,59329.06935292875,69599.92687591026,0.0,1691.4298225830848
17,NL0 17 0 solar,NL0 17,1,63.1,0.01,59329.06935292875,65394.03954021666,0.0,1589.8866005603036
17,NL0 18 0 solar,NL0 18,1,13.399999999999999,0.01,59329.06935292875,13705.304222902532,0.0,335.710111700008
17,NL0 19 0 solar,NL0 19,1,75.60000000000001,0.01,59329.06935292875,70863.94290967542,0.0,1815.0254919597055
17,NL0 2 0 solar,NL0 2,1,1109.1,0.01,59329.06935292875,1.0323424735205561e6,0.0,26402.661517956996
17,NL0 20 0 solar,NL0 20,1,331.2,0.01,59329.06935292875,320483.9317679877,0.0,7909.5604725700005
17,NL0 21 0 solar,NL0 21,1,40.5,0.01,59329.06935292875,41600.66565576048,0.0,1013.9430253950717
17,NL0 22 0 solar,NL0 22,1,263.3,0.01,59329.06935292875,260617.55609716475,0.0,6361.56546158242
17,NL0 23 0 solar,NL0 23,1,57.1,0.01,59329.06935292875,57564.46412102373,0.0,1403.2936270342718
17,NL0 24 0 solar,NL0 24,1,99.8,0.01,59329.06935292875,98258.96051930616,0.0,2393.4015185461817
17,NL0 25 0 solar,NL0 25,1,663.4,0.01,59329.06935292875,623417.0481376502,0.0,15835.542397299549
17,NL0 26 0 solar,NL0 26,1,156.2,0.01,59329.06935292875,154151.3282016009,0.0,3821.2856187503758
17,NL0 27 0 solar,NL0 27,1,103.1,0.01,59329.06935292875,107361.95522086935,0.0,2649.1257341788905
17,NL0 28 0 solar,NL0 28,1,105.3,0.01,59329.06935292875,100355.16709245981,0.0,2489.1644574964166
17,NL0 3 0 solar,NL0 3,1,84.5,0.01,59329.06935292875,85165.20527245206,0.0,2070.9188767275286
17,NL0 30 0 solar,NL0 30,1,3.6,0.01,59329.06935292875,3668.2574639459576,0.0,89.82355962877534
17,NL0 31 0 solar,NL0 31,1,44.8,0.01,59329.06935292875,42321.02586653224,0.0,1072.8423780802711
17,NL0 4 0 solar,NL0 4,1,142.8,0.01,59329.06935292875,136790.37822099504,0.0,3403.277910451907
17,NL0 5 0 solar,NL0 5,1,351.7,0.01,59329.06935292875,342365.7706028363,0.0,8409.128930464909
17,NL0 6 0 solar,NL0 6,1,260.3,0.01,59329.06935292875,262068.4421732812,0.0,6427.157527688587
17,NL0 7 0 solar,NL0 7,1,553.2,0.01,59329.06935292875,550871.4655114004,0.0,13445.138753780626
17,NL0 8 0 solar,NL0 8,1,79.5,0.01,59329.06935292875,79242.76000531408,0.0,1927.2751274433406
17,NL0 9 0 solar,NL0 9,1,299.5,0.01,59329.06935292875,289172.59624369774,0.0,7188.544634543878
17,NL0 20 0 offwind-ac,NL0 20,1,578.0,0.015,59329.06935292875,2.0897042570821068e6,0.0,58627.157970859866
17,NL0 27 0 offwind-ac,NL0 27,1,4583.0,0.015,59329.06935292875,1.836492725802475e7,0.0,512436.6502487764
17,NL0 31 0 offwind-ac,NL0 31,1,600.0,0.015,59329.06935292875,2.3448754266029424e6,0.0,65533.70995494073
17,NL0 32 0 offwind-ac,NL0 32,1,608.0,0.015,59329.06935292875,2.5122772306798655e6,0.0,69624.1028690924
17,NL0 7 0 offwind-ac,NL0 7,1,752.0,0.015,59329.06935292875,3.1154508015855406e6,0.0,86125.98456763808
17,NL0 0 0 onwind,NL0 0,1,59.0,0.015,59329.06935292875,141581.73699949784,0.0,4364.899250571137
17,NL0 1 0 onwind,NL0 1,1,75.0,0.015,59329.06935292875,144987.223672517,0.0,4592.56319817744
17,NL0 10 0 onwind,NL0 10,1,428.0,0.015,59329.06935292875,1.4291400869199412e6,0.0,42899.58939304398
17,NL0 11 0 onwind,NL0 11,1,21.0,0.015,59329.06935292875,40420.12081248227,0.0,1293.2049320258102
17,NL0 12 0 onwind,NL0 12,1,54.0,0.015,59329.06935292875,157750.11158850274,0.0,4771.910600543067
17,NL0 13 0 onwind,NL0 13,1,23.0,0.015,59329.06935292875,48363.225696769005,0.0,1486.6221634785147
17,NL0 14 0 onwind,NL0 14,1,61.0,0.015,59329.06935292875,204206.8002025359,0.0,5915.66177756561
17,NL0 15 0 onwind,NL0 15,1,52.0,0.015,59329.06935292875,110981.05180824433,0.0,3607.5251690491696
17,NL0 17 0 onwind,NL0 17,1,27.0,0.015,59329.06935292875,77212.90743965164,0.0,2302.425955009582
17,NL0 19 0 onwind,NL0 19,1,532.0,0.015,59329.06935292875,1.3460316067230038e6,0.0,42102.54062611285
17,NL0 2 0 onwind,NL0 2,1,472.8,0.015,59329.06935292875,1.0549214371896542e6,0.0,32895.73290817034
17,NL0 20 0 onwind,NL0 20,1,822.2,0.015,59329.06935292875,2.2296443636200447e6,0.0,66871.77949613461
17,NL0 21 0 onwind,NL0 21,1,36.0,0.015,59329.06935292875,104484.76563321071,0.0,3118.2761388590598
17,NL0 22 0 onwind,NL0 22,1,122.7,0.015,59329.06935292875,259097.5009444907,0.0,8193.468412036254
17,NL0 23 0 onwind,NL0 23,1,127.0,0.015,59329.06935292875,371375.7050556639,0.0,11096.755984189831
17,NL0 24 0 onwind,NL0 24,1,33.0,0.015,59329.06935292875,87218.32571815484,0.0,2563.424100086063
17,NL0 27 0 onwind,NL0 27,1,21.6,0.015,59329.06935292875,74449.90450443185,0.0,2137.7045521535388
17,NL0 3 0 onwind,NL0 3,1,284.6,0.015,59329.06935292875,734639.6276889532,0.0,22124.937246703947
17,NL0 30 0 onwind,NL0 30,1,31.0,0.015,59329.06935292875,89651.52416415488,0.0,2691.483397118999
17,NL0 31 0 onwind,NL0 31,1,216.0,0.015,59329.06935292875,634984.0143862665,0.0,18721.546997048783
17,NL0 4 0 onwind,NL0 4,1,287.0,0.015,59329.06935292875,733311.6964016734,0.0,22008.175928510198
17,NL0 5 0 onwind,NL0 5,1,21.0,0.015,59329.06935292875,39673.869513893376,0.0,1249.3927773915407
17,NL0 6 0 onwind,NL0 6,1,35.0,0.015,59329.06935292875,65026.749012613116,0.0,2091.9306113981047
17,NL0 7 0 onwind,NL0 7,1,374.3,0.015,59329.06935292875,974864.6796991499,0.0,29412.50816246292
17,NL0 8 0 onwind,NL0 8,1,101.1,0.015,59329.06935292875,229603.3320273519,0.0,7020.160787945646
17,NL0 9 0 onwind,NL0 9,1,35.0,0.015,59329.06935292875,64634.206735854954,0.0,2076.684284882198
18,NL0 0 CCGT,NL0 0,1,575.0,43.272866666666665,5472.580873014678,540923.5908802449,3.14673400198344e6,58936.14882404445
18,NL0 1 biomass,NL0 1,1,71.0,19.979914529914527,5472.580873014678,322772.0821956152,388553.24198404216,12212.0
18,NL0 1 waste,NL0 1,1,31.0,34.1135,5472.580873014678,69198.42877354372,169650.00706345504,4628.431434855493
18,NL0 10 CCGT,NL0 10,1,507.0,43.27286666666667,5472.580873014678,476953.49665440654,2.774598502618442e6,51096.9684280602
18,NL0 10 waste,NL0 10,1,150.0,34.1135,5472.580873014678,334831.10696875997,820887.1309522018,22401.231053620177
18,NL0 11 CCGT,NL0 11,1,72.0,43.27286666666667,5472.580873014678,67733.04094500451,394025.82285705686,6986.507020133345
18,NL0 11 biomass,NL0 11,1,20.0,19.979914529914527,5472.580873014678,90921.71329453951,109451.61746029356,3440.0
18,NL0 11 waste,NL0 11,1,50.0,34.1135,5472.580873014678,111610.36898958654,273629.0436507339,7447.425582024817
18,NL0 13 CCGT,NL0 13,1,50.0,43.27286666666667,5472.580873014678,47036.83398958645,273629.0436507339,4772.668863257964
18,NL0 13 biomass,NL0 13,1,77.0,19.979914529914527,5472.580873014678,350048.59618397715,421388.7272221302,13170.758589916517
18,NL0 16 CCGT,NL0 16,1,268.0,43.27286666666667,5472.580873014678,252117.43018418344,1.4666516739679337e6,27068.0
18,NL0 17 CCGT,NL0 17,1,107.0,43.27286666666667,5472.580873014678,100658.82473771495,585566.1534125706,9768.316391194157
18,NL0 18 CCGT,NL0 18,1,112.0,43.27286666666667,5472.580873014678,105362.50813667364,612929.0577776439,10528.0
18,NL0 19 CCGT,NL0 19,1,523.0,53.04262929292929,5472.580873014678,286383.1175012114,2.8621597965866765e6,11442.174094047412
18,NL0 19 biomass,NL0 19,1,49.0,19.979914529914527,5472.580873014678,222758.19757162177,268156.46277771925,8428.0
18,NL0 19 waste,NL0 19,1,36.0,34.1135,5472.580873014678,80359.4656725024,197012.91142852843,5305.7082861502
18,NL0 2 CCGT,NL0 2,1,272.5,43.27286666666667,5472.580873014678,256350.7452432463,1.4912782878964997e6,27522.5
18,NL0 21 CCGT,NL0 21,1,85.0,43.27286666666667,5472.580873014678,79962.61778229695,465169.3742062476,8249.853335576834
18,NL0 22 CCGT,NL0 22,1,100.0,43.27286666666667,5472.580873014678,94073.6679791729,547258.0873014678,9771.480351476384
18,NL0 22 biomass,NL0 22,1,500.0,19.979914529914527,5472.580873014678,2.2730428323634886e6,2.736290436507339e6,88273.71740471419
18,NL0 23 CCGT,NL0 23,1,964.0,43.8530553226903,5472.580873014678,870323.5031578823,5.275567961586149e6,47693.60984839019
18,NL0 24 CCGT,NL0 24,1,684.0,67.50263035262032,5472.580873014678,184434.58658511756,3.74324531714204e6,10714.131758202933
18,NL0 25 waste,NL0 25,1,54.0,34.1135,5472.580873014678,120539.19850875348,295519.3671427926,7907.915471299604
18,NL0 27 CCGT,NL0 27,1,984.0,43.27286666666667,5472.580873014678,925684.8929150614,5.385019579046443e6,100346.68070611668
18,NL0 27 biomass,NL0 27,1,22.0,19.979914529914527,5472.580873014678,100013.88462399351,120396.77920632291,3784.0
18,NL0 27 waste,NL0 27,1,71.2,34.1135,5472.580873014678,158933.1654411712,389647.7581586451,10680.000000000011
18,NL0 28 CCGT,NL0 28,1,144.0,43.27286666666667,5472.580873014678,135466.08189000897,788051.6457141137,13680.0
18,NL0 3 CCGT,NL0 3,1,1907.0,51.41762846054192,5472.580873014678,1.1124058873594755e6,1.043621172483899e7,58777.980640510366
18,NL0 3 biomass,NL0 3,1,22.0,19.979914529914527,5472.580873014678,100013.88462399351,120396.77920632291,3784.0
18,NL0 3 waste,NL0 3,1,108.0,34.1135,5472.580873014678,241078.397017507,591038.7342855852,16265.735568981101
18,NL0 30 biomass,NL0 30,1,60.0,19.979914529914527,5472.580873014678,272765.1398836184,328354.8523808807,10320.0
18,NL0 31 CCGT,NL0 31,1,3341.0,85.4787109164719,5472.580873014678,7.389231684496925e-10,1.828389269674204e7,23559.453978829108
18,NL0 5 CCGT,NL0 5,1,49.6,43.27286666666667,5472.580873014678,46660.539317669776,271440.011301528,4811.2
18,NL0 6 CCGT,NL0 6,1,1608.4,43.27286666666667,5472.580873014678,1.5130808757770178e6,8.802099076156808e6,165242.87705404212
18,NL0 7 CCGT,NL0 7,1,1398.0,43.6729395310492,5472.580873014678,1.2759987478403626e6,7.650668060474521e6,85506.53181069877
18,NL0 7 nuclear,NL0 7,1,515.0,27.322803680981593,5472.580873014678,1.702145760071271e6,2.8183791496025594e6,84102.42124441595
18,NL0 7 waste,NL0 7,1,39.0,34.1135,5472.580873014678,87056.08781187762,213430.65404757246,5783.119038441938
18,NL0 8 CCGT,NL0 8,1,447.0,58.928107624263944,5472.580873014678,189520.23005298045,2.446243650237561e6,8652.104303317297
18,NL0 8 biomass,NL0 8,1,36.0,19.979914529914527,5472.580873014678,163659.0839301714,197012.91142852843,6192.0
18,NL0 8 waste,NL0 8,1,157.0,34.1135,5472.580873014678,350456.55862730206,859195.1970633045,23009.93902824068
18,NL0 9 biomass,NL0 9,1,20.0,19.979914529914527,5472.580873014678,90921.71329453951,109451.61746029356,3420.0
18,NL0 0 0 solar,NL0 0,1,144.0,0.01,59329.06935292875,143777.17181364013,0.0,3495.7738491645578
18,NL0 1 0 solar,NL0 1,1,291.5,0.01,59329.06935292875,279083.88681448676,0.0,6948.705449759602
18,NL0 10 0 solar,NL0 10,1,120.1,0.01,59329.06935292875,123510.80794349074,0.0,3035.911304769089
18,NL0 11 0 solar,NL0 11,1,436.4,0.01,59329.06935292875,411901.3058784065,0.0,10306.481755249355
18,NL0 12 0 solar,NL0 12,1,203.1,0.01,59329.06935292875,191990.80544541526,0.0,4820.92251154439
18,NL0 13 0 solar,NL0 13,1,473.2,0.01,59329.06935292875,452951.73890675174,0.0,11187.121113824795
18,NL0 14 0 solar,NL0 14,1,85.3,0.01,59329.06935292875,84067.00358636606,0.0,2087.7663698282927
18,NL0 15 0 solar,NL0 15,1,369.4,0.01,59329.06935292875,346685.28503442695,0.0,8736.034836219216
18,NL0 16 0 solar,NL0 16,1,68.8,0.01,59329.06935292875,69599.92687591027,0.0,1691.4298225830848
18,NL0 17 0 solar,NL0 17,1,63.1,0.01,59329.06935292875,65394.03954021666,0.0,1589.8866005603036
18,NL0 18 0 solar,NL0 18,1,13.399999999999999,0.01,59329.06935292875,13705.30422290253,0.0,335.710111700008
18,NL0 19 0 solar,NL0 19,1,75.60000000000001,0.01,59329.06935292875,70863.94290967542,0.0,1815.0254919597055
18,NL0 2 0 solar,NL0 2,1,1109.1,0.01,59329.06935292875,1.0323424735205562e6,0.0,26402.661517956996
18,NL0 20 0 solar,NL0 20,1,331.2,0.01,59329.06935292875,320483.93176798767,0.0,7909.5604725700005
18,NL0 21 0 solar,NL0 21,1,40.5,0.01,59329.06935292875,41600.66565576048,0.0,1013.9430253950717
18,NL0 22 0 solar,NL0 22,1,263.3,0.01,59329.06935292875,260617.55609716475,0.0,6361.56546158242
18,NL0 23 0 solar,NL0 23,1,57.1,0.01,59329.06935292875,57564.464121023724,0.0,1403.2936270342718
18,NL0 24 0 solar,NL0 24,1,99.8,0.01,59329.06935292875,98258.96051930617,0.0,2393.4015185461817
18,NL0 25 0 solar,NL0 25,1,663.4,0.01,59329.06935292875,623417.0481376504,0.0,15835.542397299549
18,NL0 26 0 solar,NL0 26,1,156.2,0.01,59329.06935292875,154151.3282016009,0.0,3821.2856187503758
18,NL0 27 0 solar,NL0 27,1,103.1,0.01,59329.06935292875,107361.95522086936,0.0,2649.1257341788905
18,NL0 28 0 solar,NL0 28,1,105.3,0.01,59329.06935292875,100355.16709245981,0.0,2489.1644574964166
18,NL0 3 0 solar,NL0 3,1,84.5,0.01,59329.06935292875,85165.20527245206,0.0,2070.9188767275286
18,NL0 30 0 solar,NL0 30,1,3.6,0.01,59329.06935292875,3668.257463945957,0.0,89.82355962877534
18,NL0 31 0 solar,NL0 31,1,44.8,0.01,59329.06935292875,42321.02586653224,0.0,1072.8423780802711
18,NL0 4 0 solar,NL0 4,1,142.8,0.01,59329.06935292875,136790.37822099504,0.0,3403.277910451907
18,NL0 5 0 solar,NL0 5,1,351.7,0.01,59329.06935292875,342365.7706028363,0.0,8409.128930464909
18,NL0 6 0 solar,NL0 6,1,260.3,0.01,59329.06935292875,262068.44217328122,0.0,6427.157527688587
18,NL0 7 0 solar,NL0 7,1,553.2,0.01,59329.06935292875,550871.4655114005,0.0,13445.138753780626
18,NL0 8 0 solar,NL0 8,1,79.5,0.01,59329.06935292875,79242.76000531408,0.0,1927.2751274433406
18,NL0 9 0 solar,NL0 9,1,299.5,0.01,59329.06935292875,289172.5962436978,0.0,7188.544634543878
18,NL0 20 0 offwind-ac,NL0 20,1,578.0,0.015,59329.06935292875,2.089704257082107e6,0.0,55044.42497085987
18,NL0 27 0 offwind-ac,NL0 27,1,4583.0,0.015,59329.06935292875,1.8364927258024745e7,0.0,508778.8619036135
18,NL0 31 0 offwind-ac,NL0 31,1,600.0,0.015,59329.06935292875,2.3448754266029424e6,0.0,65533.70995494073
18,NL0 32 0 offwind-ac,NL0 32,1,608.0,0.015,59329.06935292875,2.5122772306798655e6,0.0,70162.48686909239
18,NL0 7 0 offwind-ac,NL0 7,1,752.0,0.015,59329.06935292875,3.115450801585541e6,0.0,86125.98456763808
18,NL0 0 0 onwind,NL0 0,1,59.0,0.015,59329.06935292875,141581.73699949784,0.0,4423.345107547118
18,NL0 1 0 onwind,NL0 1,1,75.0,0.015,59329.06935292875,144987.223672517,0.0,4517.658299818789
18,NL0 10 0 onwind,NL0 10,1,428.0,0.015,59329.06935292875,1.4291400869199412e6,0.0,42899.58939304398
18,NL0 11 0 onwind,NL0 11,1,21.0,0.015,59329.06935292875,40420.12081248227,0.0,1321.6638611633177
18,NL0 12 0 onwind,NL0 12,1,54.0,0.015,59329.06935292875,157750.1115885027,0.0,4771.910600543067
18,NL0 13 0 onwind,NL0 13,1,23.0,0.015,59329.06935292875,48363.225696769005,0.0,1555.622069077163
18,NL0 14 0 onwind,NL0 14,1,61.0,0.015,59329.06935292875,204206.80020253593,0.0,5976.66177756561
18,NL0 15 0 onwind,NL0 15,1,52.0,0.015,59329.06935292875,110981.05180824433,0.0,3566.2068649493503
18,NL0 17 0 onwind,NL0 17,1,27.0,0.015,59329.06935292875,77212.90743965164,0.0,2303.0576664619116
18,NL0 19 0 onwind,NL0 19,1,532.0,0.015,59329.06935292875,1.3460316067230038e6,0.0,42486.97601131978
18,NL0 2 0 onwind,NL0 2,1,472.8,0.015,59329.06935292875,1.0549214371896542e6,0.0,33882.00351157511
18,NL0 20 0 onwind,NL0 20,1,822.2,0.015,59329.06935292875,2.2296443636200447e6,0.0,69336.60955946345
18,NL0 21 0 onwind,NL0 21,1,36.0,0.015,59329.06935292875,104484.76563321073,0.0,3141.3564070712346
18,NL0 22 0 onwind,NL0 22,1,122.7,0.015,59329.06935292875,259097.5009444907,0.0,8193.468412036254
18,NL0 23 0 onwind,NL0 23,1,127.0,0.015,59329.06935292875,371375.7050556639,0.0,11093.175682684092
18,NL0 24 0 onwind,NL0 24,1,33.0,0.015,59329.06935292875,87218.32571815484,0.0,2728.3354574730815
18,NL0 27 0 onwind,NL0 27,1,21.6,0.015,59329.06935292875,74449.90450443186,0.0,2094.507877365423
18,NL0 3 0 onwind,NL0 3,1,284.6,0.015,59329.06935292875,734639.6276889531,0.0,22726.28265135161
18,NL0 30 0 onwind,NL0 30,1,31.0,0.015,59329.06935292875,89651.52416415488,0.0,2692.1132215717694
18,NL0 31 0 onwind,NL0 31,1,216.0,0.015,59329.06935292875,634984.0143862665,0.0,19153.54699704878
18,NL0 4 0 onwind,NL0 4,1,287.0,0.015,59329.06935292875,733311.6964016735,0.0,22510.591441937933
18,NL0 5 0 onwind,NL0 5,1,21.0,0.015,59329.06935292875,39673.869513893376,0.0,1282.9340960200916
18,NL0 6 0 onwind,NL0 6,1,35.0,0.015,59329.06935292875,65026.749012613116,0.0,2126.9213407013876
18,NL0 7 0 onwind,NL0 7,1,374.3,0.015,59329.06935292875,974864.6796991499,0.0,30159.0744295002
18,NL0 8 0 onwind,NL0 8,1,101.1,0.015,59329.06935292875,229603.3320273519,0.0,7323.460787945647
18,NL0 9 0 onwind,NL0 9,1,35.0,0.015,59329.06935292875,64634.206735854954,0.0,2045.9686705959102
19,NL0 0 CCGT,NL0 0,1,575.0,43.272866666666665,5472.580873014651,540923.5908802447,3.146734001983424e6,59744.30744017018
19,NL0 1 biomass,NL0 1,1,71.0,19.979914529914527,5472.580873014651,322772.0821956153,388553.24198404024,12212.0
19,NL0 1 waste,NL0 1,1,31.0,34.1135,5472.580873014651,69198.42877354372,169650.0070634542,4681.0
19,NL0 10 CCGT,NL0 10,1,507.0,43.27286666666667,5472.580873014651,476953.4966544068,2.774598502618428e6,50454.81357345509
19,NL0 10 waste,NL0 10,1,150.0,34.1135,5472.580873014651,334831.10696875985,820887.1309521976,22288.637596873723
19,NL0 11 CCGT,NL0 11,1,72.0,43.27286666666667,5472.580873014651,67733.0409450045,394025.8228570549,6912.0
19,NL0 11 biomass,NL0 11,1,20.0,19.979914529914527,5472.580873014651,90921.71329453953,109451.61746029303,3440.0
19,NL0 11 waste,NL0 11,1,50.0,34.1135,5472.580873014651,111610.36898958655,273629.04365073255,7300.0
19,NL0 13 CCGT,NL0 13,1,50.0,43.27286666666667,5472.580873014651,47036.833989586456,273629.04365073255,4800.0
19,NL0 13 biomass,NL0 13,1,77.0,19.979914529914527,5472.580873014651,350048.59618397715,421388.72722212813,13170.758589916517
19,NL0 16 CCGT,NL0 16,1,268.0,43.27286666666667,5472.580873014651,252117.43018418347,1.4666516739679265e6,27039.96181963075
19,NL0 17 CCGT,NL0 17,1,107.0,43.27286666666667,5472.580873014651,100658.824737715,585566.1534125677,10481.132700974178
19,NL0 18 CCGT,NL0 18,1,112.0,43.27286666666667,5472.580873014651,105362.50813667366,612929.0577776409,10694.800180514529
19,NL0 19 CCGT,NL0 19,1,523.0,53.04262929292929,5472.580873014651,286383.1175012115,2.8621597965866625e6,11442.174094047403
19,NL0 19 biomass,NL0 19,1,49.0,19.979914529914527,5472.580873014651,222758.1975716218,268156.4627777179,8428.0
19,NL0 19 waste,NL0 19,1,36.0,34.1135,5472.580873014651,80359.4656725024,197012.91142852744,5317.785245621124
19,NL0 2 CCGT,NL0 2,1,272.5,43.27286666666667,5472.580873014651,256350.74524324623,1.4912782878964923e6,26762.408629449998
19,NL0 21 CCGT,NL0 21,1,85.0,43.27286666666667,5472.580873014651,79962.61778229699,465169.37420624535,8690.42560433544
19,NL0 22 CCGT,NL0 22,1,100.0,43.27286666666667,5472.580873014651,94073.66797917291,547258.0873014651,10106.849395071651
19,NL0 22 biomass,NL0 22,1,500.0,19.979914529914527,5472.580873014651,2.273042832363489e6,2.7362904365073256e6,88253.71740471417
19,NL0 23 CCGT,NL0 23,1,964.0,43.8530553226903,5472.580873014651,870323.5031578825,5.275567961586123e6,47693.60984839019
19,NL0 24 CCGT,NL0 24,1,684.0,67.50263035262032,5472.580873014651,184434.58658511768,3.7432453171420214e6,10714.131758202937
19,NL0 25 waste,NL0 25,1,54.0,34.1135,5472.580873014651,120539.19850875348,295519.36714279116,7973.431434855492
19,NL0 27 CCGT,NL0 27,1,984.0,43.27286666666667,5472.580873014651,925684.8929150614,5.385019579046416e6,97095.78476440841
19,NL0 27 biomass,NL0 27,1,22.0,19.979914529914527,5472.580873014651,100013.88462399352,120396.77920632232,3784.0
19,NL0 27 waste,NL0 27,1,71.2,34.1135,5472.580873014651,158933.1654411713,389647.75815864315,10581.656330936845
19,NL0 28 CCGT,NL0 28,1,144.0,43.27286666666667,5472.580873014651,135466.08189000902,788051.6457141098,14165.592129496978
19,NL0 3 CCGT,NL0 3,1,1907.0,51.41762846054192,5472.580873014651,1.1124058873594762e6,1.0436211724838939e7,58777.980640510345
19,NL0 3 biomass,NL0 3,1,22.0,19.979914529914527,5472.580873014651,100013.88462399352,120396.77920632232,3784.0
19,NL0 3 waste,NL0 3,1,108.0,34.1135,5472.580873014651,241078.39701750697,591038.7342855823,16251.157282747796
19,NL0 30 biomass,NL0 30,1,60.0,19.979914529914527,5472.580873014651,272765.1398836184,328354.85238087905,10320.0
19,NL0 31 CCGT,NL0 31,1,3341.0,85.4787109164719,5472.580873014651,8.169757987421039e-10,1.828389269674195e7,23559.45397882914
19,NL0 5 CCGT,NL0 5,1,49.6,43.27286666666667,5472.580873014651,46660.539317669776,271440.0113015267,4811.2
19,NL0 6 CCGT,NL0 6,1,1608.4,43.27286666666667,5472.580873014651,1.5130808757770185e6,8.802099076156765e6,167021.92473639493
19,NL0 7 CCGT,NL0 7,1,1398.0,43.6729395310492,5472.580873014651,1.2759987478403633e6,7.650668060474482e6,85506.53181069877
19,NL0 7 nuclear,NL0 7,1,515.0,27.322803680981593,5472.580873014651,1.7021457600712709e6,2.8183791496025454e6,84102.42124441595
19,NL0 7 waste,NL0 7,1,39.0,34.1135,5472.580873014651,87056.08781187763,213430.65404757138,5693.716807872983
19,NL0 8 CCGT,NL0 8,1,447.0,58.928107624263944,5472.580873014651,189520.23005298054,2.446243650237549e6,8652.104303317292
19,NL0 8 biomass,NL0 8,1,36.0,19.979914529914527,5472.580873014651,163659.0839301714,197012.91142852744,6192.0
19,NL0 8 waste,NL0 8,1,157.0,34.1135,5472.580873014651,350456.55862730206,859195.1970633002,23342.12076470606
19,NL0 9 biomass,NL0 9,1,20.0,19.979914529914527,5472.580873014651,90921.71329453953,109451.61746029303,3440.0
19,NL0 0 0 solar,NL0 0,1,144.0,0.01,59329.06935292875,143777.1718136401,0.0,3495.7738491645578
19,NL0 1 0 solar,NL0 1,1,291.5,0.01,59329.06935292875,279083.88681448676,0.0,6948.705449759602
19,NL0 10 0 solar,NL0 10,1,120.1,0.01,59329.06935292875,123510.80794349074,0.0,3035.911304769089
19,NL0 11 0 solar,NL0 11,1,436.4,0.01,5472.580873014651,411901.3058784065,0.0,10306.481755249355
19,NL0 12 0 solar,NL0 12,1,203.1,0.01,59329.06935292875,191990.80544541523,0.0,4820.92251154439
19,NL0 13 0 solar,NL0 13,1,473.2,0.01,59329.06935292875,452951.73890675174,0.0,11187.121113824795
19,NL0 14 0 solar,NL0 14,1,85.3,0.01,59329.06935292875,84067.00358636606,0.0,2087.7663698282927
19,NL0 15 0 solar,NL0 15,1,369.4,0.01,59329.06935292875,346685.28503442707,0.0,8736.034836219216
19,NL0 16 0 solar,NL0 16,1,68.8,0.01,59329.06935292875,69599.92687591027,0.0,1691.4298225830848
19,NL0 17 0 solar,NL0 17,1,63.1,0.01,59329.06935292875,65394.03954021666,0.0,1589.8866005603036
19,NL0 18 0 solar,NL0 18,1,13.399999999999999,0.01,59329.06935292875,13705.304222902532,0.0,335.710111700008
19,NL0 19 0 solar,NL0 19,1,75.60000000000001,0.01,59329.06935292875,70863.94290967542,0.0,1815.0254919597055
19,NL0 2 0 solar,NL0 2,1,1109.1,0.01,59329.06935292875,1.0323424735205562e6,0.0,26402.661517956996
19,NL0 20 0 solar,NL0 20,1,331.2,0.01,59329.06935292875,320483.9317679877,0.0,7909.5604725700005
19,NL0 21 0 solar,NL0 21,1,40.5,0.01,59329.06935292875,41600.66565576048,0.0,1013.9430253950717
19,NL0 22 0 solar,NL0 22,1,263.3,0.01,59329.06935292875,260617.55609716478,0.0,6361.56546158242
19,NL0 23 0 solar,NL0 23,1,57.1,0.01,59329.06935292875,57564.46412102373,0.0,1403.2936270342718
19,NL0 24 0 solar,NL0 24,1,99.8,0.01,59329.06935292875,98258.96051930617,0.0,2393.4015185461817
19,NL0 25 0 solar,NL0 25,1,663.4,0.01,59329.06935292875,623417.0481376502,0.0,15835.542397299549
19,NL0 26 0 solar,NL0 26,1,156.2,0.01,59329.06935292875,154151.3282016009,0.0,3821.2856187503758
19,NL0 27 0 solar,NL0 27,1,103.1,0.01,59329.06935292875,107361.95522086935,0.0,2649.1257341788905
19,NL0 28 0 solar,NL0 28,1,105.3,0.01,59329.06935292875,100355.16709245981,0.0,2489.1644574964166
19,NL0 3 0 solar,NL0 3,1,84.5,0.01,59329.06935292875,85165.20527245209,0.0,2070.9188767275286
19,NL0 30 0 solar,NL0 30,1,3.6,0.01,5472.580873014651,3668.2574639459576,0.0,89.82355962877534
19,NL0 31 0 solar,NL0 31,1,44.8,0.01,59329.06935292875,42321.02586653224,0.0,1072.8423780802711
19,NL0 4 0 solar,NL0 4,1,142.8,0.01,59329.06935292875,136790.37822099504,0.0,3403.277910451907
19,NL0 5 0 solar,NL0 5,1,351.7,0.01,59329.06935292875,342365.77060283633,0.0,8409.128930464909
19,NL0 6 0 solar,NL0 6,1,260.3,0.01,59329.06935292875,262068.44217328122,0.0,6427.157527688587
19,NL0 7 0 solar,NL0 7,1,553.2,0.01,59329.06935292875,550871.4655114004,0.0,13445.138753780626
19,NL0 8 0 solar,NL0 8,1,79.5,0.01,59329.06935292875,79242.76000531408,0.0,1927.2751274433406
19,NL0 9 0 solar,NL0 9,1,299.5,0.01,59329.06935292875,289172.5962436978,0.0,7188.544634543878
19,NL0 20 0 offwind-ac,NL0 20,1,578.0,0.015,59329.06935292875,2.0897042570821068e6,0.0,59650.79597085986
19,NL0 27 0 offwind-ac,NL0 27,1,4583.0,0.015,59329.06935292875,1.836492725802475e7,0.0,504926.965446923
19,NL0 31 0 offwind-ac,NL0 31,1,600.0,0.015,59329.06935292875,2.3448754266029424e6,0.0,65533.70995494073
19,NL0 32 0 offwind-ac,NL0 32,1,608.0,0.015,59329.06935292875,2.5122772306798655e6,0.0,69624.1028690924
19,NL0 7 0 offwind-ac,NL0 7,1,752.0,0.015,59329.06935292875,3.1154508015855406e6,0.0,86125.98456763808
19,NL0 0 0 onwind,NL0 0,1,59.0,0.015,59329.06935292875,141581.73699949784,0.0,4371.133417733347
19,NL0 1 0 onwind,NL0 1,1,75.0,0.015,59329.06935292875,144987.223672517,0.0,4667.56319817744
19,NL0 10 0 onwind,NL0 10,1,428.0,0.015,59329.06935292875,1.4291400869199412e6,0.0,42899.58939304398
19,NL0 11 0 onwind,NL0 11,1,21.0,0.015,59329.06935292875,40420.12081248227,0.0,1335.20493202581
19,NL0 12 0 onwind,NL0 12,1,54.0,0.015,59329.06935292875,157750.1115885027,0.0,4771.910600543067
19,NL0 13 0 onwind,NL0 13,1,23.0,0.015,59329.06935292875,48363.225696769005,0.0,1516.312711966494
19,NL0 14 0 onwind,NL0 14,1,61.0,0.015,59329.06935292875,204206.8002025359,0.0,5915.66177756561
19,NL0 15 0 onwind,NL0 15,1,52.0,0.015,59329.06935292875,110981.05180824433,0.0,3566.2068649493503
19,NL0 17 0 onwind,NL0 17,1,27.0,0.015,59329.06935292875,77212.90743965164,0.0,2329.5314655236866
19,NL0 19 0 onwind,NL0 19,1,532.0,0.015,59329.06935292875,1.3460316067230038e6,0.0,42486.97601131978
19,NL0 2 0 onwind,NL0 2,1,472.8,0.015,59329.06935292875,1.0549214371896542e6,0.0,33882.00351157511
19,NL0 20 0 onwind,NL0 20,1,822.2,0.015,59329.06935292875,2.2296443636200447e6,0.0,69336.60955946345
19,NL0 21 0 onwind,NL0 21,1,36.0,0.015,59329.06935292875,104484.76563321071,0.0,3213.115111693349
19,NL0 22 0 onwind,NL0 22,1,122.7,0.015,59329.06935292875,259097.50094449072,0.0,8315.637013623795
19,NL0 23 0 onwind,NL0 23,1,127.0,0.015,59329.06935292875,371375.7050556639,0.0,11212.523922297043
19,NL0 24 0 onwind,NL0 24,1,33.0,0.015,59329.06935292875,87218.32571815485,0.0,2695.335457473082
19,NL0 27 0 onwind,NL0 27,1,21.6,0.015,59329.06935292875,74449.90450443185,0.0,2116.1078773654226
19,NL0 3 0 onwind,NL0 3,1,284.6,0.015,59329.06935292875,734639.6276889532,0.0,22441.682651351606
19,NL0 30 0 onwind,NL0 30,1,31.0,0.015,59329.06935292875,89651.52416415488,0.0,2691.574436662335
19,NL0 31 0 onwind,NL0 31,1,216.0,0.015,59329.06935292875,634984.0143862665,0.0,19033.321495217726
19,NL0 4 0 onwind,NL0 4,1,287.0,0.015,59329.06935292875,733311.6964016735,0.0,22510.591441937933
19,NL0 5 0 onwind,NL0 5,1,21.0,0.015,59329.06935292875,39673.869513893376,0.0,1256.9354770109865
19,NL0 6 0 onwind,NL0 6,1,35.0,0.015,5472.580873014651,65026.749012613116,0.0,2091.921340701388
19,NL0 7 0 onwind,NL0 7,1,374.3,0.015,59329.06935292875,974864.6796991499,0.0,30159.0744295002
19,NL0 8 0 onwind,NL0 8,1,101.1,0.015,5472.580873014651,229603.3320273519,0.0,7222.360787945649
19,NL0 9 0 onwind,NL0 9,1,35.0,0.015,59329.06935292875,64634.206735854954,0.0,2058.066765854969
20,NL0 0 CCGT,NL0 0,1,575.0,43.272866666666665,4559.065804908531,549273.3321032735,2.6214628378224056e6,58869.419077382874
20,NL0 1 biomass,NL0 1,1,71.0,19.979914529914527,4559.065804908531,323803.09372054576,323693.67214850575,12212.0
20,NL0 1 waste,NL0 1,1,31.0,34.1135,4559.065804908531,69648.58873513309,141331.0399521645,4588.0
20,NL0 10 CCGT,NL0 10,1,507.0,43.27286666666667,4559.065804908531,484315.79021975567,2.3114463630886255e6,52400.971761415174
20,NL0 10 waste,NL0 10,1,150.0,34.1135,4559.065804908531,337009.3003312891,683859.8707362798,22374.55344466553
20,NL0 11 CCGT,NL0 11,1,72.0,43.27286666666667,4559.065804908531,68778.57375901856,328252.73795341427,7056.0
20,NL0 11 biomass,NL0 11,1,20.0,19.979914529914527,4559.065804908531,91212.13907621006,91181.31609817063,3440.0
20,NL0 11 waste,NL0 11,1,50.0,34.1135,4559.065804908531,112336.43344376294,227953.29024542656,7414.7082861502
20,NL0 13 CCGT,NL0 13,1,50.0,43.27286666666667,4559.065804908531,47762.898443762875,227953.29024542656,4800.0
20,NL0 13 biomass,NL0 13,1,77.0,19.979914529914527,4559.065804908531,351166.73544340883,351048.0669779569,13170.758589916517
20,NL0 16 CCGT,NL0 16,1,268.0,43.27286666666667,4559.065804908531,256009.1356585689,1.2218296357154865e6,26438.933859994664
20,NL0 17 CCGT,NL0 17,1,107.0,43.27286666666667,4559.065804908531,102212.60266965254,487820.04112521285,10144.85101468275
20,NL0 18 CCGT,NL0 18,1,112.0,43.27286666666667,4559.065804908531,106988.89251402885,510615.3701497555,10944.201437737926
20,NL0 19 CCGT,NL0 19,1,523.0,53.04262929292929,4559.065804908531,293977.7516918967,2.384391415967162e6,11442.174094047412
20,NL0 19 biomass,NL0 19,1,49.0,19.979914529914527,4559.065804908531,223469.74073671465,223394.22444051804,8428.0
20,NL0 19 waste,NL0 19,1,36.0,34.1135,4559.065804908531,80882.23207950941,164126.36897670713,5292.0
20,NL0 2 CCGT,NL0 2,1,272.5,43.27286666666667,4559.065804908531,260307.79651850768,1.2423454318375748e6,27476.946529799803
20,NL0 21 CCGT,NL0 21,1,85.0,43.27286666666667,4559.065804908531,81196.92735439684,387520.5934172252,8245.0
20,NL0 22 CCGT,NL0 22,1,100.0,43.27286666666667,4559.065804908531,95525.79688752575,455906.5804908531,10245.653151209113
20,NL0 22 biomass,NL0 22,1,500.0,19.979914529914527,4559.065804908531,2.280303476905253e6,2.279532902454266e6,88273.71740471426
20,NL0 23 CCGT,NL0 23,1,964.0,43.8530553226903,4559.065804908531,884322.0258344035,4.394939435931824e6,47693.60984839019
20,NL0 24 CCGT,NL0 24,1,684.0,67.50263035262032,4559.065804908531,194367.14831825087,3.1184010105574355e6,10714.131758202937
20,NL0 25 waste,NL0 25,1,54.0,34.1135,4559.065804908531,121323.34811926402,246189.5534650607,7981.671221141187
20,NL0 27 CCGT,NL0 27,1,984.0,43.27286666666667,4559.065804908531,939973.8413732535,4.4861207520299945e6,102850.2946799046
20,NL0 27 biomass,NL0 27,1,22.0,19.979914529914527,4559.065804908531,100333.35298383114,100299.4477079877,3784.0
20,NL0 27 waste,NL0 27,1,71.2,34.1135,4559.065804908531,159967.08122391845,324605.48530948744,10669.215194551565
20,NL0 28 CCGT,NL0 28,1,144.0,43.27286666666667,4559.065804908531,137557.14751803712,656505.4759068285,14312.531520167711
20,NL0 3 CCGT,NL0 3,1,1907.0,51.41762846054192,4559.065804908531,1.140097985641764e6,8.69413848996057e6,58777.98064051037
20,NL0 3 biomass,NL0 3,1,22.0,19.979914529914527,4559.065804908531,100333.35298383114,100299.4477079877,3784.0
20,NL0 3 waste,NL0 3,1,108.0,34.1135,4559.065804908531,242646.696238528,492379.1069301214,15815.45643258894
20,NL0 30 biomass,NL0 30,1,60.0,19.979914529914527,4559.065804908531,273636.4172286301,273543.9482945119,10320.0
20,NL0 31 CCGT,NL0 31,1,3341.0,85.4787109164719,4559.065804908531,48515.62682806818,1.5231838854199404e7,23559.45397882914
20,NL0 5 CCGT,NL0 5,1,49.6,43.27286666666667,4559.065804908531,47380.795256212776,226129.66392346317,4711.999999999999
20,NL0 6 CCGT,NL0 6,1,1608.4,43.27286666666667,4559.065804908531,1.5364369171389644e6,7.332801440614882e6,160284.39794160755
20,NL0 7 CCGT,NL0 7,1,1398.0,43.6729395310492,4559.065804908531,1.2962995099791351e6,6.373573995262126e6,85506.53181069877
20,NL0 7 nuclear,NL0 7,1,515.0,27.322803680981593,4559.065804908531,1.7096242239492878e6,2.3479188895278936e6,84102.42124441595
20,NL0 7 waste,NL0 7,1,39.0,34.1135,4559.065804908531,87622.4180861352,177803.56639143272,5749.0437200534425
20,NL0 8 CCGT,NL0 8,1,447.0,58.928107624263944,4559.065804908531,196011.24627331755,2.0379024147941135e6,8652.104303317303
20,NL0 8 biomass,NL0 8,1,36.0,19.979914529914527,4559.065804908531,164181.8503371784,164126.36897670713,6192.0
20,NL0 8 waste,NL0 8,1,157.0,34.1135,4559.065804908531,352736.401013416,715773.3313706394,23544.857164463156
20,NL0 9 biomass,NL0 9,1,20.0,19.979914529914527,4559.065804908531,91212.13907621006,91181.31609817063,3420.0
20,NL0 0 0 solar,NL0 0,1,144.0,0.01,59329.06935292875,143803.75591553428,0.0,3495.7738491645578
20,NL0 1 0 solar,NL0 1,1,291.5,0.01,59329.06935292875,279083.88681448676,0.0,6948.705449759602
20,NL0 10 0 solar,NL0 10,1,120.1,0.01,59329.06935292875,123510.80794349074,0.0,3035.911304769089
20,NL0 11 0 solar,NL0 11,1,436.4,0.01,59329.06935292875,411901.30587840657,0.0,10306.481755249355
20,NL0 12 0 solar,NL0 12,1,203.1,0.01,59329.06935292875,191990.80544541526,0.0,4820.92251154439
20,NL0 13 0 solar,NL0 13,1,473.2,0.01,59329.06935292875,452951.73890675174,0.0,11187.121113824795
20,NL0 14 0 solar,NL0 14,1,85.3,0.01,59329.06935292875,84083.43083761183,0.0,2087.7663698282927
20,NL0 15 0 solar,NL0 15,1,369.4,0.01,59329.06935292875,346685.285034427,0.0,8736.034836219216
20,NL0 16 0 solar,NL0 16,1,68.8,0.01,59329.06935292875,69625.18814135814,0.0,1691.4298225830848
20,NL0 17 0 solar,NL0 17,1,63.1,0.01,59329.06935292875,65413.8760896594,0.0,1589.8866005603036
20,NL0 18 0 solar,NL0 18,1,13.399999999999999,0.01,59329.06935292875,13705.304222902532,0.0,335.710111700008
20,NL0 19 0 solar,NL0 19,1,75.60000000000001,0.01,59329.06935292875,70863.94290967542,0.0,1815.0254919597055
20,NL0 2 0 solar,NL0 2,1,1109.1,0.01,59329.06935292875,1.0323424735205562e6,0.0,26402.661517956996
20,NL0 20 0 solar,NL0 20,1,331.2,0.01,59329.06935292875,320483.9317679877,0.0,7909.5604725700005
20,NL0 21 0 solar,NL0 21,1,40.5,0.01,59329.06935292875,41600.66565576048,0.0,1013.9430253950717
20,NL0 22 0 solar,NL0 22,1,263.3,0.01,59329.06935292875,260722.23730921638,0.0,6361.56546158242
20,NL0 23 0 solar,NL0 23,1,57.1,0.01,59329.06935292875,57584.27706892421,0.0,1403.2936270342718
20,NL0 24 0 solar,NL0 24,1,99.8,0.01,59329.06935292875,98278.8706345097,0.0,2393.4015185461817
20,NL0 25 0 solar,NL0 25,1,663.4,0.01,59329.06935292875,623417.0481376504,0.0,15835.542397299549
20,NL0 26 0 solar,NL0 26,1,156.2,0.01,59329.06935292875,154151.3282016009,0.0,3821.2856187503758
20,NL0 27 0 solar,NL0 27,1,103.1,0.01,59329.06935292875,107361.95522086936,0.0,2649.1257341788905
20,NL0 28 0 solar,NL0 28,1,105.3,0.01,59329.06935292875,100355.16709245981,0.0,2489.1644574964166
20,NL0 3 0 solar,NL0 3,1,84.5,0.01,59329.06935292875,85184.44057395979,0.0,2070.9188767275286
20,NL0 30 0 solar,NL0 30,1,3.6,0.01,59329.06935292875,3669.021148782904,0.0,89.82355962877534
20,NL0 31 0 solar,NL0 31,1,44.8,0.01,59329.06935292875,42321.02586653224,0.0,1072.8423780802711
20,NL0 4 0 solar,NL0 4,1,142.8,0.01,59329.06935292875,136790.37822099504,0.0,3403.277910451907
20,NL0 5 0 solar,NL0 5,1,351.7,0.01,59329.06935292875,342365.77060283633,0.0,8409.128930464909
20,NL0 6 0 solar,NL0 6,1,260.3,0.01,59329.06935292875,262068.4421732812,0.0,6427.157527688587
20,NL0 7 0 solar,NL0 7,1,553.2,0.01,59329.06935292875,551045.6940152284,0.0,13445.138753780626
20,NL0 8 0 solar,NL0 8,1,79.5,0.01,59329.06935292875,79291.59762906983,0.0,1927.2751274433406
20,NL0 9 0 solar,NL0 9,1,299.5,0.01,59329.06935292875,289172.5962436978,0.0,7188.544634543878
20,NL0 20 0 offwind-ac,NL0 20,1,578.0,0.015,59329.06935292875,2.0897042570821068e6,0.0,55044.42497085987
20,NL0 27 0 offwind-ac,NL0 27,1,4583.0,0.015,59329.06935292875,1.8366377338965002e7,0.0,508758.09757103526
20,NL0 31 0 offwind-ac,NL0 31,1,600.0,0.015,59329.06935292875,2.3448754266029424e6,0.0,65533.70995494073
20,NL0 32 0 offwind-ac,NL0 32,1,608.0,0.015,59329.06935292875,2.512592193031349e6,0.0,70162.48686909239
20,NL0 7 0 offwind-ac,NL0 7,1,752.0,0.015,59329.06935292875,3.1161143467113064e6,0.0,86125.98456763808
20,NL0 0 0 onwind,NL0 0,1,59.0,0.015,59329.06935292875,141599.60648804303,0.0,4423.345107547118
20,NL0 1 0 onwind,NL0 1,1,75.0,0.015,59329.06935292875,145039.08590801407,0.0,4517.658299818789
20,NL0 10 0 onwind,NL0 10,1,428.0,0.015,59329.06935292875,1.4291400869199412e6,0.0,42899.58939304397
20,NL0 11 0 onwind,NL0 11,1,21.0,0.015,59329.06935292875,40431.490047640305,0.0,1307.6695123700767
20,NL0 12 0 onwind,NL0 12,1,54.0,0.015,59329.06935292875,157750.11158850274,0.0,4771.910600543067
20,NL0 13 0 onwind,NL0 13,1,23.0,0.015,59329.06935292875,48376.288948955276,0.0,1532.6220690771631
20,NL0 14 0 onwind,NL0 14,1,61.0,0.015,59329.06935292875,204206.8002025359,0.0,5915.66177756561
20,NL0 15 0 onwind,NL0 15,1,52.0,0.015,59329.06935292875,110994.68420092786,0.0,3566.2068649493503
20,NL0 17 0 onwind,NL0 17,1,27.0,0.015,59329.06935292875,77212.90743965164,0.0,2303.0576664619116
20,NL0 19 0 onwind,NL0 19,1,532.0,0.015,59329.06935292875,1.3460316067230038e6,0.0,42486.97601131978
20,NL0 2 0 onwind,NL0 2,1,472.8,0.015,59329.06935292875,1.0549214371896542e6,0.0,33882.00351157511
20,NL0 20 0 onwind,NL0 20,1,822.2,0.015,59329.06935292875,2.2296443636200447e6,0.0,69336.60955946345
20,NL0 21 0 onwind,NL0 21,1,36.0,0.015,59329.06935292875,104484.76563321071,0.0,3141.3564070712346
20,NL0 22 0 onwind,NL0 22,1,122.7,0.015,59329.06935292875,259171.8983080753,0.0,8070.768412036254
20,NL0 23 0 onwind,NL0 23,1,127.0,0.015,59329.06935292875,371375.7050556639,0.0,11093.175682684092
20,NL0 24 0 onwind,NL0 24,1,33.0,0.015,59329.06935292875,87218.32571815484,0.0,2695.335457473082
20,NL0 27 0 onwind,NL0 27,1,21.6,0.015,59329.06935292875,74449.90450443185,0.0,2094.507877365423
20,NL0 3 0 onwind,NL0 3,1,284.6,0.015,59329.06935292875,734639.6276889532,0.0,22726.28265135161
20,NL0 30 0 onwind,NL0 30,1,31.0,0.015,59329.06935292875,89651.52416415488,0.0,2692.1132215717694
20,NL0 31 0 onwind,NL0 31,1,216.0,0.015,59329.06935292875,634984.0143862665,0.0,19153.54699704878
20,NL0 4 0 onwind,NL0 4,1,287.0,0.015,59329.06935292875,733311.6964016734,0.0,22797.591441937933
20,NL0 5 0 onwind,NL0 5,1,21.0,0.015,59329.06935292875,39694.087992228146,0.0,1270.3927773915407
20,NL0 6 0 onwind,NL0 6,1,35.0,0.015,59329.06935292875,65079.86966492946,0.0,2126.9213407013876
20,NL0 7 0 onwind,NL0 7,1,374.3,0.015,59329.06935292875,974864.6796991499,0.0,30159.0744295002
20,NL0 8 0 onwind,NL0 8,1,101.1,0.015,59329.06935292875,229637.34867597854,0.0,7323.460787945647
20,NL0 9 0 onwind,NL0 9,1,35.0,0.015,59329.06935292875,64669.44232150172,0.0,2045.9686705959102
21,NL0 0 CCGT,NL0 0,1,575.0,43.272866666666665,5472.58087301459,540923.5908802447,3.1467340019833893e6,61527.83025418046
21,NL0 1 biomass,NL0 1,1,71.0,19.979914529914527,5472.58087301459,322772.0821956153,388553.2419840359,12087.758589916517
21,NL0 1 waste,NL0 1,1,31.0,34.1135,5472.58087301459,69198.42877354371,169650.0070634523,4596.871221141186
21,NL0 10 CCGT,NL0 10,1,507.0,43.27286666666667,5472.58087301459,476953.49665440683,2.774598502618397e6,50193.0
21,NL0 10 waste,NL0 10,1,150.0,34.1135,5472.58087301459,334831.10696875985,820887.1309521885,22502.891128822605
21,NL0 11 CCGT,NL0 11,1,72.0,43.27286666666667,5472.58087301459,67733.04094500454,394025.82285705046,6918.153019056419
21,NL0 11 biomass,NL0 11,1,20.0,19.979914529914527,5472.58087301459,90921.71329453953,109451.6174602918,3420.0
21,NL0 11 waste,NL0 11,1,50.0,34.1135,5472.58087301459,111610.36898958655,273629.0436507295,7450.0
21,NL0 13 CCGT,NL0 13,1,50.0,43.27286666666667,5472.58087301459,47036.83398958649,273629.0436507295,5000.0
21,NL0 13 biomass,NL0 13,1,77.0,19.979914529914527,5472.58087301459,350048.59618397715,421388.7272221234,13244.0
21,NL0 16 CCGT,NL0 16,1,268.0,43.27286666666667,5472.58087301459,252117.43018418353,1.4666516739679102e6,26532.0
21,NL0 17 CCGT,NL0 17,1,107.0,43.27286666666667,5472.58087301459,100658.82473771503,585566.1534125612,10379.0
21,NL0 18 CCGT,NL0 18,1,112.0,43.27286666666667,5472.58087301459,105362.50813667371,612929.0577776341,10416.0
21,NL0 19 CCGT,NL0 19,1,523.0,53.04262929292929,5472.58087301459,286383.1175012115,2.8621597965866304e6,11442.174094047412
21,NL0 19 biomass,NL0 19,1,49.0,19.979914529914527,5472.58087301459,222758.1975716218,268156.4627777149,8428.0
21,NL0 19 waste,NL0 19,1,36.0,34.1135,5472.58087301459,80359.4656725024,197012.91142852523,5328.0
21,NL0 2 CCGT,NL0 2,1,272.5,43.27286666666667,5472.58087301459,256350.7452432463,1.4912782878964758e6,26977.5
21,NL0 21 CCGT,NL0 21,1,85.0,43.27286666666667,5472.58087301459,79962.61778229696,465169.3742062402,8234.473528431157
21,NL0 22 CCGT,NL0 22,1,100.0,43.27286666666667,5472.58087301459,94073.66797917285,547258.087301459,9200.0
21,NL0 22 biomass,NL0 22,1,500.0,19.979914529914527,5472.58087301459,2.273042832363489e6,2.736290436507295e6,88484.71740471426
21,NL0 23 CCGT,NL0 23,1,964.0,43.8530553226903,5472.58087301459,870323.5031578825,5.275567961586065e6,47693.60984839019
21,NL0 24 CCGT,NL0 24,1,684.0,67.50263035262032,5472.58087301459,184434.58658511768,3.7432453171419795e6,10714.13175820292
21,NL0 25 waste,NL0 25,1,54.0,34.1135,5472.58087301459,120539.19850875347,295519.36714278784,7831.213857978176
21,NL0 27 CCGT,NL0 27,1,984.0,43.27286666666667,5472.58087301459,925684.8929150616,5.3850195790463565e6,100474.79552136024
21,NL0 27 biomass,NL0 27,1,22.0,19.979914529914527,5472.58087301459,100013.88462399352,120396.77920632098,3784.0
21,NL0 27 waste,NL0 27,1,71.2,34.1135,5472.58087301459,158933.1654411713,389647.75815863884,10495.03277142888
21,NL0 28 CCGT,NL0 28,1,144.0,43.27286666666667,5472.58087301459,135466.08189000902,788051.6457141009,13248.0
21,NL0 3 CCGT,NL0 3,1,1907.0,51.41762846054192,5472.58087301459,1.1124058873594762e6,1.0436211724838823e7,58777.980640510264
21,NL0 3 biomass,NL0 3,1,22.0,19.979914529914527,5472.58087301459,100013.88462399352,120396.77920632098,3784.0
21,NL0 3 waste,NL0 3,1,108.0,34.1135,5472.58087301459,241078.39701750697,591038.7342855757,15984.0
21,NL0 30 biomass,NL0 30,1,60.0,19.979914529914527,5472.58087301459,272765.1398836184,328354.8523808754,10200.0
21,NL0 31 CCGT,NL0 31,1,3341.0,85.4787109164719,5472.58087301459,8.169757987421034e-10,1.8283892696741745e7,23559.453978829122
21,NL0 5 CCGT,NL0 5,1,49.6,43.27286666666667,5472.58087301459,46660.53931766979,271440.01130152366,4701.395712381146
21,NL0 6 CCGT,NL0 6,1,1608.4,43.27286666666667,5472.58087301459,1.5130808757770183e6,8.802099076156667e6,164979.0529384927
21,NL0 7 CCGT,NL0 7,1,1398.0,43.6729395310492,5472.58087301459,1.2759987478403633e6,7.650668060474397e6,85506.53181069877
21,NL0 7 nuclear,NL0 7,1,515.0,27.322803680981593,5472.58087301459,1.7021457600712709e6,2.8183791496025138e6,84102.42124441595
21,NL0 7 waste,NL0 7,1,39.0,34.1135,5472.58087301459,87056.08781187765,213430.654047569,5733.0
21,NL0 8 CCGT,NL0 8,1,447.0,58.928107624263944,5472.58087301459,189520.2300529806,2.4462436502375216e6,8652.104303317266
21,NL0 8 biomass,NL0 8,1,36.0,19.979914529914527,5472.58087301459,163659.0839301714,197012.91142852523,6192.0
21,NL0 8 waste,NL0 8,1,157.0,34.1135,5472.58087301459,350456.55862730206,859195.1970632906,23508.496484243173
21,NL0 9 biomass,NL0 9,1,20.0,19.979914529914527,5472.58087301459,90921.71329453953,109451.6174602918,3400.0
21,NL0 0 0 solar,NL0 0,1,144.0,0.01,5472.58087301459,143777.1718136401,0.0,3495.7738491645578
21,NL0 1 0 solar,NL0 1,1,291.5,0.01,5472.58087301459,279083.88681448676,0.0,6948.705449759602
21,NL0 10 0 solar,NL0 10,1,120.1,0.01,5472.58087301459,123510.80794349074,0.0,3035.911304769089
21,NL0 11 0 solar,NL0 11,1,436.4,0.01,5472.58087301459,411901.3058784065,0.0,10306.481755249355
21,NL0 12 0 solar,NL0 12,1,203.1,0.01,5472.58087301459,191990.80544541523,0.0,4820.92251154439
21,NL0 13 0 solar,NL0 13,1,473.2,0.01,5472.58087301459,452951.73890675174,0.0,11187.121113824795
21,NL0 14 0 solar,NL0 14,1,85.3,0.01,5472.58087301459,84067.00358636606,0.0,2087.7663698282927
21,NL0 15 0 solar,NL0 15,1,369.4,0.01,5472.58087301459,346685.28503442707,0.0,8736.034836219216
21,NL0 16 0 solar,NL0 16,1,68.8,0.01,5472.58087301459,69599.92687591027,0.0,1691.4298225830848
21,NL0 17 0 solar,NL0 17,1,63.1,0.01,5472.58087301459,65394.03954021666,0.0,1589.8866005603036
21,NL0 18 0 solar,NL0 18,1,13.399999999999999,0.01,5472.58087301459,13705.304222902532,0.0,335.710111700008
21,NL0 19 0 solar,NL0 19,1,75.60000000000001,0.01,5472.58087301459,70863.94290967542,0.0,1815.0254919597055
21,NL0 2 0 solar,NL0 2,1,1109.1,0.01,5472.58087301459,1.0323424735205562e6,0.0,26402.661517956996
21,NL0 20 0 solar,NL0 20,1,331.2,0.01,5472.58087301459,320483.9317679877,0.0,7909.5604725700005
21,NL0 21 0 solar,NL0 21,1,40.5,0.01,5472.58087301459,41600.66565576048,0.0,1013.9430253950717
21,NL0 22 0 solar,NL0 22,1,263.3,0.01,5472.58087301459,260617.55609716478,0.0,6361.56546158242
21,NL0 23 0 solar,NL0 23,1,57.1,0.01,5472.58087301459,57564.46412102373,0.0,1403.2936270342718
21,NL0 24 0 solar,NL0 24,1,99.8,0.01,5472.58087301459,98258.96051930617,0.0,2393.4015185461817
21,NL0 25 0 solar,NL0 25,1,663.4,0.01,5472.58087301459,623417.0481376502,0.0,15835.542397299549
21,NL0 26 0 solar,NL0 26,1,156.2,0.01,5472.58087301459,154151.3282016009,0.0,3821.2856187503758
21,NL0 27 0 solar,NL0 27,1,103.1,0.01,5472.58087301459,107361.95522086935,0.0,2649.1257341788905
21,NL0 28 0 solar,NL0 28,1,105.3,0.01,5472.58087301459,100355.16709245981,0.0,2489.1644574964166
21,NL0 3 0 solar,NL0 3,1,84.5,0.01,5472.58087301459,85165.20527245209,0.0,2070.9188767275286
21,NL0 30 0 solar,NL0 30,1,3.6,0.01,5472.58087301459,3668.2574639459576,0.0,89.82355962877534
21,NL0 31 0 solar,NL0 31,1,44.8,0.01,5472.58087301459,42321.02586653224,0.0,1072.8423780802711
21,NL0 4 0 solar,NL0 4,1,142.8,0.01,5472.58087301459,136790.37822099504,0.0,3403.277910451907
21,NL0 5 0 solar,NL0 5,1,351.7,0.01,5472.58087301459,342365.77060283633,0.0,8409.128930464909
21,NL0 6 0 solar,NL0 6,1,260.3,0.01,5472.58087301459,262068.44217328122,0.0,6427.157527688587
21,NL0 7 0 solar,NL0 7,1,553.2,0.01,5472.58087301459,550871.4655114004,0.0,13445.138753780626
21,NL0 8 0 solar,NL0 8,1,79.5,0.01,5472.58087301459,79242.76000531408,0.0,1927.2751274433406
21,NL0 9 0 solar,NL0 9,1,299.5,0.01,5472.58087301459,289172.5962436978,0.0,7188.544634543878
21,NL0 20 0 offwind-ac,NL0 20,1,578.0,0.015,5472.58087301459,2.0897042570821068e6,0.0,59138.97697085986
21,NL0 27 0 offwind-ac,NL0 27,1,4583.0,0.015,5472.58087301459,1.836492725802475e7,0.0,517595.07048146566
21,NL0 31 0 offwind-ac,NL0 31,1,600.0,0.015,5472.58087301459,2.3448754266029424e6,0.0,65002.40995494072
21,NL0 32 0 offwind-ac,NL0 32,1,608.0,0.015,5472.58087301459,2.5122772306798655e6,0.0,69301.08924265725
21,NL0 7 0 offwind-ac,NL0 7,1,752.0,0.015,5472.58087301459,3.1154508015855406e6,0.0,85460.08856763809
21,NL0 0 0 onwind,NL0 0,1,59.0,0.015,5472.58087301459,141581.73699949784,0.0,4423.345107547118
21,NL0 1 0 onwind,NL0 1,1,75.0,0.015,5472.58087301459,144987.223672517,0.0,4545.61813158963
21,NL0 10 0 onwind,NL0 10,1,428.0,0.015,5472.58087301459,1.4291400869199412e6,0.0,42337.91350229001
21,NL0 11 0 onwind,NL0 11,1,21.0,0.015,5472.58087301459,40420.12081248227,0.0,1286.6695123700767
21,NL0 12 0 onwind,NL0 12,1,54.0,0.015,5472.58087301459,157750.11158850274,0.0,4663.956149718756
21,NL0 13 0 onwind,NL0 13,1,23.0,0.015,5472.58087301459,48363.225696769005,0.0,1532.6220690771631
21,NL0 14 0 onwind,NL0 14,1,61.0,0.015,5472.58087301459,204206.8002025359,0.0,5793.66177756561
21,NL0 15 0 onwind,NL0 15,1,52.0,0.015,5472.58087301459,110981.05180824433,0.0,3522.511140223919
21,NL0 17 0 onwind,NL0 17,1,27.0,0.015,5472.58087301459,77212.90743965164,0.0,2302.531465523686
21,NL0 19 0 onwind,NL0 19,1,532.0,0.015,5472.58087301459,1.3460316067230038e6,0.0,41959.001781609724
21,NL0 2 0 onwind,NL0 2,1,472.8,0.015,5472.58087301459,1.0549214371896542e6,0.0,32944.81142635297
21,NL0 20 0 onwind,NL0 20,1,822.2,0.015,5472.58087301459,2.2296443636200447e6,0.0,66473.19661861306
21,NL0 21 0 onwind,NL0 21,1,36.0,0.015,5472.58087301459,104484.76563321071,0.0,3105.3564070712346
21,NL0 22 0 onwind,NL0 22,1,122.7,0.015,5472.58087301459,259097.50094449072,0.0,8005.252898608517
21,NL0 23 0 onwind,NL0 23,1,127.0,0.015,5472.58087301459,371375.7050556639,0.0,10966.177702141382
21,NL0 24 0 onwind,NL0 24,1,33.0,0.015,5472.58087301459,87218.32571815484,0.0,2695.335457473082
21,NL0 27 0 onwind,NL0 27,1,21.6,0.015,5472.58087301459,74449.90450443185,0.0,2072.907877365423
21,NL0 3 0 onwind,NL0 3,1,284.6,0.015,5472.58087301459,734639.6276889532,0.0,21591.124743468783
21,NL0 30 0 onwind,NL0 30,1,31.0,0.015,5472.58087301459,89651.52416415488,0.0,2567.483397118999
21,NL0 31 0 onwind,NL0 31,1,216.0,0.015,5472.58087301459,634984.0143862665,0.0,17794.251724024565
21,NL0 4 0 onwind,NL0 4,1,287.0,0.015,5472.58087301459,733311.6964016734,0.0,21659.932997887783
21,NL0 5 0 onwind,NL0 5,1,21.0,0.015,5472.58087301459,39673.869513893376,0.0,1148.4768397733017
21,NL0 6 0 onwind,NL0 6,1,35.0,0.015,5472.58087301459,65026.749012613116,0.0,1902.0684275384856
21,NL0 7 0 onwind,NL0 7,1,374.3,0.015,5472.58087301459,974864.6796991499,0.0,29181.652105698104
21,NL0 8 0 onwind,NL0 8,1,101.1,0.015,5472.58087301459,229603.3320273519,0.0,7010.00870734823
21,NL0 9 0 onwind,NL0 9,1,35.0,0.015,5472.58087301459,64634.206735854954,0.0,1975.007276415413
22,NL0 0 CCGT,NL0 0,1,575.0,43.272866666666665,5472.580873014807,540923.590880245,3.146734001983514e6,62213.07842249009
22,NL0 1 biomass,NL0 1,1,71.0,19.979914529914527,5472.580873014807,322772.0821956153,388553.2419840513,12212.0
22,NL0 1 waste,NL0 1,1,31.0,34.1135,5472.580873014807,69198.42877354372,169650.00706345902,4588.915471299605
22,NL0 10 CCGT,NL0 10,1,507.0,43.27286666666667,5472.580873014807,476953.4966544068,2.7745985026185075e6,53578.408235173876
22,NL0 10 waste,NL0 10,1,150.0,34.1135,5472.580873014807,334831.10696875985,820887.1309522211,22589.39566527136
22,NL0 11 CCGT,NL0 11,1,72.0,43.27286666666667,5472.580873014807,67733.04094500453,394025.8228570661,7200.0
22,NL0 11 biomass,NL0 11,1,20.0,19.979914529914527,5472.580873014807,90921.71329453951,109451.61746029614,3440.0
22,NL0 11 waste,NL0 11,1,50.0,34.1135,5472.580873014807,111610.36898958657,273629.04365074035,7331.0
22,NL0 13 CCGT,NL0 13,1,50.0,43.27286666666667,5472.580873014807,47036.83398958646,273629.04365074035,5050.0
22,NL0 13 biomass,NL0 13,1,77.0,19.979914529914527,5472.580873014807,350048.59618397715,421388.7272221402,13366.758589916517
22,NL0 16 CCGT,NL0 16,1,268.0,43.27286666666667,5472.580873014807,252117.43018418347,1.4666516739679684e6,26414.063029193796
22,NL0 17 CCGT,NL0 17,1,107.0,43.27286666666667,5472.580873014807,100658.82473771503,585566.1534125843,10807.0
22,NL0 18 CCGT,NL0 18,1,112.0,43.27286666666667,5472.580873014807,105362.5081366737,612929.0577776585,10943.073528431156
22,NL0 19 CCGT,NL0 19,1,523.0,53.04262929292929,5472.580873014807,286383.1175012115,2.862159796586744e6,11442.174094047414
22,NL0 19 biomass,NL0 19,1,49.0,19.979914529914527,5472.580873014807,222758.1975716218,268156.46277772554,8428.0
22,NL0 19 waste,NL0 19,1,36.0,34.1135,5472.580873014807,80359.46567250241,197012.91142853306,5298.6314348554915
22,NL0 2 CCGT,NL0 2,1,272.5,43.27286666666667,5472.580873014807,256350.7452432463,1.491278287896535e6,26656.668745079296
22,NL0 21 CCGT,NL0 21,1,85.0,43.27286666666667,5472.580873014807,79962.61778229699,465169.3742062586,8267.1872034991
22,NL0 22 CCGT,NL0 22,1,100.0,43.27286666666667,5472.580873014807,94073.66797917293,547258.0873014807,9772.701090696895
22,NL0 22 biomass,NL0 22,1,500.0,19.979914529914527,5472.580873014807,2.273042832363489e6,2.736290436507404e6,88077.71740471417
22,NL0 23 CCGT,NL0 23,1,964.0,43.8530553226903,5472.580873014807,870323.5031578825,5.275567961586274e6,47693.60984839019
22,NL0 24 CCGT,NL0 24,1,684.0,67.50263035262032,5472.580873014807,184434.58658511768,3.743245317142128e6,10714.13175820297
22,NL0 25 waste,NL0 25,1,54.0,34.1135,5472.580873014807,120539.19850875347,295519.3671427996,8082.0
22,NL0 27 CCGT,NL0 27,1,984.0,43.27286666666667,5472.580873014807,925684.8929150613,5.385019579046571e6,96820.89635105438
22,NL0 27 biomass,NL0 27,1,22.0,19.979914529914527,5472.580873014807,100013.88462399352,120396.77920632577,3784.0
22,NL0 27 waste,NL0 27,1,71.2,34.1135,5472.580873014807,158933.1654411713,389647.7581586543,10418.903475994784
22,NL0 28 CCGT,NL0 28,1,144.0,43.27286666666667,5472.580873014807,135466.08189000897,788051.6457141322,14002.352544904614
22,NL0 3 CCGT,NL0 3,1,1907.0,51.41762846054192,5472.580873014807,1.112405887359476e6,1.0436211724839238e7,58777.98064051041
22,NL0 3 biomass,NL0 3,1,22.0,19.979914529914527,5472.580873014807,100013.88462399352,120396.77920632577,3784.0
22,NL0 3 waste,NL0 3,1,108.0,34.1135,5472.580873014807,241078.39701750694,591038.7342855992,15979.002136554966
22,NL0 30 biomass,NL0 30,1,60.0,19.979914529914527,5472.580873014807,272765.1398836184,328354.8523808884,10320.0
22,NL0 31 CCGT,NL0 31,1,3341.0,85.4787109164719,5472.580873014807,8.169757987421101e-10,1.828389269674247e7,23559.453978829282
22,NL0 5 CCGT,NL0 5,1,49.6,43.27286666666667,5472.580873014807,46660.53931766977,271440.0113015344,4612.799999999998
22,NL0 6 CCGT,NL0 6,1,1608.4,43.27286666666667,5472.580873014807,1.5130808757770185e6,8.802099076157017e6,162442.97182337937
22,NL0 7 CCGT,NL0 7,1,1398.0,43.6729395310492,5472.580873014807,1.275998747840363e6,7.6506680604747e6,85506.53181069877
22,NL0 7 nuclear,NL0 7,1,515.0,27.322803680981593,5472.580873014807,1.7021457600712709e6,2.818379149602626e6,84102.42124441595
22,NL0 7 waste,NL0 7,1,39.0,34.1135,5472.580873014807,87056.08781187762,213430.6540475775,5694.0
22,NL0 8 CCGT,NL0 8,1,447.0,58.928107624263944,5472.580873014807,189520.23005298054,2.446243650237619e6,8652.104303317323
22,NL0 8 biomass,NL0 8,1,36.0,19.979914529914527,5472.580873014807,163659.0839301714,197012.91142853306,6192.0
22,NL0 8 waste,NL0 8,1,157.0,34.1135,5472.580873014807,350456.55862730206,859195.1970633247,23447.65727963789
22,NL0 9 biomass,NL0 9,1,20.0,19.979914529914527,5472.580873014807,90921.71329453951,109451.61746029614,3420.0
22,NL0 0 0 solar,NL0 0,1,144.0,0.01,5472.580872927276,143777.17181364013,0.0,3495.7738491645578
22,NL0 1 0 solar,NL0 1,1,291.5,0.01,5472.58087292601,279083.88681448676,0.0,6948.705449759602
22,NL0 10 0 solar,NL0 10,1,120.1,0.01,5472.580872927276,123510.80794349074,0.0,3035.911304769089
22,NL0 11 0 solar,NL0 11,1,436.4,0.01,5472.58087292601,411901.3058784065,0.0,10306.481755249355
22,NL0 12 0 solar,NL0 12,1,203.1,0.01,59329.06935292875,191990.80544541526,0.0,4820.92251154439
22,NL0 13 0 solar,NL0 13,1,473.2,0.01,59329.06935292875,452951.73890675174,0.0,11187.121113824795
22,NL0 14 0 solar,NL0 14,1,85.3,0.01,59329.06935292875,84067.00358636606,0.0,2087.7663698282927
22,NL0 15 0 solar,NL0 15,1,369.4,0.01,5472.58087292601,346685.285034427,0.0,8736.034836219216
22,NL0 16 0 solar,NL0 16,1,68.8,0.01,5472.58087292601,69599.92687591027,0.0,1691.4298225830848
22,NL0 17 0 solar,NL0 17,1,63.1,0.01,5472.58087292601,65394.03954021667,0.0,1589.8866005603036
22,NL0 18 0 solar,NL0 18,1,13.399999999999999,0.01,59329.06935292875,13705.304222902532,0.0,335.710111700008
22,NL0 19 0 solar,NL0 19,1,75.60000000000001,0.01,5472.58087292601,70863.94290967542,0.0,1815.0254919597055
22,NL0 2 0 solar,NL0 2,1,1109.1,0.01,5472.58087292601,1.0323424735205562e6,0.0,26402.661517956996
22,NL0 20 0 solar,NL0 20,1,331.2,0.01,5472.58087292601,320483.9317679877,0.0,7909.5604725700005
22,NL0 21 0 solar,NL0 21,1,40.5,0.01,5472.58087292601,41600.66565576048,0.0,1013.9430253950717
22,NL0 22 0 solar,NL0 22,1,263.3,0.01,59329.06935292875,260617.55609716475,0.0,6361.56546158242
22,NL0 23 0 solar,NL0 23,1,57.1,0.01,59329.06935292875,57564.46412102373,0.0,1403.2936270342718
22,NL0 24 0 solar,NL0 24,1,99.8,0.01,59329.06935292875,98258.96051930617,0.0,2393.4015185461817
22,NL0 25 0 solar,NL0 25,1,663.4,0.01,5472.58087292601,623417.0481376504,0.0,15835.542397299549
22,NL0 26 0 solar,NL0 26,1,156.2,0.01,5472.58087292601,154151.3282016009,0.0,3821.2856187503758
22,NL0 27 0 solar,NL0 27,1,103.1,0.01,59329.06935292875,107361.95522086936,0.0,2649.1257341788905
22,NL0 28 0 solar,NL0 28,1,105.3,0.01,59329.06935292875,100355.16709245981,0.0,2489.1644574964166
22,NL0 3 0 solar,NL0 3,1,84.5,0.01,59329.06935292875,85165.20527245206,0.0,2070.9188767275286
22,NL0 30 0 solar,NL0 30,1,3.6,0.01,5472.58087292601,3668.2574639459576,0.0,89.82355962877534
22,NL0 31 0 solar,NL0 31,1,44.8,0.01,5472.58087292601,42321.02586653224,0.0,1072.8423780802711
22,NL0 4 0 solar,NL0 4,1,142.8,0.01,5472.580872927276,136790.37822099504,0.0,3403.277910451907
22,NL0 5 0 solar,NL0 5,1,351.7,0.01,5472.580872927276,342365.77060283633,0.0,8409.128930464909
22,NL0 6 0 solar,NL0 6,1,260.3,0.01,5472.58087292601,262068.4421732812,0.0,6427.157527688587
22,NL0 7 0 solar,NL0 7,1,553.2,0.01,5472.580872927276,550871.4655114005,0.0,13445.138753780626
22,NL0 8 0 solar,NL0 8,1,79.5,0.01,5472.58087292601,79242.76000531408,0.0,1927.2751274433406
22,NL0 9 0 solar,NL0 9,1,299.5,0.01,5472.58087292601,289172.5962436978,0.0,7188.544634543878
22,NL0 20 0 offwind-ac,NL0 20,1,578.0,0.015,5472.58087292601,2.0897042570821068e6,0.0,55642.530344424726
22,NL0 27 0 offwind-ac,NL0 27,1,4583.0,0.015,5472.58087292601,1.836492725802474e7,0.0,509337.6566241771
22,NL0 31 0 offwind-ac,NL0 31,1,600.0,0.015,5472.580872927276,2.3448754266029424e6,0.0,65002.40995494072
22,NL0 32 0 offwind-ac,NL0 32,1,608.0,0.015,59329.06935292875,2.5122772306798655e6,0.0,70162.48686909239
22,NL0 7 0 offwind-ac,NL0 7,1,752.0,0.015,59329.06935292875,3.1154508015855406e6,0.0,85485.46514859113
22,NL0 0 0 onwind,NL0 0,1,59.0,0.015,5472.580872927276,141581.73699949784,0.0,4423.345107547118
22,NL0 1 0 onwind,NL0 1,1,75.0,0.015,5472.580872927276,144987.223672517,0.0,4667.56319817744
22,NL0 10 0 onwind,NL0 10,1,428.0,0.015,5472.580872927276,1.4291400869199412e6,0.0,42626.99315028096
22,NL0 11 0 onwind,NL0 11,1,21.0,0.015,59329.06935292875,40420.12081248227,0.0,1335.20493202581
22,NL0 12 0 onwind,NL0 12,1,54.0,0.015,5472.58087292601,157750.11158850274,0.0,4825.868590991421
22,NL0 13 0 onwind,NL0 13,1,23.0,0.015,5472.58087292601,48363.225696769005,0.0,1555.622069077163
22,NL0 14 0 onwind,NL0 14,1,61.0,0.015,59329.06935292875,204206.8002025359,0.0,6037.66177756561
22,NL0 15 0 onwind,NL0 15,1,52.0,0.015,5472.58087292601,110981.05180824433,0.0,3566.2068649493503
22,NL0 17 0 onwind,NL0 17,1,27.0,0.015,59329.06935292875,77212.90743965164,0.0,2356.425423940956
22,NL0 19 0 onwind,NL0 19,1,532.0,0.015,5472.580872927276,1.3460316067230036e6,0.0,42486.97601131978
22,NL0 2 0 onwind,NL0 2,1,472.8,0.015,5472.58087292601,1.0549214371896542e6,0.0,34337.746806742805
22,NL0 20 0 onwind,NL0 20,1,822.2,0.015,59329.06935292875,2.2296443636200447e6,0.0,69336.60955946345
22,NL0 21 0 onwind,NL0 21,1,36.0,0.015,5472.58087292601,104484.76563321071,0.0,3213.115111693349
22,NL0 22 0 onwind,NL0 22,1,122.7,0.015,5472.58087292601,259097.50094449072,0.0,8315.637013623795
22,NL0 23 0 onwind,NL0 23,1,127.0,0.015,59329.06935292875,371375.7050556639,0.0,11339.523922297043
22,NL0 24 0 onwind,NL0 24,1,33.0,0.015,5472.58087292601,87218.32571815484,0.0,2728.3354574730815
22,NL0 27 0 onwind,NL0 27,1,21.6,0.015,5472.580872927276,74449.90450443185,0.0,2224.104552153539
22,NL0 3 0 onwind,NL0 3,1,284.6,0.015,59329.06935292875,734639.6276889532,0.0,22382.11174388001
22,NL0 30 0 onwind,NL0 30,1,31.0,0.015,5472.58087292601,89651.52416415488,0.0,2753.483397118999
22,NL0 31 0 onwind,NL0 31,1,216.0,0.015,59329.06935292875,634984.0143862665,0.0,18937.546997048783
22,NL0 4 0 onwind,NL0 4,1,287.0,0.015,5472.580872927276,733311.6964016734,0.0,22224.386858322174
22,NL0 5 0 onwind,NL0 5,1,21.0,0.015,59329.06935292875,39673.869513893376,0.0,1255.3393127584727
22,NL0 6 0 onwind,NL0 6,1,35.0,0.015,5472.580872927276,65026.749012613116,0.0,2092.5865516791628
22,NL0 7 0 onwind,NL0 7,1,374.3,0.015,59329.06935292875,974864.6796991499,0.0,29888.49984684214
22,NL0 8 0 onwind,NL0 8,1,101.1,0.015,59329.06935292875,229603.3320273519,0.0,7323.460787945647
22,NL0 9 0 onwind,NL0 9,1,35.0,0.015,59329.06935292875,64634.206735854954,0.0,2093.606475832359
23,NL0 0 CCGT,NL0 0,1,575.0,43.272866666666665,4559.065804915375,549273.3321032737,2.621462837826341e6,61285.607002229815
23,NL0 1 biomass,NL0 1,1,71.0,19.979914529914527,4559.065804915375,323803.09372054576,323693.67214899167,12141.0
23,NL0 1 waste,NL0 1,1,31.0,34.1135,4559.065804915375,69648.58873513309,141331.03995237662,4619.915471299604
23,NL0 10 CCGT,NL0 10,1,507.0,43.27286666666667,4559.065804915375,484315.79021975584,2.311446363092095e6,52728.0
23,NL0 10 waste,NL0 10,1,150.0,34.1135,4559.065804915375,337009.3003312891,683859.8707373063,22202.8911288227
23,NL0 11 CCGT,NL0 11,1,72.0,43.27286666666667,4559.065804915375,68778.57375901859,328252.737953907,7033.735838299576
23,NL0 11 biomass,NL0 11,1,20.0,19.979914529914527,4559.065804915375,91212.13907621005,91181.3160983075,3420.0
23,NL0 11 waste,NL0 11,1,50.0,34.1135,4559.065804915375,112336.43344376296,227953.29024576876,7400.0
23,NL0 13 CCGT,NL0 13,1,50.0,43.27286666666667,4559.065804915375,47762.8984437629,227953.29024576876,4852.2165402927185
23,NL0 13 biomass,NL0 13,1,77.0,19.979914529914527,4559.065804915375,351166.73544340883,351048.0669784839,13244.0
23,NL0 16 CCGT,NL0 16,1,268.0,43.27286666666667,4559.065804915375,256009.13565856902,1.2218296357173205e6,25822.51800592416
23,NL0 17 CCGT,NL0 17,1,107.0,43.27286666666667,4559.065804915375,102212.60266965254,487820.04112594516,10003.653019056419
23,NL0 18 CCGT,NL0 18,1,112.0,43.27286666666667,4559.065804915375,106988.89251402888,510615.37015052204,10416.0
23,NL0 19 CCGT,NL0 19,1,523.0,53.04262929292929,4559.065804915375,293977.75169189676,2.3843914159707413e6,11442.174094047394
23,NL0 19 biomass,NL0 19,1,49.0,19.979914529914527,4559.065804915375,223469.74073671468,223394.2244408534,8428.0
23,NL0 19 waste,NL0 19,1,36.0,34.1135,4559.065804915375,80882.23207950941,164126.3689769535,5328.0
23,NL0 2 CCGT,NL0 2,1,272.5,43.27286666666667,4559.065804915375,260307.79651850768,1.2423454318394398e6,26977.5
23,NL0 21 CCGT,NL0 21,1,85.0,43.27286666666667,4559.065804915375,81196.92735439682,387520.5934178069,7990.0
23,NL0 22 CCGT,NL0 22,1,100.0,43.27286666666667,4559.065804915375,95525.79688752569,455906.5804915375,9389.473528431157
23,NL0 22 biomass,NL0 22,1,500.0,19.979914529914527,4559.065804915375,2.280303476905253e6,2.2795329024576875e6,88484.71740471432
23,NL0 23 CCGT,NL0 23,1,964.0,43.8530553226903,4559.065804915375,884322.0258344037,4.394939435938422e6,47693.60984839019
23,NL0 24 CCGT,NL0 24,1,684.0,67.50263035262032,4559.065804915375,194367.1483182509,3.1184010105621167e6,10714.131758202957
23,NL0 25 waste,NL0 25,1,54.0,34.1135,4559.065804915375,121323.348119264,246189.55346543028,7938.0
23,NL0 27 CCGT,NL0 27,1,984.0,43.27286666666667,4559.065804915375,939973.8413732533,4.486120752036729e6,99194.71652218106
23,NL0 27 biomass,NL0 27,1,22.0,19.979914529914527,4559.065804915375,100333.35298383114,100299.44770813826,3784.0
23,NL0 27 waste,NL0 27,1,71.2,34.1135,4559.065804915375,159967.08122391845,324605.48530997476,10624.635578792107
23,NL0 28 CCGT,NL0 28,1,144.0,43.27286666666667,4559.065804915375,137557.14751803706,656505.475907814,13014.004656159721
23,NL0 3 CCGT,NL0 3,1,1907.0,51.41762846054192,4559.065804915375,1.1400979856417642e6,8.694138489973621e6,58777.98064051002
23,NL0 3 biomass,NL0 3,1,22.0,19.979914529914527,4559.065804915375,100333.35298383114,100299.44770813826,3784.0
23,NL0 3 waste,NL0 3,1,108.0,34.1135,4559.065804915375,242646.696238528,492379.10693086055,16037.387184697074
23,NL0 30 biomass,NL0 30,1,60.0,19.979914529914527,4559.065804915375,273636.4172286301,273543.94829492253,10162.758589916517
23,NL0 31 CCGT,NL0 31,1,3341.0,85.4787109164719,4559.065804915375,48515.62682806821,1.523183885422227e7,23559.453978829013
23,NL0 5 CCGT,NL0 5,1,49.6,43.27286666666667,4559.065804915375,47380.7952562128,226129.6639238026,4662.399999999999
23,NL0 6 CCGT,NL0 6,1,1608.4,43.27286666666667,4559.065804915375,1.5364369171389649e6,7.33280144062589e6,165411.37586132812
23,NL0 7 CCGT,NL0 7,1,1398.0,43.6729395310492,4559.065804915375,1.2962995099791354e6,6.373573995271695e6,85506.53181069877
23,NL0 7 nuclear,NL0 7,1,515.0,27.322803680981593,4559.065804915375,1.7096242239492876e6,2.347918889531418e6,84102.42124441595
23,NL0 7 waste,NL0 7,1,39.0,34.1135,4559.065804915375,87622.41808613522,177803.56639169963,5733.0
23,NL0 8 CCGT,NL0 8,1,447.0,58.928107624263944,4559.065804915375,196011.2462733176,2.0379024147971729e6,8652.104303317417
23,NL0 8 biomass,NL0 8,1,36.0,19.979914529914527,4559.065804915375,164181.8503371784,164126.3689769535,6156.0
23,NL0 8 waste,NL0 8,1,157.0,34.1135,4559.065804915375,352736.401013416,715773.3313717139,23545.67610000269
23,NL0 9 biomass,NL0 9,1,20.0,19.979914529914527,4559.065804915375,91212.13907621005,91181.3160983075,3420.0
23,NL0 0 0 solar,NL0 0,1,144.0,0.01,59329.06935292875,143803.75591553428,0.0,3495.7738491645578
23,NL0 1 0 solar,NL0 1,1,291.5,0.01,59329.06935292875,279083.88681448676,0.0,6948.705449759602
23,NL0 10 0 solar,NL0 10,1,120.1,0.01,59329.06935292875,123510.80794349074,0.0,3035.911304769089
23,NL0 11 0 solar,NL0 11,1,436.4,0.01,59329.06935292875,411901.30587840657,0.0,10306.481755249355
23,NL0 12 0 solar,NL0 12,1,203.1,0.01,59329.06935292875,191990.80544541526,0.0,4820.92251154439
23,NL0 13 0 solar,NL0 13,1,473.2,0.01,59329.06935292875,452951.73890675174,0.0,11187.121113824795
23,NL0 14 0 solar,NL0 14,1,85.3,0.01,59329.06935292875,84083.43083761183,0.0,2087.7663698282927
23,NL0 15 0 solar,NL0 15,1,369.4,0.01,59329.06935292875,346685.28503442707,0.0,8736.034836219216
23,NL0 16 0 solar,NL0 16,1,68.8,0.01,59329.06935292875,69625.18814135814,0.0,1691.4298225830848
23,NL0 17 0 solar,NL0 17,1,63.1,0.01,59329.06935292875,65413.8760896594,0.0,1589.8866005603036
23,NL0 18 0 solar,NL0 18,1,13.399999999999999,0.01,59329.06935292875,13705.304222902532,0.0,335.710111700008
23,NL0 19 0 solar,NL0 19,1,75.60000000000001,0.01,59329.06935292875,70863.94290967542,0.0,1815.0254919597055
23,NL0 2 0 solar,NL0 2,1,1109.1,0.01,59329.06935292875,1.0323424735205562e6,0.0,26402.661517956996
23,NL0 20 0 solar,NL0 20,1,331.2,0.01,59329.06935292875,320483.9317679877,0.0,7909.5604725700005
23,NL0 21 0 solar,NL0 21,1,40.5,0.01,59329.06935292875,41600.66565576048,0.0,1013.9430253950717
23,NL0 22 0 solar,NL0 22,1,263.3,0.01,59329.06935292875,260722.23730921638,0.0,6361.56546158242
23,NL0 23 0 solar,NL0 23,1,57.1,0.01,59329.06935292875,57584.27706892421,0.0,1403.2936270342718
23,NL0 24 0 solar,NL0 24,1,99.8,0.01,59329.06935292875,98278.8706345097,0.0,2393.4015185461817
23,NL0 25 0 solar,NL0 25,1,663.4,0.01,59329.06935292875,623417.0481376504,0.0,15835.542397299549
23,NL0 26 0 solar,NL0 26,1,156.2,0.01,59329.06935292875,154151.3282016009,0.0,3821.2856187503758
23,NL0 27 0 solar,NL0 27,1,103.1,0.01,59329.06935292875,107361.95522086936,0.0,2649.1257341788905
23,NL0 28 0 solar,NL0 28,1,105.3,0.01,59329.06935292875,100355.16709245981,0.0,2489.1644574964166
23,NL0 3 0 solar,NL0 3,1,84.5,0.01,59329.06935292875,85184.44057395979,0.0,2070.9188767275286
23,NL0 30 0 solar,NL0 30,1,3.6,0.01,59329.06935292875,3669.021148782904,0.0,89.82355962877534
23,NL0 31 0 solar,NL0 31,1,44.8,0.01,59329.06935292875,42321.02586653224,0.0,1072.8423780802711
23,NL0 4 0 solar,NL0 4,1,142.8,0.01,59329.06935292875,136790.37822099504,0.0,3403.277910451907
23,NL0 5 0 solar,NL0 5,1,351.7,0.01,59329.06935292875,342365.7706028363,0.0,8409.128930464909
23,NL0 6 0 solar,NL0 6,1,260.3,0.01,59329.06935292875,262068.44217328122,0.0,6427.157527688587
23,NL0 7 0 solar,NL0 7,1,553.2,0.01,59329.06935292875,551045.6940152284,0.0,13445.138753780626
23,NL0 8 0 solar,NL0 8,1,79.5,0.01,59329.06935292875,79291.59762906983,0.0,1927.2751274433406
23,NL0 9 0 solar,NL0 9,1,299.5,0.01,59329.06935292875,289172.5962436978,0.0,7188.544634543878
23,NL0 20 0 offwind-ac,NL0 20,1,578.0,0.015,59329.06935292875,2.0897042570821068e6,0.0,58852.90667715229
23,NL0 27 0 offwind-ac,NL0 27,1,4583.0,0.015,59329.06935292875,1.8366377338965002e7,0.0,517151.4889964193
23,NL0 31 0 offwind-ac,NL0 31,1,600.0,0.015,59329.06935292875,2.3448754266029424e6,0.0,65533.70995494073
23,NL0 32 0 offwind-ac,NL0 32,1,608.0,0.015,59329.06935292875,2.5125921930313488e6,0.0,69624.1028690924
23,NL0 7 0 offwind-ac,NL0 7,1,752.0,0.015,59329.06935292875,3.1161143467113064e6,0.0,85460.08856763809
23,NL0 0 0 onwind,NL0 0,1,59.0,0.015,59329.06935292875,141599.60648804303,0.0,4315.734525414495
23,NL0 1 0 onwind,NL0 1,1,75.0,0.015,59329.06935292875,145039.08590801407,0.0,4592.56319817744
23,NL0 10 0 onwind,NL0 10,1,428.0,0.015,59329.06935292875,1.4291400869199412e6,0.0,42899.58939304398
23,NL0 11 0 onwind,NL0 11,1,21.0,0.015,59329.06935292875,40431.490047640305,0.0,1286.6695123700767
23,NL0 12 0 onwind,NL0 12,1,54.0,0.015,59329.06935292875,157750.1115885027,0.0,4717.910600543067
23,NL0 13 0 onwind,NL0 13,1,23.0,0.015,59329.06935292875,48376.288948955276,0.0,1532.6220690771631
23,NL0 14 0 onwind,NL0 14,1,61.0,0.015,59329.06935292875,204206.80020253593,0.0,5872.427508931672
23,NL0 15 0 onwind,NL0 15,1,52.0,0.015,59329.06935292875,110994.68420092785,0.0,3566.2068649493503
23,NL0 17 0 onwind,NL0 17,1,27.0,0.015,59329.06935292875,77212.90743965164,0.0,2302.425955009582
23,NL0 19 0 onwind,NL0 19,1,532.0,0.015,59329.06935292875,1.3460316067230036e6,0.0,41433.948992950165
23,NL0 2 0 onwind,NL0 2,1,472.8,0.015,59329.06935292875,1.0549214371896542e6,0.0,33882.00351157511
23,NL0 20 0 onwind,NL0 20,1,822.2,0.015,59329.06935292875,2.2296443636200447e6,0.0,67925.07187381256
23,NL0 21 0 onwind,NL0 21,1,36.0,0.015,59329.06935292875,104484.76563321071,0.0,3141.3564070712346
23,NL0 22 0 onwind,NL0 22,1,122.7,0.015,59329.06935292875,259171.89830807527,0.0,8070.768412036254
23,NL0 23 0 onwind,NL0 23,1,127.0,0.015,59329.06935292875,371375.7050556639,0.0,10712.2508605402
23,NL0 24 0 onwind,NL0 24,1,33.0,0.015,59329.06935292875,87218.32571815484,0.0,2630.932698155521
23,NL0 27 0 onwind,NL0 27,1,21.6,0.015,59329.06935292875,74449.90450443185,0.0,2008.107877365423
23,NL0 3 0 onwind,NL0 3,1,284.6,0.015,59329.06935292875,734639.6276889531,0.0,21323.581598283574
23,NL0 30 0 onwind,NL0 30,1,31.0,0.015,59329.06935292875,89651.52416415488,0.0,2567.574436662335
23,NL0 31 0 onwind,NL0 31,1,216.0,0.015,59329.06935292875,634984.0143862664,0.0,17209.546997048783
23,NL0 4 0 onwind,NL0 4,1,287.0,0.015,59329.06935292875,733311.6964016734,0.0,20581.274328319632
23,NL0 5 0 onwind,NL0 5,1,21.0,0.015,59329.06935292875,39694.087992228146,0.0,1111.6701137215225
23,NL0 6 0 onwind,NL0 6,1,35.0,0.015,59329.06935292875,65079.86966492946,0.0,1903.207099281895
23,NL0 7 0 onwind,NL0 7,1,374.3,0.015,59329.06935292875,974864.6796991499,0.0,28823.88645889497
23,NL0 8 0 onwind,NL0 8,1,101.1,0.015,59329.06935292875,229637.34867597854,0.0,7017.066140300467
23,NL0 9 0 onwind,NL0 9,1,35.0,0.015,59329.06935292875,64669.44232150172,0.0,1907.8159631973895
24,NL0 0 CCGT,NL0 0,1,575.0,43.272866666666665,4559.065804915279,549273.3321032736,2.6214628378262855e6,62842.44370648334
24,NL0 1 biomass,NL0 1,1,71.0,19.979914529914527,4559.065804915279,323803.09372054576,323693.6721489848,12212.0
24,NL0 1 waste,NL0 1,1,31.0,34.1135,4559.065804915279,69648.58873513309,141331.03995237366,4497.6237574498045
24,NL0 10 CCGT,NL0 10,1,507.0,43.27286666666667,4559.065804915279,484315.79021975544,2.311446363092046e6,50410.36831168364
24,NL0 10 waste,NL0 10,1,150.0,34.1135,4559.065804915279,337009.3003312891,683859.8707372919,22586.680892185574
24,NL0 11 CCGT,NL0 11,1,72.0,43.27286666666667,4559.065804915279,68778.57375901853,328252.73795390007,7056.0
24,NL0 11 biomass,NL0 11,1,20.0,19.979914529914527,4559.065804915279,91212.13907621006,91181.31609830557,3460.0
24,NL0 11 waste,NL0 11,1,50.0,34.1135,4559.065804915279,112336.43344376296,227953.29024576396,7324.577146578531
24,NL0 13 CCGT,NL0 13,1,50.0,43.27286666666667,4559.065804915279,47762.89844376287,227953.29024576396,5050.0
24,NL0 13 biomass,NL0 13,1,77.0,19.979914529914527,4559.065804915279,351166.7354434088,351048.0669784765,13170.758589916517
24,NL0 16 CCGT,NL0 16,1,268.0,43.27286666666667,4559.065804915279,256009.135658569,1.2218296357172946e6,27172.173528431158
24,NL0 17 CCGT,NL0 17,1,107.0,43.27286666666667,4559.065804915279,102212.60266965254,487820.04112593486,11021.0
24,NL0 18 CCGT,NL0 18,1,112.0,43.27286666666667,4559.065804915279,106988.89251402882,510615.37015051127,11207.637173139497
24,NL0 19 CCGT,NL0 19,1,523.0,53.04262929292929,4559.065804915279,293977.75169189676,2.384391415970691e6,11442.174094047396
24,NL0 19 biomass,NL0 19,1,49.0,19.979914529914527,4559.065804915279,223469.74073671465,223394.22444084866,8477.0
24,NL0 19 waste,NL0 19,1,36.0,34.1135,4559.065804915279,80882.2320795094,164126.36897695003,5292.0
24,NL0 2 CCGT,NL0 2,1,272.5,43.27286666666667,4559.065804915279,260307.79651850762,1.2423454318394135e6,27250.0
24,NL0 21 CCGT,NL0 21,1,85.0,43.27286666666667,4559.065804915279,81196.92735439684,387520.5934177987,8884.701564232142
24,NL0 22 CCGT,NL0 22,1,100.0,43.27286666666667,4559.065804915279,95525.79688752572,455906.5804915279,10081.735838299577
24,NL0 22 biomass,NL0 22,1,500.0,19.979914529914527,4559.065804915279,2.2803034769052533e6,2.2795329024576396e6,88204.71740471417
24,NL0 23 CCGT,NL0 23,1,964.0,43.8530553226903,4559.065804915279,884322.0258344035,4.3949394359383285e6,47693.60984839019
24,NL0 24 CCGT,NL0 24,1,684.0,67.50263035262032,4559.065804915279,194367.1483182509,3.1184010105620506e6,10714.131758202917
24,NL0 25 waste,NL0 25,1,54.0,34.1135,4559.065804915279,121323.34811926397,246189.55346542507,8056.248996597596
24,NL0 27 CCGT,NL0 27,1,984.0,43.27286666666667,4559.065804915279,939973.8413732533,4.486120752036635e6,94864.89483679872
24,NL0 27 biomass,NL0 27,1,22.0,19.979914529914527,4559.065804915279,100333.35298383114,100299.44770813614,3784.0
24,NL0 27 waste,NL0 27,1,71.2,34.1135,4559.065804915279,159967.08122391845,324605.4853099679,10608.80000000001
24,NL0 28 CCGT,NL0 28,1,144.0,43.27286666666667,4559.065804915279,137557.1475180371,656505.4759078001,14608.940307433159
24,NL0 3 CCGT,NL0 3,1,1907.0,51.41762846054192,4559.065804915279,1.1400979856417642e6,8.694138489973437e6,58777.980640510366
24,NL0 3 biomass,NL0 3,1,22.0,19.979914529914527,4559.065804915279,100333.35298383114,100299.44770813614,3784.0
24,NL0 3 waste,NL0 3,1,108.0,34.1135,4559.065804915279,242646.69623852795,492379.10693085013,16048.696410322607
24,NL0 30 biomass,NL0 30,1,60.0,19.979914529914527,4559.065804915279,273636.4172286301,273543.9482949167,10320.0
24,NL0 31 CCGT,NL0 31,1,3341.0,85.4787109164719,4559.065804915279,48515.62682806821,1.5231838854221947e7,23559.453978829108
24,NL0 5 CCGT,NL0 5,1,49.6,43.27286666666667,4559.065804915279,47380.79525621277,226129.66392379784,4563.199999999998
24,NL0 6 CCGT,NL0 6,1,1608.4,43.27286666666667,4559.065804915279,1.5364369171389637e6,7.332801440625735e6,163768.10570740091
24,NL0 7 CCGT,NL0 7,1,1398.0,43.6729395310492,4559.065804915279,1.2962995099791351e6,6.37357399527156e6,85506.53181069877
24,NL0 7 nuclear,NL0 7,1,515.0,27.322803680981593,4559.065804915279,1.7096242239492873e6,2.347918889531369e6,84102.42124441595
24,NL0 7 waste,NL0 7,1,39.0,34.1135,4559.065804915279,87622.41808613522,177803.56639169587,5772.0
24,NL0 8 CCGT,NL0 8,1,447.0,58.928107624263944,4559.065804915279,196011.2462733176,2.0379024147971296e6,8652.104303317265
24,NL0 8 biomass,NL0 8,1,36.0,19.979914529914527,4559.065804915279,164181.8503371784,164126.36897695003,6192.0
24,NL0 8 waste,NL0 8,1,157.0,34.1135,4559.065804915279,352736.4010134159,715773.3313716988,23242.878260479898
24,NL0 9 biomass,NL0 9,1,20.0,19.979914529914527,4559.065804915279,91212.13907621006,91181.31609830557,3420.0
24,NL0 0 0 solar,NL0 0,1,144.0,0.01,59329.06935292875,143803.75591553425,0.0,3495.7738491645578
24,NL0 1 0 solar,NL0 1,1,291.5,0.01,59329.06935292875,279083.88681448676,0.0,6948.705449759602
24,NL0 10 0 solar,NL0 10,1,120.1,0.01,59329.06935292875,123510.80794349074,0.0,3035.911304769089
24,NL0 11 0 solar,NL0 11,1,436.4,0.01,59329.06935292875,411901.3058784065,0.0,10306.481755249355
24,NL0 12 0 solar,NL0 12,1,203.1,0.01,59329.06935292875,191990.80544541523,0.0,4820.92251154439
24,NL0 13 0 solar,NL0 13,1,473.2,0.01,59329.06935292875,452951.73890675174,0.0,11187.121113824795
24,NL0 14 0 solar,NL0 14,1,85.3,0.01,59329.06935292875,84083.43083761183,0.0,2087.7663698282927
24,NL0 15 0 solar,NL0 15,1,369.4,0.01,59329.06935292875,346685.28503442707,0.0,8736.034836219216
24,NL0 16 0 solar,NL0 16,1,68.8,0.01,59329.06935292875,69625.18814135814,0.0,1691.4298225830848
24,NL0 17 0 solar,NL0 17,1,63.1,0.01,59329.06935292875,65413.876089659396,0.0,1589.8866005603036
24,NL0 18 0 solar,NL0 18,1,13.399999999999999,0.01,59329.06935292875,13705.304222902532,0.0,335.710111700008
24,NL0 19 0 solar,NL0 19,1,75.60000000000001,0.01,59329.06935292875,70863.94290967542,0.0,1815.0254919597055
24,NL0 2 0 solar,NL0 2,1,1109.1,0.01,59329.06935292875,1.0323424735205561e6,0.0,26402.661517956996
24,NL0 20 0 solar,NL0 20,1,331.2,0.01,59329.06935292875,320483.9317679877,0.0,7909.5604725700005
24,NL0 21 0 solar,NL0 21,1,40.5,0.01,59329.06935292875,41600.66565576048,0.0,1013.9430253950717
24,NL0 22 0 solar,NL0 22,1,263.3,0.01,59329.06935292875,260722.23730921638,0.0,6361.56546158242
24,NL0 23 0 solar,NL0 23,1,57.1,0.01,59329.06935292875,57584.27706892421,0.0,1403.2936270342718
24,NL0 24 0 solar,NL0 24,1,99.8,0.01,59329.06935292875,98278.8706345097,0.0,2393.4015185461817
24,NL0 25 0 solar,NL0 25,1,663.4,0.01,59329.06935292875,623417.0481376502,0.0,15835.542397299549
24,NL0 26 0 solar,NL0 26,1,156.2,0.01,59329.06935292875,154151.3282016009,0.0,3821.2856187503758
24,NL0 27 0 solar,NL0 27,1,103.1,0.01,59329.06935292875,107361.95522086935,0.0,2649.1257341788905
24,NL0 28 0 solar,NL0 28,1,105.3,0.01,59329.06935292875,100355.16709245981,0.0,2489.1644574964166
24,NL0 3 0 solar,NL0 3,1,84.5,0.01,59329.06935292875,85184.44057395979,0.0,2070.9188767275286
24,NL0 30 0 solar,NL0 30,1,3.6,0.01,59329.06935292875,3669.021148782904,0.0,89.82355962877534
24,NL0 31 0 solar,NL0 31,1,44.8,0.01,59329.06935292875,42321.02586653224,0.0,1072.8423780802711
24,NL0 4 0 solar,NL0 4,1,142.8,0.01,59329.06935292875,136790.37822099504,0.0,3403.277910451907
24,NL0 5 0 solar,NL0 5,1,351.7,0.01,59329.06935292875,342365.7706028363,0.0,8409.128930464909
24,NL0 6 0 solar,NL0 6,1,260.3,0.01,59329.06935292875,262068.44217328122,0.0,6427.157527688587
24,NL0 7 0 solar,NL0 7,1,553.2,0.01,59329.06935292875,551045.6940152283,0.0,13445.138753780626
24,NL0 8 0 solar,NL0 8,1,79.5,0.01,59329.06935292875,79291.59762906983,0.0,1927.2751274433406
24,NL0 9 0 solar,NL0 9,1,299.5,0.01,59329.06935292875,289172.5962436978,0.0,7188.544634543878
24,NL0 20 0 offwind-ac,NL0 20,1,578.0,0.015,59329.06935292875,2.0897042570821068e6,0.0,56579.881970859875
24,NL0 27 0 offwind-ac,NL0 27,1,4583.0,0.015,59329.06935292875,1.8366377338965002e7,0.0,512332.59046321403
24,NL0 31 0 offwind-ac,NL0 31,1,600.0,0.015,59329.06935292875,2.3448754266029424e6,0.0,65533.70995494073
24,NL0 32 0 offwind-ac,NL0 32,1,608.0,0.015,59329.06935292875,2.512592193031349e6,0.0,70162.48686909239
24,NL0 7 0 offwind-ac,NL0 7,1,752.0,0.015,59329.06935292875,3.1161143467113064e6,0.0,86125.98456763808
24,NL0 0 0 onwind,NL0 0,1,59.0,0.015,59329.06935292875,141599.60648804303,0.0,4423.345107547118
24,NL0 1 0 onwind,NL0 1,1,75.0,0.015,59329.06935292875,145039.08590801407,0.0,4593.112821361607
24,NL0 10 0 onwind,NL0 10,1,428.0,0.015,59329.06935292875,1.4291400869199412e6,0.0,42899.58939304398
24,NL0 11 0 onwind,NL0 11,1,21.0,0.015,59329.06935292875,40431.490047640305,0.0,1335.20493202581
24,NL0 12 0 onwind,NL0 12,1,54.0,0.015,59329.06935292875,157750.11158850274,0.0,4771.910600543067
24,NL0 13 0 onwind,NL0 13,1,23.0,0.015,59329.06935292875,48376.288948955276,0.0,1509.6220690771631
24,NL0 14 0 onwind,NL0 14,1,61.0,0.015,59329.06935292875,204206.8002025359,0.0,5976.66177756561
24,NL0 15 0 onwind,NL0 15,1,52.0,0.015,59329.06935292875,110994.68420092786,0.0,3607.5251690491696
24,NL0 17 0 onwind,NL0 17,1,27.0,0.015,59329.06935292875,77212.90743965164,0.0,2356.425955009582
24,NL0 19 0 onwind,NL0 19,1,532.0,0.015,59329.06935292875,1.3460316067230038e6,0.0,42486.97601131978
24,NL0 2 0 onwind,NL0 2,1,472.8,0.015,59329.06935292875,1.0549214371896542e6,0.0,34337.746806742805
24,NL0 20 0 onwind,NL0 20,1,822.2,0.015,59329.06935292875,2.2296443636200447e6,0.0,68545.70554860691
24,NL0 21 0 onwind,NL0 21,1,36.0,0.015,59329.06935292875,104484.76563321071,0.0,3177.807798340754
24,NL0 22 0 onwind,NL0 22,1,122.7,0.015,59329.06935292875,259171.89830807527,0.0,8227.812362885852
24,NL0 23 0 onwind,NL0 23,1,127.0,0.015,59329.06935292875,371375.7050556639,0.0,10966.177702141382
24,NL0 24 0 onwind,NL0 24,1,33.0,0.015,59329.06935292875,87218.32571815483,0.0,2664.0845172002323
24,NL0 27 0 onwind,NL0 27,1,21.6,0.015,59329.06935292875,74449.90450443185,0.0,2072.907880477167
24,NL0 3 0 onwind,NL0 3,1,284.6,0.015,59329.06935292875,734639.6276889532,0.0,21844.650455806874
24,NL0 30 0 onwind,NL0 30,1,31.0,0.015,59329.06935292875,89651.52416415488,0.0,2630.1132215717694
24,NL0 31 0 onwind,NL0 31,1,216.0,0.015,59329.06935292875,634984.0143862665,0.0,18263.351648694712
24,NL0 4 0 onwind,NL0 4,1,287.0,0.015,59329.06935292875,733311.6964016734,0.0,21649.62935035466
24,NL0 5 0 onwind,NL0 5,1,21.0,0.015,59329.06935292875,39694.087992228146,0.0,1179.1246743573406
24,NL0 6 0 onwind,NL0 6,1,35.0,0.015,59329.06935292875,65079.86966492946,0.0,1953.4030379263363
24,NL0 7 0 onwind,NL0 7,1,374.3,0.015,59329.06935292875,974864.6796991498,0.0,28743.431948823225
24,NL0 8 0 onwind,NL0 8,1,101.1,0.015,59329.06935292875,229637.34867597854,0.0,7030.789846576694
24,NL0 9 0 onwind,NL0 9,1,35.0,0.015,59329.06935292875,64669.44232150172,0.0,1976.7459991819524
25,NL0 0 CCGT,NL0 0,1,575.0,43.272866666666665,4559.065804914728,549273.3321032738,2.6214628378259684e6,64108.66874710397
25,NL0 1 biomass,NL0 1,1,71.0,19.979914529914527,4559.065804914728,323803.09372054576,323693.6721489457,12283.0
25,NL0 1 waste,NL0 1,1,31.0,34.1135,4559.065804914728,69648.58873513309,141331.03995235657,4588.915471299604
25,NL0 10 CCGT,NL0 10,1,507.0,43.27286666666667,4559.065804914728,484315.7902197555,2.311446363091767e6,52047.601437737925
25,NL0 10 waste,NL0 10,1,150.0,34.1135,4559.065804914728,337009.3003312891,683859.8707372092,22854.414814928885
25,NL0 11 CCGT,NL0 11,1,72.0,43.27286666666667,4559.065804914728,68778.57375901855,328252.73795386043,7272.0
25,NL0 11 biomass,NL0 11,1,20.0,19.979914529914527,4559.065804914728,91212.13907621006,91181.31609829456,3480.0
25,NL0 11 waste,NL0 11,1,50.0,34.1135,4559.065804914728,112336.43344376296,227953.2902457364,7488.363288600355
25,NL0 13 CCGT,NL0 13,1,50.0,43.27286666666667,4559.065804914728,47762.898443762875,227953.2902457364,5100.0
25,NL0 13 biomass,NL0 13,1,77.0,19.979914529914527,4559.065804914728,351166.73544340883,351048.06697843404,13247.758589916517
25,NL0 16 CCGT,NL0 16,1,268.0,43.27286666666667,4559.065804914728,256009.13565856905,1.221829635717147e6,29212.0
25,NL0 17 CCGT,NL0 17,1,107.0,43.27286666666667,4559.065804914728,102212.60266965251,487820.0411258759,10763.655699550458
25,NL0 18 CCGT,NL0 18,1,112.0,43.27286666666667,4559.065804914728,106988.89251402886,510615.3701504495,12096.0
25,NL0 19 CCGT,NL0 19,1,523.0,53.04262929292929,4559.065804914728,293977.7516918967,2.384391415970403e6,11442.174094047412
25,NL0 19 biomass,NL0 19,1,49.0,19.979914529914527,4559.065804914728,223469.74073671465,223394.22444082165,8428.0
25,NL0 19 waste,NL0 19,1,36.0,34.1135,4559.065804914728,80882.2320795094,164126.36897693021,5328.0
25,NL0 2 CCGT,NL0 2,1,272.5,43.27286666666667,4559.065804914728,260307.79651850762,1.2423454318392633e6,27575.31874235875
25,NL0 21 CCGT,NL0 21,1,85.0,43.27286666666667,4559.065804914728,81196.92735439684,387520.59341775184,8585.0
25,NL0 22 CCGT,NL0 22,1,100.0,43.27286666666667,4559.065804914728,95525.79688752568,455906.5804914728,9865.248731437565
25,NL0 22 biomass,NL0 22,1,500.0,19.979914529914527,4559.065804914728,2.280303476905253e6,2.279532902457364e6,88065.71740471417
25,NL0 23 CCGT,NL0 23,1,964.0,43.8530553226903,4559.065804914728,884322.0258344035,4.394939435937798e6,47693.60984839019
25,NL0 24 CCGT,NL0 24,1,684.0,67.50263035262032,4559.065804914728,194367.1483182509,3.118401010561674e6,10714.131758202937
25,NL0 25 waste,NL0 25,1,54.0,34.1135,4559.065804914728,121323.34811926399,246189.5534653953,8043.804746439178
25,NL0 27 CCGT,NL0 27,1,984.0,43.27286666666667,4559.065804914728,939973.841373253,4.486120752036092e6,93124.69812377576
25,NL0 27 biomass,NL0 27,1,22.0,19.979914529914527,4559.065804914728,100333.35298383114,100299.447708124,3784.0
25,NL0 27 waste,NL0 27,1,71.2,34.1135,4559.065804914728,159967.08122391845,324605.48530992866,10608.80000000001
25,NL0 28 CCGT,NL0 28,1,144.0,43.27286666666667,4559.065804914728,137557.147518037,656505.4759077209,12960.0
25,NL0 3 CCGT,NL0 3,1,1907.0,51.41762846054192,4559.065804914728,1.1400979856417642e6,8.694138489972387e6,58777.98064051038
25,NL0 3 biomass,NL0 3,1,22.0,19.979914529914527,4559.065804914728,100333.35298383114,100299.447708124,3784.0
25,NL0 3 waste,NL0 3,1,108.0,34.1135,4559.065804914728,242646.69623852798,492379.1069307906,15760.571387642947
25,NL0 30 biomass,NL0 30,1,60.0,19.979914529914527,4559.065804914728,273636.4172286301,273543.94829488365,10320.0
25,NL0 31 CCGT,NL0 31,1,3341.0,85.4787109164719,4559.065804914728,48515.62682806821,1.5231838854220105e7,23559.45397882914
25,NL0 5 CCGT,NL0 5,1,49.6,43.27286666666667,4559.065804914728,47380.79525621276,226129.6639237705,4513.599999999998
25,NL0 6 CCGT,NL0 6,1,1608.4,43.27286666666667,4559.065804914728,1.536436917138964e6,7.332801440624849e6,161557.40949193772
25,NL0 7 CCGT,NL0 7,1,1398.0,43.6729395310492,4559.065804914728,1.2962995099791351e6,6.37357399527079e6,85506.53181069877
25,NL0 7 nuclear,NL0 7,1,515.0,27.322803680981593,4559.065804914728,1.7096242239492876e6,2.347918889531085e6,84102.42124441595
25,NL0 7 waste,NL0 7,1,39.0,34.1135,4559.065804914728,87622.41808613522,177803.5663916744,5685.122144128376
25,NL0 8 CCGT,NL0 8,1,447.0,58.928107624263944,4559.065804914728,196011.24627331767,2.0379024147968832e6,8652.104303317303
25,NL0 8 biomass,NL0 8,1,36.0,19.979914529914527,4559.065804914728,164181.8503371784,164126.36897693021,6192.0
25,NL0 8 waste,NL0 8,1,157.0,34.1135,4559.065804914728,352736.4010134159,715773.3313716123,23071.513610574664
25,NL0 9 biomass,NL0 9,1,20.0,19.979914529914527,4559.065804914728,91212.13907621006,91181.31609829456,3440.0
25,NL0 0 0 solar,NL0 0,1,144.0,0.01,59329.06935292875,143803.75591553425,0.0,3495.7738491645578
25,NL0 1 0 solar,NL0 1,1,291.5,0.01,59329.06935292875,279083.88681448676,0.0,6948.705449759602
25,NL0 10 0 solar,NL0 10,1,120.1,0.01,59329.06935292875,123510.80794349074,0.0,3035.911304769089
25,NL0 11 0 solar,NL0 11,1,436.4,0.01,59329.06935292875,411901.3058784065,0.0,10306.481755249355
25,NL0 12 0 solar,NL0 12,1,203.1,0.01,59329.06935292875,191990.8054454152,0.0,4820.92251154439
25,NL0 13 0 solar,NL0 13,1,473.2,0.01,59329.06935292875,452951.7389067516,0.0,11187.121113824795
25,NL0 14 0 solar,NL0 14,1,85.3,0.01,59329.06935292875,84083.43083761183,0.0,2087.7663698282927
25,NL0 15 0 solar,NL0 15,1,369.4,0.01,59329.06935292875,346685.285034427,0.0,8736.034836219216
25,NL0 16 0 solar,NL0 16,1,68.8,0.01,59329.06935292875,69625.18814135814,0.0,1691.4298225830848
25,NL0 17 0 solar,NL0 17,1,63.1,0.01,59329.06935292875,65413.876089659396,0.0,1589.8866005603036
25,NL0 18 0 solar,NL0 18,1,13.399999999999999,0.01,59329.06935292875,13705.304222902532,0.0,335.710111700008
25,NL0 19 0 solar,NL0 19,1,75.60000000000001,0.01,59329.06935292875,70863.9429096754,0.0,1815.0254919597055
25,NL0 2 0 solar,NL0 2,1,1109.1,0.01,59329.06935292875,1.0323424735205561e6,0.0,26402.661517956996
25,NL0 20 0 solar,NL0 20,1,331.2,0.01,59329.06935292875,320483.9317679877,0.0,7909.5604725700005
25,NL0 21 0 solar,NL0 21,1,40.5,0.01,59329.06935292875,41600.66565576048,0.0,1013.9430253950717
25,NL0 22 0 solar,NL0 22,1,263.3,0.01,59329.06935292875,260722.23730921638,0.0,6361.56546158242
25,NL0 23 0 solar,NL0 23,1,57.1,0.01,59329.06935292875,57584.2770689242,0.0,1403.2936270342718
25,NL0 24 0 solar,NL0 24,1,99.8,0.01,59329.06935292875,98278.8706345097,0.0,2393.4015185461817
25,NL0 25 0 solar,NL0 25,1,663.4,0.01,59329.06935292875,623417.0481376502,0.0,15835.542397299549
25,NL0 26 0 solar,NL0 26,1,156.2,0.01,59329.06935292875,154151.32820160087,0.0,3821.2856187503758
25,NL0 27 0 solar,NL0 27,1,103.1,0.01,59329.06935292875,107361.95522086935,0.0,2649.1257341788905
25,NL0 28 0 solar,NL0 28,1,105.3,0.01,59329.06935292875,100355.16709245981,0.0,2489.1644574964166
25,NL0 3 0 solar,NL0 3,1,84.5,0.01,59329.06935292875,85184.44057395979,0.0,2070.9188767275286
25,NL0 30 0 solar,NL0 30,1,3.6,0.01,59329.06935292875,3669.021148782904,0.0,89.82355962877534
25,NL0 31 0 solar,NL0 31,1,44.8,0.01,59329.06935292875,42321.02586653224,0.0,1072.8423780802711
25,NL0 4 0 solar,NL0 4,1,142.8,0.01,59329.06935292875,136790.37822099501,0.0,3403.277910451907
25,NL0 5 0 solar,NL0 5,1,351.7,0.01,59329.06935292875,342365.7706028363,0.0,8409.128930464909
25,NL0 6 0 solar,NL0 6,1,260.3,0.01,59329.06935292875,262068.44217328122,0.0,6427.157527688587
25,NL0 7 0 solar,NL0 7,1,553.2,0.01,59329.06935292875,551045.6940152283,0.0,13445.138753780626
25,NL0 8 0 solar,NL0 8,1,79.5,0.01,59329.06935292875,79291.59762906983,0.0,1927.2751274433406
25,NL0 9 0 solar,NL0 9,1,299.5,0.01,59329.06935292875,289172.5962436978,0.0,7188.544634543878
25,NL0 20 0 offwind-ac,NL0 20,1,578.0,0.015,59329.06935292875,2.0897042570821068e6,0.0,57603.51997085987
25,NL0 27 0 offwind-ac,NL0 27,1,4583.0,0.015,59329.06935292875,1.8366377338965002e7,0.0,515465.11255233904
25,NL0 31 0 offwind-ac,NL0 31,1,600.0,0.015,59329.06935292875,2.3448754266029424e6,0.0,65002.40995494072
25,NL0 32 0 offwind-ac,NL0 32,1,608.0,0.015,59329.06935292875,2.512592193031349e6,0.0,70162.48686909239
25,NL0 7 0 offwind-ac,NL0 7,1,752.0,0.015,59329.06935292875,3.1161143467113064e6,0.0,86125.98456763808
25,NL0 0 0 onwind,NL0 0,1,59.0,0.015,59329.06935292875,141599.60648804303,0.0,4433.7229703341
25,NL0 1 0 onwind,NL0 1,1,75.0,0.015,59329.06935292875,145039.08590801407,0.0,4667.56319817744
25,NL0 10 0 onwind,NL0 10,1,428.0,0.015,59329.06935292875,1.4291400869199412e6,0.0,42471.66180313577
25,NL0 11 0 onwind,NL0 11,1,21.0,0.015,59329.06935292875,40431.490047640305,0.0,1321.2105832325692
25,NL0 12 0 onwind,NL0 12,1,54.0,0.015,59329.06935292875,157750.11158850274,0.0,4825.868590991421
25,NL0 13 0 onwind,NL0 13,1,23.0,0.015,59329.06935292875,48376.288948955276,0.0,1555.622069077163
25,NL0 14 0 onwind,NL0 14,1,61.0,0.015,59329.06935292875,204206.8002025359,0.0,6037.66177756561
25,NL0 15 0 onwind,NL0 15,1,52.0,0.015,59329.06935292875,110994.68420092786,0.0,3607.5251690491696
25,NL0 17 0 onwind,NL0 17,1,27.0,0.015,59329.06935292875,77212.90743965164,0.0,2356.425955009582
25,NL0 19 0 onwind,NL0 19,1,532.0,0.015,59329.06935292875,1.3460316067230038e6,0.0,42486.97601131978
25,NL0 2 0 onwind,NL0 2,1,472.8,0.015,59329.06935292875,1.0549214371896542e6,0.0,34337.746806742805
25,NL0 20 0 onwind,NL0 20,1,822.2,0.015,59329.06935292875,2.2296443636200447e6,0.0,66932.04837334498
25,NL0 21 0 onwind,NL0 21,1,36.0,0.015,59329.06935292875,104484.76563321071,0.0,3106.0490937186396
25,NL0 22 0 onwind,NL0 22,1,122.7,0.015,59329.06935292875,259171.8983080753,0.0,8014.415020893563
25,NL0 23 0 onwind,NL0 23,1,127.0,0.015,59329.06935292875,371375.7050556639,0.0,10587.409296501457
25,NL0 24 0 onwind,NL0 24,1,33.0,0.015,59329.06935292875,87218.32571815483,0.0,2566.681757882671
25,NL0 27 0 onwind,NL0 27,1,21.6,0.015,59329.06935292875,74449.90450443185,0.0,2137.704555265283
25,NL0 3 0 onwind,NL0 3,1,284.6,0.015,59329.06935292875,734639.6276889532,0.0,20786.364465085055
25,NL0 30 0 onwind,NL0 30,1,31.0,0.015,59329.06935292875,89651.52416415488,0.0,2537.204261115105
25,NL0 31 0 onwind,NL0 31,1,216.0,0.015,59329.06935292875,634984.0143862665,0.0,17993.393658246354
25,NL0 4 0 onwind,NL0 4,1,287.0,0.015,59329.06935292875,733311.6964016734,0.0,21685.532624963045
25,NL0 5 0 onwind,NL0 5,1,21.0,0.015,59329.06935292875,39694.087992228146,0.0,1208.3987789327614
25,NL0 6 0 onwind,NL0 6,1,35.0,0.015,59329.06935292875,65079.86966492946,0.0,2001.5121122209807
25,NL0 7 0 onwind,NL0 7,1,374.3,0.015,59329.06935292875,974864.6796991499,0.0,28867.17789709076
25,NL0 8 0 onwind,NL0 8,1,101.1,0.015,59329.06935292875,229637.34867597854,0.0,7069.671489425889
25,NL0 9 0 onwind,NL0 9,1,35.0,0.015,59329.06935292875,64669.44232150172,0.0,2003.4482277845764
26,NL0 0 CCGT,NL0 0,1,575.0,43.272866666666665,5472.580873017899,540923.5908802453,3.146734001985292e6,64223.03222401661
26,NL0 1 biomass,NL0 1,1,71.0,19.979914529914527,5472.580873017899,322772.0821956153,388553.2419842708,12354.0
26,NL0 1 waste,NL0 1,1,31.0,34.1135,5472.580873017899,69198.42877354372,169650.00706355486,4471.207722550391
26,NL0 10 CCGT,NL0 10,1,507.0,43.27286666666667,5472.580873017899,476953.4966544069,2.7745985026200744e6,52636.7872034991
26,NL0 10 waste,NL0 10,1,150.0,34.1135,5472.580873017899,334831.1069687598,820887.1309526848,22513.299917051085
26,NL0 11 CCGT,NL0 11,1,72.0,43.27286666666667,5472.580873017899,67733.04094500453,394025.8228572887,7200.0
26,NL0 11 biomass,NL0 11,1,20.0,19.979914529914527,5472.580873017899,90921.71329453951,109451.61746035797,3460.0
26,NL0 11 waste,NL0 11,1,50.0,34.1135,5472.580873017899,111610.36898958657,273629.04365089495,7568.801336573379
26,NL0 13 CCGT,NL0 13,1,50.0,43.27286666666667,5472.580873017899,47036.83398958648,273629.04365089495,5000.0
26,NL0 13 biomass,NL0 13,1,77.0,19.979914529914527,5472.580873017899,350048.59618397715,421388.7272223782,13170.758589916517
26,NL0 16 CCGT,NL0 16,1,268.0,43.27286666666667,5472.580873017899,252117.43018418353,1.4666516739687969e6,28944.0
26,NL0 17 CCGT,NL0 17,1,107.0,43.27286666666667,5472.580873017899,100658.82473771504,585566.1534129152,10834.8564206107
26,NL0 18 CCGT,NL0 18,1,112.0,43.27286666666667,5472.580873017899,105362.50813667373,612929.0577780047,11200.0
26,NL0 19 CCGT,NL0 19,1,523.0,53.04262929292929,5472.580873017899,286383.11750121147,2.8621597965883613e6,11442.174094047507
26,NL0 19 biomass,NL0 19,1,49.0,19.979914529914527,5472.580873017899,222758.1975716218,268156.46277787705,8477.0
26,NL0 19 waste,NL0 19,1,36.0,34.1135,5472.580873017899,80359.46567250243,197012.91142864435,5253.788870625172
26,NL0 2 CCGT,NL0 2,1,272.5,43.27286666666667,5472.580873017899,256350.74524324626,1.4912782878973775e6,27178.690383439454
26,NL0 21 CCGT,NL0 21,1,85.0,43.27286666666667,5472.580873017899,79962.61778229698,465169.3742065214,8415.0
26,NL0 22 CCGT,NL0 22,1,100.0,43.27286666666667,5472.580873017899,94073.66797917294,547258.0873017899,9800.0
26,NL0 22 biomass,NL0 22,1,500.0,19.979914529914527,5472.580873017899,2.273042832363489e6,2.7362904365089494e6,88042.71740471417
26,NL0 23 CCGT,NL0 23,1,964.0,43.8530553226903,5472.580873017899,870323.5031578824,5.275567961589254e6,47693.60984839019
26,NL0 24 CCGT,NL0 24,1,684.0,67.50263035262032,5472.580873017899,184434.58658511768,3.7432453171442426e6,10714.131758202933
26,NL0 25 waste,NL0 25,1,54.0,34.1135,5472.580873017899,120539.19850875348,295519.36714296654,8046.0
26,NL0 27 CCGT,NL0 27,1,984.0,43.27286666666667,5472.580873017899,925684.8929150614,5.385019579049612e6,94293.70708579013
26,NL0 27 biomass,NL0 27,1,22.0,19.979914529914527,5472.580873017899,100013.88462399352,120396.77920639377,3784.0
26,NL0 27 waste,NL0 27,1,71.2,34.1135,5472.580873017899,158933.1654411713,389647.7581588744,10417.448996597604
26,NL0 28 CCGT,NL0 28,1,144.0,43.27286666666667,5472.580873017899,135466.081890009,788051.6457145774,13197.635651273438
26,NL0 3 CCGT,NL0 3,1,1907.0,51.41762846054192,5472.580873017899,1.1124058873594757e6,1.0436211724845134e7,58777.98064051038
26,NL0 3 biomass,NL0 3,1,22.0,19.979914529914527,5472.580873017899,100013.88462399352,120396.77920639377,3784.0
26,NL0 3 waste,NL0 3,1,108.0,34.1135,5472.580873017899,241078.39701750697,591038.7342859331,16282.755749841583
26,NL0 30 biomass,NL0 30,1,60.0,19.979914529914527,5472.580873017899,272765.1398836184,328354.8523810739,10320.0
26,NL0 31 CCGT,NL0 31,1,3341.0,85.4787109164719,5472.580873017899,8.169757987421208e-10,1.82838926967528e7,23559.453978829355
26,NL0 5 CCGT,NL0 5,1,49.6,43.27286666666667,5472.580873017899,46660.53931766979,271440.0113016878,4647.2980818729275
26,NL0 6 CCGT,NL0 6,1,1608.4,43.27286666666667,5472.580873017899,1.5130808757770176e6,8.802099076161988e6,161210.1939234001
26,NL0 7 CCGT,NL0 7,1,1398.0,43.6729395310492,5472.580873017899,1.275998747840363e6,7.650668060479023e6,85506.53181069877
26,NL0 7 nuclear,NL0 7,1,515.0,27.322803680981593,5472.580873017899,1.7021457600712709e6,2.818379149604218e6,84102.42124441595
26,NL0 7 waste,NL0 7,1,39.0,34.1135,5472.580873017899,87056.08781187762,213430.65404769804,5667.571387642948
26,NL0 8 CCGT,NL0 8,1,447.0,58.928107624263944,5472.580873017899,189520.2300529805,2.4462436502390006e6,8652.104303317356
26,NL0 8 biomass,NL0 8,1,36.0,19.979914529914527,5472.580873017899,163659.0839301714,197012.91142864435,6192.0
26,NL0 8 waste,NL0 8,1,157.0,34.1135,5472.580873017899,350456.558627302,859195.1970638101,23208.631482732053
26,NL0 9 biomass,NL0 9,1,20.0,19.979914529914527,5472.580873017899,90921.71329453951,109451.61746035797,3440.0
26,NL0 0 0 solar,NL0 0,1,144.0,0.01,59329.06935292875,143777.17181364013,0.0,3495.7738491645578
26,NL0 1 0 solar,NL0 1,1,291.5,0.01,59329.06935292875,279083.88681448676,0.0,6948.705449759602
26,NL0 10 0 solar,NL0 10,1,120.1,0.01,59329.06935292875,123510.80794349074,0.0,3035.911304769089
26,NL0 11 0 solar,NL0 11,1,436.4,0.01,59329.06935292875,411901.3058784065,0.0,10306.481755249355
26,NL0 12 0 solar,NL0 12,1,203.1,0.01,59329.06935292875,191990.80544541526,0.0,4820.92251154439
26,NL0 13 0 solar,NL0 13,1,473.2,0.01,59329.06935292875,452951.73890675174,0.0,11187.121113824795
26,NL0 14 0 solar,NL0 14,1,85.3,0.01,59329.06935292875,84067.00358636606,0.0,2087.7663698282927
26,NL0 15 0 solar,NL0 15,1,369.4,0.01,59329.06935292875,346685.285034427,0.0,8736.034836219216
26,NL0 16 0 solar,NL0 16,1,68.8,0.01,59329.06935292875,69599.92687591027,0.0,1691.4298225830848
26,NL0 17 0 solar,NL0 17,1,63.1,0.01,59329.06935292875,65394.03954021667,0.0,1589.8866005603036
26,NL0 18 0 solar,NL0 18,1,13.399999999999999,0.01,59329.06935292875,13705.304222902532,0.0,335.710111700008
26,NL0 19 0 solar,NL0 19,1,75.60000000000001,0.01,5472.580873017899,70863.94290967542,0.0,1815.0254919597055
26,NL0 2 0 solar,NL0 2,1,1109.1,0.01,5472.580873017899,1.0323424735205561e6,0.0,26402.661517956996
26,NL0 20 0 solar,NL0 20,1,331.2,0.01,59329.06935292875,320483.9317679877,0.0,7909.5604725700005
26,NL0 21 0 solar,NL0 21,1,40.5,0.01,59329.06935292875,41600.66565576048,0.0,1013.9430253950717
26,NL0 22 0 solar,NL0 22,1,263.3,0.01,59329.06935292875,260617.55609716475,0.0,6361.56546158242
26,NL0 23 0 solar,NL0 23,1,57.1,0.01,59329.06935292875,57564.46412102373,0.0,1403.2936270342718
26,NL0 24 0 solar,NL0 24,1,99.8,0.01,59329.06935292875,98258.96051930617,0.0,2393.4015185461817
26,NL0 25 0 solar,NL0 25,1,663.4,0.01,5472.580873017899,623417.0481376504,0.0,15835.542397299549
26,NL0 26 0 solar,NL0 26,1,156.2,0.01,59329.06935292875,154151.3282016009,0.0,3821.2856187503758
26,NL0 27 0 solar,NL0 27,1,103.1,0.01,59329.06935292875,107361.95522086936,0.0,2649.1257341788905
26,NL0 28 0 solar,NL0 28,1,105.3,0.01,59329.06935292875,100355.16709245981,0.0,2489.1644574964166
26,NL0 3 0 solar,NL0 3,1,84.5,0.01,59329.06935292875,85165.20527245206,0.0,2070.9188767275286
26,NL0 30 0 solar,NL0 30,1,3.6,0.01,59329.06935292875,3668.2574639459576,0.0,89.82355962877534
26,NL0 31 0 solar,NL0 31,1,44.8,0.01,5472.580873017899,42321.02586653224,0.0,1072.8423780802711
26,NL0 4 0 solar,NL0 4,1,142.8,0.01,59329.06935292875,136790.37822099504,0.0,3403.277910451907
26,NL0 5 0 solar,NL0 5,1,351.7,0.01,59329.06935292875,342365.7706028363,0.0,8409.128930464909
26,NL0 6 0 solar,NL0 6,1,260.3,0.01,59329.06935292875,262068.4421732812,0.0,6427.157527688587
26,NL0 7 0 solar,NL0 7,1,553.2,0.01,59329.06935292875,550871.4655114005,0.0,13445.138753780626
26,NL0 8 0 solar,NL0 8,1,79.5,0.01,59329.06935292875,79242.76000531408,0.0,1927.2751274433406
26,NL0 9 0 solar,NL0 9,1,299.5,0.01,59329.06935292875,289172.5962436978,0.0,7188.544634543878
26,NL0 20 0 offwind-ac,NL0 20,1,578.0,0.015,59329.06935292875,2.089704257082107e6,0.0,56579.881970859875
26,NL0 27 0 offwind-ac,NL0 27,1,4583.0,0.015,59329.06935292875,1.8364927258024745e7,0.0,512685.4369868576
26,NL0 31 0 offwind-ac,NL0 31,1,600.0,0.015,59329.06935292875,2.3448754266029424e6,0.0,65533.70995494073
26,NL0 32 0 offwind-ac,NL0 32,1,608.0,0.015,59329.06935292875,2.5122772306798655e6,0.0,70162.48686909239
26,NL0 7 0 offwind-ac,NL0 7,1,752.0,0.015,59329.06935292875,3.1154508015855406e6,0.0,86125.98456763808
26,NL0 0 0 onwind,NL0 0,1,59.0,0.015,59329.06935292875,141581.73699949784,0.0,4433.7229703341
26,NL0 1 0 onwind,NL0 1,1,75.0,0.015,59329.06935292875,144987.223672517,0.0,4667.56319817744
26,NL0 10 0 onwind,NL0 10,1,428.0,0.015,59329.06935292875,1.4291400869199412e6,0.0,42899.58939304398
26,NL0 11 0 onwind,NL0 11,1,21.0,0.015,59329.06935292875,40420.12081248227,0.0,1305.9027932410302
26,NL0 12 0 onwind,NL0 12,1,54.0,0.015,59329.06935292875,157750.11158850274,0.0,4771.910600543067
26,NL0 13 0 onwind,NL0 13,1,23.0,0.015,5472.580873017899,48363.225696769005,0.0,1555.622069077163
26,NL0 14 0 onwind,NL0 14,1,61.0,0.015,59329.06935292875,204206.8002025359,0.0,6037.66177756561
26,NL0 15 0 onwind,NL0 15,1,52.0,0.015,59329.06935292875,110981.05180824433,0.0,3566.2068649493503
26,NL0 17 0 onwind,NL0 17,1,27.0,0.015,59329.06935292875,77212.90743965164,0.0,2302.425955009582
26,NL0 19 0 onwind,NL0 19,1,532.0,0.015,59329.06935292875,1.3460316067230038e6,0.0,42486.97601131978
26,NL0 2 0 onwind,NL0 2,1,472.8,0.015,59329.06935292875,1.0549214371896542e6,0.0,33882.00351157511
26,NL0 20 0 onwind,NL0 20,1,822.2,0.015,59329.06935292875,2.2296443636200447e6,0.0,68545.15238420152
26,NL0 21 0 onwind,NL0 21,1,36.0,0.015,59329.06935292875,104484.76563321071,0.0,3177.3564070712346
26,NL0 22 0 onwind,NL0 22,1,122.7,0.015,59329.06935292875,259097.5009444907,0.0,8224.408273219049
26,NL0 23 0 onwind,NL0 23,1,127.0,0.015,59329.06935292875,371375.7050556639,0.0,10841.33815755993
26,NL0 24 0 onwind,NL0 24,1,33.0,0.015,59329.06935292875,87218.32571815485,0.0,2663.932698155521
26,NL0 27 0 onwind,NL0 27,1,21.6,0.015,59329.06935292875,74449.90450443185,0.0,2180.9045521535386
26,NL0 3 0 onwind,NL0 3,1,284.6,0.015,59329.06935292875,734639.6276889532,0.0,21889.91669341371
26,NL0 30 0 onwind,NL0 30,1,31.0,0.015,59329.06935292875,89651.52416415488,0.0,2632.058161401919
26,NL0 31 0 onwind,NL0 31,1,216.0,0.015,59329.06935292875,634984.0143862665,0.0,18289.546997048783
26,NL0 4 0 onwind,NL0 4,1,287.0,0.015,59329.06935292875,733311.6964016735,0.0,21510.767840466313
26,NL0 5 0 onwind,NL0 5,1,21.0,0.015,5472.580873017899,39673.869513893376,0.0,1195.09130346896
26,NL0 6 0 onwind,NL0 6,1,35.0,0.015,59329.06935292875,65026.749012613116,0.0,1985.8573956500911
26,NL0 7 0 onwind,NL0 7,1,374.3,0.015,59329.06935292875,974864.6796991499,0.0,28830.224029565215
26,NL0 8 0 onwind,NL0 8,1,101.1,0.015,59329.06935292875,229603.3320273519,0.0,6957.996256765782
26,NL0 9 0 onwind,NL0 9,1,35.0,0.015,59329.06935292875,64634.206735854954,0.0,2036.873817610171
27,NL0 0 CCGT,NL0 0,1,575.0,43.272866666666665,4559.065804897382,549273.3321032736,2.6214628378159944e6,61147.30143773793
27,NL0 1 biomass,NL0 1,1,71.0,19.979914529914527,4559.065804897382,323803.09372054576,323693.6721477141,12198.758589916517
27,NL0 1 waste,NL0 1,1,31.0,34.1135,4559.065804897382,69648.58873513309,141331.03995181885,4557.0
27,NL0 10 CCGT,NL0 10,1,507.0,43.27286666666667,4559.065804897382,484315.7902197554,2.311446363082973e6,49015.447326440444
27,NL0 10 waste,NL0 10,1,150.0,34.1135,4559.065804897382,337009.3003312891,683859.8707346073,22260.63143485549
27,NL0 11 CCGT,NL0 11,1,72.0,43.27286666666667,4559.065804897382,68778.57375901855,328252.7379526115,7240.095712381147
27,NL0 11 biomass,NL0 11,1,20.0,19.979914529914527,4559.065804897382,91212.13907621006,91181.31609794764,3460.0
27,NL0 11 waste,NL0 11,1,50.0,34.1135,4559.065804897382,112336.43344376296,227953.2902448691,7350.0
27,NL0 13 CCGT,NL0 13,1,50.0,43.27286666666667,4559.065804897382,47762.898443762875,227953.2902448691,5050.0
27,NL0 13 biomass,NL0 13,1,77.0,19.979914529914527,4559.065804897382,351166.7354434089,351048.0669770984,13244.0
27,NL0 16 CCGT,NL0 16,1,268.0,43.27286666666667,4559.065804897382,256009.13565856894,1.2218296357124983e6,25297.354831544377
27,NL0 17 CCGT,NL0 17,1,107.0,43.27286666666667,4559.065804897382,102212.60266965255,487820.0411240199,10606.487150556131
27,NL0 18 CCGT,NL0 18,1,112.0,43.27286666666667,4559.065804897382,106988.89251402885,510615.3701485068,10705.423041798676
27,NL0 19 CCGT,NL0 19,1,523.0,53.04262929292929,4559.065804897382,293977.7516918969,2.3843914159613308e6,11442.174094047381
27,NL0 19 biomass,NL0 19,1,49.0,19.979914529914527,4559.065804897382,223469.7407367147,223394.2244399717,8477.0
27,NL0 19 waste,NL0 19,1,36.0,34.1135,4559.065804897382,80882.23207950941,164126.36897630576,5314.796969667765
27,NL0 2 CCGT,NL0 2,1,272.5,43.27286666666667,4559.065804897382,260307.79651850776,1.2423454318345366e6,27347.946529799803
27,NL0 21 CCGT,NL0 21,1,85.0,43.27286666666667,4559.065804897382,81196.92735439686,387520.59341627744,8277.653019056419
27,NL0 22 CCGT,NL0 22,1,100.0,43.27286666666667,4559.065804897382,95525.7968875258,455906.5804897382,10355.8083686414
27,NL0 22 biomass,NL0 22,1,500.0,19.979914529914527,4559.065804897382,2.2803034769052533e6,2.279532902448691e6,88182.71740471412
27,NL0 23 CCGT,NL0 23,1,964.0,43.8530553226903,4559.065804897382,884322.0258344038,4.394939435921076e6,47693.60984839019
27,NL0 24 CCGT,NL0 24,1,684.0,67.50263035262032,4559.065804897382,194367.1483182509,3.1184010105498093e6,10714.131758202964
27,NL0 25 waste,NL0 25,1,54.0,34.1135,4559.065804897382,121323.34811926402,246189.55346445862,8085.541247848383
27,NL0 27 CCGT,NL0 27,1,984.0,43.27286666666667,4559.065804897382,939973.8413732534,4.4861207520190235e6,97731.15291574001
27,NL0 27 biomass,NL0 27,1,22.0,19.979914529914527,4559.065804897382,100333.35298383115,100299.4477077424,3806.0
27,NL0 27 waste,NL0 27,1,71.2,34.1135,4559.065804897382,159967.08122391847,324605.4853086936,10486.401336573388
27,NL0 28 CCGT,NL0 28,1,144.0,43.27286666666667,4559.065804897382,137557.1475180371,656505.475905223,14318.48021718759
27,NL0 3 CCGT,NL0 3,1,1907.0,51.41762846054192,4559.065804897382,1.1400979856417647e6,8.694138489939308e6,58777.98064051037
27,NL0 3 biomass,NL0 3,1,22.0,19.979914529914527,4559.065804897382,100333.35298383115,100299.4477077424,3784.0
27,NL0 3 waste,NL0 3,1,108.0,34.1135,4559.065804897382,242646.69623852806,492379.10692891723,15830.72375493388
27,NL0 30 biomass,NL0 30,1,60.0,19.979914529914527,4559.065804897382,273636.4172286301,273543.9482938429,10260.0
27,NL0 31 CCGT,NL0 31,1,3341.0,85.4787109164719,4559.065804897382,48515.62682806821,1.5231838854162153e7,23559.453978829213
27,NL0 5 CCGT,NL0 5,1,49.6,43.27286666666667,4559.065804897382,47380.7952562128,226129.66392291014,4811.2
27,NL0 6 CCGT,NL0 6,1,1608.4,43.27286666666667,4559.065804897382,1.5364369171389656e6,7.332801440596949e6,166876.85042301848
27,NL0 7 CCGT,NL0 7,1,1398.0,43.6729395310492,4559.065804897382,1.2962995099791356e6,6.37357399524654e6,85506.53181069877
27,NL0 7 nuclear,NL0 7,1,515.0,27.322803680981593,4559.065804897382,1.7096242239492878e6,2.3479188895221516e6,84102.42124441595
27,NL0 7 waste,NL0 7,1,39.0,34.1135,4559.065804897382,87622.41808613524,177803.5663909979,5702.915471299604
27,NL0 8 CCGT,NL0 8,1,447.0,58.928107624263944,4559.065804897382,196011.24627331764,2.0379024147891297e6,8652.104303317237
27,NL0 8 biomass,NL0 8,1,36.0,19.979914529914527,4559.065804897382,164181.8503371784,164126.36897630576,6192.0
27,NL0 8 waste,NL0 8,1,157.0,34.1135,4559.065804897382,352736.401013416,715773.331368889,23841.495248435524
27,NL0 9 biomass,NL0 9,1,20.0,19.979914529914527,4559.065804897382,91212.13907621006,91181.31609794764,3420.0
27,NL0 0 0 solar,NL0 0,1,144.0,0.01,59329.06935292875,143803.75591553428,0.0,3495.7738491645578
27,NL0 1 0 solar,NL0 1,1,291.5,0.01,59329.06935292875,279083.88681448676,0.0,6948.705449759602
27,NL0 10 0 solar,NL0 10,1,120.1,0.01,4559.065804897382,123510.80794349074,0.0,3035.911304769089
27,NL0 11 0 solar,NL0 11,1,436.4,0.01,59329.06935292875,411901.3058784065,0.0,10306.481755249355
27,NL0 12 0 solar,NL0 12,1,203.1,0.01,59329.06935292875,191990.80544541526,0.0,4820.92251154439
27,NL0 13 0 solar,NL0 13,1,473.2,0.01,4559.065804897382,452951.73890675174,0.0,11187.121113824795
27,NL0 14 0 solar,NL0 14,1,85.3,0.01,59329.06935292875,84083.43083761183,0.0,2087.7663698282927
27,NL0 15 0 solar,NL0 15,1,369.4,0.01,59329.06935292875,346685.285034427,0.0,8736.034836219216
27,NL0 16 0 solar,NL0 16,1,68.8,0.01,59329.06935292875,69625.18814135814,0.0,1691.4298225830848
27,NL0 17 0 solar,NL0 17,1,63.1,0.01,59329.06935292875,65413.87608965941,0.0,1589.8866005603036
27,NL0 18 0 solar,NL0 18,1,13.399999999999999,0.01,59329.06935292875,13705.304222902532,0.0,335.710111700008
27,NL0 19 0 solar,NL0 19,1,75.60000000000001,0.01,59329.06935292875,70863.94290967542,0.0,1815.0254919597055
27,NL0 2 0 solar,NL0 2,1,1109.1,0.01,59329.06935292875,1.0323424735205562e6,0.0,26402.661517956996
27,NL0 20 0 solar,NL0 20,1,331.2,0.01,59329.06935292875,320483.9317679877,0.0,7909.5604725700005
27,NL0 21 0 solar,NL0 21,1,40.5,0.01,4559.065804897382,41600.66565576048,0.0,1013.9430253950717
27,NL0 22 0 solar,NL0 22,1,263.3,0.01,59329.06935292875,260722.23730921635,0.0,6361.56546158242
27,NL0 23 0 solar,NL0 23,1,57.1,0.01,4559.065804897382,57584.27706892421,0.0,1403.2936270342718
27,NL0 24 0 solar,NL0 24,1,99.8,0.01,59329.06935292875,98278.8706345097,0.0,2393.4015185461817
27,NL0 25 0 solar,NL0 25,1,663.4,0.01,59329.06935292875,623417.0481376504,0.0,15835.542397299549
27,NL0 26 0 solar,NL0 26,1,156.2,0.01,59329.06935292875,154151.3282016009,0.0,3821.2856187503758
27,NL0 27 0 solar,NL0 27,1,103.1,0.01,4559.065804897382,107361.95522086936,0.0,2649.1257341788905
27,NL0 28 0 solar,NL0 28,1,105.3,0.01,59329.06935292875,100355.16709245981,0.0,2489.1644574964166
27,NL0 3 0 solar,NL0 3,1,84.5,0.01,59329.06935292875,85184.44057395976,0.0,2070.9188767275286
27,NL0 30 0 solar,NL0 30,1,3.6,0.01,59329.06935292875,3669.021148782904,0.0,89.82355962877534
27,NL0 31 0 solar,NL0 31,1,44.8,0.01,59329.06935292875,42321.02586653224,0.0,1072.8423780802711
27,NL0 4 0 solar,NL0 4,1,142.8,0.01,59329.06935292875,136790.37822099504,0.0,3403.277910451907
27,NL0 5 0 solar,NL0 5,1,351.7,0.01,59329.06935292875,342365.7706028363,0.0,8409.128930464909
27,NL0 6 0 solar,NL0 6,1,260.3,0.01,4559.065804897382,262068.44217328122,0.0,6427.157527688587
27,NL0 7 0 solar,NL0 7,1,553.2,0.01,4559.065804897382,551045.6940152284,0.0,13445.138753780626
27,NL0 8 0 solar,NL0 8,1,79.5,0.01,59329.06935292875,79291.59762906983,0.0,1927.2751274433406
27,NL0 9 0 solar,NL0 9,1,299.5,0.01,59329.06935292875,289172.5962436978,0.0,7188.544634543878
27,NL0 20 0 offwind-ac,NL0 20,1,578.0,0.015,59329.06935292875,2.0897042570821072e6,0.0,57603.51997085987
27,NL0 27 0 offwind-ac,NL0 27,1,4583.0,0.015,59329.06935292875,1.8366377338965006e7,0.0,515450.43200991815
27,NL0 31 0 offwind-ac,NL0 31,1,600.0,0.015,59329.06935292875,2.3448754266029424e6,0.0,65002.40995494072
27,NL0 32 0 offwind-ac,NL0 32,1,608.0,0.015,59329.06935292875,2.512592193031349e6,0.0,69624.1028690924
27,NL0 7 0 offwind-ac,NL0 7,1,752.0,0.015,59329.06935292875,3.1161143467113064e6,0.0,84847.9152213802
27,NL0 0 0 onwind,NL0 0,1,59.0,0.015,59329.06935292875,141599.60648804303,0.0,4238.254577406574
27,NL0 1 0 onwind,NL0 1,1,75.0,0.015,59329.06935292875,145039.08590801407,0.0,4447.297088959625
27,NL0 10 0 onwind,NL0 10,1,428.0,0.015,59329.06935292875,1.4291400869199412e6,0.0,42442.5641482715
27,NL0 11 0 onwind,NL0 11,1,21.0,0.015,59329.06935292875,40431.490047640305,0.0,1286.7406384117407
27,NL0 12 0 onwind,NL0 12,1,54.0,0.015,4559.065804897382,157750.11158850277,0.0,4703.836901053218
27,NL0 13 0 onwind,NL0 13,1,23.0,0.015,4559.065804897382,48376.288948955276,0.0,1532.9961585657165
27,NL0 14 0 onwind,NL0 14,1,61.0,0.015,59329.06935292875,204206.80020253593,0.0,5927.766274740411
27,NL0 15 0 onwind,NL0 15,1,52.0,0.015,59329.06935292875,110994.68420092786,0.0,3555.542267562386
27,NL0 17 0 onwind,NL0 17,1,27.0,0.015,59329.06935292875,77212.90743965164,0.0,2303.0576664619116
27,NL0 19 0 onwind,NL0 19,1,532.0,0.015,59329.06935292875,1.3460316067230038e6,0.0,41804.2560826936
27,NL0 2 0 onwind,NL0 2,1,472.8,0.015,59329.06935292875,1.0549214371896542e6,0.0,33800.27989083142
27,NL0 20 0 onwind,NL0 20,1,822.2,0.015,59329.06935292875,2.2296443636200447e6,0.0,66140.61881876492
27,NL0 21 0 onwind,NL0 21,1,36.0,0.015,59329.06935292875,104484.76563321071,0.0,3177.115111693349
27,NL0 22 0 onwind,NL0 22,1,122.7,0.015,59329.06935292875,259171.89830807527,0.0,7953.848680007959
27,NL0 23 0 onwind,NL0 23,1,127.0,0.015,59329.06935292875,371375.7050556639,0.0,11085.597080695865
27,NL0 24 0 onwind,NL0 24,1,33.0,0.015,59329.06935292875,87218.32571815484,0.0,2598.6402635582776
27,NL0 27 0 onwind,NL0 27,1,21.6,0.015,59329.06935292875,74449.90450443185,0.0,2116.1078773654226
27,NL0 3 0 onwind,NL0 3,1,284.6,0.015,59329.06935292875,734639.6276889532,0.0,22726.28265135161
27,NL0 30 0 onwind,NL0 30,1,31.0,0.015,59329.06935292875,89651.52416415488,0.0,2660.4833971189996
27,NL0 31 0 onwind,NL0 31,1,216.0,0.015,4559.065804897382,634984.0143862665,0.0,18937.546997048783
27,NL0 4 0 onwind,NL0 4,1,287.0,0.015,59329.06935292875,733311.6964016735,0.0,22235.434382000916
27,NL0 5 0 onwind,NL0 5,1,21.0,0.015,4559.065804897382,39694.087992228146,0.0,1158.1119672052312
27,NL0 6 0 onwind,NL0 6,1,35.0,0.015,59329.06935292875,65079.86966492946,0.0,1963.5745136906705
27,NL0 7 0 onwind,NL0 7,1,374.3,0.015,4559.065804897382,974864.6796991499,0.0,29414.24798188952
27,NL0 8 0 onwind,NL0 8,1,101.1,0.015,59329.06935292875,229637.34867597854,0.0,7139.921742020131
27,NL0 9 0 onwind,NL0 9,1,35.0,0.015,4559.065804897382,64669.44232150172,0.0,2080.007276415413
28,NL0 0 CCGT,NL0 0,1,575.0,43.272866666666665,5472.580873014539,540923.5908802451,3.14673400198336e6,61189.11416746149
28,NL0 1 biomass,NL0 1,1,71.0,19.979914529914527,5472.580873014539,322772.0821956153,388553.24198403227,12283.0
28,NL0 1 waste,NL0 1,1,31.0,34.1135,5472.580873014539,69198.42877354374,169650.0070634507,4619.915471299604
28,NL0 10 CCGT,NL0 10,1,507.0,43.27286666666667,5472.580873014539,476953.49665440706,2.7745985026183715e6,52728.0
28,NL0 10 waste,NL0 10,1,150.0,34.1135,5472.580873014539,334831.10696875997,820887.1309521808,23013.1401254202
28,NL0 11 CCGT,NL0 11,1,72.0,43.27286666666667,5472.580873014539,67733.0409450046,394025.8228570468,7181.153019056419
28,NL0 11 biomass,NL0 11,1,20.0,19.979914529914527,5472.580873014539,90921.71329453953,109451.61746029078,3460.0
28,NL0 11 waste,NL0 11,1,50.0,34.1135,5472.580873014539,111610.36898958657,273629.04365072696,7400.0
28,NL0 13 CCGT,NL0 13,1,50.0,43.27286666666667,5472.580873014539,47036.83398958651,273629.04365072696,5150.0
28,NL0 13 biomass,NL0 13,1,77.0,19.979914529914527,5472.580873014539,350048.59618397715,421388.7272221195,13244.0
28,NL0 16 CCGT,NL0 16,1,268.0,43.27286666666667,5472.580873014539,252117.43018418367,1.4666516739678965e6,27075.20629772893
28,NL0 17 CCGT,NL0 17,1,107.0,43.27286666666667,5472.580873014539,100658.82473771511,585566.1534125557,10700.0
28,NL0 18 CCGT,NL0 18,1,112.0,43.27286666666667,5472.580873014539,105362.50813667377,612929.0577776284,10655.531970621516
28,NL0 19 CCGT,NL0 19,1,523.0,53.04262929292929,5472.580873014539,286383.1175012115,2.862159796586604e6,11442.174094047412
28,NL0 19 biomass,NL0 19,1,49.0,19.979914529914527,5472.580873014539,222758.1975716218,268156.46277771244,8428.0
28,NL0 19 waste,NL0 19,1,36.0,34.1135,5472.580873014539,80359.46567250241,197012.9114285234,5328.0
28,NL0 2 CCGT,NL0 2,1,272.5,43.27286666666667,5472.580873014539,256350.74524324626,1.4912782878964618e6,26160.0
28,NL0 21 CCGT,NL0 21,1,85.0,43.27286666666667,5472.580873014539,79962.61778229699,465169.3742062358,8027.395712381147
28,NL0 22 CCGT,NL0 22,1,100.0,43.27286666666667,5472.580873014539,94073.66797917291,547258.0873014539,9500.0
28,NL0 22 biomass,NL0 22,1,500.0,19.979914529914527,5472.580873014539,2.273042832363489e6,2.7362904365072697e6,88302.71740471417
28,NL0 23 CCGT,NL0 23,1,964.0,43.8530553226903,5472.580873014539,870323.5031578828,5.275567961586015e6,47693.60984839019
28,NL0 24 CCGT,NL0 24,1,684.0,67.50263035262032,5472.580873014539,184434.58658511768,3.7432453171419445e6,10714.131758202948
28,NL0 25 waste,NL0 25,1,54.0,34.1135,5472.580873014539,120539.1985087535,295519.3671427851,7992.0
28,NL0 27 CCGT,NL0 27,1,984.0,43.27286666666667,5472.580873014539,925684.8929150617,5.385019579046306e6,93041.55511135534
28,NL0 27 biomass,NL0 27,1,22.0,19.979914529914527,5472.580873014539,100013.88462399352,120396.77920631986,3784.0
28,NL0 27 waste,NL0 27,1,71.2,34.1135,5472.580873014539,158933.1654411713,389647.7581586352,10466.400000000009
28,NL0 28 CCGT,NL0 28,1,144.0,43.27286666666667,5472.580873014539,135466.08189000905,788051.6457140936,13030.837047862622
28,NL0 3 CCGT,NL0 3,1,1907.0,51.41762846054192,5472.580873014539,1.1124058873594766e6,1.0436211724838726e7,58777.98064051023
28,NL0 3 biomass,NL0 3,1,22.0,19.979914529914527,5472.580873014539,100013.88462399352,120396.77920631986,3784.0
28,NL0 3 waste,NL0 3,1,108.0,34.1135,5472.580873014539,241078.397017507,591038.7342855702,15603.425582024818
28,NL0 30 biomass,NL0 30,1,60.0,19.979914529914527,5472.580873014539,272765.1398836184,328354.85238087235,10140.0
28,NL0 31 CCGT,NL0 31,1,3341.0,85.4787109164719,5472.580873014539,8.169757987421044e-10,1.8283892696741574e7,23559.45397882914
28,NL0 5 CCGT,NL0 5,1,49.6,43.27286666666667,5472.580873014539,46660.5393176698,271440.01130152115,4315.199999999996
28,NL0 6 CCGT,NL0 6,1,1608.4,43.27286666666667,5472.580873014539,1.5130808757770187e6,8.802099076156585e6,170027.207647435
28,NL0 7 CCGT,NL0 7,1,1398.0,43.6729395310492,5472.580873014539,1.2759987478403635e6,7.650668060474326e6,85506.53181069877
28,NL0 7 nuclear,NL0 7,1,515.0,27.322803680981593,5472.580873014539,1.702145760071271e6,2.8183791496024877e6,84102.42124441595
28,NL0 7 waste,NL0 7,1,39.0,34.1135,5472.580873014539,87056.08781187765,213430.65404756702,5671.364625173734
28,NL0 8 CCGT,NL0 8,1,447.0,58.928107624263944,5472.580873014539,189520.23005298054,2.446243650237499e6,8652.104303317297
28,NL0 8 biomass,NL0 8,1,36.0,19.979914529914527,5472.580873014539,163659.0839301714,197012.9114285234,6192.0
28,NL0 8 waste,NL0 8,1,157.0,34.1135,5472.580873014539,350456.5586273022,859195.1970632826,23335.259659695716
28,NL0 9 biomass,NL0 9,1,20.0,19.979914529914527,5472.580873014539,90921.71329453953,109451.61746029078,3406.7585899165165
28,NL0 0 0 solar,NL0 0,1,144.0,0.01,59329.06935292875,143777.17181364013,0.0,3495.7738491645578
28,NL0 1 0 solar,NL0 1,1,291.5,0.01,59329.06935292875,279083.88681448676,0.0,6948.705449759602
28,NL0 10 0 solar,NL0 10,1,120.1,0.01,59329.06935292875,123510.80794349074,0.0,3035.911304769089
28,NL0 11 0 solar,NL0 11,1,436.4,0.01,59329.06935292875,411901.30587840657,0.0,10306.481755249355
28,NL0 12 0 solar,NL0 12,1,203.1,0.01,59329.06935292875,191990.80544541526,0.0,4820.92251154439
28,NL0 13 0 solar,NL0 13,1,473.2,0.01,59329.06935292875,452951.73890675174,0.0,11187.121113824795
28,NL0 14 0 solar,NL0 14,1,85.3,0.01,59329.06935292875,84067.00358636606,0.0,2087.7663698282927
28,NL0 15 0 solar,NL0 15,1,369.4,0.01,59329.06935292875,346685.28503442707,0.0,8736.034836219216
28,NL0 16 0 solar,NL0 16,1,68.8,0.01,59329.06935292875,69599.92687591027,0.0,1691.4298225830848
28,NL0 17 0 solar,NL0 17,1,63.1,0.01,59329.06935292875,65394.03954021667,0.0,1589.8866005603036
28,NL0 18 0 solar,NL0 18,1,13.399999999999999,0.01,59329.06935292875,13705.304222902532,0.0,335.710111700008
28,NL0 19 0 solar,NL0 19,1,75.60000000000001,0.01,59329.06935292875,70863.94290967542,0.0,1815.0254919597055
28,NL0 2 0 solar,NL0 2,1,1109.1,0.01,59329.06935292875,1.0323424735205562e6,0.0,26402.661517956996
28,NL0 20 0 solar,NL0 20,1,331.2,0.01,59329.06935292875,320483.9317679877,0.0,7909.5604725700005
28,NL0 21 0 solar,NL0 21,1,40.5,0.01,59329.06935292875,41600.66565576048,0.0,1013.9430253950717
28,NL0 22 0 solar,NL0 22,1,263.3,0.01,59329.06935292875,260617.55609716478,0.0,6361.56546158242
28,NL0 23 0 solar,NL0 23,1,57.1,0.01,59329.06935292875,57564.46412102373,0.0,1403.2936270342718
28,NL0 24 0 solar,NL0 24,1,99.8,0.01,59329.06935292875,98258.96051930617,0.0,2393.4015185461817
28,NL0 25 0 solar,NL0 25,1,663.4,0.01,59329.06935292875,623417.0481376504,0.0,15835.542397299549
28,NL0 26 0 solar,NL0 26,1,156.2,0.01,59329.06935292875,154151.3282016009,0.0,3821.2856187503758
28,NL0 27 0 solar,NL0 27,1,103.1,0.01,59329.06935292875,107361.95522086936,0.0,2649.1257341788905
28,NL0 28 0 solar,NL0 28,1,105.3,0.01,59329.06935292875,100355.16709245981,0.0,2489.1644574964166
28,NL0 3 0 solar,NL0 3,1,84.5,0.01,59329.06935292875,85165.20527245209,0.0,2070.9188767275286
28,NL0 30 0 solar,NL0 30,1,3.6,0.01,59329.06935292875,3668.2574639459576,0.0,89.82355962877534
28,NL0 31 0 solar,NL0 31,1,44.8,0.01,59329.06935292875,42321.02586653224,0.0,1072.8423780802711
28,NL0 4 0 solar,NL0 4,1,142.8,0.01,59329.06935292875,136790.37822099504,0.0,3403.277910451907
28,NL0 5 0 solar,NL0 5,1,351.7,0.01,59329.06935292875,342365.77060283633,0.0,8409.128930464909
28,NL0 6 0 solar,NL0 6,1,260.3,0.01,59329.06935292875,262068.44217328122,0.0,6427.157527688587
28,NL0 7 0 solar,NL0 7,1,553.2,0.01,59329.06935292875,550871.4655114005,0.0,13445.138753780626
28,NL0 8 0 solar,NL0 8,1,79.5,0.01,59329.06935292875,79242.76000531408,0.0,1927.2751274433406
28,NL0 9 0 solar,NL0 9,1,299.5,0.01,59329.06935292875,289172.5962436978,0.0,7188.544634543878
28,NL0 20 0 offwind-ac,NL0 20,1,578.0,0.015,5472.580873014539,2.089704257082107e6,0.0,59650.79597085986
28,NL0 27 0 offwind-ac,NL0 27,1,4583.0,0.015,59329.06935292875,1.8364927258024745e7,0.0,517595.07048146566
28,NL0 31 0 offwind-ac,NL0 31,1,600.0,0.015,59329.06935292875,2.3448754266029424e6,0.0,65533.70995494073
28,NL0 32 0 offwind-ac,NL0 32,1,608.0,0.015,59329.06935292875,2.5122772306798655e6,0.0,70124.94306636478
28,NL0 7 0 offwind-ac,NL0 7,1,752.0,0.015,59329.06935292875,3.1154508015855406e6,0.0,85460.08856763809
28,NL0 0 0 onwind,NL0 0,1,59.0,0.015,59329.06935292875,141581.73699949784,0.0,4374.722970334101
28,NL0 1 0 onwind,NL0 1,1,75.0,0.015,59329.06935292875,144987.223672517,0.0,4742.56319817744
28,NL0 10 0 onwind,NL0 10,1,428.0,0.015,59329.06935292875,1.4291400869199412e6,0.0,42648.20018247642
28,NL0 11 0 onwind,NL0 11,1,21.0,0.015,59329.06935292875,40420.12081248227,0.0,1321.6638611633177
28,NL0 12 0 onwind,NL0 12,1,54.0,0.015,59329.06935292875,157750.11158850274,0.0,4825.868590991421
28,NL0 13 0 onwind,NL0 13,1,23.0,0.015,59329.06935292875,48363.22569676901,0.0,1532.6220690771631
28,NL0 14 0 onwind,NL0 14,1,61.0,0.015,59329.06935292875,204206.80020253593,0.0,5976.66177756561
28,NL0 15 0 onwind,NL0 15,1,52.0,0.015,59329.06935292875,110981.05180824433,0.0,3566.2068649493503
28,NL0 17 0 onwind,NL0 17,1,27.0,0.015,59329.06935292875,77212.90743965164,0.0,2383.4254239409556
28,NL0 19 0 onwind,NL0 19,1,532.0,0.015,59329.06935292875,1.3460316067230038e6,0.0,41959.001781609724
28,NL0 2 0 onwind,NL0 2,1,472.8,0.015,59329.06935292875,1.0549214371896542e6,0.0,33508.36339914767
28,NL0 20 0 onwind,NL0 20,1,822.2,0.015,59329.06935292875,2.2296443636200447e6,0.0,65256.357181258056
28,NL0 21 0 onwind,NL0 21,1,36.0,0.015,59329.06935292875,104484.76563321071,0.0,3088.6173636233125
28,NL0 22 0 onwind,NL0 22,1,122.7,0.015,59329.06935292875,259097.50094449072,0.0,7814.398964956187
28,NL0 23 0 onwind,NL0 23,1,127.0,0.015,59329.06935292875,371375.7050556639,0.0,10604.647860225301
28,NL0 24 0 onwind,NL0 24,1,33.0,0.015,59329.06935292875,87218.32571815484,0.0,2599.681757882671
28,NL0 27 0 onwind,NL0 27,1,21.6,0.015,59329.06935292875,74449.90450443185,0.0,2094.5078804771674
28,NL0 3 0 onwind,NL0 3,1,284.6,0.015,59329.06935292875,734639.6276889532,0.0,21864.306150746135
28,NL0 30 0 onwind,NL0 30,1,31.0,0.015,59329.06935292875,89651.52416415488,0.0,2487.3504296469782
28,NL0 31 0 onwind,NL0 31,1,216.0,0.015,59329.06935292875,634984.0143862665,0.0,17797.719946008907
28,NL0 4 0 onwind,NL0 4,1,287.0,0.015,59329.06935292875,733311.6964016734,0.0,20790.191594576114
28,NL0 5 0 onwind,NL0 5,1,21.0,0.015,59329.06935292875,39673.869513893376,0.0,1180.1690890340071
28,NL0 6 0 onwind,NL0 6,1,35.0,0.015,59329.06935292875,65026.749012613116,0.0,1967.8455752687232
28,NL0 7 0 onwind,NL0 7,1,374.3,0.015,59329.06935292875,974864.6796991499,0.0,28373.465011413668
28,NL0 8 0 onwind,NL0 8,1,101.1,0.015,59329.06935292875,229603.3320273519,0.0,6872.672525325452
28,NL0 9 0 onwind,NL0 9,1,35.0,0.015,59329.06935292875,64634.206735854954,0.0,1962.6709708316412
29,NL0 0 CCGT,NL0 0,1,575.0,43.272866666666665,5472.580873006706,540923.5908802451,3.1467340019788556e6,65231.98055790374
29,NL0 1 biomass,NL0 1,1,71.0,19.979914529914527,5472.580873006706,322772.0821956153,388553.2419834761,12070.0
29,NL0 1 waste,NL0 1,1,31.0,34.1135,5472.580873006706,69198.42877354372,169650.0070632079,4660.0
29,NL0 10 CCGT,NL0 10,1,507.0,43.27286666666667,5472.580873006706,476953.49665440666,2.7745985026144e6,50507.7708148692
29,NL0 10 waste,NL0 10,1,150.0,34.1135,5472.580873006706,334831.10696875985,820887.1309510058,22005.65019938322
29,NL0 11 CCGT,NL0 11,1,72.0,43.27286666666667,5472.580873006706,67733.04094500448,394025.8228564828,6664.212796500901
29,NL0 11 biomass,NL0 11,1,20.0,19.979914529914527,5472.580873006706,90921.71329453951,109451.61746013412,3420.0
29,NL0 11 waste,NL0 11,1,50.0,34.1135,5472.580873006706,111610.36898958655,273629.0436503353,7496.727469938507
29,NL0 13 CCGT,NL0 13,1,50.0,43.27286666666667,5472.580873006706,47036.833989586456,273629.0436503353,4711.291966320339
29,NL0 13 biomass,NL0 13,1,77.0,19.979914529914527,5472.580873006706,350048.5961839771,421388.7272215163,13244.0
29,NL0 16 CCGT,NL0 16,1,268.0,43.27286666666667,5472.580873006706,252117.43018418347,1.466651673965797e6,26621.488438646134
29,NL0 17 CCGT,NL0 17,1,107.0,43.27286666666667,5472.580873006706,100658.82473771503,585566.1534117175,10635.732700974178
29,NL0 18 CCGT,NL0 18,1,112.0,43.27286666666667,5472.580873006706,105362.50813667366,612929.057776751,10108.231833734464
29,NL0 19 CCGT,NL0 19,1,523.0,53.04262929292929,5472.580873006706,286383.1175012115,2.862159796582507e6,11442.17409404747
29,NL0 19 biomass,NL0 19,1,49.0,19.979914529914527,5472.580873006706,222758.1975716218,268156.46277732856,8428.0
29,NL0 19 waste,NL0 19,1,36.0,34.1135,5472.580873006706,80359.4656725024,197012.9114282414,5197.964467897103
29,NL0 2 CCGT,NL0 2,1,272.5,43.27286666666667,5472.580873006706,256350.74524324626,1.4912782878943272e6,27108.772711525493
29,NL0 21 CCGT,NL0 21,1,85.0,43.27286666666667,5472.580873006706,79962.61778229693,465169.37420556997,8159.6
29,NL0 22 CCGT,NL0 22,1,100.0,43.27286666666667,5472.580873006706,94073.66797917288,547258.0873006706,9400.0
29,NL0 22 biomass,NL0 22,1,500.0,19.979914529914527,5472.580873006706,2.2730428323634895e6,2.7362904365033526e6,88506.98547695727
29,NL0 23 CCGT,NL0 23,1,964.0,43.8530553226903,5472.580873006706,870323.5031578825,5.275567961578464e6,47693.60984839019
29,NL0 24 CCGT,NL0 24,1,684.0,67.50263035262032,5472.580873006706,184434.5865851177,3.7432453171365866e6,10714.13175820127
29,NL0 25 waste,NL0 25,1,54.0,34.1135,5472.580873006706,120539.19850875347,295519.3671423621,7906.430748912018
29,NL0 27 CCGT,NL0 27,1,984.0,43.27286666666667,5472.580873006706,925684.8929150617,5.385019579038599e6,99494.29395932608
29,NL0 27 biomass,NL0 27,1,22.0,19.979914529914527,5472.580873006706,100013.88462399352,120396.77920614752,3784.0
29,NL0 27 waste,NL0 27,1,71.2,34.1135,5472.580873006706,158933.1654411713,389647.7581580774,10745.94571561754
29,NL0 28 CCGT,NL0 28,1,144.0,43.27286666666667,5472.580873006706,135466.08189000905,788051.6457129656,14343.210574208275
29,NL0 3 CCGT,NL0 3,1,1907.0,51.41762846054192,5472.580873006706,1.1124058873594762e6,1.0436211724823788e7,58777.9806405065
29,NL0 3 biomass,NL0 3,1,22.0,19.979914529914527,5472.580873006706,100013.88462399352,120396.77920614752,3784.0
29,NL0 3 waste,NL0 3,1,108.0,34.1135,5472.580873006706,241078.39701750694,591038.7342847242,16209.187184697075
29,NL0 30 biomass,NL0 30,1,60.0,19.979914529914527,5472.580873006706,272765.1398836184,328354.8523804023,10197.758589916517
29,NL0 31 CCGT,NL0 31,1,3341.0,85.4787109164719,5472.580873006706,9.119327299486274e-10,1.8283892696715403e7,23559.45397882022
29,NL0 5 CCGT,NL0 5,1,49.6,43.27286666666667,5472.580873006706,46660.539317669776,271440.0113011326,4563.199999999998
29,NL0 6 CCGT,NL0 6,1,1608.4,43.27286666666667,5472.580873006706,1.5130808757770178e6,8.802099076143986e6,161231.41461989353
29,NL0 7 CCGT,NL0 7,1,1398.0,43.6729395310492,5472.580873006706,1.2759987478403628e6,7.6506680604633745e6,85506.53181069877
29,NL0 7 nuclear,NL0 7,1,515.0,27.322803680981593,5472.580873006706,1.7021457600712704e6,2.818379149598453e6,84102.42124441595
29,NL0 7 waste,NL0 7,1,39.0,34.1135,5472.580873006706,87056.08781187762,213430.65404726152,5728.133868175018
29,NL0 8 CCGT,NL0 8,1,447.0,58.928107624263944,5472.580873006706,189520.2300529806,2.4462436502339975e6,8652.10430331642
29,NL0 8 biomass,NL0 8,1,36.0,19.979914529914527,5472.580873006706,163659.0839301714,197012.9114282414,6169.731927756986
29,NL0 8 waste,NL0 8,1,157.0,34.1135,5472.580873006706,350456.55862730206,859195.1970620528,23479.465808993453
29,NL0 9 biomass,NL0 9,1,20.0,19.979914529914527,5472.580873006706,90921.71329453951,109451.61746013412,3420.0
29,NL0 0 0 solar,NL0 0,1,144.0,0.01,59329.06935292875,143777.1718136401,0.0,3495.7738491645578
29,NL0 1 0 solar,NL0 1,1,291.5,0.01,5472.580873006706,279083.88681448676,0.0,6948.705449759602
29,NL0 10 0 solar,NL0 10,1,120.1,0.01,5472.580873006706,123510.80794349074,0.0,3035.911304769089
29,NL0 11 0 solar,NL0 11,1,436.4,0.01,23609.045991150833,411901.3058784065,0.0,10306.481755249355
29,NL0 12 0 solar,NL0 12,1,203.1,0.01,5472.580873006706,191990.80544541523,0.0,4820.92251154439
29,NL0 13 0 solar,NL0 13,1,473.2,0.01,23609.045991150833,452951.73890675174,0.0,11187.121113824795
29,NL0 14 0 solar,NL0 14,1,85.3,0.01,23609.045991150833,84067.00358636606,0.0,2087.7663698282927
29,NL0 15 0 solar,NL0 15,1,369.4,0.01,23609.045991150833,346685.28503442707,0.0,8736.034836219216
29,NL0 16 0 solar,NL0 16,1,68.8,0.01,59329.06935292875,69599.92687591027,0.0,1691.4298225830848
29,NL0 17 0 solar,NL0 17,1,63.1,0.01,59329.06935292875,65394.03954021666,0.0,1589.8866005603036
29,NL0 18 0 solar,NL0 18,1,13.399999999999999,0.01,59329.06935292875,13705.304222902532,0.0,335.710111700008
29,NL0 19 0 solar,NL0 19,1,75.60000000000001,0.01,23609.045991150833,70863.94290967542,0.0,1815.0254919597055
29,NL0 2 0 solar,NL0 2,1,1109.1,0.01,23609.045991150833,1.0323424735205562e6,0.0,26402.661517956996
29,NL0 20 0 solar,NL0 20,1,331.2,0.01,23609.045991150833,320483.9317679877,0.0,7909.5604725700005
29,NL0 21 0 solar,NL0 21,1,40.5,0.01,23609.045991150833,41600.66565576048,0.0,1013.9430253950717
29,NL0 22 0 solar,NL0 22,1,263.3,0.01,23609.045991150833,260617.55609716478,0.0,6361.56546158242
29,NL0 23 0 solar,NL0 23,1,57.1,0.01,5472.580873006706,57564.46412102373,0.0,1403.2936270342718
29,NL0 24 0 solar,NL0 24,1,99.8,0.01,59329.06935292875,98258.96051930617,0.0,2393.4015185461817
29,NL0 25 0 solar,NL0 25,1,663.4,0.01,5472.580873006706,623417.0481376502,0.0,15835.542397299549
29,NL0 26 0 solar,NL0 26,1,156.2,0.01,23609.045991150833,154151.3282016009,0.0,3821.2856187503758
29,NL0 27 0 solar,NL0 27,1,103.1,0.01,5472.580873006706,107361.95522086935,0.0,2649.1257341788905
29,NL0 28 0 solar,NL0 28,1,105.3,0.01,23609.045991150833,100355.16709245981,0.0,2489.1644574964166
29,NL0 3 0 solar,NL0 3,1,84.5,0.01,23609.045991150833,85165.20527245209,0.0,2070.9188767275286
29,NL0 30 0 solar,NL0 30,1,3.6,0.01,23609.045991150833,3668.2574639459576,0.0,89.82355962877534
29,NL0 31 0 solar,NL0 31,1,44.8,0.01,5472.580873006706,42321.02586653224,0.0,1072.8423780802711
29,NL0 4 0 solar,NL0 4,1,142.8,0.01,23609.045991150833,136790.37822099504,0.0,3403.277910451907
29,NL0 5 0 solar,NL0 5,1,351.7,0.01,5472.580873006706,342365.7706028363,0.0,8409.128930464909
29,NL0 6 0 solar,NL0 6,1,260.3,0.01,59329.06935292875,262068.4421732812,0.0,6427.157527688587
29,NL0 7 0 solar,NL0 7,1,553.2,0.01,5472.580873006706,550871.4655114004,0.0,13445.138753780626
29,NL0 8 0 solar,NL0 8,1,79.5,0.01,5472.580873006706,79242.76000531408,0.0,1927.2751274433406
29,NL0 9 0 solar,NL0 9,1,299.5,0.01,23609.045991150833,289172.5962436978,0.0,7188.544634543878
29,NL0 20 0 offwind-ac,NL0 20,1,578.0,0.015,23609.045991150833,2.0897042570821068e6,0.0,59138.97697085986
29,NL0 27 0 offwind-ac,NL0 27,1,4583.0,0.015,23609.045991150833,1.836492725802474e7,0.0,516190.3514057817
29,NL0 31 0 offwind-ac,NL0 31,1,600.0,0.015,23609.045991150833,2.3448754266029424e6,0.0,65255.85907148187
29,NL0 32 0 offwind-ac,NL0 32,1,608.0,0.015,5472.580873006706,2.5122772306798655e6,0.0,69156.94234188387
29,NL0 7 0 offwind-ac,NL0 7,1,752.0,0.015,59329.06935292875,3.1154508015855406e6,0.0,85048.06382011091
29,NL0 0 0 onwind,NL0 0,1,59.0,0.015,5472.580873006706,141581.73699949784,0.0,4312.188958882953
29,NL0 1 0 onwind,NL0 1,1,75.0,0.015,23609.045991150833,144987.223672517,0.0,4517.563198177441
29,NL0 10 0 onwind,NL0 10,1,428.0,0.015,5472.580873006706,1.4291400869199412e6,0.0,42043.66180313579
29,NL0 11 0 onwind,NL0 11,1,21.0,0.015,23609.045991150833,40420.12081248227,0.0,1321.2105832325692
29,NL0 12 0 onwind,NL0 12,1,54.0,0.015,5472.580873006706,157750.11158850274,0.0,4717.956149718755
29,NL0 13 0 onwind,NL0 13,1,23.0,0.015,23609.045991150833,48363.225696769005,0.0,1532.6220690771631
29,NL0 14 0 onwind,NL0 14,1,61.0,0.015,23609.045991150833,204206.8002025359,0.0,5895.2069727657245
29,NL0 15 0 onwind,NL0 15,1,52.0,0.015,23609.045991150833,110981.05180824433,0.0,3607.5251690491696
29,NL0 17 0 onwind,NL0 17,1,27.0,0.015,59329.06935292875,77212.90743965164,0.0,2329.4259550095826
29,NL0 19 0 onwind,NL0 19,1,532.0,0.015,5472.580873006706,1.3460316067230038e6,0.0,41147.17356926544
29,NL0 2 0 onwind,NL0 2,1,472.8,0.015,5472.580873006706,1.0549214371896542e6,0.0,33400.554721520675
29,NL0 20 0 onwind,NL0 20,1,822.2,0.015,23609.045991150833,2.2296443636200447e6,0.0,66318.52842322939
29,NL0 21 0 onwind,NL0 21,1,36.0,0.015,59329.06935292875,104484.76563321071,0.0,3177.115111693349
29,NL0 22 0 onwind,NL0 22,1,122.7,0.015,5472.580873006706,259097.5009444907,0.0,8020.196233036864
29,NL0 23 0 onwind,NL0 23,1,127.0,0.015,23609.045991150833,371375.7050556639,0.0,11120.855674031895
29,NL0 24 0 onwind,NL0 24,1,33.0,0.015,5472.580873006706,87218.32571815484,0.0,2629.3354574730824
29,NL0 27 0 onwind,NL0 27,1,21.6,0.015,59329.06935292875,74449.90450443185,0.0,2137.7045521535388
29,NL0 3 0 onwind,NL0 3,1,284.6,0.015,5472.580873006706,734639.6276889532,0.0,21185.902156551838
29,NL0 30 0 onwind,NL0 30,1,31.0,0.015,59329.06935292875,89651.52416415488,0.0,2722.483397118999
29,NL0 31 0 onwind,NL0 31,1,216.0,0.015,59329.06935292875,634984.0143862665,0.0,18191.74748209517
29,NL0 4 0 onwind,NL0 4,1,287.0,0.015,59329.06935292875,733311.6964016734,0.0,22388.851718427308
29,NL0 5 0 onwind,NL0 5,1,21.0,0.015,23609.045991150833,39673.869513893376,0.0,1241.55366161705
29,NL0 6 0 onwind,NL0 6,1,35.0,0.015,5472.580873006706,65026.749012613116,0.0,2070.815097970369
29,NL0 7 0 onwind,NL0 7,1,374.3,0.015,5472.580873006706,974864.6796991499,0.0,29784.7744295002
29,NL0 8 0 onwind,NL0 8,1,101.1,0.015,59329.06935292875,229603.3320273519,0.0,7238.360787945647
29,NL0 9 0 onwind,NL0 9,1,35.0,0.015,23609.045991150833,64634.206735854954,0.0,2115.0035191784173
30,NL0 0 CCGT,NL0 0,1,575.0,43.272866666666665,5472.580873014664,540923.590880245,3.1467340019834316e6,60602.92273135414
30,NL0 1 biomass,NL0 1,1,71.0,19.979914529914527,5472.580873014664,322772.0821956153,388553.2419840411,12212.0
30,NL0 1 waste,NL0 1,1,31.0,34.1135,5472.580873014664,69198.42877354371,169650.00706345457,4558.7082861502
30,NL0 10 CCGT,NL0 10,1,507.0,43.27286666666667,5472.580873014664,476953.49665440666,2.7745985026184344e6,51609.85101468275
30,NL0 10 waste,NL0 10,1,150.0,34.1135,5472.580873014664,334831.10696875997,820887.1309521996,22201.9862160944
30,NL0 11 CCGT,NL0 11,1,72.0,43.27286666666667,5472.580873014664,67733.04094500451,394025.8228570558,6984.0
30,NL0 11 biomass,NL0 11,1,20.0,19.979914529914527,5472.580873014664,90921.71329453951,109451.61746029327,3440.0
30,NL0 11 waste,NL0 11,1,50.0,34.1135,5472.580873014664,111610.36898958655,273629.0436507332,7550.0
30,NL0 13 CCGT,NL0 13,1,50.0,43.27286666666667,5472.580873014664,47036.83398958648,273629.0436507332,4700.0
30,NL0 13 biomass,NL0 13,1,77.0,19.979914529914527,5472.580873014664,350048.59618397715,421388.7272221291,13170.758589916517
30,NL0 16 CCGT,NL0 16,1,268.0,43.27286666666667,5472.580873014664,252117.43018418344,1.4666516739679298e6,25588.45787011186
30,NL0 17 CCGT,NL0 17,1,107.0,43.27286666666667,5472.580873014664,100658.82473771497,585566.153412569,9922.004656159721
30,NL0 18 CCGT,NL0 18,1,112.0,43.27286666666667,5472.580873014664,105362.5081366737,612929.0577776423,10861.653019056419
30,NL0 19 CCGT,NL0 19,1,523.0,53.04262929292929,5472.580873014664,286383.1175012115,2.862159796586669e6,11442.174094047414
30,NL0 19 biomass,NL0 19,1,49.0,19.979914529914527,5472.580873014664,222758.19757162177,268156.4627777185,8428.0
30,NL0 19 waste,NL0 19,1,36.0,34.1135,5472.580873014664,80359.4656725024,197012.9114285279,5379.413857978176
30,NL0 2 CCGT,NL0 2,1,272.5,43.27286666666667,5472.580873014664,256350.74524324626,1.4912782878964958e6,27795.0
30,NL0 21 CCGT,NL0 21,1,85.0,43.27286666666667,5472.580873014664,79962.61778229696,465169.3742062464,8414.697944390979
30,NL0 22 CCGT,NL0 22,1,100.0,43.27286666666667,5472.580873014664,94073.66797917294,547258.0873014664,10227.073528431156
30,NL0 22 biomass,NL0 22,1,500.0,19.979914529914527,5472.580873014664,2.2730428323634886e6,2.7362904365073317e6,88253.71740471426
30,NL0 23 CCGT,NL0 23,1,964.0,43.8530553226903,5472.580873014664,870323.5031578824,5.275567961586135e6,47693.60984839019
30,NL0 24 CCGT,NL0 24,1,684.0,67.50263035262032,5472.580873014664,184434.58658511768,3.7432453171420298e6,10714.131758202939
30,NL0 25 waste,NL0 25,1,54.0,34.1135,5472.580873014664,120539.19850875348,295519.36714279186,8015.915471299604
30,NL0 27 CCGT,NL0 27,1,984.0,43.27286666666667,5472.580873014664,925684.892915062,5.385019579046429e6,103557.37222543189
30,NL0 27 biomass,NL0 27,1,22.0,19.979914529914527,5472.580873014664,100013.88462399352,120396.7792063226,3784.0
30,NL0 27 waste,NL0 27,1,71.2,34.1135,5472.580873014664,158933.16544117124,389647.7581586441,10530.98133186641
30,NL0 28 CCGT,NL0 28,1,144.0,43.27286666666667,5472.580873014664,135466.081890009,788051.6457141116,14356.302363973624
30,NL0 3 CCGT,NL0 3,1,1907.0,51.41762846054192,5472.580873014664,1.1124058873594762e6,1.0436211724838963e7,58777.98064051038
30,NL0 3 biomass,NL0 3,1,22.0,19.979914529914527,5472.580873014664,100013.88462399352,120396.7792063226,3784.0
30,NL0 3 waste,NL0 3,1,108.0,34.1135,5472.580873014664,241078.39701750697,591038.7342855837,16139.45643258894
30,NL0 30 biomass,NL0 30,1,60.0,19.979914529914527,5472.580873014664,272765.1398836184,328354.8523808798,10320.0
30,NL0 31 CCGT,NL0 31,1,3341.0,85.4787109164719,5472.580873014664,8.054063635051249e-10,1.828389269674199e7,23559.45397882914
30,NL0 5 CCGT,NL0 5,1,49.6,43.27286666666667,5472.580873014664,46660.53931766979,271440.0113015273,4755.446529799803
30,NL0 6 CCGT,NL0 6,1,1608.4,43.27286666666667,5472.580873014664,1.5130808757770176e6,8.802099076156786e6,159406.41909050982
30,NL0 7 CCGT,NL0 7,1,1398.0,43.6729395310492,5472.580873014664,1.2759987478403628e6,7.6506680604745e6,85506.53181069877
30,NL0 7 nuclear,NL0 7,1,515.0,27.322803680981593,5472.580873014664,1.7021457600712709e6,2.818379149602552e6,84102.42124441595
30,NL0 7 waste,NL0 7,1,39.0,34.1135,5472.580873014664,87056.08781187763,213430.65404757188,5849.363288600355
30,NL0 8 CCGT,NL0 8,1,447.0,58.928107624263944,5472.580873014664,189520.23005298054,2.4462436502375547e6,8652.104303317303
30,NL0 8 biomass,NL0 8,1,36.0,19.979914529914527,5472.580873014664,163659.0839301714,197012.9114285279,6192.0
30,NL0 8 waste,NL0 8,1,157.0,34.1135,5472.580873014664,350456.55862730206,859195.1970633022,23203.680579035936
30,NL0 9 biomass,NL0 9,1,20.0,19.979914529914527,5472.580873014664,90921.71329453951,109451.61746029327,3440.0
30,NL0 0 0 solar,NL0 0,1,144.0,0.01,59329.06935292875,143777.17181364013,0.0,3495.7738491645578
30,NL0 1 0 solar,NL0 1,1,291.5,0.01,59329.06935292875,279083.88681448676,0.0,6948.705449759602
30,NL0 10 0 solar,NL0 10,1,120.1,0.01,59329.06935292875,123510.80794349074,0.0,3035.911304769089
30,NL0 11 0 solar,NL0 11,1,436.4,0.01,59329.06935292875,411901.30587840657,0.0,10306.481755249355
30,NL0 12 0 solar,NL0 12,1,203.1,0.01,59329.06935292875,191990.80544541526,0.0,4820.92251154439
30,NL0 13 0 solar,NL0 13,1,473.2,0.01,59329.06935292875,452951.73890675174,0.0,11187.121113824795
30,NL0 14 0 solar,NL0 14,1,85.3,0.01,59329.06935292875,84067.00358636606,0.0,2087.7663698282927
30,NL0 15 0 solar,NL0 15,1,369.4,0.01,59329.06935292875,346685.28503442707,0.0,8736.034836219216
30,NL0 16 0 solar,NL0 16,1,68.8,0.01,59329.06935292875,69599.92687591027,0.0,1691.4298225830848
30,NL0 17 0 solar,NL0 17,1,63.1,0.01,59329.06935292875,65394.03954021667,0.0,1589.8866005603036
30,NL0 18 0 solar,NL0 18,1,13.399999999999999,0.01,59329.06935292875,13705.304222902532,0.0,335.710111700008
30,NL0 19 0 solar,NL0 19,1,75.60000000000001,0.01,59329.06935292875,70863.94290967542,0.0,1815.0254919597055
30,NL0 2 0 solar,NL0 2,1,1109.1,0.01,59329.06935292875,1.0323424735205562e6,0.0,26402.661517956996
30,NL0 20 0 solar,NL0 20,1,331.2,0.01,59329.06935292875,320483.9317679877,0.0,7909.5604725700005
30,NL0 21 0 solar,NL0 21,1,40.5,0.01,59329.06935292875,41600.66565576048,0.0,1013.9430253950717
30,NL0 22 0 solar,NL0 22,1,263.3,0.01,59329.06935292875,260617.55609716478,0.0,6361.56546158242
30,NL0 23 0 solar,NL0 23,1,57.1,0.01,59329.06935292875,57564.46412102373,0.0,1403.2936270342718
30,NL0 24 0 solar,NL0 24,1,99.8,0.01,59329.06935292875,98258.96051930617,0.0,2393.4015185461817
30,NL0 25 0 solar,NL0 25,1,663.4,0.01,59329.06935292875,623417.0481376504,0.0,15835.542397299549
30,NL0 26 0 solar,NL0 26,1,156.2,0.01,59329.06935292875,154151.3282016009,0.0,3821.2856187503758
30,NL0 27 0 solar,NL0 27,1,103.1,0.01,59329.06935292875,107361.95522086936,0.0,2649.1257341788905
30,NL0 28 0 solar,NL0 28,1,105.3,0.01,59329.06935292875,100355.16709245981,0.0,2489.1644574964166
30,NL0 3 0 solar,NL0 3,1,84.5,0.01,59329.06935292875,85165.20527245209,0.0,2070.9188767275286
30,NL0 30 0 solar,NL0 30,1,3.6,0.01,59329.06935292875,3668.2574639459576,0.0,89.82355962877534
30,NL0 31 0 solar,NL0 31,1,44.8,0.01,59329.06935292875,42321.02586653224,0.0,1072.8423780802711
30,NL0 4 0 solar,NL0 4,1,142.8,0.01,59329.06935292875,136790.37822099504,0.0,3403.277910451907
30,NL0 5 0 solar,NL0 5,1,351.7,0.01,59329.06935292875,342365.7706028363,0.0,8409.128930464909
30,NL0 6 0 solar,NL0 6,1,260.3,0.01,59329.06935292875,262068.44217328122,0.0,6427.157527688587
30,NL0 7 0 solar,NL0 7,1,553.2,0.01,59329.06935292875,550871.4655114005,0.0,13445.138753780626
30,NL0 8 0 solar,NL0 8,1,79.5,0.01,59329.06935292875,79242.76000531408,0.0,1927.2751274433406
30,NL0 9 0 solar,NL0 9,1,299.5,0.01,59329.06935292875,289172.5962436978,0.0,7188.544634543878
30,NL0 20 0 offwind-ac,NL0 20,1,578.0,0.015,59329.06935292875,2.089704257082107e6,0.0,54020.78697085987
30,NL0 27 0 offwind-ac,NL0 27,1,4583.0,0.015,59329.06935292875,1.8364927258024745e7,0.0,509965.7804247142
30,NL0 31 0 offwind-ac,NL0 31,1,600.0,0.015,59329.06935292875,2.3448754266029424e6,0.0,65002.40995494072
30,NL0 32 0 offwind-ac,NL0 32,1,608.0,0.015,59329.06935292875,2.5122772306798655e6,0.0,70162.48686909239
30,NL0 7 0 offwind-ac,NL0 7,1,752.0,0.015,59329.06935292875,3.1154508015855406e6,0.0,85460.08856763809
30,NL0 0 0 onwind,NL0 0,1,59.0,0.015,59329.06935292875,141581.73699949784,0.0,4423.345107547118
30,NL0 1 0 onwind,NL0 1,1,75.0,0.015,59329.06935292875,144987.223672517,0.0,4517.658299818789
30,NL0 10 0 onwind,NL0 10,1,428.0,0.015,59329.06935292875,1.4291400869199412e6,0.0,42899.58939304398
30,NL0 11 0 onwind,NL0 11,1,21.0,0.015,59329.06935292875,40420.12081248227,0.0,1307.6695123700767
30,NL0 12 0 onwind,NL0 12,1,54.0,0.015,59329.06935292875,157750.11158850274,0.0,4771.910600543067
30,NL0 13 0 onwind,NL0 13,1,23.0,0.015,59329.06935292875,48363.225696769005,0.0,1532.6220690771631
30,NL0 14 0 onwind,NL0 14,1,61.0,0.015,59329.06935292875,204206.80020253593,0.0,6037.66177756561
30,NL0 15 0 onwind,NL0 15,1,52.0,0.015,59329.06935292875,110981.05180824433,0.0,3566.2068649493503
30,NL0 17 0 onwind,NL0 17,1,27.0,0.015,59329.06935292875,77212.90743965164,0.0,2303.0576664619116
30,NL0 19 0 onwind,NL0 19,1,532.0,0.015,59329.06935292875,1.3460316067230038e6,0.0,42486.97601131978
30,NL0 2 0 onwind,NL0 2,1,472.8,0.015,59329.06935292875,1.0549214371896542e6,0.0,33882.00351157511
30,NL0 20 0 onwind,NL0 20,1,822.2,0.015,59329.06935292875,2.2296443636200447e6,0.0,69336.60955946345
30,NL0 21 0 onwind,NL0 21,1,36.0,0.015,59329.06935292875,104484.76563321071,0.0,3141.3564070712346
30,NL0 22 0 onwind,NL0 22,1,122.7,0.015,59329.06935292875,259097.5009444907,0.0,8192.937013623796
30,NL0 23 0 onwind,NL0 23,1,127.0,0.015,59329.06935292875,371375.7050556639,0.0,11093.175682684092
30,NL0 24 0 onwind,NL0 24,1,33.0,0.015,59329.06935292875,87218.32571815483,0.0,2695.335457473082
30,NL0 27 0 onwind,NL0 27,1,21.6,0.015,59329.06935292875,74449.90450443185,0.0,2137.707877365423
30,NL0 3 0 onwind,NL0 3,1,284.6,0.015,59329.06935292875,734639.6276889532,0.0,22949.068991724038
30,NL0 30 0 onwind,NL0 30,1,31.0,0.015,59329.06935292875,89651.52416415488,0.0,2692.1132215717694
30,NL0 31 0 onwind,NL0 31,1,216.0,0.015,59329.06935292875,634984.0143862665,0.0,19369.54699704878
30,NL0 4 0 onwind,NL0 4,1,287.0,0.015,59329.06935292875,733311.6964016734,0.0,23084.587646299056
30,NL0 5 0 onwind,NL0 5,1,21.0,0.015,59329.06935292875,39673.869513893376,0.0,1270.3927773915407
30,NL0 6 0 onwind,NL0 6,1,35.0,0.015,59329.06935292875,65026.749012613116,0.0,2126.9213407013876
30,NL0 7 0 onwind,NL0 7,1,374.3,0.015,59329.06935292875,974864.6796991499,0.0,30159.0744295002
30,NL0 8 0 onwind,NL0 8,1,101.1,0.015,59329.06935292875,229603.3320273519,0.0,7323.460787945647
30,NL0 9 0 onwind,NL0 9,1,35.0,0.015,59329.06935292875,64634.206735854954,0.0,2045.9686705959102
31,NL0 0 CCGT,NL0 0,1,575.0,43.272866666666665,5472.580873008178,540923.5908802449,3.146734001979702e6,58897.437354744885
31,NL0 1 biomass,NL0 1,1,71.0,19.979914529914527,5472.580873008178,322772.0821956153,388553.24198358064,12212.0
31,NL0 1 waste,NL0 1,1,31.0,34.1135,5472.580873008178,69198.42877354371,169650.00706325352,4600.7082861502
31,NL0 10 CCGT,NL0 10,1,507.0,43.27286666666667,5472.580873008178,476953.4966544067,2.7745985026151463e6,49984.68500814886
31,NL0 10 waste,NL0 10,1,150.0,34.1135,5472.580873008178,334831.10696875997,820887.1309512267,22556.431053620236
31,NL0 11 CCGT,NL0 11,1,72.0,43.27286666666667,5472.580873008178,67733.04094500451,394025.8228565888,6768.0
31,NL0 11 biomass,NL0 11,1,20.0,19.979914529914527,5472.580873008178,90921.7132945395,109451.61746016356,3440.0
31,NL0 11 waste,NL0 11,1,50.0,34.1135,5472.580873008178,111610.36898958655,273629.0436504089,7443.9557498415825
31,NL0 13 CCGT,NL0 13,1,50.0,43.27286666666667,5472.580873008178,47036.83398958647,273629.0436504089,4900.0
31,NL0 13 biomass,NL0 13,1,77.0,19.979914529914527,5472.580873008178,350048.59618397715,421388.7272216297,13170.758589916517
31,NL0 16 CCGT,NL0 16,1,268.0,43.27286666666667,5472.580873008178,252117.43018418347,1.4666516739661917e6,26412.31235366533
31,NL0 17 CCGT,NL0 17,1,107.0,43.27286666666667,5472.580873008178,100658.824737715,585566.153411875,10162.402363973624
31,NL0 18 CCGT,NL0 18,1,112.0,43.27286666666667,5472.580873008178,105362.50813667368,612929.057776916,10656.716915227265
31,NL0 19 CCGT,NL0 19,1,523.0,53.04262929292929,5472.580873008178,286383.1175012114,2.862159796583277e6,11442.174094047416
31,NL0 19 biomass,NL0 19,1,49.0,19.979914529914527,5472.580873008178,222758.1975716218,268156.46277740074,8428.0
31,NL0 19 waste,NL0 19,1,36.0,34.1135,5472.580873008178,80359.46567250241,197012.9114282944,5364.0
31,NL0 2 CCGT,NL0 2,1,272.5,43.27286666666667,5472.580873008178,256350.7452432462,1.4912782878947286e6,26123.568428060204
31,NL0 21 CCGT,NL0 21,1,85.0,43.27286666666667,5472.580873008178,79962.61778229699,465169.3742056951,8500.0
31,NL0 22 CCGT,NL0 22,1,100.0,43.27286666666667,5472.580873008178,94073.66797917294,547258.0873008178,10100.0
31,NL0 22 biomass,NL0 22,1,500.0,19.979914529914527,5472.580873008178,2.273042832363489e6,2.736290436504089e6,88273.7174047142
31,NL0 23 CCGT,NL0 23,1,964.0,43.8530553226903,5472.580873008178,870323.5031578825,5.2755679615798835e6,47693.60984839019
31,NL0 24 CCGT,NL0 24,1,684.0,67.50263035262032,5472.580873008178,184434.58658511762,3.743245317137594e6,10714.131758203031
31,NL0 25 waste,NL0 25,1,54.0,34.1135,5472.580873008178,120539.1985087535,295519.3671424416,7941.32932927778
31,NL0 27 CCGT,NL0 27,1,984.0,43.27286666666667,5472.580873008178,925684.8929150618,5.385019579040047e6,101399.03932208364
31,NL0 27 biomass,NL0 27,1,22.0,19.979914529914527,5472.580873008178,100013.88462399352,120396.77920617991,3784.0
31,NL0 27 waste,NL0 27,1,71.2,34.1135,5472.580873008178,158933.16544117124,389647.7581581823,10537.60000000001
31,NL0 28 CCGT,NL0 28,1,144.0,43.27286666666667,5472.580873008178,135466.08189000902,788051.6457131776,14038.853335576834
31,NL0 3 CCGT,NL0 3,1,1907.0,51.41762846054192,5472.580873008178,1.112405887359476e6,1.0436211724826595e7,58777.98064051039
31,NL0 3 biomass,NL0 3,1,22.0,19.979914529914527,5472.580873008178,100013.88462399352,120396.77920617991,3784.0
31,NL0 3 waste,NL0 3,1,108.0,34.1135,5472.580873008178,241078.397017507,591038.7342848832,15911.686173685637
31,NL0 30 biomass,NL0 30,1,60.0,19.979914529914527,5472.580873008178,272765.1398836184,328354.8523804907,10320.0
31,NL0 31 CCGT,NL0 31,1,3341.0,85.4787109164719,5472.580873008178,4.846265395176771e-10,1.8283892696720324e7,23559.453978829202
31,NL0 5 CCGT,NL0 5,1,49.6,43.27286666666667,5472.580873008178,46660.5393176698,271440.01130120567,4811.2
31,NL0 6 CCGT,NL0 6,1,1608.4,43.27286666666667,5472.580873008178,1.5130808757770183e6,8.802099076146355e6,166026.9858924221
31,NL0 7 CCGT,NL0 7,1,1398.0,43.6729395310492,5472.580873008178,1.275998747840363e6,7.650668060465433e6,85506.53181069877
31,NL0 7 nuclear,NL0 7,1,515.0,27.322803680981593,5472.580873008178,1.7021457600712709e6,2.8183791495992118e6,84102.42124441595
31,NL0 7 waste,NL0 7,1,39.0,34.1135,5472.580873008178,87056.08781187763,213430.65404731894,5810.363288600355
31,NL0 8 CCGT,NL0 8,1,447.0,58.928107624263944,5472.580873008178,189520.23005298054,2.4462436502346555e6,8652.1043033173
31,NL0 8 biomass,NL0 8,1,36.0,19.979914529914527,5472.580873008178,163659.08393017136,197012.9114282944,6192.0
31,NL0 8 waste,NL0 8,1,157.0,34.1135,5472.580873008178,350456.55862730206,859195.197062284,23263.431582438403
31,NL0 9 biomass,NL0 9,1,20.0,19.979914529914527,5472.580873008178,90921.7132945395,109451.61746016356,3420.0
31,NL0 0 0 solar,NL0 0,1,144.0,0.01,59329.06935292875,143777.17181364013,0.0,3495.7738491645578
31,NL0 1 0 solar,NL0 1,1,291.5,0.01,59329.06935292875,279083.88681448676,0.0,6948.705449759602
31,NL0 10 0 solar,NL0 10,1,120.1,0.01,59329.06935292875,123510.80794349074,0.0,3035.911304769089
31,NL0 11 0 solar,NL0 11,1,436.4,0.01,59329.06935292875,411901.3058784066,0.0,10306.481755249355
31,NL0 12 0 solar,NL0 12,1,203.1,0.01,59329.06935292875,191990.80544541526,0.0,4820.92251154439
31,NL0 13 0 solar,NL0 13,1,473.2,0.01,59329.06935292875,452951.73890675185,0.0,11187.121113824795
31,NL0 14 0 solar,NL0 14,1,85.3,0.01,59329.06935292875,84067.00358636606,0.0,2087.7663698282927
31,NL0 15 0 solar,NL0 15,1,369.4,0.01,59329.06935292875,346685.28503442707,0.0,8736.034836219216
31,NL0 16 0 solar,NL0 16,1,68.8,0.01,59329.06935292875,69599.92687591027,0.0,1691.4298225830848
31,NL0 17 0 solar,NL0 17,1,63.1,0.01,59329.06935292875,65394.03954021667,0.0,1589.8866005603036
31,NL0 18 0 solar,NL0 18,1,13.399999999999999,0.01,59329.06935292875,13705.304222902532,0.0,335.710111700008
31,NL0 19 0 solar,NL0 19,1,75.60000000000001,0.01,59329.06935292875,70863.94290967542,0.0,1815.0254919597055
31,NL0 2 0 solar,NL0 2,1,1109.1,0.01,59329.06935292875,1.0323424735205563e6,0.0,26402.661517956996
31,NL0 20 0 solar,NL0 20,1,331.2,0.01,59329.06935292875,320483.93176798784,0.0,7909.5604725700005
31,NL0 21 0 solar,NL0 21,1,40.5,0.01,59329.06935292875,41600.66565576048,0.0,1013.9430253950717
31,NL0 22 0 solar,NL0 22,1,263.3,0.01,59329.06935292875,260617.55609716478,0.0,6361.56546158242
31,NL0 23 0 solar,NL0 23,1,57.1,0.01,59329.06935292875,57564.46412102373,0.0,1403.2936270342718
31,NL0 24 0 solar,NL0 24,1,99.8,0.01,59329.06935292875,98258.96051930617,0.0,2393.4015185461817
31,NL0 25 0 solar,NL0 25,1,663.4,0.01,59329.06935292875,623417.0481376504,0.0,15835.542397299549
31,NL0 26 0 solar,NL0 26,1,156.2,0.01,59329.06935292875,154151.3282016009,0.0,3821.2856187503758
31,NL0 27 0 solar,NL0 27,1,103.1,0.01,59329.06935292875,107361.95522086936,0.0,2649.1257341788905
31,NL0 28 0 solar,NL0 28,1,105.3,0.01,59329.06935292875,100355.16709245981,0.0,2489.1644574964166
31,NL0 3 0 solar,NL0 3,1,84.5,0.01,59329.06935292875,85165.20527245209,0.0,2070.9188767275286
31,NL0 30 0 solar,NL0 30,1,3.6,0.01,59329.06935292875,3668.257463945957,0.0,89.82355962877534
31,NL0 31 0 solar,NL0 31,1,44.8,0.01,59329.06935292875,42321.02586653224,0.0,1072.8423780802711
31,NL0 4 0 solar,NL0 4,1,142.8,0.01,59329.06935292875,136790.37822099504,0.0,3403.277910451907
31,NL0 5 0 solar,NL0 5,1,351.7,0.01,59329.06935292875,342365.7706028363,0.0,8409.128930464909
31,NL0 6 0 solar,NL0 6,1,260.3,0.01,59329.06935292875,262068.44217328122,0.0,6427.157527688587
31,NL0 7 0 solar,NL0 7,1,553.2,0.01,59329.06935292875,550871.4655114005,0.0,13445.138753780626
31,NL0 8 0 solar,NL0 8,1,79.5,0.01,59329.06935292875,79242.76000531408,0.0,1927.2751274433406
31,NL0 9 0 solar,NL0 9,1,299.5,0.01,59329.06935292875,289172.5962436978,0.0,7188.544634543878
31,NL0 20 0 offwind-ac,NL0 20,1,578.0,0.015,59329.06935292875,2.0897042570821068e6,0.0,55044.42497085987
31,NL0 27 0 offwind-ac,NL0 27,1,4583.0,0.015,59329.06935292875,1.8364927258024745e7,0.0,508454.22765283985
31,NL0 31 0 offwind-ac,NL0 31,1,600.0,0.015,59329.06935292875,2.3448754266029424e6,0.0,65533.70995494073
31,NL0 32 0 offwind-ac,NL0 32,1,608.0,0.015,59329.06935292875,2.5122772306798655e6,0.0,70162.48686909239
31,NL0 7 0 offwind-ac,NL0 7,1,752.0,0.015,59329.06935292875,3.1154508015855406e6,0.0,86125.98456763808
31,NL0 0 0 onwind,NL0 0,1,59.0,0.015,59329.06935292875,141581.73699949784,0.0,4423.345107547118
31,NL0 1 0 onwind,NL0 1,1,75.0,0.015,59329.06935292875,144987.223672517,0.0,4592.658299818788
31,NL0 10 0 onwind,NL0 10,1,428.0,0.015,59329.06935292875,1.4291400869199412e6,0.0,42899.58939304398
31,NL0 11 0 onwind,NL0 11,1,21.0,0.015,59329.06935292875,40420.12081248227,0.0,1307.6695123700767
31,NL0 12 0 onwind,NL0 12,1,54.0,0.015,59329.06935292875,157750.11158850274,0.0,4771.910600543067
31,NL0 13 0 onwind,NL0 13,1,23.0,0.015,59329.06935292875,48363.225696769005,0.0,1555.622069077163
31,NL0 14 0 onwind,NL0 14,1,61.0,0.015,59329.06935292875,204206.8002025359,0.0,5915.66177756561
31,NL0 15 0 onwind,NL0 15,1,52.0,0.015,59329.06935292875,110981.05180824433,0.0,3566.2068649493503
31,NL0 17 0 onwind,NL0 17,1,27.0,0.015,59329.06935292875,77212.90743965164,0.0,2303.0576664619116
31,NL0 19 0 onwind,NL0 19,1,532.0,0.015,59329.06935292875,1.3460316067230038e6,0.0,42486.97601131978
31,NL0 2 0 onwind,NL0 2,1,472.8,0.015,59329.06935292875,1.0549214371896542e6,0.0,33882.00351157511
31,NL0 20 0 onwind,NL0 20,1,822.2,0.015,59329.06935292875,2.2296443636200447e6,0.0,69336.60955946345
31,NL0 21 0 onwind,NL0 21,1,36.0,0.015,59329.06935292875,104484.76563321073,0.0,3177.115111693349
31,NL0 22 0 onwind,NL0 22,1,122.7,0.015,59329.06935292875,259097.50094449072,0.0,8193.468412036254
31,NL0 23 0 onwind,NL0 23,1,127.0,0.015,59329.06935292875,371375.7050556639,0.0,11093.175682684092
31,NL0 24 0 onwind,NL0 24,1,33.0,0.015,59329.06935292875,87218.32571815485,0.0,2695.335457473082
31,NL0 27 0 onwind,NL0 27,1,21.6,0.015,59329.06935292875,74449.90450443185,0.0,2116.1078773654226
31,NL0 3 0 onwind,NL0 3,1,284.6,0.015,59329.06935292875,734639.6276889532,0.0,22726.28265135161
31,NL0 30 0 onwind,NL0 30,1,31.0,0.015,59329.06935292875,89651.52416415488,0.0,2692.1132215717694
31,NL0 31 0 onwind,NL0 31,1,216.0,0.015,59329.06935292875,634984.0143862665,0.0,19153.54699704878
31,NL0 4 0 onwind,NL0 4,1,287.0,0.015,59329.06935292875,733311.6964016735,0.0,22797.591441937933
31,NL0 5 0 onwind,NL0 5,1,21.0,0.015,59329.06935292875,39673.869513893376,0.0,1296.2039909648804
31,NL0 6 0 onwind,NL0 6,1,35.0,0.015,59329.06935292875,65026.749012613116,0.0,2126.9213407013876
31,NL0 7 0 onwind,NL0 7,1,374.3,0.015,59329.06935292875,974864.6796991499,0.0,30159.0744295002
31,NL0 8 0 onwind,NL0 8,1,101.1,0.015,59329.06935292875,229603.33202735192,0.0,7323.460787945647
31,NL0 9 0 onwind,NL0 9,1,35.0,0.015,59329.06935292875,64634.206735854954,0.0,2045.9686705959102
32,NL0 0 CCGT,NL0 0,1,575.0,43.272866666666665,5472.580873014581,540923.5908802451,3.146734001983384e6,60614.67497132826
32,NL0 1 biomass,NL0 1,1,71.0,19.979914529914527,5472.580873014581,322772.0821956153,388553.24198403524,12141.0
32,NL0 1 waste,NL0 1,1,31.0,34.1135,5472.580873014581,69198.42877354372,169650.007063452,4636.431434855493
32,NL0 10 CCGT,NL0 10,1,507.0,43.27286666666667,5472.580873014581,476953.4966544067,2.7745985026183925e6,49913.15573724076
32,NL0 10 waste,NL0 10,1,150.0,34.1135,5472.580873014581,334831.1069687599,820887.1309521871,22551.705057185467
32,NL0 11 CCGT,NL0 11,1,72.0,43.27286666666667,5472.580873014581,67733.04094500453,394025.8228570498,7056.0
32,NL0 11 biomass,NL0 11,1,20.0,19.979914529914527,5472.580873014581,90921.71329453951,109451.61746029161,3440.0
32,NL0 11 waste,NL0 11,1,50.0,34.1135,5472.580873014581,111610.36898958657,273629.04365072906,7369.048996597596
32,NL0 13 CCGT,NL0 13,1,50.0,43.27286666666667,5472.580873014581,47036.833989586485,273629.04365072906,4864.446529799803
32,NL0 13 biomass,NL0 13,1,77.0,19.979914529914527,5472.580873014581,350048.59618397715,421388.7272221227,13244.0
32,NL0 16 CCGT,NL0 16,1,268.0,43.27286666666667,5472.580873014581,252117.43018418347,1.4666516739679077e6,25996.0
32,NL0 17 CCGT,NL0 17,1,107.0,43.27286666666667,5472.580873014581,100658.82473771504,585566.1534125601,10344.218742358753
32,NL0 18 CCGT,NL0 18,1,112.0,43.27286666666667,5472.580873014581,105362.50813667371,612929.0577776331,10883.64904795798
32,NL0 19 CCGT,NL0 19,1,523.0,53.04262929292929,5472.580873014581,286383.1175012115,2.8621597965866257e6,11442.174094047412
32,NL0 19 biomass,NL0 19,1,49.0,19.979914529914527,5472.580873014581,222758.1975716218,268156.4627777145,8428.0
32,NL0 19 waste,NL0 19,1,36.0,34.1135,5472.580873014581,80359.46567250241,197012.9114285249,5361.425582024817
32,NL0 2 CCGT,NL0 2,1,272.5,43.27286666666667,5472.580873014581,256350.7452432464,1.4912782878964732e6,28026.973528431157
32,NL0 21 CCGT,NL0 21,1,85.0,43.27286666666667,5472.580873014581,79962.61778229702,465169.37420623936,8236.575229544043
32,NL0 22 CCGT,NL0 22,1,100.0,43.27286666666667,5472.580873014581,94073.66797917294,547258.0873014581,9747.470235328867
32,NL0 22 biomass,NL0 22,1,500.0,19.979914529914527,5472.580873014581,2.273042832363489e6,2.73629043650729e6,88253.7174047142
32,NL0 23 CCGT,NL0 23,1,964.0,43.8530553226903,5472.580873014581,870323.5031578827,5.275567961586056e6,47693.60984839019
32,NL0 24 CCGT,NL0 24,1,684.0,67.50263035262032,5472.580873014581,184434.58658511768,3.7432453171419734e6,10714.131758203104
32,NL0 25 waste,NL0 25,1,54.0,34.1135,5472.580873014581,120539.1985087535,295519.3671427874,7938.0
32,NL0 27 CCGT,NL0 27,1,984.0,43.27286666666667,5472.580873014581,925684.8929150623,5.385019579046347e6,103764.88528152597
32,NL0 27 biomass,NL0 27,1,22.0,19.979914529914527,5472.580873014581,100013.88462399352,120396.77920632077,3781.7585899165165
32,NL0 27 waste,NL0 27,1,71.2,34.1135,5472.580873014581,158933.1654411713,389647.7581586382,10718.363288600365
32,NL0 28 CCGT,NL0 28,1,144.0,43.27286666666667,5472.580873014581,135466.08189000905,788051.6457140996,14280.483975447354
32,NL0 3 CCGT,NL0 3,1,1907.0,51.41762846054192,5472.580873014581,1.1124058873594764e6,1.0436211724838806e7,58777.98064051114
32,NL0 3 biomass,NL0 3,1,22.0,19.979914529914527,5472.580873014581,100013.88462399352,120396.77920632077,3784.0
32,NL0 3 waste,NL0 3,1,108.0,34.1135,5472.580873014581,241078.397017507,591038.7342855748,15948.755749841583
32,NL0 30 biomass,NL0 30,1,60.0,19.979914529914527,5472.580873014581,272765.1398836184,328354.85238087486,10320.0
32,NL0 31 CCGT,NL0 31,1,3341.0,85.4787109164719,5472.580873014581,8.169757987421343e-10,1.8283892696741715e7,23559.45397882985
32,NL0 5 CCGT,NL0 5,1,49.6,43.27286666666667,5472.580873014581,46660.53931766981,271440.01130152325,4662.399999999999
32,NL0 6 CCGT,NL0 6,1,1608.4,43.27286666666667,5472.580873014581,1.5130808757770178e6,8.802099076156652e6,160390.26769493963
32,NL0 7 CCGT,NL0 7,1,1398.0,43.6729395310492,5472.580873014581,1.2759987478403633e6,7.650668060474384e6,85506.53181069877
32,NL0 7 nuclear,NL0 7,1,515.0,27.322803680981593,5472.580873014581,1.7021457600712709e6,2.818379149602509e6,84102.42124441595
32,NL0 7 waste,NL0 7,1,39.0,34.1135,5472.580873014581,87056.08781187762,213430.65404756865,5704.213857978175
32,NL0 8 CCGT,NL0 8,1,447.0,58.928107624263944,5472.580873014581,189520.2300529806,2.4462436502375174e6,8652.104303317437
32,NL0 8 biomass,NL0 8,1,36.0,19.979914529914527,5472.580873014581,163659.0839301714,197012.9114285249,6192.0
32,NL0 8 waste,NL0 8,1,157.0,34.1135,5472.580873014581,350456.5586273021,859195.1970632892,23201.561496530667
32,NL0 9 biomass,NL0 9,1,20.0,19.979914529914527,5472.580873014581,90921.71329453951,109451.61746029161,3440.0
32,NL0 0 0 solar,NL0 0,1,144.0,0.01,59329.06935292875,143777.17181364013,0.0,3495.7738491645578
32,NL0 1 0 solar,NL0 1,1,291.5,0.01,59329.06935292875,279083.88681448676,0.0,6948.705449759602
32,NL0 10 0 solar,NL0 10,1,120.1,0.01,59329.06935292875,123510.80794349074,0.0,3035.911304769089
32,NL0 11 0 solar,NL0 11,1,436.4,0.01,59329.06935292875,411901.3058784065,0.0,10306.481755249355
32,NL0 12 0 solar,NL0 12,1,203.1,0.01,59329.06935292875,191990.80544541526,0.0,4820.92251154439
32,NL0 13 0 solar,NL0 13,1,473.2,0.01,59329.06935292875,452951.73890675174,0.0,11187.121113824795
32,NL0 14 0 solar,NL0 14,1,85.3,0.01,59329.06935292875,84067.00358636606,0.0,2087.7663698282927
32,NL0 15 0 solar,NL0 15,1,369.4,0.01,59329.06935292875,346685.285034427,0.0,8736.034836219216
32,NL0 16 0 solar,NL0 16,1,68.8,0.01,59329.06935292875,69599.92687591027,0.0,1691.4298225830848
32,NL0 17 0 solar,NL0 17,1,63.1,0.01,59329.06935292875,65394.039540216676,0.0,1589.8866005603036
32,NL0 18 0 solar,NL0 18,1,13.399999999999999,0.01,59329.06935292875,13705.304222902532,0.0,335.710111700008
32,NL0 19 0 solar,NL0 19,1,75.60000000000001,0.01,59329.06935292875,70863.94290967542,0.0,1815.0254919597055
32,NL0 2 0 solar,NL0 2,1,1109.1,0.01,59329.06935292875,1.0323424735205562e6,0.0,26402.661517956996
32,NL0 20 0 solar,NL0 20,1,331.2,0.01,59329.06935292875,320483.9317679877,0.0,7909.5604725700005
32,NL0 21 0 solar,NL0 21,1,40.5,0.01,59329.06935292875,41600.66565576048,0.0,1013.9430253950717
32,NL0 22 0 solar,NL0 22,1,263.3,0.01,59329.06935292875,260617.55609716475,0.0,6361.56546158242
32,NL0 23 0 solar,NL0 23,1,57.1,0.01,59329.06935292875,57564.46412102373,0.0,1403.2936270342718
32,NL0 24 0 solar,NL0 24,1,99.8,0.01,59329.06935292875,98258.96051930617,0.0,2393.4015185461817
32,NL0 25 0 solar,NL0 25,1,663.4,0.01,59329.06935292875,623417.0481376504,0.0,15835.542397299549
32,NL0 26 0 solar,NL0 26,1,156.2,0.01,59329.06935292875,154151.3282016009,0.0,3821.2856187503758
32,NL0 27 0 solar,NL0 27,1,103.1,0.01,59329.06935292875,107361.95522086936,0.0,2649.1257341788905
32,NL0 28 0 solar,NL0 28,1,105.3,0.01,59329.06935292875,100355.16709245981,0.0,2489.1644574964166
32,NL0 3 0 solar,NL0 3,1,84.5,0.01,59329.06935292875,85165.20527245206,0.0,2070.9188767275286
32,NL0 30 0 solar,NL0 30,1,3.6,0.01,59329.06935292875,3668.2574639459576,0.0,89.82355962877534
32,NL0 31 0 solar,NL0 31,1,44.8,0.01,59329.06935292875,42321.02586653224,0.0,1072.8423780802711
32,NL0 4 0 solar,NL0 4,1,142.8,0.01,59329.06935292875,136790.37822099504,0.0,3403.277910451907
32,NL0 5 0 solar,NL0 5,1,351.7,0.01,59329.06935292875,342365.7706028363,0.0,8409.128930464909
32,NL0 6 0 solar,NL0 6,1,260.3,0.01,59329.06935292875,262068.44217328122,0.0,6427.157527688587
32,NL0 7 0 solar,NL0 7,1,553.2,0.01,59329.06935292875,550871.4655114005,0.0,13445.138753780626
32,NL0 8 0 solar,NL0 8,1,79.5,0.01,59329.06935292875,79242.76000531408,0.0,1927.2751274433406
32,NL0 9 0 solar,NL0 9,1,299.5,0.01,59329.06935292875,289172.5962436978,0.0,7188.544634543878
32,NL0 20 0 offwind-ac,NL0 20,1,578.0,0.015,59329.06935292875,2.0897042570821068e6,0.0,59347.16297848926
32,NL0 27 0 offwind-ac,NL0 27,1,4583.0,0.015,59329.06935292875,1.8364927258024745e7,0.0,510604.43515677965
32,NL0 31 0 offwind-ac,NL0 31,1,600.0,0.015,59329.06935292875,2.3448754266029424e6,0.0,64649.9136383849
32,NL0 32 0 offwind-ac,NL0 32,1,608.0,0.015,59329.06935292875,2.5122772306798655e6,0.0,69085.7188690924
32,NL0 7 0 offwind-ac,NL0 7,1,752.0,0.015,59329.06935292875,3.1154508015855406e6,0.0,84794.19256763809
32,NL0 0 0 onwind,NL0 0,1,59.0,0.015,59329.06935292875,141581.73699949784,0.0,4371.133417733347
32,NL0 1 0 onwind,NL0 1,1,75.0,0.015,59329.06935292875,144987.223672517,0.0,4519.4095504428105
32,NL0 10 0 onwind,NL0 10,1,428.0,0.015,59329.06935292875,1.4291400869199412e6,0.0,42899.58939304398
32,NL0 11 0 onwind,NL0 11,1,21.0,0.015,59329.06935292875,40420.12081248227,0.0,1306.3560711717787
32,NL0 12 0 onwind,NL0 12,1,54.0,0.015,59329.06935292875,157750.11158850274,0.0,4717.902267746596
32,NL0 13 0 onwind,NL0 13,1,23.0,0.015,59329.06935292875,48363.225696769005,0.0,1502.3832101354383
32,NL0 14 0 onwind,NL0 14,1,61.0,0.015,59329.06935292875,204206.80020253593,0.0,5915.66177756561
32,NL0 15 0 onwind,NL0 15,1,52.0,0.015,59329.06935292875,110981.05180824433,0.0,3418.511140223919
32,NL0 17 0 onwind,NL0 17,1,27.0,0.015,59329.06935292875,77212.90743965164,0.0,2356.425423940956
32,NL0 19 0 onwind,NL0 19,1,532.0,0.015,59329.06935292875,1.3460316067230036e6,0.0,41959.001781609724
32,NL0 2 0 onwind,NL0 2,1,472.8,0.015,59329.06935292875,1.0549214371896542e6,0.0,34337.746806742805
32,NL0 20 0 onwind,NL0 20,1,822.2,0.015,59329.06935292875,2.2296443636200447e6,0.0,67722.95238420152
32,NL0 21 0 onwind,NL0 21,1,36.0,0.015,59329.06935292875,104484.76563321071,0.0,3105.3564070712346
32,NL0 22 0 onwind,NL0 22,1,122.7,0.015,59329.06935292875,259097.50094449072,0.0,7951.111557924824
32,NL0 23 0 onwind,NL0 23,1,127.0,0.015,59329.06935292875,371375.7050556639,0.0,11271.200894303352
32,NL0 24 0 onwind,NL0 24,1,33.0,0.015,59329.06935292875,87218.32571815484,0.0,2695.335457473082
32,NL0 27 0 onwind,NL0 27,1,21.6,0.015,59329.06935292875,74449.90450443185,0.0,2137.707877365423
32,NL0 3 0 onwind,NL0 3,1,284.6,0.015,59329.06935292875,734639.6276889532,0.0,22174.1395061664
32,NL0 30 0 onwind,NL0 30,1,31.0,0.015,59329.06935292875,89651.52416415488,0.0,2722.574436662335
32,NL0 31 0 onwind,NL0 31,1,216.0,0.015,59329.06935292875,634984.0143862665,0.0,19153.54699704878
32,NL0 4 0 onwind,NL0 4,1,287.0,0.015,59329.06935292875,733311.6964016734,0.0,22809.434382000916
32,NL0 5 0 onwind,NL0 5,1,21.0,0.015,59329.06935292875,39673.869513893376,0.0,1235.9354770109862
32,NL0 6 0 onwind,NL0 6,1,35.0,0.015,59329.06935292875,65026.749012613116,0.0,2092.1490957578335
32,NL0 7 0 onwind,NL0 7,1,374.3,0.015,59329.06935292875,974864.6796991499,0.0,29786.094384448046
32,NL0 8 0 onwind,NL0 8,1,101.1,0.015,59329.06935292875,229603.3320273519,0.0,7222.360787945649
32,NL0 9 0 onwind,NL0 9,1,35.0,0.015,59329.06935292875,64634.206735854954,0.0,2093.0667658549696
33,NL0 0 CCGT,NL0 0,1,575.0,43.272866666666665,5472.580873014765,540923.5908802449,3.14673400198349e6,63211.63853022178
33,NL0 1 biomass,NL0 1,1,71.0,19.979914529914527,5472.580873014765,322772.0821956152,388553.2419840483,12212.0
33,NL0 1 waste,NL0 1,1,31.0,34.1135,5472.580873014765,69198.42877354371,169650.0070634577,4619.915471299604
33,NL0 10 CCGT,NL0 10,1,507.0,43.27286666666667,5472.580873014765,476953.4966544068,2.7745985026184856e6,51727.78235585005
33,NL0 10 waste,NL0 10,1,150.0,34.1135,5472.580873014765,334831.10696875985,820887.1309522147,22405.9401254202
33,NL0 11 CCGT,NL0 11,1,72.0,43.27286666666667,5472.580873014765,67733.04094500454,394025.82285706303,7272.0
33,NL0 11 biomass,NL0 11,1,20.0,19.979914529914527,5472.580873014765,90921.71329453951,109451.6174602953,3440.0
33,NL0 11 waste,NL0 11,1,50.0,34.1135,5472.580873014765,111610.36898958655,273629.04365073825,7382.544620466755
33,NL0 13 CCGT,NL0 13,1,50.0,43.27286666666667,5472.580873014765,47036.83398958647,273629.04365073825,4900.0
33,NL0 13 biomass,NL0 13,1,77.0,19.979914529914527,5472.580873014765,350048.59618397715,421388.72722213686,13244.0
33,NL0 16 CCGT,NL0 16,1,268.0,43.27286666666667,5472.580873014765,252117.43018418344,1.466651673967957e6,27068.0
33,NL0 17 CCGT,NL0 17,1,107.0,43.27286666666667,5472.580873014765,100658.824737715,585566.1534125798,10379.0
33,NL0 18 CCGT,NL0 18,1,112.0,43.27286666666667,5472.580873014765,105362.50813667367,612929.0577776537,10528.0
33,NL0 19 CCGT,NL0 19,1,523.0,53.04262929292929,5472.580873014765,286383.11750121147,2.8621597965867217e6,11442.174094047412
33,NL0 19 biomass,NL0 19,1,49.0,19.979914529914527,5472.580873014765,222758.1975716218,268156.46277772344,8428.0
33,NL0 19 waste,NL0 19,1,36.0,34.1135,5472.580873014765,80359.46567250238,197012.91142853152,5328.0
33,NL0 2 CCGT,NL0 2,1,272.5,43.27286666666667,5472.580873014765,256350.74524324617,1.4912782878965233e6,26421.973528431157
33,NL0 21 CCGT,NL0 21,1,85.0,43.27286666666667,5472.580873014765,79962.61778229693,465169.374206255,8245.0
33,NL0 22 CCGT,NL0 22,1,100.0,43.27286666666667,5472.580873014765,94073.66797917284,547258.0873014765,9100.0
33,NL0 22 biomass,NL0 22,1,500.0,19.979914529914527,5472.580873014765,2.2730428323634886e6,2.7362904365073824e6,88333.71740471426
33,NL0 23 CCGT,NL0 23,1,964.0,43.8530553226903,5472.580873014765,870323.5031578823,5.275567961586233e6,47693.60984839019
33,NL0 24 CCGT,NL0 24,1,684.0,67.50263035262032,5472.580873014765,184434.58658511768,3.743245317142099e6,10714.131758202937
33,NL0 25 waste,NL0 25,1,54.0,34.1135,5472.580873014765,120539.19850875347,295519.3671427973,7884.0
33,NL0 27 CCGT,NL0 27,1,984.0,43.27286666666667,5472.580873014765,925684.8929150612,5.385019579046529e6,97426.90657352244
33,NL0 27 biomass,NL0 27,1,22.0,19.979914529914527,5472.580873014765,100013.88462399352,120396.77920632482,3784.0
33,NL0 27 waste,NL0 27,1,71.2,34.1135,5472.580873014765,158933.16544117124,389647.75815865124,10680.000000000011
33,NL0 28 CCGT,NL0 28,1,144.0,43.27286666666667,5472.580873014765,135466.0818900089,788051.6457141261,12341.395712381147
33,NL0 3 CCGT,NL0 3,1,1907.0,51.41762846054192,5472.580873014765,1.112405887359476e6,1.0436211724839156e7,58777.98064051034
33,NL0 3 biomass,NL0 3,1,22.0,19.979914529914527,5472.580873014765,100013.88462399352,120396.77920632482,3784.0
33,NL0 3 waste,NL0 3,1,108.0,34.1135,5472.580873014765,241078.39701750694,591038.7342855945,16029.785245621124
33,NL0 30 biomass,NL0 30,1,60.0,19.979914529914527,5472.580873014765,272765.1398836184,328354.85238088586,10222.758589916517
33,NL0 31 CCGT,NL0 31,1,3341.0,85.4787109164719,5472.580873014765,8.169757987421037e-10,1.828389269674233e7,23559.453978829133
33,NL0 5 CCGT,NL0 5,1,49.6,43.27286666666667,5472.580873014765,46660.539317669754,271440.01130153233,4463.999999999997
33,NL0 6 CCGT,NL0 6,1,1608.4,43.27286666666667,5472.580873014765,1.5130808757770178e6,8.802099076156948e6,165695.50427349558
33,NL0 7 CCGT,NL0 7,1,1398.0,43.6729395310492,5472.580873014765,1.2759987478403626e6,7.650668060474641e6,85506.53181069877
33,NL0 7 nuclear,NL0 7,1,515.0,27.322803680981593,5472.580873014765,1.7021457600712706e6,2.8183791496026036e6,84102.42124441595
33,NL0 7 waste,NL0 7,1,39.0,34.1135,5472.580873014765,87056.0878118776,213430.6540475758,5694.0
33,NL0 8 CCGT,NL0 8,1,447.0,58.928107624263944,5472.580873014765,189520.23005298054,2.4462436502376e6,8652.104303317301
33,NL0 8 biomass,NL0 8,1,36.0,19.979914529914527,5472.580873014765,163659.0839301714,197012.91142853152,6156.0
33,NL0 8 waste,NL0 8,1,157.0,34.1135,5472.580873014765,350456.55862730206,859195.197063318,23405.32000080633
33,NL0 9 biomass,NL0 9,1,20.0,19.979914529914527,5472.580873014765,90921.71329453951,109451.6174602953,3420.0
33,NL0 0 0 solar,NL0 0,1,144.0,0.01,59329.06935292875,143777.17181364007,0.0,3495.7738491645578
33,NL0 1 0 solar,NL0 1,1,291.5,0.01,59329.06935292875,279083.88681448676,0.0,6948.705449759602
33,NL0 10 0 solar,NL0 10,1,120.1,0.01,59329.06935292875,123510.80794349074,0.0,3035.911304769089
33,NL0 11 0 solar,NL0 11,1,436.4,0.01,59329.06935292875,411901.3058784065,0.0,10306.481755249355
33,NL0 12 0 solar,NL0 12,1,203.1,0.01,59329.06935292875,191990.80544541523,0.0,4820.92251154439
33,NL0 13 0 solar,NL0 13,1,473.2,0.01,59329.06935292875,452951.73890675174,0.0,11187.121113824795
33,NL0 14 0 solar,NL0 14,1,85.3,0.01,59329.06935292875,84067.00358636606,0.0,2087.7663698282927
33,NL0 15 0 solar,NL0 15,1,369.4,0.01,59329.06935292875,346685.285034427,0.0,8736.034836219216
33,NL0 16 0 solar,NL0 16,1,68.8,0.01,59329.06935292875,69599.92687591026,0.0,1691.4298225830848
33,NL0 17 0 solar,NL0 17,1,63.1,0.01,59329.06935292875,65394.03954021666,0.0,1589.8866005603036
33,NL0 18 0 solar,NL0 18,1,13.399999999999999,0.01,59329.06935292875,13705.304222902532,0.0,335.710111700008
33,NL0 19 0 solar,NL0 19,1,75.60000000000001,0.01,59329.06935292875,70863.94290967542,0.0,1815.0254919597055
33,NL0 2 0 solar,NL0 2,1,1109.1,0.01,59329.06935292875,1.0323424735205561e6,0.0,26402.661517956996
33,NL0 20 0 solar,NL0 20,1,331.2,0.01,59329.06935292875,320483.93176798767,0.0,7909.5604725700005
33,NL0 21 0 solar,NL0 21,1,40.5,0.01,59329.06935292875,41600.66565576048,0.0,1013.9430253950717
33,NL0 22 0 solar,NL0 22,1,263.3,0.01,59329.06935292875,260617.55609716472,0.0,6361.56546158242
33,NL0 23 0 solar,NL0 23,1,57.1,0.01,59329.06935292875,57564.464121023724,0.0,1403.2936270342718
33,NL0 24 0 solar,NL0 24,1,99.8,0.01,59329.06935292875,98258.96051930617,0.0,2393.4015185461817
33,NL0 25 0 solar,NL0 25,1,663.4,0.01,59329.06935292875,623417.0481376502,0.0,15835.542397299549
33,NL0 26 0 solar,NL0 26,1,156.2,0.01,59329.06935292875,154151.3282016009,0.0,3821.2856187503758
33,NL0 27 0 solar,NL0 27,1,103.1,0.01,59329.06935292875,107361.95522086935,0.0,2649.1257341788905
33,NL0 28 0 solar,NL0 28,1,105.3,0.01,59329.06935292875,100355.16709245981,0.0,2489.1644574964166
33,NL0 3 0 solar,NL0 3,1,84.5,0.01,59329.06935292875,85165.20527245209,0.0,2070.9188767275286
33,NL0 30 0 solar,NL0 30,1,3.6,0.01,59329.06935292875,3668.257463945957,0.0,89.82355962877534
33,NL0 31 0 solar,NL0 31,1,44.8,0.01,59329.06935292875,42321.02586653224,0.0,1072.8423780802711
33,NL0 4 0 solar,NL0 4,1,142.8,0.01,59329.06935292875,136790.37822099504,0.0,3403.277910451907
33,NL0 5 0 solar,NL0 5,1,351.7,0.01,59329.06935292875,342365.7706028363,0.0,8409.128930464909
33,NL0 6 0 solar,NL0 6,1,260.3,0.01,59329.06935292875,262068.44217328122,0.0,6427.157527688587
33,NL0 7 0 solar,NL0 7,1,553.2,0.01,59329.06935292875,550871.4655114004,0.0,13445.138753780626
33,NL0 8 0 solar,NL0 8,1,79.5,0.01,59329.06935292875,79242.76000531408,0.0,1927.2751274433406
33,NL0 9 0 solar,NL0 9,1,299.5,0.01,59329.06935292875,289172.5962436978,0.0,7188.544634543878
33,NL0 20 0 offwind-ac,NL0 20,1,578.0,0.015,59329.06935292875,2.0897042570821068e6,0.0,58627.157970859866
33,NL0 27 0 offwind-ac,NL0 27,1,4583.0,0.015,59329.06935292875,1.8364927258024745e7,0.0,516562.62110388814
33,NL0 31 0 offwind-ac,NL0 31,1,600.0,0.015,59329.06935292875,2.3448754266029424e6,0.0,65002.40995494072
33,NL0 32 0 offwind-ac,NL0 32,1,608.0,0.015,59329.06935292875,2.5122772306798655e6,0.0,70162.48686909239
33,NL0 7 0 offwind-ac,NL0 7,1,752.0,0.015,59329.06935292875,3.1154508015855406e6,0.0,86125.98456763808
33,NL0 0 0 onwind,NL0 0,1,59.0,0.015,59329.06935292875,141581.73699949784,0.0,4369.873836922961
33,NL0 1 0 onwind,NL0 1,1,75.0,0.015,59329.06935292875,144987.22367251694,0.0,4592.56319817744
33,NL0 10 0 onwind,NL0 10,1,428.0,0.015,59329.06935292875,1.4291400869199412e6,0.0,42471.66180313577
33,NL0 11 0 onwind,NL0 11,1,21.0,0.015,59329.06935292875,40420.12081248227,0.0,1307.6695123700767
33,NL0 12 0 onwind,NL0 12,1,54.0,0.015,59329.06935292875,157750.1115885027,0.0,4609.956149718755
33,NL0 13 0 onwind,NL0 13,1,23.0,0.015,59329.06935292875,48363.225696769005,0.0,1532.6220690771631
33,NL0 14 0 onwind,NL0 14,1,61.0,0.015,59329.06935292875,204206.8002025359,0.0,5903.252141436918
33,NL0 15 0 onwind,NL0 15,1,52.0,0.015,59329.06935292875,110981.05180824433,0.0,3566.2068649493503
33,NL0 17 0 onwind,NL0 17,1,27.0,0.015,59329.06935292875,77212.90743965164,0.0,2302.425955009582
33,NL0 19 0 onwind,NL0 19,1,532.0,0.015,59329.06935292875,1.3460316067230038e6,0.0,41959.001781609724
33,NL0 2 0 onwind,NL0 2,1,472.8,0.015,59329.06935292875,1.0549214371896542e6,0.0,33409.203511575106
33,NL0 20 0 onwind,NL0 20,1,822.2,0.015,59329.06935292875,2.2296443636200447e6,0.0,67722.95718125805
33,NL0 21 0 onwind,NL0 21,1,36.0,0.015,59329.06935292875,104484.76563321071,0.0,3141.3564070712346
33,NL0 22 0 onwind,NL0 22,1,122.7,0.015,59329.06935292875,259097.5009444907,0.0,7856.839671631509
33,NL0 23 0 onwind,NL0 23,1,127.0,0.015,59329.06935292875,371375.7050556639,0.0,10714.33815755993
33,NL0 24 0 onwind,NL0 24,1,33.0,0.015,59329.06935292875,87218.32571815484,0.0,2630.932698155521
33,NL0 27 0 onwind,NL0 27,1,21.6,0.015,59329.06935292875,74449.90450443185,0.0,2072.907877365423
33,NL0 3 0 onwind,NL0 3,1,284.6,0.015,59329.06935292875,734639.6276889532,0.0,21890.783001002226
33,NL0 30 0 onwind,NL0 30,1,31.0,0.015,59329.06935292875,89651.52416415488,0.0,2629.4833971189996
33,NL0 31 0 onwind,NL0 31,1,216.0,0.015,59329.06935292875,634984.0143862665,0.0,17509.28744471764
33,NL0 4 0 onwind,NL0 4,1,287.0,0.015,59329.06935292875,733311.6964016734,0.0,21066.272356192218
33,NL0 5 0 onwind,NL0 5,1,21.0,0.015,59329.06935292875,39673.869513893376,0.0,1145.2200583369763
33,NL0 6 0 onwind,NL0 6,1,35.0,0.015,59329.06935292875,65026.749012613116,0.0,1870.1738279711913
33,NL0 7 0 onwind,NL0 7,1,374.3,0.015,59329.06935292875,974864.6796991499,0.0,28543.525921074328
33,NL0 8 0 onwind,NL0 8,1,101.1,0.015,59329.06935292875,229603.3320273519,0.0,6761.907352416409
33,NL0 9 0 onwind,NL0 9,1,35.0,0.015,59329.06935292875,64634.206735854954,0.0,1897.4278197029016
34,NL0 0 CCGT,NL0 0,1,575.0,43.272866666666665,5472.580872922799,540923.5908802449,3.1467340019306093e6,55925.85990696933
34,NL0 1 biomass,NL0 1,1,71.0,19.979914529914527,5472.580872922799,322772.0821956153,388553.2419775188,12212.0
34,NL0 1 waste,NL0 1,1,31.0,34.1135,5472.580872922799,69198.42877354372,169650.0070606068,4565.0
34,NL0 10 CCGT,NL0 10,1,507.0,43.27286666666667,5472.580872922799,476953.4966544067,2.7745985025718594e6,49814.427873259534
34,NL0 10 waste,NL0 10,1,150.0,34.1135,5472.580872922799,334831.1069687599,820887.1309384198,22249.76760383793
34,NL0 11 CCGT,NL0 11,1,72.0,43.27286666666667,5472.580872922799,67733.04094500451,394025.82285044156,6552.0
34,NL0 11 biomass,NL0 11,1,20.0,19.979914529914527,5472.580872922799,90921.71329453951,109451.61745845599,3440.0
34,NL0 11 waste,NL0 11,1,50.0,34.1135,5472.580872922799,111610.36898958655,273629.04364613997,7411.413857978176
34,NL0 13 CCGT,NL0 13,1,50.0,43.27286666666667,5472.580872922799,47036.83398958647,273629.04364613997,4779.780552894581
34,NL0 13 biomass,NL0 13,1,77.0,19.979914529914527,5472.580872922799,350048.59618397715,421388.72721505555,13170.758589916517
34,NL0 16 CCGT,NL0 16,1,268.0,43.27286666666667,5472.580872922799,252117.43018418347,1.4666516739433103e6,25899.15301905642
34,NL0 17 CCGT,NL0 17,1,107.0,43.27286666666667,5472.580872922799,100658.82473771498,585566.1534027396,9600.395712381147
34,NL0 18 CCGT,NL0 18,1,112.0,43.27286666666667,5472.580872922799,105362.50813667373,612929.0577673535,10752.0
34,NL0 19 CCGT,NL0 19,1,523.0,53.04262929292929,5472.580872922799,286383.1175012115,2.862159796538624e6,11442.17409404742
34,NL0 19 biomass,NL0 19,1,49.0,19.979914529914527,5472.580872922799,222758.1975716218,268156.4627732172,8428.0
34,NL0 19 waste,NL0 19,1,36.0,34.1135,5472.580872922799,80359.4656725024,197012.91142522078,5364.0
34,NL0 2 CCGT,NL0 2,1,272.5,43.27286666666667,5472.580872922799,256350.7452432463,1.4912782878714628e6,26559.20465615972
34,NL0 21 CCGT,NL0 21,1,85.0,43.27286666666667,5472.580872922799,79962.61778229699,465169.37419843796,8160.0
34,NL0 22 CCGT,NL0 22,1,100.0,43.27286666666667,5472.580872922799,94073.66797917293,547258.0872922799,9600.0
34,NL0 22 biomass,NL0 22,1,500.0,19.979914529914527,5472.580872922799,2.273042832363489e6,2.7362904364614e6,88273.71740471435
34,NL0 23 CCGT,NL0 23,1,964.0,43.8530553226903,5472.580872922799,870323.5031578825,5.275567961497579e6,47693.60984839019
34,NL0 24 CCGT,NL0 24,1,684.0,67.50263035262032,5472.580872922799,184434.58658511768,3.743245317079195e6,10714.131758203157
34,NL0 25 waste,NL0 25,1,54.0,34.1135,5472.580872922799,120539.1985087535,295519.36713783117,8046.0
34,NL0 27 CCGT,NL0 27,1,984.0,43.27286666666667,5472.580872922799,925684.8929150616,5.385019578956034e6,101641.60659164902
34,NL0 27 biomass,NL0 27,1,22.0,19.979914529914527,5472.580872922799,100013.88462399352,120396.77920430158,3784.0
34,NL0 27 waste,NL0 27,1,71.2,34.1135,5472.580872922799,158933.1654411713,389647.75815210334,10649.915471299613
34,NL0 28 CCGT,NL0 28,1,144.0,43.27286666666667,5472.580872922799,135466.08189000905,788051.6457008831,14107.906448724909
34,NL0 3 CCGT,NL0 3,1,1907.0,51.41762846054192,5472.580872922799,1.1124058873594762e6,1.0436211724663777e7,58777.98064040066
34,NL0 3 biomass,NL0 3,1,22.0,19.979914529914527,5472.580872922799,100013.88462399352,120396.77920430158,3784.0
34,NL0 3 waste,NL0 3,1,108.0,34.1135,5472.580872922799,241078.39701750703,591038.7342756623,16059.119931179735
34,NL0 30 biomass,NL0 30,1,60.0,19.979914529914527,5472.580872922799,272765.1398836184,328354.85237536795,10320.0
34,NL0 31 CCGT,NL0 31,1,3341.0,85.4787109164719,5472.580872922799,8.169757987421146e-10,1.828389269643507e7,23559.453978829493
34,NL0 5 CCGT,NL0 5,1,49.6,43.27286666666667,5472.580872922799,46660.53931766979,271440.0112969708,4612.799999999998
34,NL0 6 CCGT,NL0 6,1,1608.4,43.27286666666667,5472.580872922799,1.5130808757770183e6,8.802099076009031e6,170776.06621280775
34,NL0 7 CCGT,NL0 7,1,1398.0,43.6729395310492,5472.580872922799,1.275998747840363e6,7.6506680603460735e6,85506.53181069877
34,NL0 7 nuclear,NL0 7,1,515.0,27.322803680981593,5472.580872922799,1.7021457600712709e6,2.8183791495552417e6,84102.42124441595
34,NL0 7 waste,NL0 7,1,39.0,34.1135,5472.580872922799,87056.08781187762,213430.65404398917,5772.0
34,NL0 8 CCGT,NL0 8,1,447.0,58.928107624263944,5472.580872922799,189520.2300529806,2.4462436501964913e6,8652.104303317317
34,NL0 8 biomass,NL0 8,1,36.0,19.979914529914527,5472.580872922799,163659.0839301714,197012.91142522078,6192.0
34,NL0 8 waste,NL0 8,1,157.0,34.1135,5472.580872922799,350456.5586273021,859195.1970488795,23312.28859931873
34,NL0 9 biomass,NL0 9,1,20.0,19.979914529914527,5472.580872922799,90921.71329453951,109451.61745845599,3420.0
34,NL0 0 0 solar,NL0 0,1,144.0,0.01,59329.06935292875,143777.17181364013,0.0,3495.7738491645578
34,NL0 1 0 solar,NL0 1,1,291.5,0.01,5472.580872916122,279083.88681448676,0.0,6948.705449759602
34,NL0 10 0 solar,NL0 10,1,120.1,0.01,5472.580872916122,123510.80794349074,0.0,3035.911304769089
34,NL0 11 0 solar,NL0 11,1,436.4,0.01,59329.06935292875,411901.30587840657,0.0,10306.481755249355
34,NL0 12 0 solar,NL0 12,1,203.1,0.01,59329.06935292875,191990.80544541526,0.0,4820.92251154439
34,NL0 13 0 solar,NL0 13,1,473.2,0.01,59329.06935292875,452951.73890675174,0.0,11187.121113824795
34,NL0 14 0 solar,NL0 14,1,85.3,0.01,5472.580872916122,84067.00358636606,0.0,2087.7663698282927
34,NL0 15 0 solar,NL0 15,1,369.4,0.01,59329.06935292875,346685.28503442707,0.0,8736.034836219216
34,NL0 16 0 solar,NL0 16,1,68.8,0.01,59329.06935292875,69599.92687591027,0.0,1691.4298225830848
34,NL0 17 0 solar,NL0 17,1,63.1,0.01,59329.06935292875,65394.03954021667,0.0,1589.8866005603036
34,NL0 18 0 solar,NL0 18,1,13.399999999999999,0.01,59329.06935292875,13705.304222902532,0.0,335.710111700008
34,NL0 19 0 solar,NL0 19,1,75.60000000000001,0.01,5472.580872916122,70863.94290967542,0.0,1815.0254919597055
34,NL0 2 0 solar,NL0 2,1,1109.1,0.01,5472.580872916122,1.0323424735205562e6,0.0,26402.661517956996
34,NL0 20 0 solar,NL0 20,1,331.2,0.01,5472.580872916122,320483.9317679877,0.0,7909.5604725700005
34,NL0 21 0 solar,NL0 21,1,40.5,0.01,5472.580872916122,41600.66565576048,0.0,1013.9430253950717
34,NL0 22 0 solar,NL0 22,1,263.3,0.01,59329.06935292875,260617.55609716478,0.0,6361.56546158242
34,NL0 23 0 solar,NL0 23,1,57.1,0.01,59329.06935292875,57564.46412102373,0.0,1403.2936270342718
34,NL0 24 0 solar,NL0 24,1,99.8,0.01,5472.580872916122,98258.96051930617,0.0,2393.4015185461817
34,NL0 25 0 solar,NL0 25,1,663.4,0.01,59329.06935292875,623417.0481376504,0.0,15835.542397299549
34,NL0 26 0 solar,NL0 26,1,156.2,0.01,5472.580872916122,154151.3282016009,0.0,3821.2856187503758
34,NL0 27 0 solar,NL0 27,1,103.1,0.01,5472.580872916122,107361.95522086936,0.0,2649.1257341788905
34,NL0 28 0 solar,NL0 28,1,105.3,0.01,59329.06935292875,100355.16709245981,0.0,2489.1644574964166
34,NL0 3 0 solar,NL0 3,1,84.5,0.01,5472.580872916122,85165.20527245206,0.0,2070.9188767275286
34,NL0 30 0 solar,NL0 30,1,3.6,0.01,59329.06935292875,3668.2574639459576,0.0,89.82355962877534
34,NL0 31 0 solar,NL0 31,1,44.8,0.01,59329.06935292875,42321.02586653224,0.0,1072.8423780802711
34,NL0 4 0 solar,NL0 4,1,142.8,0.01,59329.06935292875,136790.37822099504,0.0,3403.277910451907
34,NL0 5 0 solar,NL0 5,1,351.7,0.01,59329.06935292875,342365.7706028363,0.0,8409.128930464909
34,NL0 6 0 solar,NL0 6,1,260.3,0.01,5472.580872916122,262068.4421732812,0.0,6427.157527688587
34,NL0 7 0 solar,NL0 7,1,553.2,0.01,59329.06935292875,550871.4655114005,0.0,13445.138753780626
34,NL0 8 0 solar,NL0 8,1,79.5,0.01,59329.06935292875,79242.76000531408,0.0,1927.2751274433406
34,NL0 9 0 solar,NL0 9,1,299.5,0.01,5472.580872916122,289172.5962436978,0.0,7188.544634543878
34,NL0 20 0 offwind-ac,NL0 20,1,578.0,0.015,5472.580872916122,2.0897042570821068e6,0.0,54532.60597085988
34,NL0 27 0 offwind-ac,NL0 27,1,4583.0,0.015,5472.580872916122,1.836492725802474e7,0.0,508465.4260225978
34,NL0 31 0 offwind-ac,NL0 31,1,600.0,0.015,5472.580872916122,2.3448754266029424e6,0.0,65533.70995494073
34,NL0 32 0 offwind-ac,NL0 32,1,608.0,0.015,5472.580872916122,2.5122772306798655e6,0.0,70162.48686909239
34,NL0 7 0 offwind-ac,NL0 7,1,752.0,0.015,5472.580872916122,3.1154508015855406e6,0.0,85778.87806580702
34,NL0 0 0 onwind,NL0 0,1,59.0,0.015,59329.06935292875,141581.73699949784,0.0,4423.345107547118
34,NL0 1 0 onwind,NL0 1,1,75.0,0.015,5472.580872916122,144987.223672517,0.0,4667.56319817744
34,NL0 10 0 onwind,NL0 10,1,428.0,0.015,59329.06935292875,1.4291400869199412e6,0.0,42899.58939304398
34,NL0 11 0 onwind,NL0 11,1,21.0,0.015,59329.06935292875,40420.12081248227,0.0,1321.2105832325692
34,NL0 12 0 onwind,NL0 12,1,54.0,0.015,59329.06935292875,157750.11158850274,0.0,4771.910600543067
34,NL0 13 0 onwind,NL0 13,1,23.0,0.015,5472.580872916122,48363.225696769005,0.0,1555.622069077163
34,NL0 14 0 onwind,NL0 14,1,61.0,0.015,59329.06935292875,204206.8002025359,0.0,6098.66177756561
34,NL0 15 0 onwind,NL0 15,1,52.0,0.015,5472.580872916122,110981.05180824433,0.0,3607.5251690491696
34,NL0 17 0 onwind,NL0 17,1,27.0,0.015,59329.06935292875,77212.90743965164,0.0,2329.4259550095826
34,NL0 19 0 onwind,NL0 19,1,532.0,0.015,59329.06935292875,1.3460316067230038e6,0.0,42486.97601131978
34,NL0 2 0 onwind,NL0 2,1,472.8,0.015,59329.06935292875,1.0549214371896542e6,0.0,33882.00351157511
34,NL0 20 0 onwind,NL0 20,1,822.2,0.015,59329.06935292875,2.2296443636200447e6,0.0,69336.60955946345
34,NL0 21 0 onwind,NL0 21,1,36.0,0.015,5472.580872916122,104484.76563321071,0.0,3141.3564070712346
34,NL0 22 0 onwind,NL0 22,1,122.7,0.015,59329.06935292875,259097.50094449072,0.0,8070.768412036254
34,NL0 23 0 onwind,NL0 23,1,127.0,0.015,59329.06935292875,371375.7050556639,0.0,11093.175682684092
34,NL0 24 0 onwind,NL0 24,1,33.0,0.015,5472.580872916122,87218.32571815485,0.0,2695.335457473082
34,NL0 27 0 onwind,NL0 27,1,21.6,0.015,59329.06935292875,74449.90450443185,0.0,2094.507877365423
34,NL0 3 0 onwind,NL0 3,1,284.6,0.015,59329.06935292875,734639.6276889532,0.0,22949.068991724038
34,NL0 30 0 onwind,NL0 30,1,31.0,0.015,59329.06935292875,89651.52416415488,0.0,2723.113221571769
34,NL0 31 0 onwind,NL0 31,1,216.0,0.015,5472.580872916122,634984.0143862665,0.0,19369.54699704878
34,NL0 4 0 onwind,NL0 4,1,287.0,0.015,59329.06935292875,733311.6964016735,0.0,23084.587646299056
34,NL0 5 0 onwind,NL0 5,1,21.0,0.015,59329.06935292875,39673.869513893376,0.0,1282.9340960200916
34,NL0 6 0 onwind,NL0 6,1,35.0,0.015,59329.06935292875,65026.749012613116,0.0,2126.9213407013876
34,NL0 7 0 onwind,NL0 7,1,374.3,0.015,59329.06935292875,974864.6796991499,0.0,30159.0744295002
34,NL0 8 0 onwind,NL0 8,1,101.1,0.015,59329.06935292875,229603.3320273519,0.0,7268.601412983335
34,NL0 9 0 onwind,NL0 9,1,35.0,0.015,59329.06935292875,64634.206735854954,0.0,2045.9686705959102
35,NL0 0 CCGT,NL0 0,1,575.0,43.272866666666665,5472.580873014668,540923.5908802444,3.1467340019834344e6,57391.17352843116
35,NL0 1 biomass,NL0 1,1,71.0,19.979914529914527,5472.580873014668,322772.0821956152,388553.24198404147,12283.0
35,NL0 1 waste,NL0 1,1,31.0,34.1135,5472.580873014668,69198.42877354371,169650.00706345472,4557.915471299604
35,NL0 10 CCGT,NL0 10,1,507.0,43.27286666666667,5472.580873014668,476953.4966544063,2.7745985026184367e6,51755.648980954786
35,NL0 10 waste,NL0 10,1,150.0,34.1135,5472.580873014668,334831.10696875985,820887.1309522003,22400.43074891202
35,NL0 11 CCGT,NL0 11,1,72.0,43.27286666666667,5472.580873014668,67733.04094500451,394025.8228570561,6819.302363973624
35,NL0 11 biomass,NL0 11,1,20.0,19.979914529914527,5472.580873014668,90921.71329453951,109451.61746029336,3460.0
35,NL0 11 waste,NL0 11,1,50.0,34.1135,5472.580873014668,111610.36898958652,273629.0436507334,7394.631434855492
35,NL0 13 CCGT,NL0 13,1,50.0,43.27286666666667,5472.580873014668,47036.83398958645,273629.0436507334,4643.7293367936345
35,NL0 13 biomass,NL0 13,1,77.0,19.979914529914527,5472.580873014668,350048.5961839771,421388.72722212947,13244.0
35,NL0 16 CCGT,NL0 16,1,268.0,43.27286666666667,5472.580873014668,252117.43018418338,1.4666516739679312e6,26390.316915227264
35,NL0 17 CCGT,NL0 17,1,107.0,43.27286666666667,5472.580873014668,100658.82473771498,585566.1534125695,10195.632700974178
35,NL0 18 CCGT,NL0 18,1,112.0,43.27286666666667,5472.580873014668,105362.50813667364,612929.0577776429,10864.0
35,NL0 19 CCGT,NL0 19,1,523.0,53.04262929292929,5472.580873014668,286383.11750121147,2.8621597965866714e6,11442.174094047403
35,NL0 19 biomass,NL0 19,1,49.0,19.979914529914527,5472.580873014668,222758.19757162177,268156.4627777187,8428.0
35,NL0 19 waste,NL0 19,1,36.0,34.1135,5472.580873014668,80359.46567250238,197012.91142852805,5229.709622723579
35,NL0 2 CCGT,NL0 2,1,272.5,43.27286666666667,5472.580873014668,256350.74524324626,1.4912782878964972e6,28317.63276929777
35,NL0 21 CCGT,NL0 21,1,85.0,43.27286666666667,5472.580873014668,79962.61778229693,465169.3742062468,7820.0
35,NL0 22 CCGT,NL0 22,1,100.0,43.27286666666667,5472.580873014668,94073.6679791729,547258.0873014668,9796.244161543154
35,NL0 22 biomass,NL0 22,1,500.0,19.979914529914527,5472.580873014668,2.2730428323634886e6,2.736290436507334e6,87948.91139405922
35,NL0 23 CCGT,NL0 23,1,964.0,43.8530553226903,5472.580873014668,870323.5031578823,5.27556796158614e6,47693.60984839019
35,NL0 24 CCGT,NL0 24,1,684.0,67.50263035262032,5472.580873014668,184434.58658511768,3.743245317142033e6,10714.131758202928
35,NL0 25 waste,NL0 25,1,54.0,34.1135,5472.580873014668,120539.19850875346,295519.3671427921,8017.585245621124
35,NL0 27 CCGT,NL0 27,1,984.0,43.27286666666667,5472.580873014668,925684.8929150611,5.385019579046434e6,98657.5617668349
35,NL0 27 biomass,NL0 27,1,22.0,19.979914529914527,5472.580873014668,100013.88462399352,120396.7792063227,3784.0
35,NL0 27 waste,NL0 27,1,71.2,34.1135,5472.580873014668,158933.16544117124,389647.75815864437,10537.60000000001
35,NL0 28 CCGT,NL0 28,1,144.0,43.27286666666667,5472.580873014668,135466.08189000902,788051.6457141122,14189.092579377053
35,NL0 3 CCGT,NL0 3,1,1907.0,51.41762846054192,5472.580873014668,1.112405887359476e6,1.0436211724838972e7,58777.980640510366
35,NL0 3 biomass,NL0 3,1,22.0,19.979914529914527,5472.580873014668,100013.88462399352,120396.7792063227,3808.564600571467
35,NL0 3 waste,NL0 3,1,108.0,34.1135,5472.580873014668,241078.3970175069,591038.7342855842,15995.319931179736
35,NL0 30 biomass,NL0 30,1,60.0,19.979914529914527,5472.580873014668,272765.1398836184,328354.8523808801,10380.0
35,NL0 31 CCGT,NL0 31,1,3341.0,85.4787109164719,5472.580873014668,7.220188675351241e-10,1.8283892696742006e7,23559.45397882914
35,NL0 5 CCGT,NL0 5,1,49.6,43.27286666666667,5472.580873014668,46660.53931766976,271440.01130152756,4711.999999999999
35,NL0 6 CCGT,NL0 6,1,1608.4,43.27286666666667,5472.580873014668,1.5130808757770178e6,8.802099076156793e6,167228.86587049463
35,NL0 7 CCGT,NL0 7,1,1398.0,43.6729395310492,5472.580873014668,1.2759987478403624e6,7.650668060474507e6,85506.53181069877
35,NL0 7 nuclear,NL0 7,1,515.0,27.322803680981593,5472.580873014668,1.7021457600712704e6,2.8183791496025543e6,84102.42124441595
35,NL0 7 waste,NL0 7,1,39.0,34.1135,5472.580873014668,87056.08781187762,213430.65404757205,5732.363288600355
35,NL0 8 CCGT,NL0 8,1,447.0,58.928107624263944,5472.580873014668,189520.23005298057,2.4462436502375565e6,8652.104303317283
35,NL0 8 biomass,NL0 8,1,36.0,19.979914529914527,5472.580873014668,163659.0839301714,197012.91142852805,6228.0
35,NL0 8 waste,NL0 8,1,157.0,34.1135,5472.580873014668,350456.55862730194,859195.1970633029,23563.9497204221
35,NL0 9 biomass,NL0 9,1,20.0,19.979914529914527,5472.580873014668,90921.71329453951,109451.61746029336,3460.0
35,NL0 0 0 solar,NL0 0,1,144.0,0.01,59329.06935292875,143777.17181364007,0.0,3495.7738491645578
35,NL0 1 0 solar,NL0 1,1,291.5,0.01,59329.06935292875,279083.8868144867,0.0,6948.705449759602
35,NL0 10 0 solar,NL0 10,1,120.1,0.01,59329.06935292875,123510.80794349074,0.0,3035.911304769089
35,NL0 11 0 solar,NL0 11,1,436.4,0.01,59329.06935292875,411901.30587840645,0.0,10306.481755249355
35,NL0 12 0 solar,NL0 12,1,203.1,0.01,59329.06935292875,191990.80544541523,0.0,4820.92251154439
35,NL0 13 0 solar,NL0 13,1,473.2,0.01,59329.06935292875,452951.73890675174,0.0,11187.121113824795
35,NL0 14 0 solar,NL0 14,1,85.3,0.01,59329.06935292875,84067.00358636606,0.0,2087.7663698282927
35,NL0 15 0 solar,NL0 15,1,369.4,0.01,59329.06935292875,346685.285034427,0.0,8736.034836219216
35,NL0 16 0 solar,NL0 16,1,68.8,0.01,59329.06935292875,69599.92687591026,0.0,1691.4298225830848
35,NL0 17 0 solar,NL0 17,1,63.1,0.01,59329.06935292875,65394.03954021666,0.0,1589.8866005603036
35,NL0 18 0 solar,NL0 18,1,13.399999999999999,0.01,59329.06935292875,13705.304222902532,0.0,335.710111700008
35,NL0 19 0 solar,NL0 19,1,75.60000000000001,0.01,59329.06935292875,70863.94290967542,0.0,1815.0254919597055
35,NL0 2 0 solar,NL0 2,1,1109.1,0.01,59329.06935292875,1.0323424735205561e6,0.0,26402.661517956996
35,NL0 20 0 solar,NL0 20,1,331.2,0.01,59329.06935292875,320483.93176798767,0.0,7909.5604725700005
35,NL0 21 0 solar,NL0 21,1,40.5,0.01,59329.06935292875,41600.66565576048,0.0,1013.9430253950717
35,NL0 22 0 solar,NL0 22,1,263.3,0.01,59329.06935292875,260617.55609716472,0.0,6361.56546158242
35,NL0 23 0 solar,NL0 23,1,57.1,0.01,59329.06935292875,57564.46412102373,0.0,1403.2936270342718
35,NL0 24 0 solar,NL0 24,1,99.8,0.01,59329.06935292875,98258.96051930616,0.0,2393.4015185461817
35,NL0 25 0 solar,NL0 25,1,663.4,0.01,59329.06935292875,623417.0481376502,0.0,15835.542397299549
35,NL0 26 0 solar,NL0 26,1,156.2,0.01,59329.06935292875,154151.3282016009,0.0,3821.2856187503758
35,NL0 27 0 solar,NL0 27,1,103.1,0.01,59329.06935292875,107361.95522086935,0.0,2649.1257341788905
35,NL0 28 0 solar,NL0 28,1,105.3,0.01,59329.06935292875,100355.16709245981,0.0,2489.1644574964166
35,NL0 3 0 solar,NL0 3,1,84.5,0.01,59329.06935292875,85165.20527245206,0.0,2070.9188767275286
35,NL0 30 0 solar,NL0 30,1,3.6,0.01,59329.06935292875,3668.2574639459576,0.0,89.82355962877534
35,NL0 31 0 solar,NL0 31,1,44.8,0.01,59329.06935292875,42321.02586653224,0.0,1072.8423780802711
35,NL0 4 0 solar,NL0 4,1,142.8,0.01,59329.06935292875,136790.37822099504,0.0,3403.277910451907
35,NL0 5 0 solar,NL0 5,1,351.7,0.01,59329.06935292875,342365.7706028363,0.0,8409.128930464909
35,NL0 6 0 solar,NL0 6,1,260.3,0.01,59329.06935292875,262068.44217328122,0.0,6427.157527688587
35,NL0 7 0 solar,NL0 7,1,553.2,0.01,59329.06935292875,550871.4655114004,0.0,13445.138753780626
35,NL0 8 0 solar,NL0 8,1,79.5,0.01,59329.06935292875,79242.76000531408,0.0,1927.2751274433406
35,NL0 9 0 solar,NL0 9,1,299.5,0.01,59329.06935292875,289172.5962436978,0.0,7188.544634543878
35,NL0 20 0 offwind-ac,NL0 20,1,578.0,0.015,59329.06935292875,2.0897042570821068e6,0.0,58666.45358412524
35,NL0 27 0 offwind-ac,NL0 27,1,4583.0,0.015,59329.06935292875,1.8364927258024745e7,0.0,514233.0964738363
35,NL0 31 0 offwind-ac,NL0 31,1,600.0,0.015,59329.06935292875,2.3448754266029424e6,0.0,65002.40995494072
35,NL0 32 0 offwind-ac,NL0 32,1,608.0,0.015,59329.06935292875,2.5122772306798655e6,0.0,69322.22396778472
35,NL0 7 0 offwind-ac,NL0 7,1,752.0,0.015,59329.06935292875,3.1154508015855406e6,0.0,84192.15150108817
35,NL0 0 0 onwind,NL0 0,1,59.0,0.015,59329.06935292875,141581.73699949784,0.0,4312.648819005228
35,NL0 1 0 onwind,NL0 1,1,75.0,0.015,59329.06935292875,144987.22367251694,0.0,4518.63768669257
35,NL0 10 0 onwind,NL0 10,1,428.0,0.015,59329.06935292875,1.4291400869199412e6,0.0,42567.996606786175
35,NL0 11 0 onwind,NL0 11,1,21.0,0.015,59329.06935292875,40420.12081248227,0.0,1321.6638611633177
35,NL0 12 0 onwind,NL0 12,1,54.0,0.015,59329.06935292875,157750.11158850274,0.0,4717.910600543067
35,NL0 13 0 onwind,NL0 13,1,23.0,0.015,59329.06935292875,48363.225696769005,0.0,1471.223849197544
35,NL0 14 0 onwind,NL0 14,1,61.0,0.015,59329.06935292875,204206.8002025359,0.0,5854.66177756561
35,NL0 15 0 onwind,NL0 15,1,52.0,0.015,59329.06935292875,110981.05180824433,0.0,3514.306096264165
35,NL0 17 0 onwind,NL0 17,1,27.0,0.015,59329.06935292875,77212.90743965164,0.0,2303.0576664619116
35,NL0 19 0 onwind,NL0 19,1,532.0,0.015,59329.06935292875,1.3460316067230038e6,0.0,42486.97601131978
35,NL0 2 0 onwind,NL0 2,1,472.8,0.015,59329.06935292875,1.0549214371896542e6,0.0,34337.746806742805
35,NL0 20 0 onwind,NL0 20,1,822.2,0.015,59329.06935292875,2.2296443636200447e6,0.0,66900.7523842015
35,NL0 21 0 onwind,NL0 21,1,36.0,0.015,59329.06935292875,104484.76563321071,0.0,3071.075850320535
35,NL0 22 0 onwind,NL0 22,1,122.7,0.015,59329.06935292875,259097.5009444907,0.0,7993.4523560988755
35,NL0 23 0 onwind,NL0 23,1,127.0,0.015,59329.06935292875,371375.7050556639,0.0,10997.20811014718
35,NL0 24 0 onwind,NL0 24,1,33.0,0.015,59329.06935292875,87218.32571815483,0.0,2663.932698155521
35,NL0 27 0 onwind,NL0 27,1,21.6,0.015,59329.06935292875,74449.90450443185,0.0,2051.307877365423
35,NL0 3 0 onwind,NL0 3,1,284.6,0.015,59329.06935292875,734639.6276889532,0.0,21874.236365807446
35,NL0 30 0 onwind,NL0 30,1,31.0,0.015,59329.06935292875,89651.52416415488,0.0,2601.6879858546886
35,NL0 31 0 onwind,NL0 31,1,216.0,0.015,59329.06935292875,634984.0143862665,0.0,19197.90275887331
35,NL0 4 0 onwind,NL0 4,1,287.0,0.015,59329.06935292875,733311.6964016734,0.0,21934.2481462283
35,NL0 5 0 onwind,NL0 5,1,21.0,0.015,59329.06935292875,39673.869513893376,0.0,1241.5409544649406
35,NL0 6 0 onwind,NL0 6,1,35.0,0.015,59329.06935292875,65026.749012613116,0.0,2070.9817393934904
35,NL0 7 0 onwind,NL0 7,1,374.3,0.015,59329.06935292875,974864.6796991498,0.0,29413.39902069726
35,NL0 8 0 onwind,NL0 8,1,101.1,0.015,59329.06935292875,229603.3320273519,0.0,7070.481124935428
35,NL0 9 0 onwind,NL0 9,1,35.0,0.015,59329.06935292875,64634.206735854954,0.0,2053.137825915416
36,NL0 0 CCGT,NL0 0,1,575.0,43.272866666666665,5472.580873014567,540923.590880245,3.146734001983376e6,58235.593051961914
36,NL0 1 biomass,NL0 1,1,71.0,19.979914529914527,5472.580873014567,322772.0821956153,388553.24198403425,12212.0
36,NL0 1 waste,NL0 1,1,31.0,34.1135,5472.580873014567,69198.42877354372,169650.00706345157,4526.0
36,NL0 10 CCGT,NL0 10,1,507.0,43.27286666666667,5472.580873014567,476953.4966544069,2.7745985026183855e6,52728.0
36,NL0 10 waste,NL0 10,1,150.0,34.1135,5472.580873014567,334831.10696875997,820887.1309521851,22296.93914343754
36,NL0 11 CCGT,NL0 11,1,72.0,43.27286666666667,5472.580873014567,67733.04094500453,394025.8228570488,6909.653019056419
36,NL0 11 biomass,NL0 11,1,20.0,19.979914529914527,5472.580873014567,90921.71329453951,109451.61746029134,3440.0
36,NL0 11 waste,NL0 11,1,50.0,34.1135,5472.580873014567,111610.36898958657,273629.04365072836,7600.0
36,NL0 13 CCGT,NL0 13,1,50.0,43.27286666666667,5472.580873014567,47036.83398958647,273629.04365072836,4750.0
36,NL0 13 biomass,NL0 13,1,77.0,19.979914529914527,5472.580873014567,350048.59618397715,421388.72722212167,13170.758589916517
36,NL0 16 CCGT,NL0 16,1,268.0,43.27286666666667,5472.580873014567,252117.43018418344,1.466651673967904e6,26264.421047353877
36,NL0 17 CCGT,NL0 17,1,107.0,43.27286666666667,5472.580873014567,100658.82473771505,585566.1534125587,10631.201090696895
36,NL0 18 CCGT,NL0 18,1,112.0,43.27286666666667,5472.580873014567,105362.50813667368,612929.0577776316,10752.0
36,NL0 19 CCGT,NL0 19,1,523.0,53.04262929292929,5472.580873014567,286383.1175012115,2.8621597965866188e6,11442.174094047317
36,NL0 19 biomass,NL0 19,1,49.0,19.979914529914527,5472.580873014567,222758.1975716218,268156.4627777138,8428.0
36,NL0 19 waste,NL0 19,1,36.0,34.1135,5472.580873014567,80359.46567250241,197012.9114285244,5230.425582024817
36,NL0 2 CCGT,NL0 2,1,272.5,43.27286666666667,5472.580873014567,256350.7452432463,1.4912782878964695e6,27809.23717329414
36,NL0 21 CCGT,NL0 21,1,85.0,43.27286666666667,5472.580873014567,79962.61778229699,465169.3742062382,8479.873213517549
36,NL0 22 CCGT,NL0 22,1,100.0,43.27286666666667,5472.580873014567,94073.66797917291,547258.0873014567,9520.014957860007
36,NL0 22 biomass,NL0 22,1,500.0,19.979914529914527,5472.580873014567,2.2730428323634886e6,2.7362904365072837e6,88273.71740471426
36,NL0 23 CCGT,NL0 23,1,964.0,43.8530553226903,5472.580873014567,870323.5031578825,5.275567961586043e6,47693.60984839019
36,NL0 24 CCGT,NL0 24,1,684.0,67.50263035262032,5472.580873014567,184434.58658511765,3.743245317141964e6,10714.131758202933
36,NL0 25 waste,NL0 25,1,54.0,34.1135,5472.580873014567,120539.1985087535,295519.3671427866,7962.23761542798
36,NL0 27 CCGT,NL0 27,1,984.0,43.27286666666667,5472.580873014567,925684.8929150623,5.385019579046334e6,105868.50896425419
36,NL0 27 biomass,NL0 27,1,22.0,19.979914529914527,5472.580873014567,100013.88462399352,120396.77920632048,3784.0
36,NL0 27 waste,NL0 27,1,71.2,34.1135,5472.580873014567,158933.1654411713,389647.7581586372,10548.231434855503
36,NL0 28 CCGT,NL0 28,1,144.0,43.27286666666667,5472.580873014567,135466.08189000902,788051.6457140977,13824.0
36,NL0 3 CCGT,NL0 3,1,1907.0,51.41762846054192,5472.580873014567,1.112405887359476e6,1.043621172483878e7,58777.98064051027
36,NL0 3 biomass,NL0 3,1,22.0,19.979914529914527,5472.580873014567,100013.88462399352,120396.77920632048,3784.0
36,NL0 3 waste,NL0 3,1,108.0,34.1135,5472.580873014567,241078.397017507,591038.7342855732,16060.505429186534
36,NL0 30 biomass,NL0 30,1,60.0,19.979914529914527,5472.580873014567,272765.1398836184,328354.85238087404,10320.0
36,NL0 31 CCGT,NL0 31,1,3341.0,85.4787109164719,5472.580873014567,7.104494322981438e-10,1.828389269674167e7,23559.453978829108
36,NL0 5 CCGT,NL0 5,1,49.6,43.27286666666667,5472.580873014567,46660.53931766979,271440.01130152255,4711.999999999999
36,NL0 6 CCGT,NL0 6,1,1608.4,43.27286666666667,5472.580873014567,1.5130808757770178e6,8.802099076156631e6,158296.69845590717
36,NL0 7 CCGT,NL0 7,1,1398.0,43.6729395310492,5472.580873014567,1.2759987478403633e6,7.650668060474365e6,85506.53181069877
36,NL0 7 nuclear,NL0 7,1,515.0,27.322803680981593,5472.580873014567,1.7021457600712709e6,2.818379149602502e6,84102.42124441595
36,NL0 7 waste,NL0 7,1,39.0,34.1135,5472.580873014567,87056.08781187765,213430.65404756812,5784.734676243303
36,NL0 8 CCGT,NL0 8,1,447.0,58.928107624263944,5472.580873014567,189520.23005298054,2.4462436502375114e6,8652.104303317019
36,NL0 8 biomass,NL0 8,1,36.0,19.979914529914527,5472.580873014567,163659.0839301714,197012.9114285244,6192.0
36,NL0 8 waste,NL0 8,1,157.0,34.1135,5472.580873014567,350456.55862730206,859195.197063287,23420.431582438338
36,NL0 9 biomass,NL0 9,1,20.0,19.979914529914527,5472.580873014567,90921.71329453951,109451.61746029134,3420.0
36,NL0 0 0 solar,NL0 0,1,144.0,0.01,59329.06935292875,143777.17181364013,0.0,3495.7738491645578
36,NL0 1 0 solar,NL0 1,1,291.5,0.01,59329.06935292875,279083.88681448676,0.0,6948.705449759602
36,NL0 10 0 solar,NL0 10,1,120.1,0.01,59329.06935292875,123510.80794349074,0.0,3035.911304769089
36,NL0 11 0 solar,NL0 11,1,436.4,0.01,59329.06935292875,411901.30587840657,0.0,10306.481755249355
36,NL0 12 0 solar,NL0 12,1,203.1,0.01,59329.06935292875,191990.80544541526,0.0,4820.92251154439
36,NL0 13 0 solar,NL0 13,1,473.2,0.01,59329.06935292875,452951.73890675174,0.0,11187.121113824795
36,NL0 14 0 solar,NL0 14,1,85.3,0.01,59329.06935292875,84067.00358636606,0.0,2087.7663698282927
36,NL0 15 0 solar,NL0 15,1,369.4,0.01,59329.06935292875,346685.285034427,0.0,8736.034836219216
36,NL0 16 0 solar,NL0 16,1,68.8,0.01,59329.06935292875,69599.92687591027,0.0,1691.4298225830848
36,NL0 17 0 solar,NL0 17,1,63.1,0.01,59329.06935292875,65394.03954021667,0.0,1589.8866005603036
36,NL0 18 0 solar,NL0 18,1,13.399999999999999,0.01,59329.06935292875,13705.304222902532,0.0,335.710111700008
36,NL0 19 0 solar,NL0 19,1,75.60000000000001,0.01,59329.06935292875,70863.94290967542,0.0,1815.0254919597055
36,NL0 2 0 solar,NL0 2,1,1109.1,0.01,59329.06935292875,1.0323424735205562e6,0.0,26402.661517956996
36,NL0 20 0 solar,NL0 20,1,331.2,0.01,59329.06935292875,320483.9317679877,0.0,7909.5604725700005
36,NL0 21 0 solar,NL0 21,1,40.5,0.01,59329.06935292875,41600.66565576048,0.0,1013.9430253950717
36,NL0 22 0 solar,NL0 22,1,263.3,0.01,59329.06935292875,260617.55609716475,0.0,6361.56546158242
36,NL0 23 0 solar,NL0 23,1,57.1,0.01,59329.06935292875,57564.464121023724,0.0,1403.2936270342718
36,NL0 24 0 solar,NL0 24,1,99.8,0.01,59329.06935292875,98258.96051930617,0.0,2393.4015185461817
36,NL0 25 0 solar,NL0 25,1,663.4,0.01,59329.06935292875,623417.0481376504,0.0,15835.542397299549
36,NL0 26 0 solar,NL0 26,1,156.2,0.01,59329.06935292875,154151.3282016009,0.0,3821.2856187503758
36,NL0 27 0 solar,NL0 27,1,103.1,0.01,59329.06935292875,107361.95522086936,0.0,2649.1257341788905
36,NL0 28 0 solar,NL0 28,1,105.3,0.01,59329.06935292875,100355.16709245981,0.0,2489.1644574964166
36,NL0 3 0 solar,NL0 3,1,84.5,0.01,59329.06935292875,85165.20527245209,0.0,2070.9188767275286
36,NL0 30 0 solar,NL0 30,1,3.6,0.01,59329.06935292875,3668.257463945957,0.0,89.82355962877534
36,NL0 31 0 solar,NL0 31,1,44.8,0.01,59329.06935292875,42321.02586653224,0.0,1072.8423780802711
36,NL0 4 0 solar,NL0 4,1,142.8,0.01,59329.06935292875,136790.37822099504,0.0,3403.277910451907
36,NL0 5 0 solar,NL0 5,1,351.7,0.01,59329.06935292875,342365.77060283633,0.0,8409.128930464909
36,NL0 6 0 solar,NL0 6,1,260.3,0.01,59329.06935292875,262068.44217328122,0.0,6427.157527688587
36,NL0 7 0 solar,NL0 7,1,553.2,0.01,59329.06935292875,550871.4655114005,0.0,13445.138753780626
36,NL0 8 0 solar,NL0 8,1,79.5,0.01,59329.06935292875,79242.76000531408,0.0,1927.2751274433406
36,NL0 9 0 solar,NL0 9,1,299.5,0.01,59329.06935292875,289172.5962436978,0.0,7188.544634543878
36,NL0 20 0 offwind-ac,NL0 20,1,578.0,0.015,59329.06935292875,2.089704257082107e6,0.0,55044.42497085987
36,NL0 27 0 offwind-ac,NL0 27,1,4583.0,0.015,59329.06935292875,1.836492725802475e7,0.0,508758.09757103526
36,NL0 31 0 offwind-ac,NL0 31,1,600.0,0.015,59329.06935292875,2.3448754266029424e6,0.0,65533.70995494073
36,NL0 32 0 offwind-ac,NL0 32,1,608.0,0.015,59329.06935292875,2.5122772306798655e6,0.0,70162.48686909239
36,NL0 7 0 offwind-ac,NL0 7,1,752.0,0.015,59329.06935292875,3.1154508015855406e6,0.0,86125.98456763808
36,NL0 0 0 onwind,NL0 0,1,59.0,0.015,59329.06935292875,141581.73699949784,0.0,4423.345107547118
36,NL0 1 0 onwind,NL0 1,1,75.0,0.015,59329.06935292875,144987.223672517,0.0,4517.658299818789
36,NL0 10 0 onwind,NL0 10,1,428.0,0.015,59329.06935292875,1.4291400869199412e6,0.0,42899.58939304398
36,NL0 11 0 onwind,NL0 11,1,21.0,0.015,59329.06935292875,40420.12081248227,0.0,1307.6695123700767
36,NL0 12 0 onwind,NL0 12,1,54.0,0.015,59329.06935292875,157750.11158850274,0.0,4771.910600543067
36,NL0 13 0 onwind,NL0 13,1,23.0,0.015,59329.06935292875,48363.225696769005,0.0,1532.6220690771631
36,NL0 14 0 onwind,NL0 14,1,61.0,0.015,59329.06935292875,204206.80020253593,0.0,5915.66177756561
36,NL0 15 0 onwind,NL0 15,1,52.0,0.015,59329.06935292875,110981.05180824433,0.0,3566.2068649493503
36,NL0 17 0 onwind,NL0 17,1,27.0,0.015,59329.06935292875,77212.90743965164,0.0,2303.0576664619116
36,NL0 19 0 onwind,NL0 19,1,532.0,0.015,59329.06935292875,1.3460316067230038e6,0.0,42486.97601131978
36,NL0 2 0 onwind,NL0 2,1,472.8,0.015,59329.06935292875,1.0549214371896542e6,0.0,33882.00351157511
36,NL0 20 0 onwind,NL0 20,1,822.2,0.015,59329.06935292875,2.2296443636200447e6,0.0,69336.60955946345
36,NL0 21 0 onwind,NL0 21,1,36.0,0.015,59329.06935292875,104484.76563321071,0.0,3141.3564070712346
36,NL0 22 0 onwind,NL0 22,1,122.7,0.015,59329.06935292875,259097.50094449072,0.0,8070.768412036254
36,NL0 23 0 onwind,NL0 23,1,127.0,0.015,59329.06935292875,371375.7050556639,0.0,11093.175682684092
36,NL0 24 0 onwind,NL0 24,1,33.0,0.015,59329.06935292875,87218.32571815484,0.0,2695.335457473082
36,NL0 27 0 onwind,NL0 27,1,21.6,0.015,59329.06935292875,74449.90450443185,0.0,2094.507877365423
36,NL0 3 0 onwind,NL0 3,1,284.6,0.015,59329.06935292875,734639.6276889532,0.0,22726.28265135161
36,NL0 30 0 onwind,NL0 30,1,31.0,0.015,59329.06935292875,89651.52416415488,0.0,2692.1132215717694
36,NL0 31 0 onwind,NL0 31,1,216.0,0.015,59329.06935292875,634984.0143862665,0.0,19153.54699704878
36,NL0 4 0 onwind,NL0 4,1,287.0,0.015,59329.06935292875,733311.6964016734,0.0,22797.591441937933
36,NL0 5 0 onwind,NL0 5,1,21.0,0.015,59329.06935292875,39673.869513893376,0.0,1270.3927773915407
36,NL0 6 0 onwind,NL0 6,1,35.0,0.015,59329.06935292875,65026.749012613116,0.0,2126.9213407013876
36,NL0 7 0 onwind,NL0 7,1,374.3,0.015,59329.06935292875,974864.6796991499,0.0,30159.0744295002
36,NL0 8 0 onwind,NL0 8,1,101.1,0.015,59329.06935292875,229603.3320273519,0.0,7323.460787945647
36,NL0 9 0 onwind,NL0 9,1,35.0,0.015,59329.06935292875,64634.206735854954,0.0,2045.9686705959102
37,NL0 0 CCGT,NL0 0,1,575.0,43.272866666666665,5472.5808729282535,540923.5908802449,3.1467340019337456e6,58652.90459217927
37,NL0 1 biomass,NL0 1,1,71.0,19.979914529914527,5472.5808729282535,322772.0821956153,388553.241977906,12212.0
37,NL0 1 waste,NL0 1,1,31.0,34.1135,5472.5808729282535,69198.42877354371,169650.00706077585,4588.915471299604
37,NL0 10 CCGT,NL0 10,1,507.0,43.27286666666667,5472.5808729282535,476953.4966544066,2.7745985025746245e6,50722.45458328856
37,NL0 10 waste,NL0 10,1,150.0,34.1135,5472.5808729282535,334831.10696875985,820887.130939238,22396.893177383525
37,NL0 11 CCGT,NL0 11,1,72.0,43.27286666666667,5472.5808729282535,67733.04094500451,394025.8228508342,7367.569817160391
37,NL0 11 biomass,NL0 11,1,20.0,19.979914529914527,5472.5808729282535,90921.71329453951,109451.61745856507,3440.0
37,NL0 11 waste,NL0 11,1,50.0,34.1135,5472.5808729282535,111610.36898958655,273629.04364641267,7524.631434855492
37,NL0 13 CCGT,NL0 13,1,50.0,43.27286666666667,5472.5808729282535,47036.83398958645,273629.04364641267,4895.719833055649
37,NL0 13 biomass,NL0 13,1,77.0,19.979914529914527,5472.5808729282535,350048.5961839771,421388.7272154755,13170.758589916517
37,NL0 16 CCGT,NL0 16,1,268.0,43.27286666666667,5472.5808729282535,252117.43018418344,1.466651673944772e6,27538.893965590218
37,NL0 17 CCGT,NL0 17,1,107.0,43.27286666666667,5472.5808729282535,100658.824737715,585566.1534033231,10626.068428060204
37,NL0 18 CCGT,NL0 18,1,112.0,43.27286666666667,5472.5808729282535,105362.50813667367,612929.0577679644,10844.353335576834
37,NL0 19 CCGT,NL0 19,1,523.0,53.04262929292929,5472.5808729282535,286383.1175012115,2.8621597965414766e6,11442.174094047412
37,NL0 19 biomass,NL0 19,1,49.0,19.979914529914527,5472.5808729282535,222758.19757162177,268156.4627734844,8428.0
37,NL0 19 waste,NL0 19,1,36.0,34.1135,5472.5808729282535,80359.4656725024,197012.9114254171,5354.371387642948
37,NL0 2 CCGT,NL0 2,1,272.5,43.27286666666667,5472.5808729282535,256350.7452432462,1.4912782878729491e6,26343.164184162983
37,NL0 21 CCGT,NL0 21,1,85.0,43.27286666666667,5472.5808729282535,79962.61778229696,465169.3741989015,8160.0
37,NL0 22 CCGT,NL0 22,1,100.0,43.27286666666667,5472.5808729282535,94073.66797917287,547258.0872928253,9324.41676512867
37,NL0 22 biomass,NL0 22,1,500.0,19.979914529914527,5472.5808729282535,2.273042832363489e6,2.7362904364641267e6,88253.71740471417
37,NL0 23 CCGT,NL0 23,1,964.0,43.8530553226903,5472.5808729282535,870323.5031578824,5.275567961502836e6,47693.60984839019
37,NL0 24 CCGT,NL0 24,1,684.0,67.50263035262032,5472.5808729282535,184434.58658511768,3.7432453170829252e6,10714.131758202931
37,NL0 25 waste,NL0 25,1,54.0,34.1135,5472.5808729282535,120539.19850875347,295519.3671381257,7879.509622723579
37,NL0 27 CCGT,NL0 27,1,984.0,43.27286666666667,5472.5808729282535,925684.892915062,5.385019578961401e6,100356.4375320614
37,NL0 27 biomass,NL0 27,1,22.0,19.979914529914527,5472.5808729282535,100013.88462399352,120396.77920442157,3784.0
37,NL0 27 waste,NL0 27,1,71.2,34.1135,5472.5808729282535,158933.16544117124,389647.75815249165,10641.092251250797
37,NL0 28 CCGT,NL0 28,1,144.0,43.27286666666667,5472.5808729282535,135466.08189000908,788051.6457016685,14733.30652153352
37,NL0 3 CCGT,NL0 3,1,1907.0,51.41762846054192,5472.5808729282535,1.1124058873594762e6,1.043621172467418e7,58777.98064051036
37,NL0 3 biomass,NL0 3,1,22.0,19.979914529914527,5472.5808729282535,100013.88462399352,120396.77920442157,3784.0
37,NL0 3 waste,NL0 3,1,108.0,34.1135,5472.5808729282535,241078.39701750694,591038.7342762514,15984.0
37,NL0 30 biomass,NL0 30,1,60.0,19.979914529914527,5472.5808729282535,272765.1398836184,328354.8523756952,10320.0
37,NL0 31 CCGT,NL0 31,1,3341.0,85.4787109164719,5472.5808729282535,8.169757987421025e-10,1.8283892696453296e7,23559.453978829108
37,NL0 5 CCGT,NL0 5,1,49.6,43.27286666666667,5472.5808729282535,46660.5393176698,271440.0112972414,4789.433054567776
37,NL0 6 CCGT,NL0 6,1,1608.4,43.27286666666667,5472.5808729282535,1.5130808757770173e6,8.802099076017803e6,164426.47836153666
37,NL0 7 CCGT,NL0 7,1,1398.0,43.6729395310492,5472.5808729282535,1.275998747840363e6,7.650668060353698e6,85506.53181069877
37,NL0 7 nuclear,NL0 7,1,515.0,27.322803680981593,5472.5808729282535,1.7021457600712706e6,2.8183791495580506e6,84102.42124441595
37,NL0 7 waste,NL0 7,1,39.0,34.1135,5472.5808729282535,87056.08781187763,213430.6540442019,5742.9557498415825
37,NL0 8 CCGT,NL0 8,1,447.0,58.928107624263944,5472.5808729282535,189520.23005298054,2.4462436501989295e6,8652.104303317297
37,NL0 8 biomass,NL0 8,1,36.0,19.979914529914527,5472.5808729282535,163659.0839301714,197012.9114254171,6192.0
37,NL0 8 waste,NL0 8,1,157.0,34.1135,5472.5808729282535,350456.55862730206,859195.1970497358,23317.13636861649
37,NL0 9 biomass,NL0 9,1,20.0,19.979914529914527,5472.5808729282535,90921.71329453951,109451.61745856507,3440.0
37,NL0 0 0 solar,NL0 0,1,144.0,0.01,5472.580872928031,143777.17181364013,0.0,3495.7738491645578
37,NL0 1 0 solar,NL0 1,1,291.5,0.01,5472.580872928031,279083.88681448676,0.0,6948.705449759602
37,NL0 10 0 solar,NL0 10,1,120.1,0.01,5472.580872928031,123510.80794349074,0.0,3035.911304769089
37,NL0 11 0 solar,NL0 11,1,436.4,0.01,5472.580872928149,411901.30587840657,0.0,10306.481755249355
37,NL0 12 0 solar,NL0 12,1,203.1,0.01,5472.580872928149,191990.80544541526,0.0,4820.92251154439
37,NL0 13 0 solar,NL0 13,1,473.2,0.01,5472.580872928149,452951.73890675174,0.0,11187.121113824795
37,NL0 14 0 solar,NL0 14,1,85.3,0.01,5472.580872928149,84067.00358636606,0.0,2087.7663698282927
37,NL0 15 0 solar,NL0 15,1,369.4,0.01,5472.580872928149,346685.28503442707,0.0,8736.034836219216
37,NL0 16 0 solar,NL0 16,1,68.8,0.01,5472.580872928149,69599.92687591027,0.0,1691.4298225830848
37,NL0 17 0 solar,NL0 17,1,63.1,0.01,5472.580872928031,65394.03954021667,0.0,1589.8866005603036
37,NL0 18 0 solar,NL0 18,1,13.399999999999999,0.01,5472.580872928149,13705.304222902532,0.0,335.710111700008
37,NL0 19 0 solar,NL0 19,1,75.60000000000001,0.01,5472.580872928031,70863.94290967542,0.0,1815.0254919597055
37,NL0 2 0 solar,NL0 2,1,1109.1,0.01,5472.580872928031,1.0323424735205561e6,0.0,26402.661517956996
37,NL0 20 0 solar,NL0 20,1,331.2,0.01,5472.580872928149,320483.9317679877,0.0,7909.5604725700005
37,NL0 21 0 solar,NL0 21,1,40.5,0.01,5472.580872928149,41600.66565576048,0.0,1013.9430253950717
37,NL0 22 0 solar,NL0 22,1,263.3,0.01,5472.580872928149,260617.55609716478,0.0,6361.56546158242
37,NL0 23 0 solar,NL0 23,1,57.1,0.01,5472.580872928149,57564.46412102373,0.0,1403.2936270342718
37,NL0 24 0 solar,NL0 24,1,99.8,0.01,5472.580872928031,98258.96051930617,0.0,2393.4015185461817
37,NL0 25 0 solar,NL0 25,1,663.4,0.01,5472.580872928149,623417.0481376504,0.0,15835.542397299549
37,NL0 26 0 solar,NL0 26,1,156.2,0.01,5472.580872928031,154151.3282016009,0.0,3821.2856187503758
37,NL0 27 0 solar,NL0 27,1,103.1,0.01,5472.580872928031,107361.95522086936,0.0,2649.1257341788905
37,NL0 28 0 solar,NL0 28,1,105.3,0.01,5472.580872928031,100355.16709245981,0.0,2489.1644574964166
37,NL0 3 0 solar,NL0 3,1,84.5,0.01,5472.580872928031,85165.20527245209,0.0,2070.9188767275286
37,NL0 30 0 solar,NL0 30,1,3.6,0.01,5472.580872928149,3668.2574639459576,0.0,89.82355962877534
37,NL0 31 0 solar,NL0 31,1,44.8,0.01,5472.580872928149,42321.02586653224,0.0,1072.8423780802711
37,NL0 4 0 solar,NL0 4,1,142.8,0.01,5472.580872928149,136790.37822099504,0.0,3403.277910451907
37,NL0 5 0 solar,NL0 5,1,351.7,0.01,5472.580872928031,342365.7706028363,0.0,8409.128930464909
37,NL0 6 0 solar,NL0 6,1,260.3,0.01,5472.580872928031,262068.44217328122,0.0,6427.157527688587
37,NL0 7 0 solar,NL0 7,1,553.2,0.01,5472.580872928149,550871.4655114005,0.0,13445.138753780626
37,NL0 8 0 solar,NL0 8,1,79.5,0.01,5472.580872928031,79242.76000531408,0.0,1927.2751274433406
37,NL0 9 0 solar,NL0 9,1,299.5,0.01,5472.580872928149,289172.5962436978,0.0,7188.544634543878
37,NL0 20 0 offwind-ac,NL0 20,1,578.0,0.015,5472.580872928031,2.0897042570821068e6,0.0,54020.78697085987
37,NL0 27 0 offwind-ac,NL0 27,1,4583.0,0.015,5472.580872928149,1.8364927258024745e7,0.0,508952.82480413246
37,NL0 31 0 offwind-ac,NL0 31,1,600.0,0.015,5472.580872928149,2.3448754266029424e6,0.0,65533.70995494073
37,NL0 32 0 offwind-ac,NL0 32,1,608.0,0.015,5472.580872928149,2.5122772306798655e6,0.0,70162.48686909239
37,NL0 7 0 offwind-ac,NL0 7,1,752.0,0.015,5472.580872928031,3.1154508015855406e6,0.0,86125.98456763808
37,NL0 0 0 onwind,NL0 0,1,59.0,0.015,5472.580872928149,141581.73699949784,0.0,4423.345107547118
37,NL0 1 0 onwind,NL0 1,1,75.0,0.015,5472.580872928031,144987.223672517,0.0,4742.56319817744
37,NL0 10 0 onwind,NL0 10,1,428.0,0.015,5472.580872928149,1.4291400869199412e6,0.0,42899.58939304398
37,NL0 11 0 onwind,NL0 11,1,21.0,0.015,5472.580872928031,40420.12081248227,0.0,1335.20493202581
37,NL0 12 0 onwind,NL0 12,1,54.0,0.015,5472.580872928031,157750.11158850274,0.0,4825.868590991421
37,NL0 13 0 onwind,NL0 13,1,23.0,0.015,5472.580872928149,48363.225696769005,0.0,1532.6220690771631
37,NL0 14 0 onwind,NL0 14,1,61.0,0.015,5472.580872928031,204206.8002025359,0.0,6037.66177756561
37,NL0 15 0 onwind,NL0 15,1,52.0,0.015,5472.580872928149,110981.05180515122,0.0,3607.525168978321
37,NL0 17 0 onwind,NL0 17,1,27.0,0.015,5472.580872928031,77212.90743965164,0.0,2383.4254239409556
37,NL0 19 0 onwind,NL0 19,1,532.0,0.015,5472.580872928031,1.3460316067230038e6,0.0,42486.97601131978
37,NL0 2 0 onwind,NL0 2,1,472.8,0.015,5472.580872928149,1.0549214371896542e6,0.0,34337.746806742805
37,NL0 20 0 onwind,NL0 20,1,822.2,0.015,5472.580872928149,2.2296443636200447e6,0.0,69336.60955946345
37,NL0 21 0 onwind,NL0 21,1,36.0,0.015,5472.580872928031,104484.76563321071,0.0,3177.3564070712346
37,NL0 22 0 onwind,NL0 22,1,122.7,0.015,5472.580872928031,259097.5009444907,0.0,8315.637013623795
37,NL0 23 0 onwind,NL0 23,1,127.0,0.015,5472.580872928149,371375.7050556639,0.0,11212.523922297043
37,NL0 24 0 onwind,NL0 24,1,33.0,0.015,5472.580872928149,87218.32571815483,0.0,2695.335457473082
37,NL0 27 0 onwind,NL0 27,1,21.6,0.015,5472.580872928149,74449.90450443185,0.0,2180.9045521535386
37,NL0 3 0 onwind,NL0 3,1,284.6,0.015,5472.580872928149,734639.6276889532,0.0,22664.468991724043
37,NL0 30 0 onwind,NL0 30,1,31.0,0.015,5472.580872928031,89651.52416415488,0.0,2722.483397118999
37,NL0 31 0 onwind,NL0 31,1,216.0,0.015,5472.580872928031,634984.0143862665,0.0,19153.54699704878
37,NL0 4 0 onwind,NL0 4,1,287.0,0.015,5472.580872928031,733311.6964016734,0.0,22510.591441937933
37,NL0 5 0 onwind,NL0 5,1,21.0,0.015,5472.580872928031,39673.869513893376,0.0,1275.2039909648804
37,NL0 6 0 onwind,NL0 6,1,35.0,0.015,5472.580872928149,65026.749012613116,0.0,2091.921340701388
37,NL0 7 0 onwind,NL0 7,1,374.3,0.015,5472.580872928031,974864.6796991498,0.0,29784.774429500205
37,NL0 8 0 onwind,NL0 8,1,101.1,0.015,5472.580872928031,229603.3320273519,0.0,7313.827795575042
37,NL0 9 0 onwind,NL0 9,1,35.0,0.015,5472.580872928149,64634.206735854954,0.0,2115.0035191784173
38,NL0 0 CCGT,NL0 0,1,575.0,43.272866666666665,5472.5808730146255,540923.5908802447,3.1467340019834097e6,61417.90395209472
38,NL0 1 biomass,NL0 1,1,71.0,19.979914529914527,5472.5808730146255,322772.0821956153,388553.2419840384,12141.0
38,NL0 1 waste,NL0 1,1,31.0,34.1135,5472.5808730146255,69198.42877354372,169650.00706345338,4588.915471299604
38,NL0 10 CCGT,NL0 10,1,507.0,43.27286666666667,5472.5808730146255,476953.4966544069,2.7745985026184153e6,51385.333571951
38,NL0 10 waste,NL0 10,1,150.0,34.1135,5472.5808730146255,334831.10696875985,820887.1309521939,22502.8911288227
38,NL0 11 CCGT,NL0 11,1,72.0,43.27286666666667,5472.5808730146255,67733.04094500453,394025.822857053,6912.0
38,NL0 11 biomass,NL0 11,1,20.0,19.979914529914527,5472.5808730146255,90921.71329453951,109451.6174602925,3420.0
38,NL0 11 waste,NL0 11,1,50.0,34.1135,5472.5808730146255,111610.36898958655,273629.04365073127,7411.048996597596
38,NL0 13 CCGT,NL0 13,1,50.0,43.27286666666667,5472.5808730146255,47036.833989586485,273629.04365073127,4900.0
38,NL0 13 biomass,NL0 13,1,77.0,19.979914529914527,5472.5808730146255,350048.59618397715,421388.72722212615,13244.0
38,NL0 16 CCGT,NL0 16,1,268.0,43.27286666666667,5472.5808730146255,252117.43018418353,1.4666516739679195e6,26246.346529799805
38,NL0 17 CCGT,NL0 17,1,107.0,43.27286666666667,5472.5808730146255,100658.82473771503,585566.1534125649,10122.732769297767
38,NL0 18 CCGT,NL0 18,1,112.0,43.27286666666667,5472.5808730146255,105362.50813667373,612929.0577776381,10327.095712381146
38,NL0 19 CCGT,NL0 19,1,523.0,53.04262929292929,5472.5808730146255,286383.1175012115,2.862159796586649e6,11442.174094047412
38,NL0 19 biomass,NL0 19,1,49.0,19.979914529914527,5472.5808730146255,222758.1975716218,268156.46277771663,8428.0
38,NL0 19 waste,NL0 19,1,36.0,34.1135,5472.5808730146255,80359.4656725024,197012.9114285265,5364.0
38,NL0 2 CCGT,NL0 2,1,272.5,43.27286666666667,5472.5808730146255,256350.74524324623,1.4912782878964855e6,25887.5
38,NL0 21 CCGT,NL0 21,1,85.0,43.27286666666667,5472.5808730146255,79962.61778229696,465169.37420624314,8234.473528431157
38,NL0 22 CCGT,NL0 22,1,100.0,43.27286666666667,5472.5808730146255,94073.66797917287,547258.0873014625,9000.0
38,NL0 22 biomass,NL0 22,1,500.0,19.979914529914527,5472.5808730146255,2.273042832363489e6,2.7362904365073126e6,88484.7174047144
38,NL0 23 CCGT,NL0 23,1,964.0,43.8530553226903,5472.5808730146255,870323.5031578826,5.275567961586099e6,47693.60984839019
38,NL0 24 CCGT,NL0 24,1,684.0,67.50263035262032,5472.5808730146255,184434.58658511768,3.7432453171420037e6,10714.131758202955
38,NL0 25 waste,NL0 25,1,54.0,34.1135,5472.5808730146255,120539.19850875348,295519.36714278976,7776.0
38,NL0 27 CCGT,NL0 27,1,984.0,43.27286666666667,5472.5808730146255,925684.8929150616,5.385019579046392e6,97733.89805323853
38,NL0 27 biomass,NL0 27,1,22.0,19.979914529914527,5472.5808730146255,100013.88462399352,120396.77920632176,3784.0
38,NL0 27 waste,NL0 27,1,71.2,34.1135,5472.5808730146255,158933.1654411713,389647.75815864134,10689.279673793159
38,NL0 28 CCGT,NL0 28,1,144.0,43.27286666666667,5472.5808730146255,135466.08189000902,788051.645714106,13272.856066757064
38,NL0 3 CCGT,NL0 3,1,1907.0,51.41762846054192,5472.5808730146255,1.1124058873594762e6,1.043621172483889e7,58777.980640509995
38,NL0 3 biomass,NL0 3,1,22.0,19.979914529914527,5472.5808730146255,100013.88462399352,120396.77920632176,3784.0
38,NL0 3 waste,NL0 3,1,108.0,34.1135,5472.5808730146255,241078.397017507,591038.7342855795,15973.182668439778
38,NL0 30 biomass,NL0 30,1,60.0,19.979914529914527,5472.5808730146255,272765.1398836184,328354.85238087754,10140.0
38,NL0 31 CCGT,NL0 31,1,3341.0,85.4787109164719,5472.5808730146255,8.169757987421097e-10,1.8283892696741864e7,23559.45397882929
38,NL0 5 CCGT,NL0 5,1,49.6,43.27286666666667,5472.5808730146255,46660.53931766981,271440.0113015254,4711.999999999999
38,NL0 6 CCGT,NL0 6,1,1608.4,43.27286666666667,5472.5808730146255,1.5130808757770185e6,8.802099076156724e6,168629.0607899515
38,NL0 7 CCGT,NL0 7,1,1398.0,43.6729395310492,5472.5808730146255,1.2759987478403633e6,7.650668060474446e6,85506.53181069877
38,NL0 7 nuclear,NL0 7,1,515.0,27.322803680981593,5472.5808730146255,1.7021457600712709e6,2.818379149602532e6,84102.42124441595
38,NL0 7 waste,NL0 7,1,39.0,34.1135,5472.5808730146255,87056.08781187763,213430.6540475704,5616.0
38,NL0 8 CCGT,NL0 8,1,447.0,58.928107624263944,5472.5808730146255,189520.23005298054,2.4462436502375375e6,8652.10430331739
38,NL0 8 biomass,NL0 8,1,36.0,19.979914529914527,5472.5808730146255,163659.0839301714,197012.9114285265,6178.758589916515
38,NL0 8 waste,NL0 8,1,157.0,34.1135,5472.5808730146255,350456.55862730206,859195.1970632962,23508.1875246614
38,NL0 9 biomass,NL0 9,1,20.0,19.979914529914527,5472.5808730146255,90921.71329453951,109451.6174602925,3420.0
38,NL0 0 0 solar,NL0 0,1,144.0,0.01,59329.06935292875,143777.17181364013,0.0,3495.7738491645578
38,NL0 1 0 solar,NL0 1,1,291.5,0.01,59329.06935292875,279083.88681448676,0.0,6948.705449759602
38,NL0 10 0 solar,NL0 10,1,120.1,0.01,59329.06935292875,123510.80794349074,0.0,3035.911304769089
38,NL0 11 0 solar,NL0 11,1,436.4,0.01,59329.06935292875,411901.30587840657,0.0,10306.481755249355
38,NL0 12 0 solar,NL0 12,1,203.1,0.01,59329.06935292875,191990.80544541526,0.0,4820.92251154439
38,NL0 13 0 solar,NL0 13,1,473.2,0.01,59329.06935292875,452951.73890675174,0.0,11187.121113824795
38,NL0 14 0 solar,NL0 14,1,85.3,0.01,59329.06935292875,84067.00358636606,0.0,2087.7663698282927
38,NL0 15 0 solar,NL0 15,1,369.4,0.01,59329.06935292875,346685.28503442707,0.0,8736.034836219216
38,NL0 16 0 solar,NL0 16,1,68.8,0.01,59329.06935292875,69599.92687591027,0.0,1691.4298225830848
38,NL0 17 0 solar,NL0 17,1,63.1,0.01,59329.06935292875,65394.039540216676,0.0,1589.8866005603036
38,NL0 18 0 solar,NL0 18,1,13.399999999999999,0.01,59329.06935292875,13705.304222902532,0.0,335.710111700008
38,NL0 19 0 solar,NL0 19,1,75.60000000000001,0.01,59329.06935292875,70863.94290967542,0.0,1815.0254919597055
38,NL0 2 0 solar,NL0 2,1,1109.1,0.01,59329.06935292875,1.0323424735205562e6,0.0,26402.661517956996
38,NL0 20 0 solar,NL0 20,1,331.2,0.01,59329.06935292875,320483.9317679877,0.0,7909.5604725700005
38,NL0 21 0 solar,NL0 21,1,40.5,0.01,59329.06935292875,41600.66565576048,0.0,1013.9430253950717
38,NL0 22 0 solar,NL0 22,1,263.3,0.01,59329.06935292875,260617.55609716478,0.0,6361.56546158242
38,NL0 23 0 solar,NL0 23,1,57.1,0.01,59329.06935292875,57564.46412102373,0.0,1403.2936270342718
38,NL0 24 0 solar,NL0 24,1,99.8,0.01,59329.06935292875,98258.96051930617,0.0,2393.4015185461817
38,NL0 25 0 solar,NL0 25,1,663.4,0.01,59329.06935292875,623417.0481376504,0.0,15835.542397299549
38,NL0 26 0 solar,NL0 26,1,156.2,0.01,59329.06935292875,154151.3282016009,0.0,3821.2856187503758
38,NL0 27 0 solar,NL0 27,1,103.1,0.01,59329.06935292875,107361.95522086936,0.0,2649.1257341788905
38,NL0 28 0 solar,NL0 28,1,105.3,0.01,59329.06935292875,100355.16709245981,0.0,2489.1644574964166
38,NL0 3 0 solar,NL0 3,1,84.5,0.01,59329.06935292875,85165.20527245209,0.0,2070.9188767275286
38,NL0 30 0 solar,NL0 30,1,3.6,0.01,59329.06935292875,3668.2574639459576,0.0,89.82355962877534
38,NL0 31 0 solar,NL0 31,1,44.8,0.01,59329.06935292875,42321.02586653224,0.0,1072.8423780802711
38,NL0 4 0 solar,NL0 4,1,142.8,0.01,59329.06935292875,136790.37822099504,0.0,3403.277910451907
38,NL0 5 0 solar,NL0 5,1,351.7,0.01,59329.06935292875,342365.77060283633,0.0,8409.128930464909
38,NL0 6 0 solar,NL0 6,1,260.3,0.01,59329.06935292875,262068.44217328122,0.0,6427.157527688587
38,NL0 7 0 solar,NL0 7,1,553.2,0.01,59329.06935292875,550871.4655114005,0.0,13445.138753780626
38,NL0 8 0 solar,NL0 8,1,79.5,0.01,59329.06935292875,79242.76000531408,0.0,1927.2751274433406
38,NL0 9 0 solar,NL0 9,1,299.5,0.01,59329.06935292875,289172.5962436978,0.0,7188.544634543878
38,NL0 20 0 offwind-ac,NL0 20,1,578.0,0.015,59329.06935292875,2.0897042570821068e6,0.0,59295.12598096384
38,NL0 27 0 offwind-ac,NL0 27,1,4583.0,0.015,59329.06935292875,1.836492725802475e7,0.0,517595.07048146566
38,NL0 31 0 offwind-ac,NL0 31,1,600.0,0.015,59329.06935292875,2.3448754266029424e6,0.0,65002.40995494072
38,NL0 32 0 offwind-ac,NL0 32,1,608.0,0.015,59329.06935292875,2.5122772306798655e6,0.0,69624.1028690924
38,NL0 7 0 offwind-ac,NL0 7,1,752.0,0.015,59329.06935292875,3.1154508015855406e6,0.0,85460.08856763809
38,NL0 0 0 onwind,NL0 0,1,59.0,0.015,59329.06935292875,141581.73699949784,0.0,4315.734525414495
38,NL0 1 0 onwind,NL0 1,1,75.0,0.015,59329.06935292875,144987.223672517,0.0,4488.517637602711
38,NL0 10 0 onwind,NL0 10,1,428.0,0.015,59329.06935292875,1.4291400869199412e6,0.0,42899.58939304398
38,NL0 11 0 onwind,NL0 11,1,21.0,0.015,59329.06935292875,40420.12081248227,0.0,1307.6695123700767
38,NL0 12 0 onwind,NL0 12,1,54.0,0.015,59329.06935292875,157750.11158850274,0.0,4609.988524041529
38,NL0 13 0 onwind,NL0 13,1,23.0,0.015,59329.06935292875,48363.225696769005,0.0,1509.6220690771631
38,NL0 14 0 onwind,NL0 14,1,61.0,0.015,59329.06935292875,204206.80020253593,0.0,5854.66177756561
38,NL0 15 0 onwind,NL0 15,1,52.0,0.015,59329.06935292875,110981.05180824433,0.0,3522.511140223919
38,NL0 17 0 onwind,NL0 17,1,27.0,0.015,59329.06935292875,77212.90743965164,0.0,2302.425955009582
38,NL0 19 0 onwind,NL0 19,1,532.0,0.015,59329.06935292875,1.3460316067230036e6,0.0,41429.691909126195
38,NL0 2 0 onwind,NL0 2,1,472.8,0.015,59329.06935292875,1.0549214371896542e6,0.0,32944.81142635297
38,NL0 20 0 onwind,NL0 20,1,822.2,0.015,59329.06935292875,2.2296443636200447e6,0.0,66870.01435652
38,NL0 21 0 onwind,NL0 21,1,36.0,0.015,59329.06935292875,104484.76563321071,0.0,3105.3564070712346
38,NL0 22 0 onwind,NL0 22,1,122.7,0.015,59329.06935292875,259097.50094449072,0.0,7970.724158203773
38,NL0 23 0 onwind,NL0 23,1,127.0,0.015,59329.06935292875,371375.7050556639,0.0,10966.177702141382
38,NL0 24 0 onwind,NL0 24,1,33.0,0.015,59329.06935292875,87218.32571815484,0.0,2630.932698155521
38,NL0 27 0 onwind,NL0 27,1,21.6,0.015,59329.06935292875,74449.90450443185,0.0,2051.307877365423
38,NL0 3 0 onwind,NL0 3,1,284.6,0.015,59329.06935292875,734639.6276889532,0.0,21405.823325124227
38,NL0 30 0 onwind,NL0 30,1,31.0,0.015,59329.06935292875,89651.52416415488,0.0,2629.5744366623353
38,NL0 31 0 onwind,NL0 31,1,216.0,0.015,59329.06935292875,634984.0143862665,0.0,18289.546997048783
38,NL0 4 0 onwind,NL0 4,1,287.0,0.015,59329.06935292875,733311.6964016734,0.0,21577.62676264307
38,NL0 5 0 onwind,NL0 5,1,21.0,0.015,59329.06935292875,39673.869513893376,0.0,1153.649609057141
38,NL0 6 0 onwind,NL0 6,1,35.0,0.015,59329.06935292875,65026.749012613116,0.0,1949.2741722835087
38,NL0 7 0 onwind,NL0 7,1,374.3,0.015,59329.06935292875,974864.6796991499,0.0,28344.296088821164
38,NL0 8 0 onwind,NL0 8,1,101.1,0.015,59329.06935292875,229603.3320273519,0.0,6862.948422474388
38,NL0 9 0 onwind,NL0 9,1,35.0,0.015,59329.06935292875,64634.206735854954,0.0,1989.2357244757386
39,NL0 0 CCGT,NL0 0,1,575.0,43.272866666666665,5472.580873013451,540923.5908802447,3.1467340019827345e6,63538.02563102341
39,NL0 1 biomass,NL0 1,1,71.0,19.979914529914527,5472.580873013451,322772.0821956152,388553.241983955,12316.758589916517
39,NL0 1 waste,NL0 1,1,31.0,34.1135,5472.580873013451,69198.42877354372,169650.007063417,4712.0
39,NL0 10 CCGT,NL0 10,1,507.0,43.27286666666667,5472.580873013451,476953.49665440654,2.7745985026178197e6,53742.0
39,NL0 10 waste,NL0 10,1,150.0,34.1135,5472.580873013451,334831.10696875985,820887.1309520177,22430.02610476802
39,NL0 11 CCGT,NL0 11,1,72.0,43.27286666666667,5472.580873013451,67733.0409450045,394025.8228569685,6912.0
39,NL0 11 biomass,NL0 11,1,20.0,19.979914529914527,5472.580873013451,90921.71329453951,109451.61746026903,3480.0
39,NL0 11 waste,NL0 11,1,50.0,34.1135,5472.580873013451,111610.36898958652,273629.04365067254,7450.0
39,NL0 13 CCGT,NL0 13,1,50.0,43.27286666666667,5472.580873013451,47036.83398958644,273629.04365067254,4950.0
39,NL0 13 biomass,NL0 13,1,77.0,19.979914529914527,5472.580873013451,350048.5961839771,421388.72722203576,13244.0
39,NL0 16 CCGT,NL0 16,1,268.0,43.27286666666667,5472.580873013451,252117.43018418332,1.466651673967605e6,26405.65301905642
39,NL0 17 CCGT,NL0 17,1,107.0,43.27286666666667,5472.580873013451,100658.82473771495,585566.1534124393,10272.0
39,NL0 18 CCGT,NL0 18,1,112.0,43.27286666666667,5472.580873013451,105362.50813667361,612929.0577775065,10504.601437737925
39,NL0 19 CCGT,NL0 19,1,523.0,53.04262929292929,5472.580873013451,286383.1175012115,2.862159796586035e6,11442.174094047412
39,NL0 19 biomass,NL0 19,1,49.0,19.979914529914527,5472.580873013451,222758.1975716218,268156.4627776591,8477.0
39,NL0 19 waste,NL0 19,1,36.0,34.1135,5472.580873013451,80359.46567250238,197012.91142848425,5328.0
39,NL0 2 CCGT,NL0 2,1,272.5,43.27286666666667,5472.580873013451,256350.74524324606,1.4912782878961654e6,26441.470235328867
39,NL0 21 CCGT,NL0 21,1,85.0,43.27286666666667,5472.580873013451,79962.61778229693,465169.3742061434,8160.0
39,NL0 22 CCGT,NL0 22,1,100.0,43.27286666666667,5472.580873013451,94073.66797917285,547258.0873013451,9600.0
39,NL0 22 biomass,NL0 22,1,500.0,19.979914529914527,5472.580873013451,2.273042832363489e6,2.736290436506726e6,87984.15280414272
39,NL0 23 CCGT,NL0 23,1,964.0,43.8530553226903,5472.580873013451,870323.5031578824,5.275567961584967e6,47693.60984839019
39,NL0 24 CCGT,NL0 24,1,684.0,67.50263035262032,5472.580873013451,184434.5865851177,3.743245317141201e6,10714.131758202937
39,NL0 25 waste,NL0 25,1,54.0,34.1135,5472.580873013451,120539.19850875346,295519.3671427264,7830.0
39,NL0 27 CCGT,NL0 27,1,984.0,43.27286666666667,5472.580873013451,925684.8929150611,5.385019579045236e6,93258.01798837108
39,NL0 27 biomass,NL0 27,1,22.0,19.979914529914527,5472.580873013451,100013.88462399352,120396.77920629593,3784.0
39,NL0 27 waste,NL0 27,1,71.2,34.1135,5472.580873013451,158933.1654411712,389647.75815855776,10608.80000000001
39,NL0 28 CCGT,NL0 28,1,144.0,43.27286666666667,5472.580873013451,135466.08189000894,788051.645713937,12880.743944576576
39,NL0 3 CCGT,NL0 3,1,1907.0,51.41762846054192,5472.580873013451,1.1124058873594762e6,1.0436211724836651e7,58777.98064051038
39,NL0 3 biomass,NL0 3,1,22.0,19.979914529914527,5472.580873013451,100013.88462399352,120396.77920629593,3784.0
39,NL0 3 waste,NL0 3,1,108.0,34.1135,5472.580873013451,241078.3970175069,591038.7342854528,15949.757282747796
39,NL0 30 biomass,NL0 30,1,60.0,19.979914529914527,5472.580873013451,272765.1398836184,328354.8523808071,10378.564600571466
39,NL0 31 CCGT,NL0 31,1,3341.0,85.4787109164719,5472.580873013451,1.0660179528427025e-9,1.828389269673794e7,23559.45397882914
39,NL0 5 CCGT,NL0 5,1,49.6,43.27286666666667,5472.580873013451,46660.53931766976,271440.0113014672,4279.916915227261
39,NL0 6 CCGT,NL0 6,1,1608.4,43.27286666666667,5472.580873013451,1.5130808757770176e6,8.802099076154836e6,167836.77180258057
39,NL0 7 CCGT,NL0 7,1,1398.0,43.6729395310492,5472.580873013451,1.2759987478403626e6,7.650668060472805e6,85506.53181069877
39,NL0 7 nuclear,NL0 7,1,515.0,27.322803680981593,5472.580873013451,1.7021457600712704e6,2.8183791496019275e6,84102.42124441595
39,NL0 7 waste,NL0 7,1,39.0,34.1135,5472.580873013451,87056.08781187762,213430.65404752461,5661.486858942359
39,NL0 8 CCGT,NL0 8,1,447.0,58.928107624263944,5472.580873013451,189520.23005298057,2.4462436502370127e6,8652.104303317303
39,NL0 8 biomass,NL0 8,1,36.0,19.979914529914527,5472.580873013451,163659.0839301714,197012.91142848425,6156.0
39,NL0 8 waste,NL0 8,1,157.0,34.1135,5472.580873013451,350456.558627302,859195.1970631118,23459.435217155642
39,NL0 9 biomass,NL0 9,1,20.0,19.979914529914527,5472.580873013451,90921.71329453951,109451.61746026903,3420.0
39,NL0 0 0 solar,NL0 0,1,144.0,0.01,59329.06935292875,143777.1718136401,0.0,3495.7738491645578
39,NL0 1 0 solar,NL0 1,1,291.5,0.01,59329.06935292875,279083.88681448676,0.0,6948.705449759602
39,NL0 10 0 solar,NL0 10,1,120.1,0.01,59329.06935292875,123510.80794349074,0.0,3035.911304769089
39,NL0 11 0 solar,NL0 11,1,436.4,0.01,59329.06935292875,411901.30587840645,0.0,10306.481755249355
39,NL0 12 0 solar,NL0 12,1,203.1,0.01,59329.06935292875,191990.80544541523,0.0,4820.92251154439
39,NL0 13 0 solar,NL0 13,1,473.2,0.01,59329.06935292875,452951.73890675174,0.0,11187.121113824795
39,NL0 14 0 solar,NL0 14,1,85.3,0.01,59329.06935292875,84067.00358636606,0.0,2087.7663698282927
39,NL0 15 0 solar,NL0 15,1,369.4,0.01,59329.06935292875,346685.285034427,0.0,8736.034836219216
39,NL0 16 0 solar,NL0 16,1,68.8,0.01,59329.06935292875,69599.92687591026,0.0,1691.4298225830848
39,NL0 17 0 solar,NL0 17,1,63.1,0.01,59329.06935292875,65394.03954021666,0.0,1589.8866005603036
39,NL0 18 0 solar,NL0 18,1,13.399999999999999,0.01,59329.06935292875,13705.304222902532,0.0,335.710111700008
39,NL0 19 0 solar,NL0 19,1,75.60000000000001,0.01,59329.06935292875,70863.94290967542,0.0,1815.0254919597055
39,NL0 2 0 solar,NL0 2,1,1109.1,0.01,59329.06935292875,1.0323424735205561e6,0.0,26402.661517956996
39,NL0 20 0 solar,NL0 20,1,331.2,0.01,59329.06935292875,320483.9317679877,0.0,7909.5604725700005
39,NL0 21 0 solar,NL0 21,1,40.5,0.01,59329.06935292875,41600.66565576048,0.0,1013.9430253950717
39,NL0 22 0 solar,NL0 22,1,263.3,0.01,59329.06935292875,260617.55609716475,0.0,6361.56546158242
39,NL0 23 0 solar,NL0 23,1,57.1,0.01,59329.06935292875,57564.46412102373,0.0,1403.2936270342718
39,NL0 24 0 solar,NL0 24,1,99.8,0.01,59329.06935292875,98258.96051930617,0.0,2393.4015185461817
39,NL0 25 0 solar,NL0 25,1,663.4,0.01,59329.06935292875,623417.0481376502,0.0,15835.542397299549
39,NL0 26 0 solar,NL0 26,1,156.2,0.01,59329.06935292875,154151.3282016009,0.0,3821.2856187503758
39,NL0 27 0 solar,NL0 27,1,103.1,0.01,59329.06935292875,107361.95522086935,0.0,2649.1257341788905
39,NL0 28 0 solar,NL0 28,1,105.3,0.01,59329.06935292875,100355.16709245981,0.0,2489.1644574964166
39,NL0 3 0 solar,NL0 3,1,84.5,0.01,59329.06935292875,85165.20527245206,0.0,2070.9188767275286
39,NL0 30 0 solar,NL0 30,1,3.6,0.01,59329.06935292875,3668.2574639459576,0.0,89.82355962877534
39,NL0 31 0 solar,NL0 31,1,44.8,0.01,59329.06935292875,42321.02586653224,0.0,1072.8423780802711
39,NL0 4 0 solar,NL0 4,1,142.8,0.01,59329.06935292875,136790.37822099504,0.0,3403.277910451907
39,NL0 5 0 solar,NL0 5,1,351.7,0.01,59329.06935292875,342365.7706028363,0.0,8409.128930464909
39,NL0 6 0 solar,NL0 6,1,260.3,0.01,59329.06935292875,262068.4421732812,0.0,6427.157527688587
39,NL0 7 0 solar,NL0 7,1,553.2,0.01,59329.06935292875,550871.4655114004,0.0,13445.138753780626
39,NL0 8 0 solar,NL0 8,1,79.5,0.01,59329.06935292875,79242.76000531408,0.0,1927.2751274433406
39,NL0 9 0 solar,NL0 9,1,299.5,0.01,59329.06935292875,289172.5962436978,0.0,7188.544634543878
39,NL0 20 0 offwind-ac,NL0 20,1,578.0,0.015,59329.06935292875,2.0897042570821068e6,0.0,59230.034109291104
39,NL0 27 0 offwind-ac,NL0 27,1,4583.0,0.015,59329.06935292875,1.836492725802474e7,0.0,516768.02614511113
39,NL0 31 0 offwind-ac,NL0 31,1,600.0,0.015,59329.06935292875,2.3448754266029424e6,0.0,64724.278441512986
39,NL0 32 0 offwind-ac,NL0 32,1,608.0,0.015,59329.06935292875,2.5122772306798655e6,0.0,69224.04847229872
39,NL0 7 0 offwind-ac,NL0 7,1,752.0,0.015,59329.06935292875,3.1154508015855406e6,0.0,84955.04208563479
39,NL0 0 0 onwind,NL0 0,1,59.0,0.015,59329.06935292875,141581.73699949784,0.0,4312.144972813742
39,NL0 1 0 onwind,NL0 1,1,75.0,0.015,59329.06935292875,144987.223672517,0.0,4592.56319817744
39,NL0 10 0 onwind,NL0 10,1,428.0,0.015,59329.06935292875,1.4291400869199412e6,0.0,42899.58939304398
39,NL0 11 0 onwind,NL0 11,1,21.0,0.015,59329.06935292875,40420.12081248227,0.0,1335.20493202581
39,NL0 12 0 onwind,NL0 12,1,54.0,0.015,59329.06935292875,157750.11158850274,0.0,4717.9429748658395
39,NL0 13 0 onwind,NL0 13,1,23.0,0.015,59329.06935292875,48363.225696769005,0.0,1532.6220690771631
39,NL0 14 0 onwind,NL0 14,1,61.0,0.015,59329.06935292875,204206.8002025359,0.0,5854.66177756561
39,NL0 15 0 onwind,NL0 15,1,52.0,0.015,59329.06935292875,110981.05180824433,0.0,3463.0015382007477
39,NL0 17 0 onwind,NL0 17,1,27.0,0.015,59329.06935292875,77212.90743965164,0.0,2302.531465523686
39,NL0 19 0 onwind,NL0 19,1,532.0,0.015,59329.06935292875,1.3460316067230038e6,0.0,41954.97601131978
39,NL0 2 0 onwind,NL0 2,1,472.8,0.015,59329.06935292875,1.0549214371896542e6,0.0,33882.00351157511
39,NL0 20 0 onwind,NL0 20,1,822.2,0.015,59329.06935292875,2.2296443636200447e6,0.0,64481.06769277671
39,NL0 21 0 onwind,NL0 21,1,36.0,0.015,59329.06935292875,104484.76563321071,0.0,3069.368965850281
39,NL0 22 0 onwind,NL0 22,1,122.7,0.015,59329.06935292875,259097.5009444907,0.0,8101.708273219049
39,NL0 23 0 onwind,NL0 23,1,127.0,0.015,59329.06935292875,371375.7050556639,0.0,10841.413870155273
39,NL0 24 0 onwind,NL0 24,1,33.0,0.015,59329.06935292875,87218.32571815483,0.0,2695.335457473082
39,NL0 27 0 onwind,NL0 27,1,21.6,0.015,59329.06935292875,74449.90450443185,0.0,2094.507877365423
39,NL0 3 0 onwind,NL0 3,1,284.6,0.015,59329.06935292875,734639.6276889531,0.0,22458.606473793705
39,NL0 30 0 onwind,NL0 30,1,31.0,0.015,59329.06935292875,89651.52416415488,0.0,2505.5812010607306
39,NL0 31 0 onwind,NL0 31,1,216.0,0.015,59329.06935292875,634984.0143862665,0.0,18721.546997048783
39,NL0 4 0 onwind,NL0 4,1,287.0,0.015,59329.06935292875,733311.6964016734,0.0,21650.386858322177
39,NL0 5 0 onwind,NL0 5,1,21.0,0.015,59329.06935292875,39673.869513893376,0.0,1208.3263779608
39,NL0 6 0 onwind,NL0 6,1,35.0,0.015,59329.06935292875,65026.749012613116,0.0,2010.657330466849
39,NL0 7 0 onwind,NL0 7,1,374.3,0.015,59329.06935292875,974864.6796991497,0.0,29361.76813273281
39,NL0 8 0 onwind,NL0 8,1,101.1,0.015,59329.06935292875,229603.3320273519,0.0,7020.219717887665
39,NL0 9 0 onwind,NL0 9,1,35.0,0.015,59329.06935292875,64634.206735854954,0.0,1989.344137825692
40,NL0 0 CCGT,NL0 0,1,575.0,43.272866666666665,5472.580873014622,540923.590880245,3.1467340019834074e6,63729.12436699101
40,NL0 1 biomass,NL0 1,1,71.0,19.979914529914527,5472.580873014622,322772.0821956152,388553.24198403815,12283.0
40,NL0 1 waste,NL0 1,1,31.0,34.1135,5472.580873014622,69198.42877354372,169650.0070634533,4561.286858942552
40,NL0 10 CCGT,NL0 10,1,507.0,43.27286666666667,5472.580873014622,476953.4966544069,2.7745985026184134e6,51714.0
40,NL0 10 waste,NL0 10,1,150.0,34.1135,5472.580873014622,334831.10696875985,820887.1309521933,22202.891128822605
40,NL0 11 CCGT,NL0 11,1,72.0,43.27286666666667,5472.580873014622,67733.04094500456,394025.8228570528,7344.0
40,NL0 11 biomass,NL0 11,1,20.0,19.979914529914527,5472.580873014622,90921.71329453951,109451.61746029244,3440.0
40,NL0 11 waste,NL0 11,1,50.0,34.1135,5472.580873014622,111610.36898958657,273629.0436507311,7450.0
40,NL0 13 CCGT,NL0 13,1,50.0,43.27286666666667,5472.580873014622,47036.83398958647,273629.0436507311,5100.0
40,NL0 13 biomass,NL0 13,1,77.0,19.979914529914527,5472.580873014622,350048.5961839771,421388.72722212586,13244.0
40,NL0 16 CCGT,NL0 16,1,268.0,43.27286666666667,5472.580873014622,252117.43018418355,1.4666516739679186e6,28944.0
40,NL0 17 CCGT,NL0 17,1,107.0,43.27286666666667,5472.580873014622,100658.82473771503,585566.1534125645,10922.653019056419
40,NL0 18 CCGT,NL0 18,1,112.0,43.27286666666667,5472.580873014622,105362.5081366737,612929.0577776376,11424.0
40,NL0 19 CCGT,NL0 19,1,523.0,53.04262929292929,5472.580873014622,286383.1175012115,2.862159796586647e6,11442.174094047412
40,NL0 19 biomass,NL0 19,1,49.0,19.979914529914527,5472.580873014622,222758.1975716218,268156.46277771646,8428.0
40,NL0 19 waste,NL0 19,1,36.0,34.1135,5472.580873014622,80359.46567250241,197012.9114285264,5325.801336573379
40,NL0 2 CCGT,NL0 2,1,272.5,43.27286666666667,5472.580873014622,256350.7452432461,1.4912782878964844e6,25342.5
40,NL0 21 CCGT,NL0 21,1,85.0,43.27286666666667,5472.580873014622,79962.61778229693,465169.37420624285,8157.0567410774765
40,NL0 22 CCGT,NL0 22,1,100.0,43.27286666666667,5472.580873014622,94073.66797917284,547258.0873014622,9500.0
40,NL0 22 biomass,NL0 22,1,500.0,19.979914529914527,5472.580873014622,2.273042832363489e6,2.7362904365073107e6,88371.82008498115
40,NL0 23 CCGT,NL0 23,1,964.0,43.8530553226903,5472.580873014622,870323.5031578825,5.275567961586095e6,47693.60984839019
40,NL0 24 CCGT,NL0 24,1,684.0,67.50263035262032,5472.580873014622,184434.58658511774,3.7432453171420014e6,10714.131758202935
40,NL0 25 waste,NL0 25,1,54.0,34.1135,5472.580873014622,120539.19850875347,295519.3671427896,7950.004746439178
40,NL0 27 CCGT,NL0 27,1,984.0,43.27286666666667,5472.580873014622,925684.892915061,5.385019579046388e6,89742.18911233789
40,NL0 27 biomass,NL0 27,1,22.0,19.979914529914527,5472.580873014622,100013.88462399352,120396.77920632168,3762.0
40,NL0 27 waste,NL0 27,1,71.2,34.1135,5472.580873014622,158933.16544117124,389647.7581586411,10608.80000000001
40,NL0 28 CCGT,NL0 28,1,144.0,43.27286666666667,5472.580873014622,135466.08189000894,788051.6457141056,13021.395712381147
40,NL0 3 CCGT,NL0 3,1,1907.0,51.41762846054192,5472.580873014622,1.112405887359476e6,1.0436211724838885e7,58777.98064051038
40,NL0 3 biomass,NL0 3,1,22.0,19.979914529914527,5472.580873014622,100013.88462399352,120396.77920632168,3740.0
40,NL0 3 waste,NL0 3,1,108.0,34.1135,5472.580873014622,241078.39701750694,591038.7342855792,15766.7082861502
40,NL0 30 biomass,NL0 30,1,60.0,19.979914529914527,5472.580873014622,272765.1398836184,328354.8523808773,10242.758589916517
40,NL0 31 CCGT,NL0 31,1,3341.0,85.4787109164719,5472.580873014622,1.1493250579665325e-9,1.8283892696741853e7,23559.453978829122
40,NL0 5 CCGT,NL0 5,1,49.6,43.27286666666667,5472.580873014622,46660.539317669754,271440.0113015252,4563.199999999998
40,NL0 6 CCGT,NL0 6,1,1608.4,43.27286666666667,5472.580873014622,1.513080875777018e6,8.802099076156719e6,169277.08202205817
40,NL0 7 CCGT,NL0 7,1,1398.0,43.6729395310492,5472.580873014622,1.275998747840363e6,7.650668060474441e6,85506.53181069877
40,NL0 7 nuclear,NL0 7,1,515.0,27.322803680981593,5472.580873014622,1.7021457600712706e6,2.81837914960253e6,84102.42124441595
40,NL0 7 waste,NL0 7,1,39.0,34.1135,5472.580873014622,87056.08781187763,213430.65404757025,5772.0
40,NL0 8 CCGT,NL0 8,1,447.0,58.928107624263944,5472.580873014622,189520.23005298054,2.446243650237536e6,8652.1043033173
40,NL0 8 biomass,NL0 8,1,36.0,19.979914529914527,5472.580873014622,163659.0839301714,197012.9114285264,6112.897319733022
40,NL0 8 waste,NL0 8,1,157.0,34.1135,5472.580873014622,350456.55862730206,859195.1970632956,23792.013106686096
40,NL0 9 biomass,NL0 9,1,20.0,19.979914529914527,5472.580873014622,90921.71329453951,109451.61746029244,3400.0
40,NL0 0 0 solar,NL0 0,1,144.0,0.01,59329.06935292875,143777.1718136401,0.0,3495.7738491645578
40,NL0 1 0 solar,NL0 1,1,291.5,0.01,59329.06935292875,279083.88681448676,0.0,6948.705449759602
40,NL0 10 0 solar,NL0 10,1,120.1,0.01,59329.06935292875,123510.80794349074,0.0,3035.911304769089
40,NL0 11 0 solar,NL0 11,1,436.4,0.01,59329.06935292875,411901.3058784065,0.0,10306.481755249355
40,NL0 12 0 solar,NL0 12,1,203.1,0.01,59329.06935292875,191990.80544541523,0.0,4820.92251154439
40,NL0 13 0 solar,NL0 13,1,473.2,0.01,59329.06935292875,452951.7389067516,0.0,11187.121113824795
40,NL0 14 0 solar,NL0 14,1,85.3,0.01,59329.06935292875,84067.00358636606,0.0,2087.7663698282927
40,NL0 15 0 solar,NL0 15,1,369.4,0.01,59329.06935292875,346685.28503442695,0.0,8736.034836219216
40,NL0 16 0 solar,NL0 16,1,68.8,0.01,59329.06935292875,69599.92687591027,0.0,1691.4298225830848
40,NL0 17 0 solar,NL0 17,1,63.1,0.01,59329.06935292875,65394.03954021667,0.0,1589.8866005603036
40,NL0 18 0 solar,NL0 18,1,13.399999999999999,0.01,59329.06935292875,13705.30422290253,0.0,335.710111700008
40,NL0 19 0 solar,NL0 19,1,75.60000000000001,0.01,59329.06935292875,70863.9429096754,0.0,1815.0254919597055
40,NL0 2 0 solar,NL0 2,1,1109.1,0.01,59329.06935292875,1.0323424735205561e6,0.0,26402.661517956996
40,NL0 20 0 solar,NL0 20,1,331.2,0.01,59329.06935292875,320483.9317679877,0.0,7909.5604725700005
40,NL0 21 0 solar,NL0 21,1,40.5,0.01,59329.06935292875,41600.66565576048,0.0,1013.9430253950717
40,NL0 22 0 solar,NL0 22,1,263.3,0.01,59329.06935292875,260617.55609716478,0.0,6361.56546158242
40,NL0 23 0 solar,NL0 23,1,57.1,0.01,59329.06935292875,57564.464121023724,0.0,1403.2936270342718
40,NL0 24 0 solar,NL0 24,1,99.8,0.01,59329.06935292875,98258.96051930617,0.0,2393.4015185461817
40,NL0 25 0 solar,NL0 25,1,663.4,0.01,59329.06935292875,623417.0481376504,0.0,15835.542397299549
40,NL0 26 0 solar,NL0 26,1,156.2,0.01,59329.06935292875,154151.32820160087,0.0,3821.2856187503758
40,NL0 27 0 solar,NL0 27,1,103.1,0.01,59329.06935292875,107361.95522086936,0.0,2649.1257341788905
40,NL0 28 0 solar,NL0 28,1,105.3,0.01,59329.06935292875,100355.16709245981,0.0,2489.1644574964166
40,NL0 3 0 solar,NL0 3,1,84.5,0.01,59329.06935292875,85165.20527245206,0.0,2070.9188767275286
40,NL0 30 0 solar,NL0 30,1,3.6,0.01,59329.06935292875,3668.2574639459576,0.0,89.82355962877534
40,NL0 31 0 solar,NL0 31,1,44.8,0.01,59329.06935292875,42321.02586653224,0.0,1072.8423780802711
40,NL0 4 0 solar,NL0 4,1,142.8,0.01,59329.06935292875,136790.37822099501,0.0,3403.277910451907
40,NL0 5 0 solar,NL0 5,1,351.7,0.01,59329.06935292875,342365.7706028363,0.0,8409.128930464909
40,NL0 6 0 solar,NL0 6,1,260.3,0.01,59329.06935292875,262068.44217328122,0.0,6427.157527688587
40,NL0 7 0 solar,NL0 7,1,553.2,0.01,59329.06935292875,550871.4655114005,0.0,13445.138753780626
40,NL0 8 0 solar,NL0 8,1,79.5,0.01,59329.06935292875,79242.76000531408,0.0,1927.2751274433406
40,NL0 9 0 solar,NL0 9,1,299.5,0.01,59329.06935292875,289172.5962436978,0.0,7188.544634543878
40,NL0 20 0 offwind-ac,NL0 20,1,578.0,0.015,59329.06935292875,2.0897042570821068e6,0.0,59138.97697085986
40,NL0 27 0 offwind-ac,NL0 27,1,4583.0,0.015,59329.06935292875,1.8364927258024745e7,0.0,516937.0383940257
40,NL0 31 0 offwind-ac,NL0 31,1,600.0,0.015,59329.06935292875,2.3448754266029424e6,0.0,65371.409262172194
40,NL0 32 0 offwind-ac,NL0 32,1,608.0,0.015,59329.06935292875,2.5122772306798655e6,0.0,69624.1028690924
40,NL0 7 0 offwind-ac,NL0 7,1,752.0,0.015,59329.06935292875,3.1154508015855406e6,0.0,86125.98456763808
40,NL0 0 0 onwind,NL0 0,1,59.0,0.015,59329.06935292875,141581.73699949784,0.0,4482.345107547118
40,NL0 1 0 onwind,NL0 1,1,75.0,0.015,59329.06935292875,144987.223672517,0.0,4670.109887801698
40,NL0 10 0 onwind,NL0 10,1,428.0,0.015,59329.06935292875,1.4291400869199412e6,0.0,42899.58939304398
40,NL0 11 0 onwind,NL0 11,1,21.0,0.015,59329.06935292875,40420.12081248227,0.0,1321.6638611633177
40,NL0 12 0 onwind,NL0 12,1,54.0,0.015,59329.06935292875,157750.1115885027,0.0,4771.86859099142
40,NL0 13 0 onwind,NL0 13,1,23.0,0.015,59329.06935292875,48363.225696769005,0.0,1532.6220690771631
40,NL0 14 0 onwind,NL0 14,1,61.0,0.015,59329.06935292875,204206.8002025359,0.0,6098.66177756561
40,NL0 15 0 onwind,NL0 15,1,52.0,0.015,59329.06935292875,110981.05180824433,0.0,3607.5251690491696
40,NL0 17 0 onwind,NL0 17,1,27.0,0.015,59329.06935292875,77212.90743965164,0.0,2357.0571353932855
40,NL0 19 0 onwind,NL0 19,1,532.0,0.015,59329.06935292875,1.3460316067230038e6,0.0,41425.66613883625
40,NL0 2 0 onwind,NL0 2,1,472.8,0.015,59329.06935292875,1.0549214371896542e6,0.0,33574.46674825405
40,NL0 20 0 onwind,NL0 20,1,822.2,0.015,59329.06935292875,2.2296443636200447e6,0.0,66900.7523842015
40,NL0 21 0 onwind,NL0 21,1,36.0,0.015,59329.06935292875,104484.76563321071,0.0,3141.3689658502817
40,NL0 22 0 onwind,NL0 22,1,122.7,0.015,59329.06935292875,259097.5009444907,0.0,7649.067076506162
40,NL0 23 0 onwind,NL0 23,1,127.0,0.015,59329.06935292875,371375.7050556639,0.0,10839.177702141382
40,NL0 24 0 onwind,NL0 24,1,33.0,0.015,59329.06935292875,87218.32571815484,0.0,2534.294767730389
40,NL0 27 0 onwind,NL0 27,1,21.6,0.015,59329.06935292875,74449.90450443185,0.0,2072.907880477167
40,NL0 3 0 onwind,NL0 3,1,284.6,0.015,59329.06935292875,734639.6276889532,0.0,20771.10765027235
40,NL0 30 0 onwind,NL0 30,1,31.0,0.015,59329.06935292875,89651.52416415488,0.0,2508.5969463113533
40,NL0 31 0 onwind,NL0 31,1,216.0,0.015,59329.06935292875,634984.0143862665,0.0,17768.673997356098
40,NL0 4 0 onwind,NL0 4,1,287.0,0.015,59329.06935292875,733311.6964016734,0.0,21983.590228057325
40,NL0 5 0 onwind,NL0 5,1,21.0,0.015,59329.06935292875,39673.869513893376,0.0,1145.9950112256015
40,NL0 6 0 onwind,NL0 6,1,35.0,0.015,59329.06935292875,65026.749012613116,0.0,1905.5224923165651
40,NL0 7 0 onwind,NL0 7,1,374.3,0.015,59329.06935292875,974864.6796991498,0.0,28062.662098265388
40,NL0 8 0 onwind,NL0 8,1,101.1,0.015,59329.06935292875,229603.3320273519,0.0,6858.8743710251
40,NL0 9 0 onwind,NL0 9,1,35.0,0.015,59329.06935292875,64634.206735854954,0.0,1876.830947728667
41,NL0 0 CCGT,NL0 0,1,575.0,43.272866666666665,5472.580873014633,540923.5908802447,3.146734001983414e6,58146.98487710451
41,NL0 1 biomass,NL0 1,1,71.0,19.979914529914527,5472.580873014633,322772.0821956153,388553.2419840389,12212.0
41,NL0 1 waste,NL0 1,1,31.0,34.1135,5472.580873014633,69198.42877354372,169650.0070634536,4681.0
41,NL0 10 CCGT,NL0 10,1,507.0,43.27286666666667,5472.580873014633,476953.4966544068,2.774598502618419e6,49391.31357814201
41,NL0 10 waste,NL0 10,1,150.0,34.1135,5472.580873014633,334831.10696875985,820887.1309521949,22206.184632604043
41,NL0 11 CCGT,NL0 11,1,72.0,43.27286666666667,5472.580873014633,67733.04094500454,394025.82285705354,6794.418742358754
41,NL0 11 biomass,NL0 11,1,20.0,19.979914529914527,5472.580873014633,90921.71329453953,109451.61746029265,3420.0
41,NL0 11 waste,NL0 11,1,50.0,34.1135,5472.580873014633,111610.36898958655,273629.0436507316,7450.0
41,NL0 13 CCGT,NL0 13,1,50.0,43.27286666666667,5472.580873014633,47036.83398958645,273629.0436507316,4600.0
41,NL0 13 biomass,NL0 13,1,77.0,19.979914529914527,5472.580873014633,350048.59618397715,421388.72722212673,13244.0
41,NL0 16 CCGT,NL0 16,1,268.0,43.27286666666667,5472.580873014633,252117.4301841834,1.4666516739679216e6,26192.101437737925
41,NL0 17 CCGT,NL0 17,1,107.0,43.27286666666667,5472.580873014633,100658.82473771501,585566.1534125657,10234.368428060203
41,NL0 18 CCGT,NL0 18,1,112.0,43.27286666666667,5472.580873014633,105362.5081366737,612929.0577776389,10836.94224218095
41,NL0 19 CCGT,NL0 19,1,523.0,53.04262929292929,5472.580873014633,286383.11750121147,2.8621597965866528e6,11442.174094047412
41,NL0 19 biomass,NL0 19,1,49.0,19.979914529914527,5472.580873014633,222758.1975716218,268156.462777717,8394.758589916517
41,NL0 19 waste,NL0 19,1,36.0,34.1135,5472.580873014633,80359.46567250241,197012.91142852677,5349.371387642948
41,NL0 2 CCGT,NL0 2,1,272.5,43.27286666666667,5472.580873014633,256350.74524324632,1.4912782878964874e6,26432.5
41,NL0 21 CCGT,NL0 21,1,85.0,43.27286666666667,5472.580873014633,79962.61778229696,465169.3742062438,8160.0
41,NL0 22 CCGT,NL0 22,1,100.0,43.27286666666667,5472.580873014633,94073.6679791729,547258.0873014632,9800.0
41,NL0 22 biomass,NL0 22,1,500.0,19.979914529914527,5472.580873014633,2.2730428323634886e6,2.7362904365073163e6,88331.71740471426
41,NL0 23 CCGT,NL0 23,1,964.0,43.8530553226903,5472.580873014633,870323.5031578825,5.275567961586106e6,47693.60984839019
41,NL0 24 CCGT,NL0 24,1,684.0,67.50263035262032,5472.580873014633,184434.58658511762,3.743245317142009e6,10714.131758202931
41,NL0 25 waste,NL0 25,1,54.0,34.1135,5472.580873014633,120539.19850875348,295519.3671427902,7995.916807872983
41,NL0 27 CCGT,NL0 27,1,984.0,43.27286666666667,5472.580873014633,925684.8929150623,5.385019579046398e6,98848.96866051303
41,NL0 27 biomass,NL0 27,1,22.0,19.979914529914527,5472.580873014633,100013.88462399352,120396.77920632192,3762.0
41,NL0 27 waste,NL0 27,1,71.2,34.1135,5472.580873014633,158933.16544117127,389647.75815864187,10507.025582024826
41,NL0 28 CCGT,NL0 28,1,144.0,43.27286666666667,5472.580873014633,135466.08189000908,788051.6457141071,14699.153019056419
41,NL0 3 CCGT,NL0 3,1,1907.0,51.41762846054192,5472.580873014633,1.112405887359476e6,1.0436211724838905e7,58777.980640510366
41,NL0 3 biomass,NL0 3,1,22.0,19.979914529914527,5472.580873014633,100013.88462399352,120396.77920632192,3784.0
41,NL0 3 waste,NL0 3,1,108.0,34.1135,5472.580873014633,241078.39701750694,591038.7342855803,16136.45643258894
41,NL0 30 biomass,NL0 30,1,60.0,19.979914529914527,5472.580873014633,272765.1398836184,328354.85238087794,10320.0
41,NL0 31 CCGT,NL0 31,1,3341.0,85.4787109164719,5472.580873014633,7.362901547048606e-10,1.8283892696741886e7,23559.453978829108
41,NL0 5 CCGT,NL0 5,1,49.6,43.27286666666667,5472.580873014633,46660.539317669805,271440.0113015258,5168.258314316781
41,NL0 6 CCGT,NL0 6,1,1608.4,43.27286666666667,5472.580873014633,1.5130808757770176e6,8.802099076156735e6,169476.19167443152
41,NL0 7 CCGT,NL0 7,1,1398.0,43.6729395310492,5472.580873014633,1.275998747840363e6,7.650668060474456e6,85506.53181069877
41,NL0 7 nuclear,NL0 7,1,515.0,27.322803680981593,5472.580873014633,1.7021457600712709e6,2.8183791496025356e6,84102.42124441595
41,NL0 7 waste,NL0 7,1,39.0,34.1135,5472.580873014633,87056.08781187763,213430.6540475707,5732.363288600355
41,NL0 8 CCGT,NL0 8,1,447.0,58.928107624263944,5472.580873014633,189520.2300529805,2.4462436502375407e6,8652.104303317297
41,NL0 8 biomass,NL0 8,1,36.0,19.979914529914527,5472.580873014633,163659.0839301714,197012.91142852677,6156.0
41,NL0 8 waste,NL0 8,1,157.0,34.1135,5472.580873014633,350456.55862730206,859195.1970632974,23371.187332279922
41,NL0 9 biomass,NL0 9,1,20.0,19.979914529914527,5472.580873014633,90921.71329453953,109451.61746029265,3400.0
41,NL0 0 0 solar,NL0 0,1,144.0,0.01,59329.06935292875,143777.17181364013,0.0,3495.7738491645578
41,NL0 1 0 solar,NL0 1,1,291.5,0.01,59329.06935292875,279083.88681448676,0.0,6948.705449759602
41,NL0 10 0 solar,NL0 10,1,120.1,0.01,59329.06935292875,123510.80794349074,0.0,3035.911304769089
41,NL0 11 0 solar,NL0 11,1,436.4,0.01,59329.06935292875,411901.30587840657,0.0,10306.481755249355
41,NL0 12 0 solar,NL0 12,1,203.1,0.01,59329.06935292875,191990.80544541526,0.0,4820.92251154439
41,NL0 13 0 solar,NL0 13,1,473.2,0.01,59329.06935292875,452951.73890675174,0.0,11187.121113824795
41,NL0 14 0 solar,NL0 14,1,85.3,0.01,59329.06935292875,84067.00358636606,0.0,2087.7663698282927
41,NL0 15 0 solar,NL0 15,1,369.4,0.01,59329.06935292875,346685.28503442707,0.0,8736.034836219216
41,NL0 16 0 solar,NL0 16,1,68.8,0.01,59329.06935292875,69599.92687591027,0.0,1691.4298225830848
41,NL0 17 0 solar,NL0 17,1,63.1,0.01,59329.06935292875,65394.03954021667,0.0,1589.8866005603036
41,NL0 18 0 solar,NL0 18,1,13.399999999999999,0.01,59329.06935292875,13705.30422290253,0.0,335.710111700008
41,NL0 19 0 solar,NL0 19,1,75.60000000000001,0.01,59329.06935292875,70863.94290967542,0.0,1815.0254919597055
41,NL0 2 0 solar,NL0 2,1,1109.1,0.01,59329.06935292875,1.0323424735205562e6,0.0,26402.661517956996
41,NL0 20 0 solar,NL0 20,1,331.2,0.01,59329.06935292875,320483.9317679877,0.0,7909.5604725700005
41,NL0 21 0 solar,NL0 21,1,40.5,0.01,59329.06935292875,41600.66565576048,0.0,1013.9430253950717
41,NL0 22 0 solar,NL0 22,1,263.3,0.01,59329.06935292875,260617.55609716478,0.0,6361.56546158242
41,NL0 23 0 solar,NL0 23,1,57.1,0.01,59329.06935292875,57564.46412102373,0.0,1403.2936270342718
41,NL0 24 0 solar,NL0 24,1,99.8,0.01,59329.06935292875,98258.96051930617,0.0,2393.4015185461817
41,NL0 25 0 solar,NL0 25,1,663.4,0.01,59329.06935292875,623417.0481376504,0.0,15835.542397299549
41,NL0 26 0 solar,NL0 26,1,156.2,0.01,59329.06935292875,154151.3282016009,0.0,3821.2856187503758
41,NL0 27 0 solar,NL0 27,1,103.1,0.01,59329.06935292875,107361.95522086936,0.0,2649.1257341788905
41,NL0 28 0 solar,NL0 28,1,105.3,0.01,59329.06935292875,100355.16709245981,0.0,2489.1644574964166
41,NL0 3 0 solar,NL0 3,1,84.5,0.01,59329.06935292875,85165.20527245209,0.0,2070.9188767275286
41,NL0 30 0 solar,NL0 30,1,3.6,0.01,59329.06935292875,3668.2574639459576,0.0,89.82355962877534
41,NL0 31 0 solar,NL0 31,1,44.8,0.01,59329.06935292875,42321.02586653224,0.0,1072.8423780802711
41,NL0 4 0 solar,NL0 4,1,142.8,0.01,59329.06935292875,136790.37822099504,0.0,3403.277910451907
41,NL0 5 0 solar,NL0 5,1,351.7,0.01,59329.06935292875,342365.77060283633,0.0,8409.128930464909
41,NL0 6 0 solar,NL0 6,1,260.3,0.01,59329.06935292875,262068.44217328122,0.0,6427.157527688587
41,NL0 7 0 solar,NL0 7,1,553.2,0.01,59329.06935292875,550871.4655114005,0.0,13445.138753780626
41,NL0 8 0 solar,NL0 8,1,79.5,0.01,59329.06935292875,79242.76000531408,0.0,1927.2751274433406
41,NL0 9 0 solar,NL0 9,1,299.5,0.01,59329.06935292875,289172.5962436978,0.0,7188.544634543878
41,NL0 20 0 offwind-ac,NL0 20,1,578.0,0.015,59329.06935292875,2.089704257082107e6,0.0,54020.78697085987
41,NL0 27 0 offwind-ac,NL0 27,1,4583.0,0.015,59329.06935292875,1.836492725802474e7,0.0,512195.7380054419
41,NL0 31 0 offwind-ac,NL0 31,1,600.0,0.015,59329.06935292875,2.3448754266029424e6,0.0,65002.40995494072
41,NL0 32 0 offwind-ac,NL0 32,1,608.0,0.015,59329.06935292875,2.5122772306798655e6,0.0,69624.1028690924
41,NL0 7 0 offwind-ac,NL0 7,1,752.0,0.015,59329.06935292875,3.1154508015855406e6,0.0,85460.08856763809
41,NL0 0 0 onwind,NL0 0,1,59.0,0.015,59329.06935292875,141581.73699949784,0.0,4482.345107547118
41,NL0 1 0 onwind,NL0 1,1,75.0,0.015,59329.06935292875,144987.223672517,0.0,4592.658299818788
41,NL0 10 0 onwind,NL0 10,1,428.0,0.015,59329.06935292875,1.4291400869199412e6,0.0,42471.58939304397
41,NL0 11 0 onwind,NL0 11,1,21.0,0.015,59329.06935292875,40420.12081248227,0.0,1279.682647660816
41,NL0 12 0 onwind,NL0 12,1,54.0,0.015,59329.06935292875,157750.11158850274,0.0,4717.900965314194
41,NL0 13 0 onwind,NL0 13,1,23.0,0.015,59329.06935292875,48363.225696769005,0.0,1532.6220690771631
41,NL0 14 0 onwind,NL0 14,1,61.0,0.015,59329.06935292875,204206.80020253593,0.0,5976.66177756561
41,NL0 15 0 onwind,NL0 15,1,52.0,0.015,59329.06935292875,110981.05180824433,0.0,3514.2068649493494
41,NL0 17 0 onwind,NL0 17,1,27.0,0.015,59329.06935292875,77212.90743965164,0.0,2356.425423940956
41,NL0 19 0 onwind,NL0 19,1,532.0,0.015,59329.06935292875,1.3460316067230038e6,0.0,41954.97601131978
41,NL0 2 0 onwind,NL0 2,1,472.8,0.015,59329.06935292875,1.0549214371896542e6,0.0,33882.00351157511
41,NL0 20 0 onwind,NL0 20,1,822.2,0.015,59329.06935292875,2.2296443636200447e6,0.0,69336.60955946345
41,NL0 21 0 onwind,NL0 21,1,36.0,0.015,59329.06935292875,104484.76563321071,0.0,3177.127670472395
41,NL0 22 0 onwind,NL0 22,1,122.7,0.015,59329.06935292875,259097.50094449072,0.0,8070.768412036254
41,NL0 23 0 onwind,NL0 23,1,127.0,0.015,59329.06935292875,371375.7050556639,0.0,11220.175682684092
41,NL0 24 0 onwind,NL0 24,1,33.0,0.015,59329.06935292875,87218.32571815484,0.0,2695.335457473082
41,NL0 27 0 onwind,NL0 27,1,21.6,0.015,59329.06935292875,74449.90450443185,0.0,2180.907877365423
41,NL0 3 0 onwind,NL0 3,1,284.6,0.015,59329.06935292875,734639.6276889531,0.0,22681.39281416614
41,NL0 30 0 onwind,NL0 30,1,31.0,0.015,59329.06935292875,89651.52416415488,0.0,2663.687985854689
41,NL0 31 0 onwind,NL0 31,1,216.0,0.015,59329.06935292875,634984.0143862665,0.0,19153.54699704878
41,NL0 4 0 onwind,NL0 4,1,287.0,0.015,59329.06935292875,733311.6964016734,0.0,22797.587646299053
41,NL0 5 0 onwind,NL0 5,1,21.0,0.015,59329.06935292875,39673.869513893376,0.0,1261.7466905843262
41,NL0 6 0 onwind,NL0 6,1,35.0,0.015,59329.06935292875,65026.749012613116,0.0,2126.9213407013876
41,NL0 7 0 onwind,NL0 7,1,374.3,0.015,59329.06935292875,974864.6796991499,0.0,30159.0744295002
41,NL0 8 0 onwind,NL0 8,1,101.1,0.015,59329.06935292875,229603.3320273519,0.0,7323.460787945647
41,NL0 9 0 onwind,NL0 9,1,35.0,0.015,59329.06935292875,64634.206735854954,0.0,2045.9686705959102
42,NL0 0 CCGT,NL0 0,1,575.0,43.272866666666665,5472.580873016249,540923.5908802446,3.146734001984343e6,60445.54058828672
42,NL0 1 biomass,NL0 1,1,71.0,19.979914529914527,5472.580873016249,322772.0821956153,388553.2419841537,12283.0
42,NL0 1 waste,NL0 1,1,31.0,34.1135,5472.580873016249,69198.42877354371,169650.00706350373,4489.6237574498045
42,NL0 10 CCGT,NL0 10,1,507.0,43.27286666666667,5472.580873016249,476953.49665440654,2.774598502619238e6,52221.0
42,NL0 10 waste,NL0 10,1,150.0,34.1135,5472.580873016249,334831.10696875985,820887.1309524373,22610.729888783168
42,NL0 11 CCGT,NL0 11,1,72.0,43.27286666666667,5472.580873016249,67733.04094500451,394025.8228571699,7200.0
42,NL0 11 biomass,NL0 11,1,20.0,19.979914529914527,5472.580873016249,90921.7132945395,109451.61746032498,3440.0
42,NL0 11 waste,NL0 11,1,50.0,34.1135,5472.580873016249,111610.36898958654,273629.04365081247,7412.734676243303
42,NL0 13 CCGT,NL0 13,1,50.0,43.27286666666667,5472.580873016249,47036.83398958646,273629.04365081247,5100.0
42,NL0 13 biomass,NL0 13,1,77.0,19.979914529914527,5472.580873016249,350048.5961839771,421388.7272222512,13170.758589916517
42,NL0 16 CCGT,NL0 16,1,268.0,43.27286666666667,5472.580873016249,252117.43018418338,1.4666516739683547e6,26986.35101468275
42,NL0 17 CCGT,NL0 17,1,107.0,43.27286666666667,5472.580873016249,100658.82473771498,585566.1534127386,10588.611889661288
42,NL0 18 CCGT,NL0 18,1,112.0,43.27286666666667,5472.580873016249,105362.50813667364,612929.0577778199,11065.1872034991
42,NL0 19 CCGT,NL0 19,1,523.0,53.04262929292929,5472.580873016249,286383.1175012115,2.8621597965874984e6,11442.174094047412
42,NL0 19 biomass,NL0 19,1,49.0,19.979914529914527,5472.580873016249,222758.19757162177,268156.4627777962,8428.0
42,NL0 19 waste,NL0 19,1,36.0,34.1135,5472.580873016249,80359.46567250238,197012.91142858495,5292.0
42,NL0 2 CCGT,NL0 2,1,272.5,43.27286666666667,5472.580873016249,256350.74524324623,1.491278287896928e6,28065.219279200886
42,NL0 21 CCGT,NL0 21,1,85.0,43.27286666666667,5472.580873016249,79962.61778229693,465169.37420638115,8537.357991736553
42,NL0 22 CCGT,NL0 22,1,100.0,43.27286666666667,5472.580873016249,94073.6679791729,547258.0873016249,9983.171673066792
42,NL0 22 biomass,NL0 22,1,500.0,19.979914529914527,5472.580873016249,2.2730428323634895e6,2.736290436508124e6,88124.15280414271
42,NL0 23 CCGT,NL0 23,1,964.0,43.8530553226903,5472.580873016249,870323.5031578823,5.275567961587664e6,47693.60984839019
42,NL0 24 CCGT,NL0 24,1,684.0,67.50263035262032,5472.580873016249,184434.58658511774,3.7432453171431143e6,10714.131758202933
42,NL0 25 waste,NL0 25,1,54.0,34.1135,5472.580873016249,120539.19850875344,295519.3671428774,8154.0
42,NL0 27 CCGT,NL0 27,1,984.0,43.27286666666667,5472.580873016249,925684.8929150618,5.385019579047989e6,96841.89174956444
42,NL0 27 biomass,NL0 27,1,22.0,19.979914529914527,5472.580873016249,100013.88462399351,120396.77920635747,3784.0
42,NL0 27 waste,NL0 27,1,71.2,34.1135,5472.580873016249,158933.16544117124,389647.75815875694,10822.400000000012
42,NL0 28 CCGT,NL0 28,1,144.0,43.27286666666667,5472.580873016249,135466.081890009,788051.6457143398,13686.068863257964
42,NL0 3 CCGT,NL0 3,1,1907.0,51.41762846054192,5472.580873016249,1.1124058873594762e6,1.0436211724841986e7,58777.980640510366
42,NL0 3 biomass,NL0 3,1,22.0,19.979914529914527,5472.580873016249,100013.88462399351,120396.77920635747,3784.0
42,NL0 3 waste,NL0 3,1,108.0,34.1135,5472.580873016249,241078.39701750688,591038.7342857549,15775.954435018297
42,NL0 30 biomass,NL0 30,1,60.0,19.979914529914527,5472.580873016249,272765.1398836184,328354.8523809749,10342.564600571466
42,NL0 31 CCGT,NL0 31,1,3341.0,85.4787109164719,5472.580873016249,1.0068896611560624e-9,1.8283892696747288e7,23559.453978829108
42,NL0 5 CCGT,NL0 5,1,49.6,43.27286666666667,5472.580873016249,46660.539317669776,271440.01130160596,4761.599999999999
42,NL0 6 CCGT,NL0 6,1,1608.4,43.27286666666667,5472.580873016249,1.5130808757770166e6,8.802099076159336e6,163299.20072094566
42,NL0 7 CCGT,NL0 7,1,1398.0,43.6729395310492,5472.580873016249,1.2759987478403621e6,7.650668060476716e6,85506.53181069877
42,NL0 7 nuclear,NL0 7,1,515.0,27.322803680981593,5472.580873016249,1.7021457600712704e6,2.8183791496033682e6,84102.42124441595
42,NL0 7 waste,NL0 7,1,39.0,34.1135,5472.580873016249,87056.0878118776,213430.6540476337,5733.0
42,NL0 8 CCGT,NL0 8,1,447.0,58.928107624263944,5472.580873016249,189520.2300529806,2.4462436502382634e6,8652.104303317297
42,NL0 8 biomass,NL0 8,1,36.0,19.979914529914527,5472.580873016249,163659.0839301714,197012.91142858495,6228.0
42,NL0 8 waste,NL0 8,1,157.0,34.1135,5472.580873016249,350456.55862730194,859195.197063551,23139.062706119435
42,NL0 9 biomass,NL0 9,1,20.0,19.979914529914527,5472.580873016249,90921.7132945395,109451.61746032498,3440.0
42,NL0 0 0 solar,NL0 0,1,144.0,0.01,5472.580872919294,143777.17181364007,0.0,3495.7738491645578
42,NL0 1 0 solar,NL0 1,1,291.5,0.01,5472.580872919294,279083.8868144867,0.0,6948.705449759602
42,NL0 10 0 solar,NL0 10,1,120.1,0.01,5472.580872919294,123510.80794349074,0.0,3035.911304769089
42,NL0 11 0 solar,NL0 11,1,436.4,0.01,5472.580872919294,411901.30587840645,0.0,10306.481755249355
42,NL0 12 0 solar,NL0 12,1,203.1,0.01,5472.580872919294,191990.80544541523,0.0,4820.92251154439
42,NL0 13 0 solar,NL0 13,1,473.2,0.01,5472.580872919325,452951.73890675174,0.0,11187.121113824795
42,NL0 14 0 solar,NL0 14,1,85.3,0.01,5472.580872919294,84067.00358636606,0.0,2087.7663698282927
42,NL0 15 0 solar,NL0 15,1,369.4,0.01,5472.580872919294,346685.285034427,0.0,8736.034836219216
42,NL0 16 0 solar,NL0 16,1,68.8,0.01,5472.580872919294,69599.92687591026,0.0,1691.4298225830848
42,NL0 17 0 solar,NL0 17,1,63.1,0.01,5472.580872919326,65394.03954021666,0.0,1589.8866005603036
42,NL0 18 0 solar,NL0 18,1,13.399999999999999,0.01,5472.580872919294,13705.304222902532,0.0,335.710111700008
42,NL0 19 0 solar,NL0 19,1,75.60000000000001,0.01,5472.580872919294,70863.94290967542,0.0,1815.0254919597055
42,NL0 2 0 solar,NL0 2,1,1109.1,0.01,5472.580872919294,1.0323424735205561e6,0.0,26402.661517956996
42,NL0 20 0 solar,NL0 20,1,331.2,0.01,5472.580872919294,320483.9317679877,0.0,7909.5604725700005
42,NL0 21 0 solar,NL0 21,1,40.5,0.01,5472.580872919294,41600.66565576048,0.0,1013.9430253950717
42,NL0 22 0 solar,NL0 22,1,263.3,0.01,5472.580872919294,260617.55609716475,0.0,6361.56546158242
42,NL0 23 0 solar,NL0 23,1,57.1,0.01,5472.580872919294,57564.46412102373,0.0,1403.2936270342718
42,NL0 24 0 solar,NL0 24,1,99.8,0.01,5472.580872919294,98258.96051930616,0.0,2393.4015185461817
42,NL0 25 0 solar,NL0 25,1,663.4,0.01,5472.580872919294,623417.0481376502,0.0,15835.542397299549
42,NL0 26 0 solar,NL0 26,1,156.2,0.01,5472.580872919294,154151.3282016009,0.0,3821.2856187503758
42,NL0 27 0 solar,NL0 27,1,103.1,0.01,5472.580872919294,107361.95522086935,0.0,2649.1257341788905
42,NL0 28 0 solar,NL0 28,1,105.3,0.01,5472.580872919294,100355.16709245981,0.0,2489.1644574964166
42,NL0 3 0 solar,NL0 3,1,84.5,0.01,5472.580872919294,85165.20527245206,0.0,2070.9188767275286
42,NL0 30 0 solar,NL0 30,1,3.6,0.01,5472.580872919294,3668.2574639459576,0.0,89.82355962877534
42,NL0 31 0 solar,NL0 31,1,44.8,0.01,5472.580872919294,42321.02586653224,0.0,1072.8423780802711
42,NL0 4 0 solar,NL0 4,1,142.8,0.01,5472.580872919294,136790.37822099504,0.0,3403.277910451907
42,NL0 5 0 solar,NL0 5,1,351.7,0.01,5472.580872919294,342365.7706028363,0.0,8409.128930464909
42,NL0 6 0 solar,NL0 6,1,260.3,0.01,5472.580872919294,262068.44217328122,0.0,6427.157527688587
42,NL0 7 0 solar,NL0 7,1,553.2,0.01,5472.580872919294,550871.4655114004,0.0,13445.138753780626
42,NL0 8 0 solar,NL0 8,1,79.5,0.01,5472.580872919294,79242.76000531408,0.0,1927.2751274433406
42,NL0 9 0 solar,NL0 9,1,299.5,0.01,5472.580872919294,289172.5962436978,0.0,7188.544634543878
42,NL0 20 0 offwind-ac,NL0 20,1,578.0,0.015,5472.580872919294,2.0897042570821068e6,0.0,55044.42497085987
42,NL0 27 0 offwind-ac,NL0 27,1,4583.0,0.015,5472.580872919294,1.836492725802474e7,0.0,510895.0413072481
42,NL0 31 0 offwind-ac,NL0 31,1,600.0,0.015,5472.580872919294,2.3448754266029424e6,0.0,65533.70995494073
42,NL0 32 0 offwind-ac,NL0 32,1,608.0,0.015,5472.580872919294,2.5122772306798655e6,0.0,70162.48686909239
42,NL0 7 0 offwind-ac,NL0 7,1,752.0,0.015,5472.580872919294,3.1154508015855406e6,0.0,86125.98456763808
42,NL0 0 0 onwind,NL0 0,1,59.0,0.015,5472.580872919294,141581.73699949784,0.0,4423.345107547118
42,NL0 1 0 onwind,NL0 1,1,75.0,0.015,5472.580872919294,144987.223672517,0.0,4667.56319817744
42,NL0 10 0 onwind,NL0 10,1,428.0,0.015,5472.580872919294,1.4291400869199412e6,0.0,42899.58939304398
42,NL0 11 0 onwind,NL0 11,1,21.0,0.015,5472.580872919294,40420.12081248227,0.0,1307.6695123700767
42,NL0 12 0 onwind,NL0 12,1,54.0,0.015,5472.580872919294,157750.11158850274,0.0,4771.910600543067
42,NL0 13 0 onwind,NL0 13,1,23.0,0.015,5472.580872919294,48363.225696769005,0.0,1555.622069077163
42,NL0 14 0 onwind,NL0 14,1,61.0,0.015,5472.580872919294,204206.8002025359,0.0,5976.66177756561
42,NL0 15 0 onwind,NL0 15,1,52.0,0.015,5472.580872919294,110981.05180515122,0.0,3514.2076453960126
42,NL0 17 0 onwind,NL0 17,1,27.0,0.015,5472.580872919294,77212.90743965164,0.0,2329.4259550095826
42,NL0 19 0 onwind,NL0 19,1,532.0,0.015,5472.580872919294,1.3460316067230038e6,0.0,42486.97601131978
42,NL0 2 0 onwind,NL0 2,1,472.8,0.015,5472.580872919294,1.0549214371896542e6,0.0,33882.00351157511
42,NL0 20 0 onwind,NL0 20,1,822.2,0.015,5472.580872919294,2.2296443636200447e6,0.0,69336.60955946345
42,NL0 21 0 onwind,NL0 21,1,36.0,0.015,5472.580872919294,104484.76563321071,0.0,3213.115111693349
42,NL0 22 0 onwind,NL0 22,1,122.7,0.015,5472.580872919294,259097.5009444907,0.0,8315.637013623795
42,NL0 23 0 onwind,NL0 23,1,127.0,0.015,5472.580872919294,371375.7050556639,0.0,11085.525941754337
42,NL0 24 0 onwind,NL0 24,1,33.0,0.015,5472.580872919294,87218.32571815483,0.0,2695.335457473082
42,NL0 27 0 onwind,NL0 27,1,21.6,0.015,5472.580872919294,74449.90450443185,0.0,2116.1045521535384
42,NL0 3 0 onwind,NL0 3,1,284.6,0.015,5472.580872919294,734639.6276889531,0.0,22157.215683724302
42,NL0 30 0 onwind,NL0 30,1,31.0,0.015,5472.580872919294,89651.52416415488,0.0,2691.483397118999
42,NL0 31 0 onwind,NL0 31,1,216.0,0.015,5472.580872919294,634984.0143862665,0.0,18721.546997048783
42,NL0 4 0 onwind,NL0 4,1,287.0,0.015,5472.580872919294,733311.6964016734,0.0,21936.62935035466
42,NL0 5 0 onwind,NL0 5,1,21.0,0.015,5472.580872919294,39673.869513893376,0.0,1221.454107577207
42,NL0 6 0 onwind,NL0 6,1,35.0,0.015,5472.580872919294,65026.749012613116,0.0,2022.8266185245175
42,NL0 7 0 onwind,NL0 7,1,374.3,0.015,5472.580872919294,974864.6796991498,0.0,29699.379274774845
42,NL0 8 0 onwind,NL0 8,1,101.1,0.015,5472.580872919294,229603.3320273519,0.0,7122.8912945752545
42,NL0 9 0 onwind,NL0 9,1,35.0,0.015,5472.580872919294,64634.206735854954,0.0,2046.1336506415796
43,NL0 0 CCGT,NL0 0,1,575.0,43.272866666666665,5472.580873001939,540923.5908802447,3.1467340019761147e6,60511.45390007679
43,NL0 1 biomass,NL0 1,1,71.0,19.979914529914527,5472.580873001939,322772.0821956153,388553.2419831377,12212.0
43,NL0 1 waste,NL0 1,1,31.0,34.1135,5472.580873001939,69198.42877354371,169650.0070630601,4652.129329276784
43,NL0 10 CCGT,NL0 10,1,507.0,43.27286666666667,5472.580873001939,476953.49665440666,2.774598502611983e6,51264.57501147872
43,NL0 10 waste,NL0 10,1,150.0,34.1135,5472.580873001939,334831.10696875985,820887.1309502908,21900.0
43,NL0 11 CCGT,NL0 11,1,72.0,43.27286666666667,5472.580873001939,67733.04094500448,394025.8228561396,6619.983715656928
43,NL0 11 biomass,NL0 11,1,20.0,19.979914529914527,5472.580873001939,90921.71329453951,109451.61746003877,3440.0
43,NL0 11 waste,NL0 11,1,50.0,34.1135,5472.580873001939,111610.36898958655,273629.0436500969,7524.571387642948
43,NL0 13 CCGT,NL0 13,1,50.0,43.27286666666667,5472.580873001939,47036.83398958645,273629.0436500969,4850.0
43,NL0 13 biomass,NL0 13,1,77.0,19.979914529914527,5472.580873001939,350048.5961839771,421388.7272211493,13244.0
43,NL0 16 CCGT,NL0 16,1,268.0,43.27286666666667,5472.580873001939,252117.43018418347,1.4666516739645195e6,26895.253657197598
43,NL0 17 CCGT,NL0 17,1,107.0,43.27286666666667,5472.580873001939,100658.82473771497,585566.1534112075,9970.818742358753
43,NL0 18 CCGT,NL0 18,1,112.0,43.27286666666667,5472.580873001939,105362.50813667367,612929.0577762171,10710.168863257964
43,NL0 19 CCGT,NL0 19,1,523.0,53.04262929292929,5472.580873001939,286383.1175012115,2.8621597965800143e6,11442.174094047412
43,NL0 19 biomass,NL0 19,1,49.0,19.979914529914527,5472.580873001939,222758.19757162177,268156.46277709503,8428.0
43,NL0 19 waste,NL0 19,1,36.0,34.1135,5472.580873001939,80359.4656725024,197012.9114280698,5364.0
43,NL0 2 CCGT,NL0 2,1,272.5,43.27286666666667,5472.580873001939,256350.74524324617,1.4912782878930285e6,26152.029336793636
43,NL0 21 CCGT,NL0 21,1,85.0,43.27286666666667,5472.580873001939,79962.61778229696,465169.3742051648,8415.0
43,NL0 22 CCGT,NL0 22,1,100.0,43.27286666666667,5472.580873001939,94073.66797917287,547258.0873001938,9456.867317371258
43,NL0 22 biomass,NL0 22,1,500.0,19.979914529914527,5472.580873001939,2.2730428323634895e6,2.7362904365009693e6,88180.47599463069
43,NL0 23 CCGT,NL0 23,1,964.0,43.8530553226903,5472.580873001939,870323.5031578825,5.275567961573869e6,47693.60984839019
43,NL0 24 CCGT,NL0 24,1,684.0,67.50263035262032,5472.580873001939,184434.5865851177,3.743245317133326e6,10714.131758202937
43,NL0 25 waste,NL0 25,1,54.0,34.1135,5472.580873001939,120539.19850875347,295519.3671421047,7959.0013365733785
43,NL0 27 CCGT,NL0 27,1,984.0,43.27286666666667,5472.580873001939,925684.8929150621,5.3850195790339075e6,102909.12296046103
43,NL0 27 biomass,NL0 27,1,22.0,19.979914529914527,5472.580873001939,100013.88462399352,120396.77920604266,3784.0
43,NL0 27 waste,NL0 27,1,71.2,34.1135,5472.580873001939,158933.16544117124,389647.7581577381,10677.654001767738
43,NL0 28 CCGT,NL0 28,1,144.0,43.27286666666667,5472.580873001939,135466.081890009,788051.6457122792,13824.0
43,NL0 3 CCGT,NL0 3,1,1907.0,51.41762846054192,5472.580873001939,1.1124058873594762e6,1.0436211724814698e7,58777.98064051047
43,NL0 3 biomass,NL0 3,1,22.0,19.979914529914527,5472.580873001939,100013.88462399352,120396.77920604266,3784.0
43,NL0 3 waste,NL0 3,1,108.0,34.1135,5472.580873001939,241078.39701750694,591038.7342842094,16200.0
43,NL0 30 biomass,NL0 30,1,60.0,19.979914529914527,5472.580873001939,272765.1398836184,328354.85238011635,10320.0
43,NL0 31 CCGT,NL0 31,1,3341.0,85.4787109164719,5472.580873001939,9.594111955532721e-10,1.8283892696699478e7,23559.453978780148
43,NL0 5 CCGT,NL0 5,1,49.6,43.27286666666667,5472.580873001939,46660.5393176698,271440.0113008962,4792.653335576833
43,NL0 6 CCGT,NL0 6,1,1608.4,43.27286666666667,5472.580873001939,1.5130808757770176e6,8.802099076136319e6,162409.27413367268
43,NL0 7 CCGT,NL0 7,1,1398.0,43.6729395310492,5472.580873001939,1.275998747840363e6,7.650668060456711e6,85506.53181069877
43,NL0 7 nuclear,NL0 7,1,515.0,27.322803680981593,5472.580873001939,1.7021457600712706e6,2.8183791495959987e6,84102.42124441595
43,NL0 7 waste,NL0 7,1,39.0,34.1135,5472.580873001939,87056.08781187763,213430.65404707563,5746.1813318664
43,NL0 8 CCGT,NL0 8,1,447.0,58.928107624263944,5472.580873001939,189520.2300529806,2.4462436502318666e6,8652.104303317297
43,NL0 8 biomass,NL0 8,1,36.0,19.979914529914527,5472.580873001939,163659.0839301714,197012.9114280698,6192.0
43,NL0 8 waste,NL0 8,1,157.0,34.1135,5472.580873001939,350456.55862730206,859195.1970613045,23405.96807648577
43,NL0 9 biomass,NL0 9,1,20.0,19.979914529914527,5472.580873001939,90921.71329453951,109451.61746003877,3440.0
43,NL0 0 0 solar,NL0 0,1,144.0,0.01,59329.06935292875,143777.17181364013,0.0,3495.7738491645578
43,NL0 1 0 solar,NL0 1,1,291.5,0.01,59329.06935292875,279083.88681448676,0.0,6948.705449759602
43,NL0 10 0 solar,NL0 10,1,120.1,0.01,59329.06935292875,123510.80794349074,0.0,3035.911304769089
43,NL0 11 0 solar,NL0 11,1,436.4,0.01,59329.06935292875,411901.30587840657,0.0,10306.481755249355
43,NL0 12 0 solar,NL0 12,1,203.1,0.01,59329.06935292875,191990.80544541526,0.0,4820.92251154439
43,NL0 13 0 solar,NL0 13,1,473.2,0.01,59329.06935292875,452951.73890675174,0.0,11187.121113824795
43,NL0 14 0 solar,NL0 14,1,85.3,0.01,59329.06935292875,84067.00358636606,0.0,2087.7663698282927
43,NL0 15 0 solar,NL0 15,1,369.4,0.01,59329.06935292875,346685.28503442707,0.0,8736.034836219216
43,NL0 16 0 solar,NL0 16,1,68.8,0.01,59329.06935292875,69599.92687591027,0.0,1691.4298225830848
43,NL0 17 0 solar,NL0 17,1,63.1,0.01,59329.06935292875,65394.03954021667,0.0,1589.8866005603036
43,NL0 18 0 solar,NL0 18,1,13.399999999999999,0.01,59329.06935292875,13705.304222902532,0.0,335.710111700008
43,NL0 19 0 solar,NL0 19,1,75.60000000000001,0.01,59329.06935292875,70863.94290967542,0.0,1815.0254919597055
43,NL0 2 0 solar,NL0 2,1,1109.1,0.01,59329.06935292875,1.0323424735205562e6,0.0,26402.661517956996
43,NL0 20 0 solar,NL0 20,1,331.2,0.01,59329.06935292875,320483.9317679877,0.0,7909.5604725700005
43,NL0 21 0 solar,NL0 21,1,40.5,0.01,59329.06935292875,41600.66565576048,0.0,1013.9430253950717
43,NL0 22 0 solar,NL0 22,1,263.3,0.01,59329.06935292875,260617.55609716478,0.0,6361.56546158242
43,NL0 23 0 solar,NL0 23,1,57.1,0.01,59329.06935292875,57564.46412102373,0.0,1403.2936270342718
43,NL0 24 0 solar,NL0 24,1,99.8,0.01,59329.06935292875,98258.96051930617,0.0,2393.4015185461817
43,NL0 25 0 solar,NL0 25,1,663.4,0.01,59329.06935292875,623417.0481376504,0.0,15835.542397299549
43,NL0 26 0 solar,NL0 26,1,156.2,0.01,59329.06935292875,154151.3282016009,0.0,3821.2856187503758
43,NL0 27 0 solar,NL0 27,1,103.1,0.01,59329.06935292875,107361.95522086936,0.0,2649.1257341788905
43,NL0 28 0 solar,NL0 28,1,105.3,0.01,59329.06935292875,100355.16709245981,0.0,2489.1644574964166
43,NL0 3 0 solar,NL0 3,1,84.5,0.01,59329.06935292875,85165.20527245209,0.0,2070.9188767275286
43,NL0 30 0 solar,NL0 30,1,3.6,0.01,59329.06935292875,3668.2574639459576,0.0,89.82355962877534
43,NL0 31 0 solar,NL0 31,1,44.8,0.01,59329.06935292875,42321.02586653224,0.0,1072.8423780802711
43,NL0 4 0 solar,NL0 4,1,142.8,0.01,59329.06935292875,136790.37822099504,0.0,3403.277910451907
43,NL0 5 0 solar,NL0 5,1,351.7,0.01,59329.06935292875,342365.77060283633,0.0,8409.128930464909
43,NL0 6 0 solar,NL0 6,1,260.3,0.01,59329.06935292875,262068.44217328122,0.0,6427.157527688587
43,NL0 7 0 solar,NL0 7,1,553.2,0.01,59329.06935292875,550871.4655114005,0.0,13445.138753780626
43,NL0 8 0 solar,NL0 8,1,79.5,0.01,59329.06935292875,79242.76000531408,0.0,1927.2751274433406
43,NL0 9 0 solar,NL0 9,1,299.5,0.01,59329.06935292875,289172.5962436978,0.0,7188.544634543878
43,NL0 20 0 offwind-ac,NL0 20,1,578.0,0.015,59329.06935292875,2.0897042570821068e6,0.0,58701.54397848926
43,NL0 27 0 offwind-ac,NL0 27,1,4583.0,0.015,59329.06935292875,1.8364927258024745e7,0.0,512020.36216514866
43,NL0 31 0 offwind-ac,NL0 31,1,600.0,0.015,59329.06935292875,2.3448754266029424e6,0.0,64471.10995494072
43,NL0 32 0 offwind-ac,NL0 32,1,608.0,0.015,59329.06935292875,2.5122772306798655e6,0.0,69326.26443821577
43,NL0 7 0 offwind-ac,NL0 7,1,752.0,0.015,59329.06935292875,3.1154508015855406e6,0.0,85512.32752402354
43,NL0 0 0 onwind,NL0 0,1,59.0,0.015,59329.06935292875,141581.73699949784,0.0,4423.345107547118
43,NL0 1 0 onwind,NL0 1,1,75.0,0.015,59329.06935292875,144987.223672517,0.0,4517.658299818789
43,NL0 10 0 onwind,NL0 10,1,428.0,0.015,59329.06935292875,1.4291400869199412e6,0.0,42043.58945408351
43,NL0 11 0 onwind,NL0 11,1,21.0,0.015,59329.06935292875,40420.12081248227,0.0,1307.6695123700767
43,NL0 12 0 onwind,NL0 12,1,54.0,0.015,59329.06935292875,157750.11158850274,0.0,4663.910600543067
43,NL0 13 0 onwind,NL0 13,1,23.0,0.015,59329.06935292875,48363.225696769005,0.0,1509.9961585657165
43,NL0 14 0 onwind,NL0 14,1,61.0,0.015,59329.06935292875,204206.8002025359,0.0,5895.861292519222
43,NL0 15 0 onwind,NL0 15,1,52.0,0.015,59329.06935292875,110981.05180824433,0.0,3607.5251690491696
43,NL0 17 0 onwind,NL0 17,1,27.0,0.015,59329.06935292875,77212.90743965164,0.0,2329.6911540235
43,NL0 19 0 onwind,NL0 19,1,532.0,0.015,59329.06935292875,1.3460316067230038e6,0.0,41430.992829476876
43,NL0 2 0 onwind,NL0 2,1,472.8,0.015,59329.06935292875,1.0549214371896542e6,0.0,33864.94680674281
43,NL0 20 0 onwind,NL0 20,1,822.2,0.015,59329.06935292875,2.2296443636200447e6,0.0,68514.40955946344
43,NL0 21 0 onwind,NL0 21,1,36.0,0.015,59329.06935292875,104484.76563321071,0.0,3105.115111693348
43,NL0 22 0 onwind,NL0 22,1,122.7,0.015,59329.06935292875,259097.50094449072,0.0,8071.880959107849
43,NL0 23 0 onwind,NL0 23,1,127.0,0.015,59329.06935292875,371375.7050556639,0.0,11093.24884108291
43,NL0 24 0 onwind,NL0 24,1,33.0,0.015,59329.06935292875,87218.32571815483,0.0,2629.3354574730824
43,NL0 27 0 onwind,NL0 27,1,21.6,0.015,59329.06935292875,74449.90450443185,0.0,2116.1078773654226
43,NL0 3 0 onwind,NL0 3,1,284.6,0.015,59329.06935292875,734639.6276889532,0.0,22554.80078079418
43,NL0 30 0 onwind,NL0 30,1,31.0,0.015,59329.06935292875,89651.52416415488,0.0,2660.4833971189996
43,NL0 31 0 onwind,NL0 31,1,216.0,0.015,59329.06935292875,634984.0143862665,0.0,18520.44049521773
43,NL0 4 0 onwind,NL0 4,1,287.0,0.015,59329.06935292875,733311.6964016734,0.0,22519.710608038476
43,NL0 5 0 onwind,NL0 5,1,21.0,0.015,59329.06935292875,39673.869513893376,0.0,1261.9340960200916
43,NL0 6 0 onwind,NL0 6,1,35.0,0.015,59329.06935292875,65026.749012613116,0.0,2070.531971683251
43,NL0 7 0 onwind,NL0 7,1,374.3,0.015,59329.06935292875,974864.6796991498,0.0,30045.042808443544
43,NL0 8 0 onwind,NL0 8,1,101.1,0.015,59329.06935292875,229603.3320273519,0.0,7123.058185197722
43,NL0 9 0 onwind,NL0 9,1,35.0,0.015,59329.06935292875,64634.206735854954,0.0,2045.6158677187896
44,NL0 0 CCGT,NL0 0,1,575.0,43.272866666666665,5472.580873014767,540923.5908802449,3.1467340019834912e6,60045.03328340303
44,NL0 1 biomass,NL0 1,1,71.0,19.979914529914527,5472.580873014767,322772.0821956153,388553.2419840485,12212.0
44,NL0 1 waste,NL0 1,1,31.0,34.1135,5472.580873014767,69198.42877354372,169650.0070634578,4625.462854575771
44,NL0 10 CCGT,NL0 10,1,507.0,43.27286666666667,5472.580873014767,476953.49665440683,2.774598502618487e6,51989.44559698129
44,NL0 10 waste,NL0 10,1,150.0,34.1135,5472.580873014767,334831.10696875997,820887.130952215,22115.94571561753
44,NL0 11 CCGT,NL0 11,1,72.0,43.27286666666667,5472.580873014767,67733.0409450045,394025.82285706326,6984.0
44,NL0 11 biomass,NL0 11,1,20.0,19.979914529914527,5472.580873014767,90921.71329453953,109451.61746029535,3440.0
44,NL0 11 waste,NL0 11,1,50.0,34.1135,5472.580873014767,111610.36898958655,273629.0436507384,7372.72368610628
44,NL0 13 CCGT,NL0 13,1,50.0,43.27286666666667,5472.580873014767,47036.83398958645,273629.0436507384,4850.0
44,NL0 13 biomass,NL0 13,1,77.0,19.979914529914527,5472.580873014767,350048.59618397715,421388.7272221371,13170.758589916517
44,NL0 16 CCGT,NL0 16,1,268.0,43.27286666666667,5472.580873014767,252117.43018418338,1.4666516739679577e6,26394.24091318767
44,NL0 17 CCGT,NL0 17,1,107.0,43.27286666666667,5472.580873014767,100658.824737715,585566.1534125801,10516.983783980519
44,NL0 18 CCGT,NL0 18,1,112.0,43.27286666666667,5472.580873014767,105362.5081366737,612929.0577776539,11200.0
44,NL0 19 CCGT,NL0 19,1,523.0,53.04262929292929,5472.580873014767,286383.1175012115,2.8621597965867235e6,11442.174094047412
44,NL0 19 biomass,NL0 19,1,49.0,19.979914529914527,5472.580873014767,222758.1975716218,268156.4627777236,8428.0
44,NL0 19 waste,NL0 19,1,36.0,34.1135,5472.580873014767,80359.46567250241,197012.91142853163,5292.0
44,NL0 2 CCGT,NL0 2,1,272.5,43.27286666666667,5472.580873014767,256350.74524324626,1.4912782878965242e6,27314.179316908005
44,NL0 21 CCGT,NL0 21,1,85.0,43.27286666666667,5472.580873014767,79962.61778229696,465169.37420625525,8330.0
44,NL0 22 CCGT,NL0 22,1,100.0,43.27286666666667,5472.580873014767,94073.66797917291,547258.0873014767,9921.783317997864
44,NL0 22 biomass,NL0 22,1,500.0,19.979914529914527,5472.580873014767,2.273042832363489e6,2.736290436507384e6,88273.71740471417
44,NL0 23 CCGT,NL0 23,1,964.0,43.8530553226903,5472.580873014767,870323.5031578825,5.275567961586236e6,47693.60984839019
44,NL0 24 CCGT,NL0 24,1,684.0,67.50263035262032,5472.580873014767,184434.58658511768,3.743245317142101e6,10714.131758202937
44,NL0 25 waste,NL0 25,1,54.0,34.1135,5472.580873014767,120539.19850875348,295519.36714279745,7934.2868589425525
44,NL0 27 CCGT,NL0 27,1,984.0,43.27286666666667,5472.580873014767,925684.8929150621,5.385019579046531e6,102243.86834517568
44,NL0 27 biomass,NL0 27,1,22.0,19.979914529914527,5472.580873014767,100013.88462399352,120396.77920632488,3784.0
44,NL0 27 waste,NL0 27,1,71.2,34.1135,5472.580873014767,158933.1654411713,389647.7581586515,10576.225582024827
44,NL0 28 CCGT,NL0 28,1,144.0,43.27286666666667,5472.580873014767,135466.08189000905,788051.6457141265,14841.340507474277
44,NL0 3 CCGT,NL0 3,1,1907.0,51.41762846054192,5472.580873014767,1.1124058873594762e6,1.0436211724839162e7,58777.98064051038
44,NL0 3 biomass,NL0 3,1,22.0,19.979914529914527,5472.580873014767,100013.88462399352,120396.77920632488,3784.0
44,NL0 3 waste,NL0 3,1,108.0,34.1135,5472.580873014767,241078.39701750697,591038.7342855949,15849.073804061733
44,NL0 30 biomass,NL0 30,1,60.0,19.979914529914527,5472.580873014767,272765.1398836184,328354.85238088603,10320.0
44,NL0 31 CCGT,NL0 31,1,3341.0,85.4787109164719,5472.580873014767,7.220188675351241e-10,1.8283892696742337e7,23559.45397882914
44,NL0 5 CCGT,NL0 5,1,49.6,43.27286666666667,5472.580873014767,46660.53931766978,271440.01130153245,4811.2
44,NL0 6 CCGT,NL0 6,1,1608.4,43.27286666666667,5472.580873014767,1.513080875777018e6,8.802099076156951e6,159339.12590879382
44,NL0 7 CCGT,NL0 7,1,1398.0,43.6729395310492,5472.580873014767,1.275998747840363e6,7.650668060474644e6,85506.53181069877
44,NL0 7 nuclear,NL0 7,1,515.0,27.322803680981593,5472.580873014767,1.7021457600712709e6,2.818379149602605e6,84102.42124441595
44,NL0 7 waste,NL0 7,1,39.0,34.1135,5472.580873014767,87056.08781187765,213430.65404757592,5849.363288600355
44,NL0 8 CCGT,NL0 8,1,447.0,58.928107624263944,5472.580873014767,189520.23005298054,2.446243650237601e6,8652.104303317303
44,NL0 8 biomass,NL0 8,1,36.0,19.979914529914527,5472.580873014767,163659.0839301714,197012.91142853163,6192.0
44,NL0 8 waste,NL0 8,1,157.0,34.1135,5472.580873014767,350456.55862730206,859195.1970633185,23814.42367368497
44,NL0 9 biomass,NL0 9,1,20.0,19.979914529914527,5472.580873014767,90921.71329453953,109451.61746029535,3420.0
44,NL0 0 0 solar,NL0 0,1,144.0,0.01,59329.06935292875,143777.17181364013,0.0,3495.7738491645578
44,NL0 1 0 solar,NL0 1,1,291.5,0.01,5472.580873014767,279083.88681448676,0.0,6948.705449759602
44,NL0 10 0 solar,NL0 10,1,120.1,0.01,59329.06935292875,123510.80794349074,0.0,3035.911304769089
44,NL0 11 0 solar,NL0 11,1,436.4,0.01,5472.580873014767,411901.30587840657,0.0,10306.481755249355
44,NL0 12 0 solar,NL0 12,1,203.1,0.01,5472.580873014767,191990.80544541526,0.0,4820.92251154439
44,NL0 13 0 solar,NL0 13,1,473.2,0.01,5472.580873014767,452951.73890675174,0.0,11187.121113824795
44,NL0 14 0 solar,NL0 14,1,85.3,0.01,5472.580873014767,84067.00358636606,0.0,2087.7663698282927
44,NL0 15 0 solar,NL0 15,1,369.4,0.01,59329.06935292875,346685.28503442707,0.0,8736.034836219216
44,NL0 16 0 solar,NL0 16,1,68.8,0.01,59329.06935292875,69599.92687591027,0.0,1691.4298225830848
44,NL0 17 0 solar,NL0 17,1,63.1,0.01,59329.06935292875,65394.03954021667,0.0,1589.8866005603036
44,NL0 18 0 solar,NL0 18,1,13.399999999999999,0.01,59329.06935292875,13705.304222902532,0.0,335.710111700008
44,NL0 19 0 solar,NL0 19,1,75.60000000000001,0.01,59329.06935292875,70863.94290967542,0.0,1815.0254919597055
44,NL0 2 0 solar,NL0 2,1,1109.1,0.01,59329.06935292875,1.0323424735205562e6,0.0,26402.661517956996
44,NL0 20 0 solar,NL0 20,1,331.2,0.01,59329.06935292875,320483.9317679877,0.0,7909.5604725700005
44,NL0 21 0 solar,NL0 21,1,40.5,0.01,5472.580873014767,41600.66565576048,0.0,1013.9430253950717
44,NL0 22 0 solar,NL0 22,1,263.3,0.01,5472.580873014767,260617.55609716478,0.0,6361.56546158242
44,NL0 23 0 solar,NL0 23,1,57.1,0.01,59329.06935292875,57564.46412102373,0.0,1403.2936270342718
44,NL0 24 0 solar,NL0 24,1,99.8,0.01,59329.06935292875,98258.96051930617,0.0,2393.4015185461817
44,NL0 25 0 solar,NL0 25,1,663.4,0.01,59329.06935292875,623417.0481376504,0.0,15835.542397299549
44,NL0 26 0 solar,NL0 26,1,156.2,0.01,59329.06935292875,154151.3282016009,0.0,3821.2856187503758
44,NL0 27 0 solar,NL0 27,1,103.1,0.01,59329.06935292875,107361.95522086936,0.0,2649.1257341788905
44,NL0 28 0 solar,NL0 28,1,105.3,0.01,5472.580873014767,100355.16709245981,0.0,2489.1644574964166
44,NL0 3 0 solar,NL0 3,1,84.5,0.01,59329.06935292875,85165.20527245209,0.0,2070.9188767275286
44,NL0 30 0 solar,NL0 30,1,3.6,0.01,59329.06935292875,3668.2574639459576,0.0,89.82355962877534
44,NL0 31 0 solar,NL0 31,1,44.8,0.01,59329.06935292875,42321.02586653224,0.0,1072.8423780802711
44,NL0 4 0 solar,NL0 4,1,142.8,0.01,5472.580873014767,136790.37822099504,0.0,3403.277910451907
44,NL0 5 0 solar,NL0 5,1,351.7,0.01,59329.06935292875,342365.77060283633,0.0,8409.128930464909
44,NL0 6 0 solar,NL0 6,1,260.3,0.01,59329.06935292875,262068.4421732812,0.0,6427.157527688587
44,NL0 7 0 solar,NL0 7,1,553.2,0.01,59329.06935292875,550871.4655114005,0.0,13445.138753780626
44,NL0 8 0 solar,NL0 8,1,79.5,0.01,59329.06935292875,79242.76000531408,0.0,1927.2751274433406
44,NL0 9 0 solar,NL0 9,1,299.5,0.01,59329.06935292875,289172.5962436978,0.0,7188.544634543878
44,NL0 20 0 offwind-ac,NL0 20,1,578.0,0.015,59329.06935292875,2.0897042570821068e6,0.0,59138.97697085986
44,NL0 27 0 offwind-ac,NL0 27,1,4583.0,0.015,59329.06935292875,1.836492725802475e7,0.0,505707.15258952964
44,NL0 31 0 offwind-ac,NL0 31,1,600.0,0.015,59329.06935292875,2.3448754266029424e6,0.0,65533.70995494073
44,NL0 32 0 offwind-ac,NL0 32,1,608.0,0.015,59329.06935292875,2.5122772306798655e6,0.0,69624.1028690924
44,NL0 7 0 offwind-ac,NL0 7,1,752.0,0.015,5472.580873014767,3.1154508015855406e6,0.0,86125.98456763808
44,NL0 0 0 onwind,NL0 0,1,59.0,0.015,5472.580873014767,141581.73699949784,0.0,4430.133417733347
44,NL0 1 0 onwind,NL0 1,1,75.0,0.015,59329.06935292875,144987.223672517,0.0,4620.61813158963
44,NL0 10 0 onwind,NL0 10,1,428.0,0.015,59329.06935292875,1.4291400869199412e6,0.0,42899.58939304398
44,NL0 11 0 onwind,NL0 11,1,21.0,0.015,59329.06935292875,40420.12081248227,0.0,1307.6695123700767
44,NL0 12 0 onwind,NL0 12,1,54.0,0.015,5472.580873014767,157750.11158850274,0.0,4771.910600543067
44,NL0 13 0 onwind,NL0 13,1,23.0,0.015,5472.580873014767,48363.225696769005,0.0,1532.6220690771631
44,NL0 14 0 onwind,NL0 14,1,61.0,0.015,59329.06935292875,204206.8002025359,0.0,6037.66177756561
44,NL0 15 0 onwind,NL0 15,1,52.0,0.015,59329.06935292875,110981.05180824433,0.0,3607.5251690491696
44,NL0 17 0 onwind,NL0 17,1,27.0,0.015,59329.06935292875,77212.90743965164,0.0,2329.4259550095826
44,NL0 19 0 onwind,NL0 19,1,532.0,0.015,59329.06935292875,1.3460316067230038e6,0.0,41957.66613883625
44,NL0 2 0 onwind,NL0 2,1,472.8,0.015,59329.06935292875,1.0549214371896542e6,0.0,33882.00351157511
44,NL0 20 0 onwind,NL0 20,1,822.2,0.015,59329.06935292875,2.2296443636200447e6,0.0,69336.60955946345
44,NL0 21 0 onwind,NL0 21,1,36.0,0.015,5472.580873014767,104484.76563321071,0.0,3177.3564070712346
44,NL0 22 0 onwind,NL0 22,1,122.7,0.015,59329.06935292875,259097.50094449072,0.0,8101.708273219049
44,NL0 23 0 onwind,NL0 23,1,127.0,0.015,5472.580873014767,371375.7050556639,0.0,11093.175682684092
44,NL0 24 0 onwind,NL0 24,1,33.0,0.015,5472.580873014767,87218.32571815483,0.0,2663.932698155521
44,NL0 27 0 onwind,NL0 27,1,21.6,0.015,59329.06935292875,74449.90450443185,0.0,2094.504552153539
44,NL0 3 0 onwind,NL0 3,1,284.6,0.015,5472.580873014767,734639.6276889532,0.0,22786.024501674216
44,NL0 30 0 onwind,NL0 30,1,31.0,0.015,59329.06935292875,89651.52416415488,0.0,2691.574436662335
44,NL0 31 0 onwind,NL0 31,1,216.0,0.015,5472.580873014767,634984.0143862665,0.0,19153.54699704878
44,NL0 4 0 onwind,NL0 4,1,287.0,0.015,5472.580873014767,733311.6964016734,0.0,22797.591441937933
44,NL0 5 0 onwind,NL0 5,1,21.0,0.015,59329.06935292875,39673.869513893376,0.0,1263.0618154327015
44,NL0 6 0 onwind,NL0 6,1,35.0,0.015,5472.580873014767,65026.749012613116,0.0,2066.508140198791
44,NL0 7 0 onwind,NL0 7,1,374.3,0.015,59329.06935292875,974864.6796991499,0.0,29787.69902069725
44,NL0 8 0 onwind,NL0 8,1,101.1,0.015,59329.06935292875,229603.3320273519,0.0,7323.460787945647
44,NL0 9 0 onwind,NL0 9,1,35.0,0.015,59329.06935292875,64634.206735854954,0.0,2115.0035191784173
45,NL0 0 CCGT,NL0 0,1,575.0,43.272866666666665,5472.580873014767,540923.5908802433,3.1467340019834912e6,68396.44854951458
45,NL0 1 biomass,NL0 1,1,71.0,19.979914529914527,5472.580873014767,322772.0821956148,388553.2419840485,12283.0
45,NL0 1 waste,NL0 1,1,31.0,34.1135,5472.580873014767,69198.42877354358,169650.0070634578,4495.048996597596
45,NL0 10 CCGT,NL0 10,1,507.0,43.27286666666667,5472.580873014767,476953.4966544058,2.774598502618487e6,48165.0
45,NL0 10 waste,NL0 10,1,150.0,34.1135,5472.580873014767,334831.10696875874,820887.130952215,22387.35848553342
45,NL0 11 CCGT,NL0 11,1,72.0,43.27286666666667,5472.580873014767,67733.04094500437,394025.82285706326,5760.0
45,NL0 11 biomass,NL0 11,1,20.0,19.979914529914527,5472.580873014767,90921.71329453944,109451.61746029535,3430.83460802396
45,NL0 11 waste,NL0 11,1,50.0,34.1135,5472.580873014767,111610.36898958628,273629.0436507384,7383.801336573377
45,NL0 13 CCGT,NL0 13,1,50.0,43.27286666666667,5472.580873014767,47036.833989586354,273629.0436507384,3900.0
45,NL0 13 biomass,NL0 13,1,77.0,19.979914529914527,5472.580873014767,350048.596183977,421388.7272221371,13244.0
45,NL0 16 CCGT,NL0 16,1,268.0,43.27286666666667,5472.580873014767,252117.4301841829,1.4666516739679577e6,24388.0
45,NL0 17 CCGT,NL0 17,1,107.0,43.27286666666667,5472.580873014767,100658.82473771478,585566.1534125801,8667.0
45,NL0 18 CCGT,NL0 18,1,112.0,43.27286666666667,5472.580873014767,105362.5081366735,612929.0577776539,9296.0
45,NL0 19 CCGT,NL0 19,1,523.0,53.04262929292929,5472.580873014767,286383.11750121106,2.8621597965867235e6,11442.17409404742
45,NL0 19 biomass,NL0 19,1,49.0,19.979914529914527,5472.580873014767,222758.19757162154,268156.4627777236,8459.980338320405
45,NL0 19 waste,NL0 19,1,36.0,34.1135,5472.580873014767,80359.4656725023,197012.91142853163,5292.0
45,NL0 2 CCGT,NL0 2,1,272.5,43.27286666666667,5472.580873014767,256350.74524324565,1.4912782878965242e6,23435.0
45,NL0 21 CCGT,NL0 21,1,85.0,43.27286666666667,5472.580873014767,79962.6177822968,465169.37420625525,6630.0
45,NL0 22 CCGT,NL0 22,1,100.0,43.27286666666667,5472.580873014767,94073.66797917271,547258.0873014767,8100.0
45,NL0 22 biomass,NL0 22,1,500.0,19.979914529914527,5472.580873014767,2.2730428323634863e6,2.736290436507384e6,88048.09644771487
45,NL0 23 CCGT,NL0 23,1,964.0,43.8530553226903,5472.580873014767,870323.5031578812,5.275567961586236e6,47693.609848430635
45,NL0 24 CCGT,NL0 24,1,684.0,67.50263035262032,5472.580873014767,184434.58658511724,3.743245317142101e6,10714.13175820296
45,NL0 25 waste,NL0 25,1,54.0,34.1135,5472.580873014767,120539.19850875324,295519.36714279745,7909.7091880095095
45,NL0 27 CCGT,NL0 27,1,984.0,43.27286666666667,5472.580873014767,925684.8929150598,5.385019579046531e6,101352.0
45,NL0 27 biomass,NL0 27,1,22.0,19.979914529914527,5472.580873014767,100013.88462399339,120396.77920632488,3762.0
45,NL0 27 waste,NL0 27,1,71.2,34.1135,5472.580873014767,158933.1654411708,389647.7581586515,10537.60000000001
45,NL0 28 CCGT,NL0 28,1,144.0,43.27286666666667,5472.580873014767,135466.08189000873,788051.6457141265,12384.0
45,NL0 3 CCGT,NL0 3,1,1907.0,51.41762846054192,5472.580873014767,1.112405887359474e6,1.0436211724839162e7,58777.98064051048
45,NL0 3 biomass,NL0 3,1,22.0,19.979914529914527,5472.580873014767,100013.88462399339,120396.77920632488,3784.0
45,NL0 3 waste,NL0 3,1,108.0,34.1135,5472.580873014767,241078.39701750648,591038.7342855949,16003.995616193642
45,NL0 30 biomass,NL0 30,1,60.0,19.979914529914527,5472.580873014767,272765.13988361805,328354.85238088603,10380.0
45,NL0 31 CCGT,NL0 31,1,3341.0,85.4787109164719,5472.580873014767,0.0,1.8283892696742337e7,23559.45397882923
45,NL0 5 CCGT,NL0 5,1,49.6,43.27286666666667,5472.580873014767,46660.539317669696,271440.01130153245,3967.999999999995
45,NL0 6 CCGT,NL0 6,1,1608.4,43.27286666666667,5472.580873014767,1.5130808757770145e6,8.802099076156951e6,174339.75242438758
45,NL0 7 CCGT,NL0 7,1,1398.0,43.6729395310492,5472.580873014767,1.2759987478403605e6,7.650668060474644e6,85506.53181073532
45,NL0 7 nuclear,NL0 7,1,515.0,27.322803680981593,5472.580873014767,1.7021457600712674e6,2.818379149602605e6,84102.4212444188
45,NL0 7 waste,NL0 7,1,39.0,34.1135,5472.580873014767,87056.08781187746,213430.65404757592,5654.36328860036
45,NL0 8 CCGT,NL0 8,1,447.0,58.928107624263944,5472.580873014767,189520.23005298025,2.446243650237601e6,8652.104303317314
45,NL0 8 biomass,NL0 8,1,36.0,19.979914529914527,5472.580873014767,163659.08393017127,197012.91142853163,6228.0
45,NL0 8 waste,NL0 8,1,157.0,34.1135,5472.580873014767,350456.5586273015,859195.1970633185,23765.628552106093
45,NL0 9 biomass,NL0 9,1,20.0,19.979914529914527,5472.580873014767,90921.71329453944,109451.61746029535,3404.5646005714607
45,NL0 0 0 solar,NL0 0,1,144.0,0.01,59329.06935292875,143777.17181364,0.0,3495.7738491645578
45,NL0 1 0 solar,NL0 1,1,291.5,0.01,59329.06935292875,279083.88681448647,0.0,6948.705449759602
45,NL0 10 0 solar,NL0 10,1,120.1,0.01,59329.06935292875,123510.80794349064,0.0,3035.911304769089
45,NL0 11 0 solar,NL0 11,1,436.4,0.01,59329.06935292875,411901.3058784061,0.0,10306.481755249355
45,NL0 12 0 solar,NL0 12,1,203.1,0.01,59329.06935292875,191990.8054454151,0.0,4820.92251154439
45,NL0 13 0 solar,NL0 13,1,473.2,0.01,59329.06935292875,452951.73890675127,0.0,11187.121113824795
45,NL0 14 0 solar,NL0 14,1,85.3,0.01,59329.06935292875,84067.003586366,0.0,2087.7663698282927
45,NL0 15 0 solar,NL0 15,1,369.4,0.01,59329.06935292875,346685.28503442655,0.0,8736.034836219216
45,NL0 16 0 solar,NL0 16,1,68.8,0.01,59329.06935292875,69599.92687591023,0.0,1691.4298225830848
45,NL0 17 0 solar,NL0 17,1,63.1,0.01,59329.06935292875,65394.03954021661,0.0,1589.8866005603036
45,NL0 18 0 solar,NL0 18,1,13.399999999999999,0.01,59329.06935292875,13705.304222902527,0.0,335.710111700008
45,NL0 19 0 solar,NL0 19,1,75.60000000000001,0.01,59329.06935292875,70863.94290967533,0.0,1815.0254919597055
45,NL0 2 0 solar,NL0 2,1,1109.1,0.01,59329.06935292875,1.0323424735205551e6,0.0,26402.661517956996
45,NL0 20 0 solar,NL0 20,1,331.2,0.01,59329.06935292875,320483.9317679873,0.0,7909.5604725700005
45,NL0 21 0 solar,NL0 21,1,40.5,0.01,59329.06935292875,41600.66565576045,0.0,1013.9430253950717
45,NL0 22 0 solar,NL0 22,1,263.3,0.01,59329.06935292875,260617.55609716455,0.0,6361.56546158242
45,NL0 23 0 solar,NL0 23,1,57.1,0.01,59329.06935292875,57564.46412102367,0.0,1403.2936270342718
45,NL0 24 0 solar,NL0 24,1,99.8,0.01,59329.06935292875,98258.96051930611,0.0,2393.4015185461817
45,NL0 25 0 solar,NL0 25,1,663.4,0.01,59329.06935292875,623417.0481376499,0.0,15835.542397299549
45,NL0 26 0 solar,NL0 26,1,156.2,0.01,59329.06935292875,154151.32820160073,0.0,3821.2856187503758
45,NL0 27 0 solar,NL0 27,1,103.1,0.01,59329.06935292875,107361.95522086926,0.0,2649.1257341788905
45,NL0 28 0 solar,NL0 28,1,105.3,0.01,59329.06935292875,100355.16709245977,0.0,2489.1644574964166
45,NL0 3 0 solar,NL0 3,1,84.5,0.01,59329.06935292875,85165.20527245197,0.0,2070.9188767275286
45,NL0 30 0 solar,NL0 30,1,3.6,0.01,59329.06935292875,3668.2574639459544,0.0,89.82355962877534
45,NL0 31 0 solar,NL0 31,1,44.8,0.01,59329.06935292875,42321.025866532196,0.0,1072.8423780802711
45,NL0 4 0 solar,NL0 4,1,142.8,0.01,59329.06935292875,136790.3782209949,0.0,3403.277910451907
45,NL0 5 0 solar,NL0 5,1,351.7,0.01,59329.06935292875,342365.7706028359,0.0,8409.128930464909
45,NL0 6 0 solar,NL0 6,1,260.3,0.01,59329.06935292875,262068.44217328104,0.0,6427.157527688587
45,NL0 7 0 solar,NL0 7,1,553.2,0.01,59329.06935292875,550871.4655114,0.0,13445.138753780626
45,NL0 8 0 solar,NL0 8,1,79.5,0.01,59329.06935292875,79242.76000531403,0.0,1927.2751274433406
45,NL0 9 0 solar,NL0 9,1,299.5,0.01,59329.06935292875,289172.5962436975,0.0,7188.544634543878
45,NL0 20 0 offwind-ac,NL0 20,1,578.0,0.015,59329.06935292875,2.089704257082106e6,0.0,58627.157970859866
45,NL0 27 0 offwind-ac,NL0 27,1,4583.0,0.015,59329.06935292875,1.83649272580247e7,0.0,517595.07048146566
45,NL0 31 0 offwind-ac,NL0 31,1,600.0,0.015,59329.06935292875,2.344875426602939e6,0.0,63939.04653190301
45,NL0 32 0 offwind-ac,NL0 32,1,608.0,0.015,59329.06935292875,2.512277230679861e6,0.0,69624.1028690924
45,NL0 7 0 offwind-ac,NL0 7,1,752.0,0.015,59329.06935292875,3.1154508015855392e6,0.0,84123.60005421036
45,NL0 0 0 onwind,NL0 0,1,59.0,0.015,59329.06935292875,141581.73699949763,0.0,4312.1334177333465
45,NL0 1 0 onwind,NL0 1,1,75.0,0.015,59329.06935292875,144987.22367251673,0.0,4461.896721789622
45,NL0 10 0 onwind,NL0 10,1,428.0,0.015,59329.06935292875,1.42914008691994e6,0.0,41613.01930867686
45,NL0 11 0 onwind,NL0 11,1,21.0,0.015,59329.06935292875,40420.12081248223,0.0,1223.759424909239
45,NL0 12 0 onwind,NL0 12,1,54.0,0.015,59329.06935292875,157750.11158850262,0.0,4499.43848981945
45,NL0 13 0 onwind,NL0 13,1,23.0,0.015,59329.06935292875,48363.22569676897,0.0,1407.908563371173
45,NL0 14 0 onwind,NL0 14,1,61.0,0.015,59329.06935292875,204206.80020253576,0.0,5732.66177756561
45,NL0 15 0 onwind,NL0 15,1,52.0,0.015,59329.06935292875,110981.05180824423,0.0,3315.5577541830826
45,NL0 17 0 onwind,NL0 17,1,27.0,0.015,59329.06935292875,77212.9074396515,0.0,2190.399452782317
45,NL0 19 0 onwind,NL0 19,1,532.0,0.015,59329.06935292875,1.3460316067230022e6,0.0,41422.97601131978
45,NL0 2 0 onwind,NL0 2,1,472.8,0.015,59329.06935292875,1.054921437189653e6,0.0,33430.19262123821
45,NL0 20 0 onwind,NL0 20,1,822.2,0.015,59329.06935292875,2.229644363620043e6,0.0,68514.40955946344
45,NL0 21 0 onwind,NL0 21,1,36.0,0.015,59329.06935292875,104484.7656332106,0.0,3024.535973479675
45,NL0 22 0 onwind,NL0 22,1,122.7,0.015,59329.06935292875,259097.50094449046,0.0,7860.24376129831
45,NL0 23 0 onwind,NL0 23,1,127.0,0.015,59329.06935292875,371375.7050556634,0.0,11093.175682684092
45,NL0 24 0 onwind,NL0 24,1,33.0,0.015,59329.06935292875,87218.32571815475,0.0,2565.1240179295637
45,NL0 27 0 onwind,NL0 27,1,21.6,0.015,59329.06935292875,74449.90450443178,0.0,2072.907877365423
45,NL0 3 0 onwind,NL0 3,1,284.6,0.015,59329.06935292875,734639.6276889523,0.0,22722.5819373644
45,NL0 30 0 onwind,NL0 30,1,31.0,0.015,59329.06935292875,89651.5241641548,0.0,2568.4508764440884
45,NL0 31 0 onwind,NL0 31,1,216.0,0.015,59329.06935292875,634984.0143862657,0.0,18711.675564656245
45,NL0 4 0 onwind,NL0 4,1,287.0,0.015,59329.06935292875,733311.6964016726,0.0,22203.360652892447
45,NL0 5 0 onwind,NL0 5,1,21.0,0.015,59329.06935292875,39673.86951389334,0.0,1131.6999578848597
45,NL0 6 0 onwind,NL0 6,1,35.0,0.015,59329.06935292875,65026.74901261303,0.0,1868.5434518383586
45,NL0 7 0 onwind,NL0 7,1,374.3,0.015,59329.06935292875,974864.6796991487,0.0,29154.408492794966
45,NL0 8 0 onwind,NL0 8,1,101.1,0.015,59329.06935292875,229603.33202735163,0.0,6920.486547627501
45,NL0 9 0 onwind,NL0 9,1,35.0,0.015,59329.06935292875,64634.206735854896,0.0,2027.984657333282
46,NL0 0 CCGT,NL0 0,1,575.0,43.272866666666665,5472.580873013153,540923.5908802446,3.146734001982563e6,63497.168993669366
46,NL0 1 biomass,NL0 1,1,71.0,19.979914529914527,5472.580873013153,322772.0821956153,388553.24198393384,12283.0
46,NL0 1 waste,NL0 1,1,31.0,34.1135,5472.580873013153,69198.42877354371,169650.00706340774,4650.0
46,NL0 10 CCGT,NL0 10,1,507.0,43.27286666666667,5472.580873013153,476953.49665440683,2.7745985026176684e6,54004.30980637932
46,NL0 10 waste,NL0 10,1,150.0,34.1135,5472.580873013153,334831.10696875985,820887.1309519729,22449.07867961978
46,NL0 11 CCGT,NL0 11,1,72.0,43.27286666666667,5472.580873013153,67733.04094500456,394025.822856947,7486.41325386876
46,NL0 11 biomass,NL0 11,1,20.0,19.979914529914527,5472.580873013153,90921.71329453951,109451.61746026306,3460.0
46,NL0 11 waste,NL0 11,1,50.0,34.1135,5472.580873013153,111610.36898958655,273629.04365065764,7400.0
46,NL0 13 CCGT,NL0 13,1,50.0,43.27286666666667,5472.580873013153,47036.83398958648,273629.04365065764,5250.0
46,NL0 13 biomass,NL0 13,1,77.0,19.979914529914527,5472.580873013153,350048.5961839771,421388.72722201276,13170.758589916517
46,NL0 16 CCGT,NL0 16,1,268.0,43.27286666666667,5472.580873013153,252117.4301841835,1.466651673967525e6,27579.25767521614
46,NL0 17 CCGT,NL0 17,1,107.0,43.27286666666667,5472.580873013153,100658.824737715,585566.1534124074,10700.0
46,NL0 18 CCGT,NL0 18,1,112.0,43.27286666666667,5472.580873013153,105362.50813667364,612929.0577774731,10689.156741077477
46,NL0 19 CCGT,NL0 19,1,523.0,53.04262929292929,5472.580873013153,286383.1175012116,2.862159796585879e6,11442.17409404703
46,NL0 19 biomass,NL0 19,1,49.0,19.979914529914527,5472.580873013153,222758.19757162177,268156.4627776445,8428.0
46,NL0 19 waste,NL0 19,1,36.0,34.1135,5472.580873013153,80359.4656725024,197012.9114284735,5333.757282747795
46,NL0 2 CCGT,NL0 2,1,272.5,43.27286666666667,5472.580873013153,256350.74524324632,1.4912782878960841e6,26862.3913508239
46,NL0 21 CCGT,NL0 21,1,85.0,43.27286666666667,5472.580873013153,79962.61778229699,465169.374206118,8160.0
46,NL0 22 CCGT,NL0 22,1,100.0,43.27286666666667,5472.580873013153,94073.6679791729,547258.0873013153,9300.0
46,NL0 22 biomass,NL0 22,1,500.0,19.979914529914527,5472.580873013153,2.273042832363489e6,2.7362904365065764e6,88110.85064229813
46,NL0 23 CCGT,NL0 23,1,964.0,43.8530553226903,5472.580873013153,870323.5031578825,5.27556796158468e6,47693.60984839019
46,NL0 24 CCGT,NL0 24,1,684.0,67.50263035262032,5472.580873013153,184434.58658511777,3.7432453171409965e6,10714.131758201762
46,NL0 25 waste,NL0 25,1,54.0,34.1135,5472.580873013153,120539.19850875347,295519.36714271025,8046.0
46,NL0 27 CCGT,NL0 27,1,984.0,43.27286666666667,5472.580873013153,925684.8929150618,5.385019579044943e6,95256.45786825276
46,NL0 27 biomass,NL0 27,1,22.0,19.979914529914527,5472.580873013153,100013.88462399352,120396.77920628937,3804.9694426830206
46,NL0 27 waste,NL0 27,1,71.2,34.1135,5472.580873013153,158933.16544117124,389647.7581585365,10324.000000000007
46,NL0 28 CCGT,NL0 28,1,144.0,43.27286666666667,5472.580873013153,135466.08189000902,788051.645713894,13824.0
46,NL0 3 CCGT,NL0 3,1,1907.0,51.41762846054192,5472.580873013153,1.1124058873594764e6,1.0436211724836083e7,58777.98064058668
46,NL0 3 biomass,NL0 3,1,22.0,19.979914529914527,5472.580873013153,100013.88462399352,120396.77920628937,3806.0
46,NL0 3 waste,NL0 3,1,108.0,34.1135,5472.580873013153,241078.39701750694,591038.7342854205,15835.631434855492
46,NL0 30 biomass,NL0 30,1,60.0,19.979914529914527,5472.580873013153,272765.1398836184,328354.8523807892,10320.0
46,NL0 31 CCGT,NL0 31,1,3341.0,85.4787109164719,5472.580873013153,1.2517662383122088e-9,1.8283892696736943e7,23559.45397882438
46,NL0 5 CCGT,NL0 5,1,49.6,43.27286666666667,5472.580873013153,46660.53931766979,271440.0113014524,4638.558314316778
46,NL0 6 CCGT,NL0 6,1,1608.4,43.27286666666667,5472.580873013153,1.5130808757770176e6,8.802099076154355e6,161533.4869702976
46,NL0 7 CCGT,NL0 7,1,1398.0,43.6729395310492,5472.580873013153,1.275998747840363e6,7.650668060472388e6,85506.53181069877
46,NL0 7 nuclear,NL0 7,1,515.0,27.322803680981593,5472.580873013153,1.7021457600712704e6,2.818379149601774e6,84102.42124441595
46,NL0 7 waste,NL0 7,1,39.0,34.1135,5472.580873013153,87056.08781187763,213430.65404751297,5663.915471299604
46,NL0 8 CCGT,NL0 8,1,447.0,58.928107624263944,5472.580873013153,189520.23005298065,2.4462436502368795e6,8652.10430339909
46,NL0 8 biomass,NL0 8,1,36.0,19.979914529914527,5472.580873013153,163659.0839301714,197012.9114284735,6220.897319733022
46,NL0 8 waste,NL0 8,1,157.0,34.1135,5472.580873013153,350456.55862730194,859195.197063065,23727.122595091336
46,NL0 9 biomass,NL0 9,1,20.0,19.979914529914527,5472.580873013153,90921.71329453951,109451.61746026306,3420.0
46,NL0 0 0 solar,NL0 0,1,144.0,0.01,59329.06935292875,143777.1718136401,0.0,3495.7738491645578
46,NL0 1 0 solar,NL0 1,1,291.5,0.01,59329.06935292875,279083.88681448676,0.0,6948.705449759602
46,NL0 10 0 solar,NL0 10,1,120.1,0.01,59329.06935292875,123510.80794349074,0.0,3035.911304769089
46,NL0 11 0 solar,NL0 11,1,436.4,0.01,59329.06935292875,411901.3058784065,0.0,10306.481755249355
46,NL0 12 0 solar,NL0 12,1,203.1,0.01,5472.580873013153,191990.80544541523,0.0,4820.92251154439
46,NL0 13 0 solar,NL0 13,1,473.2,0.01,59329.06935292875,452951.73890675174,0.0,11187.121113824795
46,NL0 14 0 solar,NL0 14,1,85.3,0.01,59329.06935292875,84067.00358636606,0.0,2087.7663698282927
46,NL0 15 0 solar,NL0 15,1,369.4,0.01,59329.06935292875,346685.28503442707,0.0,8736.034836219216
46,NL0 16 0 solar,NL0 16,1,68.8,0.01,5472.580873013153,69599.92687591026,0.0,1691.4298225830848
46,NL0 17 0 solar,NL0 17,1,63.1,0.01,59329.06935292875,65394.03954021666,0.0,1589.8866005603036
46,NL0 18 0 solar,NL0 18,1,13.399999999999999,0.01,59329.06935292875,13705.304222902532,0.0,335.710111700008
46,NL0 19 0 solar,NL0 19,1,75.60000000000001,0.01,59329.06935292875,70863.94290967542,0.0,1815.0254919597055
46,NL0 2 0 solar,NL0 2,1,1109.1,0.01,59329.06935292875,1.0323424735205561e6,0.0,26402.661517956996
46,NL0 20 0 solar,NL0 20,1,331.2,0.01,5472.580873013153,320483.9317679877,0.0,7909.5604725700005
46,NL0 21 0 solar,NL0 21,1,40.5,0.01,59329.06935292875,41600.66565576048,0.0,1013.9430253950717
46,NL0 22 0 solar,NL0 22,1,263.3,0.01,59329.06935292875,260617.55609716478,0.0,6361.56546158242
46,NL0 23 0 solar,NL0 23,1,57.1,0.01,59329.06935292875,57564.46412102373,0.0,1403.2936270342718
46,NL0 24 0 solar,NL0 24,1,99.8,0.01,59329.06935292875,98258.96051930617,0.0,2393.4015185461817
46,NL0 25 0 solar,NL0 25,1,663.4,0.01,59329.06935292875,623417.0481376502,0.0,15835.542397299549
46,NL0 26 0 solar,NL0 26,1,156.2,0.01,59329.06935292875,154151.3282016009,0.0,3821.2856187503758
46,NL0 27 0 solar,NL0 27,1,103.1,0.01,59329.06935292875,107361.95522086935,0.0,2649.1257341788905
46,NL0 28 0 solar,NL0 28,1,105.3,0.01,59329.06935292875,100355.16709245981,0.0,2489.1644574964166
46,NL0 3 0 solar,NL0 3,1,84.5,0.01,59329.06935292875,85165.20527245209,0.0,2070.9188767275286
46,NL0 30 0 solar,NL0 30,1,3.6,0.01,59329.06935292875,3668.2574639459576,0.0,89.82355962877534
46,NL0 31 0 solar,NL0 31,1,44.8,0.01,59329.06935292875,42321.02586653224,0.0,1072.8423780802711
46,NL0 4 0 solar,NL0 4,1,142.8,0.01,59329.06935292875,136790.37822099504,0.0,3403.277910451907
46,NL0 5 0 solar,NL0 5,1,351.7,0.01,59329.06935292875,342365.7706028363,0.0,8409.128930464909
46,NL0 6 0 solar,NL0 6,1,260.3,0.01,59329.06935292875,262068.44217328122,0.0,6427.157527688587
46,NL0 7 0 solar,NL0 7,1,553.2,0.01,59329.06935292875,550871.4655114004,0.0,13445.138753780626
46,NL0 8 0 solar,NL0 8,1,79.5,0.01,59329.06935292875,79242.76000531408,0.0,1927.2751274433406
46,NL0 9 0 solar,NL0 9,1,299.5,0.01,5472.580873013153,289172.5962436978,0.0,7188.544634543878
46,NL0 20 0 offwind-ac,NL0 20,1,578.0,0.015,59329.06935292875,2.0897042570821068e6,0.0,59650.79597085986
46,NL0 27 0 offwind-ac,NL0 27,1,4583.0,0.015,59329.06935292875,1.8364927258024745e7,0.0,517595.07048146566
46,NL0 31 0 offwind-ac,NL0 31,1,600.0,0.015,59329.06935292875,2.3448754266029424e6,0.0,64471.10995494072
46,NL0 32 0 offwind-ac,NL0 32,1,608.0,0.015,59329.06935292875,2.5122772306798655e6,0.0,68818.4250439953
46,NL0 7 0 offwind-ac,NL0 7,1,752.0,0.015,59329.06935292875,3.1154508015855406e6,0.0,84794.19256763809
46,NL0 0 0 onwind,NL0 0,1,59.0,0.015,5472.580873013153,141581.73699949784,0.0,4423.345107547118
46,NL0 1 0 onwind,NL0 1,1,75.0,0.015,59329.06935292875,144987.22367251696,0.0,4592.56319817744
46,NL0 10 0 onwind,NL0 10,1,428.0,0.015,59329.06935292875,1.4291400869199412e6,0.0,42483.852391603
46,NL0 11 0 onwind,NL0 11,1,21.0,0.015,59329.06935292875,40420.12081248227,0.0,1305.9027932410302
46,NL0 12 0 onwind,NL0 12,1,54.0,0.015,59329.06935292875,157750.11158850274,0.0,4771.86859099142
46,NL0 13 0 onwind,NL0 13,1,23.0,0.015,59329.06935292875,48363.225696769005,0.0,1479.1917679206806
46,NL0 14 0 onwind,NL0 14,1,61.0,0.015,59329.06935292875,204206.8002025359,0.0,6098.66177756561
46,NL0 15 0 onwind,NL0 15,1,52.0,0.015,59329.06935292875,110981.05180824433,0.0,3503.5251690491687
46,NL0 17 0 onwind,NL0 17,1,27.0,0.015,5472.580873013153,77212.90743965164,0.0,2356.425423940956
46,NL0 19 0 onwind,NL0 19,1,532.0,0.015,5472.580873013153,1.3460316067230038e6,0.0,42297.35050948872
46,NL0 2 0 onwind,NL0 2,1,472.8,0.015,59329.06935292875,1.0549214371896542e6,0.0,33126.41004403859
46,NL0 20 0 onwind,NL0 20,1,822.2,0.015,59329.06935292875,2.2296443636200447e6,0.0,67933.49986129966
46,NL0 21 0 onwind,NL0 21,1,36.0,0.015,5472.580873013153,104484.76563321071,0.0,3105.373617148006
46,NL0 22 0 onwind,NL0 22,1,122.7,0.015,59329.06935292875,259097.50094449072,0.0,7871.283754511336
46,NL0 23 0 onwind,NL0 23,1,127.0,0.015,5472.580873013153,371375.7050556639,0.0,10729.563117402095
46,NL0 24 0 onwind,NL0 24,1,33.0,0.015,5472.580873013153,87218.32571815483,0.0,2656.0665668888405
46,NL0 27 0 onwind,NL0 27,1,21.6,0.015,59329.06935292875,74449.90450443185,0.0,2159.307880477167
46,NL0 3 0 onwind,NL0 3,1,284.6,0.015,59329.06935292875,734639.6276889532,0.0,22402.55847228765
46,NL0 30 0 onwind,NL0 30,1,31.0,0.015,59329.06935292875,89651.52416415488,0.0,2629.5744366623353
46,NL0 31 0 onwind,NL0 31,1,216.0,0.015,5472.580873013153,634984.0143862665,0.0,17994.654089238735
46,NL0 4 0 onwind,NL0 4,1,287.0,0.015,59329.06935292875,733311.6964016734,0.0,22511.362065414032
46,NL0 5 0 onwind,NL0 5,1,21.0,0.015,59329.06935292875,39673.869513893376,0.0,1199.3662561812846
46,NL0 6 0 onwind,NL0 6,1,35.0,0.015,59329.06935292875,65026.749012613116,0.0,1933.6712335292582
46,NL0 7 0 onwind,NL0 7,1,374.3,0.015,59329.06935292875,974864.6796991498,0.0,26284.90275584021
46,NL0 8 0 onwind,NL0 8,1,101.1,0.015,5472.580873013153,229603.3320273519,0.0,6767.6344301037825
46,NL0 9 0 onwind,NL0 9,1,35.0,0.015,59329.06935292875,64634.206735854954,0.0,2011.0011325288547
47,NL0 0 CCGT,NL0 0,1,575.0,43.272866666666665,5472.580873014651,540923.5908802454,3.146734001983424e6,57887.042453904374
47,NL0 1 biomass,NL0 1,1,71.0,19.979914529914527,5472.580873014651,322772.08219561534,388553.24198404024,12212.0
47,NL0 1 waste,NL0 1,1,31.0,34.1135,5472.580873014651,69198.42877354374,169650.0070634542,4619.0
47,NL0 10 CCGT,NL0 10,1,507.0,43.27286666666667,5472.580873014651,476953.4966544072,2.774598502618428e6,51508.924543113906
47,NL0 10 waste,NL0 10,1,150.0,34.1135,5472.580873014651,334831.10696876,820887.1309521976,21970.595915000755
47,NL0 11 CCGT,NL0 11,1,72.0,43.27286666666667,5472.580873014651,67733.0409450046,394025.8228570549,7128.0
47,NL0 11 biomass,NL0 11,1,20.0,19.979914529914527,5472.580873014651,90921.71329453954,109451.61746029303,3440.0
47,NL0 11 waste,NL0 11,1,50.0,34.1135,5472.580873014651,111610.36898958661,273629.04365073255,7516.734676243302
47,NL0 13 CCGT,NL0 13,1,50.0,43.27286666666667,5472.580873014651,47036.8339895865,273629.04365073255,4700.0
47,NL0 13 biomass,NL0 13,1,77.0,19.979914529914527,5472.580873014651,350048.59618397715,421388.72722212813,13170.758589916517
47,NL0 16 CCGT,NL0 16,1,268.0,43.27286666666667,5472.580873014651,252117.43018418376,1.4666516739679265e6,27872.0
47,NL0 17 CCGT,NL0 17,1,107.0,43.27286666666667,5472.580873014651,100658.82473771513,585566.1534125677,10134.257438827966
47,NL0 18 CCGT,NL0 18,1,112.0,43.27286666666667,5472.580873014651,105362.50813667385,612929.0577776409,11088.0
47,NL0 19 CCGT,NL0 19,1,523.0,53.04262929292929,5472.580873014651,286383.11750121164,2.8621597965866625e6,11442.174094047426
47,NL0 19 biomass,NL0 19,1,49.0,19.979914529914527,5472.580873014651,222758.1975716218,268156.4627777179,8428.0
47,NL0 19 waste,NL0 19,1,36.0,34.1135,5472.580873014651,80359.46567250243,197012.91142852744,5282.425582024817
47,NL0 2 CCGT,NL0 2,1,272.5,43.27286666666667,5472.580873014651,256350.74524324652,1.4912782878964923e6,28438.402363973626
47,NL0 21 CCGT,NL0 21,1,85.0,43.27286666666667,5472.580873014651,79962.61778229703,465169.37420624535,8361.818742358753
47,NL0 22 CCGT,NL0 22,1,100.0,43.27286666666667,5472.580873014651,94073.66797917304,547258.0873014651,10100.0
47,NL0 22 biomass,NL0 22,1,500.0,19.979914529914527,5472.580873014651,2.2730428323634895e6,2.7362904365073256e6,88273.71740471426
47,NL0 23 CCGT,NL0 23,1,964.0,43.8530553226903,5472.580873014651,870323.5031578835,5.275567961586123e6,47693.60984839019
47,NL0 24 CCGT,NL0 24,1,684.0,67.50263035262032,5472.580873014651,184434.5865851178,3.7432453171420214e6,10714.13175820283
47,NL0 25 waste,NL0 25,1,54.0,34.1135,5472.580873014651,120539.19850875357,295519.36714279116,7918.1644678972
47,NL0 27 CCGT,NL0 27,1,984.0,43.27286666666667,5472.580873014651,925684.892915063,5.385019579046416e6,100725.53578588211
47,NL0 27 biomass,NL0 27,1,22.0,19.979914529914527,5472.580873014651,100013.88462399354,120396.77920632232,3784.0
47,NL0 27 waste,NL0 27,1,71.2,34.1135,5472.580873014651,158933.16544117132,389647.75815864315,10608.80000000001
47,NL0 28 CCGT,NL0 28,1,144.0,43.27286666666667,5472.580873014651,135466.0818900092,788051.6457141098,13911.757675216139
47,NL0 3 CCGT,NL0 3,1,1907.0,51.41762846054192,5472.580873014651,1.1124058873594778e6,1.0436211724838939e7,58777.98064050984
47,NL0 3 biomass,NL0 3,1,22.0,19.979914529914527,5472.580873014651,100013.88462399354,120396.77920632232,3784.0
47,NL0 3 waste,NL0 3,1,108.0,34.1135,5472.580873014651,241078.39701750714,591038.7342855823,16311.596153594692
47,NL0 30 biomass,NL0 30,1,60.0,19.979914529914527,5472.580873014651,272765.13988361845,328354.85238087905,10320.0
47,NL0 31 CCGT,NL0 31,1,3341.0,85.4787109164719,5472.580873014651,1.3392389203804834e-9,1.828389269674195e7,23559.453978828948
47,NL0 5 CCGT,NL0 5,1,49.6,43.27286666666667,5472.580873014651,46660.53931766985,271440.0113015267,4667.453335576833
47,NL0 6 CCGT,NL0 6,1,1608.4,43.27286666666667,5472.580873014651,1.5130808757770194e6,8.802099076156765e6,162258.00863504887
47,NL0 7 CCGT,NL0 7,1,1398.0,43.6729395310492,5472.580873014651,1.2759987478403642e6,7.650668060474482e6,85506.53181069877
47,NL0 7 nuclear,NL0 7,1,515.0,27.322803680981593,5472.580873014651,1.7021457600712709e6,2.8183791496025454e6,84102.42124441595
47,NL0 7 waste,NL0 7,1,39.0,34.1135,5472.580873014651,87056.08781187766,213430.65404757138,5732.9557498415825
47,NL0 8 CCGT,NL0 8,1,447.0,58.928107624263944,5472.580873014651,189520.23005298068,2.446243650237549e6,8652.104303317305
47,NL0 8 biomass,NL0 8,1,36.0,19.979914529914527,5472.580873014651,163659.0839301714,197012.91142852744,6192.0
47,NL0 8 waste,NL0 8,1,157.0,34.1135,5472.580873014651,350456.5586273022,859195.1970633002,23469.232919011716
47,NL0 9 biomass,NL0 9,1,20.0,19.979914529914527,5472.580873014651,90921.71329453954,109451.61746029303,3420.0
47,NL0 0 0 solar,NL0 0,1,144.0,0.01,59329.06935292875,143777.17181364013,0.0,3495.7738491645578
47,NL0 1 0 solar,NL0 1,1,291.5,0.01,59329.06935292875,279083.88681448676,0.0,6948.705449759602
47,NL0 10 0 solar,NL0 10,1,120.1,0.01,59329.06935292875,123510.80794349077,0.0,3035.911304769089
47,NL0 11 0 solar,NL0 11,1,436.4,0.01,59329.06935292875,411901.3058784066,0.0,10306.481755249355
47,NL0 12 0 solar,NL0 12,1,203.1,0.01,59329.06935292875,191990.80544541526,0.0,4820.92251154439
47,NL0 13 0 solar,NL0 13,1,473.2,0.01,59329.06935292875,452951.73890675185,0.0,11187.121113824795
47,NL0 14 0 solar,NL0 14,1,85.3,0.01,59329.06935292875,84067.00358636606,0.0,2087.7663698282927
47,NL0 15 0 solar,NL0 15,1,369.4,0.01,59329.06935292875,346685.28503442707,0.0,8736.034836219216
47,NL0 16 0 solar,NL0 16,1,68.8,0.01,59329.06935292875,69599.92687591027,0.0,1691.4298225830848
47,NL0 17 0 solar,NL0 17,1,63.1,0.01,59329.06935292875,65394.039540216676,0.0,1589.8866005603036
47,NL0 18 0 solar,NL0 18,1,13.399999999999999,0.01,59329.06935292875,13705.304222902534,0.0,335.710111700008
47,NL0 19 0 solar,NL0 19,1,75.60000000000001,0.01,59329.06935292875,70863.94290967542,0.0,1815.0254919597055
47,NL0 2 0 solar,NL0 2,1,1109.1,0.01,59329.06935292875,1.0323424735205563e6,0.0,26402.661517956996
47,NL0 20 0 solar,NL0 20,1,331.2,0.01,59329.06935292875,320483.93176798784,0.0,7909.5604725700005
47,NL0 21 0 solar,NL0 21,1,40.5,0.01,59329.06935292875,41600.66565576048,0.0,1013.9430253950717
47,NL0 22 0 solar,NL0 22,1,263.3,0.01,59329.06935292875,260617.55609716478,0.0,6361.56546158242
47,NL0 23 0 solar,NL0 23,1,57.1,0.01,59329.06935292875,57564.46412102373,0.0,1403.2936270342718
47,NL0 24 0 solar,NL0 24,1,99.8,0.01,59329.06935292875,98258.96051930617,0.0,2393.4015185461817
47,NL0 25 0 solar,NL0 25,1,663.4,0.01,59329.06935292875,623417.0481376504,0.0,15835.542397299549
47,NL0 26 0 solar,NL0 26,1,156.2,0.01,59329.06935292875,154151.3282016009,0.0,3821.2856187503758
47,NL0 27 0 solar,NL0 27,1,103.1,0.01,59329.06935292875,107361.95522086936,0.0,2649.1257341788905
47,NL0 28 0 solar,NL0 28,1,105.3,0.01,59329.06935292875,100355.16709245981,0.0,2489.1644574964166
47,NL0 3 0 solar,NL0 3,1,84.5,0.01,59329.06935292875,85165.20527245209,0.0,2070.9188767275286
47,NL0 30 0 solar,NL0 30,1,3.6,0.01,59329.06935292875,3668.2574639459576,0.0,89.82355962877534
47,NL0 31 0 solar,NL0 31,1,44.8,0.01,59329.06935292875,42321.02586653225,0.0,1072.8423780802711
47,NL0 4 0 solar,NL0 4,1,142.8,0.01,59329.06935292875,136790.37822099504,0.0,3403.277910451907
47,NL0 5 0 solar,NL0 5,1,351.7,0.01,59329.06935292875,342365.77060283633,0.0,8409.128930464909
47,NL0 6 0 solar,NL0 6,1,260.3,0.01,59329.06935292875,262068.44217328125,0.0,6427.157527688587
47,NL0 7 0 solar,NL0 7,1,553.2,0.01,59329.06935292875,550871.4655114005,0.0,13445.138753780626
47,NL0 8 0 solar,NL0 8,1,79.5,0.01,59329.06935292875,79242.76000531408,0.0,1927.2751274433406
47,NL0 9 0 solar,NL0 9,1,299.5,0.01,59329.06935292875,289172.5962436978,0.0,7188.544634543878
47,NL0 20 0 offwind-ac,NL0 20,1,578.0,0.015,59329.06935292875,2.0897042570821068e6,0.0,54020.78697085987
47,NL0 27 0 offwind-ac,NL0 27,1,4583.0,0.015,59329.06935292875,1.836492725802475e7,0.0,509842.23978707055
47,NL0 31 0 offwind-ac,NL0 31,1,600.0,0.015,59329.06935292875,2.344875426602943e6,0.0,65002.40995494072
47,NL0 32 0 offwind-ac,NL0 32,1,608.0,0.015,59329.06935292875,2.512277230679866e6,0.0,70162.48686909239
47,NL0 7 0 offwind-ac,NL0 7,1,752.0,0.015,59329.06935292875,3.115450801585541e6,0.0,85460.08856763809
47,NL0 0 0 onwind,NL0 0,1,59.0,0.015,59329.06935292875,141581.73699949784,0.0,4423.345107547118
47,NL0 1 0 onwind,NL0 1,1,75.0,0.015,59329.06935292875,144987.22367251702,0.0,4517.658299818789
47,NL0 10 0 onwind,NL0 10,1,428.0,0.015,59329.06935292875,1.4291400869199412e6,0.0,42899.58939304398
47,NL0 11 0 onwind,NL0 11,1,21.0,0.015,59329.06935292875,40420.12081248227,0.0,1321.2105832325692
47,NL0 12 0 onwind,NL0 12,1,54.0,0.015,59329.06935292875,157750.11158850274,0.0,4771.910600543067
47,NL0 13 0 onwind,NL0 13,1,23.0,0.015,59329.06935292875,48363.22569676901,0.0,1555.622069077163
47,NL0 14 0 onwind,NL0 14,1,61.0,0.015,59329.06935292875,204206.8002025359,0.0,5976.66177756561
47,NL0 15 0 onwind,NL0 15,1,52.0,0.015,59329.06935292875,110981.05180824433,0.0,3566.2068649493503
47,NL0 17 0 onwind,NL0 17,1,27.0,0.015,59329.06935292875,77212.90743965164,0.0,2303.0576664619116
47,NL0 19 0 onwind,NL0 19,1,532.0,0.015,59329.06935292875,1.3460316067230038e6,0.0,42486.97601131978
47,NL0 2 0 onwind,NL0 2,1,472.8,0.015,59329.06935292875,1.0549214371896544e6,0.0,34337.746806742805
47,NL0 20 0 onwind,NL0 20,1,822.2,0.015,59329.06935292875,2.2296443636200447e6,0.0,69336.60955946345
47,NL0 21 0 onwind,NL0 21,1,36.0,0.015,59329.06935292875,104484.76563321071,0.0,3141.3564070712346
47,NL0 22 0 onwind,NL0 22,1,122.7,0.015,59329.06935292875,259097.50094449072,0.0,8070.768412036254
47,NL0 23 0 onwind,NL0 23,1,127.0,0.015,59329.06935292875,371375.7050556639,0.0,11093.175682684092
47,NL0 24 0 onwind,NL0 24,1,33.0,0.015,59329.06935292875,87218.32571815485,0.0,2728.3354574730815
47,NL0 27 0 onwind,NL0 27,1,21.6,0.015,59329.06935292875,74449.90450443185,0.0,2116.1078773654226
47,NL0 3 0 onwind,NL0 3,1,284.6,0.015,59329.06935292875,734639.6276889532,0.0,22726.28265135161
47,NL0 30 0 onwind,NL0 30,1,31.0,0.015,59329.06935292875,89651.52416415488,0.0,2692.1132215717694
47,NL0 31 0 onwind,NL0 31,1,216.0,0.015,59329.06935292875,634984.0143862665,0.0,19369.54699704878
47,NL0 4 0 onwind,NL0 4,1,287.0,0.015,59329.06935292875,733311.6964016735,0.0,23084.587646299056
47,NL0 5 0 onwind,NL0 5,1,21.0,0.015,59329.06935292875,39673.869513893376,0.0,1296.2039909648804
47,NL0 6 0 onwind,NL0 6,1,35.0,0.015,59329.06935292875,65026.749012613116,0.0,2126.9213407013876
47,NL0 7 0 onwind,NL0 7,1,374.3,0.015,59329.06935292875,974864.6796991499,0.0,30159.0744295002
47,NL0 8 0 onwind,NL0 8,1,101.1,0.015,59329.06935292875,229603.33202735192,0.0,7323.460787945647
47,NL0 9 0 onwind,NL0 9,1,35.0,0.015,59329.06935292875,64634.206735854954,0.0,2045.9686705959102
48,NL0 0 CCGT,NL0 0,1,575.0,43.272866666666665,5472.580873014544,540923.5908802467,3.1467340019833627e6,61478.37374775073
48,NL0 1 biomass,NL0 1,1,71.0,19.979914529914527,5472.580873014544,322772.08219561557,388553.2419840326,12212.0
48,NL0 1 waste,NL0 1,1,31.0,34.1135,5472.580873014544,69198.42877354384,169650.00706345084,4604.431434855493
48,NL0 10 CCGT,NL0 10,1,507.0,43.27286666666667,5472.580873014544,476953.4966544085,2.774598502618374e6,50789.67934822186
48,NL0 10 waste,NL0 10,1,150.0,34.1135,5472.580873014544,334831.10696876043,820887.1309521815,22350.0
48,NL0 11 CCGT,NL0 11,1,72.0,43.27286666666667,5472.580873014544,67733.04094500477,394025.82285704714,6992.020180096679
48,NL0 11 biomass,NL0 11,1,20.0,19.979914529914527,5472.580873014544,90921.71329453959,109451.61746029087,3420.0
48,NL0 11 waste,NL0 11,1,50.0,34.1135,5472.580873014544,111610.36898958674,273629.0436507272,7520.7082861502
48,NL0 13 CCGT,NL0 13,1,50.0,43.27286666666667,5472.580873014544,47036.83398958665,273629.0436507272,4728.968428060203
48,NL0 13 biomass,NL0 13,1,77.0,19.979914529914527,5472.580873014544,350048.59618397744,421388.72722211987,13244.0
48,NL0 16 CCGT,NL0 16,1,268.0,43.27286666666667,5472.580873014544,252117.43018418452,1.4666516739678977e6,26805.633054567777
48,NL0 17 CCGT,NL0 17,1,107.0,43.27286666666667,5472.580873014544,100658.82473771535,585566.1534125562,10131.846529799805
48,NL0 18 CCGT,NL0 18,1,112.0,43.27286666666667,5472.580873014544,105362.5081366741,612929.0577776289,10723.92690708753
48,NL0 19 CCGT,NL0 19,1,523.0,53.04262929292929,5472.580873014544,286383.1175012133,2.862159796586606e6,11442.174094047426
48,NL0 19 biomass,NL0 19,1,49.0,19.979914529914527,5472.580873014544,222758.19757162197,268156.4627777126,8428.0
48,NL0 19 waste,NL0 19,1,36.0,34.1135,5472.580873014544,80359.46567250254,197012.91142852357,5294.462854575771
48,NL0 2 CCGT,NL0 2,1,272.5,43.27286666666667,5472.580873014544,256350.7452432473,1.4912782878964632e6,27855.568863257962
48,NL0 21 CCGT,NL0 21,1,85.0,43.27286666666667,5472.580873014544,79962.61778229731,465169.3742062362,8582.056741077477
48,NL0 22 CCGT,NL0 22,1,100.0,43.27286666666667,5472.580873014544,94073.66797917329,547258.0873014544,9700.0
48,NL0 22 biomass,NL0 22,1,500.0,19.979914529914527,5472.580873014544,2.273042832363491e6,2.7362904365072716e6,88273.71740471417
48,NL0 23 CCGT,NL0 23,1,964.0,43.8530553226903,5472.580873014544,870323.5031578861,5.27556796158602e6,47693.60984839019
48,NL0 24 CCGT,NL0 24,1,684.0,67.50263035262032,5472.580873014544,184434.58658511768,3.743245317141948e6,10714.131758212945
48,NL0 25 waste,NL0 25,1,54.0,34.1135,5472.580873014544,120539.19850875367,295519.36714278534,8053.796969667766
48,NL0 27 CCGT,NL0 27,1,984.0,43.27286666666667,5472.580873014544,925684.8929150655,5.385019579046311e6,100389.85033436793
48,NL0 27 biomass,NL0 27,1,22.0,19.979914529914527,5472.580873014544,100013.88462399361,120396.77920631996,3784.0
48,NL0 27 waste,NL0 27,1,71.2,34.1135,5472.580873014544,158933.16544117153,389647.7581586355,10640.80133657339
48,NL0 28 CCGT,NL0 28,1,144.0,43.27286666666667,5472.580873014544,135466.08189000963,788051.6457140943,14789.98650324137
48,NL0 3 CCGT,NL0 3,1,1907.0,51.41762846054192,5472.580873014544,1.1124058873594834e6,1.0436211724838736e7,58777.98064162913
48,NL0 3 biomass,NL0 3,1,22.0,19.979914529914527,5472.580873014544,100013.88462399361,120396.77920631996,3784.0
48,NL0 3 waste,NL0 3,1,108.0,34.1135,5472.580873014544,241078.39701750735,591038.7342855707,15915.364181338153
48,NL0 30 biomass,NL0 30,1,60.0,19.979914529914527,5472.580873014544,272765.1398836186,328354.8523808726,10320.0
48,NL0 31 CCGT,NL0 31,1,3341.0,85.4787109164719,5472.580873014544,7.349436747257169e-10,1.828389269674159e7,23559.453979495833
48,NL0 5 CCGT,NL0 5,1,49.6,43.27286666666667,5472.580873014544,46660.53931766999,271440.0113015214,4761.599999999999
48,NL0 6 CCGT,NL0 6,1,1608.4,43.27286666666667,5472.580873014544,1.5130808757770238e6,8.802099076156592e6,161051.69033637285
48,NL0 7 CCGT,NL0 7,1,1398.0,43.6729395310492,5472.580873014544,1.2759987478403682e6,7.650668060474332e6,85506.53181069877
48,NL0 7 nuclear,NL0 7,1,515.0,27.322803680981593,5472.580873014544,1.7021457600712725e6,2.81837914960249e6,84102.42124441595
48,NL0 7 waste,NL0 7,1,39.0,34.1135,5472.580873014544,87056.08781187778,213430.6540475672,5772.0
48,NL0 8 CCGT,NL0 8,1,447.0,58.928107624263944,5472.580873014544,189520.23005298054,2.446243650237501e6,8652.104303422484
48,NL0 8 biomass,NL0 8,1,36.0,19.979914529914527,5472.580873014544,163659.0839301715,197012.91142852357,6156.0
48,NL0 8 waste,NL0 8,1,157.0,34.1135,5472.580873014544,350456.55862730264,859195.1970632833,23277.940400453244
48,NL0 9 biomass,NL0 9,1,20.0,19.979914529914527,5472.580873014544,90921.71329453959,109451.61746029087,3402.7585899165165
48,NL0 0 0 solar,NL0 0,1,144.0,0.01,59329.06935292875,143777.17181364013,0.0,3495.7738491645578
48,NL0 1 0 solar,NL0 1,1,291.5,0.01,59329.06935292875,279083.8868144868,0.0,6948.705449759602
48,NL0 10 0 solar,NL0 10,1,120.1,0.01,59329.06935292875,123510.80794349076,0.0,3035.911304769089
48,NL0 11 0 solar,NL0 11,1,436.4,0.01,59329.06935292875,411901.30587840657,0.0,10306.481755249355
48,NL0 12 0 solar,NL0 12,1,203.1,0.01,59329.06935292875,191990.8054454153,0.0,4820.92251154439
48,NL0 13 0 solar,NL0 13,1,473.2,0.01,59329.06935292875,452951.73890675185,0.0,11187.121113824795
48,NL0 14 0 solar,NL0 14,1,85.3,0.01,59329.06935292875,84067.00358636609,0.0,2087.7663698282927
48,NL0 15 0 solar,NL0 15,1,369.4,0.01,59329.06935292875,346685.2850344271,0.0,8736.034836219216
48,NL0 16 0 solar,NL0 16,1,68.8,0.01,59329.06935292875,69599.92687591026,0.0,1691.4298225830848
48,NL0 17 0 solar,NL0 17,1,63.1,0.01,59329.06935292875,65394.039540216676,0.0,1589.8866005603036
48,NL0 18 0 solar,NL0 18,1,13.399999999999999,0.01,59329.06935292875,13705.304222902536,0.0,335.710111700008
48,NL0 19 0 solar,NL0 19,1,75.60000000000001,0.01,59329.06935292875,70863.94290967545,0.0,1815.0254919597055
48,NL0 2 0 solar,NL0 2,1,1109.1,0.01,59329.06935292875,1.0323424735205566e6,0.0,26402.661517956996
48,NL0 20 0 solar,NL0 20,1,331.2,0.01,59329.06935292875,320483.9317679878,0.0,7909.5604725700005
48,NL0 21 0 solar,NL0 21,1,40.5,0.01,59329.06935292875,41600.66565576048,0.0,1013.9430253950717
48,NL0 22 0 solar,NL0 22,1,263.3,0.01,59329.06935292875,260617.55609716478,0.0,6361.56546158242
48,NL0 23 0 solar,NL0 23,1,57.1,0.01,59329.06935292875,57564.464121023746,0.0,1403.2936270342718
48,NL0 24 0 solar,NL0 24,1,99.8,0.01,59329.06935292875,98258.9605193062,0.0,2393.4015185461817
48,NL0 25 0 solar,NL0 25,1,663.4,0.01,59329.06935292875,623417.0481376505,0.0,15835.542397299549
48,NL0 26 0 solar,NL0 26,1,156.2,0.01,59329.06935292875,154151.32820160093,0.0,3821.2856187503758
48,NL0 27 0 solar,NL0 27,1,103.1,0.01,59329.06935292875,107361.95522086938,0.0,2649.1257341788905
48,NL0 28 0 solar,NL0 28,1,105.3,0.01,59329.06935292875,100355.16709245984,0.0,2489.1644574964166
48,NL0 3 0 solar,NL0 3,1,84.5,0.01,59329.06935292875,85165.20527245209,0.0,2070.9188767275286
48,NL0 30 0 solar,NL0 30,1,3.6,0.01,59329.06935292875,3668.2574639459576,0.0,89.82355962877534
48,NL0 31 0 solar,NL0 31,1,44.8,0.01,59329.06935292875,42321.025866532254,0.0,1072.8423780802711
48,NL0 4 0 solar,NL0 4,1,142.8,0.01,59329.06935292875,136790.37822099507,0.0,3403.277910451907
48,NL0 5 0 solar,NL0 5,1,351.7,0.01,59329.06935292875,342365.77060283633,0.0,8409.128930464909
48,NL0 6 0 solar,NL0 6,1,260.3,0.01,59329.06935292875,262068.4421732813,0.0,6427.157527688587
48,NL0 7 0 solar,NL0 7,1,553.2,0.01,59329.06935292875,550871.4655114005,0.0,13445.138753780626
48,NL0 8 0 solar,NL0 8,1,79.5,0.01,59329.06935292875,79242.76000531409,0.0,1927.2751274433406
48,NL0 9 0 solar,NL0 9,1,299.5,0.01,59329.06935292875,289172.59624369786,0.0,7188.544634543878
48,NL0 20 0 offwind-ac,NL0 20,1,578.0,0.015,59329.06935292875,2.0897042570821072e6,0.0,59650.79597085986
48,NL0 27 0 offwind-ac,NL0 27,1,4583.0,0.015,59329.06935292875,1.8364927258024745e7,0.0,514919.4106228319
48,NL0 31 0 offwind-ac,NL0 31,1,600.0,0.015,59329.06935292875,2.3448754266029433e6,0.0,65002.40995494072
48,NL0 32 0 offwind-ac,NL0 32,1,608.0,0.015,59329.06935292875,2.5122772306798655e6,0.0,69419.27736726134
48,NL0 7 0 offwind-ac,NL0 7,1,752.0,0.015,59329.06935292875,3.1154508015855406e6,0.0,84846.43152402354
48,NL0 0 0 onwind,NL0 0,1,59.0,0.015,59329.06935292875,141581.73699949787,0.0,4202.38897463889
48,NL0 1 0 onwind,NL0 1,1,75.0,0.015,59329.06935292875,144987.223672517,0.0,4499.808721473446
48,NL0 10 0 onwind,NL0 10,1,428.0,0.015,59329.06935292875,1.4291400869199415e6,0.0,42899.58939304398
48,NL0 11 0 onwind,NL0 11,1,21.0,0.015,59329.06935292875,40420.12081248229,0.0,1272.2922864258633
48,NL0 12 0 onwind,NL0 12,1,54.0,0.015,59329.06935292875,157750.11158850277,0.0,4663.94297486584
48,NL0 13 0 onwind,NL0 13,1,23.0,0.015,59329.06935292875,48363.22569676901,0.0,1532.6220690771631
48,NL0 14 0 onwind,NL0 14,1,61.0,0.015,59329.06935292875,204206.80020253596,0.0,5854.66177756561
48,NL0 15 0 onwind,NL0 15,1,52.0,0.015,59329.06935292875,110981.05180515125,0.0,3522.5111401530703
48,NL0 17 0 onwind,NL0 17,1,27.0,0.015,59329.06935292875,77212.90743965164,0.0,2248.6916850921257
48,NL0 19 0 onwind,NL0 19,1,532.0,0.015,59329.06935292875,1.346031606723004e6,0.0,41429.691909126195
48,NL0 2 0 onwind,NL0 2,1,472.8,0.015,59329.06935292875,1.0549214371896544e6,0.0,32944.81142635297
48,NL0 20 0 onwind,NL0 20,1,822.2,0.015,59329.06935292875,2.229644363620045e6,0.0,67692.21435652
48,NL0 21 0 onwind,NL0 21,1,36.0,0.015,59329.06935292875,104484.76563321073,0.0,3141.3564070712346
48,NL0 22 0 onwind,NL0 22,1,122.7,0.015,59329.06935292875,259097.50094449072,0.0,7856.323206748514
48,NL0 23 0 onwind,NL0 23,1,127.0,0.015,59329.06935292875,371375.7050556639,0.0,10958.599634892387
48,NL0 24 0 onwind,NL0 24,1,33.0,0.015,59329.06935292875,87218.32571815484,0.0,2629.424100086063
48,NL0 27 0 onwind,NL0 27,1,21.6,0.015,59329.06935292875,74449.90450443186,0.0,2072.907877365423
48,NL0 3 0 onwind,NL0 3,1,284.6,0.015,59329.06935292875,734639.6276889532,0.0,22090.282304742756
48,NL0 30 0 onwind,NL0 30,1,31.0,0.015,59329.06935292875,89651.5241641549,0.0,2629.5744366623353
48,NL0 31 0 onwind,NL0 31,1,216.0,0.015,59329.06935292875,634984.0143862666,0.0,18431.157978161646
48,NL0 4 0 onwind,NL0 4,1,287.0,0.015,59329.06935292875,733311.6964016736,0.0,21962.538081413943
48,NL0 5 0 onwind,NL0 5,1,21.0,0.015,59329.06935292875,39673.869513893376,0.0,1246.8798464524707
48,NL0 6 0 onwind,NL0 6,1,35.0,0.015,59329.06935292875,65026.74901261312,0.0,2031.159475853417
48,NL0 7 0 onwind,NL0 7,1,374.3,0.015,59329.06935292875,974864.6796991499,0.0,29405.656061307094
48,NL0 8 0 onwind,NL0 8,1,101.1,0.015,59329.06935292875,229603.3320273519,0.0,7003.262823753994
48,NL0 9 0 onwind,NL0 9,1,35.0,0.015,59329.06935292875,64634.20673585497,0.0,1897.8360731420148
49,NL0 0 CCGT,NL0 0,1,575.0,43.272866666666665,5472.580872925094,540923.590880245,3.146734001931929e6,59427.7871440697
49,NL0 1 biomass,NL0 1,1,71.0,19.979914529914527,5472.580872925094,322772.0821956153,388553.24197768164,12283.0
49,NL0 1 waste,NL0 1,1,31.0,34.1135,5472.580872925094,69198.42877354372,169650.00706067792,4588.915471299604
49,NL0 10 CCGT,NL0 10,1,507.0,43.27286666666667,5472.580872925094,476953.4966544068,2.7745985025730226e6,49809.47745219027
49,NL0 10 waste,NL0 10,1,150.0,34.1135,5472.580872925094,334831.10696875997,820887.1309387641,22595.983380073474
49,NL0 11 CCGT,NL0 11,1,72.0,43.27286666666667,5472.580872925094,67733.04094500456,394025.82285060675,7317.85101468275
49,NL0 11 biomass,NL0 11,1,20.0,19.979914529914527,5472.580872925094,90921.71329453951,109451.61745850187,3460.0
49,NL0 11 waste,NL0 11,1,50.0,34.1135,5472.580872925094,111610.36898958655,273629.0436462547,7529.7082861502
49,NL0 13 CCGT,NL0 13,1,50.0,43.27286666666667,5472.580872925094,47036.83398958649,273629.0436462547,5250.0
49,NL0 13 biomass,NL0 13,1,77.0,19.979914529914527,5472.580872925094,350048.59618397715,421388.7272152322,13247.758589916517
49,NL0 16 CCGT,NL0 16,1,268.0,43.27286666666667,5472.580872925094,252117.43018418347,1.4666516739439252e6,27039.816915227264
49,NL0 17 CCGT,NL0 17,1,107.0,43.27286666666667,5472.580872925094,100658.82473771505,585566.1534029851,11052.668863257964
49,NL0 18 CCGT,NL0 18,1,112.0,43.27286666666667,5472.580872925094,105362.50813667371,612929.0577676105,11249.700368540867
49,NL0 19 CCGT,NL0 19,1,523.0,53.04262929292929,5472.580872925094,286383.1175012115,2.862159796539824e6,11442.174094047421
49,NL0 19 biomass,NL0 19,1,49.0,19.979914529914527,5472.580872925094,222758.1975716218,268156.4627733296,8428.0
49,NL0 19 waste,NL0 19,1,36.0,34.1135,5472.580872925094,80359.46567250243,197012.91142530338,5278.248996597596
49,NL0 2 CCGT,NL0 2,1,272.5,43.27286666666667,5472.580872925094,256350.74524324643,1.4912782878720881e6,27765.453335576833
49,NL0 21 CCGT,NL0 21,1,85.0,43.27286666666667,5472.580872925094,79962.61778229699,465169.37419863296,8585.0
49,NL0 22 CCGT,NL0 22,1,100.0,43.27286666666667,5472.580872925094,94073.66797917293,547258.0872925094,10040.775483436231
49,NL0 22 biomass,NL0 22,1,500.0,19.979914529914527,5472.580872925094,2.273042832363489e6,2.736290436462547e6,88194.82008498111
49,NL0 23 CCGT,NL0 23,1,964.0,43.8530553226903,5472.580872925094,870323.5031578825,5.275567961499791e6,47693.60984839019
49,NL0 24 CCGT,NL0 24,1,684.0,67.50263035262032,5472.580872925094,184434.58658511768,3.743245317080764e6,10714.131758202951
49,NL0 25 waste,NL0 25,1,54.0,34.1135,5472.580872925094,120539.1985087535,295519.3671379551,8020.734676243303
49,NL0 27 CCGT,NL0 27,1,984.0,43.27286666666667,5472.580872925094,925684.8929150618,5.3850195789582925e6,93195.0405289736
49,NL0 27 biomass,NL0 27,1,22.0,19.979914529914527,5472.580872925094,100013.88462399352,120396.77920435206,3784.0
49,NL0 27 waste,NL0 27,1,71.2,34.1135,5472.580872925094,158933.1654411713,389647.7581522667,10730.625582024828
49,NL0 28 CCGT,NL0 28,1,144.0,43.27286666666667,5472.580872925094,135466.0818900091,788051.6457012135,14458.753019056418
49,NL0 3 CCGT,NL0 3,1,1907.0,51.41762846054192,5472.580872925094,1.1124058873594762e6,1.0436211724668154e7,58777.980640510366
49,NL0 3 biomass,NL0 3,1,22.0,19.979914529914527,5472.580872925094,100013.88462399352,120396.77920435206,3762.0
49,NL0 3 waste,NL0 3,1,108.0,34.1135,5472.580872925094,241078.397017507,591038.7342759102,15839.633128160647
49,NL0 30 biomass,NL0 30,1,60.0,19.979914529914527,5472.580872925094,272765.1398836184,328354.8523755056,10260.0
49,NL0 31 CCGT,NL0 31,1,3341.0,85.4787109164719,5472.580872925094,8.169757987421048e-10,1.828389269644274e7,23559.453978829184
49,NL0 5 CCGT,NL0 5,1,49.6,43.27286666666667,5472.580872925094,46660.53931766979,271440.0112970847,4944.472599302492
49,NL0 6 CCGT,NL0 6,1,1608.4,43.27286666666667,5472.580872925094,1.513080875777018e6,8.802099076012721e6,168644.40424958826
49,NL0 7 CCGT,NL0 7,1,1398.0,43.6729395310492,5472.580872925094,1.275998747840363e6,7.650668060349281e6,85506.53181069877
49,NL0 7 nuclear,NL0 7,1,515.0,27.322803680981593,5472.580872925094,1.7021457600712709e6,2.8183791495564235e6,84102.42124441595
49,NL0 7 waste,NL0 7,1,39.0,34.1135,5472.580872925094,87056.08781187763,213430.65404407866,5733.0
49,NL0 8 CCGT,NL0 8,1,447.0,58.928107624263944,5472.580872925094,189520.23005298054,2.446243650197517e6,8652.104303317321
49,NL0 8 biomass,NL0 8,1,36.0,19.979914529914527,5472.580872925094,163659.0839301714,197012.91142530338,6184.897319733022
49,NL0 8 waste,NL0 8,1,157.0,34.1135,5472.580872925094,350456.55862730206,859195.1970492398,23112.655943064572
49,NL0 9 biomass,NL0 9,1,20.0,19.979914529914527,5472.580872925094,90921.71329453951,109451.61745850187,3420.0
49,NL0 0 0 solar,NL0 0,1,144.0,0.01,59329.06935292875,143777.17181364013,0.0,3495.7738491645578
49,NL0 1 0 solar,NL0 1,1,291.5,0.01,59329.06935292875,279083.88681448676,0.0,6948.705449759602
49,NL0 10 0 solar,NL0 10,1,120.1,0.01,59329.06935292875,123510.80794349074,0.0,3035.911304769089
49,NL0 11 0 solar,NL0 11,1,436.4,0.01,59329.06935292875,411901.30587840657,0.0,10306.481755249355
49,NL0 12 0 solar,NL0 12,1,203.1,0.01,59329.06935292875,191990.80544541526,0.0,4820.92251154439
49,NL0 13 0 solar,NL0 13,1,473.2,0.01,5472.580872925078,452951.73890675174,0.0,11187.121113824795
49,NL0 14 0 solar,NL0 14,1,85.3,0.01,59329.06935292875,84067.00358636606,0.0,2087.7663698282927
49,NL0 15 0 solar,NL0 15,1,369.4,0.01,59329.06935292875,346685.28503442707,0.0,8736.034836219216
49,NL0 16 0 solar,NL0 16,1,68.8,0.01,59329.06935292875,69599.92687591027,0.0,1691.4298225830848
49,NL0 17 0 solar,NL0 17,1,63.1,0.01,59329.06935292875,65394.03954021667,0.0,1589.8866005603036
49,NL0 18 0 solar,NL0 18,1,13.399999999999999,0.01,59329.06935292875,13705.304222902532,0.0,335.710111700008
49,NL0 19 0 solar,NL0 19,1,75.60000000000001,0.01,59329.06935292875,70863.94290967542,0.0,1815.0254919597055
49,NL0 2 0 solar,NL0 2,1,1109.1,0.01,59329.06935292875,1.0323424735205562e6,0.0,26402.661517956996
49,NL0 20 0 solar,NL0 20,1,331.2,0.01,59329.06935292875,320483.9317679877,0.0,7909.5604725700005
49,NL0 21 0 solar,NL0 21,1,40.5,0.01,59329.06935292875,41600.66565576048,0.0,1013.9430253950717
49,NL0 22 0 solar,NL0 22,1,263.3,0.01,59329.06935292875,260617.55609716478,0.0,6361.56546158242
49,NL0 23 0 solar,NL0 23,1,57.1,0.01,59329.06935292875,57564.46412102373,0.0,1403.2936270342718
49,NL0 24 0 solar,NL0 24,1,99.8,0.01,59329.06935292875,98258.96051930617,0.0,2393.4015185461817
49,NL0 25 0 solar,NL0 25,1,663.4,0.01,59329.06935292875,623417.0481376504,0.0,15835.542397299549
49,NL0 26 0 solar,NL0 26,1,156.2,0.01,59329.06935292875,154151.3282016009,0.0,3821.2856187503758
49,NL0 27 0 solar,NL0 27,1,103.1,0.01,59329.06935292875,107361.95522086936,0.0,2649.1257341788905
49,NL0 28 0 solar,NL0 28,1,105.3,0.01,5472.580872925078,100355.16709245981,0.0,2489.1644574964166
49,NL0 3 0 solar,NL0 3,1,84.5,0.01,59329.06935292875,85165.20527245209,0.0,2070.9188767275286
49,NL0 30 0 solar,NL0 30,1,3.6,0.01,5472.580872925078,3668.2574639459576,0.0,89.82355962877534
49,NL0 31 0 solar,NL0 31,1,44.8,0.01,59329.06935292875,42321.02586653224,0.0,1072.8423780802711
49,NL0 4 0 solar,NL0 4,1,142.8,0.01,59329.06935292875,136790.37822099504,0.0,3403.277910451907
49,NL0 5 0 solar,NL0 5,1,351.7,0.01,59329.06935292875,342365.77060283633,0.0,8409.128930464909
49,NL0 6 0 solar,NL0 6,1,260.3,0.01,59329.06935292875,262068.44217328122,0.0,6427.157527688587
49,NL0 7 0 solar,NL0 7,1,553.2,0.01,5472.580872925078,550871.4655114005,0.0,13445.138753780626
49,NL0 8 0 solar,NL0 8,1,79.5,0.01,59329.06935292875,79242.76000531408,0.0,1927.2751274433406
49,NL0 9 0 solar,NL0 9,1,299.5,0.01,59329.06935292875,289172.5962436978,0.0,7188.544634543878
49,NL0 20 0 offwind-ac,NL0 20,1,578.0,0.015,59329.06935292875,2.0897042570821068e6,0.0,56579.881970859875
49,NL0 27 0 offwind-ac,NL0 27,1,4583.0,0.015,59329.06935292875,1.8364927258024745e7,0.0,513157.18344053027
49,NL0 31 0 offwind-ac,NL0 31,1,600.0,0.015,59329.06935292875,2.3448754266029424e6,0.0,65533.70995494073
49,NL0 32 0 offwind-ac,NL0 32,1,608.0,0.015,5472.580872925078,2.5122772306798655e6,0.0,69624.1028690924
49,NL0 7 0 offwind-ac,NL0 7,1,752.0,0.015,5472.580872925078,3.1154508015855406e6,0.0,86125.98456763808
49,NL0 0 0 onwind,NL0 0,1,59.0,0.015,59329.06935292875,141581.73699949784,0.0,4482.345107547118
49,NL0 1 0 onwind,NL0 1,1,75.0,0.015,59329.06935292875,144987.223672517,0.0,4667.56319817744
49,NL0 10 0 onwind,NL0 10,1,428.0,0.015,59329.06935292875,1.4291400869199412e6,0.0,42899.58939304398
49,NL0 11 0 onwind,NL0 11,1,21.0,0.015,5472.580872925078,40420.12081248227,0.0,1335.20493202581
49,NL0 12 0 onwind,NL0 12,1,54.0,0.015,59329.06935292875,157750.11158850274,0.0,4780.584752349071
49,NL0 13 0 onwind,NL0 13,1,23.0,0.015,59329.06935292875,48363.225696769005,0.0,1555.622069077163
49,NL0 14 0 onwind,NL0 14,1,61.0,0.015,59329.06935292875,204206.8002025359,0.0,6098.66177756561
49,NL0 15 0 onwind,NL0 15,1,52.0,0.015,5472.580872925078,110981.05180824433,0.0,3607.5251690491696
49,NL0 17 0 onwind,NL0 17,1,27.0,0.015,59329.06935292875,77212.90743965164,0.0,2329.425423940956
49,NL0 19 0 onwind,NL0 19,1,532.0,0.015,59329.06935292875,1.3460316067230038e6,0.0,42486.97601131978
49,NL0 2 0 onwind,NL0 2,1,472.8,0.015,59329.06935292875,1.0549214371896542e6,0.0,33882.00351157511
49,NL0 20 0 onwind,NL0 20,1,822.2,0.015,59329.06935292875,2.2296443636200447e6,0.0,69336.60955946345
49,NL0 21 0 onwind,NL0 21,1,36.0,0.015,59329.06935292875,104484.76563321071,0.0,3213.115111693349
49,NL0 22 0 onwind,NL0 22,1,122.7,0.015,5472.580872925078,259097.50094449072,0.0,8070.783345565717
49,NL0 23 0 onwind,NL0 23,1,127.0,0.015,59329.06935292875,371375.7050556639,0.0,11085.523922297045
49,NL0 24 0 onwind,NL0 24,1,33.0,0.015,59329.06935292875,87218.32571815484,0.0,2662.3354574730824
49,NL0 27 0 onwind,NL0 27,1,21.6,0.015,59329.06935292875,74449.90450443185,0.0,2137.7045521535388
49,NL0 3 0 onwind,NL0 3,1,284.6,0.015,5472.580872925078,734639.6276889532,0.0,21305.16939818014
49,NL0 30 0 onwind,NL0 30,1,31.0,0.015,59329.06935292875,89651.52416415488,0.0,2569.967121858583
49,NL0 31 0 onwind,NL0 31,1,216.0,0.015,59329.06935292875,634984.0143862665,0.0,17857.546997048783
49,NL0 4 0 onwind,NL0 4,1,287.0,0.015,59329.06935292875,733311.6964016734,0.0,21364.157481798273
49,NL0 5 0 onwind,NL0 5,1,21.0,0.015,59329.06935292875,39673.869513893376,0.0,1200.8184987943032
49,NL0 6 0 onwind,NL0 6,1,35.0,0.015,59329.06935292875,65026.749012613116,0.0,1951.4280986223396
49,NL0 7 0 onwind,NL0 7,1,374.3,0.015,59329.06935292875,974864.6796991499,0.0,29043.241587325007
49,NL0 8 0 onwind,NL0 8,1,101.1,0.015,5472.580872925078,229603.3320273519,0.0,7002.9643332059895
49,NL0 9 0 onwind,NL0 9,1,35.0,0.015,59329.06935292875,64634.206735854954,0.0,2010.780847764459
50,NL0 0 CCGT,NL0 0,1,575.0,43.272866666666665,4559.065804902091,549273.3321032736,2.6214628378187027e6,60626.514448748756
50,NL0 1 biomass,NL0 1,1,71.0,19.979914529914527,4559.065804902091,323803.09372054576,323693.67214804847,12212.0
50,NL0 1 waste,NL0 1,1,31.0,34.1135,4559.065804902091,69648.58873513309,141331.03995196483,4712.0
50,NL0 10 CCGT,NL0 10,1,507.0,43.27286666666667,4559.065804902091,484315.79021975526,2.3114463630853603e6,52096.35251020816
50,NL0 10 waste,NL0 10,1,150.0,34.1135,4559.065804902091,337009.300331289,683859.8707353137,22489.70907180002
50,NL0 11 CCGT,NL0 11,1,72.0,43.27286666666667,4559.065804902091,68778.57375901855,328252.7379529506,7560.0
50,NL0 11 biomass,NL0 11,1,20.0,19.979914529914527,4559.065804902091,91212.13907621006,91181.31609804183,3440.0
50,NL0 11 waste,NL0 11,1,50.0,34.1135,4559.065804902091,112336.43344376294,227953.29024510455,7390.801336573379
50,NL0 13 CCGT,NL0 13,1,50.0,43.27286666666667,4559.065804902091,47762.89844376285,227953.29024510455,4950.0
50,NL0 13 biomass,NL0 13,1,77.0,19.979914529914527,4559.065804902091,351166.73544340883,351048.06697746104,13170.758589916517
50,NL0 16 CCGT,NL0 16,1,268.0,43.27286666666667,4559.065804902091,256009.13565856896,1.2218296357137605e6,27110.404350259585
50,NL0 17 CCGT,NL0 17,1,107.0,43.27286666666667,4559.065804902091,102212.60266965248,487820.0411245238,11235.0
50,NL0 18 CCGT,NL0 18,1,112.0,43.27286666666667,4559.065804902091,106988.89251402883,510615.3701490342,11743.132700974178
50,NL0 19 CCGT,NL0 19,1,523.0,53.04262929292929,4559.065804902091,293977.7516918967,2.3843914159637936e6,11442.174094047405
50,NL0 19 biomass,NL0 19,1,49.0,19.979914529914527,4559.065804902091,223469.74073671468,223394.22444020247,8428.0
50,NL0 19 waste,NL0 19,1,36.0,34.1135,4559.065804902091,80882.2320795094,164126.3689764753,5293.625582024817
50,NL0 2 CCGT,NL0 2,1,272.5,43.27286666666667,4559.065804902091,260307.79651850765,1.24234543183582e6,28041.970235328867
50,NL0 21 CCGT,NL0 21,1,85.0,43.27286666666667,4559.065804902091,81196.92735439687,387520.59341667773,8950.211889661288
50,NL0 22 CCGT,NL0 22,1,100.0,43.27286666666667,4559.065804902091,95525.7968875257,455906.5804902091,10300.0
50,NL0 22 biomass,NL0 22,1,500.0,19.979914529914527,4559.065804902091,2.2803034769052533e6,2.279532902451046e6,88253.71740471417
50,NL0 23 CCGT,NL0 23,1,964.0,43.8530553226903,4559.065804902091,884322.0258344035,4.394939435925616e6,47693.60984839019
50,NL0 24 CCGT,NL0 24,1,684.0,67.50263035262032,4559.065804902091,194367.1483182509,3.1184010105530303e6,10714.131758201192
50,NL0 25 waste,NL0 25,1,54.0,34.1135,4559.065804902091,121323.34811926399,246189.55346471292,7985.431434855492
50,NL0 27 CCGT,NL0 27,1,984.0,43.27286666666667,4559.065804902091,939973.8413732531,4.486120752023658e6,95136.62264257549
50,NL0 27 biomass,NL0 27,1,22.0,19.979914529914527,4559.065804902091,100333.35298383114,100299.447707846,3784.0
50,NL0 27 waste,NL0 27,1,71.2,34.1135,4559.065804902091,159967.08122391845,324605.4853090289,10506.813857978184
50,NL0 28 CCGT,NL0 28,1,144.0,43.27286666666667,4559.065804902091,137557.14751803706,656505.4759059012,14826.986839484001
50,NL0 3 CCGT,NL0 3,1,1907.0,51.41762846054192,4559.065804902091,1.140097985641764e6,8.694138489948288e6,58777.980640501395
50,NL0 3 biomass,NL0 3,1,22.0,19.979914529914527,4559.065804902091,100333.35298383114,100299.447707846,3784.0
50,NL0 3 waste,NL0 3,1,108.0,34.1135,4559.065804902091,242646.69623852798,492379.10692942585,16033.420384240544
50,NL0 30 biomass,NL0 30,1,60.0,19.979914529914527,4559.065804902091,273636.4172286301,273543.9482941255,10320.0
50,NL0 31 CCGT,NL0 31,1,3341.0,85.4787109164719,4559.065804902091,48515.62682806821,1.5231838854177887e7,23559.453978814894
50,NL0 5 CCGT,NL0 5,1,49.6,43.27286666666667,4559.065804902091,47380.795256212776,226129.66392314373,5009.600000000001
50,NL0 6 CCGT,NL0 6,1,1608.4,43.27286666666667,4559.065804902091,1.5364369171389642e6,7.332801440604524e6,161194.40535666182
50,NL0 7 CCGT,NL0 7,1,1398.0,43.6729395310492,4559.065804902091,1.2962995099791354e6,6.373573995253123e6,85506.53181069877
50,NL0 7 nuclear,NL0 7,1,515.0,27.322803680981593,4559.065804902091,1.7096242239492876e6,2.347918889524577e6,84102.42124441595
50,NL0 7 waste,NL0 7,1,39.0,34.1135,4559.065804902091,87622.41808613524,177803.56639118155,5875.455539851142
50,NL0 8 CCGT,NL0 8,1,447.0,58.928107624263944,4559.065804902091,196011.2462733176,2.0379024147912348e6,8652.104303317303
50,NL0 8 biomass,NL0 8,1,36.0,19.979914529914527,4559.065804902091,164181.8503371784,164126.3689764753,6192.0
50,NL0 8 waste,NL0 8,1,157.0,34.1135,4559.065804902091,352736.4010134159,715773.3313696283,23142.248256290433
50,NL0 9 biomass,NL0 9,1,20.0,19.979914529914527,4559.065804902091,91212.13907621006,91181.31609804183,3440.0
50,NL0 0 0 solar,NL0 0,1,144.0,0.01,59329.06935292875,143803.75591553425,0.0,3495.7738491645578
50,NL0 1 0 solar,NL0 1,1,291.5,0.01,59329.06935292875,279083.88681448676,0.0,6948.705449759602
50,NL0 10 0 solar,NL0 10,1,120.1,0.01,59329.06935292875,123510.80794349074,0.0,3035.911304769089
50,NL0 11 0 solar,NL0 11,1,436.4,0.01,59329.06935292875,411901.30587840645,0.0,10306.481755249355
50,NL0 12 0 solar,NL0 12,1,203.1,0.01,59329.06935292875,191990.80544541523,0.0,4820.92251154439
50,NL0 13 0 solar,NL0 13,1,473.2,0.01,59329.06935292875,452951.73890675174,0.0,11187.121113824795
50,NL0 14 0 solar,NL0 14,1,85.3,0.01,59329.06935292875,84083.43083761183,0.0,2087.7663698282927
50,NL0 15 0 solar,NL0 15,1,369.4,0.01,59329.06935292875,346685.285034427,0.0,8736.034836219216
50,NL0 16 0 solar,NL0 16,1,68.8,0.01,59329.06935292875,69625.18814135814,0.0,1691.4298225830848
50,NL0 17 0 solar,NL0 17,1,63.1,0.01,59329.06935292875,65413.876089659396,0.0,1589.8866005603036
50,NL0 18 0 solar,NL0 18,1,13.399999999999999,0.01,59329.06935292875,13705.304222902532,0.0,335.710111700008
50,NL0 19 0 solar,NL0 19,1,75.60000000000001,0.01,59329.06935292875,70863.94290967542,0.0,1815.0254919597055
50,NL0 2 0 solar,NL0 2,1,1109.1,0.01,59329.06935292875,1.0323424735205561e6,0.0,26402.661517956996
50,NL0 20 0 solar,NL0 20,1,331.2,0.01,59329.06935292875,320483.9317679877,0.0,7909.5604725700005
50,NL0 21 0 solar,NL0 21,1,40.5,0.01,59329.06935292875,41600.66565576048,0.0,1013.9430253950717
50,NL0 22 0 solar,NL0 22,1,263.3,0.01,59329.06935292875,260722.23730921635,0.0,6361.56546158242
50,NL0 23 0 solar,NL0 23,1,57.1,0.01,59329.06935292875,57584.27706892421,0.0,1403.2936270342718
50,NL0 24 0 solar,NL0 24,1,99.8,0.01,59329.06935292875,98278.8706345097,0.0,2393.4015185461817
50,NL0 25 0 solar,NL0 25,1,663.4,0.01,59329.06935292875,623417.0481376502,0.0,15835.542397299549
50,NL0 26 0 solar,NL0 26,1,156.2,0.01,59329.06935292875,154151.3282016009,0.0,3821.2856187503758
50,NL0 27 0 solar,NL0 27,1,103.1,0.01,59329.06935292875,107361.95522086935,0.0,2649.1257341788905
50,NL0 28 0 solar,NL0 28,1,105.3,0.01,59329.06935292875,100355.16709245981,0.0,2489.1644574964166
50,NL0 3 0 solar,NL0 3,1,84.5,0.01,59329.06935292875,85184.44057395976,0.0,2070.9188767275286
50,NL0 30 0 solar,NL0 30,1,3.6,0.01,59329.06935292875,3669.021148782904,0.0,89.82355962877534
50,NL0 31 0 solar,NL0 31,1,44.8,0.01,59329.06935292875,42321.02586653224,0.0,1072.8423780802711
50,NL0 4 0 solar,NL0 4,1,142.8,0.01,59329.06935292875,136790.37822099504,0.0,3403.277910451907
50,NL0 5 0 solar,NL0 5,1,351.7,0.01,59329.06935292875,342365.7706028363,0.0,8409.128930464909
50,NL0 6 0 solar,NL0 6,1,260.3,0.01,59329.06935292875,262068.4421732812,0.0,6427.157527688587
50,NL0 7 0 solar,NL0 7,1,553.2,0.01,59329.06935292875,551045.6940152283,0.0,13445.138753780626
50,NL0 8 0 solar,NL0 8,1,79.5,0.01,59329.06935292875,79291.59762906983,0.0,1927.2751274433406
50,NL0 9 0 solar,NL0 9,1,299.5,0.01,59329.06935292875,289172.5962436978,0.0,7188.544634543878
50,NL0 20 0 offwind-ac,NL0 20,1,578.0,0.015,59329.06935292875,2.0897042570821068e6,0.0,59650.79597085986
50,NL0 27 0 offwind-ac,NL0 27,1,4583.0,0.015,59329.06935292875,1.8366377338965006e7,0.0,503437.6266892944
50,NL0 31 0 offwind-ac,NL0 31,1,600.0,0.015,59329.06935292875,2.3448754266029424e6,0.0,65533.70995494073
50,NL0 32 0 offwind-ac,NL0 32,1,608.0,0.015,59329.06935292875,2.512592193031349e6,0.0,70162.48686909239
50,NL0 7 0 offwind-ac,NL0 7,1,752.0,0.015,59329.06935292875,3.1161143467113064e6,0.0,86125.98456763808
50,NL0 0 0 onwind,NL0 0,1,59.0,0.015,59329.06935292875,141599.60648804303,0.0,4482.345107547118
50,NL0 1 0 onwind,NL0 1,1,75.0,0.015,59329.06935292875,145039.08590801407,0.0,4667.56319817744
50,NL0 10 0 onwind,NL0 10,1,428.0,0.015,59329.06935292875,1.4291400869199412e6,0.0,42899.58939304398
50,NL0 11 0 onwind,NL0 11,1,21.0,0.015,59329.06935292875,40431.490047640305,0.0,1335.20493202581
50,NL0 12 0 onwind,NL0 12,1,54.0,0.015,59329.06935292875,157750.11158850274,0.0,4825.868590991421
50,NL0 13 0 onwind,NL0 13,1,23.0,0.015,59329.06935292875,48376.288948955276,0.0,1539.1983818864273
50,NL0 14 0 onwind,NL0 14,1,61.0,0.015,59329.06935292875,204206.8002025359,0.0,6098.66177756561
50,NL0 15 0 onwind,NL0 15,1,52.0,0.015,59329.06935292875,110994.68420092786,0.0,3607.5251690491696
50,NL0 17 0 onwind,NL0 17,1,27.0,0.015,59329.06935292875,77212.90743965164,0.0,2302.691685092126
50,NL0 19 0 onwind,NL0 19,1,532.0,0.015,59329.06935292875,1.3460316067230038e6,0.0,42486.97601131978
50,NL0 2 0 onwind,NL0 2,1,472.8,0.015,59329.06935292875,1.0549214371896542e6,0.0,34337.746806742805
50,NL0 20 0 onwind,NL0 20,1,822.2,0.015,59329.06935292875,2.2296443636200447e6,0.0,69336.60955946345
50,NL0 21 0 onwind,NL0 21,1,36.0,0.015,59329.06935292875,104484.76563321071,0.0,3177.807798340754
50,NL0 22 0 onwind,NL0 22,1,122.7,0.015,59329.06935292875,259171.89830807527,0.0,8193.468412036254
50,NL0 23 0 onwind,NL0 23,1,127.0,0.015,59329.06935292875,371375.7050556639,0.0,11339.523922297043
50,NL0 24 0 onwind,NL0 24,1,33.0,0.015,59329.06935292875,87218.32571815484,0.0,2697.0845172002323
50,NL0 27 0 onwind,NL0 27,1,21.6,0.015,59329.06935292875,74449.90450443185,0.0,2180.9045521535386
50,NL0 3 0 onwind,NL0 3,1,284.6,0.015,59329.06935292875,734639.6276889532,0.0,22413.47326855956
50,NL0 30 0 onwind,NL0 30,1,31.0,0.015,59329.06935292875,89651.52416415488,0.0,2692.1132215717694
50,NL0 31 0 onwind,NL0 31,1,216.0,0.015,59329.06935292875,634984.0143862665,0.0,19153.54699704878
50,NL0 4 0 onwind,NL0 4,1,287.0,0.015,59329.06935292875,733311.6964016734,0.0,22797.587646299053
50,NL0 5 0 onwind,NL0 5,1,21.0,0.015,59329.06935292875,39694.087992228146,0.0,1275.4244134654673
50,NL0 6 0 onwind,NL0 6,1,35.0,0.015,59329.06935292875,65079.86966492946,0.0,2092.1490957578335
50,NL0 7 0 onwind,NL0 7,1,374.3,0.015,59329.06935292875,974864.6796991499,0.0,29786.094384448046
50,NL0 8 0 onwind,NL0 8,1,101.1,0.015,59329.06935292875,229637.34867597854,0.0,7222.4197178876675
50,NL0 9 0 onwind,NL0 9,1,35.0,0.015,59329.06935292875,64669.44232150172,0.0,2106.327850179994
51,NL0 0 CCGT,NL0 0,1,575.0,43.272866666666665,4559.065804899052,549273.332103273,2.6214628378169546e6,57715.91751221433
51,NL0 1 biomass,NL0 1,1,71.0,19.979914529914527,4559.065804899052,323803.09372054576,323693.6721478327,12283.0
51,NL0 1 waste,NL0 1,1,31.0,34.1135,4559.065804899052,69648.58873513309,141331.0399518706,4650.0
51,NL0 10 CCGT,NL0 10,1,507.0,43.27286666666667,4559.065804899052,484315.7902197555,2.3114463630838194e6,51207.0
51,NL0 10 waste,NL0 10,1,150.0,34.1135,4559.065804899052,337009.300331289,683859.8707348577,21935.94462755525
51,NL0 11 CCGT,NL0 11,1,72.0,43.27286666666667,4559.065804899052,68778.57375901856,328252.7379527317,7157.1805528945815
51,NL0 11 biomass,NL0 11,1,20.0,19.979914529914527,4559.065804899052,91212.13907621006,91181.31609798103,3440.0
51,NL0 11 waste,NL0 11,1,50.0,34.1135,4559.065804899052,112336.43344376296,227953.2902449526,7300.0
51,NL0 13 CCGT,NL0 13,1,50.0,43.27286666666667,4559.065804899052,47762.898443762846,227953.2902449526,4900.0
51,NL0 13 biomass,NL0 13,1,77.0,19.979914529914527,4559.065804899052,351166.73544340883,351048.066977227,13244.0
51,NL0 16 CCGT,NL0 16,1,268.0,43.27286666666667,4559.065804899052,256009.13565856905,1.2218296357129458e6,27968.42947700955
51,NL0 17 CCGT,NL0 17,1,107.0,43.27286666666667,4559.065804899052,102212.60266965248,487820.0411241985,10486.0
51,NL0 18 CCGT,NL0 18,1,112.0,43.27286666666667,4559.065804899052,106988.89251402886,510615.3701486938,11247.153019056419
51,NL0 19 CCGT,NL0 19,1,523.0,53.04262929292929,4559.065804899052,293977.75169189676,2.384391415962204e6,11442.174094042683
51,NL0 19 biomass,NL0 19,1,49.0,19.979914529914527,4559.065804899052,223469.74073671468,223394.22444005354,8428.0
51,NL0 19 waste,NL0 19,1,36.0,34.1135,4559.065804899052,80882.23207950941,164126.36897636586,5336.092251250788
51,NL0 2 CCGT,NL0 2,1,272.5,43.27286666666667,4559.065804899052,260307.79651850768,1.2423454318349916e6,27342.77474986027
51,NL0 21 CCGT,NL0 21,1,85.0,43.27286666666667,4559.065804899052,81196.92735439684,387520.5934164194,8464.692579377053
51,NL0 22 CCGT,NL0 22,1,100.0,43.27286666666667,4559.065804899052,95525.79688752572,455906.5804899052,10000.0
51,NL0 22 biomass,NL0 22,1,500.0,19.979914529914527,4559.065804899052,2.280303476905253e6,2.279532902449526e6,88129.47599463069
51,NL0 23 CCGT,NL0 23,1,964.0,43.8530553226903,4559.065804899052,884322.0258344036,4.394939435922686e6,47693.60984839019
51,NL0 24 CCGT,NL0 24,1,684.0,67.50263035262032,4559.065804899052,194367.1483182509,3.1184010105509516e6,10714.131758192374
51,NL0 25 waste,NL0 25,1,54.0,34.1135,4559.065804899052,121323.34811926399,246189.55346454878,7883.819940990733
51,NL0 27 CCGT,NL0 27,1,984.0,43.27286666666667,4559.065804899052,939973.8413732537,4.486120752020667e6,101565.56669566694
51,NL0 27 biomass,NL0 27,1,22.0,19.979914529914527,4559.065804899052,100333.35298383114,100299.44770777914,3784.0
51,NL0 27 waste,NL0 27,1,71.2,34.1135,4559.065804899052,159967.08122391845,324605.4853088125,10654.794723455858
51,NL0 28 CCGT,NL0 28,1,144.0,43.27286666666667,4559.065804899052,137557.1475180371,656505.4759054634,14131.758198933981
51,NL0 3 CCGT,NL0 3,1,1907.0,51.41762846054192,4559.065804899052,1.1400979856417642e6,8.694138489942491e6,58777.980640452646
51,NL0 3 biomass,NL0 3,1,22.0,19.979914529914527,4559.065804899052,100333.35298383114,100299.44770777914,3784.0
51,NL0 3 waste,NL0 3,1,108.0,34.1135,4559.065804899052,242646.69623852803,492379.10692909756,16347.364181338153
51,NL0 30 biomass,NL0 30,1,60.0,19.979914529914527,4559.065804899052,273636.4172286301,273543.9482939431,10320.0
51,NL0 31 CCGT,NL0 31,1,3341.0,85.4787109164719,4559.065804899052,48515.62682806821,1.5231838854167731e7,23559.453978777896
51,NL0 5 CCGT,NL0 5,1,49.6,43.27286666666667,4559.065804899052,47380.79525621278,226129.66392299297,4869.032769297768
51,NL0 6 CCGT,NL0 6,1,1608.4,43.27286666666667,4559.065804899052,1.5364369171389644e6,7.332801440599635e6,161725.69541959124
51,NL0 7 CCGT,NL0 7,1,1398.0,43.6729395310492,4559.065804899052,1.2962995099791354e6,6.373573995248875e6,85506.53181069877
51,NL0 7 nuclear,NL0 7,1,515.0,27.322803680981593,4559.065804899052,1.7096242239492876e6,2.3479188895230116e6,84102.42124441595
51,NL0 7 waste,NL0 7,1,39.0,34.1135,4559.065804899052,87622.41808613524,177803.566391063,5865.196969667766
51,NL0 8 CCGT,NL0 8,1,447.0,58.928107624263944,4559.065804899052,196011.2462733176,2.0379024147898762e6,8652.104303301425
51,NL0 8 biomass,NL0 8,1,36.0,19.979914529914527,4559.065804899052,164181.8503371784,164126.36897636586,6192.0
51,NL0 8 waste,NL0 8,1,157.0,34.1135,4559.065804899052,352736.401013416,715773.3313691511,23456.29276935547
51,NL0 9 biomass,NL0 9,1,20.0,19.979914529914527,4559.065804899052,91212.13907621006,91181.31609798103,3420.0
51,NL0 0 0 solar,NL0 0,1,144.0,0.01,59329.06935292875,143803.75591553425,0.0,3495.7738491645578
51,NL0 1 0 solar,NL0 1,1,291.5,0.01,59329.06935292875,279083.88681448676,0.0,6948.705449759602
51,NL0 10 0 solar,NL0 10,1,120.1,0.01,59329.06935292875,123510.80794349074,0.0,3035.911304769089
51,NL0 11 0 solar,NL0 11,1,436.4,0.01,59329.06935292875,411901.3058784065,0.0,10306.481755249355
51,NL0 12 0 solar,NL0 12,1,203.1,0.01,59329.06935292875,191990.80544541523,0.0,4820.92251154439
51,NL0 13 0 solar,NL0 13,1,473.2,0.01,59329.06935292875,452951.73890675174,0.0,11187.121113824795
51,NL0 14 0 solar,NL0 14,1,85.3,0.01,59329.06935292875,84083.43083761183,0.0,2087.7663698282927
51,NL0 15 0 solar,NL0 15,1,369.4,0.01,59329.06935292875,346685.28503442707,0.0,8736.034836219216
51,NL0 16 0 solar,NL0 16,1,68.8,0.01,59329.06935292875,69625.18814135814,0.0,1691.4298225830848
51,NL0 17 0 solar,NL0 17,1,63.1,0.01,59329.06935292875,65413.876089659396,0.0,1589.8866005603036
51,NL0 18 0 solar,NL0 18,1,13.399999999999999,0.01,59329.06935292875,13705.304222902532,0.0,335.710111700008
51,NL0 19 0 solar,NL0 19,1,75.60000000000001,0.01,59329.06935292875,70863.94290967542,0.0,1815.0254919597055
51,NL0 2 0 solar,NL0 2,1,1109.1,0.01,59329.06935292875,1.0323424735205561e6,0.0,26402.661517956996
51,NL0 20 0 solar,NL0 20,1,331.2,0.01,59329.06935292875,320483.9317679877,0.0,7909.5604725700005
51,NL0 21 0 solar,NL0 21,1,40.5,0.01,59329.06935292875,41600.66565576048,0.0,1013.9430253950717
51,NL0 22 0 solar,NL0 22,1,263.3,0.01,59329.06935292875,260722.23730921638,0.0,6361.56546158242
51,NL0 23 0 solar,NL0 23,1,57.1,0.01,59329.06935292875,57584.27706892421,0.0,1403.2936270342718
51,NL0 24 0 solar,NL0 24,1,99.8,0.01,59329.06935292875,98278.8706345097,0.0,2393.4015185461817
51,NL0 25 0 solar,NL0 25,1,663.4,0.01,59329.06935292875,623417.0481376502,0.0,15835.542397299549
51,NL0 26 0 solar,NL0 26,1,156.2,0.01,59329.06935292875,154151.3282016009,0.0,3821.2856187503758
51,NL0 27 0 solar,NL0 27,1,103.1,0.01,59329.06935292875,107361.95522086935,0.0,2649.1257341788905
51,NL0 28 0 solar,NL0 28,1,105.3,0.01,59329.06935292875,100355.16709245981,0.0,2489.1644574964166
51,NL0 3 0 solar,NL0 3,1,84.5,0.01,59329.06935292875,85184.44057395979,0.0,2070.9188767275286
51,NL0 30 0 solar,NL0 30,1,3.6,0.01,59329.06935292875,3669.021148782904,0.0,89.82355962877534
51,NL0 31 0 solar,NL0 31,1,44.8,0.01,59329.06935292875,42321.02586653224,0.0,1072.8423780802711
51,NL0 4 0 solar,NL0 4,1,142.8,0.01,59329.06935292875,136790.37822099504,0.0,3403.277910451907
51,NL0 5 0 solar,NL0 5,1,351.7,0.01,59329.06935292875,342365.7706028363,0.0,8409.128930464909
51,NL0 6 0 solar,NL0 6,1,260.3,0.01,59329.06935292875,262068.44217328122,0.0,6427.157527688587
51,NL0 7 0 solar,NL0 7,1,553.2,0.01,59329.06935292875,551045.6940152283,0.0,13445.138753780626
51,NL0 8 0 solar,NL0 8,1,79.5,0.01,59329.06935292875,79291.59762906983,0.0,1927.2751274433406
51,NL0 9 0 solar,NL0 9,1,299.5,0.01,59329.06935292875,289172.5962436978,0.0,7188.544634543878
51,NL0 20 0 offwind-ac,NL0 20,1,578.0,0.015,59329.06935292875,2.0897042570821068e6,0.0,60044.824626233036
51,NL0 27 0 offwind-ac,NL0 27,1,4583.0,0.015,59329.06935292875,1.8366377338965006e7,0.0,506317.64551830065
51,NL0 31 0 offwind-ac,NL0 31,1,600.0,0.015,59329.06935292875,2.3448754266029424e6,0.0,65533.70995494073
51,NL0 32 0 offwind-ac,NL0 32,1,608.0,0.015,59329.06935292875,2.512592193031349e6,0.0,69624.1028690924
51,NL0 7 0 offwind-ac,NL0 7,1,752.0,0.015,59329.06935292875,3.1161143467113064e6,0.0,86125.98456763808
51,NL0 0 0 onwind,NL0 0,1,59.0,0.015,59329.06935292875,141599.60648804303,0.0,4423.356662627512
51,NL0 1 0 onwind,NL0 1,1,75.0,0.015,59329.06935292875,145039.08590801407,0.0,4742.56319817744
51,NL0 10 0 onwind,NL0 10,1,428.0,0.015,59329.06935292875,1.4291400869199412e6,0.0,42899.58939304398
51,NL0 11 0 onwind,NL0 11,1,21.0,0.015,59329.06935292875,40431.490047640305,0.0,1335.20493202581
51,NL0 12 0 onwind,NL0 12,1,54.0,0.015,59329.06935292875,157750.11158850274,0.0,4816.695855632179
51,NL0 13 0 onwind,NL0 13,1,23.0,0.015,59329.06935292875,48376.288948955276,0.0,1555.622069077163
51,NL0 14 0 onwind,NL0 14,1,61.0,0.015,59329.06935292875,204206.8002025359,0.0,5915.66177756561
51,NL0 15 0 onwind,NL0 15,1,52.0,0.015,59329.06935292875,110994.68420092786,0.0,3555.624400363984
51,NL0 17 0 onwind,NL0 17,1,27.0,0.015,59329.06935292875,77212.90743965164,0.0,2329.4259550095826
51,NL0 19 0 onwind,NL0 19,1,532.0,0.015,59329.06935292875,1.3460316067230038e6,0.0,41954.97601131978
51,NL0 2 0 onwind,NL0 2,1,472.8,0.015,59329.06935292875,1.0549214371896542e6,0.0,34337.746806742805
51,NL0 20 0 onwind,NL0 20,1,822.2,0.015,59329.06935292875,2.2296443636200447e6,0.0,67900.7525158489
51,NL0 21 0 onwind,NL0 21,1,36.0,0.015,59329.06935292875,104484.76563321071,0.0,3177.3564070712346
51,NL0 22 0 onwind,NL0 22,1,122.7,0.015,59329.06935292875,259171.89830807527,0.0,8193.468412036254
51,NL0 23 0 onwind,NL0 23,1,127.0,0.015,59329.06935292875,371375.7050556639,0.0,11262.204057935696
51,NL0 24 0 onwind,NL0 24,1,33.0,0.015,59329.06935292875,87218.32571815484,0.0,2695.335457473082
51,NL0 27 0 onwind,NL0 27,1,21.6,0.015,59329.06935292875,74449.90450443185,0.0,2137.7045521535388
51,NL0 3 0 onwind,NL0 3,1,284.6,0.015,59329.06935292875,734639.6276889532,0.0,22726.28265135161
51,NL0 30 0 onwind,NL0 30,1,31.0,0.015,59329.06935292875,89651.52416415488,0.0,2660.4833971189996
51,NL0 31 0 onwind,NL0 31,1,216.0,0.015,59329.06935292875,634984.0143862665,0.0,18937.546997048783
51,NL0 4 0 onwind,NL0 4,1,287.0,0.015,59329.06935292875,733311.6964016734,0.0,22519.706812399596
51,NL0 5 0 onwind,NL0 5,1,21.0,0.015,59329.06935292875,39694.087992228146,0.0,1262.6626723363297
51,NL0 6 0 onwind,NL0 6,1,35.0,0.015,59329.06935292875,65079.86966492946,0.0,2035.5319716832507
51,NL0 7 0 onwind,NL0 7,1,374.3,0.015,59329.06935292875,974864.6796991499,0.0,29784.774429500205
51,NL0 8 0 onwind,NL0 8,1,101.1,0.015,59329.06935292875,229637.34867597854,0.0,7122.832364633236
51,NL0 9 0 onwind,NL0 9,1,35.0,0.015,59329.06935292875,64669.44232150172,0.0,2029.1331655951922
52,NL0 0 CCGT,NL0 0,1,575.0,43.272866666666665,5472.580873014755,540923.5908802451,3.146734001983484e6,61346.20540995122
52,NL0 1 biomass,NL0 1,1,71.0,19.979914529914527,5472.580873014755,322772.08219561534,388553.2419840476,12212.0
52,NL0 1 waste,NL0 1,1,31.0,34.1135,5472.580873014755,69198.42877354372,169650.0070634574,4619.915471299604
52,NL0 10 CCGT,NL0 10,1,507.0,43.27286666666667,5472.580873014755,476953.4966544073,2.7745985026184805e6,54540.46517509321
52,NL0 10 waste,NL0 10,1,150.0,34.1135,5472.580873014755,334831.10696875997,820887.1309522132,22652.891128822685
52,NL0 11 CCGT,NL0 11,1,72.0,43.27286666666667,5472.580873014755,67733.04094500456,394025.82285706233,7155.316915227264
52,NL0 11 biomass,NL0 11,1,20.0,19.979914529914527,5472.580873014755,90921.71329453954,109451.61746029509,3440.0
52,NL0 11 waste,NL0 11,1,50.0,34.1135,5472.580873014755,111610.36898958658,273629.04365073773,7400.0
52,NL0 13 CCGT,NL0 13,1,50.0,43.27286666666667,5472.580873014755,47036.83398958651,273629.04365073773,5050.0
52,NL0 13 biomass,NL0 13,1,77.0,19.979914529914527,5472.580873014755,350048.59618397715,421388.7272221361,13321.0
52,NL0 16 CCGT,NL0 16,1,268.0,43.27286666666667,5472.580873014755,252117.43018418358,1.4666516739679542e6,26101.053335576835
52,NL0 17 CCGT,NL0 17,1,107.0,43.27286666666667,5472.580873014755,100658.82473771505,585566.1534125787,10272.0
52,NL0 18 CCGT,NL0 18,1,112.0,43.27286666666667,5472.580873014755,105362.50813667376,612929.0577776525,10640.0
52,NL0 19 CCGT,NL0 19,1,523.0,53.04262929292929,5472.580873014755,286383.1175012116,2.8621597965867165e6,11442.174094047374
52,NL0 19 biomass,NL0 19,1,49.0,19.979914529914527,5472.580873014755,222758.1975716218,268156.462777723,8428.0
52,NL0 19 waste,NL0 19,1,36.0,34.1135,5472.580873014755,80359.46567250241,197012.91142853117,5400.0
52,NL0 2 CCGT,NL0 2,1,272.5,43.27286666666667,5472.580873014755,256350.7452432463,1.4912782878965207e6,25615.0
52,NL0 21 CCGT,NL0 21,1,85.0,43.27286666666667,5472.580873014755,79962.61778229696,465169.37420625414,7921.173528431156
52,NL0 22 CCGT,NL0 22,1,100.0,43.27286666666667,5472.580873014755,94073.66797917291,547258.0873014755,9187.552453458624
52,NL0 22 biomass,NL0 22,1,500.0,19.979914529914527,5472.580873014755,2.273042832363489e6,2.7362904365073773e6,88329.88279669028
52,NL0 23 CCGT,NL0 23,1,964.0,43.8530553226903,5472.580873014755,870323.503157883,5.275567961586224e6,47693.60984839019
52,NL0 24 CCGT,NL0 24,1,684.0,67.50263035262032,5472.580873014755,184434.58658511768,3.743245317142092e6,10714.131758202906
52,NL0 25 waste,NL0 25,1,54.0,34.1135,5472.580873014755,120539.1985087535,295519.36714279675,7992.0
52,NL0 27 CCGT,NL0 27,1,984.0,43.27286666666667,5472.580873014755,925684.8929150616,5.385019579046519e6,90202.89868421303
52,NL0 27 biomass,NL0 27,1,22.0,19.979914529914527,5472.580873014755,100013.88462399354,120396.7792063246,3762.0
52,NL0 27 waste,NL0 27,1,71.2,34.1135,5472.580873014755,158933.16544117132,389647.75815865054,10565.694289431274
52,NL0 28 CCGT,NL0 28,1,144.0,43.27286666666667,5472.580873014755,135466.081890009,788051.6457141247,12096.0
52,NL0 3 CCGT,NL0 3,1,1907.0,51.41762846054192,5472.580873014755,1.1124058873594764e6,1.0436211724839138e7,58777.98064050976
52,NL0 3 biomass,NL0 3,1,22.0,19.979914529914527,5472.580873014755,100013.88462399354,120396.7792063246,3762.0
52,NL0 3 waste,NL0 3,1,108.0,34.1135,5472.580873014755,241078.397017507,591038.7342855935,15837.473583117187
52,NL0 30 biomass,NL0 30,1,60.0,19.979914529914527,5472.580873014755,272765.1398836184,328354.8523808853,10177.593197940481
52,NL0 31 CCGT,NL0 31,1,3341.0,85.4787109164719,5472.580873014755,8.16975798742094e-10,1.8283892696742296e7,23559.453978828933
52,NL0 5 CCGT,NL0 5,1,49.6,43.27286666666667,5472.580873014755,46660.53931766979,271440.01130153186,4215.999999999995
52,NL0 6 CCGT,NL0 6,1,1608.4,43.27286666666667,5472.580873014755,1.513080875777019e6,8.802099076156931e6,174437.53547195095
52,NL0 7 CCGT,NL0 7,1,1398.0,43.6729395310492,5472.580873014755,1.2759987478403638e6,7.650668060474627e6,85506.53181069877
52,NL0 7 nuclear,NL0 7,1,515.0,27.322803680981593,5472.580873014755,1.7021457600712709e6,2.8183791496025985e6,84102.42124441595
52,NL0 7 waste,NL0 7,1,39.0,34.1135,5472.580873014755,87056.08781187766,213430.65404757543,5733.0
52,NL0 8 CCGT,NL0 8,1,447.0,58.928107624263944,5472.580873014755,189520.23005298062,2.446243650237595e6,8652.104303317241
52,NL0 8 biomass,NL0 8,1,36.0,19.979914529914527,5472.580873014755,163659.0839301714,197012.91142853117,6192.0
52,NL0 8 waste,NL0 8,1,157.0,34.1135,5472.580873014755,350456.5586273022,859195.1970633165,23228.530990943473
52,NL0 9 biomass,NL0 9,1,20.0,19.979914529914527,5472.580873014755,90921.71329453954,109451.61746029509,3400.0
52,NL0 0 0 solar,NL0 0,1,144.0,0.01,59329.06935292875,143777.1718136401,0.0,3495.7738491645578
52,NL0 1 0 solar,NL0 1,1,291.5,0.01,59329.06935292875,279083.8868144867,0.0,6948.705449759602
52,NL0 10 0 solar,NL0 10,1,120.1,0.01,59329.06935292875,123510.80794349076,0.0,3035.911304769089
52,NL0 11 0 solar,NL0 11,1,436.4,0.01,59329.06935292875,411901.3058784065,0.0,10306.481755249355
52,NL0 12 0 solar,NL0 12,1,203.1,0.01,59329.06935292875,191990.80544541526,0.0,4820.92251154439
52,NL0 13 0 solar,NL0 13,1,473.2,0.01,59329.06935292875,452951.73890675174,0.0,11187.121113824795
52,NL0 14 0 solar,NL0 14,1,85.3,0.01,59329.06935292875,84067.00358636606,0.0,2087.7663698282927
52,NL0 15 0 solar,NL0 15,1,369.4,0.01,59329.06935292875,346685.285034427,0.0,8736.034836219216
52,NL0 16 0 solar,NL0 16,1,68.8,0.01,59329.06935292875,69599.92687591027,0.0,1691.4298225830848
52,NL0 17 0 solar,NL0 17,1,63.1,0.01,59329.06935292875,65394.03954021667,0.0,1589.8866005603036
52,NL0 18 0 solar,NL0 18,1,13.399999999999999,0.01,59329.06935292875,13705.304222902532,0.0,335.710111700008
52,NL0 19 0 solar,NL0 19,1,75.60000000000001,0.01,59329.06935292875,70863.94290967542,0.0,1815.0254919597055
52,NL0 2 0 solar,NL0 2,1,1109.1,0.01,59329.06935292875,1.0323424735205562e6,0.0,26402.661517956996
52,NL0 20 0 solar,NL0 20,1,331.2,0.01,59329.06935292875,320483.9317679877,0.0,7909.5604725700005
52,NL0 21 0 solar,NL0 21,1,40.5,0.01,59329.06935292875,41600.66565576048,0.0,1013.9430253950717
52,NL0 22 0 solar,NL0 22,1,263.3,0.01,59329.06935292875,260617.55609716478,0.0,6361.56546158242
52,NL0 23 0 solar,NL0 23,1,57.1,0.01,59329.06935292875,57564.464121023724,0.0,1403.2936270342718
52,NL0 24 0 solar,NL0 24,1,99.8,0.01,59329.06935292875,98258.96051930616,0.0,2393.4015185461817
52,NL0 25 0 solar,NL0 25,1,663.4,0.01,59329.06935292875,623417.0481376504,0.0,15835.542397299549
52,NL0 26 0 solar,NL0 26,1,156.2,0.01,59329.06935292875,154151.3282016009,0.0,3821.2856187503758
52,NL0 27 0 solar,NL0 27,1,103.1,0.01,59329.06935292875,107361.95522086936,0.0,2649.1257341788905
52,NL0 28 0 solar,NL0 28,1,105.3,0.01,59329.06935292875,100355.16709245981,0.0,2489.1644574964166
52,NL0 3 0 solar,NL0 3,1,84.5,0.01,59329.06935292875,85165.20527245206,0.0,2070.9188767275286
52,NL0 30 0 solar,NL0 30,1,3.6,0.01,59329.06935292875,3668.2574639459576,0.0,89.82355962877534
52,NL0 31 0 solar,NL0 31,1,44.8,0.01,59329.06935292875,42321.02586653224,0.0,1072.8423780802711
52,NL0 4 0 solar,NL0 4,1,142.8,0.01,59329.06935292875,136790.37822099501,0.0,3403.277910451907
52,NL0 5 0 solar,NL0 5,1,351.7,0.01,59329.06935292875,342365.7706028363,0.0,8409.128930464909
52,NL0 6 0 solar,NL0 6,1,260.3,0.01,59329.06935292875,262068.44217328125,0.0,6427.157527688587
52,NL0 7 0 solar,NL0 7,1,553.2,0.01,59329.06935292875,550871.4655114005,0.0,13445.138753780626
52,NL0 8 0 solar,NL0 8,1,79.5,0.01,59329.06935292875,79242.76000531408,0.0,1927.2751274433406
52,NL0 9 0 solar,NL0 9,1,299.5,0.01,59329.06935292875,289172.59624369786,0.0,7188.544634543878
52,NL0 20 0 offwind-ac,NL0 20,1,578.0,0.015,59329.06935292875,2.089704257082107e6,0.0,59650.79597085986
52,NL0 27 0 offwind-ac,NL0 27,1,4583.0,0.015,59329.06935292875,1.836492725802475e7,0.0,517595.07048146566
52,NL0 31 0 offwind-ac,NL0 31,1,600.0,0.015,59329.06935292875,2.3448754266029424e6,0.0,65533.70995494073
52,NL0 32 0 offwind-ac,NL0 32,1,608.0,0.015,59329.06935292875,2.5122772306798655e6,0.0,69624.1028690924
52,NL0 7 0 offwind-ac,NL0 7,1,752.0,0.015,59329.06935292875,3.1154508015855406e6,0.0,85460.08856763809
52,NL0 0 0 onwind,NL0 0,1,59.0,0.015,59329.06935292875,141581.73699949784,0.0,4482.345107547118
52,NL0 1 0 onwind,NL0 1,1,75.0,0.015,59329.06935292875,144987.22367251694,0.0,4667.56319817744
52,NL0 10 0 onwind,NL0 10,1,428.0,0.015,59329.06935292875,1.4291400869199412e6,0.0,42358.77612028926
52,NL0 11 0 onwind,NL0 11,1,21.0,0.015,59329.06935292875,40420.12081248227,0.0,1292.361722378538
52,NL0 12 0 onwind,NL0 12,1,54.0,0.015,59329.06935292875,157750.11158850274,0.0,4609.988524041529
52,NL0 13 0 onwind,NL0 13,1,23.0,0.015,59329.06935292875,48363.225696769005,0.0,1516.312711966494
52,NL0 14 0 onwind,NL0 14,1,61.0,0.015,59329.06935292875,204206.80020253593,0.0,5971.365471360598
52,NL0 15 0 onwind,NL0 15,1,52.0,0.015,59329.06935292875,110981.05180824433,0.0,3566.2068649493503
52,NL0 17 0 onwind,NL0 17,1,27.0,0.015,59329.06935292875,77212.90743965164,0.0,2302.531465523686
52,NL0 19 0 onwind,NL0 19,1,532.0,0.015,59329.06935292875,1.3460316067230038e6,0.0,41959.001781609724
52,NL0 2 0 onwind,NL0 2,1,472.8,0.015,59329.06935292875,1.0549214371896542e6,0.0,33873.35472152068
52,NL0 20 0 onwind,NL0 20,1,822.2,0.015,59329.06935292875,2.2296443636200447e6,0.0,66900.7523842015
52,NL0 21 0 onwind,NL0 21,1,36.0,0.015,59329.06935292875,104484.76563321071,0.0,3177.3564070712346
52,NL0 22 0 onwind,NL0 22,1,122.7,0.015,59329.06935292875,259097.50094449072,0.0,7979.023206748512
52,NL0 23 0 onwind,NL0 23,1,127.0,0.015,59329.06935292875,371375.7050556639,0.0,10458.2508605402
52,NL0 24 0 onwind,NL0 24,1,33.0,0.015,59329.06935292875,87218.32571815484,0.0,2565.0845172002323
52,NL0 27 0 onwind,NL0 27,1,21.6,0.015,59329.06935292875,74449.90450443185,0.0,2072.907880477167
52,NL0 3 0 onwind,NL0 3,1,284.6,0.015,59329.06935292875,734639.6276889532,0.0,20771.306207551606
52,NL0 30 0 onwind,NL0 30,1,31.0,0.015,59329.06935292875,89651.52416415488,0.0,2537.1132215717694
52,NL0 31 0 onwind,NL0 31,1,216.0,0.015,59329.06935292875,634984.0143862665,0.0,17510.61400467818
52,NL0 4 0 onwind,NL0 4,1,287.0,0.015,59329.06935292875,733311.6964016734,0.0,21197.845300073823
52,NL0 5 0 onwind,NL0 5,1,21.0,0.015,59329.06935292875,39673.869513893376,0.0,1180.988572467171
52,NL0 6 0 onwind,NL0 6,1,35.0,0.015,59329.06935292875,65026.749012613116,0.0,1942.9619942425206
52,NL0 7 0 onwind,NL0 7,1,374.3,0.015,59329.06935292875,974864.6796991499,0.0,28366.145099132955
52,NL0 8 0 onwind,NL0 8,1,101.1,0.015,59329.06935292875,229603.3320273519,0.0,6889.108498394493
52,NL0 9 0 onwind,NL0 9,1,35.0,0.015,59329.06935292875,64634.206735854954,0.0,1945.4767742641134
53,NL0 0 CCGT,NL0 0,1,575.0,43.272866666666665,5472.580873014767,540923.5908802433,3.1467340019834912e6,68396.44854951458
53,NL0 1 biomass,NL0 1,1,71.0,19.979914529914527,5472.580873014767,322772.0821956148,388553.2419840485,12283.0
53,NL0 1 waste,NL0 1,1,31.0,34.1135,5472.580873014767,69198.42877354358,169650.0070634578,4495.048996597596
53,NL0 10 CCGT,NL0 10,1,507.0,43.27286666666667,5472.580873014767,476953.4966544058,2.774598502618487e6,48165.0
53,NL0 10 waste,NL0 10,1,150.0,34.1135,5472.580873014767,334831.10696875874,820887.130952215,22387.35848553342
53,NL0 11 CCGT,NL0 11,1,72.0,43.27286666666667,5472.580873014767,67733.04094500437,394025.82285706326,5760.0
53,NL0 11 biomass,NL0 11,1,20.0,19.979914529914527,5472.580873014767,90921.71329453944,109451.61746029535,3430.83460802396
53,NL0 11 waste,NL0 11,1,50.0,34.1135,5472.580873014767,111610.36898958628,273629.0436507384,7383.801336573377
53,NL0 13 CCGT,NL0 13,1,50.0,43.27286666666667,5472.580873014767,47036.833989586354,273629.0436507384,3900.0
53,NL0 13 biomass,NL0 13,1,77.0,19.979914529914527,5472.580873014767,350048.596183977,421388.7272221371,13244.0
53,NL0 16 CCGT,NL0 16,1,268.0,43.27286666666667,5472.580873014767,252117.4301841829,1.4666516739679577e6,24388.0
53,NL0 17 CCGT,NL0 17,1,107.0,43.27286666666667,5472.580873014767,100658.82473771478,585566.1534125801,8667.0
53,NL0 18 CCGT,NL0 18,1,112.0,43.27286666666667,5472.580873014767,105362.5081366735,612929.0577776539,9296.0
53,NL0 19 CCGT,NL0 19,1,523.0,53.04262929292929,5472.580873014767,286383.11750121106,2.8621597965867235e6,11442.17409404742
53,NL0 19 biomass,NL0 19,1,49.0,19.979914529914527,5472.580873014767,222758.19757162154,268156.4627777236,8459.980338320405
53,NL0 19 waste,NL0 19,1,36.0,34.1135,5472.580873014767,80359.4656725023,197012.91142853163,5292.0
53,NL0 2 CCGT,NL0 2,1,272.5,43.27286666666667,5472.580873014767,256350.74524324565,1.4912782878965242e6,23435.0
53,NL0 21 CCGT,NL0 21,1,85.0,43.27286666666667,5472.580873014767,79962.6177822968,465169.37420625525,6630.0
53,NL0 22 CCGT,NL0 22,1,100.0,43.27286666666667,5472.580873014767,94073.66797917271,547258.0873014767,8100.0
53,NL0 22 biomass,NL0 22,1,500.0,19.979914529914527,5472.580873014767,2.2730428323634863e6,2.736290436507384e6,88048.09644771487
53,NL0 23 CCGT,NL0 23,1,964.0,43.8530553226903,5472.580873014767,870323.5031578812,5.275567961586236e6,47693.609848430635
53,NL0 24 CCGT,NL0 24,1,684.0,67.50263035262032,5472.580873014767,184434.58658511724,3.743245317142101e6,10714.13175820296
53,NL0 25 waste,NL0 25,1,54.0,34.1135,5472.580873014767,120539.19850875324,295519.36714279745,7909.7091880095095
53,NL0 27 CCGT,NL0 27,1,984.0,43.27286666666667,5472.580873014767,925684.8929150598,5.385019579046531e6,101352.0
53,NL0 27 biomass,NL0 27,1,22.0,19.979914529914527,5472.580873014767,100013.88462399339,120396.77920632488,3762.0
53,NL0 27 waste,NL0 27,1,71.2,34.1135,5472.580873014767,158933.1654411708,389647.7581586515,10537.60000000001
53,NL0 28 CCGT,NL0 28,1,144.0,43.27286666666667,5472.580873014767,135466.08189000873,788051.6457141265,12384.0
53,NL0 3 CCGT,NL0 3,1,1907.0,51.41762846054192,5472.580873014767,1.112405887359474e6,1.0436211724839162e7,58777.98064051048
53,NL0 3 biomass,NL0 3,1,22.0,19.979914529914527,5472.580873014767,100013.88462399339,120396.77920632488,3784.0
53,NL0 3 waste,NL0 3,1,108.0,34.1135,5472.580873014767,241078.39701750648,591038.7342855949,16003.995616193642
53,NL0 30 biomass,NL0 30,1,60.0,19.979914529914527,5472.580873014767,272765.13988361805,328354.85238088603,10380.0
53,NL0 31 CCGT,NL0 31,1,3341.0,85.4787109164719,5472.580873014767,0.0,1.8283892696742337e7,23559.45397882923
53,NL0 5 CCGT,NL0 5,1,49.6,43.27286666666667,5472.580873014767,46660.539317669696,271440.01130153245,3967.999999999995
53,NL0 6 CCGT,NL0 6,1,1608.4,43.27286666666667,5472.580873014767,1.5130808757770145e6,8.802099076156951e6,174339.75242438758
53,NL0 7 CCGT,NL0 7,1,1398.0,43.6729395310492,5472.580873014767,1.2759987478403605e6,7.650668060474644e6,85506.53181073532
53,NL0 7 nuclear,NL0 7,1,515.0,27.322803680981593,5472.580873014767,1.7021457600712674e6,2.818379149602605e6,84102.4212444188
53,NL0 7 waste,NL0 7,1,39.0,34.1135,5472.580873014767,87056.08781187746,213430.65404757592,5654.36328860036
53,NL0 8 CCGT,NL0 8,1,447.0,58.928107624263944,5472.580873014767,189520.23005298025,2.446243650237601e6,8652.104303317314
53,NL0 8 biomass,NL0 8,1,36.0,19.979914529914527,5472.580873014767,163659.08393017127,197012.91142853163,6228.0
53,NL0 8 waste,NL0 8,1,157.0,34.1135,5472.580873014767,350456.5586273015,859195.1970633185,23765.628552106093
53,NL0 9 biomass,NL0 9,1,20.0,19.979914529914527,5472.580873014767,90921.71329453944,109451.61746029535,3404.5646005714607
53,NL0 0 0 solar,NL0 0,1,144.0,0.01,59329.06935292875,143777.17181364,0.0,3495.7738491645578
53,NL0 1 0 solar,NL0 1,1,291.5,0.01,59329.06935292875,279083.88681448647,0.0,6948.705449759602
53,NL0 10 0 solar,NL0 10,1,120.1,0.01,59329.06935292875,123510.80794349064,0.0,3035.911304769089
53,NL0 11 0 solar,NL0 11,1,436.4,0.01,59329.06935292875,411901.3058784061,0.0,10306.481755249355
53,NL0 12 0 solar,NL0 12,1,203.1,0.01,59329.06935292875,191990.8054454151,0.0,4820.92251154439
53,NL0 13 0 solar,NL0 13,1,473.2,0.01,59329.06935292875,452951.73890675127,0.0,11187.121113824795
53,NL0 14 0 solar,NL0 14,1,85.3,0.01,59329.06935292875,84067.003586366,0.0,2087.7663698282927
53,NL0 15 0 solar,NL0 15,1,369.4,0.01,59329.06935292875,346685.28503442655,0.0,8736.034836219216
53,NL0 16 0 solar,NL0 16,1,68.8,0.01,59329.06935292875,69599.92687591023,0.0,1691.4298225830848
53,NL0 17 0 solar,NL0 17,1,63.1,0.01,59329.06935292875,65394.03954021661,0.0,1589.8866005603036
53,NL0 18 0 solar,NL0 18,1,13.399999999999999,0.01,59329.06935292875,13705.304222902527,0.0,335.710111700008
53,NL0 19 0 solar,NL0 19,1,75.60000000000001,0.01,59329.06935292875,70863.94290967533,0.0,1815.0254919597055
53,NL0 2 0 solar,NL0 2,1,1109.1,0.01,59329.06935292875,1.0323424735205551e6,0.0,26402.661517956996
53,NL0 20 0 solar,NL0 20,1,331.2,0.01,59329.06935292875,320483.9317679873,0.0,7909.5604725700005
53,NL0 21 0 solar,NL0 21,1,40.5,0.01,59329.06935292875,41600.66565576045,0.0,1013.9430253950717
53,NL0 22 0 solar,NL0 22,1,263.3,0.01,59329.06935292875,260617.55609716455,0.0,6361.56546158242
53,NL0 23 0 solar,NL0 23,1,57.1,0.01,59329.06935292875,57564.46412102367,0.0,1403.2936270342718
53,NL0 24 0 solar,NL0 24,1,99.8,0.01,59329.06935292875,98258.96051930611,0.0,2393.4015185461817
53,NL0 25 0 solar,NL0 25,1,663.4,0.01,59329.06935292875,623417.0481376499,0.0,15835.542397299549
53,NL0 26 0 solar,NL0 26,1,156.2,0.01,59329.06935292875,154151.32820160073,0.0,3821.2856187503758
53,NL0 27 0 solar,NL0 27,1,103.1,0.01,59329.06935292875,107361.95522086926,0.0,2649.1257341788905
53,NL0 28 0 solar,NL0 28,1,105.3,0.01,59329.06935292875,100355.16709245977,0.0,2489.1644574964166
53,NL0 3 0 solar,NL0 3,1,84.5,0.01,59329.06935292875,85165.20527245197,0.0,2070.9188767275286
53,NL0 30 0 solar,NL0 30,1,3.6,0.01,59329.06935292875,3668.2574639459544,0.0,89.82355962877534
53,NL0 31 0 solar,NL0 31,1,44.8,0.01,59329.06935292875,42321.025866532196,0.0,1072.8423780802711
53,NL0 4 0 solar,NL0 4,1,142.8,0.01,59329.06935292875,136790.3782209949,0.0,3403.277910451907
53,NL0 5 0 solar,NL0 5,1,351.7,0.01,59329.06935292875,342365.7706028359,0.0,8409.128930464909
53,NL0 6 0 solar,NL0 6,1,260.3,0.01,59329.06935292875,262068.44217328104,0.0,6427.157527688587
53,NL0 7 0 solar,NL0 7,1,553.2,0.01,59329.06935292875,550871.4655114,0.0,13445.138753780626
53,NL0 8 0 solar,NL0 8,1,79.5,0.01,59329.06935292875,79242.76000531403,0.0,1927.2751274433406
53,NL0 9 0 solar,NL0 9,1,299.5,0.01,59329.06935292875,289172.5962436975,0.0,7188.544634543878
53,NL0 20 0 offwind-ac,NL0 20,1,578.0,0.015,59329.06935292875,2.089704257082106e6,0.0,58627.157970859866
53,NL0 27 0 offwind-ac,NL0 27,1,4583.0,0.015,59329.06935292875,1.83649272580247e7,0.0,517595.07048146566
53,NL0 31 0 offwind-ac,NL0 31,1,600.0,0.015,59329.06935292875,2.344875426602939e6,0.0,63939.04653190301
53,NL0 32 0 offwind-ac,NL0 32,1,608.0,0.015,59329.06935292875,2.512277230679861e6,0.0,69624.1028690924
53,NL0 7 0 offwind-ac,NL0 7,1,752.0,0.015,59329.06935292875,3.1154508015855392e6,0.0,84123.60005421036
53,NL0 0 0 onwind,NL0 0,1,59.0,0.015,59329.06935292875,141581.73699949763,0.0,4312.1334177333465
53,NL0 1 0 onwind,NL0 1,1,75.0,0.015,59329.06935292875,144987.22367251673,0.0,4461.896721789622
53,NL0 10 0 onwind,NL0 10,1,428.0,0.015,59329.06935292875,1.42914008691994e6,0.0,41613.01930867686
53,NL0 11 0 onwind,NL0 11,1,21.0,0.015,59329.06935292875,40420.12081248223,0.0,1223.759424909239
53,NL0 12 0 onwind,NL0 12,1,54.0,0.015,59329.06935292875,157750.11158850262,0.0,4499.43848981945
53,NL0 13 0 onwind,NL0 13,1,23.0,0.015,59329.06935292875,48363.22569676897,0.0,1407.908563371173
53,NL0 14 0 onwind,NL0 14,1,61.0,0.015,59329.06935292875,204206.80020253576,0.0,5732.66177756561
53,NL0 15 0 onwind,NL0 15,1,52.0,0.015,59329.06935292875,110981.05180824423,0.0,3315.5577541830826
53,NL0 17 0 onwind,NL0 17,1,27.0,0.015,59329.06935292875,77212.9074396515,0.0,2190.399452782317
53,NL0 19 0 onwind,NL0 19,1,532.0,0.015,59329.06935292875,1.3460316067230022e6,0.0,41422.97601131978
53,NL0 2 0 onwind,NL0 2,1,472.8,0.015,59329.06935292875,1.054921437189653e6,0.0,33430.19262123821
53,NL0 20 0 onwind,NL0 20,1,822.2,0.015,59329.06935292875,2.229644363620043e6,0.0,68514.40955946344
53,NL0 21 0 onwind,NL0 21,1,36.0,0.015,59329.06935292875,104484.7656332106,0.0,3024.535973479675
53,NL0 22 0 onwind,NL0 22,1,122.7,0.015,59329.06935292875,259097.50094449046,0.0,7860.24376129831
53,NL0 23 0 onwind,NL0 23,1,127.0,0.015,59329.06935292875,371375.7050556634,0.0,11093.175682684092
53,NL0 24 0 onwind,NL0 24,1,33.0,0.015,59329.06935292875,87218.32571815475,0.0,2565.1240179295637
53,NL0 27 0 onwind,NL0 27,1,21.6,0.015,59329.06935292875,74449.90450443178,0.0,2072.907877365423
53,NL0 3 0 onwind,NL0 3,1,284.6,0.015,59329.06935292875,734639.6276889523,0.0,22722.5819373644
53,NL0 30 0 onwind,NL0 30,1,31.0,0.015,59329.06935292875,89651.5241641548,0.0,2568.4508764440884
53,NL0 31 0 onwind,NL0 31,1,216.0,0.015,59329.06935292875,634984.0143862657,0.0,18711.675564656245
53,NL0 4 0 onwind,NL0 4,1,287.0,0.015,59329.06935292875,733311.6964016726,0.0,22203.360652892447
53,NL0 5 0 onwind,NL0 5,1,21.0,0.015,59329.06935292875,39673.86951389334,0.0,1131.6999578848597
53,NL0 6 0 onwind,NL0 6,1,35.0,0.015,59329.06935292875,65026.74901261303,0.0,1868.5434518383586
53,NL0 7 0 onwind,NL0 7,1,374.3,0.015,59329.06935292875,974864.6796991487,0.0,29154.408492794966
53,NL0 8 0 onwind,NL0 8,1,101.1,0.015,59329.06935292875,229603.33202735163,0.0,6920.486547627501
53,NL0 9 0 onwind,NL0 9,1,35.0,0.015,59329.06935292875,64634.206735854896,0.0,2027.984657333282
54,NL0 0 CCGT,NL0 0,1,575.0,43.272866666666665,5472.580873014767,540923.5908802447,3.1467340019834912e6,63429.754576402185
54,NL0 1 biomass,NL0 1,1,71.0,19.979914529914527,5472.580873014767,322772.0821956152,388553.2419840485,12496.0
54,NL0 1 waste,NL0 1,1,31.0,34.1135,5472.580873014767,69198.42877354372,169650.0070634578,4681.0
54,NL0 10 CCGT,NL0 10,1,507.0,43.27286666666667,5472.580873014767,476953.4966544066,2.774598502618487e6,53736.6861048746
54,NL0 10 waste,NL0 10,1,150.0,34.1135,5472.580873014767,334831.1069687597,820887.130952215,22464.43143485549
54,NL0 11 CCGT,NL0 11,1,72.0,43.27286666666667,5472.580873014767,67733.04094500447,394025.82285706326,7560.0
54,NL0 11 biomass,NL0 11,1,20.0,19.979914529914527,5472.580873014767,90921.71329453951,109451.61746029535,3480.0
54,NL0 11 waste,NL0 11,1,50.0,34.1135,5472.580873014767,111610.36898958654,273629.0436507384,7419.915471298606
54,NL0 13 CCGT,NL0 13,1,50.0,43.27286666666667,5472.580873014767,47036.833989586434,273629.0436507384,5000.0
54,NL0 13 biomass,NL0 13,1,77.0,19.979914529914527,5472.580873014767,350048.5961839771,421388.7272221371,13321.0
54,NL0 16 CCGT,NL0 16,1,268.0,43.27286666666667,5472.580873014767,252117.4301841835,1.4666516739679577e6,28992.81874235875
54,NL0 17 CCGT,NL0 17,1,107.0,43.27286666666667,5472.580873014767,100658.82473771494,585566.1534125801,10058.0
54,NL0 18 CCGT,NL0 18,1,112.0,43.27286666666667,5472.580873014767,105362.50813667367,612929.0577776539,11307.191385790815
54,NL0 19 CCGT,NL0 19,1,523.0,53.04262929292929,5472.580873014767,286383.11750121147,2.8621597965867235e6,11442.174094005892
54,NL0 19 biomass,NL0 19,1,49.0,19.979914529914527,5472.580873014767,222758.1975716218,268156.4627777236,8526.0
54,NL0 19 waste,NL0 19,1,36.0,34.1135,5472.580873014767,80359.46567250238,197012.91142853163,5346.371387642948
54,NL0 2 CCGT,NL0 2,1,272.5,43.27286666666667,5472.580873014767,256350.74524324603,1.4912782878965242e6,26392.582915880244
54,NL0 21 CCGT,NL0 21,1,85.0,43.27286666666667,5472.580873014767,79962.61778229693,465169.37420625525,8367.339505383436
54,NL0 22 CCGT,NL0 22,1,100.0,43.27286666666667,5472.580873014767,94073.6679791729,547258.0873014767,10262.971040815977
54,NL0 22 biomass,NL0 22,1,500.0,19.979914529914527,5472.580873014767,2.2730428323634886e6,2.736290436507384e6,87650.93105573881
54,NL0 23 CCGT,NL0 23,1,964.0,43.8530553226903,5472.580873014767,870323.5031578824,5.275567961586236e6,47693.60984839019
54,NL0 24 CCGT,NL0 24,1,684.0,67.50263035262032,5472.580873014767,184434.58658511765,3.743245317142101e6,10714.131758078369
54,NL0 25 waste,NL0 25,1,54.0,34.1135,5472.580873014767,120539.19850875346,295519.36714279745,8100.0
54,NL0 27 CCGT,NL0 27,1,984.0,43.27286666666667,5472.580873014767,925684.8929150612,5.385019579046531e6,93757.86310933613
54,NL0 27 biomass,NL0 27,1,22.0,19.979914529914527,5472.580873014767,100013.88462399352,120396.77920632488,3784.0
54,NL0 27 waste,NL0 27,1,71.2,34.1135,5472.580873014767,158933.16544117124,389647.7581586515,10502.027455999192
54,NL0 28 CCGT,NL0 28,1,144.0,43.27286666666667,5472.580873014767,135466.08189000894,788051.6457141265,13723.168863257964
54,NL0 3 CCGT,NL0 3,1,1907.0,51.41762846054192,5472.580873014767,1.112405887359476e6,1.0436211724839162e7,58777.9806400102
54,NL0 3 biomass,NL0 3,1,22.0,19.979914529914527,5472.580873014767,100013.88462399352,120396.77920632488,3798.2217484038893
54,NL0 3 waste,NL0 3,1,108.0,34.1135,5472.580873014767,241078.3970175069,591038.7342855949,15660.0
54,NL0 30 biomass,NL0 30,1,60.0,19.979914529914527,5472.580873014767,272765.1398836184,328354.85238088603,10326.758589916517
54,NL0 31 CCGT,NL0 31,1,3341.0,85.4787109164719,5472.580873014767,7.729532610828886e-10,1.8283892696742337e7,23559.45397831639
54,NL0 5 CCGT,NL0 5,1,49.6,43.27286666666667,5472.580873014767,46660.53931766979,271440.01130153245,4821.568745079294
54,NL0 6 CCGT,NL0 6,1,1608.4,43.27286666666667,5472.580873014767,1.5130808757770169e6,8.802099076156951e6,161371.25598472275
54,NL0 7 CCGT,NL0 7,1,1398.0,43.6729395310492,5472.580873014767,1.2759987478403624e6,7.650668060474644e6,85506.53181069877
54,NL0 7 nuclear,NL0 7,1,515.0,27.322803680981593,5472.580873014767,1.7021457600712704e6,2.818379149602605e6,84102.42124441595
54,NL0 7 waste,NL0 7,1,39.0,34.1135,5472.580873014767,87056.08781187762,213430.65404757592,5787.248996597596
54,NL0 8 CCGT,NL0 8,1,447.0,58.928107624263944,5472.580873014767,189520.23005298054,2.446243650237601e6,8652.104303261396
54,NL0 8 biomass,NL0 8,1,36.0,19.979914529914527,5472.580873014767,163659.0839301714,197012.91142853163,6192.0
54,NL0 8 waste,NL0 8,1,157.0,34.1135,5472.580873014767,350456.55862730206,859195.1970633185,23468.510717219182
54,NL0 9 biomass,NL0 9,1,20.0,19.979914529914527,5472.580873014767,90921.71329453951,109451.61746029535,3449.564600571467
54,NL0 0 0 solar,NL0 0,1,144.0,0.01,59329.06935292875,143777.1718136401,0.0,3495.7738491645578
54,NL0 1 0 solar,NL0 1,1,291.5,0.01,5472.580873014767,279083.8868144867,0.0,6948.705449759602
54,NL0 10 0 solar,NL0 10,1,120.1,0.01,59329.06935292875,123510.80794349073,0.0,3035.911304769089
54,NL0 11 0 solar,NL0 11,1,436.4,0.01,59329.06935292875,411901.30587840645,0.0,10306.481755249355
54,NL0 12 0 solar,NL0 12,1,203.1,0.01,59329.06935292875,191990.80544541523,0.0,4820.92251154439
54,NL0 13 0 solar,NL0 13,1,473.2,0.01,59329.06935292875,452951.73890675174,0.0,11187.121113824795
54,NL0 14 0 solar,NL0 14,1,85.3,0.01,59329.06935292875,84067.00358636606,0.0,2087.7663698282927
54,NL0 15 0 solar,NL0 15,1,369.4,0.01,59329.06935292875,346685.285034427,0.0,8736.034836219216
54,NL0 16 0 solar,NL0 16,1,68.8,0.01,5472.580873014767,69599.92687591026,0.0,1691.4298225830848
54,NL0 17 0 solar,NL0 17,1,63.1,0.01,59329.06935292875,65394.03954021666,0.0,1589.8866005603036
54,NL0 18 0 solar,NL0 18,1,13.399999999999999,0.01,59329.06935292875,13705.304222902532,0.0,335.710111700008
54,NL0 19 0 solar,NL0 19,1,75.60000000000001,0.01,59329.06935292875,70863.94290967542,0.0,1815.0254919597055
54,NL0 2 0 solar,NL0 2,1,1109.1,0.01,59329.06935292875,1.0323424735205561e6,0.0,26402.661517956996
54,NL0 20 0 solar,NL0 20,1,331.2,0.01,59329.06935292875,320483.9317679877,0.0,7909.5604725700005
54,NL0 21 0 solar,NL0 21,1,40.5,0.01,5472.580873014767,41600.66565576047,0.0,1013.9430253950717
54,NL0 22 0 solar,NL0 22,1,263.3,0.01,59329.06935292875,260617.55609716475,0.0,6361.56546158242
54,NL0 23 0 solar,NL0 23,1,57.1,0.01,59329.06935292875,57564.46412102373,0.0,1403.2936270342718
54,NL0 24 0 solar,NL0 24,1,99.8,0.01,59329.06935292875,98258.96051930617,0.0,2393.4015185461817
54,NL0 25 0 solar,NL0 25,1,663.4,0.01,5472.580873014767,623417.0481376502,0.0,15835.542397299549
54,NL0 26 0 solar,NL0 26,1,156.2,0.01,59329.06935292875,154151.3282016009,0.0,3821.2856187503758
54,NL0 27 0 solar,NL0 27,1,103.1,0.01,59329.06935292875,107361.95522086935,0.0,2649.1257341788905
54,NL0 28 0 solar,NL0 28,1,105.3,0.01,59329.06935292875,100355.16709245981,0.0,2489.1644574964166
54,NL0 3 0 solar,NL0 3,1,84.5,0.01,5472.580873014767,85165.20527245206,0.0,2070.9188767275286
54,NL0 30 0 solar,NL0 30,1,3.6,0.01,5472.580873014767,3668.257463945957,0.0,89.82355962877534
54,NL0 31 0 solar,NL0 31,1,44.8,0.01,59329.06935292875,42321.02586653224,0.0,1072.8423780802711
54,NL0 4 0 solar,NL0 4,1,142.8,0.01,59329.06935292875,136790.37822099504,0.0,3403.277910451907
54,NL0 5 0 solar,NL0 5,1,351.7,0.01,5472.580873014767,342365.7706028363,0.0,8409.128930464909
54,NL0 6 0 solar,NL0 6,1,260.3,0.01,59329.06935292875,262068.4421732812,0.0,6427.157527688587
54,NL0 7 0 solar,NL0 7,1,553.2,0.01,5472.580873014767,550871.4655114004,0.0,13445.138753780626
54,NL0 8 0 solar,NL0 8,1,79.5,0.01,59329.06935292875,79242.76000531408,0.0,1927.2751274433406
54,NL0 9 0 solar,NL0 9,1,299.5,0.01,59329.06935292875,289172.5962436978,0.0,7188.544634543878
54,NL0 20 0 offwind-ac,NL0 20,1,578.0,0.015,5472.580873014767,2.0897042570821068e6,0.0,59650.79597085986
54,NL0 27 0 offwind-ac,NL0 27,1,4583.0,0.015,59329.06935292875,1.836492725802474e7,0.0,517595.07048146566
54,NL0 31 0 offwind-ac,NL0 31,1,600.0,0.015,59329.06935292875,2.3448754266029424e6,0.0,65002.40995494072
54,NL0 32 0 offwind-ac,NL0 32,1,608.0,0.015,59329.06935292875,2.5122772306798655e6,0.0,69559.95879295221
54,NL0 7 0 offwind-ac,NL0 7,1,752.0,0.015,59329.06935292875,3.1154508015855406e6,0.0,85460.08856763809
54,NL0 0 0 onwind,NL0 0,1,59.0,0.015,59329.06935292875,141581.73699949784,0.0,4423.345107547118
54,NL0 1 0 onwind,NL0 1,1,75.0,0.015,59329.06935292875,144987.223672517,0.0,4742.56319817744
54,NL0 10 0 onwind,NL0 10,1,428.0,0.015,59329.06935292875,1.4291400869199412e6,0.0,42043.589751204134
54,NL0 11 0 onwind,NL0 11,1,21.0,0.015,59329.06935292875,40420.12081248227,0.0,1307.6695123700767
54,NL0 12 0 onwind,NL0 12,1,54.0,0.015,5472.580873014767,157750.11158850274,0.0,4771.900965314194
54,NL0 13 0 onwind,NL0 13,1,23.0,0.015,59329.06935292875,48363.225696769005,0.0,1532.6220690771631
54,NL0 14 0 onwind,NL0 14,1,61.0,0.015,59329.06935292875,204206.8002025359,0.0,6037.66177756561
54,NL0 15 0 onwind,NL0 15,1,52.0,0.015,59329.06935292875,110981.05180515122,0.0,3491.2580926682667
54,NL0 17 0 onwind,NL0 17,1,27.0,0.015,59329.06935292875,77212.90743965164,0.0,2329.425423940956
54,NL0 19 0 onwind,NL0 19,1,532.0,0.015,59329.06935292875,1.3460316067230038e6,0.0,41428.01769456579
54,NL0 2 0 onwind,NL0 2,1,472.8,0.015,5472.580873014767,1.0549214371896542e6,0.0,33866.518452765784
54,NL0 20 0 onwind,NL0 20,1,822.2,0.015,59329.06935292875,2.2296443636200447e6,0.0,65569.08783569711
54,NL0 21 0 onwind,NL0 21,1,36.0,0.015,5472.580873014767,104484.76563321071,0.0,3029.27878616583
54,NL0 22 0 onwind,NL0 22,1,122.7,0.015,59329.06935292875,259097.5009444907,0.0,7891.19855601057
54,NL0 23 0 onwind,NL0 23,1,127.0,0.015,5472.580873014767,371375.7050556639,0.0,10831.021853881342
54,NL0 24 0 onwind,NL0 24,1,33.0,0.015,59329.06935292875,87218.32571815483,0.0,2533.809901224983
54,NL0 27 0 onwind,NL0 27,1,21.6,0.015,59329.06935292875,74449.90450443185,0.0,2137.704555265283
54,NL0 3 0 onwind,NL0 3,1,284.6,0.015,59329.06935292875,734639.6276889532,0.0,21828.10303378615
54,NL0 30 0 onwind,NL0 30,1,31.0,0.015,59329.06935292875,89651.52416415488,0.0,2599.119985970165
54,NL0 31 0 onwind,NL0 31,1,216.0,0.015,59329.06935292875,634984.0143862665,0.0,18718.30439083288
54,NL0 4 0 onwind,NL0 4,1,287.0,0.015,59329.06935292875,733311.6964016734,0.0,21384.085939883782
54,NL0 5 0 onwind,NL0 5,1,21.0,0.015,59329.06935292875,39673.869513893376,0.0,1262.1545185206783
54,NL0 6 0 onwind,NL0 6,1,35.0,0.015,59329.06935292875,65026.749012613116,0.0,1907.3518400552832
54,NL0 7 0 onwind,NL0 7,1,374.3,0.015,59329.06935292875,974864.6796991498,0.0,28256.10014036942
54,NL0 8 0 onwind,NL0 8,1,101.1,0.015,59329.06935292875,229603.3320273519,0.0,6836.454851397664
54,NL0 9 0 onwind,NL0 9,1,35.0,0.015,59329.06935292875,64634.206735854954,0.0,1931.838459791577
55,NL0 0 CCGT,NL0 0,1,575.0,43.272866666666665,5472.580873014691,540923.5908802447,3.1467340019834475e6,57751.16270673617
55,NL0 1 biomass,NL0 1,1,71.0,19.979914529914527,5472.580873014691,322772.0821956153,388553.24198404304,12212.0
55,NL0 1 waste,NL0 1,1,31.0,34.1135,5472.580873014691,69198.42877354372,169650.0070634554,4613.801336573379
55,NL0 10 CCGT,NL0 10,1,507.0,43.27286666666667,5472.580873014691,476953.4966544068,2.7745985026184483e6,52786.2529588638
55,NL0 10 waste,NL0 10,1,150.0,34.1135,5472.580873014691,334831.10696875985,820887.1309522036,22135.01590453254
55,NL0 11 CCGT,NL0 11,1,72.0,43.27286666666667,5472.580873014691,67733.04094500453,394025.82285705773,7094.880552894581
55,NL0 11 biomass,NL0 11,1,20.0,19.979914529914527,5472.580873014691,90921.71329453951,109451.61746029381,3440.0
55,NL0 11 waste,NL0 11,1,50.0,34.1135,5472.580873014691,111610.36898958655,273629.04365073453,7425.371387642948
55,NL0 13 CCGT,NL0 13,1,50.0,43.27286666666667,5472.580873014691,47036.833989586456,273629.04365073453,4986.068863257964
55,NL0 13 biomass,NL0 13,1,77.0,19.979914529914527,5472.580873014691,350048.59618397715,421388.7272221312,13170.758589916517
55,NL0 16 CCGT,NL0 16,1,268.0,43.27286666666667,5472.580873014691,252117.4301841834,1.4666516739679372e6,26532.0
55,NL0 17 CCGT,NL0 17,1,107.0,43.27286666666667,5472.580873014691,100658.82473771497,585566.1534125719,10058.0
55,NL0 18 CCGT,NL0 18,1,112.0,43.27286666666667,5472.580873014691,105362.50813667373,612929.0577776454,11733.511889661288
55,NL0 19 CCGT,NL0 19,1,523.0,53.04262929292929,5472.580873014691,286383.1175012115,2.8621597965866835e6,11442.174094047414
55,NL0 19 biomass,NL0 19,1,49.0,19.979914529914527,5472.580873014691,222758.1975716218,268156.46277771983,8428.0
55,NL0 19 waste,NL0 19,1,36.0,34.1135,5472.580873014691,80359.46567250241,197012.91142852887,5332.541247848382
55,NL0 2 CCGT,NL0 2,1,272.5,43.27286666666667,5472.580873014691,256350.74524324635,1.4912782878965032e6,27943.25819893398
55,NL0 21 CCGT,NL0 21,1,85.0,43.27286666666667,5472.580873014691,79962.61778229696,465169.3742062487,8581.439505383434
55,NL0 22 CCGT,NL0 22,1,100.0,43.27286666666667,5472.580873014691,94073.66797917291,547258.0873014691,10177.109760133895
55,NL0 22 biomass,NL0 22,1,500.0,19.979914529914527,5472.580873014691,2.273042832363489e6,2.7362904365073456e6,88253.71740471417
55,NL0 23 CCGT,NL0 23,1,964.0,43.8530553226903,5472.580873014691,870323.5031578825,5.275567961586162e6,47693.60984839019
55,NL0 24 CCGT,NL0 24,1,684.0,67.50263035262032,5472.580873014691,184434.58658511768,3.7432453171420484e6,10714.13175820294
55,NL0 25 waste,NL0 25,1,54.0,34.1135,5472.580873014691,120539.19850875347,295519.3671427933,8046.0
55,NL0 27 CCGT,NL0 27,1,984.0,43.27286666666667,5472.580873014691,925684.8929150616,5.385019579046456e6,101055.46016280449
55,NL0 27 biomass,NL0 27,1,22.0,19.979914529914527,5472.580873014691,100013.88462399352,120396.7792063232,3784.0
55,NL0 27 waste,NL0 27,1,71.2,34.1135,5472.580873014691,158933.1654411713,389647.758158646,10602.231434855503
55,NL0 28 CCGT,NL0 28,1,144.0,43.27286666666667,5472.580873014691,135466.08189000908,788051.6457141155,14343.210574208275
55,NL0 3 CCGT,NL0 3,1,1907.0,51.41762846054192,5472.580873014691,1.1124058873594762e6,1.0436211724839015e7,58777.980640510395
55,NL0 3 biomass,NL0 3,1,22.0,19.979914529914527,5472.580873014691,100013.88462399352,120396.7792063232,3784.0
55,NL0 3 waste,NL0 3,1,108.0,34.1135,5472.580873014691,241078.39701750697,591038.7342855866,16009.14462755525
55,NL0 30 biomass,NL0 30,1,60.0,19.979914529914527,5472.580873014691,272765.1398836184,328354.85238088144,10320.0
55,NL0 31 CCGT,NL0 31,1,3341.0,85.4787109164719,5472.580873014691,8.169757987421041e-10,1.8283892696742084e7,23559.45397882915
55,NL0 5 CCGT,NL0 5,1,49.6,43.27286666666667,5472.580873014691,46660.53931766979,271440.01130152866,4922.4648358503
55,NL0 6 CCGT,NL0 6,1,1608.4,43.27286666666667,5472.580873014691,1.5130808757770178e6,8.802099076156829e6,160816.38096517397
55,NL0 7 CCGT,NL0 7,1,1398.0,43.6729395310492,5472.580873014691,1.275998747840363e6,7.650668060474538e6,85506.53181069877
55,NL0 7 nuclear,NL0 7,1,515.0,27.322803680981593,5472.580873014691,1.7021457600712706e6,2.818379149602566e6,84102.42124441595
55,NL0 7 waste,NL0 7,1,39.0,34.1135,5472.580873014691,87056.08781187763,213430.65404757296,5699.034509741542
55,NL0 8 CCGT,NL0 8,1,447.0,58.928107624263944,5472.580873014691,189520.23005298054,2.446243650237567e6,8652.104303317305
55,NL0 8 biomass,NL0 8,1,36.0,19.979914529914527,5472.580873014691,163659.0839301714,197012.91142852887,6192.0
55,NL0 8 waste,NL0 8,1,157.0,34.1135,5472.580873014691,350456.55862730206,859195.1970633065,23566.365014864474
55,NL0 9 biomass,NL0 9,1,20.0,19.979914529914527,5472.580873014691,90921.71329453951,109451.61746029381,3440.0
55,NL0 0 0 solar,NL0 0,1,144.0,0.01,59329.06935292875,143777.1718136401,0.0,3495.7738491645578
55,NL0 1 0 solar,NL0 1,1,291.5,0.01,59329.06935292875,279083.88681448676,0.0,6948.705449759602
55,NL0 10 0 solar,NL0 10,1,120.1,0.01,59329.06935292875,123510.80794349074,0.0,3035.911304769089
55,NL0 11 0 solar,NL0 11,1,436.4,0.01,59329.06935292875,411901.3058784065,0.0,10306.481755249355
55,NL0 12 0 solar,NL0 12,1,203.1,0.01,59329.06935292875,191990.80544541523,0.0,4820.92251154439
55,NL0 13 0 solar,NL0 13,1,473.2,0.01,5472.580873014691,452951.73890675174,0.0,11187.121113824795
55,NL0 14 0 solar,NL0 14,1,85.3,0.01,59329.06935292875,84067.00358636606,0.0,2087.7663698282927
55,NL0 15 0 solar,NL0 15,1,369.4,0.01,59329.06935292875,346685.28503442707,0.0,8736.034836219216
55,NL0 16 0 solar,NL0 16,1,68.8,0.01,59329.06935292875,69599.92687591026,0.0,1691.4298225830848
55,NL0 17 0 solar,NL0 17,1,63.1,0.01,59329.06935292875,65394.03954021666,0.0,1589.8866005603036
55,NL0 18 0 solar,NL0 18,1,13.399999999999999,0.01,59329.06935292875,13705.304222902532,0.0,335.710111700008
55,NL0 19 0 solar,NL0 19,1,75.60000000000001,0.01,59329.06935292875,70863.94290967542,0.0,1815.0254919597055
55,NL0 2 0 solar,NL0 2,1,1109.1,0.01,59329.06935292875,1.0323424735205562e6,0.0,26402.661517956996
55,NL0 20 0 solar,NL0 20,1,331.2,0.01,59329.06935292875,320483.9317679877,0.0,7909.5604725700005
55,NL0 21 0 solar,NL0 21,1,40.5,0.01,59329.06935292875,41600.66565576048,0.0,1013.9430253950717
55,NL0 22 0 solar,NL0 22,1,263.3,0.01,59329.06935292875,260617.55609716478,0.0,6361.56546158242
55,NL0 23 0 solar,NL0 23,1,57.1,0.01,59329.06935292875,57564.46412102373,0.0,1403.2936270342718
55,NL0 24 0 solar,NL0 24,1,99.8,0.01,59329.06935292875,98258.96051930617,0.0,2393.4015185461817
55,NL0 25 0 solar,NL0 25,1,663.4,0.01,59329.06935292875,623417.0481376502,0.0,15835.542397299549
55,NL0 26 0 solar,NL0 26,1,156.2,0.01,59329.06935292875,154151.3282016009,0.0,3821.2856187503758
55,NL0 27 0 solar,NL0 27,1,103.1,0.01,59329.06935292875,107361.95522086935,0.0,2649.1257341788905
55,NL0 28 0 solar,NL0 28,1,105.3,0.01,59329.06935292875,100355.16709245981,0.0,2489.1644574964166
55,NL0 3 0 solar,NL0 3,1,84.5,0.01,59329.06935292875,85165.20527245209,0.0,2070.9188767275286
55,NL0 30 0 solar,NL0 30,1,3.6,0.01,59329.06935292875,3668.2574639459576,0.0,89.82355962877534
55,NL0 31 0 solar,NL0 31,1,44.8,0.01,59329.06935292875,42321.02586653224,0.0,1072.8423780802711
55,NL0 4 0 solar,NL0 4,1,142.8,0.01,59329.06935292875,136790.37822099504,0.0,3403.277910451907
55,NL0 5 0 solar,NL0 5,1,351.7,0.01,59329.06935292875,342365.77060283633,0.0,8409.128930464909
55,NL0 6 0 solar,NL0 6,1,260.3,0.01,59329.06935292875,262068.44217328122,0.0,6427.157527688587
55,NL0 7 0 solar,NL0 7,1,553.2,0.01,59329.06935292875,550871.4655114004,0.0,13445.138753780626
55,NL0 8 0 solar,NL0 8,1,79.5,0.01,59329.06935292875,79242.76000531408,0.0,1927.2751274433406
55,NL0 9 0 solar,NL0 9,1,299.5,0.01,5472.580873014691,289172.5962436978,0.0,7188.544634543878
55,NL0 20 0 offwind-ac,NL0 20,1,578.0,0.015,59329.06935292875,2.089704257082107e6,0.0,60162.61497085985
55,NL0 27 0 offwind-ac,NL0 27,1,4583.0,0.015,59329.06935292875,1.836492725802475e7,0.0,504652.25483768753
55,NL0 31 0 offwind-ac,NL0 31,1,600.0,0.015,59329.06935292875,2.3448754266029424e6,0.0,65533.70995494073
55,NL0 32 0 offwind-ac,NL0 32,1,608.0,0.015,59329.06935292875,2.5122772306798655e6,0.0,69624.1028690924
55,NL0 7 0 offwind-ac,NL0 7,1,752.0,0.015,5472.580873014691,3.1154508015855406e6,0.0,84794.19256763809
55,NL0 0 0 onwind,NL0 0,1,59.0,0.015,59329.06935292875,141581.73699949784,0.0,4482.109594119383
55,NL0 1 0 onwind,NL0 1,1,75.0,0.015,59329.06935292875,144987.223672517,0.0,4695.61813158963
55,NL0 10 0 onwind,NL0 10,1,428.0,0.015,5472.580873014691,1.4291400869199412e6,0.0,42471.66180313577
55,NL0 11 0 onwind,NL0 11,1,21.0,0.015,59329.06935292875,40420.12081248227,0.0,1298.8971420342712
55,NL0 12 0 onwind,NL0 12,1,54.0,0.015,59329.06935292875,157750.11158850274,0.0,4825.868590991421
55,NL0 13 0 onwind,NL0 13,1,23.0,0.015,59329.06935292875,48363.225696769005,0.0,1532.6220690771631
55,NL0 14 0 onwind,NL0 14,1,61.0,0.015,59329.06935292875,204206.80020253593,0.0,6037.66177756561
55,NL0 15 0 onwind,NL0 15,1,52.0,0.015,59329.06935292875,110981.05180824433,0.0,3607.5251690491696
55,NL0 17 0 onwind,NL0 17,1,27.0,0.015,59329.06935292875,77212.90743965164,0.0,2356.425423940956
55,NL0 19 0 onwind,NL0 19,1,532.0,0.015,59329.06935292875,1.3460316067230038e6,0.0,41957.66613883625
55,NL0 2 0 onwind,NL0 2,1,472.8,0.015,59329.06935292875,1.0549214371896542e6,0.0,34337.746806742805
55,NL0 20 0 onwind,NL0 20,1,822.2,0.015,59329.06935292875,2.2296443636200447e6,0.0,69336.60955946345
55,NL0 21 0 onwind,NL0 21,1,36.0,0.015,59329.06935292875,104484.76563321071,0.0,3177.3564070712346
55,NL0 22 0 onwind,NL0 22,1,122.7,0.015,59329.06935292875,259097.50094449072,0.0,8224.408273219049
55,NL0 23 0 onwind,NL0 23,1,127.0,0.015,59329.06935292875,371375.7050556639,0.0,11339.523922297043
55,NL0 24 0 onwind,NL0 24,1,33.0,0.015,59329.06935292875,87218.32571815484,0.0,2728.3354574730815
55,NL0 27 0 onwind,NL0 27,1,21.6,0.015,59329.06935292875,74449.90450443185,0.0,2224.104552153539
55,NL0 3 0 onwind,NL0 3,1,284.6,0.015,59329.06935292875,734639.6276889532,0.0,22726.28265135161
55,NL0 30 0 onwind,NL0 30,1,31.0,0.015,59329.06935292875,89651.52416415488,0.0,2753.483397118999
55,NL0 31 0 onwind,NL0 31,1,216.0,0.015,59329.06935292875,634984.0143862665,0.0,19369.54699704878
55,NL0 4 0 onwind,NL0 4,1,287.0,0.015,59329.06935292875,733311.6964016734,0.0,22876.334144418
55,NL0 5 0 onwind,NL0 5,1,21.0,0.015,59329.06935292875,39673.869513893376,0.0,1269.4767956395374
55,NL0 6 0 onwind,NL0 6,1,35.0,0.015,59329.06935292875,65026.749012613116,0.0,2100.9317207969725
55,NL0 7 0 onwind,NL0 7,1,374.3,0.015,59329.06935292875,974864.6796991499,0.0,30159.0744295002
55,NL0 8 0 onwind,NL0 8,1,101.1,0.015,59329.06935292875,229603.3320273519,0.0,7222.360787945649
55,NL0 9 0 onwind,NL0 9,1,35.0,0.015,59329.06935292875,64634.206735854954,0.0,2080.003519178417
56,NL0 0 CCGT,NL0 0,1,575.0,43.272866666666665,4559.065804915241,549273.3321032736,2.6214628378262636e6,60036.17603862423
56,NL0 1 biomass,NL0 1,1,71.0,19.979914529914527,4559.065804915241,323803.09372054576,323693.67214898206,12141.0
56,NL0 1 waste,NL0 1,1,31.0,34.1135,4559.065804915241,69648.58873513309,141331.03995237246,4606.801336573379
56,NL0 10 CCGT,NL0 10,1,507.0,43.27286666666667,4559.065804915241,484315.79021975555,2.311446363092027e6,50450.90677323974
56,NL0 10 waste,NL0 10,1,150.0,34.1135,4559.065804915241,337009.3003312891,683859.870737286,22081.0
56,NL0 11 CCGT,NL0 11,1,72.0,43.27286666666667,4559.065804915241,68778.57375901855,328252.73795389733,7042.0
56,NL0 11 biomass,NL0 11,1,20.0,19.979914529914527,4559.065804915241,91212.13907621006,91181.31609830481,3420.0
56,NL0 11 waste,NL0 11,1,50.0,34.1135,4559.065804915241,112336.43344376296,227953.29024576204,7414.755749841583
56,NL0 13 CCGT,NL0 13,1,50.0,43.27286666666667,4559.065804915241,47762.898443762875,227953.29024576204,4900.0
56,NL0 13 biomass,NL0 13,1,77.0,19.979914529914527,4559.065804915241,351166.73544340883,351048.06697847357,13244.0
56,NL0 16 CCGT,NL0 16,1,268.0,43.27286666666667,4559.065804915241,256009.13565856902,1.2218296357172844e6,27522.319494846888
56,NL0 17 CCGT,NL0 17,1,107.0,43.27286666666667,4559.065804915241,102212.60266965251,487820.04112593073,10217.818742358753
56,NL0 18 CCGT,NL0 18,1,112.0,43.27286666666667,4559.065804915241,106988.89251402885,510615.37015050696,11103.973528431157
56,NL0 19 CCGT,NL0 19,1,523.0,53.04262929292929,4559.065804915241,293977.75169189676,2.384391415970671e6,11442.174093599911
56,NL0 19 biomass,NL0 19,1,49.0,19.979914529914527,4559.065804915241,223469.74073671468,223394.2244408468,8379.0
56,NL0 19 waste,NL0 19,1,36.0,34.1135,4559.065804915241,80882.23207950943,164126.36897694867,5436.0
56,NL0 2 CCGT,NL0 2,1,272.5,43.27286666666667,4559.065804915241,260307.79651850762,1.242345431839403e6,26426.83170076726
56,NL0 21 CCGT,NL0 21,1,85.0,43.27286666666667,4559.065804915241,81196.92735439684,387520.5934177955,8309.780552894581
56,NL0 22 CCGT,NL0 22,1,100.0,43.27286666666667,4559.065804915241,95525.79688752572,455906.5804915241,9919.658314316779
56,NL0 22 biomass,NL0 22,1,500.0,19.979914529914527,4559.065804915241,2.2803034769052533e6,2.2795329024576205e6,88320.47599463072
56,NL0 23 CCGT,NL0 23,1,964.0,43.8530553226903,4559.065804915241,884322.0258344037,4.394939435938292e6,47693.60984839019
56,NL0 24 CCGT,NL0 24,1,684.0,67.50263035262032,4559.065804915241,194367.1483182509,3.1184010105620245e6,10714.131758202999
56,NL0 25 waste,NL0 25,1,54.0,34.1135,4559.065804915241,121323.34811926402,246189.553465423,8111.915471299511
56,NL0 27 CCGT,NL0 27,1,984.0,43.27286666666667,4559.065804915241,939973.8413732538,4.486120752036597e6,100670.75680413823
56,NL0 27 biomass,NL0 27,1,22.0,19.979914529914527,4559.065804915241,100333.35298383114,100299.4477081353,3784.0
56,NL0 27 waste,NL0 27,1,71.2,34.1135,4559.065804915241,159967.08122391845,324605.48530996515,10628.425582024827
56,NL0 28 CCGT,NL0 28,1,144.0,43.27286666666667,4559.065804915241,137557.14751803706,656505.4759077947,13724.253911315129
56,NL0 3 CCGT,NL0 3,1,1907.0,51.41762846054192,4559.065804915241,1.1400979856417642e6,8.694138489973364e6,58777.98064051056
56,NL0 3 biomass,NL0 3,1,22.0,19.979914529914527,4559.065804915241,100333.35298383114,100299.4477081353,3784.0
56,NL0 3 waste,NL0 3,1,108.0,34.1135,4559.065804915241,242646.69623852803,492379.106930846,16139.899394982505
56,NL0 30 biomass,NL0 30,1,60.0,19.979914529914527,4559.065804915241,273636.4172286301,273543.94829491444,10320.0
56,NL0 31 CCGT,NL0 31,1,3341.0,85.4787109164719,4559.065804915241,48515.62682806821,1.5231838854221819e7,23559.453978829402
56,NL0 5 CCGT,NL0 5,1,49.6,43.27286666666667,4559.065804915241,47380.795256212776,226129.66392379595,4910.400000000001
56,NL0 6 CCGT,NL0 6,1,1608.4,43.27286666666667,4559.065804915241,1.5364369171389649e6,7.332801440625673e6,163546.32511296956
56,NL0 7 CCGT,NL0 7,1,1398.0,43.6729395310492,4559.065804915241,1.2962995099791354e6,6.373573995271507e6,85506.53181069877
56,NL0 7 nuclear,NL0 7,1,515.0,27.322803680981593,4559.065804915241,1.7096242239492878e6,2.347918889531349e6,84102.42124441595
56,NL0 7 waste,NL0 7,1,39.0,34.1135,4559.065804915241,87622.41808613524,177803.5663916944,5655.0
56,NL0 8 CCGT,NL0 8,1,447.0,58.928107624263944,4559.065804915241,196011.2462733176,2.0379024147971126e6,8652.104303317405
56,NL0 8 biomass,NL0 8,1,36.0,19.979914529914527,4559.065804915241,164181.8503371784,164126.36897694867,6192.0
56,NL0 8 waste,NL0 8,1,157.0,34.1135,4559.065804915241,352736.401013416,715773.3313716928,23355.707928892185
56,NL0 9 biomass,NL0 9,1,20.0,19.979914529914527,4559.065804915241,91212.13907621006,91181.31609830481,3440.0
56,NL0 0 0 solar,NL0 0,1,144.0,0.01,59329.06935292875,143803.75591553428,0.0,3495.7738491645578
56,NL0 1 0 solar,NL0 1,1,291.5,0.01,4559.065804822429,279083.88681448676,0.0,6948.705449759602
56,NL0 10 0 solar,NL0 10,1,120.1,0.01,59329.06935292875,123510.80794349074,0.0,3035.911304769089
56,NL0 11 0 solar,NL0 11,1,436.4,0.01,4559.065804822429,411901.30587840657,0.0,10306.481755249355
56,NL0 12 0 solar,NL0 12,1,203.1,0.01,4559.065804822429,191990.80544541526,0.0,4820.92251154439
56,NL0 13 0 solar,NL0 13,1,473.2,0.01,59329.06935292875,452951.73890675174,0.0,11187.121113824795
56,NL0 14 0 solar,NL0 14,1,85.3,0.01,4559.065804822429,84083.43083761183,0.0,2087.7663698282927
56,NL0 15 0 solar,NL0 15,1,369.4,0.01,4559.065804822429,346685.28503442707,0.0,8736.034836219216
56,NL0 16 0 solar,NL0 16,1,68.8,0.01,4559.065804822429,69625.18814135814,0.0,1691.4298225830848
56,NL0 17 0 solar,NL0 17,1,63.1,0.01,4559.065804822429,65413.876089659396,0.0,1589.8866005603036
56,NL0 18 0 solar,NL0 18,1,13.399999999999999,0.01,59329.06935292875,13705.304222902532,0.0,335.710111700008
56,NL0 19 0 solar,NL0 19,1,75.60000000000001,0.01,4559.065804822429,70863.94290967542,0.0,1815.0254919597055
56,NL0 2 0 solar,NL0 2,1,1109.1,0.01,59329.06935292875,1.0323424735205562e6,0.0,26402.661517956996
56,NL0 20 0 solar,NL0 20,1,331.2,0.01,4559.065804822429,320483.9317679877,0.0,7909.5604725700005
56,NL0 21 0 solar,NL0 21,1,40.5,0.01,59329.06935292875,41600.66565576048,0.0,1013.9430253950717
56,NL0 22 0 solar,NL0 22,1,263.3,0.01,59329.06935292875,260722.23730921638,0.0,6361.56546158242
56,NL0 23 0 solar,NL0 23,1,57.1,0.01,59329.06935292875,57584.27706892421,0.0,1403.2936270342718
56,NL0 24 0 solar,NL0 24,1,99.8,0.01,59329.06935292875,98278.8706345097,0.0,2393.4015185461817
56,NL0 25 0 solar,NL0 25,1,663.4,0.01,4559.065804822429,623417.0481376504,0.0,15835.542397299549
56,NL0 26 0 solar,NL0 26,1,156.2,0.01,4559.065804822429,154151.3282016009,0.0,3821.2856187503758
56,NL0 27 0 solar,NL0 27,1,103.1,0.01,59329.06935292875,107361.95522086936,0.0,2649.1257341788905
56,NL0 28 0 solar,NL0 28,1,105.3,0.01,4559.065804822429,100355.16709245981,0.0,2489.1644574964166
56,NL0 3 0 solar,NL0 3,1,84.5,0.01,4559.065804822429,85184.44057395979,0.0,2070.9188767275286
56,NL0 30 0 solar,NL0 30,1,3.6,0.01,59329.06935292875,3669.021148782904,0.0,89.82355962877534
56,NL0 31 0 solar,NL0 31,1,44.8,0.01,59329.06935292875,42321.02586653224,0.0,1072.8423780802711
56,NL0 4 0 solar,NL0 4,1,142.8,0.01,4559.065804822429,136790.37822099504,0.0,3403.277910451907
56,NL0 5 0 solar,NL0 5,1,351.7,0.01,59329.06935292875,342365.77060283633,0.0,8409.128930464909
56,NL0 6 0 solar,NL0 6,1,260.3,0.01,59329.06935292875,262068.44217328122,0.0,6427.157527688587
56,NL0 7 0 solar,NL0 7,1,553.2,0.01,4559.065804822429,551045.6940152284,0.0,13445.138753780626
56,NL0 8 0 solar,NL0 8,1,79.5,0.01,4559.065804822429,79291.59762906983,0.0,1927.2751274433406
56,NL0 9 0 solar,NL0 9,1,299.5,0.01,59329.06935292875,289172.5962436978,0.0,7188.544634543878
56,NL0 20 0 offwind-ac,NL0 20,1,578.0,0.015,4559.065804822429,2.089704257082107e6,0.0,55044.42497085987
56,NL0 27 0 offwind-ac,NL0 27,1,4583.0,0.015,59329.06935292875,1.8366377338965002e7,0.0,507543.4516222465
56,NL0 31 0 offwind-ac,NL0 31,1,600.0,0.015,4559.065804822429,2.3448754266029424e6,0.0,65533.70995494073
56,NL0 32 0 offwind-ac,NL0 32,1,608.0,0.015,4559.065804822429,2.512592193031349e6,0.0,70162.48686909239
56,NL0 7 0 offwind-ac,NL0 7,1,752.0,0.015,4559.065804822429,3.1161143467113064e6,0.0,86125.98456763808
56,NL0 0 0 onwind,NL0 0,1,59.0,0.015,4559.065804822429,141599.60648804303,0.0,4482.345107547118
56,NL0 1 0 onwind,NL0 1,1,75.0,0.015,59329.06935292875,145039.08590801407,0.0,4592.658299818788
56,NL0 10 0 onwind,NL0 10,1,428.0,0.015,59329.06935292875,1.4291400869199412e6,0.0,42899.58939304398
56,NL0 11 0 onwind,NL0 11,1,21.0,0.015,59329.06935292875,40431.490047640305,0.0,1335.20493202581
56,NL0 12 0 onwind,NL0 12,1,54.0,0.015,59329.06935292875,157750.11158850274,0.0,4825.868590991421
56,NL0 13 0 onwind,NL0 13,1,23.0,0.015,4559.065804822429,48376.288948955276,0.0,1532.6220690771631
56,NL0 14 0 onwind,NL0 14,1,61.0,0.015,59329.06935292875,204206.80020253593,0.0,5976.66177756561
56,NL0 15 0 onwind,NL0 15,1,52.0,0.015,59329.06935292875,110994.68420092786,0.0,3607.5251690491696
56,NL0 17 0 onwind,NL0 17,1,27.0,0.015,59329.06935292875,77212.90743965164,0.0,2356.425423940956
56,NL0 19 0 onwind,NL0 19,1,532.0,0.015,4559.065804822429,1.3460316067230038e6,0.0,42486.97601131978
56,NL0 2 0 onwind,NL0 2,1,472.8,0.015,59329.06935292875,1.0549214371896542e6,0.0,34337.746806742805
56,NL0 20 0 onwind,NL0 20,1,822.2,0.015,4559.065804822429,2.2296443636200447e6,0.0,69336.60955946345
56,NL0 21 0 onwind,NL0 21,1,36.0,0.015,4559.065804822429,104484.76563321071,0.0,3177.115111693349
56,NL0 22 0 onwind,NL0 22,1,122.7,0.015,59329.06935292875,259171.8983080753,0.0,8070.768412036254
56,NL0 23 0 onwind,NL0 23,1,127.0,0.015,4559.065804822429,371375.7050556639,0.0,11339.523922297043
56,NL0 24 0 onwind,NL0 24,1,33.0,0.015,59329.06935292875,87218.32571815484,0.0,2695.335457473082
56,NL0 27 0 onwind,NL0 27,1,21.6,0.015,4559.065804822429,74449.90450443185,0.0,2180.907877365423
56,NL0 3 0 onwind,NL0 3,1,284.6,0.015,4559.065804822429,734639.6276889532,0.0,22726.28265135161
56,NL0 30 0 onwind,NL0 30,1,31.0,0.015,4559.065804822429,89651.52416415488,0.0,2722.483397118999
56,NL0 31 0 onwind,NL0 31,1,216.0,0.015,59329.06935292875,634984.0143862665,0.0,19369.54699704878
56,NL0 4 0 onwind,NL0 4,1,287.0,0.015,4559.065804822429,733311.6964016734,0.0,22510.591441937933
56,NL0 5 0 onwind,NL0 5,1,21.0,0.015,4559.065804822429,39694.087992228146,0.0,1296.2039909648804
56,NL0 6 0 onwind,NL0 6,1,35.0,0.015,4559.065804822429,65079.86966492946,0.0,2126.9213407013876
56,NL0 7 0 onwind,NL0 7,1,374.3,0.015,4559.065804822429,974864.6796991499,0.0,30159.0744295002
56,NL0 8 0 onwind,NL0 8,1,101.1,0.015,4559.065804822429,229637.34867597854,0.0,7323.460787945647
56,NL0 9 0 onwind,NL0 9,1,35.0,0.015,4559.065804822429,64669.44232150172,0.0,2080.003519178417
57,NL0 0 CCGT,NL0 0,1,575.0,43.272866666666665,5472.580873014767,540923.5908802433,3.1467340019834912e6,68396.44854951458
57,NL0 1 biomass,NL0 1,1,71.0,19.979914529914527,5472.580873014767,322772.0821956148,388553.2419840485,12283.0
57,NL0 1 waste,NL0 1,1,31.0,34.1135,5472.580873014767,69198.42877354358,169650.0070634578,4495.048996597596
57,NL0 10 CCGT,NL0 10,1,507.0,43.27286666666667,5472.580873014767,476953.4966544058,2.774598502618487e6,48165.0
57,NL0 10 waste,NL0 10,1,150.0,34.1135,5472.580873014767,334831.10696875874,820887.130952215,22387.35848553342
57,NL0 11 CCGT,NL0 11,1,72.0,43.27286666666667,5472.580873014767,67733.04094500437,394025.82285706326,5760.0
57,NL0 11 biomass,NL0 11,1,20.0,19.979914529914527,5472.580873014767,90921.71329453944,109451.61746029535,3430.83460802396
57,NL0 11 waste,NL0 11,1,50.0,34.1135,5472.580873014767,111610.36898958628,273629.0436507384,7383.801336573377
57,NL0 13 CCGT,NL0 13,1,50.0,43.27286666666667,5472.580873014767,47036.833989586354,273629.0436507384,3900.0
57,NL0 13 biomass,NL0 13,1,77.0,19.979914529914527,5472.580873014767,350048.596183977,421388.7272221371,13244.0
57,NL0 16 CCGT,NL0 16,1,268.0,43.27286666666667,5472.580873014767,252117.4301841829,1.4666516739679577e6,24388.0
57,NL0 17 CCGT,NL0 17,1,107.0,43.27286666666667,5472.580873014767,100658.82473771478,585566.1534125801,8667.0
57,NL0 18 CCGT,NL0 18,1,112.0,43.27286666666667,5472.580873014767,105362.5081366735,612929.0577776539,9296.0
57,NL0 19 CCGT,NL0 19,1,523.0,53.04262929292929,5472.580873014767,286383.11750121106,2.8621597965867235e6,11442.17409404742
57,NL0 19 biomass,NL0 19,1,49.0,19.979914529914527,5472.580873014767,222758.19757162154,268156.4627777236,8459.980338320405
57,NL0 19 waste,NL0 19,1,36.0,34.1135,5472.580873014767,80359.4656725023,197012.91142853163,5292.0
57,NL0 2 CCGT,NL0 2,1,272.5,43.27286666666667,5472.580873014767,256350.74524324565,1.4912782878965242e6,23435.0
57,NL0 21 CCGT,NL0 21,1,85.0,43.27286666666667,5472.580873014767,79962.6177822968,465169.37420625525,6630.0
57,NL0 22 CCGT,NL0 22,1,100.0,43.27286666666667,5472.580873014767,94073.66797917271,547258.0873014767,8100.0
57,NL0 22 biomass,NL0 22,1,500.0,19.979914529914527,5472.580873014767,2.2730428323634863e6,2.736290436507384e6,88048.09644771487
57,NL0 23 CCGT,NL0 23,1,964.0,43.8530553226903,5472.580873014767,870323.5031578812,5.275567961586236e6,47693.609848430635
57,NL0 24 CCGT,NL0 24,1,684.0,67.50263035262032,5472.580873014767,184434.58658511724,3.743245317142101e6,10714.13175820296
57,NL0 25 waste,NL0 25,1,54.0,34.1135,5472.580873014767,120539.19850875324,295519.36714279745,7909.7091880095095
57,NL0 27 CCGT,NL0 27,1,984.0,43.27286666666667,5472.580873014767,925684.8929150598,5.385019579046531e6,101352.0
57,NL0 27 biomass,NL0 27,1,22.0,19.979914529914527,5472.580873014767,100013.88462399339,120396.77920632488,3762.0
57,NL0 27 waste,NL0 27,1,71.2,34.1135,5472.580873014767,158933.1654411708,389647.7581586515,10537.60000000001
57,NL0 28 CCGT,NL0 28,1,144.0,43.27286666666667,5472.580873014767,135466.08189000873,788051.6457141265,12384.0
57,NL0 3 CCGT,NL0 3,1,1907.0,51.41762846054192,5472.580873014767,1.112405887359474e6,1.0436211724839162e7,58777.98064051048
57,NL0 3 biomass,NL0 3,1,22.0,19.979914529914527,5472.580873014767,100013.88462399339,120396.77920632488,3784.0
57,NL0 3 waste,NL0 3,1,108.0,34.1135,5472.580873014767,241078.39701750648,591038.7342855949,16003.995616193642
57,NL0 30 biomass,NL0 30,1,60.0,19.979914529914527,5472.580873014767,272765.13988361805,328354.85238088603,10380.0
57,NL0 31 CCGT,NL0 31,1,3341.0,85.4787109164719,5472.580873014767,0.0,1.8283892696742337e7,23559.45397882923
57,NL0 5 CCGT,NL0 5,1,49.6,43.27286666666667,5472.580873014767,46660.539317669696,271440.01130153245,3967.999999999995
57,NL0 6 CCGT,NL0 6,1,1608.4,43.27286666666667,5472.580873014767,1.5130808757770145e6,8.802099076156951e6,174339.75242438758
57,NL0 7 CCGT,NL0 7,1,1398.0,43.6729395310492,5472.580873014767,1.2759987478403605e6,7.650668060474644e6,85506.53181073532
57,NL0 7 nuclear,NL0 7,1,515.0,27.322803680981593,5472.580873014767,1.7021457600712674e6,2.818379149602605e6,84102.4212444188
57,NL0 7 waste,NL0 7,1,39.0,34.1135,5472.580873014767,87056.08781187746,213430.65404757592,5654.36328860036
57,NL0 8 CCGT,NL0 8,1,447.0,58.928107624263944,5472.580873014767,189520.23005298025,2.446243650237601e6,8652.104303317314
57,NL0 8 biomass,NL0 8,1,36.0,19.979914529914527,5472.580873014767,163659.08393017127,197012.91142853163,6228.0
57,NL0 8 waste,NL0 8,1,157.0,34.1135,5472.580873014767,350456.5586273015,859195.1970633185,23765.628552106093
57,NL0 9 biomass,NL0 9,1,20.0,19.979914529914527,5472.580873014767,90921.71329453944,109451.61746029535,3404.5646005714607
57,NL0 0 0 solar,NL0 0,1,144.0,0.01,59329.06935292875,143777.17181364,0.0,3495.7738491645578
57,NL0 1 0 solar,NL0 1,1,291.5,0.01,59329.06935292875,279083.88681448647,0.0,6948.705449759602
57,NL0 10 0 solar,NL0 10,1,120.1,0.01,59329.06935292875,123510.80794349064,0.0,3035.911304769089
57,NL0 11 0 solar,NL0 11,1,436.4,0.01,59329.06935292875,411901.3058784061,0.0,10306.481755249355
57,NL0 12 0 solar,NL0 12,1,203.1,0.01,59329.06935292875,191990.8054454151,0.0,4820.92251154439
57,NL0 13 0 solar,NL0 13,1,473.2,0.01,59329.06935292875,452951.73890675127,0.0,11187.121113824795
57,NL0 14 0 solar,NL0 14,1,85.3,0.01,59329.06935292875,84067.003586366,0.0,2087.7663698282927
57,NL0 15 0 solar,NL0 15,1,369.4,0.01,59329.06935292875,346685.28503442655,0.0,8736.034836219216
57,NL0 16 0 solar,NL0 16,1,68.8,0.01,59329.06935292875,69599.92687591023,0.0,1691.4298225830848
57,NL0 17 0 solar,NL0 17,1,63.1,0.01,59329.06935292875,65394.03954021661,0.0,1589.8866005603036
57,NL0 18 0 solar,NL0 18,1,13.399999999999999,0.01,59329.06935292875,13705.304222902527,0.0,335.710111700008
57,NL0 19 0 solar,NL0 19,1,75.60000000000001,0.01,59329.06935292875,70863.94290967533,0.0,1815.0254919597055
57,NL0 2 0 solar,NL0 2,1,1109.1,0.01,59329.06935292875,1.0323424735205551e6,0.0,26402.661517956996
57,NL0 20 0 solar,NL0 20,1,331.2,0.01,59329.06935292875,320483.9317679873,0.0,7909.5604725700005
57,NL0 21 0 solar,NL0 21,1,40.5,0.01,59329.06935292875,41600.66565576045,0.0,1013.9430253950717
57,NL0 22 0 solar,NL0 22,1,263.3,0.01,59329.06935292875,260617.55609716455,0.0,6361.56546158242
57,NL0 23 0 solar,NL0 23,1,57.1,0.01,59329.06935292875,57564.46412102367,0.0,1403.2936270342718
57,NL0 24 0 solar,NL0 24,1,99.8,0.01,59329.06935292875,98258.96051930611,0.0,2393.4015185461817
57,NL0 25 0 solar,NL0 25,1,663.4,0.01,59329.06935292875,623417.0481376499,0.0,15835.542397299549
57,NL0 26 0 solar,NL0 26,1,156.2,0.01,59329.06935292875,154151.32820160073,0.0,3821.2856187503758
57,NL0 27 0 solar,NL0 27,1,103.1,0.01,59329.06935292875,107361.95522086926,0.0,2649.1257341788905
57,NL0 28 0 solar,NL0 28,1,105.3,0.01,59329.06935292875,100355.16709245977,0.0,2489.1644574964166
57,NL0 3 0 solar,NL0 3,1,84.5,0.01,59329.06935292875,85165.20527245197,0.0,2070.9188767275286
57,NL0 30 0 solar,NL0 30,1,3.6,0.01,59329.06935292875,3668.2574639459544,0.0,89.82355962877534
57,NL0 31 0 solar,NL0 31,1,44.8,0.01,59329.06935292875,42321.025866532196,0.0,1072.8423780802711
57,NL0 4 0 solar,NL0 4,1,142.8,0.01,59329.06935292875,136790.3782209949,0.0,3403.277910451907
57,NL0 5 0 solar,NL0 5,1,351.7,0.01,59329.06935292875,342365.7706028359,0.0,8409.128930464909
57,NL0 6 0 solar,NL0 6,1,260.3,0.01,59329.06935292875,262068.44217328104,0.0,6427.157527688587
57,NL0 7 0 solar,NL0 7,1,553.2,0.01,59329.06935292875,550871.4655114,0.0,13445.138753780626
57,NL0 8 0 solar,NL0 8,1,79.5,0.01,59329.06935292875,79242.76000531403,0.0,1927.2751274433406
57,NL0 9 0 solar,NL0 9,1,299.5,0.01,59329.06935292875,289172.5962436975,0.0,7188.544634543878
57,NL0 20 0 offwind-ac,NL0 20,1,578.0,0.015,59329.06935292875,2.089704257082106e6,0.0,58627.157970859866
57,NL0 27 0 offwind-ac,NL0 27,1,4583.0,0.015,59329.06935292875,1.83649272580247e7,0.0,517595.07048146566
57,NL0 31 0 offwind-ac,NL0 31,1,600.0,0.015,59329.06935292875,2.344875426602939e6,0.0,63939.04653190301
57,NL0 32 0 offwind-ac,NL0 32,1,608.0,0.015,59329.06935292875,2.512277230679861e6,0.0,69624.1028690924
57,NL0 7 0 offwind-ac,NL0 7,1,752.0,0.015,59329.06935292875,3.1154508015855392e6,0.0,84123.60005421036
57,NL0 0 0 onwind,NL0 0,1,59.0,0.015,59329.06935292875,141581.73699949763,0.0,4312.1334177333465
57,NL0 1 0 onwind,NL0 1,1,75.0,0.015,59329.06935292875,144987.22367251673,0.0,4461.896721789622
57,NL0 10 0 onwind,NL0 10,1,428.0,0.015,59329.06935292875,1.42914008691994e6,0.0,41613.01930867686
57,NL0 11 0 onwind,NL0 11,1,21.0,0.015,59329.06935292875,40420.12081248223,0.0,1223.759424909239
57,NL0 12 0 onwind,NL0 12,1,54.0,0.015,59329.06935292875,157750.11158850262,0.0,4499.43848981945
57,NL0 13 0 onwind,NL0 13,1,23.0,0.015,59329.06935292875,48363.22569676897,0.0,1407.908563371173
57,NL0 14 0 onwind,NL0 14,1,61.0,0.015,59329.06935292875,204206.80020253576,0.0,5732.66177756561
57,NL0 15 0 onwind,NL0 15,1,52.0,0.015,59329.06935292875,110981.05180824423,0.0,3315.5577541830826
57,NL0 17 0 onwind,NL0 17,1,27.0,0.015,59329.06935292875,77212.9074396515,0.0,2190.399452782317
57,NL0 19 0 onwind,NL0 19,1,532.0,0.015,59329.06935292875,1.3460316067230022e6,0.0,41422.97601131978
57,NL0 2 0 onwind,NL0 2,1,472.8,0.015,59329.06935292875,1.054921437189653e6,0.0,33430.19262123821
57,NL0 20 0 onwind,NL0 20,1,822.2,0.015,59329.06935292875,2.229644363620043e6,0.0,68514.40955946344
57,NL0 21 0 onwind,NL0 21,1,36.0,0.015,59329.06935292875,104484.7656332106,0.0,3024.535973479675
57,NL0 22 0 onwind,NL0 22,1,122.7,0.015,59329.06935292875,259097.50094449046,0.0,7860.24376129831
57,NL0 23 0 onwind,NL0 23,1,127.0,0.015,59329.06935292875,371375.7050556634,0.0,11093.175682684092
57,NL0 24 0 onwind,NL0 24,1,33.0,0.015,59329.06935292875,87218.32571815475,0.0,2565.1240179295637
57,NL0 27 0 onwind,NL0 27,1,21.6,0.015,59329.06935292875,74449.90450443178,0.0,2072.907877365423
57,NL0 3 0 onwind,NL0 3,1,284.6,0.015,59329.06935292875,734639.6276889523,0.0,22722.5819373644
57,NL0 30 0 onwind,NL0 30,1,31.0,0.015,59329.06935292875,89651.5241641548,0.0,2568.4508764440884
57,NL0 31 0 onwind,NL0 31,1,216.0,0.015,59329.06935292875,634984.0143862657,0.0,18711.675564656245
57,NL0 4 0 onwind,NL0 4,1,287.0,0.015,59329.06935292875,733311.6964016726,0.0,22203.360652892447
57,NL0 5 0 onwind,NL0 5,1,21.0,0.015,59329.06935292875,39673.86951389334,0.0,1131.6999578848597
57,NL0 6 0 onwind,NL0 6,1,35.0,0.015,59329.06935292875,65026.74901261303,0.0,1868.5434518383586
57,NL0 7 0 onwind,NL0 7,1,374.3,0.015,59329.06935292875,974864.6796991487,0.0,29154.408492794966
57,NL0 8 0 onwind,NL0 8,1,101.1,0.015,59329.06935292875,229603.33202735163,0.0,6920.486547627501
57,NL0 9 0 onwind,NL0 9,1,35.0,0.015,59329.06935292875,64634.206735854896,0.0,2027.984657333282
58,NL0 0 CCGT,NL0 0,1,575.0,43.272866666666665,5472.580873014767,540923.5908802433,3.1467340019834912e6,68396.44854951458
58,NL0 1 biomass,NL0 1,1,71.0,19.979914529914527,5472.580873014767,322772.0821956148,388553.2419840485,12283.0
58,NL0 1 waste,NL0 1,1,31.0,34.1135,5472.580873014767,69198.42877354358,169650.0070634578,4495.048996597596
58,NL0 10 CCGT,NL0 10,1,507.0,43.27286666666667,5472.580873014767,476953.4966544058,2.774598502618487e6,48165.0
58,NL0 10 waste,NL0 10,1,150.0,34.1135,5472.580873014767,334831.10696875874,820887.130952215,22387.35848553342
58,NL0 11 CCGT,NL0 11,1,72.0,43.27286666666667,5472.580873014767,67733.04094500437,394025.82285706326,5760.0
58,NL0 11 biomass,NL0 11,1,20.0,19.979914529914527,5472.580873014767,90921.71329453944,109451.61746029535,3430.83460802396
58,NL0 11 waste,NL0 11,1,50.0,34.1135,5472.580873014767,111610.36898958628,273629.0436507384,7383.801336573377
58,NL0 13 CCGT,NL0 13,1,50.0,43.27286666666667,5472.580873014767,47036.833989586354,273629.0436507384,3900.0
58,NL0 13 biomass,NL0 13,1,77.0,19.979914529914527,5472.580873014767,350048.596183977,421388.7272221371,13244.0
58,NL0 16 CCGT,NL0 16,1,268.0,43.27286666666667,5472.580873014767,252117.4301841829,1.4666516739679577e6,24388.0
58,NL0 17 CCGT,NL0 17,1,107.0,43.27286666666667,5472.580873014767,100658.82473771478,585566.1534125801,8667.0
58,NL0 18 CCGT,NL0 18,1,112.0,43.27286666666667,5472.580873014767,105362.5081366735,612929.0577776539,9296.0
58,NL0 19 CCGT,NL0 19,1,523.0,53.04262929292929,5472.580873014767,286383.11750121106,2.8621597965867235e6,11442.17409404742
58,NL0 19 biomass,NL0 19,1,49.0,19.979914529914527,5472.580873014767,222758.19757162154,268156.4627777236,8459.980338320405
58,NL0 19 waste,NL0 19,1,36.0,34.1135,5472.580873014767,80359.4656725023,197012.91142853163,5292.0
58,NL0 2 CCGT,NL0 2,1,272.5,43.27286666666667,5472.580873014767,256350.74524324565,1.4912782878965242e6,23435.0
58,NL0 21 CCGT,NL0 21,1,85.0,43.27286666666667,5472.580873014767,79962.6177822968,465169.37420625525,6630.0
58,NL0 22 CCGT,NL0 22,1,100.0,43.27286666666667,5472.580873014767,94073.66797917271,547258.0873014767,8100.0
58,NL0 22 biomass,NL0 22,1,500.0,19.979914529914527,5472.580873014767,2.2730428323634863e6,2.736290436507384e6,88048.09644771487
58,NL0 23 CCGT,NL0 23,1,964.0,43.8530553226903,5472.580873014767,870323.5031578812,5.275567961586236e6,47693.609848430635
58,NL0 24 CCGT,NL0 24,1,684.0,67.50263035262032,5472.580873014767,184434.58658511724,3.743245317142101e6,10714.13175820296
58,NL0 25 waste,NL0 25,1,54.0,34.1135,5472.580873014767,120539.19850875324,295519.36714279745,7909.7091880095095
58,NL0 27 CCGT,NL0 27,1,984.0,43.27286666666667,5472.580873014767,925684.8929150598,5.385019579046531e6,101352.0
58,NL0 27 biomass,NL0 27,1,22.0,19.979914529914527,5472.580873014767,100013.88462399339,120396.77920632488,3762.0
58,NL0 27 waste,NL0 27,1,71.2,34.1135,5472.580873014767,158933.1654411708,389647.7581586515,10537.60000000001
58,NL0 28 CCGT,NL0 28,1,144.0,43.27286666666667,5472.580873014767,135466.08189000873,788051.6457141265,12384.0
58,NL0 3 CCGT,NL0 3,1,1907.0,51.41762846054192,5472.580873014767,1.112405887359474e6,1.0436211724839162e7,58777.98064051048
58,NL0 3 biomass,NL0 3,1,22.0,19.979914529914527,5472.580873014767,100013.88462399339,120396.77920632488,3784.0
58,NL0 3 waste,NL0 3,1,108.0,34.1135,5472.580873014767,241078.39701750648,591038.7342855949,16003.995616193642
58,NL0 30 biomass,NL0 30,1,60.0,19.979914529914527,5472.580873014767,272765.13988361805,328354.85238088603,10380.0
58,NL0 31 CCGT,NL0 31,1,3341.0,85.4787109164719,5472.580873014767,0.0,1.8283892696742337e7,23559.45397882923
58,NL0 5 CCGT,NL0 5,1,49.6,43.27286666666667,5472.580873014767,46660.539317669696,271440.01130153245,3967.999999999995
58,NL0 6 CCGT,NL0 6,1,1608.4,43.27286666666667,5472.580873014767,1.5130808757770145e6,8.802099076156951e6,174339.75242438758
58,NL0 7 CCGT,NL0 7,1,1398.0,43.6729395310492,5472.580873014767,1.2759987478403605e6,7.650668060474644e6,85506.53181073532
58,NL0 7 nuclear,NL0 7,1,515.0,27.322803680981593,5472.580873014767,1.7021457600712674e6,2.818379149602605e6,84102.4212444188
58,NL0 7 waste,NL0 7,1,39.0,34.1135,5472.580873014767,87056.08781187746,213430.65404757592,5654.36328860036
58,NL0 8 CCGT,NL0 8,1,447.0,58.928107624263944,5472.580873014767,189520.23005298025,2.446243650237601e6,8652.104303317314
58,NL0 8 biomass,NL0 8,1,36.0,19.979914529914527,5472.580873014767,163659.08393017127,197012.91142853163,6228.0
58,NL0 8 waste,NL0 8,1,157.0,34.1135,5472.580873014767,350456.5586273015,859195.1970633185,23765.628552106093
58,NL0 9 biomass,NL0 9,1,20.0,19.979914529914527,5472.580873014767,90921.71329453944,109451.61746029535,3404.5646005714607
58,NL0 0 0 solar,NL0 0,1,144.0,0.01,59329.06935292875,143777.17181364,0.0,3495.7738491645578
58,NL0 1 0 solar,NL0 1,1,291.5,0.01,59329.06935292875,279083.88681448647,0.0,6948.705449759602
58,NL0 10 0 solar,NL0 10,1,120.1,0.01,59329.06935292875,123510.80794349064,0.0,3035.911304769089
58,NL0 11 0 solar,NL0 11,1,436.4,0.01,59329.06935292875,411901.3058784061,0.0,10306.481755249355
58,NL0 12 0 solar,NL0 12,1,203.1,0.01,59329.06935292875,191990.8054454151,0.0,4820.92251154439
58,NL0 13 0 solar,NL0 13,1,473.2,0.01,59329.06935292875,452951.73890675127,0.0,11187.121113824795
58,NL0 14 0 solar,NL0 14,1,85.3,0.01,59329.06935292875,84067.003586366,0.0,2087.7663698282927
58,NL0 15 0 solar,NL0 15,1,369.4,0.01,59329.06935292875,346685.28503442655,0.0,8736.034836219216
58,NL0 16 0 solar,NL0 16,1,68.8,0.01,59329.06935292875,69599.92687591023,0.0,1691.4298225830848
58,NL0 17 0 solar,NL0 17,1,63.1,0.01,59329.06935292875,65394.03954021661,0.0,1589.8866005603036
58,NL0 18 0 solar,NL0 18,1,13.399999999999999,0.01,59329.06935292875,13705.304222902527,0.0,335.710111700008
58,NL0 19 0 solar,NL0 19,1,75.60000000000001,0.01,59329.06935292875,70863.94290967533,0.0,1815.0254919597055
58,NL0 2 0 solar,NL0 2,1,1109.1,0.01,59329.06935292875,1.0323424735205551e6,0.0,26402.661517956996
58,NL0 20 0 solar,NL0 20,1,331.2,0.01,59329.06935292875,320483.9317679873,0.0,7909.5604725700005
58,NL0 21 0 solar,NL0 21,1,40.5,0.01,59329.06935292875,41600.66565576045,0.0,1013.9430253950717
58,NL0 22 0 solar,NL0 22,1,263.3,0.01,59329.06935292875,260617.55609716455,0.0,6361.56546158242
58,NL0 23 0 solar,NL0 23,1,57.1,0.01,59329.06935292875,57564.46412102367,0.0,1403.2936270342718
58,NL0 24 0 solar,NL0 24,1,99.8,0.01,59329.06935292875,98258.96051930611,0.0,2393.4015185461817
58,NL0 25 0 solar,NL0 25,1,663.4,0.01,59329.06935292875,623417.0481376499,0.0,15835.542397299549
58,NL0 26 0 solar,NL0 26,1,156.2,0.01,59329.06935292875,154151.32820160073,0.0,3821.2856187503758
58,NL0 27 0 solar,NL0 27,1,103.1,0.01,59329.06935292875,107361.95522086926,0.0,2649.1257341788905
58,NL0 28 0 solar,NL0 28,1,105.3,0.01,59329.06935292875,100355.16709245977,0.0,2489.1644574964166
58,NL0 3 0 solar,NL0 3,1,84.5,0.01,59329.06935292875,85165.20527245197,0.0,2070.9188767275286
58,NL0 30 0 solar,NL0 30,1,3.6,0.01,59329.06935292875,3668.2574639459544,0.0,89.82355962877534
58,NL0 31 0 solar,NL0 31,1,44.8,0.01,59329.06935292875,42321.025866532196,0.0,1072.8423780802711
58,NL0 4 0 solar,NL0 4,1,142.8,0.01,59329.06935292875,136790.3782209949,0.0,3403.277910451907
58,NL0 5 0 solar,NL0 5,1,351.7,0.01,59329.06935292875,342365.7706028359,0.0,8409.128930464909
58,NL0 6 0 solar,NL0 6,1,260.3,0.01,59329.06935292875,262068.44217328104,0.0,6427.157527688587
58,NL0 7 0 solar,NL0 7,1,553.2,0.01,59329.06935292875,550871.4655114,0.0,13445.138753780626
58,NL0 8 0 solar,NL0 8,1,79.5,0.01,59329.06935292875,79242.76000531403,0.0,1927.2751274433406
58,NL0 9 0 solar,NL0 9,1,299.5,0.01,59329.06935292875,289172.5962436975,0.0,7188.544634543878
58,NL0 20 0 offwind-ac,NL0 20,1,578.0,0.015,59329.06935292875,2.089704257082106e6,0.0,58627.157970859866
58,NL0 27 0 offwind-ac,NL0 27,1,4583.0,0.015,59329.06935292875,1.83649272580247e7,0.0,517595.07048146566
58,NL0 31 0 offwind-ac,NL0 31,1,600.0,0.015,59329.06935292875,2.344875426602939e6,0.0,63939.04653190301
58,NL0 32 0 offwind-ac,NL0 32,1,608.0,0.015,59329.06935292875,2.512277230679861e6,0.0,69624.1028690924
58,NL0 7 0 offwind-ac,NL0 7,1,752.0,0.015,59329.06935292875,3.1154508015855392e6,0.0,84123.60005421036
58,NL0 0 0 onwind,NL0 0,1,59.0,0.015,59329.06935292875,141581.73699949763,0.0,4312.1334177333465
58,NL0 1 0 onwind,NL0 1,1,75.0,0.015,59329.06935292875,144987.22367251673,0.0,4461.896721789622
58,NL0 10 0 onwind,NL0 10,1,428.0,0.015,59329.06935292875,1.42914008691994e6,0.0,41613.01930867686
58,NL0 11 0 onwind,NL0 11,1,21.0,0.015,59329.06935292875,40420.12081248223,0.0,1223.759424909239
58,NL0 12 0 onwind,NL0 12,1,54.0,0.015,59329.06935292875,157750.11158850262,0.0,4499.43848981945
58,NL0 13 0 onwind,NL0 13,1,23.0,0.015,59329.06935292875,48363.22569676897,0.0,1407.908563371173
58,NL0 14 0 onwind,NL0 14,1,61.0,0.015,59329.06935292875,204206.80020253576,0.0,5732.66177756561
58,NL0 15 0 onwind,NL0 15,1,52.0,0.015,59329.06935292875,110981.05180824423,0.0,3315.5577541830826
58,NL0 17 0 onwind,NL0 17,1,27.0,0.015,59329.06935292875,77212.9074396515,0.0,2190.399452782317
58,NL0 19 0 onwind,NL0 19,1,532.0,0.015,59329.06935292875,1.3460316067230022e6,0.0,41422.97601131978
58,NL0 2 0 onwind,NL0 2,1,472.8,0.015,59329.06935292875,1.054921437189653e6,0.0,33430.19262123821
58,NL0 20 0 onwind,NL0 20,1,822.2,0.015,59329.06935292875,2.229644363620043e6,0.0,68514.40955946344
58,NL0 21 0 onwind,NL0 21,1,36.0,0.015,59329.06935292875,104484.7656332106,0.0,3024.535973479675
58,NL0 22 0 onwind,NL0 22,1,122.7,0.015,59329.06935292875,259097.50094449046,0.0,7860.24376129831
58,NL0 23 0 onwind,NL0 23,1,127.0,0.015,59329.06935292875,371375.7050556634,0.0,11093.175682684092
58,NL0 24 0 onwind,NL0 24,1,33.0,0.015,59329.06935292875,87218.32571815475,0.0,2565.1240179295637
58,NL0 27 0 onwind,NL0 27,1,21.6,0.015,59329.06935292875,74449.90450443178,0.0,2072.907877365423
58,NL0 3 0 onwind,NL0 3,1,284.6,0.015,59329.06935292875,734639.6276889523,0.0,22722.5819373644
58,NL0 30 0 onwind,NL0 30,1,31.0,0.015,59329.06935292875,89651.5241641548,0.0,2568.4508764440884
58,NL0 31 0 onwind,NL0 31,1,216.0,0.015,59329.06935292875,634984.0143862657,0.0,18711.675564656245
58,NL0 4 0 onwind,NL0 4,1,287.0,0.015,59329.06935292875,733311.6964016726,0.0,22203.360652892447
58,NL0 5 0 onwind,NL0 5,1,21.0,0.015,59329.06935292875,39673.86951389334,0.0,1131.6999578848597
58,NL0 6 0 onwind,NL0 6,1,35.0,0.015,59329.06935292875,65026.74901261303,0.0,1868.5434518383586
58,NL0 7 0 onwind,NL0 7,1,374.3,0.015,59329.06935292875,974864.6796991487,0.0,29154.408492794966
58,NL0 8 0 onwind,NL0 8,1,101.1,0.015,59329.06935292875,229603.33202735163,0.0,6920.486547627501
58,NL0 9 0 onwind,NL0 9,1,35.0,0.015,59329.06935292875,64634.206735854896,0.0,2027.984657333282
59,NL0 0 CCGT,NL0 0,1,575.0,43.272866666666665,5472.580873014767,540923.5908802433,3.1467340019834912e6,68396.44854951458
59,NL0 1 biomass,NL0 1,1,71.0,19.979914529914527,5472.580873014767,322772.0821956148,388553.2419840485,12283.0
59,NL0 1 waste,NL0 1,1,31.0,34.1135,5472.580873014767,69198.42877354358,169650.0070634578,4495.048996597596
59,NL0 10 CCGT,NL0 10,1,507.0,43.27286666666667,5472.580873014767,476953.4966544058,2.774598502618487e6,48165.0
59,NL0 10 waste,NL0 10,1,150.0,34.1135,5472.580873014767,334831.10696875874,820887.130952215,22387.35848553342
59,NL0 11 CCGT,NL0 11,1,72.0,43.27286666666667,5472.580873014767,67733.04094500437,394025.82285706326,5760.0
59,NL0 11 biomass,NL0 11,1,20.0,19.979914529914527,5472.580873014767,90921.71329453944,109451.61746029535,3430.83460802396
59,NL0 11 waste,NL0 11,1,50.0,34.1135,5472.580873014767,111610.36898958628,273629.0436507384,7383.801336573377
59,NL0 13 CCGT,NL0 13,1,50.0,43.27286666666667,5472.580873014767,47036.833989586354,273629.0436507384,3900.0
59,NL0 13 biomass,NL0 13,1,77.0,19.979914529914527,5472.580873014767,350048.596183977,421388.7272221371,13244.0
59,NL0 16 CCGT,NL0 16,1,268.0,43.27286666666667,5472.580873014767,252117.4301841829,1.4666516739679577e6,24388.0
59,NL0 17 CCGT,NL0 17,1,107.0,43.27286666666667,5472.580873014767,100658.82473771478,585566.1534125801,8667.0
59,NL0 18 CCGT,NL0 18,1,112.0,43.27286666666667,5472.580873014767,105362.5081366735,612929.0577776539,9296.0
59,NL0 19 CCGT,NL0 19,1,523.0,53.04262929292929,5472.580873014767,286383.11750121106,2.8621597965867235e6,11442.17409404742
59,NL0 19 biomass,NL0 19,1,49.0,19.979914529914527,5472.580873014767,222758.19757162154,268156.4627777236,8459.980338320405
59,NL0 19 waste,NL0 19,1,36.0,34.1135,5472.580873014767,80359.4656725023,197012.91142853163,5292.0
59,NL0 2 CCGT,NL0 2,1,272.5,43.27286666666667,5472.580873014767,256350.74524324565,1.4912782878965242e6,23435.0
59,NL0 21 CCGT,NL0 21,1,85.0,43.27286666666667,5472.580873014767,79962.6177822968,465169.37420625525,6630.0
59,NL0 22 CCGT,NL0 22,1,100.0,43.27286666666667,5472.580873014767,94073.66797917271,547258.0873014767,8100.0
59,NL0 22 biomass,NL0 22,1,500.0,19.979914529914527,5472.580873014767,2.2730428323634863e6,2.736290436507384e6,88048.09644771487
59,NL0 23 CCGT,NL0 23,1,964.0,43.8530553226903,5472.580873014767,870323.5031578812,5.275567961586236e6,47693.609848430635
59,NL0 24 CCGT,NL0 24,1,684.0,67.50263035262032,5472.580873014767,184434.58658511724,3.743245317142101e6,10714.13175820296
59,NL0 25 waste,NL0 25,1,54.0,34.1135,5472.580873014767,120539.19850875324,295519.36714279745,7909.7091880095095
59,NL0 27 CCGT,NL0 27,1,984.0,43.27286666666667,5472.580873014767,925684.8929150598,5.385019579046531e6,101352.0
59,NL0 27 biomass,NL0 27,1,22.0,19.979914529914527,5472.580873014767,100013.88462399339,120396.77920632488,3762.0
59,NL0 27 waste,NL0 27,1,71.2,34.1135,5472.580873014767,158933.1654411708,389647.7581586515,10537.60000000001
59,NL0 28 CCGT,NL0 28,1,144.0,43.27286666666667,5472.580873014767,135466.08189000873,788051.6457141265,12384.0
59,NL0 3 CCGT,NL0 3,1,1907.0,51.41762846054192,5472.580873014767,1.112405887359474e6,1.0436211724839162e7,58777.98064051048
59,NL0 3 biomass,NL0 3,1,22.0,19.979914529914527,5472.580873014767,100013.88462399339,120396.77920632488,3784.0
59,NL0 3 waste,NL0 3,1,108.0,34.1135,5472.580873014767,241078.39701750648,591038.7342855949,16003.995616193642
59,NL0 30 biomass,NL0 30,1,60.0,19.979914529914527,5472.580873014767,272765.13988361805,328354.85238088603,10380.0
59,NL0 31 CCGT,NL0 31,1,3341.0,85.4787109164719,5472.580873014767,0.0,1.8283892696742337e7,23559.45397882923
59,NL0 5 CCGT,NL0 5,1,49.6,43.27286666666667,5472.580873014767,46660.539317669696,271440.01130153245,3967.999999999995
59,NL0 6 CCGT,NL0 6,1,1608.4,43.27286666666667,5472.580873014767,1.5130808757770145e6,8.802099076156951e6,174339.75242438758
59,NL0 7 CCGT,NL0 7,1,1398.0,43.6729395310492,5472.580873014767,1.2759987478403605e6,7.650668060474644e6,85506.53181073532
59,NL0 7 nuclear,NL0 7,1,515.0,27.322803680981593,5472.580873014767,1.7021457600712674e6,2.818379149602605e6,84102.4212444188
59,NL0 7 waste,NL0 7,1,39.0,34.1135,5472.580873014767,87056.08781187746,213430.65404757592,5654.36328860036
59,NL0 8 CCGT,NL0 8,1,447.0,58.928107624263944,5472.580873014767,189520.23005298025,2.446243650237601e6,8652.104303317314
59,NL0 8 biomass,NL0 8,1,36.0,19.979914529914527,5472.580873014767,163659.08393017127,197012.91142853163,6228.0
59,NL0 8 waste,NL0 8,1,157.0,34.1135,5472.580873014767,350456.5586273015,859195.1970633185,23765.628552106093
59,NL0 9 biomass,NL0 9,1,20.0,19.979914529914527,5472.580873014767,90921.71329453944,109451.61746029535,3404.5646005714607
59,NL0 0 0 solar,NL0 0,1,144.0,0.01,59329.06935292875,143777.17181364,0.0,3495.7738491645578
59,NL0 1 0 solar,NL0 1,1,291.5,0.01,59329.06935292875,279083.88681448647,0.0,6948.705449759602
59,NL0 10 0 solar,NL0 10,1,120.1,0.01,59329.06935292875,123510.80794349064,0.0,3035.911304769089
59,NL0 11 0 solar,NL0 11,1,436.4,0.01,59329.06935292875,411901.3058784061,0.0,10306.481755249355
59,NL0 12 0 solar,NL0 12,1,203.1,0.01,59329.06935292875,191990.8054454151,0.0,4820.92251154439
59,NL0 13 0 solar,NL0 13,1,473.2,0.01,59329.06935292875,452951.73890675127,0.0,11187.121113824795
59,NL0 14 0 solar,NL0 14,1,85.3,0.01,59329.06935292875,84067.003586366,0.0,2087.7663698282927
59,NL0 15 0 solar,NL0 15,1,369.4,0.01,59329.06935292875,346685.28503442655,0.0,8736.034836219216
59,NL0 16 0 solar,NL0 16,1,68.8,0.01,59329.06935292875,69599.92687591023,0.0,1691.4298225830848
59,NL0 17 0 solar,NL0 17,1,63.1,0.01,59329.06935292875,65394.03954021661,0.0,1589.8866005603036
59,NL0 18 0 solar,NL0 18,1,13.399999999999999,0.01,59329.06935292875,13705.304222902527,0.0,335.710111700008
59,NL0 19 0 solar,NL0 19,1,75.60000000000001,0.01,59329.06935292875,70863.94290967533,0.0,1815.0254919597055
59,NL0 2 0 solar,NL0 2,1,1109.1,0.01,59329.06935292875,1.0323424735205551e6,0.0,26402.661517956996
59,NL0 20 0 solar,NL0 20,1,331.2,0.01,59329.06935292875,320483.9317679873,0.0,7909.5604725700005
59,NL0 21 0 solar,NL0 21,1,40.5,0.01,59329.06935292875,41600.66565576045,0.0,1013.9430253950717
59,NL0 22 0 solar,NL0 22,1,263.3,0.01,59329.06935292875,260617.55609716455,0.0,6361.56546158242
59,NL0 23 0 solar,NL0 23,1,57.1,0.01,59329.06935292875,57564.46412102367,0.0,1403.2936270342718
59,NL0 24 0 solar,NL0 24,1,99.8,0.01,59329.06935292875,98258.96051930611,0.0,2393.4015185461817
59,NL0 25 0 solar,NL0 25,1,663.4,0.01,59329.06935292875,623417.0481376499,0.0,15835.542397299549
59,NL0 26 0 solar,NL0 26,1,156.2,0.01,59329.06935292875,154151.32820160073,0.0,3821.2856187503758
59,NL0 27 0 solar,NL0 27,1,103.1,0.01,59329.06935292875,107361.95522086926,0.0,2649.1257341788905
59,NL0 28 0 solar,NL0 28,1,105.3,0.01,59329.06935292875,100355.16709245977,0.0,2489.1644574964166
59,NL0 3 0 solar,NL0 3,1,84.5,0.01,59329.06935292875,85165.20527245197,0.0,2070.9188767275286
59,NL0 30 0 solar,NL0 30,1,3.6,0.01,59329.06935292875,3668.2574639459544,0.0,89.82355962877534
59,NL0 31 0 solar,NL0 31,1,44.8,0.01,59329.06935292875,42321.025866532196,0.0,1072.8423780802711
59,NL0 4 0 solar,NL0 4,1,142.8,0.01,59329.06935292875,136790.3782209949,0.0,3403.277910451907
59,NL0 5 0 solar,NL0 5,1,351.7,0.01,59329.06935292875,342365.7706028359,0.0,8409.128930464909
59,NL0 6 0 solar,NL0 6,1,260.3,0.01,59329.06935292875,262068.44217328104,0.0,6427.157527688587
59,NL0 7 0 solar,NL0 7,1,553.2,0.01,59329.06935292875,550871.4655114,0.0,13445.138753780626
59,NL0 8 0 solar,NL0 8,1,79.5,0.01,59329.06935292875,79242.76000531403,0.0,1927.2751274433406
59,NL0 9 0 solar,NL0 9,1,299.5,0.01,59329.06935292875,289172.5962436975,0.0,7188.544634543878
59,NL0 20 0 offwind-ac,NL0 20,1,578.0,0.015,59329.06935292875,2.089704257082106e6,0.0,58627.157970859866
59,NL0 27 0 offwind-ac,NL0 27,1,4583.0,0.015,59329.06935292875,1.83649272580247e7,0.0,517595.07048146566
59,NL0 31 0 offwind-ac,NL0 31,1,600.0,0.015,59329.06935292875,2.344875426602939e6,0.0,63939.04653190301
59,NL0 32 0 offwind-ac,NL0 32,1,608.0,0.015,59329.06935292875,2.512277230679861e6,0.0,69624.1028690924
59,NL0 7 0 offwind-ac,NL0 7,1,752.0,0.015,59329.06935292875,3.1154508015855392e6,0.0,84123.60005421036
59,NL0 0 0 onwind,NL0 0,1,59.0,0.015,59329.06935292875,141581.73699949763,0.0,4312.1334177333465
59,NL0 1 0 onwind,NL0 1,1,75.0,0.015,59329.06935292875,144987.22367251673,0.0,4461.896721789622
59,NL0 10 0 onwind,NL0 10,1,428.0,0.015,59329.06935292875,1.42914008691994e6,0.0,41613.01930867686
59,NL0 11 0 onwind,NL0 11,1,21.0,0.015,59329.06935292875,40420.12081248223,0.0,1223.759424909239
59,NL0 12 0 onwind,NL0 12,1,54.0,0.015,59329.06935292875,157750.11158850262,0.0,4499.43848981945
59,NL0 13 0 onwind,NL0 13,1,23.0,0.015,59329.06935292875,48363.22569676897,0.0,1407.908563371173
59,NL0 14 0 onwind,NL0 14,1,61.0,0.015,59329.06935292875,204206.80020253576,0.0,5732.66177756561
59,NL0 15 0 onwind,NL0 15,1,52.0,0.015,59329.06935292875,110981.05180824423,0.0,3315.5577541830826
59,NL0 17 0 onwind,NL0 17,1,27.0,0.015,59329.06935292875,77212.9074396515,0.0,2190.399452782317
59,NL0 19 0 onwind,NL0 19,1,532.0,0.015,59329.06935292875,1.3460316067230022e6,0.0,41422.97601131978
59,NL0 2 0 onwind,NL0 2,1,472.8,0.015,59329.06935292875,1.054921437189653e6,0.0,33430.19262123821
59,NL0 20 0 onwind,NL0 20,1,822.2,0.015,59329.06935292875,2.229644363620043e6,0.0,68514.40955946344
59,NL0 21 0 onwind,NL0 21,1,36.0,0.015,59329.06935292875,104484.7656332106,0.0,3024.535973479675
59,NL0 22 0 onwind,NL0 22,1,122.7,0.015,59329.06935292875,259097.50094449046,0.0,7860.24376129831
59,NL0 23 0 onwind,NL0 23,1,127.0,0.015,59329.06935292875,371375.7050556634,0.0,11093.175682684092
59,NL0 24 0 onwind,NL0 24,1,33.0,0.015,59329.06935292875,87218.32571815475,0.0,2565.1240179295637
59,NL0 27 0 onwind,NL0 27,1,21.6,0.015,59329.06935292875,74449.90450443178,0.0,2072.907877365423
59,NL0 3 0 onwind,NL0 3,1,284.6,0.015,59329.06935292875,734639.6276889523,0.0,22722.5819373644
59,NL0 30 0 onwind,NL0 30,1,31.0,0.015,59329.06935292875,89651.5241641548,0.0,2568.4508764440884
59,NL0 31 0 onwind,NL0 31,1,216.0,0.015,59329.06935292875,634984.0143862657,0.0,18711.675564656245
59,NL0 4 0 onwind,NL0 4,1,287.0,0.015,59329.06935292875,733311.6964016726,0.0,22203.360652892447
59,NL0 5 0 onwind,NL0 5,1,21.0,0.015,59329.06935292875,39673.86951389334,0.0,1131.6999578848597
59,NL0 6 0 onwind,NL0 6,1,35.0,0.015,59329.06935292875,65026.74901261303,0.0,1868.5434518383586
59,NL0 7 0 onwind,NL0 7,1,374.3,0.015,59329.06935292875,974864.6796991487,0.0,29154.408492794966
59,NL0 8 0 onwind,NL0 8,1,101.1,0.015,59329.06935292875,229603.33202735163,0.0,6920.486547627501
59,NL0 9 0 onwind,NL0 9,1,35.0,0.015,59329.06935292875,64634.206735854896,0.0,2027.984657333282
60,NL0 0 CCGT,NL0 0,1,575.0,43.272866666666665,5472.580873014767,540923.5908802433,3.1467340019834912e6,68396.44854951458
60,NL0 1 biomass,NL0 1,1,71.0,19.979914529914527,5472.580873014767,322772.0821956148,388553.2419840485,12283.0
60,NL0 1 waste,NL0 1,1,31.0,34.1135,5472.580873014767,69198.42877354358,169650.0070634578,4495.048996597596
60,NL0 10 CCGT,NL0 10,1,507.0,43.27286666666667,5472.580873014767,476953.4966544058,2.774598502618487e6,48165.0
60,NL0 10 waste,NL0 10,1,150.0,34.1135,5472.580873014767,334831.10696875874,820887.130952215,22387.35848553342
60,NL0 11 CCGT,NL0 11,1,72.0,43.27286666666667,5472.580873014767,67733.04094500437,394025.82285706326,5760.0
60,NL0 11 biomass,NL0 11,1,20.0,19.979914529914527,5472.580873014767,90921.71329453944,109451.61746029535,3430.83460802396
60,NL0 11 waste,NL0 11,1,50.0,34.1135,5472.580873014767,111610.36898958628,273629.0436507384,7383.801336573377
60,NL0 13 CCGT,NL0 13,1,50.0,43.27286666666667,5472.580873014767,47036.833989586354,273629.0436507384,3900.0
60,NL0 13 biomass,NL0 13,1,77.0,19.979914529914527,5472.580873014767,350048.596183977,421388.7272221371,13244.0
60,NL0 16 CCGT,NL0 16,1,268.0,43.27286666666667,5472.580873014767,252117.4301841829,1.4666516739679577e6,24388.0
60,NL0 17 CCGT,NL0 17,1,107.0,43.27286666666667,5472.580873014767,100658.82473771478,585566.1534125801,8667.0
60,NL0 18 CCGT,NL0 18,1,112.0,43.27286666666667,5472.580873014767,105362.5081366735,612929.0577776539,9296.0
60,NL0 19 CCGT,NL0 19,1,523.0,53.04262929292929,5472.580873014767,286383.11750121106,2.8621597965867235e6,11442.17409404742
60,NL0 19 biomass,NL0 19,1,49.0,19.979914529914527,5472.580873014767,222758.19757162154,268156.4627777236,8459.980338320405
60,NL0 19 waste,NL0 19,1,36.0,34.1135,5472.580873014767,80359.4656725023,197012.91142853163,5292.0
60,NL0 2 CCGT,NL0 2,1,272.5,43.27286666666667,5472.580873014767,256350.74524324565,1.4912782878965242e6,23435.0
60,NL0 21 CCGT,NL0 21,1,85.0,43.27286666666667,5472.580873014767,79962.6177822968,465169.37420625525,6630.0
60,NL0 22 CCGT,NL0 22,1,100.0,43.27286666666667,5472.580873014767,94073.66797917271,547258.0873014767,8100.0
60,NL0 22 biomass,NL0 22,1,500.0,19.979914529914527,5472.580873014767,2.2730428323634863e6,2.736290436507384e6,88048.09644771487
60,NL0 23 CCGT,NL0 23,1,964.0,43.8530553226903,5472.580873014767,870323.5031578812,5.275567961586236e6,47693.609848430635
60,NL0 24 CCGT,NL0 24,1,684.0,67.50263035262032,5472.580873014767,184434.58658511724,3.743245317142101e6,10714.13175820296
60,NL0 25 waste,NL0 25,1,54.0,34.1135,5472.580873014767,120539.19850875324,295519.36714279745,7909.7091880095095
60,NL0 27 CCGT,NL0 27,1,984.0,43.27286666666667,5472.580873014767,925684.8929150598,5.385019579046531e6,101352.0
60,NL0 27 biomass,NL0 27,1,22.0,19.979914529914527,5472.580873014767,100013.88462399339,120396.77920632488,3762.0
60,NL0 27 waste,NL0 27,1,71.2,34.1135,5472.580873014767,158933.1654411708,389647.7581586515,10537.60000000001
60,NL0 28 CCGT,NL0 28,1,144.0,43.27286666666667,5472.580873014767,135466.08189000873,788051.6457141265,12384.0
60,NL0 3 CCGT,NL0 3,1,1907.0,51.41762846054192,5472.580873014767,1.112405887359474e6,1.0436211724839162e7,58777.98064051048
60,NL0 3 biomass,NL0 3,1,22.0,19.979914529914527,5472.580873014767,100013.88462399339,120396.77920632488,3784.0
60,NL0 3 waste,NL0 3,1,108.0,34.1135,5472.580873014767,241078.39701750648,591038.7342855949,16003.995616193642
60,NL0 30 biomass,NL0 30,1,60.0,19.979914529914527,5472.580873014767,272765.13988361805,328354.85238088603,10380.0
60,NL0 31 CCGT,NL0 31,1,3341.0,85.4787109164719,5472.580873014767,0.0,1.8283892696742337e7,23559.45397882923
60,NL0 5 CCGT,NL0 5,1,49.6,43.27286666666667,5472.580873014767,46660.539317669696,271440.01130153245,3967.999999999995
60,NL0 6 CCGT,NL0 6,1,1608.4,43.27286666666667,5472.580873014767,1.5130808757770145e6,8.802099076156951e6,174339.75242438758
60,NL0 7 CCGT,NL0 7,1,1398.0,43.6729395310492,5472.580873014767,1.2759987478403605e6,7.650668060474644e6,85506.53181073532
60,NL0 7 nuclear,NL0 7,1,515.0,27.322803680981593,5472.580873014767,1.7021457600712674e6,2.818379149602605e6,84102.4212444188
60,NL0 7 waste,NL0 7,1,39.0,34.1135,5472.580873014767,87056.08781187746,213430.65404757592,5654.36328860036
60,NL0 8 CCGT,NL0 8,1,447.0,58.928107624263944,5472.580873014767,189520.23005298025,2.446243650237601e6,8652.104303317314
60,NL0 8 biomass,NL0 8,1,36.0,19.979914529914527,5472.580873014767,163659.08393017127,197012.91142853163,6228.0
60,NL0 8 waste,NL0 8,1,157.0,34.1135,5472.580873014767,350456.5586273015,859195.1970633185,23765.628552106093
60,NL0 9 biomass,NL0 9,1,20.0,19.979914529914527,5472.580873014767,90921.71329453944,109451.61746029535,3404.5646005714607
60,NL0 0 0 solar,NL0 0,1,144.0,0.01,59329.06935292875,143777.17181364,0.0,3495.7738491645578
60,NL0 1 0 solar,NL0 1,1,291.5,0.01,59329.06935292875,279083.88681448647,0.0,6948.705449759602
60,NL0 10 0 solar,NL0 10,1,120.1,0.01,59329.06935292875,123510.80794349064,0.0,3035.911304769089
60,NL0 11 0 solar,NL0 11,1,436.4,0.01,59329.06935292875,411901.3058784061,0.0,10306.481755249355
60,NL0 12 0 solar,NL0 12,1,203.1,0.01,59329.06935292875,191990.8054454151,0.0,4820.92251154439
60,NL0 13 0 solar,NL0 13,1,473.2,0.01,59329.06935292875,452951.73890675127,0.0,11187.121113824795
60,NL0 14 0 solar,NL0 14,1,85.3,0.01,59329.06935292875,84067.003586366,0.0,2087.7663698282927
60,NL0 15 0 solar,NL0 15,1,369.4,0.01,59329.06935292875,346685.28503442655,0.0,8736.034836219216
60,NL0 16 0 solar,NL0 16,1,68.8,0.01,59329.06935292875,69599.92687591023,0.0,1691.4298225830848
60,NL0 17 0 solar,NL0 17,1,63.1,0.01,59329.06935292875,65394.03954021661,0.0,1589.8866005603036
60,NL0 18 0 solar,NL0 18,1,13.399999999999999,0.01,59329.06935292875,13705.304222902527,0.0,335.710111700008
60,NL0 19 0 solar,NL0 19,1,75.60000000000001,0.01,59329.06935292875,70863.94290967533,0.0,1815.0254919597055
60,NL0 2 0 solar,NL0 2,1,1109.1,0.01,59329.06935292875,1.0323424735205551e6,0.0,26402.661517956996
60,NL0 20 0 solar,NL0 20,1,331.2,0.01,59329.06935292875,320483.9317679873,0.0,7909.5604725700005
60,NL0 21 0 solar,NL0 21,1,40.5,0.01,59329.06935292875,41600.66565576045,0.0,1013.9430253950717
60,NL0 22 0 solar,NL0 22,1,263.3,0.01,59329.06935292875,260617.55609716455,0.0,6361.56546158242
60,NL0 23 0 solar,NL0 23,1,57.1,0.01,59329.06935292875,57564.46412102367,0.0,1403.2936270342718
60,NL0 24 0 solar,NL0 24,1,99.8,0.01,59329.06935292875,98258.96051930611,0.0,2393.4015185461817
60,NL0 25 0 solar,NL0 25,1,663.4,0.01,59329.06935292875,623417.0481376499,0.0,15835.542397299549
60,NL0 26 0 solar,NL0 26,1,156.2,0.01,59329.06935292875,154151.32820160073,0.0,3821.2856187503758
60,NL0 27 0 solar,NL0 27,1,103.1,0.01,59329.06935292875,107361.95522086926,0.0,2649.1257341788905
60,NL0 28 0 solar,NL0 28,1,105.3,0.01,59329.06935292875,100355.16709245977,0.0,2489.1644574964166
60,NL0 3 0 solar,NL0 3,1,84.5,0.01,59329.06935292875,85165.20527245197,0.0,2070.9188767275286
60,NL0 30 0 solar,NL0 30,1,3.6,0.01,59329.06935292875,3668.2574639459544,0.0,89.82355962877534
60,NL0 31 0 solar,NL0 31,1,44.8,0.01,59329.06935292875,42321.025866532196,0.0,1072.8423780802711
60,NL0 4 0 solar,NL0 4,1,142.8,0.01,59329.06935292875,136790.3782209949,0.0,3403.277910451907
60,NL0 5 0 solar,NL0 5,1,351.7,0.01,59329.06935292875,342365.7706028359,0.0,8409.128930464909
60,NL0 6 0 solar,NL0 6,1,260.3,0.01,59329.06935292875,262068.44217328104,0.0,6427.157527688587
60,NL0 7 0 solar,NL0 7,1,553.2,0.01,59329.06935292875,550871.4655114,0.0,13445.138753780626
60,NL0 8 0 solar,NL0 8,1,79.5,0.01,59329.06935292875,79242.76000531403,0.0,1927.2751274433406
60,NL0 9 0 solar,NL0 9,1,299.5,0.01,59329.06935292875,289172.5962436975,0.0,7188.544634543878
60,NL0 20 0 offwind-ac,NL0 20,1,578.0,0.015,59329.06935292875,2.089704257082106e6,0.0,58627.157970859866
60,NL0 27 0 offwind-ac,NL0 27,1,4583.0,0.015,59329.06935292875,1.83649272580247e7,0.0,517595.07048146566
60,NL0 31 0 offwind-ac,NL0 31,1,600.0,0.015,59329.06935292875,2.344875426602939e6,0.0,63939.04653190301
60,NL0 32 0 offwind-ac,NL0 32,1,608.0,0.015,59329.06935292875,2.512277230679861e6,0.0,69624.1028690924
60,NL0 7 0 offwind-ac,NL0 7,1,752.0,0.015,59329.06935292875,3.1154508015855392e6,0.0,84123.60005421036
60,NL0 0 0 onwind,NL0 0,1,59.0,0.015,59329.06935292875,141581.73699949763,0.0,4312.1334177333465
60,NL0 1 0 onwind,NL0 1,1,75.0,0.015,59329.06935292875,144987.22367251673,0.0,4461.896721789622
60,NL0 10 0 onwind,NL0 10,1,428.0,0.015,59329.06935292875,1.42914008691994e6,0.0,41613.01930867686
60,NL0 11 0 onwind,NL0 11,1,21.0,0.015,59329.06935292875,40420.12081248223,0.0,1223.759424909239
60,NL0 12 0 onwind,NL0 12,1,54.0,0.015,59329.06935292875,157750.11158850262,0.0,4499.43848981945
60,NL0 13 0 onwind,NL0 13,1,23.0,0.015,59329.06935292875,48363.22569676897,0.0,1407.908563371173
60,NL0 14 0 onwind,NL0 14,1,61.0,0.015,59329.06935292875,204206.80020253576,0.0,5732.66177756561
60,NL0 15 0 onwind,NL0 15,1,52.0,0.015,59329.06935292875,110981.05180824423,0.0,3315.5577541830826
60,NL0 17 0 onwind,NL0 17,1,27.0,0.015,59329.06935292875,77212.9074396515,0.0,2190.399452782317
60,NL0 19 0 onwind,NL0 19,1,532.0,0.015,59329.06935292875,1.3460316067230022e6,0.0,41422.97601131978
60,NL0 2 0 onwind,NL0 2,1,472.8,0.015,59329.06935292875,1.054921437189653e6,0.0,33430.19262123821
60,NL0 20 0 onwind,NL0 20,1,822.2,0.015,59329.06935292875,2.229644363620043e6,0.0,68514.40955946344
60,NL0 21 0 onwind,NL0 21,1,36.0,0.015,59329.06935292875,104484.7656332106,0.0,3024.535973479675
60,NL0 22 0 onwind,NL0 22,1,122.7,0.015,59329.06935292875,259097.50094449046,0.0,7860.24376129831
60,NL0 23 0 onwind,NL0 23,1,127.0,0.015,59329.06935292875,371375.7050556634,0.0,11093.175682684092
60,NL0 24 0 onwind,NL0 24,1,33.0,0.015,59329.06935292875,87218.32571815475,0.0,2565.1240179295637
60,NL0 27 0 onwind,NL0 27,1,21.6,0.015,59329.06935292875,74449.90450443178,0.0,2072.907877365423
60,NL0 3 0 onwind,NL0 3,1,284.6,0.015,59329.06935292875,734639.6276889523,0.0,22722.5819373644
60,NL0 30 0 onwind,NL0 30,1,31.0,0.015,59329.06935292875,89651.5241641548,0.0,2568.4508764440884
60,NL0 31 0 onwind,NL0 31,1,216.0,0.015,59329.06935292875,634984.0143862657,0.0,18711.675564656245
60,NL0 4 0 onwind,NL0 4,1,287.0,0.015,59329.06935292875,733311.6964016726,0.0,22203.360652892447
60,NL0 5 0 onwind,NL0 5,1,21.0,0.015,59329.06935292875,39673.86951389334,0.0,1131.6999578848597
60,NL0 6 0 onwind,NL0 6,1,35.0,0.015,59329.06935292875,65026.74901261303,0.0,1868.5434518383586
60,NL0 7 0 onwind,NL0 7,1,374.3,0.015,59329.06935292875,974864.6796991487,0.0,29154.408492794966
60,NL0 8 0 onwind,NL0 8,1,101.1,0.015,59329.06935292875,229603.33202735163,0.0,6920.486547627501
60,NL0 9 0 onwind,NL0 9,1,35.0,0.015,59329.06935292875,64634.206735854896,0.0,2027.984657333282
61,NL0 0 CCGT,NL0 0,1,575.0,43.272866666666665,5472.580872926915,540923.5908802452,3.146734001932976e6,60209.78667835819
61,NL0 1 biomass,NL0 1,1,71.0,19.979914529914527,5472.580872926915,322772.0821956153,388553.2419778109,12223.0
61,NL0 1 waste,NL0 1,1,31.0,34.1135,5472.580872926915,69198.42877354372,169650.00706073435,4413.964467897199
61,NL0 10 CCGT,NL0 10,1,507.0,43.27286666666667,5472.580872926915,476953.49665440666,2.7745985025739456e6,49293.62357921047
61,NL0 10 waste,NL0 10,1,150.0,34.1135,5472.580872926915,334831.1069687599,820887.1309390372,22442.8599509926
61,NL0 11 CCGT,NL0 11,1,72.0,43.27286666666667,5472.580872926915,67733.04094500453,394025.82285073784,6286.0
61,NL0 11 biomass,NL0 11,1,20.0,19.979914529914527,5472.580872926915,90921.7132945395,109451.6174585383,3440.0
61,NL0 11 waste,NL0 11,1,50.0,34.1135,5472.580872926915,111610.36898958655,273629.04364634573,7283.801336573377
61,NL0 13 CCGT,NL0 13,1,50.0,43.27286666666667,5472.580872926915,47036.83398958647,273629.04364634573,4550.0
61,NL0 13 biomass,NL0 13,1,77.0,19.979914529914527,5472.580872926915,350048.59618397715,421388.72721537243,13321.0
61,NL0 16 CCGT,NL0 16,1,268.0,43.27286666666667,5472.580872926915,252117.43018418347,1.4666516739444132e6,25264.0
61,NL0 17 CCGT,NL0 17,1,107.0,43.27286666666667,5472.580872926915,100658.82473771504,585566.1534031798,9737.0
61,NL0 18 CCGT,NL0 18,1,112.0,43.27286666666667,5472.580872926915,105362.5081366737,612929.0577678145,10304.0
61,NL0 19 CCGT,NL0 19,1,523.0,53.04262929292929,5472.580872926915,286383.1175012115,2.8621597965407763e6,11442.174094047175
61,NL0 19 biomass,NL0 19,1,49.0,19.979914529914527,5472.580872926915,222758.19757162186,268156.4627734188,8439.593197940481
61,NL0 19 waste,NL0 19,1,36.0,34.1135,5472.580872926915,80359.46567250241,197012.91142536892,5328.0
61,NL0 2 CCGT,NL0 2,1,272.5,43.27286666666667,5472.580872926915,256350.74524324617,1.4912782878725843e6,24404.133054567777
61,NL0 21 CCGT,NL0 21,1,85.0,43.27286666666667,5472.580872926915,79962.61778229695,465169.37419878773,7310.0
61,NL0 22 CCGT,NL0 22,1,100.0,43.27286666666667,5472.580872926915,94073.66797917294,547258.0872926915,9297.056741077464
61,NL0 22 biomass,NL0 22,1,500.0,19.979914529914527,5472.580872926915,2.273042832363489e6,2.7362904364634575e6,88106.66104828636
61,NL0 23 CCGT,NL0 23,1,964.0,43.8530553226903,5472.580872926915,870323.5031578826,5.275567961501546e6,47693.60984839019
61,NL0 24 CCGT,NL0 24,1,684.0,67.50263035262032,5472.580872926915,184434.58658511768,3.7432453170820097e6,10714.13175820227
61,NL0 25 waste,NL0 25,1,54.0,34.1135,5472.580872926915,120539.19850875348,295519.3671380534,7992.0
61,NL0 27 CCGT,NL0 27,1,984.0,43.27286666666667,5472.580872926915,925684.8929150618,5.385019578960084e6,102018.35178940248
61,NL0 27 biomass,NL0 27,1,22.0,19.979914529914527,5472.580872926915,100013.88462399352,120396.77920439212,3762.0
61,NL0 27 waste,NL0 27,1,71.2,34.1135,5472.580872926915,158933.1654411713,389647.75815239636,10680.000000000011
61,NL0 28 CCGT,NL0 28,1,144.0,43.27286666666667,5472.580872926915,135466.081890009,788051.6457014757,13118.71503145745
61,NL0 3 CCGT,NL0 3,1,1907.0,51.41762846054192,5472.580872926915,1.1124058873594762e6,1.0436211724671626e7,58777.980640506146
61,NL0 3 biomass,NL0 3,1,22.0,19.979914529914527,5472.580872926915,100013.88462399352,120396.77920439212,3800.2217484038883
61,NL0 3 waste,NL0 3,1,108.0,34.1135,5472.580872926915,241078.39701750697,591038.7342761068,15884.51861635645
61,NL0 30 biomass,NL0 30,1,60.0,19.979914529914527,5472.580872926915,272765.1398836184,328354.85237561486,10320.0
61,NL0 31 CCGT,NL0 31,1,3341.0,85.4787109164719,5472.580872926915,8.16975798741969e-10,1.828389269644882e7,23559.453978825986
61,NL0 5 CCGT,NL0 5,1,49.6,43.27286666666667,5472.580872926915,46660.5393176698,271440.01129717496,4563.199999999998
61,NL0 6 CCGT,NL0 6,1,1608.4,43.27286666666667,5472.580872926915,1.5130808757770187e6,8.80209907601565e6,172425.33409982847
61,NL0 7 CCGT,NL0 7,1,1398.0,43.6729395310492,5472.580872926915,1.2759987478403635e6,7.650668060351827e6,85506.53181069877
61,NL0 7 nuclear,NL0 7,1,515.0,27.322803680981593,5472.580872926915,1.702145760071271e6,2.818379149557361e6,84102.42124441595
61,NL0 7 waste,NL0 7,1,39.0,34.1135,5472.580872926915,87056.08781187763,213430.65404414968,5849.363288600355
61,NL0 8 CCGT,NL0 8,1,447.0,58.928107624263944,5472.580872926915,189520.2300529805,2.446243650198331e6,8652.104303316608
61,NL0 8 biomass,NL0 8,1,36.0,19.979914529914527,5472.580872926915,163659.0839301714,197012.91142536892,6192.0
61,NL0 8 waste,NL0 8,1,157.0,34.1135,5472.580872926915,350456.5586273021,859195.1970495256,23554.99780319417
61,NL0 9 biomass,NL0 9,1,20.0,19.979914529914527,5472.580872926915,90921.7132945395,109451.6174585383,3420.0
61,NL0 0 0 solar,NL0 0,1,144.0,0.01,5472.58087292681,143777.17181364013,0.0,3495.7738491645578
61,NL0 1 0 solar,NL0 1,1,291.5,0.01,5472.58087292681,279083.8868144868,0.0,6948.705449759602
61,NL0 10 0 solar,NL0 10,1,120.1,0.01,5472.58087292681,123510.80794349076,0.0,3035.911304769089
61,NL0 11 0 solar,NL0 11,1,436.4,0.01,59329.06935292875,411901.3058784065,0.0,10306.481755249355
61,NL0 12 0 solar,NL0 12,1,203.1,0.01,59329.06935292875,191990.80544541526,0.0,4820.92251154439
61,NL0 13 0 solar,NL0 13,1,473.2,0.01,5472.580872931292,452951.7389067518,0.0,11187.121113824795
61,NL0 14 0 solar,NL0 14,1,85.3,0.01,59329.06935292875,84067.00358636606,0.0,2087.7663698282927
61,NL0 15 0 solar,NL0 15,1,369.4,0.01,5472.580872931292,346685.28503442707,0.0,8736.034836219216
61,NL0 16 0 solar,NL0 16,1,68.8,0.01,5472.580872931292,69599.92687591027,0.0,1691.4298225830848
61,NL0 17 0 solar,NL0 17,1,63.1,0.01,59329.06935292875,65394.039540216676,0.0,1589.8866005603036
61,NL0 18 0 solar,NL0 18,1,13.399999999999999,0.01,5472.58087292681,13705.304222902532,0.0,335.710111700008
61,NL0 19 0 solar,NL0 19,1,75.60000000000001,0.01,5472.58087292681,70863.94290967542,0.0,1815.0254919597055
61,NL0 2 0 solar,NL0 2,1,1109.1,0.01,59329.06935292875,1.0323424735205562e6,0.0,26402.661517956996
61,NL0 20 0 solar,NL0 20,1,331.2,0.01,5472.580872931292,320483.9317679878,0.0,7909.5604725700005
61,NL0 21 0 solar,NL0 21,1,40.5,0.01,5472.580872931292,41600.66565576048,0.0,1013.9430253950717
61,NL0 22 0 solar,NL0 22,1,263.3,0.01,5472.5808730147255,260617.55609716478,0.0,6361.56546158242
61,NL0 23 0 solar,NL0 23,1,57.1,0.01,5472.580872931292,57564.46412102374,0.0,1403.2936270342718
61,NL0 24 0 solar,NL0 24,1,99.8,0.01,5472.58087292681,98258.96051930619,0.0,2393.4015185461817
61,NL0 25 0 solar,NL0 25,1,663.4,0.01,5472.58087292681,623417.0481376504,0.0,15835.542397299549
61,NL0 26 0 solar,NL0 26,1,156.2,0.01,5472.580872931292,154151.32820160093,0.0,3821.2856187503758
61,NL0 27 0 solar,NL0 27,1,103.1,0.01,5472.580872931292,107361.95522086936,0.0,2649.1257341788905
61,NL0 28 0 solar,NL0 28,1,105.3,0.01,5472.580872931292,100355.16709245983,0.0,2489.1644574964166
61,NL0 3 0 solar,NL0 3,1,84.5,0.01,59329.06935292875,85165.20527245208,0.0,2070.9188767275286
61,NL0 30 0 solar,NL0 30,1,3.6,0.01,5472.58087292681,3668.257463945958,0.0,89.82355962877534
61,NL0 31 0 solar,NL0 31,1,44.8,0.01,5472.5808730147255,42321.02586653224,0.0,1072.8423780802711
61,NL0 4 0 solar,NL0 4,1,142.8,0.01,5472.58087292681,136790.37822099507,0.0,3403.277910451907
61,NL0 5 0 solar,NL0 5,1,351.7,0.01,5472.58087292681,342365.7706028364,0.0,8409.128930464909
61,NL0 6 0 solar,NL0 6,1,260.3,0.01,59329.06935292875,262068.44217328125,0.0,6427.157527688587
61,NL0 7 0 solar,NL0 7,1,553.2,0.01,5472.580872931292,550871.4655114005,0.0,13445.138753780626
61,NL0 8 0 solar,NL0 8,1,79.5,0.01,5472.5808730147255,79242.76000531409,0.0,1927.2751274433406
61,NL0 9 0 solar,NL0 9,1,299.5,0.01,5472.58087292681,289172.59624369786,0.0,7188.544634543878
61,NL0 20 0 offwind-ac,NL0 20,1,578.0,0.015,5472.58087292681,2.089704257082107e6,0.0,58210.65348581348
61,NL0 27 0 offwind-ac,NL0 27,1,4583.0,0.015,5472.580872931292,1.8364927258024745e7,0.0,512431.27681639296
61,NL0 31 0 offwind-ac,NL0 31,1,600.0,0.015,5472.580872931292,2.3448754266029424e6,0.0,64541.88445310966
61,NL0 32 0 offwind-ac,NL0 32,1,608.0,0.015,5472.580872931292,2.5122772306798655e6,0.0,69624.1028690924
61,NL0 7 0 offwind-ac,NL0 7,1,752.0,0.015,59329.06935292875,3.1154508015855406e6,0.0,84406.52351340804
61,NL0 0 0 onwind,NL0 0,1,59.0,0.015,5472.58087292681,141581.73699949784,0.0,4430.133417733347
61,NL0 1 0 onwind,NL0 1,1,75.0,0.015,5472.58087292681,144987.223672517,0.0,4581.583931774796
61,NL0 10 0 onwind,NL0 10,1,428.0,0.015,5472.5808730147255,1.4291400869199412e6,0.0,42043.66180313579
61,NL0 11 0 onwind,NL0 11,1,21.0,0.015,5472.58087292681,40420.12081248227,0.0,1286.7406384117407
61,NL0 12 0 onwind,NL0 12,1,54.0,0.015,5472.58087292681,157750.11158850274,0.0,4717.910600543067
61,NL0 13 0 onwind,NL0 13,1,23.0,0.015,5472.58087292681,48363.225696769005,0.0,1509.693610316799
61,NL0 14 0 onwind,NL0 14,1,61.0,0.015,5472.5808730147255,204206.8002025359,0.0,5976.66177756561
61,NL0 15 0 onwind,NL0 15,1,52.0,0.015,5472.58087292681,110981.05180824433,0.0,3503.624400363984
61,NL0 17 0 onwind,NL0 17,1,27.0,0.015,5472.580872931292,77212.90743965164,0.0,2275.5314655236853
61,NL0 19 0 onwind,NL0 19,1,532.0,0.015,5472.5808730147255,1.3460316067230038e6,0.0,40532.96377464179
61,NL0 2 0 onwind,NL0 2,1,472.8,0.015,5472.5808730147255,1.0549214371896542e6,0.0,33885.93591640591
61,NL0 20 0 onwind,NL0 20,1,822.2,0.015,5472.58087292681,2.2296443636200447e6,0.0,69064.40432182584
61,NL0 21 0 onwind,NL0 21,1,36.0,0.015,5472.580872931292,104484.76563321073,0.0,3177.115111693349
61,NL0 22 0 onwind,NL0 22,1,122.7,0.015,59329.06935292875,259097.50094449072,0.0,8193.008784637417
61,NL0 23 0 onwind,NL0 23,1,127.0,0.015,59329.06935292875,371375.7050556639,0.0,11339.523922297043
61,NL0 24 0 onwind,NL0 24,1,33.0,0.015,5472.58087292681,87218.32571815484,0.0,2596.374958202414
61,NL0 27 0 onwind,NL0 27,1,21.6,0.015,59329.06935292875,74449.90450443185,0.0,2180.907877365423
61,NL0 3 0 onwind,NL0 3,1,284.6,0.015,5472.580872931292,734639.6276889532,0.0,22949.068991724038
61,NL0 30 0 onwind,NL0 30,1,31.0,0.015,5472.58087292681,89651.52416415488,0.0,2691.483397118999
61,NL0 31 0 onwind,NL0 31,1,216.0,0.015,5472.580872931292,634984.0143862665,0.0,19153.54699704878
61,NL0 4 0 onwind,NL0 4,1,287.0,0.015,59329.06935292875,733311.6964016735,0.0,22797.587646299053
61,NL0 5 0 onwind,NL0 5,1,21.0,0.015,5472.5808730147255,39673.869513893376,0.0,1186.620997404399
61,NL0 6 0 onwind,NL0 6,1,35.0,0.015,5472.58087292681,65026.749012613116,0.0,2031.508140198791
61,NL0 7 0 onwind,NL0 7,1,374.3,0.015,5472.580872931292,974864.6796991499,0.0,29336.108777566857
61,NL0 8 0 onwind,NL0 8,1,101.1,0.015,5472.580872931292,229603.3320273519,0.0,7222.360787945649
61,NL0 9 0 onwind,NL0 9,1,35.0,0.015,5472.5808730147255,64634.206735854954,0.0,2080.007276415413
62,NL0 0 CCGT,NL0 0,1,575.0,43.272866666666665,5472.580873014649,540923.5908802449,3.1467340019834233e6,55088.25888563353
62,NL0 1 biomass,NL0 1,1,71.0,19.979914529914527,5472.580873014649,322772.08219561534,388553.24198404007,12212.0
62,NL0 1 waste,NL0 1,1,31.0,34.1135,5472.580873014649,69198.42877354372,169650.00706345413,4619.0
62,NL0 10 CCGT,NL0 10,1,507.0,43.27286666666667,5472.580873014649,476953.49665440683,2.774598502618427e6,50546.24450234945
62,NL0 10 waste,NL0 10,1,150.0,34.1135,5472.580873014649,334831.10696875997,820887.1309521974,22521.799467514385
62,NL0 11 CCGT,NL0 11,1,72.0,43.27286666666667,5472.580873014649,67733.04094500453,394025.82285705477,7114.753019056418
62,NL0 11 biomass,NL0 11,1,20.0,19.979914529914527,5472.580873014649,90921.71329453951,109451.61746029298,3440.0
62,NL0 11 waste,NL0 11,1,50.0,34.1135,5472.580873014649,111610.36898958657,273629.04365073243,7400.0
62,NL0 13 CCGT,NL0 13,1,50.0,43.27286666666667,5472.580873014649,47036.83398958646,273629.04365073243,4700.0
62,NL0 13 biomass,NL0 13,1,77.0,19.979914529914527,5472.580873014649,350048.59618397715,421388.72722212796,13170.758589916517
62,NL0 16 CCGT,NL0 16,1,268.0,43.27286666666667,5472.580873014649,252117.43018418344,1.466651673967926e6,25732.846529799805
62,NL0 17 CCGT,NL0 17,1,107.0,43.27286666666667,5472.580873014649,100658.82473771505,585566.1534125675,10699.832700974177
62,NL0 18 CCGT,NL0 18,1,112.0,43.27286666666667,5472.580873014649,105362.50813667373,612929.0577776406,10608.729336793635
62,NL0 19 CCGT,NL0 19,1,523.0,53.04262929292929,5472.580873014649,286383.1175012116,2.8621597965866616e6,11442.174094047412
62,NL0 19 biomass,NL0 19,1,49.0,19.979914529914527,5472.580873014649,222758.19757162183,268156.4627777178,8428.0
62,NL0 19 waste,NL0 19,1,36.0,34.1135,5472.580873014649,80359.46567250241,197012.91142852738,5292.0
62,NL0 2 CCGT,NL0 2,1,272.5,43.27286666666667,5472.580873014649,256350.74524324635,1.4912782878964918e6,27256.183851886144
62,NL0 21 CCGT,NL0 21,1,85.0,43.27286666666667,5472.580873014649,79962.61778229699,465169.3742062452,8192.456741077476
62,NL0 22 CCGT,NL0 22,1,100.0,43.27286666666667,5472.580873014649,94073.66797917295,547258.0873014649,9690.824543113908
62,NL0 22 biomass,NL0 22,1,500.0,19.979914529914527,5472.580873014649,2.273042832363489e6,2.7362904365073247e6,88273.7174047142
62,NL0 23 CCGT,NL0 23,1,964.0,43.8530553226903,5472.580873014649,870323.5031578827,5.2755679615861215e6,47693.60984839019
62,NL0 24 CCGT,NL0 24,1,684.0,67.50263035262032,5472.580873014649,184434.58658511768,3.74324531714202e6,10714.131758202937
62,NL0 25 waste,NL0 25,1,54.0,34.1135,5472.580873014649,120539.19850875348,295519.36714279104,7938.0
62,NL0 27 CCGT,NL0 27,1,984.0,43.27286666666667,5472.580873014649,925684.8929150623,5.385019579046415e6,104592.4354531376
62,NL0 27 biomass,NL0 27,1,22.0,19.979914529914527,5472.580873014649,100013.88462399352,120396.77920632227,3784.0
62,NL0 27 waste,NL0 27,1,71.2,34.1135,5472.580873014649,158933.1654411713,389647.75815864303,10350.45055515033
62,NL0 28 CCGT,NL0 28,1,144.0,43.27286666666667,5472.580873014649,135466.08189000908,788051.6457141095,13986.651170288605
62,NL0 3 CCGT,NL0 3,1,1907.0,51.41762846054192,5472.580873014649,1.1124058873594764e6,1.0436211724838937e7,58777.98064029954
62,NL0 3 biomass,NL0 3,1,22.0,19.979914529914527,5472.580873014649,100013.88462399352,120396.77920632227,3784.0
62,NL0 3 waste,NL0 3,1,108.0,34.1135,5472.580873014649,241078.39701750697,591038.7342855821,16073.935568981162
62,NL0 30 biomass,NL0 30,1,60.0,19.979914529914527,5472.580873014649,272765.13988361845,328354.85238087893,10320.0
62,NL0 31 CCGT,NL0 31,1,3341.0,85.4787109164719,5472.580873014649,8.169757987421112e-10,1.8283892696741942e7,23559.453978829344
62,NL0 5 CCGT,NL0 5,1,49.6,43.27286666666667,5472.580873014649,46660.53931766979,271440.0113015266,4811.2
62,NL0 6 CCGT,NL0 6,1,1608.4,43.27286666666667,5472.580873014649,1.5130808757770187e6,8.802099076156761e6,165760.7842397917
62,NL0 7 CCGT,NL0 7,1,1398.0,43.6729395310492,5472.580873014649,1.2759987478403633e6,7.65066806047448e6,85506.53181069877
62,NL0 7 nuclear,NL0 7,1,515.0,27.322803680981593,5472.580873014649,1.7021457600712709e6,2.8183791496025445e6,84102.42124441595
62,NL0 7 waste,NL0 7,1,39.0,34.1135,5472.580873014649,87056.08781187763,213430.65404757133,5810.363288600355
62,NL0 8 CCGT,NL0 8,1,447.0,58.928107624263944,5472.580873014649,189520.2300529806,2.446243650237548e6,8652.104303317305
62,NL0 8 biomass,NL0 8,1,36.0,19.979914529914527,5472.580873014649,163659.0839301714,197012.91142852738,6192.0
62,NL0 8 waste,NL0 8,1,157.0,34.1135,5472.580873014649,350456.5586273022,859195.1970633,23423.956583367923
62,NL0 9 biomass,NL0 9,1,20.0,19.979914529914527,5472.580873014649,90921.71329453951,109451.61746029298,3420.0
62,NL0 0 0 solar,NL0 0,1,144.0,0.01,59329.06935292875,143777.17181364013,0.0,3495.7738491645578
62,NL0 1 0 solar,NL0 1,1,291.5,0.01,59329.06935292875,279083.88681448676,0.0,6948.705449759602
62,NL0 10 0 solar,NL0 10,1,120.1,0.01,59329.06935292875,123510.80794349074,0.0,3035.911304769089
62,NL0 11 0 solar,NL0 11,1,436.4,0.01,59329.06935292875,411901.3058784065,0.0,10306.481755249355
62,NL0 12 0 solar,NL0 12,1,203.1,0.01,5472.5808729237615,191990.80544541526,0.0,4820.92251154439
62,NL0 13 0 solar,NL0 13,1,473.2,0.01,5472.5808729237615,452951.73890675174,0.0,11187.121113824795
62,NL0 14 0 solar,NL0 14,1,85.3,0.01,59329.06935292875,84067.00358636606,0.0,2087.7663698282927
62,NL0 15 0 solar,NL0 15,1,369.4,0.01,5472.5808729237615,346685.285034427,0.0,8736.034836219216
62,NL0 16 0 solar,NL0 16,1,68.8,0.01,59329.06935292875,69599.92687591027,0.0,1691.4298225830848
62,NL0 17 0 solar,NL0 17,1,63.1,0.01,59329.06935292875,65394.039540216676,0.0,1589.8866005603036
62,NL0 18 0 solar,NL0 18,1,13.399999999999999,0.01,5472.5808729237615,13705.304222902532,0.0,335.710111700008
62,NL0 19 0 solar,NL0 19,1,75.60000000000001,0.01,59329.06935292875,70863.94290967542,0.0,1815.0254919597055
62,NL0 2 0 solar,NL0 2,1,1109.1,0.01,5472.5808729237615,1.0323424735205562e6,0.0,26402.661517956996
62,NL0 20 0 solar,NL0 20,1,331.2,0.01,59329.06935292875,320483.93176798784,0.0,7909.5604725700005
62,NL0 21 0 solar,NL0 21,1,40.5,0.01,59329.06935292875,41600.66565576048,0.0,1013.9430253950717
62,NL0 22 0 solar,NL0 22,1,263.3,0.01,59329.06935292875,260617.55609716475,0.0,6361.56546158242
62,NL0 23 0 solar,NL0 23,1,57.1,0.01,5472.5808729237615,57564.46412102373,0.0,1403.2936270342718
62,NL0 24 0 solar,NL0 24,1,99.8,0.01,59329.06935292875,98258.96051930617,0.0,2393.4015185461817
62,NL0 25 0 solar,NL0 25,1,663.4,0.01,5472.5808729237615,623417.0481376504,0.0,15835.542397299549
62,NL0 26 0 solar,NL0 26,1,156.2,0.01,5472.5808729237615,154151.3282016009,0.0,3821.2856187503758
62,NL0 27 0 solar,NL0 27,1,103.1,0.01,5472.5808729237615,107361.95522086936,0.0,2649.1257341788905
62,NL0 28 0 solar,NL0 28,1,105.3,0.01,5472.5808729237615,100355.16709245981,0.0,2489.1644574964166
62,NL0 3 0 solar,NL0 3,1,84.5,0.01,5472.5808729237615,85165.20527245206,0.0,2070.9188767275286
62,NL0 30 0 solar,NL0 30,1,3.6,0.01,59329.06935292875,3668.2574639459576,0.0,89.82355962877534
62,NL0 31 0 solar,NL0 31,1,44.8,0.01,59329.06935292875,42321.02586653224,0.0,1072.8423780802711
62,NL0 4 0 solar,NL0 4,1,142.8,0.01,59329.06935292875,136790.37822099504,0.0,3403.277910451907
62,NL0 5 0 solar,NL0 5,1,351.7,0.01,59329.06935292875,342365.77060283633,0.0,8409.128930464909
62,NL0 6 0 solar,NL0 6,1,260.3,0.01,59329.06935292875,262068.44217328125,0.0,6427.157527688587
62,NL0 7 0 solar,NL0 7,1,553.2,0.01,59329.06935292875,550871.4655114005,0.0,13445.138753780626
62,NL0 8 0 solar,NL0 8,1,79.5,0.01,59329.06935292875,79242.76000531408,0.0,1927.2751274433406
62,NL0 9 0 solar,NL0 9,1,299.5,0.01,5472.5808729237615,289172.5962436978,0.0,7188.544634543878
62,NL0 20 0 offwind-ac,NL0 20,1,578.0,0.015,59329.06935292875,2.0897042570821072e6,0.0,55556.24397085987
62,NL0 27 0 offwind-ac,NL0 27,1,4583.0,0.015,5472.5808729237615,1.8364927258024745e7,0.0,507904.60125430045
62,NL0 31 0 offwind-ac,NL0 31,1,600.0,0.015,59329.06935292875,2.3448754266029424e6,0.0,65533.70995494073
62,NL0 32 0 offwind-ac,NL0 32,1,608.0,0.015,59329.06935292875,2.5122772306798655e6,0.0,70149.94555046385
62,NL0 7 0 offwind-ac,NL0 7,1,752.0,0.015,5472.5808729237615,3.1154508015855406e6,0.0,85356.09206769189
62,NL0 0 0 onwind,NL0 0,1,59.0,0.015,59329.06935292875,141581.73699949784,0.0,4423.345107547118
62,NL0 1 0 onwind,NL0 1,1,75.0,0.015,5472.5808729237615,144987.223672517,0.0,4667.56319817744
62,NL0 10 0 onwind,NL0 10,1,428.0,0.015,59329.06935292875,1.4291400869199412e6,0.0,42899.58939304398
62,NL0 11 0 onwind,NL0 11,1,21.0,0.015,59329.06935292875,40420.12081248227,0.0,1307.6695123700767
62,NL0 12 0 onwind,NL0 12,1,54.0,0.015,59329.06935292875,157750.11158850274,0.0,4771.910600543067
62,NL0 13 0 onwind,NL0 13,1,23.0,0.015,59329.06935292875,48363.225696769005,0.0,1555.622069077163
62,NL0 14 0 onwind,NL0 14,1,61.0,0.015,59329.06935292875,204206.80020253593,0.0,6037.66177756561
62,NL0 15 0 onwind,NL0 15,1,52.0,0.015,59329.06935292875,110981.05180824433,0.0,3607.5251690491696
62,NL0 17 0 onwind,NL0 17,1,27.0,0.015,59329.06935292875,77212.90743965164,0.0,2330.0576664619116
62,NL0 19 0 onwind,NL0 19,1,532.0,0.015,59329.06935292875,1.3460316067230038e6,0.0,42486.97601131978
62,NL0 2 0 onwind,NL0 2,1,472.8,0.015,59329.06935292875,1.0549214371896542e6,0.0,33478.29700974405
62,NL0 20 0 onwind,NL0 20,1,822.2,0.015,5472.5808729237615,2.2296443636200447e6,0.0,69336.60955946345
62,NL0 21 0 onwind,NL0 21,1,36.0,0.015,59329.06935292875,104484.76563321071,0.0,3177.3564070712346
62,NL0 22 0 onwind,NL0 22,1,122.7,0.015,5472.5808729237615,259097.50094449072,0.0,8315.637013623795
62,NL0 23 0 onwind,NL0 23,1,127.0,0.015,5472.5808729237615,371375.7050556639,0.0,11339.523922297043
62,NL0 24 0 onwind,NL0 24,1,33.0,0.015,59329.06935292875,87218.32571815484,0.0,2695.335457473082
62,NL0 27 0 onwind,NL0 27,1,21.6,0.015,5472.5808729237615,74449.90450443185,0.0,2137.707877365423
62,NL0 3 0 onwind,NL0 3,1,284.6,0.015,59329.06935292875,734639.6276889532,0.0,22726.28265135161
62,NL0 30 0 onwind,NL0 30,1,31.0,0.015,59329.06935292875,89651.52416415488,0.0,2722.483397118999
62,NL0 31 0 onwind,NL0 31,1,216.0,0.015,59329.06935292875,634984.0143862665,0.0,19369.54699704878
62,NL0 4 0 onwind,NL0 4,1,287.0,0.015,59329.06935292875,733311.6964016734,0.0,23084.587646299056
62,NL0 5 0 onwind,NL0 5,1,21.0,0.015,5472.5808729237615,39673.869513893376,0.0,1296.2039909648804
62,NL0 6 0 onwind,NL0 6,1,35.0,0.015,59329.06935292875,65026.749012613116,0.0,2126.9213407013876
62,NL0 7 0 onwind,NL0 7,1,374.3,0.015,5472.5808729237615,974864.6796991499,0.0,30159.0744295002
62,NL0 8 0 onwind,NL0 8,1,101.1,0.015,59329.06935292875,229603.3320273519,0.0,7323.460787945647
62,NL0 9 0 onwind,NL0 9,1,35.0,0.015,59329.06935292875,64634.206735854954,0.0,2080.96867059591
63,NL0 0 CCGT,NL0 0,1,575.0,43.272866666666665,5472.580873014767,540923.5908802433,3.1467340019834912e6,68396.44854951458
63,NL0 1 biomass,NL0 1,1,71.0,19.979914529914527,5472.580873014767,322772.0821956148,388553.2419840485,12283.0
63,NL0 1 waste,NL0 1,1,31.0,34.1135,5472.580873014767,69198.42877354358,169650.0070634578,4495.048996597596
63,NL0 10 CCGT,NL0 10,1,507.0,43.27286666666667,5472.580873014767,476953.4966544058,2.774598502618487e6,48165.0
63,NL0 10 waste,NL0 10,1,150.0,34.1135,5472.580873014767,334831.10696875874,820887.130952215,22387.35848553342
63,NL0 11 CCGT,NL0 11,1,72.0,43.27286666666667,5472.580873014767,67733.04094500437,394025.82285706326,5760.0
63,NL0 11 biomass,NL0 11,1,20.0,19.979914529914527,5472.580873014767,90921.71329453944,109451.61746029535,3430.83460802396
63,NL0 11 waste,NL0 11,1,50.0,34.1135,5472.580873014767,111610.36898958628,273629.0436507384,7383.801336573377
63,NL0 13 CCGT,NL0 13,1,50.0,43.27286666666667,5472.580873014767,47036.833989586354,273629.0436507384,3900.0
63,NL0 13 biomass,NL0 13,1,77.0,19.979914529914527,5472.580873014767,350048.596183977,421388.7272221371,13244.0
63,NL0 16 CCGT,NL0 16,1,268.0,43.27286666666667,5472.580873014767,252117.4301841829,1.4666516739679577e6,24388.0
63,NL0 17 CCGT,NL0 17,1,107.0,43.27286666666667,5472.580873014767,100658.82473771478,585566.1534125801,8667.0
63,NL0 18 CCGT,NL0 18,1,112.0,43.27286666666667,5472.580873014767,105362.5081366735,612929.0577776539,9296.0
63,NL0 19 CCGT,NL0 19,1,523.0,53.04262929292929,5472.580873014767,286383.11750121106,2.8621597965867235e6,11442.17409404742
63,NL0 19 biomass,NL0 19,1,49.0,19.979914529914527,5472.580873014767,222758.19757162154,268156.4627777236,8459.980338320405
63,NL0 19 waste,NL0 19,1,36.0,34.1135,5472.580873014767,80359.4656725023,197012.91142853163,5292.0
63,NL0 2 CCGT,NL0 2,1,272.5,43.27286666666667,5472.580873014767,256350.74524324565,1.4912782878965242e6,23435.0
63,NL0 21 CCGT,NL0 21,1,85.0,43.27286666666667,5472.580873014767,79962.6177822968,465169.37420625525,6630.0
63,NL0 22 CCGT,NL0 22,1,100.0,43.27286666666667,5472.580873014767,94073.66797917271,547258.0873014767,8100.0
63,NL0 22 biomass,NL0 22,1,500.0,19.979914529914527,5472.580873014767,2.2730428323634863e6,2.736290436507384e6,88048.09644771487
63,NL0 23 CCGT,NL0 23,1,964.0,43.8530553226903,5472.580873014767,870323.5031578812,5.275567961586236e6,47693.609848430635
63,NL0 24 CCGT,NL0 24,1,684.0,67.50263035262032,5472.580873014767,184434.58658511724,3.743245317142101e6,10714.13175820296
63,NL0 25 waste,NL0 25,1,54.0,34.1135,5472.580873014767,120539.19850875324,295519.36714279745,7909.7091880095095
63,NL0 27 CCGT,NL0 27,1,984.0,43.27286666666667,5472.580873014767,925684.8929150598,5.385019579046531e6,101352.0
63,NL0 27 biomass,NL0 27,1,22.0,19.979914529914527,5472.580873014767,100013.88462399339,120396.77920632488,3762.0
63,NL0 27 waste,NL0 27,1,71.2,34.1135,5472.580873014767,158933.1654411708,389647.7581586515,10537.60000000001
63,NL0 28 CCGT,NL0 28,1,144.0,43.27286666666667,5472.580873014767,135466.08189000873,788051.6457141265,12384.0
63,NL0 3 CCGT,NL0 3,1,1907.0,51.41762846054192,5472.580873014767,1.112405887359474e6,1.0436211724839162e7,58777.98064051048
63,NL0 3 biomass,NL0 3,1,22.0,19.979914529914527,5472.580873014767,100013.88462399339,120396.77920632488,3784.0
63,NL0 3 waste,NL0 3,1,108.0,34.1135,5472.580873014767,241078.39701750648,591038.7342855949,16003.995616193642
63,NL0 30 biomass,NL0 30,1,60.0,19.979914529914527,5472.580873014767,272765.13988361805,328354.85238088603,10380.0
63,NL0 31 CCGT,NL0 31,1,3341.0,85.4787109164719,5472.580873014767,0.0,1.8283892696742337e7,23559.45397882923
63,NL0 5 CCGT,NL0 5,1,49.6,43.27286666666667,5472.580873014767,46660.539317669696,271440.01130153245,3967.999999999995
63,NL0 6 CCGT,NL0 6,1,1608.4,43.27286666666667,5472.580873014767,1.5130808757770145e6,8.802099076156951e6,174339.75242438758
63,NL0 7 CCGT,NL0 7,1,1398.0,43.6729395310492,5472.580873014767,1.2759987478403605e6,7.650668060474644e6,85506.53181073532
63,NL0 7 nuclear,NL0 7,1,515.0,27.322803680981593,5472.580873014767,1.7021457600712674e6,2.818379149602605e6,84102.4212444188
63,NL0 7 waste,NL0 7,1,39.0,34.1135,5472.580873014767,87056.08781187746,213430.65404757592,5654.36328860036
63,NL0 8 CCGT,NL0 8,1,447.0,58.928107624263944,5472.580873014767,189520.23005298025,2.446243650237601e6,8652.104303317314
63,NL0 8 biomass,NL0 8,1,36.0,19.979914529914527,5472.580873014767,163659.08393017127,197012.91142853163,6228.0
63,NL0 8 waste,NL0 8,1,157.0,34.1135,5472.580873014767,350456.5586273015,859195.1970633185,23765.628552106093
63,NL0 9 biomass,NL0 9,1,20.0,19.979914529914527,5472.580873014767,90921.71329453944,109451.61746029535,3404.5646005714607
63,NL0 0 0 solar,NL0 0,1,144.0,0.01,59329.06935292875,143777.17181364,0.0,3495.7738491645578
63,NL0 1 0 solar,NL0 1,1,291.5,0.01,59329.06935292875,279083.88681448647,0.0,6948.705449759602
63,NL0 10 0 solar,NL0 10,1,120.1,0.01,59329.06935292875,123510.80794349064,0.0,3035.911304769089
63,NL0 11 0 solar,NL0 11,1,436.4,0.01,59329.06935292875,411901.3058784061,0.0,10306.481755249355
63,NL0 12 0 solar,NL0 12,1,203.1,0.01,59329.06935292875,191990.8054454151,0.0,4820.92251154439
63,NL0 13 0 solar,NL0 13,1,473.2,0.01,59329.06935292875,452951.73890675127,0.0,11187.121113824795
63,NL0 14 0 solar,NL0 14,1,85.3,0.01,59329.06935292875,84067.003586366,0.0,2087.7663698282927
63,NL0 15 0 solar,NL0 15,1,369.4,0.01,59329.06935292875,346685.28503442655,0.0,8736.034836219216
63,NL0 16 0 solar,NL0 16,1,68.8,0.01,59329.06935292875,69599.92687591023,0.0,1691.4298225830848
63,NL0 17 0 solar,NL0 17,1,63.1,0.01,59329.06935292875,65394.03954021661,0.0,1589.8866005603036
63,NL0 18 0 solar,NL0 18,1,13.399999999999999,0.01,59329.06935292875,13705.304222902527,0.0,335.710111700008
63,NL0 19 0 solar,NL0 19,1,75.60000000000001,0.01,59329.06935292875,70863.94290967533,0.0,1815.0254919597055
63,NL0 2 0 solar,NL0 2,1,1109.1,0.01,59329.06935292875,1.0323424735205551e6,0.0,26402.661517956996
63,NL0 20 0 solar,NL0 20,1,331.2,0.01,59329.06935292875,320483.9317679873,0.0,7909.5604725700005
63,NL0 21 0 solar,NL0 21,1,40.5,0.01,59329.06935292875,41600.66565576045,0.0,1013.9430253950717
63,NL0 22 0 solar,NL0 22,1,263.3,0.01,59329.06935292875,260617.55609716455,0.0,6361.56546158242
63,NL0 23 0 solar,NL0 23,1,57.1,0.01,59329.06935292875,57564.46412102367,0.0,1403.2936270342718
63,NL0 24 0 solar,NL0 24,1,99.8,0.01,59329.06935292875,98258.96051930611,0.0,2393.4015185461817
63,NL0 25 0 solar,NL0 25,1,663.4,0.01,59329.06935292875,623417.0481376499,0.0,15835.542397299549
63,NL0 26 0 solar,NL0 26,1,156.2,0.01,59329.06935292875,154151.32820160073,0.0,3821.2856187503758
63,NL0 27 0 solar,NL0 27,1,103.1,0.01,59329.06935292875,107361.95522086926,0.0,2649.1257341788905
63,NL0 28 0 solar,NL0 28,1,105.3,0.01,59329.06935292875,100355.16709245977,0.0,2489.1644574964166
63,NL0 3 0 solar,NL0 3,1,84.5,0.01,59329.06935292875,85165.20527245197,0.0,2070.9188767275286
63,NL0 30 0 solar,NL0 30,1,3.6,0.01,59329.06935292875,3668.2574639459544,0.0,89.82355962877534
63,NL0 31 0 solar,NL0 31,1,44.8,0.01,59329.06935292875,42321.025866532196,0.0,1072.8423780802711
63,NL0 4 0 solar,NL0 4,1,142.8,0.01,59329.06935292875,136790.3782209949,0.0,3403.277910451907
63,NL0 5 0 solar,NL0 5,1,351.7,0.01,59329.06935292875,342365.7706028359,0.0,8409.128930464909
63,NL0 6 0 solar,NL0 6,1,260.3,0.01,59329.06935292875,262068.44217328104,0.0,6427.157527688587
63,NL0 7 0 solar,NL0 7,1,553.2,0.01,59329.06935292875,550871.4655114,0.0,13445.138753780626
63,NL0 8 0 solar,NL0 8,1,79.5,0.01,59329.06935292875,79242.76000531403,0.0,1927.2751274433406
63,NL0 9 0 solar,NL0 9,1,299.5,0.01,59329.06935292875,289172.5962436975,0.0,7188.544634543878
63,NL0 20 0 offwind-ac,NL0 20,1,578.0,0.015,59329.06935292875,2.089704257082106e6,0.0,58627.157970859866
63,NL0 27 0 offwind-ac,NL0 27,1,4583.0,0.015,59329.06935292875,1.83649272580247e7,0.0,517595.07048146566
63,NL0 31 0 offwind-ac,NL0 31,1,600.0,0.015,59329.06935292875,2.344875426602939e6,0.0,63939.04653190301
63,NL0 32 0 offwind-ac,NL0 32,1,608.0,0.015,59329.06935292875,2.512277230679861e6,0.0,69624.1028690924
63,NL0 7 0 offwind-ac,NL0 7,1,752.0,0.015,59329.06935292875,3.1154508015855392e6,0.0,84123.60005421036
63,NL0 0 0 onwind,NL0 0,1,59.0,0.015,59329.06935292875,141581.73699949763,0.0,4312.1334177333465
63,NL0 1 0 onwind,NL0 1,1,75.0,0.015,59329.06935292875,144987.22367251673,0.0,4461.896721789622
63,NL0 10 0 onwind,NL0 10,1,428.0,0.015,59329.06935292875,1.42914008691994e6,0.0,41613.01930867686
63,NL0 11 0 onwind,NL0 11,1,21.0,0.015,59329.06935292875,40420.12081248223,0.0,1223.759424909239
63,NL0 12 0 onwind,NL0 12,1,54.0,0.015,59329.06935292875,157750.11158850262,0.0,4499.43848981945
63,NL0 13 0 onwind,NL0 13,1,23.0,0.015,59329.06935292875,48363.22569676897,0.0,1407.908563371173
63,NL0 14 0 onwind,NL0 14,1,61.0,0.015,59329.06935292875,204206.80020253576,0.0,5732.66177756561
63,NL0 15 0 onwind,NL0 15,1,52.0,0.015,59329.06935292875,110981.05180824423,0.0,3315.5577541830826
63,NL0 17 0 onwind,NL0 17,1,27.0,0.015,59329.06935292875,77212.9074396515,0.0,2190.399452782317
63,NL0 19 0 onwind,NL0 19,1,532.0,0.015,59329.06935292875,1.3460316067230022e6,0.0,41422.97601131978
63,NL0 2 0 onwind,NL0 2,1,472.8,0.015,59329.06935292875,1.054921437189653e6,0.0,33430.19262123821
63,NL0 20 0 onwind,NL0 20,1,822.2,0.015,59329.06935292875,2.229644363620043e6,0.0,68514.40955946344
63,NL0 21 0 onwind,NL0 21,1,36.0,0.015,59329.06935292875,104484.7656332106,0.0,3024.535973479675
63,NL0 22 0 onwind,NL0 22,1,122.7,0.015,59329.06935292875,259097.50094449046,0.0,7860.24376129831
63,NL0 23 0 onwind,NL0 23,1,127.0,0.015,59329.06935292875,371375.7050556634,0.0,11093.175682684092
63,NL0 24 0 onwind,NL0 24,1,33.0,0.015,59329.06935292875,87218.32571815475,0.0,2565.1240179295637
63,NL0 27 0 onwind,NL0 27,1,21.6,0.015,59329.06935292875,74449.90450443178,0.0,2072.907877365423
63,NL0 3 0 onwind,NL0 3,1,284.6,0.015,59329.06935292875,734639.6276889523,0.0,22722.5819373644
63,NL0 30 0 onwind,NL0 30,1,31.0,0.015,59329.06935292875,89651.5241641548,0.0,2568.4508764440884
63,NL0 31 0 onwind,NL0 31,1,216.0,0.015,59329.06935292875,634984.0143862657,0.0,18711.675564656245
63,NL0 4 0 onwind,NL0 4,1,287.0,0.015,59329.06935292875,733311.6964016726,0.0,22203.360652892447
63,NL0 5 0 onwind,NL0 5,1,21.0,0.015,59329.06935292875,39673.86951389334,0.0,1131.6999578848597
63,NL0 6 0 onwind,NL0 6,1,35.0,0.015,59329.06935292875,65026.74901261303,0.0,1868.5434518383586
63,NL0 7 0 onwind,NL0 7,1,374.3,0.015,59329.06935292875,974864.6796991487,0.0,29154.408492794966
63,NL0 8 0 onwind,NL0 8,1,101.1,0.015,59329.06935292875,229603.33202735163,0.0,6920.486547627501
63,NL0 9 0 onwind,NL0 9,1,35.0,0.015,59329.06935292875,64634.206735854896,0.0,2027.984657333282
64,NL0 0 CCGT,NL0 0,1,575.0,43.272866666666665,5472.580873014767,540923.5908802433,3.1467340019834912e6,68396.44854951458
64,NL0 1 biomass,NL0 1,1,71.0,19.979914529914527,5472.580873014767,322772.0821956148,388553.2419840485,12283.0
64,NL0 1 waste,NL0 1,1,31.0,34.1135,5472.580873014767,69198.42877354358,169650.0070634578,4495.048996597596
64,NL0 10 CCGT,NL0 10,1,507.0,43.27286666666667,5472.580873014767,476953.4966544058,2.774598502618487e6,48165.0
64,NL0 10 waste,NL0 10,1,150.0,34.1135,5472.580873014767,334831.10696875874,820887.130952215,22387.35848553342
64,NL0 11 CCGT,NL0 11,1,72.0,43.27286666666667,5472.580873014767,67733.04094500437,394025.82285706326,5760.0
64,NL0 11 biomass,NL0 11,1,20.0,19.979914529914527,5472.580873014767,90921.71329453944,109451.61746029535,3430.83460802396
64,NL0 11 waste,NL0 11,1,50.0,34.1135,5472.580873014767,111610.36898958628,273629.0436507384,7383.801336573377
64,NL0 13 CCGT,NL0 13,1,50.0,43.27286666666667,5472.580873014767,47036.833989586354,273629.0436507384,3900.0
64,NL0 13 biomass,NL0 13,1,77.0,19.979914529914527,5472.580873014767,350048.596183977,421388.7272221371,13244.0
64,NL0 16 CCGT,NL0 16,1,268.0,43.27286666666667,5472.580873014767,252117.4301841829,1.4666516739679577e6,24388.0
64,NL0 17 CCGT,NL0 17,1,107.0,43.27286666666667,5472.580873014767,100658.82473771478,585566.1534125801,8667.0
64,NL0 18 CCGT,NL0 18,1,112.0,43.27286666666667,5472.580873014767,105362.5081366735,612929.0577776539,9296.0
64,NL0 19 CCGT,NL0 19,1,523.0,53.04262929292929,5472.580873014767,286383.11750121106,2.8621597965867235e6,11442.17409404742
64,NL0 19 biomass,NL0 19,1,49.0,19.979914529914527,5472.580873014767,222758.19757162154,268156.4627777236,8459.980338320405
64,NL0 19 waste,NL0 19,1,36.0,34.1135,5472.580873014767,80359.4656725023,197012.91142853163,5292.0
64,NL0 2 CCGT,NL0 2,1,272.5,43.27286666666667,5472.580873014767,256350.74524324565,1.4912782878965242e6,23435.0
64,NL0 21 CCGT,NL0 21,1,85.0,43.27286666666667,5472.580873014767,79962.6177822968,465169.37420625525,6630.0
64,NL0 22 CCGT,NL0 22,1,100.0,43.27286666666667,5472.580873014767,94073.66797917271,547258.0873014767,8100.0
64,NL0 22 biomass,NL0 22,1,500.0,19.979914529914527,5472.580873014767,2.2730428323634863e6,2.736290436507384e6,88048.09644771487
64,NL0 23 CCGT,NL0 23,1,964.0,43.8530553226903,5472.580873014767,870323.5031578812,5.275567961586236e6,47693.609848430635
64,NL0 24 CCGT,NL0 24,1,684.0,67.50263035262032,5472.580873014767,184434.58658511724,3.743245317142101e6,10714.13175820296
64,NL0 25 waste,NL0 25,1,54.0,34.1135,5472.580873014767,120539.19850875324,295519.36714279745,7909.7091880095095
64,NL0 27 CCGT,NL0 27,1,984.0,43.27286666666667,5472.580873014767,925684.8929150598,5.385019579046531e6,101352.0
64,NL0 27 biomass,NL0 27,1,22.0,19.979914529914527,5472.580873014767,100013.88462399339,120396.77920632488,3762.0
64,NL0 27 waste,NL0 27,1,71.2,34.1135,5472.580873014767,158933.1654411708,389647.7581586515,10537.60000000001
64,NL0 28 CCGT,NL0 28,1,144.0,43.27286666666667,5472.580873014767,135466.08189000873,788051.6457141265,12384.0
64,NL0 3 CCGT,NL0 3,1,1907.0,51.41762846054192,5472.580873014767,1.112405887359474e6,1.0436211724839162e7,58777.98064051048
64,NL0 3 biomass,NL0 3,1,22.0,19.979914529914527,5472.580873014767,100013.88462399339,120396.77920632488,3784.0
64,NL0 3 waste,NL0 3,1,108.0,34.1135,5472.580873014767,241078.39701750648,591038.7342855949,16003.995616193642
64,NL0 30 biomass,NL0 30,1,60.0,19.979914529914527,5472.580873014767,272765.13988361805,328354.85238088603,10380.0
64,NL0 31 CCGT,NL0 31,1,3341.0,85.4787109164719,5472.580873014767,0.0,1.8283892696742337e7,23559.45397882923
64,NL0 5 CCGT,NL0 5,1,49.6,43.27286666666667,5472.580873014767,46660.539317669696,271440.01130153245,3967.999999999995
64,NL0 6 CCGT,NL0 6,1,1608.4,43.27286666666667,5472.580873014767,1.5130808757770145e6,8.802099076156951e6,174339.75242438758
64,NL0 7 CCGT,NL0 7,1,1398.0,43.6729395310492,5472.580873014767,1.2759987478403605e6,7.650668060474644e6,85506.53181073532
64,NL0 7 nuclear,NL0 7,1,515.0,27.322803680981593,5472.580873014767,1.7021457600712674e6,2.818379149602605e6,84102.4212444188
64,NL0 7 waste,NL0 7,1,39.0,34.1135,5472.580873014767,87056.08781187746,213430.65404757592,5654.36328860036
64,NL0 8 CCGT,NL0 8,1,447.0,58.928107624263944,5472.580873014767,189520.23005298025,2.446243650237601e6,8652.104303317314
64,NL0 8 biomass,NL0 8,1,36.0,19.979914529914527,5472.580873014767,163659.08393017127,197012.91142853163,6228.0
64,NL0 8 waste,NL0 8,1,157.0,34.1135,5472.580873014767,350456.5586273015,859195.1970633185,23765.628552106093
64,NL0 9 biomass,NL0 9,1,20.0,19.979914529914527,5472.580873014767,90921.71329453944,109451.61746029535,3404.5646005714607
64,NL0 0 0 solar,NL0 0,1,144.0,0.01,59329.06935292875,143777.17181364,0.0,3495.7738491645578
64,NL0 1 0 solar,NL0 1,1,291.5,0.01,59329.06935292875,279083.88681448647,0.0,6948.705449759602
64,NL0 10 0 solar,NL0 10,1,120.1,0.01,59329.06935292875,123510.80794349064,0.0,3035.911304769089
64,NL0 11 0 solar,NL0 11,1,436.4,0.01,59329.06935292875,411901.3058784061,0.0,10306.481755249355
64,NL0 12 0 solar,NL0 12,1,203.1,0.01,59329.06935292875,191990.8054454151,0.0,4820.92251154439
64,NL0 13 0 solar,NL0 13,1,473.2,0.01,59329.06935292875,452951.73890675127,0.0,11187.121113824795
64,NL0 14 0 solar,NL0 14,1,85.3,0.01,59329.06935292875,84067.003586366,0.0,2087.7663698282927
64,NL0 15 0 solar,NL0 15,1,369.4,0.01,59329.06935292875,346685.28503442655,0.0,8736.034836219216
64,NL0 16 0 solar,NL0 16,1,68.8,0.01,59329.06935292875,69599.92687591023,0.0,1691.4298225830848
64,NL0 17 0 solar,NL0 17,1,63.1,0.01,59329.06935292875,65394.03954021661,0.0,1589.8866005603036
64,NL0 18 0 solar,NL0 18,1,13.399999999999999,0.01,59329.06935292875,13705.304222902527,0.0,335.710111700008
64,NL0 19 0 solar,NL0 19,1,75.60000000000001,0.01,59329.06935292875,70863.94290967533,0.0,1815.0254919597055
64,NL0 2 0 solar,NL0 2,1,1109.1,0.01,59329.06935292875,1.0323424735205551e6,0.0,26402.661517956996
64,NL0 20 0 solar,NL0 20,1,331.2,0.01,59329.06935292875,320483.9317679873,0.0,7909.5604725700005
64,NL0 21 0 solar,NL0 21,1,40.5,0.01,59329.06935292875,41600.66565576045,0.0,1013.9430253950717
64,NL0 22 0 solar,NL0 22,1,263.3,0.01,59329.06935292875,260617.55609716455,0.0,6361.56546158242
64,NL0 23 0 solar,NL0 23,1,57.1,0.01,59329.06935292875,57564.46412102367,0.0,1403.2936270342718
64,NL0 24 0 solar,NL0 24,1,99.8,0.01,59329.06935292875,98258.96051930611,0.0,2393.4015185461817
64,NL0 25 0 solar,NL0 25,1,663.4,0.01,59329.06935292875,623417.0481376499,0.0,15835.542397299549
64,NL0 26 0 solar,NL0 26,1,156.2,0.01,59329.06935292875,154151.32820160073,0.0,3821.2856187503758
64,NL0 27 0 solar,NL0 27,1,103.1,0.01,59329.06935292875,107361.95522086926,0.0,2649.1257341788905
64,NL0 28 0 solar,NL0 28,1,105.3,0.01,59329.06935292875,100355.16709245977,0.0,2489.1644574964166
64,NL0 3 0 solar,NL0 3,1,84.5,0.01,59329.06935292875,85165.20527245197,0.0,2070.9188767275286
64,NL0 30 0 solar,NL0 30,1,3.6,0.01,59329.06935292875,3668.2574639459544,0.0,89.82355962877534
64,NL0 31 0 solar,NL0 31,1,44.8,0.01,59329.06935292875,42321.025866532196,0.0,1072.8423780802711
64,NL0 4 0 solar,NL0 4,1,142.8,0.01,59329.06935292875,136790.3782209949,0.0,3403.277910451907
64,NL0 5 0 solar,NL0 5,1,351.7,0.01,59329.06935292875,342365.7706028359,0.0,8409.128930464909
64,NL0 6 0 solar,NL0 6,1,260.3,0.01,59329.06935292875,262068.44217328104,0.0,6427.157527688587
64,NL0 7 0 solar,NL0 7,1,553.2,0.01,59329.06935292875,550871.4655114,0.0,13445.138753780626
64,NL0 8 0 solar,NL0 8,1,79.5,0.01,59329.06935292875,79242.76000531403,0.0,1927.2751274433406
64,NL0 9 0 solar,NL0 9,1,299.5,0.01,59329.06935292875,289172.5962436975,0.0,7188.544634543878
64,NL0 20 0 offwind-ac,NL0 20,1,578.0,0.015,59329.06935292875,2.089704257082106e6,0.0,58627.157970859866
64,NL0 27 0 offwind-ac,NL0 27,1,4583.0,0.015,59329.06935292875,1.83649272580247e7,0.0,517595.07048146566
64,NL0 31 0 offwind-ac,NL0 31,1,600.0,0.015,59329.06935292875,2.344875426602939e6,0.0,63939.04653190301
64,NL0 32 0 offwind-ac,NL0 32,1,608.0,0.015,59329.06935292875,2.512277230679861e6,0.0,69624.1028690924
64,NL0 7 0 offwind-ac,NL0 7,1,752.0,0.015,59329.06935292875,3.1154508015855392e6,0.0,84123.60005421036
64,NL0 0 0 onwind,NL0 0,1,59.0,0.015,59329.06935292875,141581.73699949763,0.0,4312.1334177333465
64,NL0 1 0 onwind,NL0 1,1,75.0,0.015,59329.06935292875,144987.22367251673,0.0,4461.896721789622
64,NL0 10 0 onwind,NL0 10,1,428.0,0.015,59329.06935292875,1.42914008691994e6,0.0,41613.01930867686
64,NL0 11 0 onwind,NL0 11,1,21.0,0.015,59329.06935292875,40420.12081248223,0.0,1223.759424909239
64,NL0 12 0 onwind,NL0 12,1,54.0,0.015,59329.06935292875,157750.11158850262,0.0,4499.43848981945
64,NL0 13 0 onwind,NL0 13,1,23.0,0.015,59329.06935292875,48363.22569676897,0.0,1407.908563371173
64,NL0 14 0 onwind,NL0 14,1,61.0,0.015,59329.06935292875,204206.80020253576,0.0,5732.66177756561
64,NL0 15 0 onwind,NL0 15,1,52.0,0.015,59329.06935292875,110981.05180824423,0.0,3315.5577541830826
64,NL0 17 0 onwind,NL0 17,1,27.0,0.015,59329.06935292875,77212.9074396515,0.0,2190.399452782317
64,NL0 19 0 onwind,NL0 19,1,532.0,0.015,59329.06935292875,1.3460316067230022e6,0.0,41422.97601131978
64,NL0 2 0 onwind,NL0 2,1,472.8,0.015,59329.06935292875,1.054921437189653e6,0.0,33430.19262123821
64,NL0 20 0 onwind,NL0 20,1,822.2,0.015,59329.06935292875,2.229644363620043e6,0.0,68514.40955946344
64,NL0 21 0 onwind,NL0 21,1,36.0,0.015,59329.06935292875,104484.7656332106,0.0,3024.535973479675
64,NL0 22 0 onwind,NL0 22,1,122.7,0.015,59329.06935292875,259097.50094449046,0.0,7860.24376129831
64,NL0 23 0 onwind,NL0 23,1,127.0,0.015,59329.06935292875,371375.7050556634,0.0,11093.175682684092
64,NL0 24 0 onwind,NL0 24,1,33.0,0.015,59329.06935292875,87218.32571815475,0.0,2565.1240179295637
64,NL0 27 0 onwind,NL0 27,1,21.6,0.015,59329.06935292875,74449.90450443178,0.0,2072.907877365423
64,NL0 3 0 onwind,NL0 3,1,284.6,0.015,59329.06935292875,734639.6276889523,0.0,22722.5819373644
64,NL0 30 0 onwind,NL0 30,1,31.0,0.015,59329.06935292875,89651.5241641548,0.0,2568.4508764440884
64,NL0 31 0 onwind,NL0 31,1,216.0,0.015,59329.06935292875,634984.0143862657,0.0,18711.675564656245
64,NL0 4 0 onwind,NL0 4,1,287.0,0.015,59329.06935292875,733311.6964016726,0.0,22203.360652892447
64,NL0 5 0 onwind,NL0 5,1,21.0,0.015,59329.06935292875,39673.86951389334,0.0,1131.6999578848597
64,NL0 6 0 onwind,NL0 6,1,35.0,0.015,59329.06935292875,65026.74901261303,0.0,1868.5434518383586
64,NL0 7 0 onwind,NL0 7,1,374.3,0.015,59329.06935292875,974864.6796991487,0.0,29154.408492794966
64,NL0 8 0 onwind,NL0 8,1,101.1,0.015,59329.06935292875,229603.33202735163,0.0,6920.486547627501
64,NL0 9 0 onwind,NL0 9,1,35.0,0.015,59329.06935292875,64634.206735854896,0.0,2027.984657333282
65,NL0 0 CCGT,NL0 0,1,575.0,43.272866666666665,5472.580873014956,540923.5908802444,3.1467340019835993e6,58470.701437737924
65,NL0 1 biomass,NL0 1,1,71.0,19.979914529914527,5472.580873014956,322772.0821956152,388553.24198406184,12212.0
65,NL0 1 waste,NL0 1,1,31.0,34.1135,5472.580873014956,69198.42877354371,169650.00706346362,4650.0
65,NL0 10 CCGT,NL0 10,1,507.0,43.27286666666667,5472.580873014956,476953.49665440654,2.7745985026185825e6,50193.0
65,NL0 10 waste,NL0 10,1,150.0,34.1135,5472.580873014956,334831.10696875973,820887.1309522433,22289.755749841584
65,NL0 11 CCGT,NL0 11,1,72.0,43.27286666666667,5472.580873014956,67733.04094500448,394025.8228570768,7128.0
65,NL0 11 biomass,NL0 11,1,20.0,19.979914529914527,5472.580873014956,90921.71329453951,109451.61746029911,3460.0
65,NL0 11 waste,NL0 11,1,50.0,34.1135,5472.580873014956,111610.36898958654,273629.0436507478,7386.0151945515545
65,NL0 13 CCGT,NL0 13,1,50.0,43.27286666666667,5472.580873014956,47036.83398958645,273629.0436507478,4708.853335576834
65,NL0 13 biomass,NL0 13,1,77.0,19.979914529914527,5472.580873014956,350048.5961839771,421388.7272221516,13321.0
65,NL0 16 CCGT,NL0 16,1,268.0,43.27286666666667,5472.580873014956,252117.43018418335,1.466651673968008e6,26126.898685149543
65,NL0 17 CCGT,NL0 17,1,107.0,43.27286666666667,5472.580873014956,100658.82473771492,585566.1534126003,9737.0
65,NL0 18 CCGT,NL0 18,1,112.0,43.27286666666667,5472.580873014956,105362.50813667357,612929.057777675,10416.0
65,NL0 19 CCGT,NL0 19,1,523.0,53.04262929292929,5472.580873014956,286383.11750121147,2.862159796586822e6,11442.17409404741
65,NL0 19 biomass,NL0 19,1,49.0,19.979914529914527,5472.580873014956,222758.19757162177,268156.4627777328,8379.0
65,NL0 19 waste,NL0 19,1,36.0,34.1135,5472.580873014956,80359.46567250238,197012.9114285384,5256.0
65,NL0 2 CCGT,NL0 2,1,272.5,43.27286666666667,5472.580873014956,256350.74524324617,1.4912782878965754e6,26751.728766948923
65,NL0 21 CCGT,NL0 21,1,85.0,43.27286666666667,5472.580873014956,79962.61778229693,465169.37420627126,8195.701090696895
65,NL0 22 CCGT,NL0 22,1,100.0,43.27286666666667,5472.580873014956,94073.66797917285,547258.0873014956,9500.0
65,NL0 22 biomass,NL0 22,1,500.0,19.979914529914527,5472.580873014956,2.2730428323634886e6,2.736290436507478e6,88176.71740471417
65,NL0 23 CCGT,NL0 23,1,964.0,43.8530553226903,5472.580873014956,870323.5031578821,5.275567961586418e6,47693.60984839019
65,NL0 24 CCGT,NL0 24,1,684.0,67.50263035262032,5472.580873014956,184434.58658511768,3.7432453171422295e6,10714.131758202931
65,NL0 25 waste,NL0 25,1,54.0,34.1135,5472.580873014956,120539.19850875346,295519.3671428076,7992.0
65,NL0 27 CCGT,NL0 27,1,984.0,43.27286666666667,5472.580873014956,925684.8929150613,5.385019579046716e6,98044.83965750952
65,NL0 27 biomass,NL0 27,1,22.0,19.979914529914527,5472.580873014956,100013.88462399352,120396.77920632903,3762.0
65,NL0 27 waste,NL0 27,1,71.2,34.1135,5472.580873014956,158933.16544117124,389647.75815866486,10822.400000000012
65,NL0 28 CCGT,NL0 28,1,144.0,43.27286666666667,5472.580873014956,135466.08189000894,788051.6457141537,13654.730269508633
65,NL0 3 CCGT,NL0 3,1,1907.0,51.41762846054192,5472.580873014956,1.112405887359476e6,1.043621172483952e7,58777.98064051036
65,NL0 3 biomass,NL0 3,1,22.0,19.979914529914527,5472.580873014956,100013.88462399352,120396.77920632903,3784.0
65,NL0 3 waste,NL0 3,1,108.0,34.1135,5472.580873014956,241078.3970175069,591038.7342856152,15925.463548893134
65,NL0 30 biomass,NL0 30,1,60.0,19.979914529914527,5472.580873014956,272765.1398836184,328354.8523808973,10320.0
65,NL0 31 CCGT,NL0 31,1,3341.0,85.4787109164719,5472.580873014956,8.169757987421025e-10,1.8283892696742967e7,23559.453978829104
65,NL0 5 CCGT,NL0 5,1,49.6,43.27286666666667,5472.580873014956,46660.53931766976,271440.0113015418,4811.2
65,NL0 6 CCGT,NL0 6,1,1608.4,43.27286666666667,5472.580873014956,1.5130808757770176e6,8.802099076157255e6,171042.54773077383
65,NL0 7 CCGT,NL0 7,1,1398.0,43.6729395310492,5472.580873014956,1.2759987478403621e6,7.650668060474908e6,85506.53181069877
65,NL0 7 nuclear,NL0 7,1,515.0,27.322803680981593,5472.580873014956,1.7021457600712704e6,2.8183791496027024e6,84102.42124441595
65,NL0 7 waste,NL0 7,1,39.0,34.1135,5472.580873014956,87056.08781187759,213430.65404758326,5639.286858942358
65,NL0 8 CCGT,NL0 8,1,447.0,58.928107624263944,5472.580873014956,189520.23005298054,2.446243650237685e6,8652.104303317294
65,NL0 8 biomass,NL0 8,1,36.0,19.979914529914527,5472.580873014956,163659.0839301714,197012.9114285384,6189.758589916517
65,NL0 8 waste,NL0 8,1,157.0,34.1135,5472.580873014956,350456.55862730206,859195.197063348,23468.584111385186
65,NL0 9 biomass,NL0 9,1,20.0,19.979914529914527,5472.580873014956,90921.71329453951,109451.61746029911,3420.0
65,NL0 0 0 solar,NL0 0,1,144.0,0.01,59329.06935292875,143777.1718136401,0.0,3495.7738491645578
65,NL0 1 0 solar,NL0 1,1,291.5,0.01,59329.06935292875,279083.88681448676,0.0,6948.705449759602
65,NL0 10 0 solar,NL0 10,1,120.1,0.01,59329.06935292875,123510.80794349074,0.0,3035.911304769089
65,NL0 11 0 solar,NL0 11,1,436.4,0.01,59329.06935292875,411901.30587840645,0.0,10306.481755249355
65,NL0 12 0 solar,NL0 12,1,203.1,0.01,59329.06935292875,191990.80544541523,0.0,4820.92251154439
65,NL0 13 0 solar,NL0 13,1,473.2,0.01,59329.06935292875,452951.73890675174,0.0,11187.121113824795
65,NL0 14 0 solar,NL0 14,1,85.3,0.01,59329.06935292875,84067.00358636606,0.0,2087.7663698282927
65,NL0 15 0 solar,NL0 15,1,369.4,0.01,59329.06935292875,346685.285034427,0.0,8736.034836219216
65,NL0 16 0 solar,NL0 16,1,68.8,0.01,59329.06935292875,69599.92687591026,0.0,1691.4298225830848
65,NL0 17 0 solar,NL0 17,1,63.1,0.01,59329.06935292875,65394.03954021666,0.0,1589.8866005603036
65,NL0 18 0 solar,NL0 18,1,13.399999999999999,0.01,59329.06935292875,13705.304222902532,0.0,335.710111700008
65,NL0 19 0 solar,NL0 19,1,75.60000000000001,0.01,59329.06935292875,70863.94290967542,0.0,1815.0254919597055
65,NL0 2 0 solar,NL0 2,1,1109.1,0.01,59329.06935292875,1.0323424735205561e6,0.0,26402.661517956996
65,NL0 20 0 solar,NL0 20,1,331.2,0.01,59329.06935292875,320483.9317679877,0.0,7909.5604725700005
65,NL0 21 0 solar,NL0 21,1,40.5,0.01,59329.06935292875,41600.66565576048,0.0,1013.9430253950717
65,NL0 22 0 solar,NL0 22,1,263.3,0.01,59329.06935292875,260617.55609716475,0.0,6361.56546158242
65,NL0 23 0 solar,NL0 23,1,57.1,0.01,59329.06935292875,57564.46412102373,0.0,1403.2936270342718
65,NL0 24 0 solar,NL0 24,1,99.8,0.01,59329.06935292875,98258.96051930617,0.0,2393.4015185461817
65,NL0 25 0 solar,NL0 25,1,663.4,0.01,59329.06935292875,623417.0481376502,0.0,15835.542397299549
65,NL0 26 0 solar,NL0 26,1,156.2,0.01,59329.06935292875,154151.3282016009,0.0,3821.2856187503758
65,NL0 27 0 solar,NL0 27,1,103.1,0.01,59329.06935292875,107361.95522086935,0.0,2649.1257341788905
65,NL0 28 0 solar,NL0 28,1,105.3,0.01,59329.06935292875,100355.16709245981,0.0,2489.1644574964166
65,NL0 3 0 solar,NL0 3,1,84.5,0.01,59329.06935292875,85165.20527245206,0.0,2070.9188767275286
65,NL0 30 0 solar,NL0 30,1,3.6,0.01,59329.06935292875,3668.2574639459576,0.0,89.82355962877534
65,NL0 31 0 solar,NL0 31,1,44.8,0.01,59329.06935292875,42321.02586653224,0.0,1072.8423780802711
65,NL0 4 0 solar,NL0 4,1,142.8,0.01,59329.06935292875,136790.37822099504,0.0,3403.277910451907
65,NL0 5 0 solar,NL0 5,1,351.7,0.01,59329.06935292875,342365.7706028363,0.0,8409.128930464909
65,NL0 6 0 solar,NL0 6,1,260.3,0.01,59329.06935292875,262068.4421732812,0.0,6427.157527688587
65,NL0 7 0 solar,NL0 7,1,553.2,0.01,59329.06935292875,550871.4655114004,0.0,13445.138753780626
65,NL0 8 0 solar,NL0 8,1,79.5,0.01,59329.06935292875,79242.76000531408,0.0,1927.2751274433406
65,NL0 9 0 solar,NL0 9,1,299.5,0.01,59329.06935292875,289172.5962436978,0.0,7188.544634543878
65,NL0 20 0 offwind-ac,NL0 20,1,578.0,0.015,59329.06935292875,2.0897042570821068e6,0.0,58532.52236421242
65,NL0 27 0 offwind-ac,NL0 27,1,4583.0,0.015,59329.06935292875,1.836492725802474e7,0.0,517595.07048146566
65,NL0 31 0 offwind-ac,NL0 31,1,600.0,0.015,59329.06935292875,2.3448754266029424e6,0.0,65002.40995494072
65,NL0 32 0 offwind-ac,NL0 32,1,608.0,0.015,59329.06935292875,2.5122772306798655e6,0.0,69085.7188690924
65,NL0 7 0 offwind-ac,NL0 7,1,752.0,0.015,59329.06935292875,3.1154508015855406e6,0.0,84382.72634325645
65,NL0 0 0 onwind,NL0 0,1,59.0,0.015,59329.06935292875,141581.73699949784,0.0,4312.999104255284
65,NL0 1 0 onwind,NL0 1,1,75.0,0.015,59329.06935292875,144987.223672517,0.0,4592.56319817744
65,NL0 10 0 onwind,NL0 10,1,428.0,0.015,59329.06935292875,1.4291400869199412e6,0.0,42043.66180313579
65,NL0 11 0 onwind,NL0 11,1,21.0,0.015,59329.06935292875,40420.12081248227,0.0,1279.682647660816
65,NL0 12 0 onwind,NL0 12,1,54.0,0.015,59329.06935292875,157750.11158850274,0.0,4717.910600543067
65,NL0 13 0 onwind,NL0 13,1,23.0,0.015,59329.06935292875,48363.225696769005,0.0,1487.1382843676363
65,NL0 14 0 onwind,NL0 14,1,61.0,0.015,59329.06935292875,204206.8002025359,0.0,5854.66177756561
65,NL0 15 0 onwind,NL0 15,1,52.0,0.015,59329.06935292875,110981.05180824433,0.0,3514.306096264165
65,NL0 17 0 onwind,NL0 17,1,27.0,0.015,59329.06935292875,77212.90743965164,0.0,2356.425423940956
65,NL0 19 0 onwind,NL0 19,1,532.0,0.015,59329.06935292875,1.3460316067230038e6,0.0,41954.97601131978
65,NL0 2 0 onwind,NL0 2,1,472.8,0.015,59329.06935292875,1.0549214371896542e6,0.0,33668.06668622422
65,NL0 20 0 onwind,NL0 20,1,822.2,0.015,59329.06935292875,2.2296443636200447e6,0.0,66288.11346917554
65,NL0 21 0 onwind,NL0 21,1,36.0,0.015,59329.06935292875,104484.76563321071,0.0,3033.373617148007
65,NL0 22 0 onwind,NL0 22,1,122.7,0.015,59329.06935292875,259097.5009444907,0.0,7721.887245117087
65,NL0 23 0 onwind,NL0 23,1,127.0,0.015,59329.06935292875,371375.7050556639,0.0,10841.336138102639
65,NL0 24 0 onwind,NL0 24,1,33.0,0.015,59329.06935292875,87218.32571815483,0.0,2629.3354574730824
65,NL0 27 0 onwind,NL0 27,1,21.6,0.015,59329.06935292875,74449.90450443185,0.0,2137.7078804771672
65,NL0 3 0 onwind,NL0 3,1,284.6,0.015,59329.06935292875,734639.6276889532,0.0,22190.55389581443
65,NL0 30 0 onwind,NL0 30,1,31.0,0.015,59329.06935292875,89651.52416415488,0.0,2638.7877197407142
65,NL0 31 0 onwind,NL0 31,1,216.0,0.015,59329.06935292875,634984.0143862665,0.0,18249.214998574662
65,NL0 4 0 onwind,NL0 4,1,287.0,0.015,59329.06935292875,733311.6964016734,0.0,22271.71543102216
65,NL0 5 0 onwind,NL0 5,1,21.0,0.015,59329.06935292875,39673.869513893376,0.0,1270.3927773915407
65,NL0 6 0 onwind,NL0 6,1,35.0,0.015,59329.06935292875,65026.749012613116,0.0,2068.337487937509
65,NL0 7 0 onwind,NL0 7,1,374.3,0.015,59329.06935292875,974864.6796991498,0.0,29171.35958984546
65,NL0 8 0 onwind,NL0 8,1,101.1,0.015,59329.06935292875,229603.3320273519,0.0,7020.386608510133
65,NL0 9 0 onwind,NL0 9,1,35.0,0.015,59329.06935292875,64634.206735854954,0.0,2045.1684992240862
66,NL0 0 CCGT,NL0 0,1,575.0,43.272866666666665,5472.580873014615,540923.5908802447,3.146734001983403e6,60840.53672139229
66,NL0 1 biomass,NL0 1,1,71.0,19.979914529914527,5472.580873014615,322772.0821956153,388553.2419840376,12070.0
66,NL0 1 waste,NL0 1,1,31.0,34.1135,5472.580873014615,69198.42877354372,169650.00706345306,4619.915471299604
66,NL0 10 CCGT,NL0 10,1,507.0,43.27286666666667,5472.580873014615,476953.49665440695,2.7745985026184097e6,50860.87923077398
66,NL0 10 waste,NL0 10,1,150.0,34.1135,5472.580873014615,334831.10696875985,820887.1309521922,22523.1401254202
66,NL0 11 CCGT,NL0 11,1,72.0,43.27286666666667,5472.580873014615,67733.04094500454,394025.82285705226,6984.0
66,NL0 11 biomass,NL0 11,1,20.0,19.979914529914527,5472.580873014615,90921.71329453951,109451.6174602923,3420.0
66,NL0 11 waste,NL0 11,1,50.0,34.1135,5472.580873014615,111610.36898958657,273629.04365073075,7518.1813318664
66,NL0 13 CCGT,NL0 13,1,50.0,43.27286666666667,5472.580873014615,47036.83398958647,273629.04365073075,5050.0
66,NL0 13 biomass,NL0 13,1,77.0,19.979914529914527,5472.580873014615,350048.59618397715,421388.72722212534,13244.0
66,NL0 16 CCGT,NL0 16,1,268.0,43.27286666666667,5472.580873014615,252117.4301841835,1.4666516739679168e6,26264.0
66,NL0 17 CCGT,NL0 17,1,107.0,43.27286666666667,5472.580873014615,100658.82473771503,585566.1534125637,10355.6872034991
66,NL0 18 CCGT,NL0 18,1,112.0,43.27286666666667,5472.580873014615,105362.50813667371,612929.0577776368,10528.0
66,NL0 19 CCGT,NL0 19,1,523.0,53.04262929292929,5472.580873014615,286383.1175012115,2.8621597965866434e6,11442.1740940474
66,NL0 19 biomass,NL0 19,1,49.0,19.979914529914527,5472.580873014615,222758.1975716218,268156.4627777161,8428.0
66,NL0 19 waste,NL0 19,1,36.0,34.1135,5472.580873014615,80359.46567250241,197012.91142852613,5435.431434855493
66,NL0 2 CCGT,NL0 2,1,272.5,43.27286666666667,5472.580873014615,256350.74524324626,1.4912782878964825e6,26705.0
66,NL0 21 CCGT,NL0 21,1,85.0,43.27286666666667,5472.580873014615,79962.61778229696,465169.3742062422,8121.7169152272645
66,NL0 22 CCGT,NL0 22,1,100.0,43.27286666666667,5472.580873014615,94073.66797917287,547258.0873014615,9379.843763760024
66,NL0 22 biomass,NL0 22,1,500.0,19.979914529914527,5472.580873014615,2.2730428323634886e6,2.7362904365073075e6,88484.71740471417
66,NL0 23 CCGT,NL0 23,1,964.0,43.8530553226903,5472.580873014615,870323.5031578825,5.275567961586089e6,47693.60984839019
66,NL0 24 CCGT,NL0 24,1,684.0,67.50263035262032,5472.580873014615,184434.58658511768,3.743245317141996e6,10714.131758202937
66,NL0 25 waste,NL0 25,1,54.0,34.1135,5472.580873014615,120539.19850875347,295519.3671427892,7893.213857978176
66,NL0 27 CCGT,NL0 27,1,984.0,43.27286666666667,5472.580873014615,925684.8929150616,5.385019579046381e6,94906.69773671798
66,NL0 27 biomass,NL0 27,1,22.0,19.979914529914527,5472.580873014615,100013.88462399352,120396.77920632152,3784.0
66,NL0 27 waste,NL0 27,1,71.2,34.1135,5472.580873014615,158933.1654411713,389647.7581586406,10726.279673793159
66,NL0 28 CCGT,NL0 28,1,144.0,43.27286666666667,5472.580873014615,135466.08189000902,788051.6457141045,13104.0
66,NL0 3 CCGT,NL0 3,1,1907.0,51.41762846054192,5472.580873014615,1.1124058873594762e6,1.043621172483887e7,58777.98064051036
66,NL0 3 biomass,NL0 3,1,22.0,19.979914529914527,5472.580873014615,100013.88462399352,120396.77920632152,3784.0
66,NL0 3 waste,NL0 3,1,108.0,34.1135,5472.580873014615,241078.39701750697,591038.7342855784,16039.430748912018
66,NL0 30 biomass,NL0 30,1,60.0,19.979914529914527,5472.580873014615,272765.1398836184,328354.8523808769,10200.0
66,NL0 31 CCGT,NL0 31,1,3341.0,85.4787109164719,5472.580873014615,8.169757987421039e-10,1.8283892696741827e7,23559.45397882914
66,NL0 5 CCGT,NL0 5,1,49.6,43.27286666666667,5472.580873014615,46660.53931766979,271440.0113015249,4513.599999999998
66,NL0 6 CCGT,NL0 6,1,1608.4,43.27286666666667,5472.580873014615,1.5130808757770185e6,8.802099076156706e6,171167.23940253144
66,NL0 7 CCGT,NL0 7,1,1398.0,43.6729395310492,5472.580873014615,1.2759987478403633e6,7.650668060474431e6,85506.53181069877
66,NL0 7 nuclear,NL0 7,1,515.0,27.322803680981593,5472.580873014615,1.7021457600712709e6,2.8183791496025263e6,84102.42124441595
66,NL0 7 waste,NL0 7,1,39.0,34.1135,5472.580873014615,87056.08781187763,213430.65404756996,5694.0
66,NL0 8 CCGT,NL0 8,1,447.0,58.928107624263944,5472.580873014615,189520.2300529806,2.446243650237533e6,8652.104303317275
66,NL0 8 biomass,NL0 8,1,36.0,19.979914529914527,5472.580873014615,163659.0839301714,197012.91142852613,6192.0
66,NL0 8 waste,NL0 8,1,157.0,34.1135,5472.580873014615,350456.55862730206,859195.1970632945,22979.91281948897
66,NL0 9 biomass,NL0 9,1,20.0,19.979914529914527,5472.580873014615,90921.71329453951,109451.6174602923,3417.7585899165165
66,NL0 0 0 solar,NL0 0,1,144.0,0.01,59329.06935292875,143777.17181364007,0.0,3495.7738491645578
66,NL0 1 0 solar,NL0 1,1,291.5,0.01,59329.06935292875,279083.88681448676,0.0,6948.705449759602
66,NL0 10 0 solar,NL0 10,1,120.1,0.01,59329.06935292875,123510.80794349074,0.0,3035.911304769089
66,NL0 11 0 solar,NL0 11,1,436.4,0.01,59329.06935292875,411901.3058784065,0.0,10306.481755249355
66,NL0 12 0 solar,NL0 12,1,203.1,0.01,59329.06935292875,191990.80544541523,0.0,4820.92251154439
66,NL0 13 0 solar,NL0 13,1,473.2,0.01,59329.06935292875,452951.73890675174,0.0,11187.121113824795
66,NL0 14 0 solar,NL0 14,1,85.3,0.01,59329.06935292875,84067.00358636606,0.0,2087.7663698282927
66,NL0 15 0 solar,NL0 15,1,369.4,0.01,59329.06935292875,346685.28503442707,0.0,8736.034836219216
66,NL0 16 0 solar,NL0 16,1,68.8,0.01,59329.06935292875,69599.92687591027,0.0,1691.4298225830848
66,NL0 17 0 solar,NL0 17,1,63.1,0.01,59329.06935292875,65394.03954021666,0.0,1589.8866005603036
66,NL0 18 0 solar,NL0 18,1,13.399999999999999,0.01,59329.06935292875,13705.304222902532,0.0,335.710111700008
66,NL0 19 0 solar,NL0 19,1,75.60000000000001,0.01,59329.06935292875,70863.94290967542,0.0,1815.0254919597055
66,NL0 2 0 solar,NL0 2,1,1109.1,0.01,59329.06935292875,1.0323424735205561e6,0.0,26402.661517956996
66,NL0 20 0 solar,NL0 20,1,331.2,0.01,59329.06935292875,320483.9317679877,0.0,7909.5604725700005
66,NL0 21 0 solar,NL0 21,1,40.5,0.01,59329.06935292875,41600.66565576048,0.0,1013.9430253950717
66,NL0 22 0 solar,NL0 22,1,263.3,0.01,59329.06935292875,260617.55609716475,0.0,6361.56546158242
66,NL0 23 0 solar,NL0 23,1,57.1,0.01,59329.06935292875,57564.46412102373,0.0,1403.2936270342718
66,NL0 24 0 solar,NL0 24,1,99.8,0.01,59329.06935292875,98258.96051930617,0.0,2393.4015185461817
66,NL0 25 0 solar,NL0 25,1,663.4,0.01,59329.06935292875,623417.0481376502,0.0,15835.542397299549
66,NL0 26 0 solar,NL0 26,1,156.2,0.01,59329.06935292875,154151.3282016009,0.0,3821.2856187503758
66,NL0 27 0 solar,NL0 27,1,103.1,0.01,59329.06935292875,107361.95522086935,0.0,2649.1257341788905
66,NL0 28 0 solar,NL0 28,1,105.3,0.01,59329.06935292875,100355.16709245981,0.0,2489.1644574964166
66,NL0 3 0 solar,NL0 3,1,84.5,0.01,59329.06935292875,85165.20527245208,0.0,2070.9188767275286
66,NL0 30 0 solar,NL0 30,1,3.6,0.01,59329.06935292875,3668.2574639459576,0.0,89.82355962877534
66,NL0 31 0 solar,NL0 31,1,44.8,0.01,59329.06935292875,42321.02586653224,0.0,1072.8423780802711
66,NL0 4 0 solar,NL0 4,1,142.8,0.01,59329.06935292875,136790.37822099504,0.0,3403.277910451907
66,NL0 5 0 solar,NL0 5,1,351.7,0.01,59329.06935292875,342365.7706028363,0.0,8409.128930464909
66,NL0 6 0 solar,NL0 6,1,260.3,0.01,59329.06935292875,262068.44217328122,0.0,6427.157527688587
66,NL0 7 0 solar,NL0 7,1,553.2,0.01,59329.06935292875,550871.4655114004,0.0,13445.138753780626
66,NL0 8 0 solar,NL0 8,1,79.5,0.01,59329.06935292875,79242.76000531408,0.0,1927.2751274433406
66,NL0 9 0 solar,NL0 9,1,299.5,0.01,59329.06935292875,289172.5962436978,0.0,7188.544634543878
66,NL0 20 0 offwind-ac,NL0 20,1,578.0,0.015,59329.06935292875,2.089704257082107e6,0.0,59650.79597085986
66,NL0 27 0 offwind-ac,NL0 27,1,4583.0,0.015,59329.06935292875,1.836492725802475e7,0.0,517595.07048146566
66,NL0 31 0 offwind-ac,NL0 31,1,600.0,0.015,59329.06935292875,2.3448754266029424e6,0.0,65533.70995494073
66,NL0 32 0 offwind-ac,NL0 32,1,608.0,0.015,59329.06935292875,2.5122772306798655e6,0.0,69624.1028690924
66,NL0 7 0 offwind-ac,NL0 7,1,752.0,0.015,59329.06935292875,3.1154508015855406e6,0.0,85460.08856763809
66,NL0 0 0 onwind,NL0 0,1,59.0,0.015,59329.06935292875,141581.73699949784,0.0,4349.918767624477
66,NL0 1 0 onwind,NL0 1,1,75.0,0.015,59329.06935292875,144987.22367251694,0.0,4592.56319817744
66,NL0 10 0 onwind,NL0 10,1,428.0,0.015,59329.06935292875,1.4291400869199412e6,0.0,42043.66180313579
66,NL0 11 0 onwind,NL0 11,1,21.0,0.015,59329.06935292875,40420.12081248227,0.0,1286.6695123700767
66,NL0 12 0 onwind,NL0 12,1,54.0,0.015,59329.06935292875,157750.11158850274,0.0,4609.946514489883
66,NL0 13 0 onwind,NL0 13,1,23.0,0.015,59329.06935292875,48363.225696769005,0.0,1470.312711966494
66,NL0 14 0 onwind,NL0 14,1,61.0,0.015,59329.06935292875,204206.80020253593,0.0,5915.66177756561
66,NL0 15 0 onwind,NL0 15,1,52.0,0.015,59329.06935292875,110981.05180824433,0.0,3522.511140223919
66,NL0 17 0 onwind,NL0 17,1,27.0,0.015,59329.06935292875,77212.90743965164,0.0,2302.531465523686
66,NL0 19 0 onwind,NL0 19,1,532.0,0.015,59329.06935292875,1.3460316067230038e6,0.0,41957.66613883625
66,NL0 2 0 onwind,NL0 2,1,472.8,0.015,59329.06935292875,1.0549214371896542e6,0.0,32944.81142635297
66,NL0 20 0 onwind,NL0 20,1,822.2,0.015,59329.06935292875,2.2296443636200447e6,0.0,68681.87656709284
66,NL0 21 0 onwind,NL0 21,1,36.0,0.015,59329.06935292875,104484.76563321073,0.0,3034.0490937186396
66,NL0 22 0 onwind,NL0 22,1,122.7,0.015,59329.06935292875,259097.50094449072,0.0,7857.967152232568
66,NL0 23 0 onwind,NL0 23,1,127.0,0.015,59329.06935292875,371375.7050556639,0.0,10833.686397172884
66,NL0 24 0 onwind,NL0 24,1,33.0,0.015,59329.06935292875,87218.32571815485,0.0,2630.932698155521
66,NL0 27 0 onwind,NL0 27,1,21.6,0.015,59329.06935292875,74449.90450443185,0.0,2094.5078804771674
66,NL0 3 0 onwind,NL0 3,1,284.6,0.015,59329.06935292875,734639.6276889532,0.0,20866.036960024885
66,NL0 30 0 onwind,NL0 30,1,31.0,0.015,59329.06935292875,89651.52416415488,0.0,2567.483397118999
66,NL0 31 0 onwind,NL0 31,1,216.0,0.015,59329.06935292875,634984.0143862665,0.0,18289.546997048783
66,NL0 4 0 onwind,NL0 4,1,287.0,0.015,59329.06935292875,733311.6964016735,0.0,20620.52778567377
66,NL0 5 0 onwind,NL0 5,1,21.0,0.015,59329.06935292875,39673.869513893376,0.0,1111.6701137215225
66,NL0 6 0 onwind,NL0 6,1,35.0,0.015,59329.06935292875,65026.749012613116,0.0,1956.4162884431194
66,NL0 7 0 onwind,NL0 7,1,374.3,0.015,59329.06935292875,974864.6796991499,0.0,27788.465781841434
66,NL0 8 0 onwind,NL0 8,1,101.1,0.015,59329.06935292875,229603.3320273519,0.0,6869.839337969928
66,NL0 9 0 onwind,NL0 9,1,35.0,0.015,59329.06935292875,64634.206735854954,0.0,1895.4817110212316
67,NL0 0 CCGT,NL0 0,1,575.0,43.272866666666665,5472.580873014728,540923.5908802454,3.146734001983469e6,61847.52414665383
67,NL0 1 biomass,NL0 1,1,71.0,19.979914529914527,5472.580873014728,322772.08219561534,388553.2419840457,12212.0
67,NL0 1 waste,NL0 1,1,31.0,34.1135,5472.580873014728,69198.42877354374,169650.00706345658,4681.915471299604
67,NL0 10 CCGT,NL0 10,1,507.0,43.27286666666667,5472.580873014728,476953.4966544071,2.7745985026184674e6,52221.0
67,NL0 10 waste,NL0 10,1,150.0,34.1135,5472.580873014728,334831.10696875997,820887.1309522092,22814.38244764531
67,NL0 11 CCGT,NL0 11,1,72.0,43.27286666666667,5472.580873014728,67733.04094500458,394025.8228570604,7560.0
67,NL0 11 biomass,NL0 11,1,20.0,19.979914529914527,5472.580873014728,90921.71329453951,109451.61746029457,3460.0
67,NL0 11 waste,NL0 11,1,50.0,34.1135,5472.580873014728,111610.36898958658,273629.0436507364,7400.0
67,NL0 13 CCGT,NL0 13,1,50.0,43.27286666666667,5472.580873014728,47036.833989586514,273629.0436507364,5300.0
67,NL0 13 biomass,NL0 13,1,77.0,19.979914529914527,5472.580873014728,350048.59618397715,421388.72722213407,13321.0
67,NL0 16 CCGT,NL0 16,1,268.0,43.27286666666667,5472.580873014728,252117.43018418367,1.4666516739679473e6,27336.0
67,NL0 17 CCGT,NL0 17,1,107.0,43.27286666666667,5472.580873014728,100658.82473771511,585566.153412576,10904.004656159721
67,NL0 18 CCGT,NL0 18,1,112.0,43.27286666666667,5472.580873014728,105362.5081366738,612929.0577776496,11760.0
67,NL0 19 CCGT,NL0 19,1,523.0,53.04262929292929,5472.580873014728,286383.1175012118,2.862159796586703e6,11442.174094047457
67,NL0 19 biomass,NL0 19,1,49.0,19.979914529914527,5472.580873014728,222758.19757162183,268156.4627777217,8477.0
67,NL0 19 waste,NL0 19,1,36.0,34.1135,5472.580873014728,80359.46567250243,197012.9114285302,5328.0
67,NL0 2 CCGT,NL0 2,1,272.5,43.27286666666667,5472.580873014728,256350.74524324643,1.4912782878965135e6,26977.5
67,NL0 21 CCGT,NL0 21,1,85.0,43.27286666666667,5472.580873014728,79962.61778229702,465169.3742062519,8160.0
67,NL0 22 CCGT,NL0 22,1,100.0,43.27286666666667,5472.580873014728,94073.66797917295,547258.0873014728,9400.0
67,NL0 22 biomass,NL0 22,1,500.0,19.979914529914527,5472.580873014728,2.2730428323634895e6,2.7362904365073643e6,88180.88279669036
67,NL0 23 CCGT,NL0 23,1,964.0,43.8530553226903,5472.580873014728,870323.5031578832,5.275567961586198e6,47693.60984839019
67,NL0 24 CCGT,NL0 24,1,684.0,67.50263035262032,5472.580873014728,184434.58658511774,3.743245317142074e6,10714.131758203024
67,NL0 25 waste,NL0 25,1,54.0,34.1135,5472.580873014728,120539.19850875351,295519.36714279535,7938.0
67,NL0 27 CCGT,NL0 27,1,984.0,43.27286666666667,5472.580873014728,925684.8929150619,5.385019579046492e6,86175.44428550926
67,NL0 27 biomass,NL0 27,1,22.0,19.979914529914527,5472.580873014728,100013.88462399354,120396.77920632402,3762.0
67,NL0 27 waste,NL0 27,1,71.2,34.1135,5472.580873014728,158933.1654411713,389647.7581586487,10713.248996597607
67,NL0 28 CCGT,NL0 28,1,144.0,43.27286666666667,5472.580873014728,135466.08189000908,788051.6457141208,12096.0
67,NL0 3 CCGT,NL0 3,1,1907.0,51.41762846054192,5472.580873014728,1.112405887359477e6,1.0436211724839088e7,58777.98064051037
67,NL0 3 biomass,NL0 3,1,22.0,19.979914529914527,5472.580873014728,100013.88462399354,120396.77920632402,3762.0
67,NL0 3 waste,NL0 3,1,108.0,34.1135,5472.580873014728,241078.39701750703,591038.7342855907,15552.0
67,NL0 30 biomass,NL0 30,1,60.0,19.979914529914527,5472.580873014728,272765.1398836184,328354.8523808837,10237.593197940478
67,NL0 31 CCGT,NL0 31,1,3341.0,85.4787109164719,5472.580873014728,1.0068896611560643e-9,1.8283892696742207e7,23559.45397882918
67,NL0 5 CCGT,NL0 5,1,49.6,43.27286666666667,5472.580873014728,46660.5393176698,271440.0113015305,4244.353019056414
67,NL0 6 CCGT,NL0 6,1,1608.4,43.27286666666667,5472.580873014728,1.5130808757770192e6,8.80209907615689e6,174799.37486652314
67,NL0 7 CCGT,NL0 7,1,1398.0,43.6729395310492,5472.580873014728,1.2759987478403638e6,7.65066806047459e6,85506.53181069877
67,NL0 7 nuclear,NL0 7,1,515.0,27.322803680981593,5472.580873014728,1.702145760071271e6,2.818379149602585e6,84102.42124441595
67,NL0 7 waste,NL0 7,1,39.0,34.1135,5472.580873014728,87056.08781187765,213430.6540475744,5616.0
67,NL0 8 CCGT,NL0 8,1,447.0,58.928107624263944,5472.580873014728,189520.2300529806,2.4462436502375836e6,8652.1043033173
67,NL0 8 biomass,NL0 8,1,36.0,19.979914529914527,5472.580873014728,163659.08393017141,197012.9114285302,6192.0
67,NL0 8 waste,NL0 8,1,157.0,34.1135,5472.580873014728,350456.5586273022,859195.1970633123,23385.958548071583
67,NL0 9 biomass,NL0 9,1,20.0,19.979914529914527,5472.580873014728,90921.71329453951,109451.61746029457,3420.0
67,NL0 0 0 solar,NL0 0,1,144.0,0.01,59329.06935292875,143777.17181364013,0.0,3495.7738491645578
67,NL0 1 0 solar,NL0 1,1,291.5,0.01,59329.06935292875,279083.88681448676,0.0,6948.705449759602
67,NL0 10 0 solar,NL0 10,1,120.1,0.01,59329.06935292875,123510.80794349074,0.0,3035.911304769089
67,NL0 11 0 solar,NL0 11,1,436.4,0.01,59329.06935292875,411901.3058784065,0.0,10306.481755249355
67,NL0 12 0 solar,NL0 12,1,203.1,0.01,59329.06935292875,191990.80544541526,0.0,4820.92251154439
67,NL0 13 0 solar,NL0 13,1,473.2,0.01,59329.06935292875,452951.73890675174,0.0,11187.121113824795
67,NL0 14 0 solar,NL0 14,1,85.3,0.01,59329.06935292875,84067.00358636607,0.0,2087.7663698282927
67,NL0 15 0 solar,NL0 15,1,369.4,0.01,59329.06935292875,346685.28503442707,0.0,8736.034836219216
67,NL0 16 0 solar,NL0 16,1,68.8,0.01,59329.06935292875,69599.92687591027,0.0,1691.4298225830848
67,NL0 17 0 solar,NL0 17,1,63.1,0.01,59329.06935292875,65394.039540216676,0.0,1589.8866005603036
67,NL0 18 0 solar,NL0 18,1,13.399999999999999,0.01,59329.06935292875,13705.304222902534,0.0,335.710111700008
67,NL0 19 0 solar,NL0 19,1,75.60000000000001,0.01,59329.06935292875,70863.94290967542,0.0,1815.0254919597055
67,NL0 2 0 solar,NL0 2,1,1109.1,0.01,59329.06935292875,1.0323424735205562e6,0.0,26402.661517956996
67,NL0 20 0 solar,NL0 20,1,331.2,0.01,59329.06935292875,320483.9317679877,0.0,7909.5604725700005
67,NL0 21 0 solar,NL0 21,1,40.5,0.01,59329.06935292875,41600.66565576048,0.0,1013.9430253950717
67,NL0 22 0 solar,NL0 22,1,263.3,0.01,59329.06935292875,260617.55609716475,0.0,6361.56546158242
67,NL0 23 0 solar,NL0 23,1,57.1,0.01,59329.06935292875,57564.46412102373,0.0,1403.2936270342718
67,NL0 24 0 solar,NL0 24,1,99.8,0.01,59329.06935292875,98258.96051930617,0.0,2393.4015185461817
67,NL0 25 0 solar,NL0 25,1,663.4,0.01,59329.06935292875,623417.0481376505,0.0,15835.542397299549
67,NL0 26 0 solar,NL0 26,1,156.2,0.01,59329.06935292875,154151.3282016009,0.0,3821.2856187503758
67,NL0 27 0 solar,NL0 27,1,103.1,0.01,59329.06935292875,107361.95522086936,0.0,2649.1257341788905
67,NL0 28 0 solar,NL0 28,1,105.3,0.01,59329.06935292875,100355.16709245981,0.0,2489.1644574964166
67,NL0 3 0 solar,NL0 3,1,84.5,0.01,59329.06935292875,85165.20527245206,0.0,2070.9188767275286
67,NL0 30 0 solar,NL0 30,1,3.6,0.01,59329.06935292875,3668.2574639459576,0.0,89.82355962877534
67,NL0 31 0 solar,NL0 31,1,44.8,0.01,59329.06935292875,42321.02586653225,0.0,1072.8423780802711
67,NL0 4 0 solar,NL0 4,1,142.8,0.01,59329.06935292875,136790.37822099504,0.0,3403.277910451907
67,NL0 5 0 solar,NL0 5,1,351.7,0.01,59329.06935292875,342365.77060283633,0.0,8409.128930464909
67,NL0 6 0 solar,NL0 6,1,260.3,0.01,59329.06935292875,262068.44217328122,0.0,6427.157527688587
67,NL0 7 0 solar,NL0 7,1,553.2,0.01,59329.06935292875,550871.4655114005,0.0,13445.138753780626
67,NL0 8 0 solar,NL0 8,1,79.5,0.01,59329.06935292875,79242.76000531408,0.0,1927.2751274433406
67,NL0 9 0 solar,NL0 9,1,299.5,0.01,59329.06935292875,289172.5962436978,0.0,7188.544634543878
67,NL0 20 0 offwind-ac,NL0 20,1,578.0,0.015,59329.06935292875,2.0897042570821072e6,0.0,58627.157970859866
67,NL0 27 0 offwind-ac,NL0 27,1,4583.0,0.015,59329.06935292875,1.8364927258024745e7,0.0,516335.09384952864
67,NL0 31 0 offwind-ac,NL0 31,1,600.0,0.015,59329.06935292875,2.3448754266029424e6,0.0,65002.40995494072
67,NL0 32 0 offwind-ac,NL0 32,1,608.0,0.015,59329.06935292875,2.5122772306798655e6,0.0,69624.1028690924
67,NL0 7 0 offwind-ac,NL0 7,1,752.0,0.015,59329.06935292875,3.1154508015855406e6,0.0,86125.98456763808
67,NL0 0 0 onwind,NL0 0,1,59.0,0.015,59329.06935292875,141581.73699949784,0.0,4423.356662627512
67,NL0 1 0 onwind,NL0 1,1,75.0,0.015,59329.06935292875,144987.223672517,0.0,4593.112821361607
67,NL0 10 0 onwind,NL0 10,1,428.0,0.015,59329.06935292875,1.4291400869199415e6,0.0,42471.66180313577
67,NL0 11 0 onwind,NL0 11,1,21.0,0.015,59329.06935292875,40420.12081248227,0.0,1319.8971420342712
67,NL0 12 0 onwind,NL0 12,1,54.0,0.015,59329.06935292875,157750.11158850274,0.0,4771.910600543067
67,NL0 13 0 onwind,NL0 13,1,23.0,0.015,59329.06935292875,48363.225696769005,0.0,1555.622069077163
67,NL0 14 0 onwind,NL0 14,1,61.0,0.015,59329.06935292875,204206.80020253593,0.0,5976.66177756561
67,NL0 15 0 onwind,NL0 15,1,52.0,0.015,59329.06935292875,110981.05180824433,0.0,3607.5251690491696
67,NL0 17 0 onwind,NL0 17,1,27.0,0.015,59329.06935292875,77212.90743965164,0.0,2329.4259550095826
67,NL0 19 0 onwind,NL0 19,1,532.0,0.015,59329.06935292875,1.3460316067230038e6,0.0,41957.66613883625
67,NL0 2 0 onwind,NL0 2,1,472.8,0.015,59329.06935292875,1.0549214371896542e6,0.0,33400.554721520675
67,NL0 20 0 onwind,NL0 20,1,822.2,0.015,59329.06935292875,2.2296443636200447e6,0.0,68147.29404603572
67,NL0 21 0 onwind,NL0 21,1,36.0,0.015,59329.06935292875,104484.76563321071,0.0,3141.3564070712346
67,NL0 22 0 onwind,NL0 22,1,122.7,0.015,59329.06935292875,259097.50094449072,0.0,7542.266038498793
67,NL0 23 0 onwind,NL0 23,1,127.0,0.015,59329.06935292875,371375.7050556639,0.0,10477.6478602253
67,NL0 24 0 onwind,NL0 24,1,33.0,0.015,59329.06935292875,87218.32571815484,0.0,2631.545708003239
67,NL0 27 0 onwind,NL0 27,1,21.6,0.015,59329.06935292875,74449.90450443185,0.0,2072.907877365423
67,NL0 3 0 onwind,NL0 3,1,284.6,0.015,59329.06935292875,734639.6276889532,0.0,21589.392210932827
67,NL0 30 0 onwind,NL0 30,1,31.0,0.015,59329.06935292875,89651.52416415488,0.0,2538.967121858583
67,NL0 31 0 onwind,NL0 31,1,216.0,0.015,59329.06935292875,634984.0143862665,0.0,17857.546997048783
67,NL0 4 0 onwind,NL0 4,1,287.0,0.015,59329.06935292875,733311.6964016735,0.0,20940.94582069667
67,NL0 5 0 onwind,NL0 5,1,21.0,0.015,59329.06935292875,39673.869513893376,0.0,1176.647611404685
67,NL0 6 0 onwind,NL0 6,1,35.0,0.015,59329.06935292875,65026.74901261312,0.0,1870.796293947339
67,NL0 7 0 onwind,NL0 7,1,374.3,0.015,59329.06935292875,974864.6796991499,0.0,29040.069269678115
67,NL0 8 0 onwind,NL0 8,1,101.1,0.015,59329.06935292875,229603.3320273519,0.0,6854.654772533149
67,NL0 9 0 onwind,NL0 9,1,35.0,0.015,59329.06935292875,64634.206735854954,0.0,1954.3283538564087
68,NL0 0 CCGT,NL0 0,1,575.0,43.272866666666665,4559.065804913134,549273.3321032731,2.6214628378250524e6,62379.425482662824
68,NL0 1 biomass,NL0 1,1,71.0,19.979914529914527,4559.065804913134,323803.0937205457,323693.6721488325,12283.0
68,NL0 1 waste,NL0 1,1,31.0,34.1135,4559.065804913134,69648.58873513309,141331.03995230715,4681.0
68,NL0 10 CCGT,NL0 10,1,507.0,43.27286666666667,4559.065804913134,484315.79021975514,2.311446363090959e6,48689.66614688991
68,NL0 10 waste,NL0 10,1,150.0,34.1135,4559.065804913134,337009.300331289,683859.8707369701,22185.827035913924
68,NL0 11 CCGT,NL0 11,1,72.0,43.27286666666667,4559.065804913134,68778.57375901852,328252.73795374564,7100.346529799804
68,NL0 11 biomass,NL0 11,1,20.0,19.979914529914527,4559.065804913134,91212.13907621005,91181.31609826269,3500.0
68,NL0 11 waste,NL0 11,1,50.0,34.1135,4559.065804913134,112336.43344376293,227953.2902456567,7500.0
68,NL0 13 CCGT,NL0 13,1,50.0,43.27286666666667,4559.065804913134,47762.898443762846,227953.2902456567,5000.0
68,NL0 13 biomass,NL0 13,1,77.0,19.979914529914527,4559.065804913134,351166.7354434088,351048.06697831134,13321.0
68,NL0 16 CCGT,NL0 16,1,268.0,43.27286666666667,4559.065804913134,256009.13565856894,1.22182963571672e6,27068.0
68,NL0 17 CCGT,NL0 17,1,107.0,43.27286666666667,4559.065804913134,102212.60266965245,487820.04112570535,10486.0
68,NL0 18 CCGT,NL0 18,1,112.0,43.27286666666667,4559.065804913134,106988.89251402876,510615.37015027105,11106.468428060203
68,NL0 19 CCGT,NL0 19,1,523.0,53.04262929292929,4559.065804913134,293977.75169189676,2.3843914159695692e6,11442.174094047412
68,NL0 19 biomass,NL0 19,1,49.0,19.979914529914527,4559.065804913134,223469.74073671465,223394.2244407436,8477.0
68,NL0 19 waste,NL0 19,1,36.0,34.1135,4559.065804913134,80882.23207950938,164126.36897687282,5364.0
68,NL0 2 CCGT,NL0 2,1,272.5,43.27286666666667,4559.065804913134,260307.79651850747,1.242345431838829e6,25254.973528431157
68,NL0 21 CCGT,NL0 21,1,85.0,43.27286666666667,4559.065804913134,81196.92735439682,387520.59341761644,7789.401495967544
68,NL0 22 CCGT,NL0 22,1,100.0,43.27286666666667,4559.065804913134,95525.79688752569,455906.5804913134,9800.0
68,NL0 22 biomass,NL0 22,1,500.0,19.979914529914527,4559.065804913134,2.280303476905253e6,2.279532902456567e6,87840.71740471417
68,NL0 23 CCGT,NL0 23,1,964.0,43.8530553226903,4559.065804913134,884322.0258344032,4.394939435936262e6,47693.60984839019
68,NL0 24 CCGT,NL0 24,1,684.0,67.50263035262032,4559.065804913134,194367.1483182509,3.118401010560584e6,10714.131758202937
68,NL0 25 waste,NL0 25,1,54.0,34.1135,4559.065804913134,121323.34811926397,246189.55346530926,7884.0
68,NL0 27 CCGT,NL0 27,1,984.0,43.27286666666667,4559.065804913134,939973.8413732528,4.486120752034524e6,93394.23901227616
68,NL0 27 biomass,NL0 27,1,22.0,19.979914529914527,4559.065804913134,100333.35298383112,100299.44770808896,3784.0
68,NL0 27 waste,NL0 27,1,71.2,34.1135,4559.065804913134,159967.0812239184,324605.48530981515,10528.98133186641
68,NL0 28 CCGT,NL0 28,1,144.0,43.27286666666667,4559.065804913134,137557.147518037,656505.4759074913,13772.354456794343
68,NL0 3 CCGT,NL0 3,1,1907.0,51.41762846054192,4559.065804913134,1.140097985641764e6,8.694138489969347e6,58777.98064051038
68,NL0 3 biomass,NL0 3,1,22.0,19.979914529914527,4559.065804913134,100333.35298383112,100299.44770808896,3784.0
68,NL0 3 waste,NL0 3,1,108.0,34.1135,4559.065804913134,242646.69623852795,492379.1069306185,16033.801873974366
68,NL0 30 biomass,NL0 30,1,60.0,19.979914529914527,4559.065804913134,273636.4172286301,273543.9482947881,10380.0
68,NL0 31 CCGT,NL0 31,1,3341.0,85.4787109164719,4559.065804913134,48515.62682806821,1.5231838854214782e7,23559.45397882914
68,NL0 5 CCGT,NL0 5,1,49.6,43.27286666666667,4559.065804913134,47380.79525621277,226129.66392369146,4513.599999999998
68,NL0 6 CCGT,NL0 6,1,1608.4,43.27286666666667,4559.065804913134,1.5364369171389646e6,7.332801440622286e6,172426.72589301996
68,NL0 7 CCGT,NL0 7,1,1398.0,43.6729395310492,4559.065804913134,1.296299509979135e6,6.373573995268562e6,85506.53181069877
68,NL0 7 nuclear,NL0 7,1,515.0,27.322803680981593,4559.065804913134,1.7096242239492873e6,2.3479188895302643e6,84102.42124441595
68,NL0 7 waste,NL0 7,1,39.0,34.1135,4559.065804913134,87622.4180861352,177803.56639161223,5756.571387642948
68,NL0 8 CCGT,NL0 8,1,447.0,58.928107624263944,4559.065804913134,196011.2462733177,2.037902414796171e6,8652.104303317303
68,NL0 8 biomass,NL0 8,1,36.0,19.979914529914527,4559.065804913134,164181.8503371784,164126.36897687282,6228.0
68,NL0 8 waste,NL0 8,1,157.0,34.1135,4559.065804913134,352736.4010134159,715773.3313713621,23495.32383421637
68,NL0 9 biomass,NL0 9,1,20.0,19.979914529914527,4559.065804913134,91212.13907621005,91181.31609826269,3426.7585899165165
68,NL0 0 0 solar,NL0 0,1,144.0,0.01,59329.06935292875,143803.75591553422,0.0,3495.7738491645578
68,NL0 1 0 solar,NL0 1,1,291.5,0.01,59329.06935292875,279083.8868144867,0.0,6948.705449759602
68,NL0 10 0 solar,NL0 10,1,120.1,0.01,59329.06935292875,123510.80794349074,0.0,3035.911304769089
68,NL0 11 0 solar,NL0 11,1,436.4,0.01,59329.06935292875,411901.30587840645,0.0,10306.481755249355
68,NL0 12 0 solar,NL0 12,1,203.1,0.01,59329.06935292875,191990.80544541523,0.0,4820.92251154439
68,NL0 13 0 solar,NL0 13,1,473.2,0.01,59329.06935292875,452951.73890675174,0.0,11187.121113824795
68,NL0 14 0 solar,NL0 14,1,85.3,0.01,4559.065804913134,84083.43083761183,0.0,2087.7663698282927
68,NL0 15 0 solar,NL0 15,1,369.4,0.01,59329.06935292875,346685.285034427,0.0,8736.034836219216
68,NL0 16 0 solar,NL0 16,1,68.8,0.01,59329.06935292875,69625.18814135814,0.0,1691.4298225830848
68,NL0 17 0 solar,NL0 17,1,63.1,0.01,59329.06935292875,65413.876089659396,0.0,1589.8866005603036
68,NL0 18 0 solar,NL0 18,1,13.399999999999999,0.01,59329.06935292875,13705.304222902532,0.0,335.710111700008
68,NL0 19 0 solar,NL0 19,1,75.60000000000001,0.01,59329.06935292875,70863.94290967542,0.0,1815.0254919597055
68,NL0 2 0 solar,NL0 2,1,1109.1,0.01,59329.06935292875,1.0323424735205561e6,0.0,26402.661517956996
68,NL0 20 0 solar,NL0 20,1,331.2,0.01,59329.06935292875,320483.9317679877,0.0,7909.5604725700005
68,NL0 21 0 solar,NL0 21,1,40.5,0.01,4559.065804913134,41600.66565576048,0.0,1013.9430253950717
68,NL0 22 0 solar,NL0 22,1,263.3,0.01,59329.06935292875,260722.23730921635,0.0,6361.56546158242
68,NL0 23 0 solar,NL0 23,1,57.1,0.01,59329.06935292875,57584.27706892421,0.0,1403.2936270342718
68,NL0 24 0 solar,NL0 24,1,99.8,0.01,59329.06935292875,98278.87063450969,0.0,2393.4015185461817
68,NL0 25 0 solar,NL0 25,1,663.4,0.01,59329.06935292875,623417.0481376502,0.0,15835.542397299549
68,NL0 26 0 solar,NL0 26,1,156.2,0.01,59329.06935292875,154151.3282016009,0.0,3821.2856187503758
68,NL0 27 0 solar,NL0 27,1,103.1,0.01,59329.06935292875,107361.95522086935,0.0,2649.1257341788905
68,NL0 28 0 solar,NL0 28,1,105.3,0.01,59329.06935292875,100355.16709245981,0.0,2489.1644574964166
68,NL0 3 0 solar,NL0 3,1,84.5,0.01,59329.06935292875,85184.44057395976,0.0,2070.9188767275286
68,NL0 30 0 solar,NL0 30,1,3.6,0.01,59329.06935292875,3669.021148782904,0.0,89.82355962877534
68,NL0 31 0 solar,NL0 31,1,44.8,0.01,59329.06935292875,42321.02586653224,0.0,1072.8423780802711
68,NL0 4 0 solar,NL0 4,1,142.8,0.01,59329.06935292875,136790.37822099504,0.0,3403.277910451907
68,NL0 5 0 solar,NL0 5,1,351.7,0.01,59329.06935292875,342365.7706028363,0.0,8409.128930464909
68,NL0 6 0 solar,NL0 6,1,260.3,0.01,59329.06935292875,262068.4421732812,0.0,6427.157527688587
68,NL0 7 0 solar,NL0 7,1,553.2,0.01,59329.06935292875,551045.6940152283,0.0,13445.138753780626
68,NL0 8 0 solar,NL0 8,1,79.5,0.01,59329.06935292875,79291.59762906983,0.0,1927.2751274433406
68,NL0 9 0 solar,NL0 9,1,299.5,0.01,59329.06935292875,289172.5962436978,0.0,7188.544634543878
68,NL0 20 0 offwind-ac,NL0 20,1,578.0,0.015,59329.06935292875,2.0897042570821068e6,0.0,60162.61497085985
68,NL0 27 0 offwind-ac,NL0 27,1,4583.0,0.015,59329.06935292875,1.8366377338965002e7,0.0,516278.2374890951
68,NL0 31 0 offwind-ac,NL0 31,1,600.0,0.015,59329.06935292875,2.3448754266029424e6,0.0,64471.10995494072
68,NL0 32 0 offwind-ac,NL0 32,1,608.0,0.015,59329.06935292875,2.512592193031349e6,0.0,69757.80269332603
68,NL0 7 0 offwind-ac,NL0 7,1,752.0,0.015,59329.06935292875,3.1161143467113064e6,0.0,84794.19256763809
68,NL0 0 0 onwind,NL0 0,1,59.0,0.015,59329.06935292875,141599.60648804303,0.0,4482.345107547118
68,NL0 1 0 onwind,NL0 1,1,75.0,0.015,59329.06935292875,145039.08590801407,0.0,4548.164821213886
68,NL0 10 0 onwind,NL0 10,1,428.0,0.015,59329.06935292875,1.4291400869199412e6,0.0,42471.66180313577
68,NL0 11 0 onwind,NL0 11,1,21.0,0.015,59329.06935292875,40431.490047640305,0.0,1324.5754301947545
68,NL0 12 0 onwind,NL0 12,1,54.0,0.015,59329.06935292875,157750.11158850274,0.0,4771.86859099142
68,NL0 13 0 onwind,NL0 13,1,23.0,0.015,59329.06935292875,48376.288948955276,0.0,1477.3448805282017
68,NL0 14 0 onwind,NL0 14,1,61.0,0.015,59329.06935292875,204206.8002025359,0.0,5854.66177756561
68,NL0 15 0 onwind,NL0 15,1,52.0,0.015,59329.06935292875,110994.68420092786,0.0,3555.5251690491696
68,NL0 17 0 onwind,NL0 17,1,27.0,0.015,59329.06935292875,77212.90743965164,0.0,2302.5309344550597
68,NL0 19 0 onwind,NL0 19,1,532.0,0.015,59329.06935292875,1.3460316067230038e6,0.0,41154.16221021007
68,NL0 2 0 onwind,NL0 2,1,472.8,0.015,59329.06935292875,1.0549214371896542e6,0.0,32714.42720579507
68,NL0 20 0 onwind,NL0 20,1,822.2,0.015,59329.06935292875,2.2296443636200447e6,0.0,67233.6617458793
68,NL0 21 0 onwind,NL0 21,1,36.0,0.015,59329.06935292875,104484.76563321071,0.0,3033.807798340754
68,NL0 22 0 onwind,NL0 22,1,122.7,0.015,59329.06935292875,259171.89830807527,0.0,7982.427296415314
68,NL0 23 0 onwind,NL0 23,1,127.0,0.015,59329.06935292875,371375.7050556639,0.0,10960.847494468735
68,NL0 24 0 onwind,NL0 24,1,33.0,0.015,59329.06935292875,87218.32571815483,0.0,2598.0213407685014
68,NL0 27 0 onwind,NL0 27,1,21.6,0.015,59329.06935292875,74449.90450443185,0.0,2116.1045521535384
68,NL0 3 0 onwind,NL0 3,1,284.6,0.015,59329.06935292875,734639.6276889531,0.0,21336.513647308315
68,NL0 30 0 onwind,NL0 30,1,31.0,0.015,59329.06935292875,89651.52416415488,0.0,2601.0649258003145
68,NL0 31 0 onwind,NL0 31,1,216.0,0.015,59329.06935292875,634984.0143862665,0.0,17488.525269593974
68,NL0 4 0 onwind,NL0 4,1,287.0,0.015,59329.06935292875,733311.6964016734,0.0,22411.972178217107
68,NL0 5 0 onwind,NL0 5,1,21.0,0.015,59329.06935292875,39694.087992228146,0.0,1263.2617332689067
68,NL0 6 0 onwind,NL0 6,1,35.0,0.015,59329.06935292875,65079.86966492946,0.0,1974.9368022180295
68,NL0 7 0 onwind,NL0 7,1,374.3,0.015,59329.06935292875,974864.6796991498,0.0,29795.366613787228
68,NL0 8 0 onwind,NL0 8,1,101.1,0.015,59329.06935292875,229637.34867597854,0.0,7070.062350151149
68,NL0 9 0 onwind,NL0 9,1,35.0,0.015,59329.06935292875,64669.44232150172,0.0,1970.711107059557
69,NL0 0 CCGT,NL0 0,1,575.0,43.272866666666665,5472.580873013276,540923.5908802449,3.1467340019826335e6,65204.58110806849
69,NL0 1 biomass,NL0 1,1,71.0,19.979914529914527,5472.580873013276,322772.0821956152,388553.2419839426,12212.0
69,NL0 1 waste,NL0 1,1,31.0,34.1135,5472.580873013276,69198.42877354372,169650.00706341155,4650.915471299604
69,NL0 10 CCGT,NL0 10,1,507.0,43.27286666666667,5472.580873013276,476953.49665440683,2.7745985026177308e6,54249.0
69,NL0 10 waste,NL0 10,1,150.0,34.1135,5472.580873013276,334831.10696875985,820887.1309519914,22989.93505567037
69,NL0 11 CCGT,NL0 11,1,72.0,43.27286666666667,5472.580873013276,67733.04094500451,394025.82285695587,7416.0
69,NL0 11 biomass,NL0 11,1,20.0,19.979914529914527,5472.580873013276,90921.7132945395,109451.61746026552,3460.0
69,NL0 11 waste,NL0 11,1,50.0,34.1135,5472.580873013276,111610.36898958654,273629.0436506638,7449.319038441938
69,NL0 13 CCGT,NL0 13,1,50.0,43.27286666666667,5472.580873013276,47036.833989586456,273629.0436506638,5250.0
69,NL0 13 biomass,NL0 13,1,77.0,19.979914529914527,5472.580873013276,350048.5961839771,421388.72722202225,13247.758589916517
69,NL0 16 CCGT,NL0 16,1,268.0,43.27286666666667,5472.580873013276,252117.43018418335,1.466651673967558e6,27604.0
69,NL0 17 CCGT,NL0 17,1,107.0,43.27286666666667,5472.580873013276,100658.82473771498,585566.1534124205,11235.0
69,NL0 18 CCGT,NL0 18,1,112.0,43.27286666666667,5472.580873013276,105362.50813667367,612929.0577774869,11652.51927920089
69,NL0 19 CCGT,NL0 19,1,523.0,53.04262929292929,5472.580873013276,286383.1175012114,2.862159796585943e6,11442.174094047396
69,NL0 19 biomass,NL0 19,1,49.0,19.979914529914527,5472.580873013276,222758.1975716218,268156.4627776505,8526.0
69,NL0 19 waste,NL0 19,1,36.0,34.1135,5472.580873013276,80359.46567250237,197012.91142847794,5256.0
69,NL0 2 CCGT,NL0 2,1,272.5,43.27286666666667,5472.580873013276,256350.74524324609,1.4912782878961177e6,26944.495712381147
69,NL0 21 CCGT,NL0 21,1,85.0,43.27286666666667,5472.580873013276,79962.6177822969,465169.3742061284,8160.0
69,NL0 22 CCGT,NL0 22,1,100.0,43.27286666666667,5472.580873013276,94073.66797917282,547258.0873013276,9712.473528431157
69,NL0 22 biomass,NL0 22,1,500.0,19.979914529914527,5472.580873013276,2.2730428323634886e6,2.736290436506638e6,88207.82008498115
69,NL0 23 CCGT,NL0 23,1,964.0,43.8530553226903,5472.580873013276,870323.503157882,5.275567961584798e6,47693.60984839019
69,NL0 24 CCGT,NL0 24,1,684.0,67.50263035262032,5472.580873013276,184434.5865851176,3.7432453171410807e6,10714.131758202937
69,NL0 25 waste,NL0 25,1,54.0,34.1135,5472.580873013276,120539.19850875344,295519.3671427169,7955.210827645941
69,NL0 27 CCGT,NL0 27,1,984.0,43.27286666666667,5472.580873013276,925684.8929150611,5.385019579045064e6,95487.40167537716
69,NL0 27 biomass,NL0 27,1,22.0,19.979914529914527,5472.580873013276,100013.88462399351,120396.77920629206,3784.0
69,NL0 27 waste,NL0 27,1,71.2,34.1135,5472.580873013276,158933.1654411712,389647.75815854524,10537.60000000001
69,NL0 28 CCGT,NL0 28,1,144.0,43.27286666666667,5472.580873013276,135466.0818900089,788051.6457139117,12960.0
69,NL0 3 CCGT,NL0 3,1,1907.0,51.41762846054192,5472.580873013276,1.1124058873594757e6,1.0436211724836318e7,58777.980640510286
69,NL0 3 biomass,NL0 3,1,22.0,19.979914529914527,5472.580873013276,100013.88462399351,120396.77920629206,3784.0
69,NL0 3 waste,NL0 3,1,108.0,34.1135,5472.580873013276,241078.3970175069,591038.7342854338,15768.0
69,NL0 30 biomass,NL0 30,1,60.0,19.979914529914527,5472.580873013276,272765.1398836184,328354.85238079657,10200.0
69,NL0 31 CCGT,NL0 31,1,3341.0,85.4787109164719,5472.580873013276,7.196077802327763e-10,1.8283892696737353e7,23559.45397882909
69,NL0 5 CCGT,NL0 5,1,49.6,43.27286666666667,5472.580873013276,46660.539317669754,271440.01130145846,4463.999999999997
69,NL0 6 CCGT,NL0 6,1,1608.4,43.27286666666667,5472.580873013276,1.5130808757770169e6,8.802099076154552e6,158441.72967044334
69,NL0 7 CCGT,NL0 7,1,1398.0,43.6729395310492,5472.580873013276,1.2759987478403624e6,7.650668060472559e6,85506.53181069877
69,NL0 7 nuclear,NL0 7,1,515.0,27.322803680981593,5472.580873013276,1.7021457600712704e6,2.818379149601837e6,84102.42124441595
69,NL0 7 waste,NL0 7,1,39.0,34.1135,5472.580873013276,87056.0878118776,213430.65404751775,5733.0
69,NL0 8 CCGT,NL0 8,1,447.0,58.928107624263944,5472.580873013276,189520.2300529805,2.4462436502369344e6,8652.10430331725
69,NL0 8 biomass,NL0 8,1,36.0,19.979914529914527,5472.580873013276,163659.0839301714,197012.91142847794,6182.897319733022
69,NL0 8 waste,NL0 8,1,157.0,34.1135,5472.580873013276,350456.558627302,859195.1970630843,23089.525070556156
69,NL0 9 biomass,NL0 9,1,20.0,19.979914529914527,5472.580873013276,90921.7132945395,109451.61746026552,3420.0
69,NL0 0 0 solar,NL0 0,1,144.0,0.01,59329.06935292875,143777.1718136401,0.0,3495.7738491645578
69,NL0 1 0 solar,NL0 1,1,291.5,0.01,59329.06935292875,279083.8868144867,0.0,6948.705449759602
69,NL0 10 0 solar,NL0 10,1,120.1,0.01,59329.06935292875,123510.80794349074,0.0,3035.911304769089
69,NL0 11 0 solar,NL0 11,1,436.4,0.01,59329.06935292875,411901.3058784064,0.0,10306.481755249355
69,NL0 12 0 solar,NL0 12,1,203.1,0.01,59329.06935292875,191990.80544541523,0.0,4820.92251154439
69,NL0 13 0 solar,NL0 13,1,473.2,0.01,59329.06935292875,452951.73890675174,0.0,11187.121113824795
69,NL0 14 0 solar,NL0 14,1,85.3,0.01,59329.06935292875,84067.00358636606,0.0,2087.7663698282927
69,NL0 15 0 solar,NL0 15,1,369.4,0.01,59329.06935292875,346685.285034427,0.0,8736.034836219216
69,NL0 16 0 solar,NL0 16,1,68.8,0.01,59329.06935292875,69599.92687591026,0.0,1691.4298225830848
69,NL0 17 0 solar,NL0 17,1,63.1,0.01,59329.06935292875,65394.03954021666,0.0,1589.8866005603036
69,NL0 18 0 solar,NL0 18,1,13.399999999999999,0.01,59329.06935292875,13705.30422290253,0.0,335.710111700008
69,NL0 19 0 solar,NL0 19,1,75.60000000000001,0.01,59329.06935292875,70863.94290967542,0.0,1815.0254919597055
69,NL0 2 0 solar,NL0 2,1,1109.1,0.01,59329.06935292875,1.0323424735205561e6,0.0,26402.661517956996
69,NL0 20 0 solar,NL0 20,1,331.2,0.01,59329.06935292875,320483.9317679877,0.0,7909.5604725700005
69,NL0 21 0 solar,NL0 21,1,40.5,0.01,59329.06935292875,41600.66565576047,0.0,1013.9430253950717
69,NL0 22 0 solar,NL0 22,1,263.3,0.01,59329.06935292875,260617.55609716475,0.0,6361.56546158242
69,NL0 23 0 solar,NL0 23,1,57.1,0.01,59329.06935292875,57564.46412102373,0.0,1403.2936270342718
69,NL0 24 0 solar,NL0 24,1,99.8,0.01,59329.06935292875,98258.96051930617,0.0,2393.4015185461817
69,NL0 25 0 solar,NL0 25,1,663.4,0.01,59329.06935292875,623417.0481376502,0.0,15835.542397299549
69,NL0 26 0 solar,NL0 26,1,156.2,0.01,59329.06935292875,154151.3282016009,0.0,3821.2856187503758
69,NL0 27 0 solar,NL0 27,1,103.1,0.01,59329.06935292875,107361.95522086935,0.0,2649.1257341788905
69,NL0 28 0 solar,NL0 28,1,105.3,0.01,59329.06935292875,100355.16709245981,0.0,2489.1644574964166
69,NL0 3 0 solar,NL0 3,1,84.5,0.01,59329.06935292875,85165.20527245206,0.0,2070.9188767275286
69,NL0 30 0 solar,NL0 30,1,3.6,0.01,59329.06935292875,3668.2574639459576,0.0,89.82355962877534
69,NL0 31 0 solar,NL0 31,1,44.8,0.01,59329.06935292875,42321.02586653224,0.0,1072.8423780802711
69,NL0 4 0 solar,NL0 4,1,142.8,0.01,59329.06935292875,136790.37822099504,0.0,3403.277910451907
69,NL0 5 0 solar,NL0 5,1,351.7,0.01,59329.06935292875,342365.7706028363,0.0,8409.128930464909
69,NL0 6 0 solar,NL0 6,1,260.3,0.01,59329.06935292875,262068.4421732812,0.0,6427.157527688587
69,NL0 7 0 solar,NL0 7,1,553.2,0.01,59329.06935292875,550871.4655114004,0.0,13445.138753780626
69,NL0 8 0 solar,NL0 8,1,79.5,0.01,59329.06935292875,79242.76000531408,0.0,1927.2751274433406
69,NL0 9 0 solar,NL0 9,1,299.5,0.01,59329.06935292875,289172.5962436978,0.0,7188.544634543878
69,NL0 20 0 offwind-ac,NL0 20,1,578.0,0.015,59329.06935292875,2.0897042570821068e6,0.0,58627.157970859866
69,NL0 27 0 offwind-ac,NL0 27,1,4583.0,0.015,59329.06935292875,1.836492725802474e7,0.0,516098.4830602736
69,NL0 31 0 offwind-ac,NL0 31,1,600.0,0.015,59329.06935292875,2.3448754266029424e6,0.0,65002.40995494072
69,NL0 32 0 offwind-ac,NL0 32,1,608.0,0.015,59329.06935292875,2.5122772306798655e6,0.0,69624.1028690924
69,NL0 7 0 offwind-ac,NL0 7,1,752.0,0.015,59329.06935292875,3.1154508015855406e6,0.0,85460.08856763809
69,NL0 0 0 onwind,NL0 0,1,59.0,0.015,59329.06935292875,141581.73699949784,0.0,4482.345107547118
69,NL0 1 0 onwind,NL0 1,1,75.0,0.015,59329.06935292875,144987.223672517,0.0,4667.56319817744
69,NL0 10 0 onwind,NL0 10,1,428.0,0.015,59329.06935292875,1.4291400869199412e6,0.0,42899.58939304398
69,NL0 11 0 onwind,NL0 11,1,21.0,0.015,59329.06935292875,40420.12081248227,0.0,1321.2105832325692
69,NL0 12 0 onwind,NL0 12,1,54.0,0.015,59329.06935292875,157750.11158850274,0.0,4663.956149718756
69,NL0 13 0 onwind,NL0 13,1,23.0,0.015,59329.06935292875,48363.225696769005,0.0,1532.6220690771631
69,NL0 14 0 onwind,NL0 14,1,61.0,0.015,59329.06935292875,204206.8002025359,0.0,6037.66177756561
69,NL0 15 0 onwind,NL0 15,1,52.0,0.015,59329.06935292875,110981.05180824433,0.0,3566.2068649493503
69,NL0 17 0 onwind,NL0 17,1,27.0,0.015,59329.06935292875,77212.90743965164,0.0,2356.425955009582
69,NL0 19 0 onwind,NL0 19,1,532.0,0.015,59329.06935292875,1.3460316067230038e6,0.0,42486.97601131978
69,NL0 2 0 onwind,NL0 2,1,472.8,0.015,59329.06935292875,1.0549214371896542e6,0.0,34153.2633474703
69,NL0 20 0 onwind,NL0 20,1,822.2,0.015,59329.06935292875,2.2296443636200447e6,0.0,68545.15238420152
69,NL0 21 0 onwind,NL0 21,1,36.0,0.015,59329.06935292875,104484.76563321071,0.0,3177.3564070712346
69,NL0 22 0 onwind,NL0 22,1,122.7,0.015,59329.06935292875,259097.5009444907,0.0,8014.415020893563
69,NL0 23 0 onwind,NL0 23,1,127.0,0.015,59329.06935292875,371375.7050556639,0.0,10587.409296501457
69,NL0 24 0 onwind,NL0 24,1,33.0,0.015,59329.06935292875,87218.32571815483,0.0,2599.681757882671
69,NL0 27 0 onwind,NL0 27,1,21.6,0.015,59329.06935292875,74449.90450443185,0.0,2072.907880477167
69,NL0 3 0 onwind,NL0 3,1,284.6,0.015,59329.06935292875,734639.6276889531,0.0,20786.364465085055
69,NL0 30 0 onwind,NL0 30,1,31.0,0.015,59329.06935292875,89651.52416415488,0.0,2537.204261115105
69,NL0 31 0 onwind,NL0 31,1,216.0,0.015,59329.06935292875,634984.0143862665,0.0,17209.546997048783
69,NL0 4 0 onwind,NL0 4,1,287.0,0.015,59329.06935292875,733311.6964016734,0.0,20844.278674591482
69,NL0 5 0 onwind,NL0 5,1,21.0,0.015,59329.06935292875,39673.869513893376,0.0,1179.6637060128899
69,NL0 6 0 onwind,NL0 6,1,35.0,0.015,59329.06935292875,65026.749012613116,0.0,1915.6389112903626
69,NL0 7 0 onwind,NL0 7,1,374.3,0.015,59329.06935292875,974864.6796991497,0.0,28887.339326969715
69,NL0 8 0 onwind,NL0 8,1,101.1,0.015,59329.06935292875,229603.3320273519,0.0,6676.011718655216
69,NL0 9 0 onwind,NL0 9,1,35.0,0.015,59329.06935292875,64634.206735854954,0.0,1945.4767742641134
70,NL0 0 CCGT,NL0 0,1,575.0,43.272866666666665,4559.065804909414,549273.3321032732,2.6214628378229127e6,58491.654794814596
70,NL0 1 biomass,NL0 1,1,71.0,19.979914529914527,4559.065804909414,323803.09372054564,323693.6721485684,12141.0
70,NL0 1 waste,NL0 1,1,31.0,34.1135,4559.065804909414,69648.58873513309,141331.03995219182,4650.0
70,NL0 10 CCGT,NL0 10,1,507.0,43.27286666666667,4559.065804909414,484315.7902197552,2.3114463630890725e6,51742.90704445027
70,NL0 10 waste,NL0 10,1,150.0,34.1135,4559.065804909414,337009.3003312889,683859.870736412,21681.050333170973
70,NL0 11 CCGT,NL0 11,1,72.0,43.27286666666667,4559.065804909414,68778.57375901852,328252.7379534778,7128.0
70,NL0 11 biomass,NL0 11,1,20.0,19.979914529914527,4559.065804909414,91212.13907621005,91181.31609818827,3460.0
70,NL0 11 waste,NL0 11,1,50.0,34.1135,4559.065804909414,112336.43344376294,227953.29024547068,7500.0
70,NL0 13 CCGT,NL0 13,1,50.0,43.27286666666667,4559.065804909414,47762.89844376285,227953.29024547068,4900.0
70,NL0 13 biomass,NL0 13,1,77.0,19.979914529914527,4559.065804909414,351166.73544340883,351048.06697802484,13244.0
70,NL0 16 CCGT,NL0 16,1,268.0,43.27286666666667,4559.065804909414,256009.1356585688,1.2218296357157228e6,25725.446529799803
70,NL0 17 CCGT,NL0 17,1,107.0,43.27286666666667,4559.065804909414,102212.60266965246,487820.04112530727,10460.733054567776
70,NL0 18 CCGT,NL0 18,1,112.0,43.27286666666667,4559.065804909414,106988.89251402878,510615.37014985434,10650.287203499098
70,NL0 19 CCGT,NL0 19,1,523.0,53.04262929292929,4559.065804909414,293977.7516918966,2.3843914159676232e6,11442.174094047403
70,NL0 19 biomass,NL0 19,1,49.0,19.979914529914527,4559.065804909414,223469.74073671465,223394.22444056126,8477.0
70,NL0 19 waste,NL0 19,1,36.0,34.1135,4559.065804909414,80882.2320795094,164126.3689767389,5436.0
70,NL0 2 CCGT,NL0 2,1,272.5,43.27286666666667,4559.065804909414,260307.79651850756,1.242345431837815e6,26432.5
70,NL0 21 CCGT,NL0 21,1,85.0,43.27286666666667,4559.065804909414,81196.92735439682,387520.59341730014,8122.470235328867
70,NL0 22 CCGT,NL0 22,1,100.0,43.27286666666667,4559.065804909414,95525.79688752566,455906.58049094136,9753.401495967544
70,NL0 22 biomass,NL0 22,1,500.0,19.979914529914527,4559.065804909414,2.280303476905253e6,2.279532902454707e6,88293.71740471417
70,NL0 23 CCGT,NL0 23,1,964.0,43.8530553226903,4559.065804909414,884322.0258344032,4.394939435932674e6,47693.60984839019
70,NL0 24 CCGT,NL0 24,1,684.0,67.50263035262032,4559.065804909414,194367.14831825078,3.118401010558039e6,10714.131758202937
70,NL0 25 waste,NL0 25,1,54.0,34.1135,4559.065804909414,121323.34811926399,246189.55346510833,7979.540995462707
70,NL0 27 CCGT,NL0 27,1,984.0,43.27286666666667,4559.065804909414,939973.8413732531,4.486120752030863e6,98095.18975503696
70,NL0 27 biomass,NL0 27,1,22.0,19.979914529914527,4559.065804909414,100333.35298383112,100299.4477080071,3762.0
70,NL0 27 waste,NL0 27,1,71.2,34.1135,4559.065804909414,159967.08122391842,324605.48530955025,10680.000000000011
70,NL0 28 CCGT,NL0 28,1,144.0,43.27286666666667,4559.065804909414,137557.1475180371,656505.4759069555,15053.73334347277
70,NL0 3 CCGT,NL0 3,1,1907.0,51.41762846054192,4559.065804909414,1.1400979856417638e6,8.694138489962252e6,58777.980640510366
70,NL0 3 biomass,NL0 3,1,22.0,19.979914529914527,4559.065804909414,100333.35298383112,100299.4477080071,3806.0
70,NL0 3 waste,NL0 3,1,108.0,34.1135,4559.065804909414,242646.69623852795,492379.10693021666,16270.667776260541
70,NL0 30 biomass,NL0 30,1,60.0,19.979914529914527,4559.065804909414,273636.41722863005,273543.9482945648,10208.758589916517
70,NL0 31 CCGT,NL0 31,1,3341.0,85.4787109164719,4559.065804909414,48515.62682806812,1.523183885420235e7,23559.453978829108
70,NL0 5 CCGT,NL0 5,1,49.6,43.27286666666667,4559.065804909414,47380.795256212776,226129.66392350692,4671.632700974177
70,NL0 6 CCGT,NL0 6,1,1608.4,43.27286666666667,4559.065804909414,1.5364369171389637e6,7.332801440616301e6,167553.24481599024
70,NL0 7 CCGT,NL0 7,1,1398.0,43.6729395310492,4559.065804909414,1.2962995099791347e6,6.37357399526336e6,85506.53181069877
70,NL0 7 nuclear,NL0 7,1,515.0,27.322803680981593,4559.065804909414,1.7096242239492876e6,2.347918889528348e6,84102.42124441595
70,NL0 7 waste,NL0 7,1,39.0,34.1135,4559.065804909414,87622.41808613519,177803.56639146712,5812.6237574498045
70,NL0 8 CCGT,NL0 8,1,447.0,58.928107624263944,4559.065804909414,196011.24627331758,2.037902414794508e6,8652.104303317283
70,NL0 8 biomass,NL0 8,1,36.0,19.979914529914527,4559.065804909414,164181.85033717836,164126.3689767389,6192.0
70,NL0 8 waste,NL0 8,1,157.0,34.1135,4559.065804909414,352736.4010134159,715773.3313707779,23419.62260126998
70,NL0 9 biomass,NL0 9,1,20.0,19.979914529914527,4559.065804909414,91212.13907621005,91181.31609818827,3440.0
70,NL0 0 0 solar,NL0 0,1,144.0,0.01,59329.06935292875,143803.75591553422,0.0,3495.7738491645578
70,NL0 1 0 solar,NL0 1,1,291.5,0.01,59329.06935292875,279083.88681448676,0.0,6948.705449759602
70,NL0 10 0 solar,NL0 10,1,120.1,0.01,59329.06935292875,123510.80794349074,0.0,3035.911304769089
70,NL0 11 0 solar,NL0 11,1,436.4,0.01,59329.06935292875,411901.3058784065,0.0,10306.481755249355
70,NL0 12 0 solar,NL0 12,1,203.1,0.01,59329.06935292875,191990.80544541523,0.0,4820.92251154439
70,NL0 13 0 solar,NL0 13,1,473.2,0.01,59329.06935292875,452951.73890675174,0.0,11187.121113824795
70,NL0 14 0 solar,NL0 14,1,85.3,0.01,59329.06935292875,84083.43083761183,0.0,2087.7663698282927
70,NL0 15 0 solar,NL0 15,1,369.4,0.01,59329.06935292875,346685.285034427,0.0,8736.034836219216
70,NL0 16 0 solar,NL0 16,1,68.8,0.01,59329.06935292875,69625.18814135814,0.0,1691.4298225830848
70,NL0 17 0 solar,NL0 17,1,63.1,0.01,59329.06935292875,65413.876089659396,0.0,1589.8866005603036
70,NL0 18 0 solar,NL0 18,1,13.399999999999999,0.01,59329.06935292875,13705.304222902532,0.0,335.710111700008
70,NL0 19 0 solar,NL0 19,1,75.60000000000001,0.01,59329.06935292875,70863.94290967542,0.0,1815.0254919597055
70,NL0 2 0 solar,NL0 2,1,1109.1,0.01,59329.06935292875,1.0323424735205561e6,0.0,26402.661517956996
70,NL0 20 0 solar,NL0 20,1,331.2,0.01,59329.06935292875,320483.9317679877,0.0,7909.5604725700005
70,NL0 21 0 solar,NL0 21,1,40.5,0.01,59329.06935292875,41600.66565576048,0.0,1013.9430253950717
70,NL0 22 0 solar,NL0 22,1,263.3,0.01,59329.06935292875,260722.23730921632,0.0,6361.56546158242
70,NL0 23 0 solar,NL0 23,1,57.1,0.01,59329.06935292875,57584.2770689242,0.0,1403.2936270342718
70,NL0 24 0 solar,NL0 24,1,99.8,0.01,59329.06935292875,98278.8706345097,0.0,2393.4015185461817
70,NL0 25 0 solar,NL0 25,1,663.4,0.01,59329.06935292875,623417.0481376502,0.0,15835.542397299549
70,NL0 26 0 solar,NL0 26,1,156.2,0.01,59329.06935292875,154151.3282016009,0.0,3821.2856187503758
70,NL0 27 0 solar,NL0 27,1,103.1,0.01,59329.06935292875,107361.95522086935,0.0,2649.1257341788905
70,NL0 28 0 solar,NL0 28,1,105.3,0.01,59329.06935292875,100355.16709245981,0.0,2489.1644574964166
70,NL0 3 0 solar,NL0 3,1,84.5,0.01,59329.06935292875,85184.44057395979,0.0,2070.9188767275286
70,NL0 30 0 solar,NL0 30,1,3.6,0.01,59329.06935292875,3669.0211487829038,0.0,89.82355962877534
70,NL0 31 0 solar,NL0 31,1,44.8,0.01,59329.06935292875,42321.02586653224,0.0,1072.8423780802711
70,NL0 4 0 solar,NL0 4,1,142.8,0.01,59329.06935292875,136790.37822099504,0.0,3403.277910451907
70,NL0 5 0 solar,NL0 5,1,351.7,0.01,59329.06935292875,342365.7706028363,0.0,8409.128930464909
70,NL0 6 0 solar,NL0 6,1,260.3,0.01,59329.06935292875,262068.4421732812,0.0,6427.157527688587
70,NL0 7 0 solar,NL0 7,1,553.2,0.01,59329.06935292875,551045.6940152283,0.0,13445.138753780626
70,NL0 8 0 solar,NL0 8,1,79.5,0.01,59329.06935292875,79291.59762906983,0.0,1927.2751274433406
70,NL0 9 0 solar,NL0 9,1,299.5,0.01,59329.06935292875,289172.5962436978,0.0,7188.544634543878
70,NL0 20 0 offwind-ac,NL0 20,1,578.0,0.015,59329.06935292875,2.0897042570821068e6,0.0,58637.97493852949
70,NL0 27 0 offwind-ac,NL0 27,1,4583.0,0.015,59329.06935292875,1.8366377338965002e7,0.0,514286.0115022176
70,NL0 31 0 offwind-ac,NL0 31,1,600.0,0.015,59329.06935292875,2.3448754266029424e6,0.0,65533.70995494073
70,NL0 32 0 offwind-ac,NL0 32,1,608.0,0.015,59329.06935292875,2.512592193031349e6,0.0,69624.1028690924
70,NL0 7 0 offwind-ac,NL0 7,1,752.0,0.015,59329.06935292875,3.1161143467113064e6,0.0,86125.98456763808
70,NL0 0 0 onwind,NL0 0,1,59.0,0.015,59329.06935292875,141599.60648804303,0.0,4423.400648696724
70,NL0 1 0 onwind,NL0 1,1,75.0,0.015,59329.06935292875,145039.085908014,0.0,4583.051295823838
70,NL0 10 0 onwind,NL0 10,1,428.0,0.015,59329.06935292875,1.4291400869199412e6,0.0,41724.446289708045
70,NL0 11 0 onwind,NL0 11,1,21.0,0.015,59329.06935292875,40431.490047640305,0.0,1306.3560711717787
70,NL0 12 0 onwind,NL0 12,1,54.0,0.015,59329.06935292875,157750.1115885027,0.0,4663.988524041529
70,NL0 13 0 onwind,NL0 13,1,23.0,0.015,59329.06935292875,48376.288948955276,0.0,1532.6220690771631
70,NL0 14 0 onwind,NL0 14,1,61.0,0.015,59329.06935292875,204206.8002025359,0.0,5976.66177756561
70,NL0 15 0 onwind,NL0 15,1,52.0,0.015,59329.06935292875,110994.68420092786,0.0,3453.1055846548406
70,NL0 17 0 onwind,NL0 17,1,27.0,0.015,59329.06935292875,77212.90743965164,0.0,2275.5314655236853
70,NL0 19 0 onwind,NL0 19,1,532.0,0.015,59329.06935292875,1.3460316067230038e6,0.0,41425.66613883625
70,NL0 2 0 onwind,NL0 2,1,472.8,0.015,59329.06935292875,1.0549214371896542e6,0.0,32957.39262123821
70,NL0 20 0 onwind,NL0 20,1,822.2,0.015,59329.06935292875,2.2296443636200447e6,0.0,66288.1182662321
70,NL0 21 0 onwind,NL0 21,1,36.0,0.015,59329.06935292875,104484.76563321071,0.0,3177.115111693349
70,NL0 22 0 onwind,NL0 22,1,122.7,0.015,59329.06935292875,259171.89830807527,0.0,8315.637013623795
70,NL0 23 0 onwind,NL0 23,1,127.0,0.015,59329.06935292875,371375.7050556639,0.0,10959.273027580637
70,NL0 24 0 onwind,NL0 24,1,33.0,0.015,59329.06935292875,87218.32571815483,0.0,2631.545708003239
70,NL0 27 0 onwind,NL0 27,1,21.6,0.015,59329.06935292875,74449.90450443185,0.0,2137.707877365423
70,NL0 3 0 onwind,NL0 3,1,284.6,0.015,59329.06935292875,734639.6276889531,0.0,22650.07617706411
70,NL0 30 0 onwind,NL0 30,1,31.0,0.015,59329.06935292875,89651.52416415488,0.0,2600.967121858583
70,NL0 31 0 onwind,NL0 31,1,216.0,0.015,59329.06935292875,634984.0143862665,0.0,19369.54699704878
70,NL0 4 0 onwind,NL0 4,1,287.0,0.015,59329.06935292875,733311.6964016734,0.0,21927.88435935777
70,NL0 5 0 onwind,NL0 5,1,21.0,0.015,59329.06935292875,39694.087992228146,0.0,1249.4005749038126
70,NL0 6 0 onwind,NL0 6,1,35.0,0.015,59329.06935292875,65079.86966492946,0.0,2035.9910100902066
70,NL0 7 0 onwind,NL0 7,1,374.3,0.015,59329.06935292875,974864.6796991499,0.0,28963.451469751322
70,NL0 8 0 onwind,NL0 8,1,101.1,0.015,59329.06935292875,229637.34867597854,0.0,7063.722662792532
70,NL0 9 0 onwind,NL0 9,1,35.0,0.015,59329.06935292875,64669.44232150172,0.0,2058.066765854969
71,NL0 0 CCGT,NL0 0,1,575.0,43.272866666666665,5472.5808730145845,540923.5908802453,3.146734001983386e6,67475.11174037016
71,NL0 1 biomass,NL0 1,1,71.0,19.979914529914527,5472.5808730145845,322772.0821956153,388553.2419840355,12070.0
71,NL0 1 waste,NL0 1,1,31.0,34.1135,5472.5808730145845,69198.42877354372,169650.00706345213,4668.3410533244205
71,NL0 10 CCGT,NL0 10,1,507.0,43.27286666666667,5472.5808730145845,476953.4966544068,2.7745985026183943e6,50610.86420091908
71,NL0 10 waste,NL0 10,1,150.0,34.1135,5472.5808730145845,334831.10696875985,820887.1309521877,22338.68674501625
71,NL0 11 CCGT,NL0 11,1,72.0,43.27286666666667,5472.5808730145845,67733.04094500451,394025.8228570501,6882.732700974178
71,NL0 11 biomass,NL0 11,1,20.0,19.979914529914527,5472.5808730145845,90921.71329453951,109451.61746029169,3404.5931979404795
71,NL0 11 waste,NL0 11,1,50.0,34.1135,5472.5808730145845,111610.36898958654,273629.04365072923,7407.363288600355
71,NL0 13 CCGT,NL0 13,1,50.0,43.27286666666667,5472.5808730145845,47036.83398958646,273629.04365072923,4950.0
71,NL0 13 biomass,NL0 13,1,77.0,19.979914529914527,5472.5808730145845,350048.59618397715,421388.727222123,13244.0
71,NL0 16 CCGT,NL0 16,1,268.0,43.27286666666667,5472.5808730145845,252117.43018418355,1.4666516739679086e6,26719.785788354187
71,NL0 17 CCGT,NL0 17,1,107.0,43.27286666666667,5472.5808730145845,100658.824737715,585566.1534125606,10272.0
71,NL0 18 CCGT,NL0 18,1,112.0,43.27286666666667,5472.5808730145845,105362.50813667367,612929.0577776334,10192.0
71,NL0 19 CCGT,NL0 19,1,523.0,53.04262929292929,5472.5808730145845,286383.1175012116,2.8621597965866276e6,11442.174094047406
71,NL0 19 biomass,NL0 19,1,49.0,19.979914529914527,5472.5808730145845,222758.19757162177,268156.46277771465,8428.0
71,NL0 19 waste,NL0 19,1,36.0,34.1135,5472.5808730145845,80359.4656725024,197012.91142852505,5282.371387642948
71,NL0 2 CCGT,NL0 2,1,272.5,43.27286666666667,5472.5808730145845,256350.74524324623,1.4912782878964744e6,26664.7872034991
71,NL0 21 CCGT,NL0 21,1,85.0,43.27286666666667,5472.5808730145845,79962.61778229693,465169.3742062397,8245.0
71,NL0 22 CCGT,NL0 22,1,100.0,43.27286666666667,5472.5808730145845,94073.66797917288,547258.0873014585,9500.0
71,NL0 22 biomass,NL0 22,1,500.0,19.979914529914527,5472.5808730145845,2.2730428323634895e6,2.736290436507292e6,88506.98547695726
71,NL0 23 CCGT,NL0 23,1,964.0,43.8530553226903,5472.5808730145845,870323.5031578825,5.275567961586059e6,47693.60984839019
71,NL0 24 CCGT,NL0 24,1,684.0,67.50263035262032,5472.5808730145845,184434.58658511774,3.7432453171419757e6,10714.131758202919
71,NL0 25 waste,NL0 25,1,54.0,34.1135,5472.5808730145845,120539.19850875347,295519.36714278755,7884.0
71,NL0 27 CCGT,NL0 27,1,984.0,43.27286666666667,5472.5808730145845,925684.8929150614,5.385019579046351e6,100137.3272986172
71,NL0 27 biomass,NL0 27,1,22.0,19.979914529914527,5472.5808730145845,100013.88462399352,120396.77920632086,3784.0
71,NL0 27 waste,NL0 27,1,71.2,34.1135,5472.5808730145845,158933.16544117124,389647.75815863843,10608.80000000001
71,NL0 28 CCGT,NL0 28,1,144.0,43.27286666666667,5472.5808730145845,135466.08189000897,788051.6457141002,13288.34294188309
71,NL0 3 CCGT,NL0 3,1,1907.0,51.41762846054192,5472.5808730145845,1.1124058873594764e6,1.0436211724838812e7,58777.980640510264
71,NL0 3 biomass,NL0 3,1,22.0,19.979914529914527,5472.5808730145845,100013.88462399352,120396.77920632086,3784.0
71,NL0 3 waste,NL0 3,1,108.0,34.1135,5472.5808730145845,241078.39701750694,591038.7342855751,16001.955749841582
71,NL0 30 biomass,NL0 30,1,60.0,19.979914529914527,5472.5808730145845,272765.1398836184,328354.8523808751,10200.0
71,NL0 31 CCGT,NL0 31,1,3341.0,85.4787109164719,5472.5808730145845,1.1018465923630395e-9,1.8283892696741726e7,23559.45397882905
71,NL0 5 CCGT,NL0 5,1,49.6,43.27286666666667,5472.5808730145845,46660.53931766978,271440.0113015234,4860.8
71,NL0 6 CCGT,NL0 6,1,1608.4,43.27286666666667,5472.5808730145845,1.5130808757770176e6,8.802099076156659e6,158982.44909928515
71,NL0 7 CCGT,NL0 7,1,1398.0,43.6729395310492,5472.5808730145845,1.275998747840363e6,7.650668060474389e6,85506.53181069877
71,NL0 7 nuclear,NL0 7,1,515.0,27.322803680981593,5472.5808730145845,1.7021457600712706e6,2.818379149602511e6,84102.42124441595
71,NL0 7 waste,NL0 7,1,39.0,34.1135,5472.5808730145845,87056.08781187763,213430.6540475688,5699.213857978175
71,NL0 8 CCGT,NL0 8,1,447.0,58.928107624263944,5472.5808730145845,189520.2300529806,2.4462436502375193e6,8652.104303317281
71,NL0 8 biomass,NL0 8,1,36.0,19.979914529914527,5472.5808730145845,163659.0839301714,197012.91142852505,6182.897319733022
71,NL0 8 waste,NL0 8,1,157.0,34.1135,5472.5808730145845,350456.55862730206,859195.1970632898,23538.773381210278
71,NL0 9 biomass,NL0 9,1,20.0,19.979914529914527,5472.5808730145845,90921.71329453951,109451.61746029169,3420.0
71,NL0 0 0 solar,NL0 0,1,144.0,0.01,5472.5808730145845,143777.1718136401,0.0,3495.7738491645578
71,NL0 1 0 solar,NL0 1,1,291.5,0.01,5472.5808730145845,279083.88681448676,0.0,6948.705449759602
71,NL0 10 0 solar,NL0 10,1,120.1,0.01,59329.06935292875,123510.80794349074,0.0,3035.911304769089
71,NL0 11 0 solar,NL0 11,1,436.4,0.01,5472.5808730145845,411901.3058784065,0.0,10306.481755249355
71,NL0 12 0 solar,NL0 12,1,203.1,0.01,5472.5808730145845,191990.80544541523,0.0,4820.92251154439
71,NL0 13 0 solar,NL0 13,1,473.2,0.01,5472.5808730145845,452951.73890675174,0.0,11187.121113824795
71,NL0 14 0 solar,NL0 14,1,85.3,0.01,5472.5808730145845,84067.00358636606,0.0,2087.7663698282927
71,NL0 15 0 solar,NL0 15,1,369.4,0.01,5472.5808730145845,346685.28503442707,0.0,8736.034836219216
71,NL0 16 0 solar,NL0 16,1,68.8,0.01,5472.5808730145845,69599.92687591026,0.0,1691.4298225830848
71,NL0 17 0 solar,NL0 17,1,63.1,0.01,5472.5808730145845,65394.03954021666,0.0,1589.8866005603036
71,NL0 18 0 solar,NL0 18,1,13.399999999999999,0.01,5472.5808730145845,13705.304222902532,0.0,335.710111700008
71,NL0 19 0 solar,NL0 19,1,75.60000000000001,0.01,5472.5808730145845,70863.94290967542,0.0,1815.0254919597055
71,NL0 2 0 solar,NL0 2,1,1109.1,0.01,5472.5808730145845,1.0323424735205561e6,0.0,26402.661517956996
71,NL0 20 0 solar,NL0 20,1,331.2,0.01,59329.06935292875,320483.9317679877,0.0,7909.5604725700005
71,NL0 21 0 solar,NL0 21,1,40.5,0.01,5472.5808730145845,41600.66565576048,0.0,1013.9430253950717
71,NL0 22 0 solar,NL0 22,1,263.3,0.01,5472.5808730145845,260617.55609716478,0.0,6361.56546158242
71,NL0 23 0 solar,NL0 23,1,57.1,0.01,5472.5808730145845,57564.46412102373,0.0,1403.2936270342718
71,NL0 24 0 solar,NL0 24,1,99.8,0.01,5472.5808730145845,98258.96051930617,0.0,2393.4015185461817
71,NL0 25 0 solar,NL0 25,1,663.4,0.01,5472.5808730145845,623417.0481376502,0.0,15835.542397299549
71,NL0 26 0 solar,NL0 26,1,156.2,0.01,59329.06935292875,154151.3282016009,0.0,3821.2856187503758
71,NL0 27 0 solar,NL0 27,1,103.1,0.01,5472.5808730145845,107361.95522086935,0.0,2649.1257341788905
71,NL0 28 0 solar,NL0 28,1,105.3,0.01,5472.5808730145845,100355.16709245981,0.0,2489.1644574964166
71,NL0 3 0 solar,NL0 3,1,84.5,0.01,5472.5808730145845,85165.20527245209,0.0,2070.9188767275286
71,NL0 30 0 solar,NL0 30,1,3.6,0.01,5472.5808730145845,3668.2574639459576,0.0,89.82355962877534
71,NL0 31 0 solar,NL0 31,1,44.8,0.01,5472.5808730145845,42321.02586653224,0.0,1072.8423780802711
71,NL0 4 0 solar,NL0 4,1,142.8,0.01,5472.5808730145845,136790.37822099504,0.0,3403.277910451907
71,NL0 5 0 solar,NL0 5,1,351.7,0.01,5472.5808730145845,342365.7706028363,0.0,8409.128930464909
71,NL0 6 0 solar,NL0 6,1,260.3,0.01,5472.5808730145845,262068.44217328122,0.0,6427.157527688587
71,NL0 7 0 solar,NL0 7,1,553.2,0.01,5472.5808730145845,550871.4655114004,0.0,13445.138753780626
71,NL0 8 0 solar,NL0 8,1,79.5,0.01,59329.06935292875,79242.76000531408,0.0,1927.2751274433406
71,NL0 9 0 solar,NL0 9,1,299.5,0.01,59329.06935292875,289172.5962436978,0.0,7188.544634543878
71,NL0 20 0 offwind-ac,NL0 20,1,578.0,0.015,5472.5808730145845,2.0897042570821068e6,0.0,58000.53067769532
71,NL0 27 0 offwind-ac,NL0 27,1,4583.0,0.015,5472.5808730145845,1.836492725802475e7,0.0,517493.3695313501
71,NL0 31 0 offwind-ac,NL0 31,1,600.0,0.015,5472.5808730145845,2.3448754266029424e6,0.0,65002.40995494072
71,NL0 32 0 offwind-ac,NL0 32,1,608.0,0.015,5472.5808730145845,2.5122772306798655e6,0.0,69449.06413492646
71,NL0 7 0 offwind-ac,NL0 7,1,752.0,0.015,5472.5808730145845,3.1154508015855406e6,0.0,85460.08856763809
71,NL0 0 0 onwind,NL0 0,1,59.0,0.015,5472.5808730145845,141581.73699949784,0.0,4256.790066564101
71,NL0 1 0 onwind,NL0 1,1,75.0,0.015,5472.5808730145845,144987.223672517,0.0,4518.1128213616075
71,NL0 10 0 onwind,NL0 10,1,428.0,0.015,59329.06935292875,1.4291400869199412e6,0.0,42043.66180313579
71,NL0 11 0 onwind,NL0 11,1,21.0,0.015,59329.06935292875,40420.12081248227,0.0,1271.361722378538
71,NL0 12 0 onwind,NL0 12,1,54.0,0.015,5472.5808730145845,157750.11158850274,0.0,4609.956149718755
71,NL0 13 0 onwind,NL0 13,1,23.0,0.015,5472.5808730145845,48363.225696769005,0.0,1486.6220690771634
71,NL0 14 0 onwind,NL0 14,1,61.0,0.015,5472.5808730145845,204206.8002025359,0.0,5854.66177756561
71,NL0 15 0 onwind,NL0 15,1,52.0,0.015,59329.06935292875,110981.05180824433,0.0,3566.2068649493503
71,NL0 17 0 onwind,NL0 17,1,27.0,0.015,5472.5808730145845,77212.90743965164,0.0,2275.4259550095817
71,NL0 19 0 onwind,NL0 19,1,532.0,0.015,5472.5808730145845,1.3460316067230038e6,0.0,41963.258865433694
71,NL0 2 0 onwind,NL0 2,1,472.8,0.015,5472.5808730145845,1.0549214371896542e6,0.0,32944.81142635297
71,NL0 20 0 onwind,NL0 20,1,822.2,0.015,5472.5808730145845,2.2296443636200447e6,0.0,66900.7523842015
71,NL0 21 0 onwind,NL0 21,1,36.0,0.015,5472.5808730145845,104484.76563321071,0.0,3141.3564070712346
71,NL0 22 0 onwind,NL0 22,1,122.7,0.015,5472.5808730145845,259097.5009444907,0.0,7949.180959107849
71,NL0 23 0 onwind,NL0 23,1,127.0,0.015,5472.5808730145845,371375.7050556639,0.0,10839.248841082908
71,NL0 24 0 onwind,NL0 24,1,33.0,0.015,5472.5808730145845,87218.32571815483,0.0,2662.3354574730824
71,NL0 27 0 onwind,NL0 27,1,21.6,0.015,5472.5808730145845,74449.90450443185,0.0,2051.307877365423
71,NL0 3 0 onwind,NL0 3,1,284.6,0.015,5472.5808730145845,734639.6276889532,0.0,21322.449225949673
71,NL0 30 0 onwind,NL0 30,1,31.0,0.015,5472.5808730145845,89651.52416415488,0.0,2722.483397118999
71,NL0 31 0 onwind,NL0 31,1,216.0,0.015,5472.5808730145845,634984.0143862665,0.0,18289.546997048783
71,NL0 4 0 onwind,NL0 4,1,287.0,0.015,5472.5808730145845,733311.6964016734,0.0,22511.386858322177
71,NL0 5 0 onwind,NL0 5,1,21.0,0.015,5472.5808730145845,39673.869513893376,0.0,1229.3909814204894
71,NL0 6 0 onwind,NL0 6,1,35.0,0.015,5472.5808730145845,65026.749012613116,0.0,2068.282170666464
71,NL0 7 0 onwind,NL0 7,1,374.3,0.015,5472.5808730145845,974864.6796991499,0.0,29008.240559079244
71,NL0 8 0 onwind,NL0 8,1,101.1,0.015,59329.06935292875,229603.3320273519,0.0,7042.020122227279
71,NL0 9 0 onwind,NL0 9,1,35.0,0.015,5472.5808730145845,64634.206735854954,0.0,2024.1958357436833
72,NL0 0 CCGT,NL0 0,1,575.0,43.272866666666665,5472.5808730146255,540923.5908802444,3.1467340019834097e6,57926.56777070135
72,NL0 1 biomass,NL0 1,1,71.0,19.979914529914527,5472.5808730146255,322772.0821956152,388553.2419840384,12212.0
72,NL0 1 waste,NL0 1,1,31.0,34.1135,5472.5808730146255,69198.42877354371,169650.00706345338,4579.00282249844
72,NL0 10 CCGT,NL0 10,1,507.0,43.27286666666667,5472.5808730146255,476953.4966544066,2.7745985026184153e6,51620.36186832528
72,NL0 10 waste,NL0 10,1,150.0,34.1135,5472.5808730146255,334831.1069687597,820887.1309521939,22063.18205702258
72,NL0 11 CCGT,NL0 11,1,72.0,43.27286666666667,5472.5808730146255,67733.04094500447,394025.822857053,7124.0760301026385
72,NL0 11 biomass,NL0 11,1,20.0,19.979914529914527,5472.5808730146255,90921.7132945395,109451.6174602925,3440.0
72,NL0 11 waste,NL0 11,1,50.0,34.1135,5472.5808730146255,111610.36898958651,273629.04365073127,7431.165517911531
72,NL0 13 CCGT,NL0 13,1,50.0,43.27286666666667,5472.5808730146255,47036.83398958645,273629.04365073127,5000.0
72,NL0 13 biomass,NL0 13,1,77.0,19.979914529914527,5472.5808730146255,350048.59618397715,421388.72722212615,13170.758589916517
72,NL0 16 CCGT,NL0 16,1,268.0,43.27286666666667,5472.5808730146255,252117.43018418332,1.4666516739679195e6,26444.39274741308
72,NL0 17 CCGT,NL0 17,1,107.0,43.27286666666667,5472.5808730146255,100658.82473771498,585566.1534125649,10558.416915227264
72,NL0 18 CCGT,NL0 18,1,112.0,43.27286666666667,5472.5808730146255,105362.50813667367,612929.0577776381,11416.029336793636
72,NL0 19 CCGT,NL0 19,1,523.0,53.04262929292929,5472.5808730146255,286383.1175012114,2.862159796586649e6,11442.174094047412
72,NL0 19 biomass,NL0 19,1,49.0,19.979914529914527,5472.5808730146255,222758.19757162177,268156.46277771663,8428.0
72,NL0 19 waste,NL0 19,1,36.0,34.1135,5472.5808730146255,80359.46567250238,197012.9114285265,5425.292251250787
72,NL0 2 CCGT,NL0 2,1,272.5,43.27286666666667,5472.5808730146255,256350.745243246,1.4912782878964855e6,26530.113184830272
72,NL0 21 CCGT,NL0 21,1,85.0,43.27286666666667,5472.5808730146255,79962.61778229696,465169.37420624314,8312.039505383435
72,NL0 22 CCGT,NL0 22,1,100.0,43.27286666666667,5472.5808730146255,94073.66797917288,547258.0873014625,9799.800223463493
72,NL0 22 biomass,NL0 22,1,500.0,19.979914529914527,5472.5808730146255,2.273042832363488e6,2.7362904365073126e6,88253.71740471417
72,NL0 23 CCGT,NL0 23,1,964.0,43.8530553226903,5472.5808730146255,870323.503157882,5.275567961586099e6,47693.60984839019
72,NL0 24 CCGT,NL0 24,1,684.0,67.50263035262032,5472.5808730146255,184434.58658511756,3.7432453171420037e6,10714.131758202937
72,NL0 25 waste,NL0 25,1,54.0,34.1135,5472.5808730146255,120539.19850875347,295519.36714278976,7970.612285197951
72,NL0 27 CCGT,NL0 27,1,984.0,43.27286666666667,5472.5808730146255,925684.892915061,5.385019579046392e6,96049.1304853326
72,NL0 27 biomass,NL0 27,1,22.0,19.979914529914527,5472.5808730146255,100013.88462399351,120396.77920632176,3784.0
72,NL0 27 waste,NL0 27,1,71.2,34.1135,5472.5808730146255,158933.1654411712,389647.75815864134,10470.456330936844
72,NL0 28 CCGT,NL0 28,1,144.0,43.27286666666667,5472.5808730146255,135466.081890009,788051.645714106,14354.826986106467
72,NL0 3 CCGT,NL0 3,1,1907.0,51.41762846054192,5472.5808730146255,1.1124058873594755e6,1.043621172483889e7,58777.98064051038
72,NL0 3 biomass,NL0 3,1,22.0,19.979914529914527,5472.5808730146255,100013.88462399351,120396.77920632176,3784.0
72,NL0 3 waste,NL0 3,1,108.0,34.1135,5472.5808730146255,241078.39701750694,591038.7342855795,16308.0
72,NL0 30 biomass,NL0 30,1,60.0,19.979914529914527,5472.5808730146255,272765.1398836184,328354.85238087754,10320.0
72,NL0 31 CCGT,NL0 31,1,3341.0,85.4787109164719,5472.5808730146255,6.691776603063479e-10,1.8283892696741864e7,23559.453978829133
72,NL0 5 CCGT,NL0 5,1,49.6,43.27286666666667,5472.5808730146255,46660.53931766977,271440.0113015254,5036.5370890113645
72,NL0 6 CCGT,NL0 6,1,1608.4,43.27286666666667,5472.5808730146255,1.5130808757770176e6,8.802099076156724e6,168608.9088312112
72,NL0 7 CCGT,NL0 7,1,1398.0,43.6729395310492,5472.5808730146255,1.2759987478403621e6,7.650668060474446e6,85506.53181069877
72,NL0 7 nuclear,NL0 7,1,515.0,27.322803680981593,5472.5808730146255,1.7021457600712706e6,2.818379149602532e6,84102.42124441595
72,NL0 7 waste,NL0 7,1,39.0,34.1135,5472.5808730146255,87056.08781187759,213430.6540475704,5704.6237574498045
72,NL0 8 CCGT,NL0 8,1,447.0,58.928107624263944,5472.5808730146255,189520.23005298045,2.4462436502375375e6,8652.104303317301
72,NL0 8 biomass,NL0 8,1,36.0,19.979914529914527,5472.5808730146255,163659.0839301714,197012.9114285265,6192.0
72,NL0 8 waste,NL0 8,1,157.0,34.1135,5472.5808730146255,350456.55862730206,859195.1970632962,23477.17044134608
72,NL0 9 biomass,NL0 9,1,20.0,19.979914529914527,5472.5808730146255,90921.7132945395,109451.6174602925,3440.0
72,NL0 0 0 solar,NL0 0,1,144.0,0.01,59329.06935292875,143777.17181364007,0.0,3495.7738491645578
72,NL0 1 0 solar,NL0 1,1,291.5,0.01,59329.06935292875,279083.88681448676,0.0,6948.705449759602
72,NL0 10 0 solar,NL0 10,1,120.1,0.01,59329.06935292875,123510.80794349074,0.0,3035.911304769089
72,NL0 11 0 solar,NL0 11,1,436.4,0.01,59329.06935292875,411901.30587840645,0.0,10306.481755249355
72,NL0 12 0 solar,NL0 12,1,203.1,0.01,59329.06935292875,191990.80544541523,0.0,4820.92251154439
72,NL0 13 0 solar,NL0 13,1,473.2,0.01,59329.06935292875,452951.7389067517,0.0,11187.121113824795
72,NL0 14 0 solar,NL0 14,1,85.3,0.01,59329.06935292875,84067.00358636606,0.0,2087.7663698282927
72,NL0 15 0 solar,NL0 15,1,369.4,0.01,59329.06935292875,346685.28503442695,0.0,8736.034836219216
72,NL0 16 0 solar,NL0 16,1,68.8,0.01,59329.06935292875,69599.92687591026,0.0,1691.4298225830848
72,NL0 17 0 solar,NL0 17,1,63.1,0.01,59329.06935292875,65394.03954021666,0.0,1589.8866005603036
72,NL0 18 0 solar,NL0 18,1,13.399999999999999,0.01,59329.06935292875,13705.30422290253,0.0,335.710111700008
72,NL0 19 0 solar,NL0 19,1,75.60000000000001,0.01,59329.06935292875,70863.94290967542,0.0,1815.0254919597055
72,NL0 2 0 solar,NL0 2,1,1109.1,0.01,59329.06935292875,1.0323424735205562e6,0.0,26402.661517956996
72,NL0 20 0 solar,NL0 20,1,331.2,0.01,59329.06935292875,320483.9317679877,0.0,7909.5604725700005
72,NL0 21 0 solar,NL0 21,1,40.5,0.01,59329.06935292875,41600.66565576048,0.0,1013.9430253950717
72,NL0 22 0 solar,NL0 22,1,263.3,0.01,59329.06935292875,260617.55609716475,0.0,6361.56546158242
72,NL0 23 0 solar,NL0 23,1,57.1,0.01,59329.06935292875,57564.46412102373,0.0,1403.2936270342718
72,NL0 24 0 solar,NL0 24,1,99.8,0.01,59329.06935292875,98258.96051930616,0.0,2393.4015185461817
72,NL0 25 0 solar,NL0 25,1,663.4,0.01,59329.06935292875,623417.0481376502,0.0,15835.542397299549
72,NL0 26 0 solar,NL0 26,1,156.2,0.01,59329.06935292875,154151.3282016009,0.0,3821.2856187503758
72,NL0 27 0 solar,NL0 27,1,103.1,0.01,59329.06935292875,107361.95522086935,0.0,2649.1257341788905
72,NL0 28 0 solar,NL0 28,1,105.3,0.01,59329.06935292875,100355.16709245981,0.0,2489.1644574964166
72,NL0 3 0 solar,NL0 3,1,84.5,0.01,59329.06935292875,85165.20527245206,0.0,2070.9188767275286
72,NL0 30 0 solar,NL0 30,1,3.6,0.01,59329.06935292875,3668.2574639459576,0.0,89.82355962877534
72,NL0 31 0 solar,NL0 31,1,44.8,0.01,59329.06935292875,42321.02586653224,0.0,1072.8423780802711
72,NL0 4 0 solar,NL0 4,1,142.8,0.01,59329.06935292875,136790.37822099504,0.0,3403.277910451907
72,NL0 5 0 solar,NL0 5,1,351.7,0.01,59329.06935292875,342365.77060283633,0.0,8409.128930464909
72,NL0 6 0 solar,NL0 6,1,260.3,0.01,59329.06935292875,262068.4421732812,0.0,6427.157527688587
72,NL0 7 0 solar,NL0 7,1,553.2,0.01,59329.06935292875,550871.4655114004,0.0,13445.138753780626
72,NL0 8 0 solar,NL0 8,1,79.5,0.01,59329.06935292875,79242.76000531408,0.0,1927.2751274433406
72,NL0 9 0 solar,NL0 9,1,299.5,0.01,59329.06935292875,289172.5962436978,0.0,7188.544634543878
72,NL0 20 0 offwind-ac,NL0 20,1,578.0,0.015,59329.06935292875,2.0897042570821068e6,0.0,56068.06297085987
72,NL0 27 0 offwind-ac,NL0 27,1,4583.0,0.015,59329.06935292875,1.8364927258024745e7,0.0,506175.1295351005
72,NL0 31 0 offwind-ac,NL0 31,1,600.0,0.015,59329.06935292875,2.3448754266029424e6,0.0,65533.70995494073
72,NL0 32 0 offwind-ac,NL0 32,1,608.0,0.015,59329.06935292875,2.5122772306798655e6,0.0,70162.48686909239
72,NL0 7 0 offwind-ac,NL0 7,1,752.0,0.015,59329.06935292875,3.1154508015855406e6,0.0,85512.32752402354
72,NL0 0 0 onwind,NL0 0,1,59.0,0.015,59329.06935292875,141581.73699949784,0.0,4482.345107547118
72,NL0 1 0 onwind,NL0 1,1,75.0,0.015,59329.06935292875,144987.223672517,0.0,4742.56319817744
72,NL0 10 0 onwind,NL0 10,1,428.0,0.015,59329.06935292875,1.4291400869199412e6,0.0,42899.58939304398
72,NL0 11 0 onwind,NL0 11,1,21.0,0.015,59329.06935292875,40420.12081248227,0.0,1335.20493202581
72,NL0 12 0 onwind,NL0 12,1,54.0,0.015,59329.06935292875,157750.11158850274,0.0,4825.868590991421
72,NL0 13 0 onwind,NL0 13,1,23.0,0.015,59329.06935292875,48363.225696769005,0.0,1555.622069077163
72,NL0 14 0 onwind,NL0 14,1,61.0,0.015,59329.06935292875,204206.8002025359,0.0,6037.66177756561
72,NL0 15 0 onwind,NL0 15,1,52.0,0.015,59329.06935292875,110981.05180824433,0.0,3566.2068649493503
72,NL0 17 0 onwind,NL0 17,1,27.0,0.015,59329.06935292875,77212.90743965164,0.0,2356.425423940956
72,NL0 19 0 onwind,NL0 19,1,532.0,0.015,59329.06935292875,1.3460316067230038e6,0.0,42486.97601131978
72,NL0 2 0 onwind,NL0 2,1,472.8,0.015,59329.06935292875,1.0549214371896542e6,0.0,34337.746806742805
72,NL0 20 0 onwind,NL0 20,1,822.2,0.015,59329.06935292875,2.2296443636200447e6,0.0,69336.60955946345
72,NL0 21 0 onwind,NL0 21,1,36.0,0.015,59329.06935292875,104484.76563321071,0.0,3177.3564070712346
72,NL0 22 0 onwind,NL0 22,1,122.7,0.015,59329.06935292875,259097.50094449072,0.0,8315.637013623795
72,NL0 23 0 onwind,NL0 23,1,127.0,0.015,59329.06935292875,371375.7050556639,0.0,11220.175682684092
72,NL0 24 0 onwind,NL0 24,1,33.0,0.015,59329.06935292875,87218.32571815483,0.0,2695.335457473082
72,NL0 27 0 onwind,NL0 27,1,21.6,0.015,59329.06935292875,74449.90450443185,0.0,2180.9045521535386
72,NL0 3 0 onwind,NL0 3,1,284.6,0.015,59329.06935292875,734639.6276889532,0.0,22726.28265135161
72,NL0 30 0 onwind,NL0 30,1,31.0,0.015,59329.06935292875,89651.52416415488,0.0,2753.483397118999
72,NL0 31 0 onwind,NL0 31,1,216.0,0.015,59329.06935292875,634984.0143862665,0.0,19369.54699704878
72,NL0 4 0 onwind,NL0 4,1,287.0,0.015,59329.06935292875,733311.6964016734,0.0,23084.587646299056
72,NL0 5 0 onwind,NL0 5,1,21.0,0.015,59329.06935292875,39673.869513893376,0.0,1296.2039909648804
72,NL0 6 0 onwind,NL0 6,1,35.0,0.015,59329.06935292875,65026.749012613116,0.0,2126.9213407013876
72,NL0 7 0 onwind,NL0 7,1,374.3,0.015,59329.06935292875,974864.6796991499,0.0,30159.0744295002
72,NL0 8 0 onwind,NL0 8,1,101.1,0.015,59329.06935292875,229603.3320273519,0.0,7323.460787945647
72,NL0 9 0 onwind,NL0 9,1,35.0,0.015,59329.06935292875,64634.206735854954,0.0,2115.0035191784173
73,NL0 0 CCGT,NL0 0,1,575.0,43.272866666666665,4559.06580491527,549273.3321032735,2.62146283782628e6,63547.86547027195
73,NL0 1 biomass,NL0 1,1,71.0,19.979914529914527,4559.06580491527,323803.09372054576,323693.67214898416,12212.0
73,NL0 1 waste,NL0 1,1,31.0,34.1135,4559.06580491527,69648.58873513309,141331.03995237336,4650.915471299604
73,NL0 10 CCGT,NL0 10,1,507.0,43.27286666666667,4559.06580491527,484315.7902197555,2.3114463630920416e6,50692.2872034991
73,NL0 10 waste,NL0 10,1,150.0,34.1135,4559.06580491527,337009.3003312891,683859.8707372905,22500.0
73,NL0 11 CCGT,NL0 11,1,72.0,43.27286666666667,4559.06580491527,68778.57375901856,328252.7379538994,7151.468428060203
73,NL0 11 biomass,NL0 11,1,20.0,19.979914529914527,4559.06580491527,91212.13907621006,91181.3160983054,3440.0
73,NL0 11 waste,NL0 11,1,50.0,34.1135,4559.06580491527,112336.43344376296,227953.2902457635,7469.839440002993
73,NL0 13 CCGT,NL0 13,1,50.0,43.27286666666667,4559.06580491527,47762.89844376288,227953.2902457635,5079.2014377379255
73,NL0 13 biomass,NL0 13,1,77.0,19.979914529914527,4559.06580491527,351166.73544340883,351048.0669784758,13321.0
73,NL0 16 CCGT,NL0 16,1,268.0,43.27286666666667,4559.06580491527,256009.13565856905,1.2218296357172923e6,27301.073528431156
73,NL0 17 CCGT,NL0 17,1,107.0,43.27286666666667,4559.06580491527,102212.60266965251,487820.0411259339,10272.0
73,NL0 18 CCGT,NL0 18,1,112.0,43.27286666666667,4559.06580491527,106988.89251402885,510615.3701505102,10528.0
73,NL0 19 CCGT,NL0 19,1,523.0,53.04262929292929,4559.06580491527,293977.7516918967,2.384391415970686e6,11442.174094047412
73,NL0 19 biomass,NL0 19,1,49.0,19.979914529914527,4559.06580491527,223469.7407367147,223394.22444084822,8477.0
73,NL0 19 waste,NL0 19,1,36.0,34.1135,4559.06580491527,80882.23207950943,164126.3689769497,5341.7082861502
73,NL0 2 CCGT,NL0 2,1,272.5,43.27286666666667,4559.06580491527,260307.7965185077,1.2423454318394111e6,27239.872468015707
73,NL0 21 CCGT,NL0 21,1,85.0,43.27286666666667,4559.06580491527,81196.92735439687,387520.59341779794,8359.235838299577
73,NL0 22 CCGT,NL0 22,1,100.0,43.27286666666667,4559.06580491527,95525.79688752569,455906.580491527,9409.53879754163
73,NL0 22 biomass,NL0 22,1,500.0,19.979914529914527,4559.06580491527,2.280303476905253e6,2.279532902457635e6,88127.71740471426
73,NL0 23 CCGT,NL0 23,1,964.0,43.8530553226903,4559.06580491527,884322.0258344036,4.39493943593832e6,47693.60984839019
73,NL0 24 CCGT,NL0 24,1,684.0,67.50263035262032,4559.06580491527,194367.1483182509,3.1184010105620446e6,10714.131758202928
73,NL0 25 waste,NL0 25,1,54.0,34.1135,4559.06580491527,121323.348119264,246189.55346542457,7938.0
73,NL0 27 CCGT,NL0 27,1,984.0,43.27286666666667,4559.06580491527,939973.8413732535,4.4861207520366255e6,98319.62895367565
73,NL0 27 biomass,NL0 27,1,22.0,19.979914529914527,4559.06580491527,100333.35298383114,100299.44770813594,3784.0
73,NL0 27 waste,NL0 27,1,71.2,34.1135,4559.06580491527,159967.08122391845,324605.48530996725,10537.60000000001
73,NL0 28 CCGT,NL0 28,1,144.0,43.27286666666667,4559.06580491527,137557.14751803715,656505.4759077989,14199.210574208275
73,NL0 3 CCGT,NL0 3,1,1907.0,51.41762846054192,4559.06580491527,1.140097985641764e6,8.69413848997342e6,58777.980640510264
73,NL0 3 biomass,NL0 3,1,22.0,19.979914529914527,4559.06580491527,100333.35298383114,100299.44770813594,3784.0
73,NL0 3 waste,NL0 3,1,108.0,34.1135,4559.06580491527,242646.696238528,492379.10693084914,15876.0
73,NL0 30 biomass,NL0 30,1,60.0,19.979914529914527,4559.06580491527,273636.4172286301,273543.9482949162,10266.758589916517
73,NL0 31 CCGT,NL0 31,1,3341.0,85.4787109164719,4559.06580491527,48515.62682806821,1.5231838854221916e7,23559.453978829155
73,NL0 5 CCGT,NL0 5,1,49.6,43.27286666666667,4559.06580491527,47380.79525621278,226129.6639237974,4711.999999999999
73,NL0 6 CCGT,NL0 6,1,1608.4,43.27286666666667,4559.06580491527,1.5364369171389646e6,7.332801440625721e6,161969.8182741613
73,NL0 7 CCGT,NL0 7,1,1398.0,43.6729395310492,4559.06580491527,1.2962995099791354e6,6.373573995271547e6,85506.53181069877
73,NL0 7 nuclear,NL0 7,1,515.0,27.322803680981593,4559.06580491527,1.7096242239492878e6,2.3479188895313637e6,84102.42124441595
73,NL0 7 waste,NL0 7,1,39.0,34.1135,4559.06580491527,87622.41808613525,177803.56639169552,5694.0
73,NL0 8 CCGT,NL0 8,1,447.0,58.928107624263944,4559.06580491527,196011.2462733176,2.0379024147971256e6,8652.104303317295
73,NL0 8 biomass,NL0 8,1,36.0,19.979914529914527,4559.06580491527,164181.8503371784,164126.3689769497,6192.0
73,NL0 8 waste,NL0 8,1,157.0,34.1135,4559.06580491527,352736.401013416,715773.3313716974,23421.44226616123
73,NL0 9 biomass,NL0 9,1,20.0,19.979914529914527,4559.06580491527,91212.13907621006,91181.3160983054,3420.0
73,NL0 0 0 solar,NL0 0,1,144.0,0.01,59329.06935292875,143803.75591553428,0.0,3495.7738491645578
73,NL0 1 0 solar,NL0 1,1,291.5,0.01,59329.06935292875,279083.88681448676,0.0,6948.705449759602
73,NL0 10 0 solar,NL0 10,1,120.1,0.01,59329.06935292875,123510.80794349074,0.0,3035.911304769089
73,NL0 11 0 solar,NL0 11,1,436.4,0.01,59329.06935292875,411901.3058784065,0.0,10306.481755249355
73,NL0 12 0 solar,NL0 12,1,203.1,0.01,59329.06935292875,191990.80544541526,0.0,4820.92251154439
73,NL0 13 0 solar,NL0 13,1,473.2,0.01,59329.06935292875,452951.73890675174,0.0,11187.121113824795
73,NL0 14 0 solar,NL0 14,1,85.3,0.01,59329.06935292875,84083.43083761183,0.0,2087.7663698282927
73,NL0 15 0 solar,NL0 15,1,369.4,0.01,59329.06935292875,346685.285034427,0.0,8736.034836219216
73,NL0 16 0 solar,NL0 16,1,68.8,0.01,59329.06935292875,69625.18814135814,0.0,1691.4298225830848
73,NL0 17 0 solar,NL0 17,1,63.1,0.01,59329.06935292875,65413.8760896594,0.0,1589.8866005603036
73,NL0 18 0 solar,NL0 18,1,13.399999999999999,0.01,59329.06935292875,13705.304222902532,0.0,335.710111700008
73,NL0 19 0 solar,NL0 19,1,75.60000000000001,0.01,59329.06935292875,70863.94290967542,0.0,1815.0254919597055
73,NL0 2 0 solar,NL0 2,1,1109.1,0.01,59329.06935292875,1.0323424735205562e6,0.0,26402.661517956996
73,NL0 20 0 solar,NL0 20,1,331.2,0.01,59329.06935292875,320483.9317679877,0.0,7909.5604725700005
73,NL0 21 0 solar,NL0 21,1,40.5,0.01,59329.06935292875,41600.66565576048,0.0,1013.9430253950717
73,NL0 22 0 solar,NL0 22,1,263.3,0.01,59329.06935292875,260722.23730921635,0.0,6361.56546158242
73,NL0 23 0 solar,NL0 23,1,57.1,0.01,59329.06935292875,57584.27706892421,0.0,1403.2936270342718
73,NL0 24 0 solar,NL0 24,1,99.8,0.01,59329.06935292875,98278.8706345097,0.0,2393.4015185461817
73,NL0 25 0 solar,NL0 25,1,663.4,0.01,59329.06935292875,623417.0481376504,0.0,15835.542397299549
73,NL0 26 0 solar,NL0 26,1,156.2,0.01,59329.06935292875,154151.3282016009,0.0,3821.2856187503758
73,NL0 27 0 solar,NL0 27,1,103.1,0.01,59329.06935292875,107361.95522086936,0.0,2649.1257341788905
73,NL0 28 0 solar,NL0 28,1,105.3,0.01,59329.06935292875,100355.16709245981,0.0,2489.1644574964166
73,NL0 3 0 solar,NL0 3,1,84.5,0.01,59329.06935292875,85184.44057395976,0.0,2070.9188767275286
73,NL0 30 0 solar,NL0 30,1,3.6,0.01,59329.06935292875,3669.021148782904,0.0,89.82355962877534
73,NL0 31 0 solar,NL0 31,1,44.8,0.01,59329.06935292875,42321.02586653224,0.0,1072.8423780802711
73,NL0 4 0 solar,NL0 4,1,142.8,0.01,59329.06935292875,136790.37822099504,0.0,3403.277910451907
73,NL0 5 0 solar,NL0 5,1,351.7,0.01,59329.06935292875,342365.77060283633,0.0,8409.128930464909
73,NL0 6 0 solar,NL0 6,1,260.3,0.01,59329.06935292875,262068.44217328122,0.0,6427.157527688587
73,NL0 7 0 solar,NL0 7,1,553.2,0.01,59329.06935292875,551045.6940152284,0.0,13445.138753780626
73,NL0 8 0 solar,NL0 8,1,79.5,0.01,59329.06935292875,79291.59762906983,0.0,1927.2751274433406
73,NL0 9 0 solar,NL0 9,1,299.5,0.01,59329.06935292875,289172.5962436978,0.0,7188.544634543878
73,NL0 20 0 offwind-ac,NL0 20,1,578.0,0.015,59329.06935292875,2.0897042570821068e6,0.0,59138.97697085986
73,NL0 27 0 offwind-ac,NL0 27,1,4583.0,0.015,59329.06935292875,1.8366377338965006e7,0.0,516308.45496803796
73,NL0 31 0 offwind-ac,NL0 31,1,600.0,0.015,59329.06935292875,2.3448754266029424e6,0.0,65002.40995494072
73,NL0 32 0 offwind-ac,NL0 32,1,608.0,0.015,59329.06935292875,2.512592193031349e6,0.0,68008.9508690924
73,NL0 7 0 offwind-ac,NL0 7,1,752.0,0.015,59329.06935292875,3.1161143467113064e6,0.0,85232.18655399044
73,NL0 0 0 onwind,NL0 0,1,59.0,0.015,59329.06935292875,141599.60648804303,0.0,4316.336085611872
73,NL0 1 0 onwind,NL0 1,1,75.0,0.015,59329.06935292875,145039.08590801407,0.0,4470.61813158963
73,NL0 10 0 onwind,NL0 10,1,428.0,0.015,59329.06935292875,1.4291400869199412e6,0.0,42899.58939304398
73,NL0 11 0 onwind,NL0 11,1,21.0,0.015,59329.06935292875,40431.490047640305,0.0,1321.010098186182
73,NL0 12 0 onwind,NL0 12,1,54.0,0.015,59329.06935292875,157750.11158850274,0.0,4663.957452151159
73,NL0 13 0 onwind,NL0 13,1,23.0,0.015,59329.06935292875,48376.288948955276,0.0,1509.6220690771631
73,NL0 14 0 onwind,NL0 14,1,61.0,0.015,59329.06935292875,204206.8002025359,0.0,5793.66177756561
73,NL0 15 0 onwind,NL0 15,1,52.0,0.015,59329.06935292875,110994.68420092786,0.0,3607.5251690491696
73,NL0 17 0 onwind,NL0 17,1,27.0,0.015,59329.06935292875,77212.90743965164,0.0,2249.057666461911
73,NL0 19 0 onwind,NL0 19,1,532.0,0.015,59329.06935292875,1.3460316067230038e6,0.0,41429.691909126195
73,NL0 2 0 onwind,NL0 2,1,472.8,0.015,59329.06935292875,1.0549214371896542e6,0.0,33417.611426352974
73,NL0 20 0 onwind,NL0 20,1,822.2,0.015,59329.06935292875,2.2296443636200447e6,0.0,67078.55731290545
73,NL0 21 0 onwind,NL0 21,1,36.0,0.015,59329.06935292875,104484.76563321071,0.0,3141.3564070712346
73,NL0 22 0 onwind,NL0 22,1,122.7,0.015,59329.06935292875,259171.8983080753,0.0,8070.768412036254
73,NL0 23 0 onwind,NL0 23,1,127.0,0.015,59329.06935292875,371375.7050556639,0.0,10968.336138102639
73,NL0 24 0 onwind,NL0 24,1,33.0,0.015,59329.06935292875,87218.32571815484,0.0,2629.4636008153943
73,NL0 27 0 onwind,NL0 27,1,21.6,0.015,59329.06935292875,74449.90450443185,0.0,2116.1045552652827
73,NL0 3 0 onwind,NL0 3,1,284.6,0.015,59329.06935292875,734639.6276889532,0.0,21935.521778686772
73,NL0 30 0 onwind,NL0 30,1,31.0,0.015,59329.06935292875,89651.52416415488,0.0,2506.119985970165
73,NL0 31 0 onwind,NL0 31,1,216.0,0.015,59329.06935292875,634984.0143862665,0.0,19014.356871739394
73,NL0 4 0 onwind,NL0 4,1,287.0,0.015,59329.06935292875,733311.6964016734,0.0,21970.502202475243
73,NL0 5 0 onwind,NL0 5,1,21.0,0.015,59329.06935292875,39694.087992228146,0.0,1196.2040350986454
73,NL0 6 0 onwind,NL0 6,1,35.0,0.015,59329.06935292875,65079.86966492946,0.0,2013.1355447608262
73,NL0 7 0 onwind,NL0 7,1,374.3,0.015,59329.06935292875,974864.6796991499,0.0,29041.298702055385
73,NL0 8 0 onwind,NL0 8,1,101.1,0.015,59329.06935292875,229637.34867597854,0.0,6952.51756811302
73,NL0 9 0 onwind,NL0 9,1,35.0,0.015,59329.06935292875,64669.44232150172,0.0,1954.606851743726
74,NL0 0 CCGT,NL0 0,1,575.0,43.272866666666665,5472.5808730143835,540923.5908802447,3.1467340019832705e6,61525.0
74,NL0 1 biomass,NL0 1,1,71.0,19.979914529914527,5472.5808730143835,322772.08219561516,388553.2419840212,12212.0
74,NL0 1 waste,NL0 1,1,31.0,34.1135,5472.5808730143835,69198.42877354371,169650.0070634459,4681.0
74,NL0 10 CCGT,NL0 10,1,507.0,43.27286666666667,5472.5808730143835,476953.49665440636,2.7745985026182923e6,48975.586390144614
74,NL0 10 waste,NL0 10,1,150.0,34.1135,5472.5808730143835,334831.10696875985,820887.1309521575,22041.7082861502
74,NL0 11 CCGT,NL0 11,1,72.0,43.27286666666667,5472.5808730143835,67733.04094500447,394025.8228570356,6842.395712381147
74,NL0 11 biomass,NL0 11,1,20.0,19.979914529914527,5472.5808730143835,90921.71329453951,109451.61746028767,3477.7585899165165
74,NL0 11 waste,NL0 11,1,50.0,34.1135,5472.5808730143835,111610.36898958654,273629.04365071916,7250.0
74,NL0 13 CCGT,NL0 13,1,50.0,43.27286666666667,5472.5808730143835,47036.83398958644,273629.04365071916,4800.0
74,NL0 13 biomass,NL0 13,1,77.0,19.979914529914527,5472.5808730143835,350048.59618397715,421388.7272221075,13321.0
74,NL0 16 CCGT,NL0 16,1,268.0,43.27286666666667,5472.5808730143835,252117.4301841834,1.4666516739678548e6,27400.13276929777
74,NL0 17 CCGT,NL0 17,1,107.0,43.27286666666667,5472.5808730143835,100658.82473771495,585566.153412539,10165.0
74,NL0 18 CCGT,NL0 18,1,112.0,43.27286666666667,5472.5808730143835,105362.50813667361,612929.057777611,10416.0
74,NL0 19 CCGT,NL0 19,1,523.0,53.04262929292929,5472.5808730143835,286383.11750121147,2.8621597965865224e6,11442.174094047412
74,NL0 19 biomass,NL0 19,1,49.0,19.979914529914527,5472.5808730143835,222758.1975716218,268156.4627777048,8477.0
74,NL0 19 waste,NL0 19,1,36.0,34.1135,5472.5808730143835,80359.46567250238,197012.9114285178,5292.0
74,NL0 2 CCGT,NL0 2,1,272.5,43.27286666666667,5472.5808730143835,256350.74524324617,1.4912782878964194e6,27522.5
74,NL0 21 CCGT,NL0 21,1,85.0,43.27286666666667,5472.5808730143835,79962.61778229693,465169.3742062226,8245.0
74,NL0 22 CCGT,NL0 22,1,100.0,43.27286666666667,5472.5808730143835,94073.66797917285,547258.0873014383,9700.0
74,NL0 22 biomass,NL0 22,1,500.0,19.979914529914527,5472.5808730143835,2.2730428323634886e6,2.736290436507192e6,88149.82008498115
74,NL0 23 CCGT,NL0 23,1,964.0,43.8530553226903,5472.5808730143835,870323.5031578823,5.275567961585865e6,47693.60984839019
74,NL0 24 CCGT,NL0 24,1,684.0,67.50263035262032,5472.5808730143835,184434.58658511768,3.7432453171418384e6,10714.131758202933
74,NL0 25 waste,NL0 25,1,54.0,34.1135,5472.5808730143835,120539.19850875347,295519.3671427767,7920.430748912018
74,NL0 27 CCGT,NL0 27,1,984.0,43.27286666666667,5472.5808730143835,925684.8929150614,5.385019579046153e6,94886.51593181537
74,NL0 27 biomass,NL0 27,1,22.0,19.979914529914527,5472.5808730143835,100013.88462399352,120396.77920631644,3784.0
74,NL0 27 waste,NL0 27,1,71.2,34.1135,5472.5808730143835,158933.16544117124,389647.7581586241,10680.000000000011
74,NL0 28 CCGT,NL0 28,1,144.0,43.27286666666667,5472.5808730143835,135466.08189000894,788051.6457140712,13607.919819722872
74,NL0 3 CCGT,NL0 3,1,1907.0,51.41762846054192,5472.5808730143835,1.112405887359476e6,1.043621172483843e7,58777.98064051034
74,NL0 3 biomass,NL0 3,1,22.0,19.979914529914527,5472.5808730143835,100013.88462399352,120396.77920631644,3784.0
74,NL0 3 waste,NL0 3,1,108.0,34.1135,5472.5808730143835,241078.39701750694,591038.7342855535,15971.851819096037
74,NL0 30 biomass,NL0 30,1,60.0,19.979914529914527,5472.5808730143835,272765.1398836184,328354.85238086304,10200.0
74,NL0 31 CCGT,NL0 31,1,3341.0,85.4787109164719,5472.5808730143835,7.220188675351228e-10,1.8283892696741056e7,23559.453978829115
74,NL0 5 CCGT,NL0 5,1,49.6,43.27286666666667,5472.5808730143835,46660.53931766976,271440.0113015134,5007.437047862624
74,NL0 6 CCGT,NL0 6,1,1608.4,43.27286666666667,5472.5808730143835,1.513080875777018e6,8.802099076156335e6,169687.7133026777
74,NL0 7 CCGT,NL0 7,1,1398.0,43.6729395310492,5472.5808730143835,1.2759987478403626e6,7.650668060474108e6,85506.53181069877
74,NL0 7 nuclear,NL0 7,1,515.0,27.322803680981593,5472.5808730143835,1.7021457600712706e6,2.8183791496024076e6,84102.42124441595
74,NL0 7 waste,NL0 7,1,39.0,34.1135,5472.5808730143835,87056.08781187762,213430.65404756097,5772.0
74,NL0 8 CCGT,NL0 8,1,447.0,58.928107624263944,5472.5808730143835,189520.23005298054,2.4462436502374294e6,8652.104303317297
74,NL0 8 biomass,NL0 8,1,36.0,19.979914529914527,5472.5808730143835,163659.0839301714,197012.9114285178,6198.897319733022
74,NL0 8 waste,NL0 8,1,157.0,34.1135,5472.5808730143835,350456.55862730206,859195.1970632583,23820.514609455753
74,NL0 9 biomass,NL0 9,1,20.0,19.979914529914527,5472.5808730143835,90921.71329453951,109451.61746028767,3420.0
74,NL0 0 0 solar,NL0 0,1,144.0,0.01,59329.06935292875,143777.1718136401,0.0,3495.7738491645578
74,NL0 1 0 solar,NL0 1,1,291.5,0.01,5472.5808730143835,279083.88681448676,0.0,6948.705449759602
74,NL0 10 0 solar,NL0 10,1,120.1,0.01,5472.5808730143835,123510.80794349074,0.0,3035.911304769089
74,NL0 11 0 solar,NL0 11,1,436.4,0.01,5472.5808730143835,411901.3058784064,0.0,10306.481755249355
74,NL0 12 0 solar,NL0 12,1,203.1,0.01,5472.5808730143835,191990.80544541523,0.0,4820.92251154439
74,NL0 13 0 solar,NL0 13,1,473.2,0.01,5472.5808730143835,452951.73890675174,0.0,11187.121113824795
74,NL0 14 0 solar,NL0 14,1,85.3,0.01,5472.5808730143835,84067.00358636606,0.0,2087.7663698282927
74,NL0 15 0 solar,NL0 15,1,369.4,0.01,59329.06935292875,346685.285034427,0.0,8736.034836219216
74,NL0 16 0 solar,NL0 16,1,68.8,0.01,5472.5808730143835,69599.92687591026,0.0,1691.4298225830848
74,NL0 17 0 solar,NL0 17,1,63.1,0.01,5472.5808730143835,65394.03954021666,0.0,1589.8866005603036
74,NL0 18 0 solar,NL0 18,1,13.399999999999999,0.01,5472.5808730143835,13705.30422290253,0.0,335.710111700008
74,NL0 19 0 solar,NL0 19,1,75.60000000000001,0.01,59329.06935292875,70863.94290967542,0.0,1815.0254919597055
74,NL0 2 0 solar,NL0 2,1,1109.1,0.01,5472.5808730143835,1.0323424735205561e6,0.0,26402.661517956996
74,NL0 20 0 solar,NL0 20,1,331.2,0.01,59329.06935292875,320483.9317679877,0.0,7909.5604725700005
74,NL0 21 0 solar,NL0 21,1,40.5,0.01,5472.5808730143835,41600.66565576048,0.0,1013.9430253950717
74,NL0 22 0 solar,NL0 22,1,263.3,0.01,5472.5808730143835,260617.55609716475,0.0,6361.56546158242
74,NL0 23 0 solar,NL0 23,1,57.1,0.01,5472.5808730143835,57564.46412102373,0.0,1403.2936270342718
74,NL0 24 0 solar,NL0 24,1,99.8,0.01,5472.5808730143835,98258.96051930617,0.0,2393.4015185461817
74,NL0 25 0 solar,NL0 25,1,663.4,0.01,59329.06935292875,623417.0481376502,0.0,15835.542397299549
74,NL0 26 0 solar,NL0 26,1,156.2,0.01,59329.06935292875,154151.3282016009,0.0,3821.2856187503758
74,NL0 27 0 solar,NL0 27,1,103.1,0.01,5472.5808730143835,107361.95522086935,0.0,2649.1257341788905
74,NL0 28 0 solar,NL0 28,1,105.3,0.01,59329.06935292875,100355.16709245981,0.0,2489.1644574964166
74,NL0 3 0 solar,NL0 3,1,84.5,0.01,59329.06935292875,85165.20527245206,0.0,2070.9188767275286
74,NL0 30 0 solar,NL0 30,1,3.6,0.01,5472.5808730143835,3668.2574639459576,0.0,89.82355962877534
74,NL0 31 0 solar,NL0 31,1,44.8,0.01,5472.5808730143835,42321.02586653224,0.0,1072.8423780802711
74,NL0 4 0 solar,NL0 4,1,142.8,0.01,5472.5808730143835,136790.37822099504,0.0,3403.277910451907
74,NL0 5 0 solar,NL0 5,1,351.7,0.01,5472.5808730143835,342365.7706028363,0.0,8409.128930464909
74,NL0 6 0 solar,NL0 6,1,260.3,0.01,59329.06935292875,262068.44217328122,0.0,6427.157527688587
74,NL0 7 0 solar,NL0 7,1,553.2,0.01,59329.06935292875,550871.4655114004,0.0,13445.138753780626
74,NL0 8 0 solar,NL0 8,1,79.5,0.01,59329.06935292875,79242.76000531408,0.0,1927.2751274433406
74,NL0 9 0 solar,NL0 9,1,299.5,0.01,5472.5808730143835,289172.5962436978,0.0,7188.544634543878
74,NL0 20 0 offwind-ac,NL0 20,1,578.0,0.015,5472.5808730143835,2.0897042570821068e6,0.0,59240.1333353015
74,NL0 27 0 offwind-ac,NL0 27,1,4583.0,0.015,5472.5808730143835,1.836492725802475e7,0.0,514736.17986510333
74,NL0 31 0 offwind-ac,NL0 31,1,600.0,0.015,5472.5808730143835,2.3448754266029424e6,0.0,65002.40995494072
74,NL0 32 0 offwind-ac,NL0 32,1,608.0,0.015,59329.06935292875,2.5122772306798655e6,0.0,69624.1028690924
74,NL0 7 0 offwind-ac,NL0 7,1,752.0,0.015,5472.5808730143835,3.1154508015855406e6,0.0,85460.08856763809
74,NL0 0 0 onwind,NL0 0,1,59.0,0.015,5472.5808730143835,141581.73699949784,0.0,4246.927605049
74,NL0 1 0 onwind,NL0 1,1,75.0,0.015,59329.06935292875,144987.223672517,0.0,4369.187309876739
74,NL0 10 0 onwind,NL0 10,1,428.0,0.015,59329.06935292875,1.4291400869199412e6,0.0,42471.66180313577
74,NL0 11 0 onwind,NL0 11,1,21.0,0.015,5472.5808730143835,40420.12081248227,0.0,1321.2105832325692
74,NL0 12 0 onwind,NL0 12,1,54.0,0.015,59329.06935292875,157750.11158850274,0.0,4663.956149718756
74,NL0 13 0 onwind,NL0 13,1,23.0,0.015,59329.06935292875,48363.225696769005,0.0,1532.6220690771631
74,NL0 14 0 onwind,NL0 14,1,61.0,0.015,5472.5808730143835,204206.8002025359,0.0,5793.66177756561
74,NL0 15 0 onwind,NL0 15,1,52.0,0.015,5472.5808730143835,110981.05180824433,0.0,3514.2239634625666
74,NL0 17 0 onwind,NL0 17,1,27.0,0.015,5472.5808730143835,77212.90743965164,0.0,2302.425955009582
74,NL0 19 0 onwind,NL0 19,1,532.0,0.015,59329.06935292875,1.3460316067230038e6,0.0,41427.001781609724
74,NL0 2 0 onwind,NL0 2,1,472.8,0.015,59329.06935292875,1.0549214371896542e6,0.0,33864.947010595715
74,NL0 20 0 onwind,NL0 20,1,822.2,0.015,5472.5808730143835,2.2296443636200447e6,0.0,65500.00655795878
74,NL0 21 0 onwind,NL0 21,1,36.0,0.015,59329.06935292875,104484.76563321071,0.0,3177.115111693349
74,NL0 22 0 onwind,NL0 22,1,122.7,0.015,59329.06935292875,259097.5009444907,0.0,7960.185019744361
74,NL0 23 0 onwind,NL0 23,1,127.0,0.015,5472.5808730143835,371375.7050556639,0.0,10966.17568268409
74,NL0 24 0 onwind,NL0 24,1,33.0,0.015,5472.5808730143835,87218.32571815483,0.0,2728.3354574730815
74,NL0 27 0 onwind,NL0 27,1,21.6,0.015,5472.5808730143835,74449.90450443185,0.0,2094.504552153539
74,NL0 3 0 onwind,NL0 3,1,284.6,0.015,5472.5808730143835,734639.6276889532,0.0,21590.652997494242
74,NL0 30 0 onwind,NL0 30,1,31.0,0.015,59329.06935292875,89651.52416415488,0.0,2691.483397118999
74,NL0 31 0 onwind,NL0 31,1,216.0,0.015,59329.06935292875,634984.0143862665,0.0,18721.546997048783
74,NL0 4 0 onwind,NL0 4,1,287.0,0.015,5472.5808730143835,733311.6964016734,0.0,23084.587646299056
74,NL0 5 0 onwind,NL0 5,1,21.0,0.015,5472.5808730143835,39673.869513893376,0.0,1263.0618154327015
74,NL0 6 0 onwind,NL0 6,1,35.0,0.015,5472.5808730143835,65026.749012613116,0.0,2126.9213407013876
74,NL0 7 0 onwind,NL0 7,1,374.3,0.015,5472.5808730143835,974864.6796991499,0.0,29064.323662839324
74,NL0 8 0 onwind,NL0 8,1,101.1,0.015,5472.5808730143835,229603.3320273519,0.0,7303.86610374731
74,NL0 9 0 onwind,NL0 9,1,35.0,0.015,5472.5808730143835,64634.206735854954,0.0,2115.0035191784173
75,NL0 0 CCGT,NL0 0,1,575.0,43.272866666666665,5472.580873014749,540923.5908802452,3.146734001983481e6,65693.78951037524
75,NL0 1 biomass,NL0 1,1,71.0,19.979914529914527,5472.580873014749,322772.0821956152,388553.24198404717,12354.0
75,NL0 1 waste,NL0 1,1,31.0,34.1135,5472.580873014749,69198.42877354374,169650.00706345722,4712.915471298609
75,NL0 10 CCGT,NL0 10,1,507.0,43.27286666666667,5472.580873014749,476953.4966544071,2.7745985026184777e6,55320.805556464285
75,NL0 10 waste,NL0 10,1,150.0,34.1135,5472.580873014749,334831.10696875985,820887.1309522124,22181.025472367866
75,NL0 11 CCGT,NL0 11,1,72.0,43.27286666666667,5472.580873014749,67733.04094500454,394025.8228570619,7272.0
75,NL0 11 biomass,NL0 11,1,20.0,19.979914529914527,5472.580873014749,90921.71329453953,109451.61746029498,3480.0
75,NL0 11 waste,NL0 11,1,50.0,34.1135,5472.580873014749,111610.36898958655,273629.04365073744,7500.0
75,NL0 13 CCGT,NL0 13,1,50.0,43.27286666666667,5472.580873014749,47036.833989586485,273629.04365073744,5100.0
75,NL0 13 biomass,NL0 13,1,77.0,19.979914529914527,5472.580873014749,350048.59618397715,421388.7272221357,13398.0
75,NL0 16 CCGT,NL0 16,1,268.0,43.27286666666667,5472.580873014749,252117.43018418355,1.4666516739679528e6,28140.0
75,NL0 17 CCGT,NL0 17,1,107.0,43.27286666666667,5472.580873014749,100658.82473771505,585566.1534125782,11128.0
75,NL0 18 CCGT,NL0 18,1,112.0,43.27286666666667,5472.580873014749,105362.50813667367,612929.0577776519,10640.0
75,NL0 19 CCGT,NL0 19,1,523.0,53.04262929292929,5472.580873014749,286383.1175012114,2.8621597965867138e6,11442.174094047412
75,NL0 19 biomass,NL0 19,1,49.0,19.979914529914527,5472.580873014749,222758.19757162183,268156.4627777227,8526.0
75,NL0 19 waste,NL0 19,1,36.0,34.1135,5472.580873014749,80359.46567250241,197012.91142853096,5328.0
75,NL0 2 CCGT,NL0 2,1,272.5,43.27286666666667,5472.580873014749,256350.74524324623,1.491278287896519e6,26540.690383439447
75,NL0 21 CCGT,NL0 21,1,85.0,43.27286666666667,5472.580873014749,79962.61778229696,465169.3742062537,8245.0
75,NL0 22 CCGT,NL0 22,1,100.0,43.27286666666667,5472.580873014749,94073.6679791729,547258.0873014749,9700.0
75,NL0 22 biomass,NL0 22,1,500.0,19.979914529914527,5472.580873014749,2.273042832363489e6,2.7362904365073745e6,87781.71740471417
75,NL0 23 CCGT,NL0 23,1,964.0,43.8530553226903,5472.580873014749,870323.5031578826,5.275567961586218e6,47693.60984839019
75,NL0 24 CCGT,NL0 24,1,684.0,67.50263035262032,5472.580873014749,184434.58658511768,3.7432453171420884e6,10714.13175820299
75,NL0 25 waste,NL0 25,1,54.0,34.1135,5472.580873014749,120539.19850875348,295519.36714279646,7980.413857978176
75,NL0 27 CCGT,NL0 27,1,984.0,43.27286666666667,5472.580873014749,925684.8929150612,5.385019579046513e6,89483.33867547617
75,NL0 27 biomass,NL0 27,1,22.0,19.979914529914527,5472.580873014749,100013.88462399352,120396.77920632449,3762.0
75,NL0 27 waste,NL0 27,1,71.2,34.1135,5472.580873014749,158933.1654411713,389647.75815865013,10632.801336573388
75,NL0 28 CCGT,NL0 28,1,144.0,43.27286666666667,5472.580873014749,135466.08189000902,788051.6457141238,13025.380092965373
75,NL0 3 CCGT,NL0 3,1,1907.0,51.41762846054192,5472.580873014749,1.1124058873594757e6,1.0436211724839127e7,58777.98064051035
75,NL0 3 biomass,NL0 3,1,22.0,19.979914529914527,5472.580873014749,100013.88462399352,120396.77920632449,3806.0
75,NL0 3 waste,NL0 3,1,108.0,34.1135,5472.580873014749,241078.39701750697,591038.7342855929,15660.0
75,NL0 30 biomass,NL0 30,1,60.0,19.979914529914527,5472.580873014749,272765.1398836184,328354.8523808849,10320.0
75,NL0 31 CCGT,NL0 31,1,3341.0,85.4787109164719,5472.580873014749,8.169757987421095e-10,1.8283892696742278e7,23559.45397882926
75,NL0 5 CCGT,NL0 5,1,49.6,43.27286666666667,5472.580873014749,46660.5393176698,271440.0113015316,4563.199999999998
75,NL0 6 CCGT,NL0 6,1,1608.4,43.27286666666667,5472.580873014749,1.5130808757770187e6,8.802099076156924e6,163928.99675518196
75,NL0 7 CCGT,NL0 7,1,1398.0,43.6729395310492,5472.580873014749,1.275998747840363e6,7.650668060474619e6,85506.53181069877
75,NL0 7 nuclear,NL0 7,1,515.0,27.322803680981593,5472.580873014749,1.7021457600712709e6,2.8183791496025957e6,84102.42124441595
75,NL0 7 waste,NL0 7,1,39.0,34.1135,5472.580873014749,87056.08781187762,213430.65404757523,5709.755749841583
75,NL0 8 CCGT,NL0 8,1,447.0,58.928107624263944,5472.580873014749,189520.23005298048,2.446243650237593e6,8652.104303317297
75,NL0 8 biomass,NL0 8,1,36.0,19.979914529914527,5472.580873014749,163659.08393017136,197012.91142853096,6192.0
75,NL0 8 waste,NL0 8,1,157.0,34.1135,5472.580873014749,350456.5586273022,859195.1970633157,23724.59357555348
75,NL0 9 biomass,NL0 9,1,20.0,19.979914529914527,5472.580873014749,90921.71329453953,109451.61746029498,3404.7585899165165
75,NL0 0 0 solar,NL0 0,1,144.0,0.01,59329.06935292875,143777.17181364013,0.0,3495.7738491645578
75,NL0 1 0 solar,NL0 1,1,291.5,0.01,59329.06935292875,279083.88681448676,0.0,6948.705449759602
75,NL0 10 0 solar,NL0 10,1,120.1,0.01,59329.06935292875,123510.80794349076,0.0,3035.911304769089
75,NL0 11 0 solar,NL0 11,1,436.4,0.01,59329.06935292875,411901.3058784065,0.0,10306.481755249355
75,NL0 12 0 solar,NL0 12,1,203.1,0.01,5472.580873014749,191990.80544541526,0.0,4820.92251154439
75,NL0 13 0 solar,NL0 13,1,473.2,0.01,5472.580873014749,452951.7389067518,0.0,11187.121113824795
75,NL0 14 0 solar,NL0 14,1,85.3,0.01,59329.06935292875,84067.00358636606,0.0,2087.7663698282927
75,NL0 15 0 solar,NL0 15,1,369.4,0.01,59329.06935292875,346685.28503442707,0.0,8736.034836219216
75,NL0 16 0 solar,NL0 16,1,68.8,0.01,59329.06935292875,69599.92687591027,0.0,1691.4298225830848
75,NL0 17 0 solar,NL0 17,1,63.1,0.01,59329.06935292875,65394.03954021667,0.0,1589.8866005603036
75,NL0 18 0 solar,NL0 18,1,13.399999999999999,0.01,59329.06935292875,13705.304222902532,0.0,335.710111700008
75,NL0 19 0 solar,NL0 19,1,75.60000000000001,0.01,59329.06935292875,70863.94290967542,0.0,1815.0254919597055
75,NL0 2 0 solar,NL0 2,1,1109.1,0.01,59329.06935292875,1.0323424735205561e6,0.0,26402.661517956996
75,NL0 20 0 solar,NL0 20,1,331.2,0.01,59329.06935292875,320483.9317679878,0.0,7909.5604725700005
75,NL0 21 0 solar,NL0 21,1,40.5,0.01,59329.06935292875,41600.66565576048,0.0,1013.9430253950717
75,NL0 22 0 solar,NL0 22,1,263.3,0.01,59329.06935292875,260617.55609716478,0.0,6361.56546158242
75,NL0 23 0 solar,NL0 23,1,57.1,0.01,5472.580873014749,57564.46412102374,0.0,1403.2936270342718
75,NL0 24 0 solar,NL0 24,1,99.8,0.01,59329.06935292875,98258.96051930619,0.0,2393.4015185461817
75,NL0 25 0 solar,NL0 25,1,663.4,0.01,5472.580873014749,623417.0481376504,0.0,15835.542397299549
75,NL0 26 0 solar,NL0 26,1,156.2,0.01,59329.06935292875,154151.32820160093,0.0,3821.2856187503758
75,NL0 27 0 solar,NL0 27,1,103.1,0.01,59329.06935292875,107361.95522086936,0.0,2649.1257341788905
75,NL0 28 0 solar,NL0 28,1,105.3,0.01,59329.06935292875,100355.16709245983,0.0,2489.1644574964166
75,NL0 3 0 solar,NL0 3,1,84.5,0.01,59329.06935292875,85165.20527245208,0.0,2070.9188767275286
75,NL0 30 0 solar,NL0 30,1,3.6,0.01,59329.06935292875,3668.257463945958,0.0,89.82355962877534
75,NL0 31 0 solar,NL0 31,1,44.8,0.01,59329.06935292875,42321.02586653224,0.0,1072.8423780802711
75,NL0 4 0 solar,NL0 4,1,142.8,0.01,5472.580873014749,136790.37822099507,0.0,3403.277910451907
75,NL0 5 0 solar,NL0 5,1,351.7,0.01,59329.06935292875,342365.77060283633,0.0,8409.128930464909
75,NL0 6 0 solar,NL0 6,1,260.3,0.01,59329.06935292875,262068.44217328122,0.0,6427.157527688587
75,NL0 7 0 solar,NL0 7,1,553.2,0.01,59329.06935292875,550871.4655114005,0.0,13445.138753780626
75,NL0 8 0 solar,NL0 8,1,79.5,0.01,59329.06935292875,79242.76000531409,0.0,1927.2751274433406
75,NL0 9 0 solar,NL0 9,1,299.5,0.01,5472.580873014749,289172.59624369786,0.0,7188.544634543878
75,NL0 20 0 offwind-ac,NL0 20,1,578.0,0.015,59329.06935292875,2.089704257082107e6,0.0,59138.97697085986
75,NL0 27 0 offwind-ac,NL0 27,1,4583.0,0.015,5472.580873014749,1.8364927258024745e7,0.0,517595.07048146566
75,NL0 31 0 offwind-ac,NL0 31,1,600.0,0.015,59329.06935292875,2.3448754266029424e6,0.0,65533.70995494073
75,NL0 32 0 offwind-ac,NL0 32,1,608.0,0.015,59329.06935292875,2.512277230679865e6,0.0,69370.15418236303
75,NL0 7 0 offwind-ac,NL0 7,1,752.0,0.015,59329.06935292875,3.115450801585541e6,0.0,83487.45879383433
75,NL0 0 0 onwind,NL0 0,1,59.0,0.015,59329.06935292875,141581.73699949784,0.0,4423.345107547118
75,NL0 1 0 onwind,NL0 1,1,75.0,0.015,59329.06935292875,144987.223672517,0.0,4667.56319817744
75,NL0 10 0 onwind,NL0 10,1,428.0,0.015,59329.06935292875,1.4291400869199412e6,0.0,42694.296939253596
75,NL0 11 0 onwind,NL0 11,1,21.0,0.015,59329.06935292875,40420.12081248227,0.0,1307.6695123700767
75,NL0 12 0 onwind,NL0 12,1,54.0,0.015,59329.06935292875,157750.11158850274,0.0,4663.910600543067
75,NL0 13 0 onwind,NL0 13,1,23.0,0.015,5472.580873014749,48363.225696769005,0.0,1509.693610316799
75,NL0 14 0 onwind,NL0 14,1,61.0,0.015,59329.06935292875,204206.8002025359,0.0,5915.66177756561
75,NL0 15 0 onwind,NL0 15,1,52.0,0.015,59329.06935292875,110981.05180824433,0.0,3478.8931060565583
75,NL0 17 0 onwind,NL0 17,1,27.0,0.015,5472.580873014749,77212.90743965164,0.0,2329.53093445506
75,NL0 19 0 onwind,NL0 19,1,532.0,0.015,59329.06935292875,1.3460316067230038e6,0.0,41282.27276923133
75,NL0 2 0 onwind,NL0 2,1,472.8,0.015,5472.580873014749,1.0549214371896542e6,0.0,32936.40371542801
75,NL0 20 0 onwind,NL0 20,1,822.2,0.015,59329.06935292875,2.2296443636200447e6,0.0,67722.95238420152
75,NL0 21 0 onwind,NL0 21,1,36.0,0.015,59329.06935292875,104484.76563321071,0.0,3138.5219513274897
75,NL0 22 0 onwind,NL0 22,1,122.7,0.015,59329.06935292875,259097.5009444907,0.0,7663.7873161325
75,NL0 23 0 onwind,NL0 23,1,127.0,0.015,59329.06935292875,371375.7050556639,0.0,10772.99669030883
75,NL0 24 0 onwind,NL0 24,1,33.0,0.015,59329.06935292875,87218.32571815483,0.0,2568.892008412827
75,NL0 27 0 onwind,NL0 27,1,21.6,0.015,5472.580873014749,74449.90450443186,0.0,2094.5078804771674
75,NL0 3 0 onwind,NL0 3,1,284.6,0.015,59329.06935292875,734639.6276889532,0.0,21872.85983859892
75,NL0 30 0 onwind,NL0 30,1,31.0,0.015,59329.06935292875,89651.52416415488,0.0,2662.9671218585836
75,NL0 31 0 onwind,NL0 31,1,216.0,0.015,59329.06935292875,634984.0143862665,0.0,19089.446512002392
75,NL0 4 0 onwind,NL0 4,1,287.0,0.015,59329.06935292875,733311.6964016734,0.0,22213.47257499782
75,NL0 5 0 onwind,NL0 5,1,21.0,0.015,5472.580873014749,39673.869513893376,0.0,1145.5958681292298
75,NL0 6 0 onwind,NL0 6,1,35.0,0.015,59329.06935292875,65026.749012613116,0.0,1944.2681987654175
75,NL0 7 0 onwind,NL0 7,1,374.3,0.015,59329.06935292875,974864.6796991499,0.0,27884.2438153901
75,NL0 8 0 onwind,NL0 8,1,101.1,0.015,59329.06935292875,229603.3320273519,0.0,6830.4446929185615
75,NL0 9 0 onwind,NL0 9,1,35.0,0.015,59329.06935292875,64634.206735854954,0.0,2018.9419540469726
76,NL0 0 CCGT,NL0 0,1,575.0,43.272866666666665,5472.580873014755,540923.590880245,3.146734001983484e6,62455.52082856543
76,NL0 1 biomass,NL0 1,1,71.0,19.979914529914527,5472.580873014755,322772.0821956152,388553.2419840476,12141.0
76,NL0 1 waste,NL0 1,1,31.0,34.1135,5472.580873014755,69198.42877354372,169650.0070634574,4554.712440967369
76,NL0 10 CCGT,NL0 10,1,507.0,43.27286666666667,5472.580873014755,476953.4966544068,2.7745985026184805e6,53201.63305456778
76,NL0 10 waste,NL0 10,1,150.0,34.1135,5472.580873014755,334831.10696875985,820887.1309522132,22636.46916813893
76,NL0 11 CCGT,NL0 11,1,72.0,43.27286666666667,5472.580873014755,67733.04094500451,394025.82285706233,6984.0
76,NL0 11 biomass,NL0 11,1,20.0,19.979914529914527,5472.580873014755,90921.71329453953,109451.61746029509,3440.0
76,NL0 11 waste,NL0 11,1,50.0,34.1135,5472.580873014755,111610.36898958654,273629.04365073773,7500.0
76,NL0 13 CCGT,NL0 13,1,50.0,43.27286666666667,5472.580873014755,47036.83398958648,273629.04365073773,4950.0
76,NL0 13 biomass,NL0 13,1,77.0,19.979914529914527,5472.580873014755,350048.5961839771,421388.7272221361,13244.0
76,NL0 16 CCGT,NL0 16,1,268.0,43.27286666666667,5472.580873014755,252117.4301841834,1.4666516739679542e6,27315.780552894583
76,NL0 17 CCGT,NL0 17,1,107.0,43.27286666666667,5472.580873014755,100658.824737715,585566.1534125787,10772.819442742955
76,NL0 18 CCGT,NL0 18,1,112.0,43.27286666666667,5472.580873014755,105362.5081366737,612929.0577776525,10967.287203499098
76,NL0 19 CCGT,NL0 19,1,523.0,53.04262929292929,5472.580873014755,286383.1175012115,2.8621597965867165e6,11442.17409404741
76,NL0 19 biomass,NL0 19,1,49.0,19.979914529914527,5472.580873014755,222758.1975716218,268156.462777723,8428.0
76,NL0 19 waste,NL0 19,1,36.0,34.1135,5472.580873014755,80359.46567250238,197012.91142853117,5292.0
76,NL0 2 CCGT,NL0 2,1,272.5,43.27286666666667,5472.580873014755,256350.7452432461,1.4912782878965207e6,26387.129336793634
76,NL0 21 CCGT,NL0 21,1,85.0,43.27286666666667,5472.580873014755,79962.61778229693,465169.37420625414,8479.242273510452
76,NL0 22 CCGT,NL0 22,1,100.0,43.27286666666667,5472.580873014755,94073.66797917287,547258.0873014755,9298.98917387641
76,NL0 22 biomass,NL0 22,1,500.0,19.979914529914527,5472.580873014755,2.273042832363489e6,2.7362904365073773e6,88333.71740471417
76,NL0 23 CCGT,NL0 23,1,964.0,43.8530553226903,5472.580873014755,870323.5031578825,5.275567961586224e6,47693.60984839019
76,NL0 24 CCGT,NL0 24,1,684.0,67.50263035262032,5472.580873014755,184434.5865851177,3.743245317142092e6,10714.131758202931
76,NL0 25 waste,NL0 25,1,54.0,34.1135,5472.580873014755,120539.19850875347,295519.36714279675,8053.630748912017
76,NL0 27 CCGT,NL0 27,1,984.0,43.27286666666667,5472.580873014755,925684.8929150616,5.385019579046519e6,101554.11622182012
76,NL0 27 biomass,NL0 27,1,22.0,19.979914529914527,5472.580873014755,100013.88462399352,120396.7792063246,3784.0
76,NL0 27 waste,NL0 27,1,71.2,34.1135,5472.580873014755,158933.16544117124,389647.75815865054,10680.000000000011
76,NL0 28 CCGT,NL0 28,1,144.0,43.27286666666667,5472.580873014755,135466.08189000897,788051.6457141247,13392.0
76,NL0 3 CCGT,NL0 3,1,1907.0,51.41762846054192,5472.580873014755,1.1124058873594762e6,1.0436211724839138e7,58777.98064051036
76,NL0 3 biomass,NL0 3,1,22.0,19.979914529914527,5472.580873014755,100013.88462399352,120396.7792063246,3784.0
76,NL0 3 waste,NL0 3,1,108.0,34.1135,5472.580873014755,241078.3970175069,591038.7342855935,15675.72368610628
76,NL0 30 biomass,NL0 30,1,60.0,19.979914529914527,5472.580873014755,272765.1398836184,328354.8523808853,10260.0
76,NL0 31 CCGT,NL0 31,1,3341.0,85.4787109164719,5472.580873014755,9.594111955525721e-10,1.8283892696742296e7,23559.453978829104
76,NL0 5 CCGT,NL0 5,1,49.6,43.27286666666667,5472.580873014755,46660.53931766977,271440.01130153186,4716.235651273437
76,NL0 6 CCGT,NL0 6,1,1608.4,43.27286666666667,5472.580873014755,1.5130808757770176e6,8.802099076156931e6,158306.4472343583
76,NL0 7 CCGT,NL0 7,1,1398.0,43.6729395310492,5472.580873014755,1.2759987478403626e6,7.650668060474627e6,85506.53181069877
76,NL0 7 nuclear,NL0 7,1,515.0,27.322803680981593,5472.580873014755,1.7021457600712704e6,2.8183791496025985e6,84102.42124441595
76,NL0 7 waste,NL0 7,1,39.0,34.1135,5472.580873014755,87056.0878118776,213430.65404757543,5694.0
76,NL0 8 CCGT,NL0 8,1,447.0,58.928107624263944,5472.580873014755,189520.2300529806,2.446243650237595e6,8652.104303317294
76,NL0 8 biomass,NL0 8,1,36.0,19.979914529914527,5472.580873014755,163659.0839301714,197012.91142853117,6189.758589916517
76,NL0 8 waste,NL0 8,1,157.0,34.1135,5472.580873014755,350456.55862730206,859195.1970633165,23342.96941948941
76,NL0 9 biomass,NL0 9,1,20.0,19.979914529914527,5472.580873014755,90921.71329453953,109451.61746029509,3420.0
76,NL0 0 0 solar,NL0 0,1,144.0,0.01,59329.06935292875,143777.1718136401,0.0,3495.7738491645578
76,NL0 1 0 solar,NL0 1,1,291.5,0.01,59329.06935292875,279083.8868144867,0.0,6948.705449759602
76,NL0 10 0 solar,NL0 10,1,120.1,0.01,59329.06935292875,123510.80794349074,0.0,3035.911304769089
76,NL0 11 0 solar,NL0 11,1,436.4,0.01,59329.06935292875,411901.3058784065,0.0,10306.481755249355
76,NL0 12 0 solar,NL0 12,1,203.1,0.01,59329.06935292875,191990.80544541523,0.0,4820.92251154439
76,NL0 13 0 solar,NL0 13,1,473.2,0.01,59329.06935292875,452951.73890675174,0.0,11187.121113824795
76,NL0 14 0 solar,NL0 14,1,85.3,0.01,59329.06935292875,84067.00358636606,0.0,2087.7663698282927
76,NL0 15 0 solar,NL0 15,1,369.4,0.01,59329.06935292875,346685.285034427,0.0,8736.034836219216
76,NL0 16 0 solar,NL0 16,1,68.8,0.01,59329.06935292875,69599.92687591026,0.0,1691.4298225830848
76,NL0 17 0 solar,NL0 17,1,63.1,0.01,59329.06935292875,65394.03954021666,0.0,1589.8866005603036
76,NL0 18 0 solar,NL0 18,1,13.399999999999999,0.01,59329.06935292875,13705.304222902532,0.0,335.710111700008
76,NL0 19 0 solar,NL0 19,1,75.60000000000001,0.01,59329.06935292875,70863.94290967542,0.0,1815.0254919597055
76,NL0 2 0 solar,NL0 2,1,1109.1,0.01,59329.06935292875,1.032342473520556e6,0.0,26402.661517956996
76,NL0 20 0 solar,NL0 20,1,331.2,0.01,59329.06935292875,320483.9317679877,0.0,7909.5604725700005
76,NL0 21 0 solar,NL0 21,1,40.5,0.01,59329.06935292875,41600.66565576048,0.0,1013.9430253950717
76,NL0 22 0 solar,NL0 22,1,263.3,0.01,59329.06935292875,260617.55609716472,0.0,6361.56546158242
76,NL0 23 0 solar,NL0 23,1,57.1,0.01,59329.06935292875,57564.464121023724,0.0,1403.2936270342718
76,NL0 24 0 solar,NL0 24,1,99.8,0.01,59329.06935292875,98258.96051930616,0.0,2393.4015185461817
76,NL0 25 0 solar,NL0 25,1,663.4,0.01,59329.06935292875,623417.0481376502,0.0,15835.542397299549
76,NL0 26 0 solar,NL0 26,1,156.2,0.01,59329.06935292875,154151.3282016009,0.0,3821.2856187503758
76,NL0 27 0 solar,NL0 27,1,103.1,0.01,59329.06935292875,107361.95522086935,0.0,2649.1257341788905
76,NL0 28 0 solar,NL0 28,1,105.3,0.01,59329.06935292875,100355.16709245981,0.0,2489.1644574964166
76,NL0 3 0 solar,NL0 3,1,84.5,0.01,59329.06935292875,85165.20527245209,0.0,2070.9188767275286
76,NL0 30 0 solar,NL0 30,1,3.6,0.01,59329.06935292875,3668.257463945957,0.0,89.82355962877534
76,NL0 31 0 solar,NL0 31,1,44.8,0.01,59329.06935292875,42321.02586653224,0.0,1072.8423780802711
76,NL0 4 0 solar,NL0 4,1,142.8,0.01,59329.06935292875,136790.37822099504,0.0,3403.277910451907
76,NL0 5 0 solar,NL0 5,1,351.7,0.01,59329.06935292875,342365.7706028363,0.0,8409.128930464909
76,NL0 6 0 solar,NL0 6,1,260.3,0.01,59329.06935292875,262068.44217328122,0.0,6427.157527688587
76,NL0 7 0 solar,NL0 7,1,553.2,0.01,59329.06935292875,550871.4655114004,0.0,13445.138753780626
76,NL0 8 0 solar,NL0 8,1,79.5,0.01,59329.06935292875,79242.76000531408,0.0,1927.2751274433406
76,NL0 9 0 solar,NL0 9,1,299.5,0.01,59329.06935292875,289172.5962436978,0.0,7188.544634543878
76,NL0 20 0 offwind-ac,NL0 20,1,578.0,0.015,59329.06935292875,2.0897042570821065e6,0.0,55221.57198922575
76,NL0 27 0 offwind-ac,NL0 27,1,4583.0,0.015,59329.06935292875,1.836492725802474e7,0.0,512809.3394218265
76,NL0 31 0 offwind-ac,NL0 31,1,600.0,0.015,59329.06935292875,2.3448754266029424e6,0.0,65533.70995494073
76,NL0 32 0 offwind-ac,NL0 32,1,608.0,0.015,59329.06935292875,2.5122772306798655e6,0.0,70162.48686909239
76,NL0 7 0 offwind-ac,NL0 7,1,752.0,0.015,59329.06935292875,3.1154508015855406e6,0.0,86125.98456763808
76,NL0 0 0 onwind,NL0 0,1,59.0,0.015,59329.06935292875,141581.73699949784,0.0,4423.345107547118
76,NL0 1 0 onwind,NL0 1,1,75.0,0.015,59329.06935292875,144987.223672517,0.0,4592.56319817744
76,NL0 10 0 onwind,NL0 10,1,428.0,0.015,59329.06935292875,1.4291400869199412e6,0.0,42899.58939304398
76,NL0 11 0 onwind,NL0 11,1,21.0,0.015,59329.06935292875,40420.12081248227,0.0,1307.6695123700767
76,NL0 12 0 onwind,NL0 12,1,54.0,0.015,59329.06935292875,157750.11158850274,0.0,4771.910600543067
76,NL0 13 0 onwind,NL0 13,1,23.0,0.015,59329.06935292875,48363.225696769005,0.0,1532.6220690771631
76,NL0 14 0 onwind,NL0 14,1,61.0,0.015,59329.06935292875,204206.8002025359,0.0,6037.66177756561
76,NL0 15 0 onwind,NL0 15,1,52.0,0.015,59329.06935292875,110981.05180824433,0.0,3566.2068649493503
76,NL0 17 0 onwind,NL0 17,1,27.0,0.015,59329.06935292875,77212.90743965164,0.0,2356.425955009582
76,NL0 19 0 onwind,NL0 19,1,532.0,0.015,59329.06935292875,1.3460316067230038e6,0.0,41957.66613883625
76,NL0 2 0 onwind,NL0 2,1,472.8,0.015,59329.06935292875,1.0549214371896542e6,0.0,33417.611426352974
76,NL0 20 0 onwind,NL0 20,1,822.2,0.015,59329.06935292875,2.2296443636200447e6,0.0,68545.15238420152
76,NL0 21 0 onwind,NL0 21,1,36.0,0.015,59329.06935292875,104484.76563321071,0.0,3177.3564070712346
76,NL0 22 0 onwind,NL0 22,1,122.7,0.015,59329.06935292875,259097.5009444907,0.0,7979.539671631507
76,NL0 23 0 onwind,NL0 23,1,127.0,0.015,59329.06935292875,371375.7050556639,0.0,10841.409296501457
76,NL0 24 0 onwind,NL0 24,1,33.0,0.015,59329.06935292875,87218.32571815484,0.0,2695.335457473082
76,NL0 27 0 onwind,NL0 27,1,21.6,0.015,59329.06935292875,74449.90450443185,0.0,2137.7045521535388
76,NL0 3 0 onwind,NL0 3,1,284.6,0.015,59329.06935292875,734639.6276889532,0.0,22157.592870971617
76,NL0 30 0 onwind,NL0 30,1,31.0,0.015,59329.06935292875,89651.52416415488,0.0,2691.483397118999
76,NL0 31 0 onwind,NL0 31,1,216.0,0.015,59329.06935292875,634984.0143862665,0.0,18505.546997048783
76,NL0 4 0 onwind,NL0 4,1,287.0,0.015,59329.06935292875,733311.6964016734,0.0,22510.591441937933
76,NL0 5 0 onwind,NL0 5,1,21.0,0.015,59329.06935292875,39673.869513893376,0.0,1229.012342988499
76,NL0 6 0 onwind,NL0 6,1,35.0,0.015,59329.06935292875,65026.749012613116,0.0,2069.39257244058
76,NL0 7 0 onwind,NL0 7,1,374.3,0.015,59329.06935292875,974864.6796991498,0.0,29534.70183802529
76,NL0 8 0 onwind,NL0 8,1,101.1,0.015,59329.06935292875,229603.3320273519,0.0,7121.545538452152
76,NL0 9 0 onwind,NL0 9,1,35.0,0.015,59329.06935292875,64634.206735854954,0.0,2045.780847764459
77,NL0 0 CCGT,NL0 0,1,575.0,43.272866666666665,4559.065804915235,549273.3321032734,2.6214628378262604e6,56636.1355425028
77,NL0 1 biomass,NL0 1,1,71.0,19.979914529914527,4559.065804915235,323803.0937205457,323693.6721489817,12212.0
77,NL0 1 waste,NL0 1,1,31.0,34.1135,4559.065804915235,69648.58873513309,141331.0399523723,4664.3813318664
77,NL0 10 CCGT,NL0 10,1,507.0,43.27286666666667,4559.065804915235,484315.7902197554,2.3114463630920243e6,49470.35985199215
77,NL0 10 waste,NL0 10,1,150.0,34.1135,4559.065804915235,337009.3003312891,683859.8707372852,22126.18339359596
77,NL0 11 CCGT,NL0 11,1,72.0,43.27286666666667,4559.065804915235,68778.57375901855,328252.7379538969,7037.251014682751
77,NL0 11 biomass,NL0 11,1,20.0,19.979914529914527,4559.065804915235,91212.13907621006,91181.3160983047,3440.0
77,NL0 11 waste,NL0 11,1,50.0,34.1135,4559.065804915235,112336.43344376296,227953.29024576177,7474.571387642948
77,NL0 13 CCGT,NL0 13,1,50.0,43.27286666666667,4559.065804915235,47762.898443762875,227953.29024576177,4844.235651273438
77,NL0 13 biomass,NL0 13,1,77.0,19.979914529914527,4559.065804915235,351166.73544340883,351048.0669784731,13170.758589916517
77,NL0 16 CCGT,NL0 16,1,268.0,43.27286666666667,4559.065804915235,256009.13565856894,1.221829635717283e6,26307.021181587046
77,NL0 17 CCGT,NL0 17,1,107.0,43.27286666666667,4559.065804915235,102212.60266965251,487820.04112593015,10165.0
77,NL0 18 CCGT,NL0 18,1,112.0,43.27286666666667,4559.065804915235,106988.89251402879,510615.3701505064,10560.004656159721
77,NL0 19 CCGT,NL0 19,1,523.0,53.04262929292929,4559.065804915235,293977.75169189676,2.384391415970668e6,11442.174094047357
77,NL0 19 biomass,NL0 19,1,49.0,19.979914529914527,4559.065804915235,223469.74073671468,223394.22444084653,8428.0
77,NL0 19 waste,NL0 19,1,36.0,34.1135,4559.065804915235,80882.23207950941,164126.36897694846,5262.7082861502
77,NL0 2 CCGT,NL0 2,1,272.5,43.27286666666667,4559.065804915235,260307.79651850782,1.2423454318394016e6,28243.67167306679
77,NL0 21 CCGT,NL0 21,1,85.0,43.27286666666667,4559.065804915235,81196.92735439682,387520.593417795,8439.879883064408
77,NL0 22 CCGT,NL0 22,1,100.0,43.27286666666667,4559.065804915235,95525.79688752569,455906.58049152355,9600.0
77,NL0 22 biomass,NL0 22,1,500.0,19.979914529914527,4559.065804915235,2.2803034769052533e6,2.2795329024576177e6,88273.71740471426
77,NL0 23 CCGT,NL0 23,1,964.0,43.8530553226903,4559.065804915235,884322.0258344036,4.394939435938287e6,47693.60984839019
77,NL0 24 CCGT,NL0 24,1,684.0,67.50263035262032,4559.065804915235,194367.1483182509,3.118401010562021e6,10714.131758202937
77,NL0 25 waste,NL0 25,1,54.0,34.1135,4559.065804915235,121323.34811926399,246189.5534654227,7938.1644678972
77,NL0 27 CCGT,NL0 27,1,984.0,43.27286666666667,4559.065804915235,939973.8413732536,4.486120752036591e6,101319.59093504294
77,NL0 27 biomass,NL0 27,1,22.0,19.979914529914527,4559.065804915235,100333.35298383114,100299.44770813518,3784.0
77,NL0 27 waste,NL0 27,1,71.2,34.1135,4559.065804915235,159967.08122391845,324605.48530996474,10397.613857978184
77,NL0 28 CCGT,NL0 28,1,144.0,43.27286666666667,4559.065804915235,137557.1475180371,656505.4759077939,14018.701090696895
77,NL0 3 CCGT,NL0 3,1,1907.0,51.41762846054192,4559.065804915235,1.1400979856417642e6,8.694138489973353e6,58777.98064051023
77,NL0 3 biomass,NL0 3,1,22.0,19.979914529914527,4559.065804915235,100333.35298383114,100299.44770813518,3784.0
77,NL0 3 waste,NL0 3,1,108.0,34.1135,4559.065804915235,242646.69623852798,492379.1069308454,15942.087867444432
77,NL0 30 biomass,NL0 30,1,60.0,19.979914529914527,4559.065804915235,273636.4172286301,273543.9482949141,10320.0
77,NL0 31 CCGT,NL0 31,1,3341.0,85.4787109164719,4559.065804915235,48515.62682806821,1.52318388542218e7,23559.453978829082
77,NL0 5 CCGT,NL0 5,1,49.6,43.27286666666667,4559.065804915235,47380.79525621278,226129.66392379568,4860.8
77,NL0 6 CCGT,NL0 6,1,1608.4,43.27286666666667,4559.065804915235,1.5364369171389644e6,7.332801440625665e6,167278.54949383318
77,NL0 7 CCGT,NL0 7,1,1398.0,43.6729395310492,4559.065804915235,1.2962995099791354e6,6.373573995271499e6,85506.53181069877
77,NL0 7 nuclear,NL0 7,1,515.0,27.322803680981593,4559.065804915235,1.7096242239492878e6,2.347918889531346e6,84102.42124441595
77,NL0 7 waste,NL0 7,1,39.0,34.1135,4559.065804915235,87622.41808613522,177803.56639169418,5732.363288600355
77,NL0 8 CCGT,NL0 8,1,447.0,58.928107624263944,4559.065804915235,196011.24627331767,2.0379024147971103e6,8652.104303317134
77,NL0 8 biomass,NL0 8,1,36.0,19.979914529914527,4559.065804915235,164181.8503371784,164126.36897694846,6192.0
77,NL0 8 waste,NL0 8,1,157.0,34.1135,4559.065804915235,352736.4010134159,715773.3313716919,23891.431582438338
77,NL0 9 biomass,NL0 9,1,20.0,19.979914529914527,4559.065804915235,91212.13907621006,91181.3160983047,3420.0
77,NL0 0 0 solar,NL0 0,1,144.0,0.01,59329.06935292875,143803.75591553425,0.0,3495.7738491645578
77,NL0 1 0 solar,NL0 1,1,291.5,0.01,59329.06935292875,279083.88681448676,0.0,6948.705449759602
77,NL0 10 0 solar,NL0 10,1,120.1,0.01,59329.06935292875,123510.80794349074,0.0,3035.911304769089
77,NL0 11 0 solar,NL0 11,1,436.4,0.01,59329.06935292875,411901.30587840645,0.0,10306.481755249355
77,NL0 12 0 solar,NL0 12,1,203.1,0.01,59329.06935292875,191990.80544541523,0.0,4820.92251154439
77,NL0 13 0 solar,NL0 13,1,473.2,0.01,59329.06935292875,452951.73890675174,0.0,11187.121113824795
77,NL0 14 0 solar,NL0 14,1,85.3,0.01,59329.06935292875,84083.43083761183,0.0,2087.7663698282927
77,NL0 15 0 solar,NL0 15,1,369.4,0.01,59329.06935292875,346685.28503442707,0.0,8736.034836219216
77,NL0 16 0 solar,NL0 16,1,68.8,0.01,59329.06935292875,69625.18814135814,0.0,1691.4298225830848
77,NL0 17 0 solar,NL0 17,1,63.1,0.01,59329.06935292875,65413.876089659396,0.0,1589.8866005603036
77,NL0 18 0 solar,NL0 18,1,13.399999999999999,0.01,59329.06935292875,13705.30422290253,0.0,335.710111700008
77,NL0 19 0 solar,NL0 19,1,75.60000000000001,0.01,59329.06935292875,70863.94290967542,0.0,1815.0254919597055
77,NL0 2 0 solar,NL0 2,1,1109.1,0.01,59329.06935292875,1.0323424735205562e6,0.0,26402.661517956996
77,NL0 20 0 solar,NL0 20,1,331.2,0.01,59329.06935292875,320483.9317679877,0.0,7909.5604725700005
77,NL0 21 0 solar,NL0 21,1,40.5,0.01,59329.06935292875,41600.66565576048,0.0,1013.9430253950717
77,NL0 22 0 solar,NL0 22,1,263.3,0.01,59329.06935292875,260722.23730921638,0.0,6361.56546158242
77,NL0 23 0 solar,NL0 23,1,57.1,0.01,59329.06935292875,57584.27706892421,0.0,1403.2936270342718
77,NL0 24 0 solar,NL0 24,1,99.8,0.01,59329.06935292875,98278.8706345097,0.0,2393.4015185461817
77,NL0 25 0 solar,NL0 25,1,663.4,0.01,59329.06935292875,623417.0481376502,0.0,15835.542397299549
77,NL0 26 0 solar,NL0 26,1,156.2,0.01,59329.06935292875,154151.3282016009,0.0,3821.2856187503758
77,NL0 27 0 solar,NL0 27,1,103.1,0.01,59329.06935292875,107361.95522086935,0.0,2649.1257341788905
77,NL0 28 0 solar,NL0 28,1,105.3,0.01,59329.06935292875,100355.16709245981,0.0,2489.1644574964166
77,NL0 3 0 solar,NL0 3,1,84.5,0.01,59329.06935292875,85184.44057395979,0.0,2070.9188767275286
77,NL0 30 0 solar,NL0 30,1,3.6,0.01,59329.06935292875,3669.021148782904,0.0,89.82355962877534
77,NL0 31 0 solar,NL0 31,1,44.8,0.01,59329.06935292875,42321.02586653224,0.0,1072.8423780802711
77,NL0 4 0 solar,NL0 4,1,142.8,0.01,59329.06935292875,136790.37822099504,0.0,3403.277910451907
77,NL0 5 0 solar,NL0 5,1,351.7,0.01,59329.06935292875,342365.77060283633,0.0,8409.128930464909
77,NL0 6 0 solar,NL0 6,1,260.3,0.01,59329.06935292875,262068.44217328122,0.0,6427.157527688587
77,NL0 7 0 solar,NL0 7,1,553.2,0.01,59329.06935292875,551045.6940152283,0.0,13445.138753780626
77,NL0 8 0 solar,NL0 8,1,79.5,0.01,59329.06935292875,79291.59762906983,0.0,1927.2751274433406
77,NL0 9 0 solar,NL0 9,1,299.5,0.01,59329.06935292875,289172.5962436978,0.0,7188.544634543878
77,NL0 20 0 offwind-ac,NL0 20,1,578.0,0.015,59329.06935292875,2.089704257082107e6,0.0,55044.42497085987
77,NL0 27 0 offwind-ac,NL0 27,1,4583.0,0.015,59329.06935292875,1.8366377338965006e7,0.0,508745.55625240674
77,NL0 31 0 offwind-ac,NL0 31,1,600.0,0.015,59329.06935292875,2.3448754266029424e6,0.0,65533.70995494073
77,NL0 32 0 offwind-ac,NL0 32,1,608.0,0.015,59329.06935292875,2.512592193031349e6,0.0,70162.48686909239
77,NL0 7 0 offwind-ac,NL0 7,1,752.0,0.015,59329.06935292875,3.1161143467113064e6,0.0,86125.98456763808
77,NL0 0 0 onwind,NL0 0,1,59.0,0.015,59329.06935292875,141599.60648804303,0.0,4423.345107547118
77,NL0 1 0 onwind,NL0 1,1,75.0,0.015,59329.06935292875,145039.08590801407,0.0,4517.658299818789
77,NL0 10 0 onwind,NL0 10,1,428.0,0.015,59329.06935292875,1.4291400869199412e6,0.0,42899.58939304398
77,NL0 11 0 onwind,NL0 11,1,21.0,0.015,59329.06935292875,40431.490047640305,0.0,1307.6695123700767
77,NL0 12 0 onwind,NL0 12,1,54.0,0.015,59329.06935292875,157750.1115885027,0.0,4771.910600543067
77,NL0 13 0 onwind,NL0 13,1,23.0,0.015,59329.06935292875,48376.288948955276,0.0,1532.6220690771631
77,NL0 14 0 onwind,NL0 14,1,61.0,0.015,59329.06935292875,204206.80020253593,0.0,5915.66177756561
77,NL0 15 0 onwind,NL0 15,1,52.0,0.015,59329.06935292875,110994.68420092786,0.0,3566.2068649493503
77,NL0 17 0 onwind,NL0 17,1,27.0,0.015,59329.06935292875,77212.90743965164,0.0,2303.0576664619116
77,NL0 19 0 onwind,NL0 19,1,532.0,0.015,59329.06935292875,1.3460316067230038e6,0.0,42486.97601131978
77,NL0 2 0 onwind,NL0 2,1,472.8,0.015,59329.06935292875,1.0549214371896542e6,0.0,33882.00351157511
77,NL0 20 0 onwind,NL0 20,1,822.2,0.015,59329.06935292875,2.2296443636200447e6,0.0,69336.60955946345
77,NL0 21 0 onwind,NL0 21,1,36.0,0.015,59329.06935292875,104484.76563321071,0.0,3141.3564070712346
77,NL0 22 0 onwind,NL0 22,1,122.7,0.015,59329.06935292875,259171.8983080753,0.0,8070.768412036254
77,NL0 23 0 onwind,NL0 23,1,127.0,0.015,59329.06935292875,371375.7050556639,0.0,11093.175682684092
77,NL0 24 0 onwind,NL0 24,1,33.0,0.015,59329.06935292875,87218.32571815485,0.0,2695.335457473082
77,NL0 27 0 onwind,NL0 27,1,21.6,0.015,59329.06935292875,74449.90450443185,0.0,2094.507877365423
77,NL0 3 0 onwind,NL0 3,1,284.6,0.015,59329.06935292875,734639.6276889532,0.0,22726.28265135161
77,NL0 30 0 onwind,NL0 30,1,31.0,0.015,59329.06935292875,89651.52416415488,0.0,2692.1132215717694
77,NL0 31 0 onwind,NL0 31,1,216.0,0.015,59329.06935292875,634984.0143862665,0.0,19153.54699704878
77,NL0 4 0 onwind,NL0 4,1,287.0,0.015,59329.06935292875,733311.6964016735,0.0,22797.591441937933
77,NL0 5 0 onwind,NL0 5,1,21.0,0.015,59329.06935292875,39694.087992228146,0.0,1282.9340960200916
77,NL0 6 0 onwind,NL0 6,1,35.0,0.015,59329.06935292875,65079.86966492946,0.0,2126.9213407013876
77,NL0 7 0 onwind,NL0 7,1,374.3,0.015,59329.06935292875,974864.6796991499,0.0,30159.0744295002
77,NL0 8 0 onwind,NL0 8,1,101.1,0.015,59329.06935292875,229637.34867597854,0.0,7323.460787945647
77,NL0 9 0 onwind,NL0 9,1,35.0,0.015,59329.06935292875,64669.44232150172,0.0,2045.9686705959102
78,NL0 0 CCGT,NL0 0,1,575.0,43.272866666666665,5472.580873015007,540923.5908802449,3.1467340019836286e6,57830.01667337894
78,NL0 1 biomass,NL0 1,1,71.0,19.979914529914527,5472.580873015007,322772.0821956153,388553.24198406545,12283.0
78,NL0 1 waste,NL0 1,1,31.0,34.1135,5472.580873015007,69198.42877354374,169650.0070634652,4564.248996597596
78,NL0 10 CCGT,NL0 10,1,507.0,43.27286666666667,5472.580873015007,476953.49665440683,2.7745985026186085e6,50546.16500256751
78,NL0 10 waste,NL0 10,1,150.0,34.1135,5472.580873015007,334831.1069687599,820887.130952251,22350.0
78,NL0 11 CCGT,NL0 11,1,72.0,43.27286666666667,5472.580873015007,67733.04094500456,394025.8228570805,7254.802363973624
78,NL0 11 biomass,NL0 11,1,20.0,19.979914529914527,5472.580873015007,90921.71329453951,109451.61746030013,3440.0
78,NL0 11 waste,NL0 11,1,50.0,34.1135,5472.580873015007,111610.36898958658,273629.0436507503,7550.0
78,NL0 13 CCGT,NL0 13,1,50.0,43.27286666666667,5472.580873015007,47036.83398958649,273629.0436507503,5037.235838299576
78,NL0 13 biomass,NL0 13,1,77.0,19.979914529914527,5472.580873015007,350048.5961839772,421388.7272221555,13324.758589916517
78,NL0 16 CCGT,NL0 16,1,268.0,43.27286666666667,5472.580873015007,252117.4301841836,1.4666516739680218e6,27057.168863257964
78,NL0 17 CCGT,NL0 17,1,107.0,43.27286666666667,5472.580873015007,100658.82473771505,585566.1534126058,10533.611889661288
78,NL0 18 CCGT,NL0 18,1,112.0,43.27286666666667,5472.580873015007,105362.50813667376,612929.0577776807,11536.0
78,NL0 19 CCGT,NL0 19,1,523.0,53.04262929292929,5472.580873015007,286383.1175012118,2.8621597965868483e6,11442.17409404741
78,NL0 19 biomass,NL0 19,1,49.0,19.979914529914527,5472.580873015007,222758.19757162183,268156.4627777353,8428.0
78,NL0 19 waste,NL0 19,1,36.0,34.1135,5472.580873015007,80359.46567250241,197012.91142854025,5364.0
78,NL0 2 CCGT,NL0 2,1,272.5,43.27286666666667,5472.580873015007,256350.74524324635,1.4912782878965894e6,27389.269757041504
78,NL0 21 CCGT,NL0 21,1,85.0,43.27286666666667,5472.580873015007,79962.617782297,465169.37420627556,8250.889606306257
78,NL0 22 CCGT,NL0 22,1,100.0,43.27286666666667,5472.580873015007,94073.66797917295,547258.0873015006,9998.070235328867
78,NL0 22 biomass,NL0 22,1,500.0,19.979914529914527,5472.580873015007,2.2730428323634895e6,2.7362904365075035e6,88012.71740471417
78,NL0 23 CCGT,NL0 23,1,964.0,43.8530553226903,5472.580873015007,870323.503157883,5.275567961586466e6,47693.60984839019
78,NL0 24 CCGT,NL0 24,1,684.0,67.50263035262032,5472.580873015007,184434.58658511768,3.7432453171422645e6,10714.131758202931
78,NL0 25 waste,NL0 25,1,54.0,34.1135,5472.580873015007,120539.19850875348,295519.36714281037,7964.755749841583
78,NL0 27 CCGT,NL0 27,1,984.0,43.27286666666667,5472.580873015007,925684.8929150621,5.385019579046766e6,98229.89068561078
78,NL0 27 biomass,NL0 27,1,22.0,19.979914529914527,5472.580873015007,100013.88462399354,120396.77920633015,3762.0
78,NL0 27 waste,NL0 27,1,71.2,34.1135,5472.580873015007,158933.16544117135,389647.75815866847,10543.808581434032
78,NL0 28 CCGT,NL0 28,1,144.0,43.27286666666667,5472.580873015007,135466.08189000917,788051.645714161,13824.0
78,NL0 3 CCGT,NL0 3,1,1907.0,51.41762846054192,5472.580873015007,1.1124058873594773e6,1.0436211724839617e7,58777.98064051036
78,NL0 3 biomass,NL0 3,1,22.0,19.979914529914527,5472.580873015007,100013.88462399354,120396.77920633015,3762.0
78,NL0 3 waste,NL0 3,1,108.0,34.1135,5472.580873015007,241078.39701750697,591038.7342856207,15941.8274413414
78,NL0 30 biomass,NL0 30,1,60.0,19.979914529914527,5472.580873015007,272765.1398836184,328354.8523809004,10380.0
78,NL0 31 CCGT,NL0 31,1,3341.0,85.4787109164719,5472.580873015007,8.169757987421025e-10,1.8283892696743138e7,23559.453978829104
78,NL0 5 CCGT,NL0 5,1,49.6,43.27286666666667,5472.580873015007,46660.53931766981,271440.0113015443,4793.333455519998
78,NL0 6 CCGT,NL0 6,1,1608.4,43.27286666666667,5472.580873015007,1.513080875777019e6,8.802099076157337e6,166500.7466029558
78,NL0 7 CCGT,NL0 7,1,1398.0,43.6729395310492,5472.580873015007,1.2759987478403638e6,7.650668060474979e6,85506.53181069877
78,NL0 7 nuclear,NL0 7,1,515.0,27.322803680981593,5472.580873015007,1.702145760071271e6,2.8183791496027284e6,84102.42124441595
78,NL0 7 waste,NL0 7,1,39.0,34.1135,5472.580873015007,87056.08781187763,213430.65404758527,5796.546220211621
78,NL0 8 CCGT,NL0 8,1,447.0,58.928107624263944,5472.580873015007,189520.2300529807,2.446243650237708e6,8652.104303317294
78,NL0 8 biomass,NL0 8,1,36.0,19.979914529914527,5472.580873015007,163659.08393017141,197012.91142854025,6192.0
78,NL0 8 waste,NL0 8,1,157.0,34.1135,5472.580873015007,350456.5586273021,859195.197063356,23354.31847418779
78,NL0 9 biomass,NL0 9,1,20.0,19.979914529914527,5472.580873015007,90921.71329453951,109451.61746030013,3440.0
78,NL0 0 0 solar,NL0 0,1,144.0,0.01,59329.06935292875,143777.1718136401,0.0,3495.7738491645578
78,NL0 1 0 solar,NL0 1,1,291.5,0.01,59329.06935292875,279083.88681448676,0.0,6948.705449759602
78,NL0 10 0 solar,NL0 10,1,120.1,0.01,59329.06935292875,123510.80794349074,0.0,3035.911304769089
78,NL0 11 0 solar,NL0 11,1,436.4,0.01,59329.06935292875,411901.30587840645,0.0,10306.481755249355
78,NL0 12 0 solar,NL0 12,1,203.1,0.01,59329.06935292875,191990.80544541523,0.0,4820.92251154439
78,NL0 13 0 solar,NL0 13,1,473.2,0.01,59329.06935292875,452951.73890675174,0.0,11187.121113824795
78,NL0 14 0 solar,NL0 14,1,85.3,0.01,59329.06935292875,84067.00358636606,0.0,2087.7663698282927
78,NL0 15 0 solar,NL0 15,1,369.4,0.01,59329.06935292875,346685.285034427,0.0,8736.034836219216
78,NL0 16 0 solar,NL0 16,1,68.8,0.01,59329.06935292875,69599.92687591027,0.0,1691.4298225830848
78,NL0 17 0 solar,NL0 17,1,63.1,0.01,59329.06935292875,65394.03954021667,0.0,1589.8866005603036
78,NL0 18 0 solar,NL0 18,1,13.399999999999999,0.01,59329.06935292875,13705.304222902532,0.0,335.710111700008
78,NL0 19 0 solar,NL0 19,1,75.60000000000001,0.01,59329.06935292875,70863.94290967542,0.0,1815.0254919597055
78,NL0 2 0 solar,NL0 2,1,1109.1,0.01,59329.06935292875,1.0323424735205562e6,0.0,26402.661517956996
78,NL0 20 0 solar,NL0 20,1,331.2,0.01,59329.06935292875,320483.93176798767,0.0,7909.5604725700005
78,NL0 21 0 solar,NL0 21,1,40.5,0.01,59329.06935292875,41600.66565576048,0.0,1013.9430253950717
78,NL0 22 0 solar,NL0 22,1,263.3,0.01,59329.06935292875,260617.55609716475,0.0,6361.56546158242
78,NL0 23 0 solar,NL0 23,1,57.1,0.01,59329.06935292875,57564.46412102373,0.0,1403.2936270342718
78,NL0 24 0 solar,NL0 24,1,99.8,0.01,59329.06935292875,98258.96051930617,0.0,2393.4015185461817
78,NL0 25 0 solar,NL0 25,1,663.4,0.01,59329.06935292875,623417.0481376502,0.0,15835.542397299549
78,NL0 26 0 solar,NL0 26,1,156.2,0.01,59329.06935292875,154151.3282016009,0.0,3821.2856187503758
78,NL0 27 0 solar,NL0 27,1,103.1,0.01,59329.06935292875,107361.95522086935,0.0,2649.1257341788905
78,NL0 28 0 solar,NL0 28,1,105.3,0.01,59329.06935292875,100355.16709245981,0.0,2489.1644574964166
78,NL0 3 0 solar,NL0 3,1,84.5,0.01,59329.06935292875,85165.20527245206,0.0,2070.9188767275286
78,NL0 30 0 solar,NL0 30,1,3.6,0.01,59329.06935292875,3668.2574639459576,0.0,89.82355962877534
78,NL0 31 0 solar,NL0 31,1,44.8,0.01,59329.06935292875,42321.02586653224,0.0,1072.8423780802711
78,NL0 4 0 solar,NL0 4,1,142.8,0.01,59329.06935292875,136790.37822099504,0.0,3403.277910451907
78,NL0 5 0 solar,NL0 5,1,351.7,0.01,59329.06935292875,342365.77060283633,0.0,8409.128930464909
78,NL0 6 0 solar,NL0 6,1,260.3,0.01,59329.06935292875,262068.44217328122,0.0,6427.157527688587
78,NL0 7 0 solar,NL0 7,1,553.2,0.01,59329.06935292875,550871.4655114004,0.0,13445.138753780626
78,NL0 8 0 solar,NL0 8,1,79.5,0.01,59329.06935292875,79242.76000531408,0.0,1927.2751274433406
78,NL0 9 0 solar,NL0 9,1,299.5,0.01,59329.06935292875,289172.5962436978,0.0,7188.544634543878
78,NL0 20 0 offwind-ac,NL0 20,1,578.0,0.015,59329.06935292875,2.089704257082107e6,0.0,59650.79597085986
78,NL0 27 0 offwind-ac,NL0 27,1,4583.0,0.015,59329.06935292875,1.8364927258024745e7,0.0,515218.38766308187
78,NL0 31 0 offwind-ac,NL0 31,1,600.0,0.015,59329.06935292875,2.344875426602943e6,0.0,63939.80995494072
78,NL0 32 0 offwind-ac,NL0 32,1,608.0,0.015,59329.06935292875,2.5122772306798655e6,0.0,69085.7188690924
78,NL0 7 0 offwind-ac,NL0 7,1,752.0,0.015,59329.06935292875,3.1154508015855406e6,0.0,84201.80408571602
78,NL0 0 0 onwind,NL0 0,1,59.0,0.015,59329.06935292875,141581.73699949784,0.0,4423.345107547118
78,NL0 1 0 onwind,NL0 1,1,75.0,0.015,59329.06935292875,144987.223672517,0.0,4593.637686692569
78,NL0 10 0 onwind,NL0 10,1,428.0,0.015,59329.06935292875,1.4291400869199415e6,0.0,42471.58939304397
78,NL0 11 0 onwind,NL0 11,1,21.0,0.015,59329.06935292875,40420.12081248227,0.0,1315.1354960731353
78,NL0 12 0 onwind,NL0 12,1,54.0,0.015,59329.06935292875,157750.11158850277,0.0,4717.86859099142
78,NL0 13 0 onwind,NL0 13,1,23.0,0.015,59329.06935292875,48363.22569676901,0.0,1532.6936103167989
78,NL0 14 0 onwind,NL0 14,1,61.0,0.015,59329.06935292875,204206.80020253593,0.0,5976.66177756561
78,NL0 15 0 onwind,NL0 15,1,52.0,0.015,59329.06935292875,110981.05180824435,0.0,3459.83022484125
78,NL0 17 0 onwind,NL0 17,1,27.0,0.015,59329.06935292875,77212.90743965164,0.0,2329.4259550095826
78,NL0 19 0 onwind,NL0 19,1,532.0,0.015,59329.06935292875,1.3460316067230038e6,0.0,41017.19814975102
78,NL0 2 0 onwind,NL0 2,1,472.8,0.015,59329.06935292875,1.0549214371896542e6,0.0,33873.35472152068
78,NL0 20 0 onwind,NL0 20,1,822.2,0.015,59329.06935292875,2.2296443636200447e6,0.0,67131.18298270687
78,NL0 21 0 onwind,NL0 21,1,36.0,0.015,59329.06935292875,104484.76563321071,0.0,3101.6955917413825
78,NL0 22 0 onwind,NL0 22,1,122.7,0.015,59329.06935292875,259097.50094449072,0.0,8047.864520903026
78,NL0 23 0 onwind,NL0 23,1,127.0,0.015,59329.06935292875,371375.7050556639,0.0,11229.762486020887
78,NL0 24 0 onwind,NL0 24,1,33.0,0.015,59329.06935292875,87218.32571815483,0.0,2728.3354574730815
78,NL0 27 0 onwind,NL0 27,1,21.6,0.015,59329.06935292875,74449.90450443185,0.0,2202.5045521535385
78,NL0 3 0 onwind,NL0 3,1,284.6,0.015,59329.06935292875,734639.6276889532,0.0,22664.84617897136
78,NL0 30 0 onwind,NL0 30,1,31.0,0.015,59329.06935292875,89651.5241641549,0.0,2676.352925641018
78,NL0 31 0 onwind,NL0 31,1,216.0,0.015,59329.06935292875,634984.0143862665,0.0,18848.536130615525
78,NL0 4 0 onwind,NL0 4,1,287.0,0.015,59329.06935292875,733311.6964016734,0.0,21856.209974886337
78,NL0 5 0 onwind,NL0 5,1,21.0,0.015,59329.06935292875,39673.86951389338,0.0,1242.8327460091973
78,NL0 6 0 onwind,NL0 6,1,35.0,0.015,59329.06935292875,65026.749012613116,0.0,2057.1490957578326
78,NL0 7 0 onwind,NL0 7,1,374.3,0.015,59329.06935292875,974864.6796991499,0.0,29413.85977667846
78,NL0 8 0 onwind,NL0 8,1,101.1,0.015,59329.06935292875,229603.3320273519,0.0,6869.504917655317
78,NL0 9 0 onwind,NL0 9,1,35.0,0.015,59329.06935292875,64634.206735854954,0.0,2080.6158677187896
79,NL0 0 CCGT,NL0 0,1,575.0,43.272866666666665,5472.580873014631,540923.5908802449,3.146734001983413e6,58383.12100176862
79,NL0 1 biomass,NL0 1,1,71.0,19.979914529914527,5472.580873014631,322772.0821956153,388553.2419840388,12212.0
79,NL0 1 waste,NL0 1,1,31.0,34.1135,5472.580873014631,69198.42877354372,169650.00706345355,4569.169607819758
79,NL0 10 CCGT,NL0 10,1,507.0,43.27286666666667,5472.580873014631,476953.49665440654,2.774598502618418e6,49179.0
79,NL0 10 waste,NL0 10,1,150.0,34.1135,5472.580873014631,334831.10696875985,820887.1309521947,22513.18205702258
79,NL0 11 CCGT,NL0 11,1,72.0,43.27286666666667,5472.580873014631,67733.04094500451,394025.8228570534,6912.0
79,NL0 11 biomass,NL0 11,1,20.0,19.979914529914527,5472.580873014631,90921.7132945395,109451.61746029262,3440.0
79,NL0 11 waste,NL0 11,1,50.0,34.1135,5472.580873014631,111610.36898958655,273629.04365073156,7459.7082861502
79,NL0 13 CCGT,NL0 13,1,50.0,43.27286666666667,5472.580873014631,47036.83398958648,273629.04365073156,4950.0
79,NL0 13 biomass,NL0 13,1,77.0,19.979914529914527,5472.580873014631,350048.59618397715,421388.72722212656,13170.758589916517
79,NL0 16 CCGT,NL0 16,1,268.0,43.27286666666667,5472.580873014631,252117.4301841834,1.4666516739679212e6,26890.633054567777
79,NL0 17 CCGT,NL0 17,1,107.0,43.27286666666667,5472.580873014631,100658.82473771503,585566.1534125655,10588.601090696895
79,NL0 18 CCGT,NL0 18,1,112.0,43.27286666666667,5472.580873014631,105362.50813667367,612929.0577776387,10706.569865798128
79,NL0 19 CCGT,NL0 19,1,523.0,53.04262929292929,5472.580873014631,286383.1175012115,2.862159796586652e6,11442.174094047412
79,NL0 19 biomass,NL0 19,1,49.0,19.979914529914527,5472.580873014631,222758.1975716218,268156.4627777169,8428.0
79,NL0 19 waste,NL0 19,1,36.0,34.1135,5472.580873014631,80359.4656725024,197012.9114285267,5292.0
79,NL0 2 CCGT,NL0 2,1,272.5,43.27286666666667,5472.580873014631,256350.74524324632,1.491278287896487e6,28122.391563687554
79,NL0 21 CCGT,NL0 21,1,85.0,43.27286666666667,5472.580873014631,79962.61778229693,465169.3742062436,8245.0
79,NL0 22 CCGT,NL0 22,1,100.0,43.27286666666667,5472.580873014631,94073.66797917294,547258.0873014631,10199.570235328867
79,NL0 22 biomass,NL0 22,1,500.0,19.979914529914527,5472.580873014631,2.2730428323634886e6,2.7362904365073154e6,88273.71740471426
79,NL0 23 CCGT,NL0 23,1,964.0,43.8530553226903,5472.580873014631,870323.5031578826,5.275567961586104e6,47693.60984839019
79,NL0 24 CCGT,NL0 24,1,684.0,67.50263035262032,5472.580873014631,184434.58658511762,3.7432453171420074e6,10714.131758202933
79,NL0 25 waste,NL0 25,1,54.0,34.1135,5472.580873014631,120539.19850875348,295519.36714279006,8004.1644678972
79,NL0 27 CCGT,NL0 27,1,984.0,43.27286666666667,5472.580873014631,925684.8929150619,5.385019579046397e6,105163.19369996879
79,NL0 27 biomass,NL0 27,1,22.0,19.979914529914527,5472.580873014631,100013.88462399351,120396.77920632188,3784.0
79,NL0 27 waste,NL0 27,1,71.2,34.1135,5472.580873014631,158933.1654411713,389647.75815864175,10518.404159071828
79,NL0 28 CCGT,NL0 28,1,144.0,43.27286666666667,5472.580873014631,135466.08189000902,788051.6457141069,13968.0
79,NL0 3 CCGT,NL0 3,1,1907.0,51.41762846054192,5472.580873014631,1.112405887359476e6,1.0436211724838901e7,58777.98064051037
79,NL0 3 biomass,NL0 3,1,22.0,19.979914529914527,5472.580873014631,100013.88462399351,120396.77920632188,3784.0
79,NL0 3 waste,NL0 3,1,108.0,34.1135,5472.580873014631,241078.39701750697,591038.7342855801,16031.45643258894
79,NL0 30 biomass,NL0 30,1,60.0,19.979914529914527,5472.580873014631,272765.1398836184,328354.8523808778,10320.0
79,NL0 31 CCGT,NL0 31,1,3341.0,85.4787109164719,5472.580873014631,9.228112823406963e-10,1.8283892696741883e7,23559.453978829108
79,NL0 5 CCGT,NL0 5,1,49.6,43.27286666666667,5472.580873014631,46660.53931766977,271440.0113015257,4711.999999999999
79,NL0 6 CCGT,NL0 6,1,1608.4,43.27286666666667,5472.580873014631,1.5130808757770178e6,8.802099076156734e6,160761.12046208553
79,NL0 7 CCGT,NL0 7,1,1398.0,43.6729395310492,5472.580873014631,1.2759987478403628e6,7.650668060474454e6,85506.53181069877
79,NL0 7 nuclear,NL0 7,1,515.0,27.322803680981593,5472.580873014631,1.7021457600712709e6,2.8183791496025347e6,84102.42124441595
79,NL0 7 waste,NL0 7,1,39.0,34.1135,5472.580873014631,87056.08781187765,213430.6540475706,5732.363288600355
79,NL0 8 CCGT,NL0 8,1,447.0,58.928107624263944,5472.580873014631,189520.23005298054,2.4462436502375402e6,8652.104303317297
79,NL0 8 biomass,NL0 8,1,36.0,19.979914529914527,5472.580873014631,163659.0839301714,197012.9114285267,6192.0
79,NL0 8 waste,NL0 8,1,157.0,34.1135,5472.580873014631,350456.55862730206,859195.197063297,23309.057164463156
79,NL0 9 biomass,NL0 9,1,20.0,19.979914529914527,5472.580873014631,90921.7132945395,109451.61746029262,3420.0
79,NL0 0 0 solar,NL0 0,1,144.0,0.01,59329.06935292875,143777.1718136401,0.0,3495.7738491645578
79,NL0 1 0 solar,NL0 1,1,291.5,0.01,59329.06935292875,279083.88681448676,0.0,6948.705449759602
79,NL0 10 0 solar,NL0 10,1,120.1,0.01,59329.06935292875,123510.80794349074,0.0,3035.911304769089
79,NL0 11 0 solar,NL0 11,1,436.4,0.01,59329.06935292875,411901.30587840657,0.0,10306.481755249355
79,NL0 12 0 solar,NL0 12,1,203.1,0.01,59329.06935292875,191990.80544541526,0.0,4820.92251154439
79,NL0 13 0 solar,NL0 13,1,473.2,0.01,59329.06935292875,452951.73890675174,0.0,11187.121113824795
79,NL0 14 0 solar,NL0 14,1,85.3,0.01,59329.06935292875,84067.00358636606,0.0,2087.7663698282927
79,NL0 15 0 solar,NL0 15,1,369.4,0.01,59329.06935292875,346685.285034427,0.0,8736.034836219216
79,NL0 16 0 solar,NL0 16,1,68.8,0.01,59329.06935292875,69599.92687591027,0.0,1691.4298225830848
79,NL0 17 0 solar,NL0 17,1,63.1,0.01,59329.06935292875,65394.03954021667,0.0,1589.8866005603036
79,NL0 18 0 solar,NL0 18,1,13.399999999999999,0.01,59329.06935292875,13705.304222902532,0.0,335.710111700008
79,NL0 19 0 solar,NL0 19,1,75.60000000000001,0.01,59329.06935292875,70863.94290967542,0.0,1815.0254919597055
79,NL0 2 0 solar,NL0 2,1,1109.1,0.01,59329.06935292875,1.0323424735205561e6,0.0,26402.661517956996
79,NL0 20 0 solar,NL0 20,1,331.2,0.01,59329.06935292875,320483.9317679877,0.0,7909.5604725700005
79,NL0 21 0 solar,NL0 21,1,40.5,0.01,59329.06935292875,41600.66565576048,0.0,1013.9430253950717
79,NL0 22 0 solar,NL0 22,1,263.3,0.01,59329.06935292875,260617.55609716475,0.0,6361.56546158242
79,NL0 23 0 solar,NL0 23,1,57.1,0.01,59329.06935292875,57564.46412102373,0.0,1403.2936270342718
79,NL0 24 0 solar,NL0 24,1,99.8,0.01,59329.06935292875,98258.96051930617,0.0,2393.4015185461817
79,NL0 25 0 solar,NL0 25,1,663.4,0.01,59329.06935292875,623417.0481376504,0.0,15835.542397299549
79,NL0 26 0 solar,NL0 26,1,156.2,0.01,59329.06935292875,154151.3282016009,0.0,3821.2856187503758
79,NL0 27 0 solar,NL0 27,1,103.1,0.01,59329.06935292875,107361.95522086936,0.0,2649.1257341788905
79,NL0 28 0 solar,NL0 28,1,105.3,0.01,59329.06935292875,100355.16709245981,0.0,2489.1644574964166
79,NL0 3 0 solar,NL0 3,1,84.5,0.01,59329.06935292875,85165.20527245209,0.0,2070.9188767275286
79,NL0 30 0 solar,NL0 30,1,3.6,0.01,59329.06935292875,3668.2574639459576,0.0,89.82355962877534
79,NL0 31 0 solar,NL0 31,1,44.8,0.01,59329.06935292875,42321.02586653224,0.0,1072.8423780802711
79,NL0 4 0 solar,NL0 4,1,142.8,0.01,59329.06935292875,136790.37822099504,0.0,3403.277910451907
79,NL0 5 0 solar,NL0 5,1,351.7,0.01,59329.06935292875,342365.7706028363,0.0,8409.128930464909
79,NL0 6 0 solar,NL0 6,1,260.3,0.01,59329.06935292875,262068.44217328122,0.0,6427.157527688587
79,NL0 7 0 solar,NL0 7,1,553.2,0.01,59329.06935292875,550871.4655114005,0.0,13445.138753780626
79,NL0 8 0 solar,NL0 8,1,79.5,0.01,59329.06935292875,79242.76000531408,0.0,1927.2751274433406
79,NL0 9 0 solar,NL0 9,1,299.5,0.01,59329.06935292875,289172.5962436978,0.0,7188.544634543878
79,NL0 20 0 offwind-ac,NL0 20,1,578.0,0.015,59329.06935292875,2.089704257082107e6,0.0,55044.42497085987
79,NL0 27 0 offwind-ac,NL0 27,1,4583.0,0.015,59329.06935292875,1.8364927258024745e7,0.0,508758.09757103526
79,NL0 31 0 offwind-ac,NL0 31,1,600.0,0.015,59329.06935292875,2.3448754266029424e6,0.0,65533.70995494073
79,NL0 32 0 offwind-ac,NL0 32,1,608.0,0.015,59329.06935292875,2.5122772306798655e6,0.0,70162.48686909239
79,NL0 7 0 offwind-ac,NL0 7,1,752.0,0.015,59329.06935292875,3.1154508015855406e6,0.0,86125.98456763808
79,NL0 0 0 onwind,NL0 0,1,59.0,0.015,59329.06935292875,141581.73699949784,0.0,4423.345107547118
79,NL0 1 0 onwind,NL0 1,1,75.0,0.015,59329.06935292875,144987.22367251694,0.0,4517.658299818789
79,NL0 10 0 onwind,NL0 10,1,428.0,0.015,59329.06935292875,1.4291400869199412e6,0.0,42899.58939304398
79,NL0 11 0 onwind,NL0 11,1,21.0,0.015,59329.06935292875,40420.12081248227,0.0,1307.6695123700767
79,NL0 12 0 onwind,NL0 12,1,54.0,0.015,59329.06935292875,157750.11158850274,0.0,4771.910600543067
79,NL0 13 0 onwind,NL0 13,1,23.0,0.015,59329.06935292875,48363.225696769005,0.0,1532.6220690771631
79,NL0 14 0 onwind,NL0 14,1,61.0,0.015,59329.06935292875,204206.80020253593,0.0,5915.66177756561
79,NL0 15 0 onwind,NL0 15,1,52.0,0.015,59329.06935292875,110981.05180824433,0.0,3566.2068649493503
79,NL0 17 0 onwind,NL0 17,1,27.0,0.015,59329.06935292875,77212.90743965164,0.0,2303.0576664619116
79,NL0 19 0 onwind,NL0 19,1,532.0,0.015,59329.06935292875,1.3460316067230038e6,0.0,42486.97601131978
79,NL0 2 0 onwind,NL0 2,1,472.8,0.015,59329.06935292875,1.0549214371896542e6,0.0,33882.00351157511
79,NL0 20 0 onwind,NL0 20,1,822.2,0.015,59329.06935292875,2.2296443636200447e6,0.0,69336.60955946345
79,NL0 21 0 onwind,NL0 21,1,36.0,0.015,59329.06935292875,104484.76563321071,0.0,3141.3564070712346
79,NL0 22 0 onwind,NL0 22,1,122.7,0.015,59329.06935292875,259097.50094449072,0.0,8070.768412036254
79,NL0 23 0 onwind,NL0 23,1,127.0,0.015,59329.06935292875,371375.7050556639,0.0,11093.175682684092
79,NL0 24 0 onwind,NL0 24,1,33.0,0.015,59329.06935292875,87218.32571815485,0.0,2695.335457473082
79,NL0 27 0 onwind,NL0 27,1,21.6,0.015,59329.06935292875,74449.90450443185,0.0,2094.507877365423
79,NL0 3 0 onwind,NL0 3,1,284.6,0.015,59329.06935292875,734639.6276889532,0.0,22726.28265135161
79,NL0 30 0 onwind,NL0 30,1,31.0,0.015,59329.06935292875,89651.52416415488,0.0,2692.1132215717694
79,NL0 31 0 onwind,NL0 31,1,216.0,0.015,59329.06935292875,634984.0143862665,0.0,19153.54699704878
79,NL0 4 0 onwind,NL0 4,1,287.0,0.015,59329.06935292875,733311.6964016735,0.0,22797.591441937933
79,NL0 5 0 onwind,NL0 5,1,21.0,0.015,59329.06935292875,39673.869513893376,0.0,1270.3927773915407
79,NL0 6 0 onwind,NL0 6,1,35.0,0.015,59329.06935292875,65026.749012613116,0.0,2126.9213407013876
79,NL0 7 0 onwind,NL0 7,1,374.3,0.015,59329.06935292875,974864.6796991499,0.0,30159.0744295002
79,NL0 8 0 onwind,NL0 8,1,101.1,0.015,59329.06935292875,229603.3320273519,0.0,7323.460787945647
79,NL0 9 0 onwind,NL0 9,1,35.0,0.015,59329.06935292875,64634.206735854954,0.0,2045.9686705959102
80,NL0 0 CCGT,NL0 0,1,575.0,43.272866666666665,5472.580873014623,540923.5908802445,3.146734001983408e6,58454.402458015684
80,NL0 1 biomass,NL0 1,1,71.0,19.979914529914527,5472.580873014623,322772.0821956153,388553.2419840382,12212.0
80,NL0 1 waste,NL0 1,1,31.0,34.1135,5472.580873014623,69198.42877354372,169650.00706345332,4650.0
80,NL0 10 CCGT,NL0 10,1,507.0,43.27286666666667,5472.580873014623,476953.4966544067,2.774598502618414e6,51358.72848167892
80,NL0 10 waste,NL0 10,1,150.0,34.1135,5472.580873014623,334831.10696875985,820887.1309521934,22260.50960920101
80,NL0 11 CCGT,NL0 11,1,72.0,43.27286666666667,5472.580873014623,67733.04094500453,394025.82285705284,6984.0
80,NL0 11 biomass,NL0 11,1,20.0,19.979914529914527,5472.580873014623,90921.71329453951,109451.61746029246,3440.0
80,NL0 11 waste,NL0 11,1,50.0,34.1135,5472.580873014623,111610.36898958655,273629.04365073115,7490.801336573379
80,NL0 13 CCGT,NL0 13,1,50.0,43.27286666666667,5472.580873014623,47036.833989586456,273629.04365073115,4876.053335576833
80,NL0 13 biomass,NL0 13,1,77.0,19.979914529914527,5472.580873014623,350048.59618397715,421388.727222126,13170.758589916517
80,NL0 16 CCGT,NL0 16,1,268.0,43.27286666666667,5472.580873014623,252117.43018418338,1.4666516739679188e6,26782.25835138555
80,NL0 17 CCGT,NL0 17,1,107.0,43.27286666666667,5472.580873014623,100658.824737715,585566.1534125647,10609.482190657178
80,NL0 18 CCGT,NL0 18,1,112.0,43.27286666666667,5472.580873014623,105362.50813667367,612929.0577776377,11002.550487178265
80,NL0 19 CCGT,NL0 19,1,523.0,53.04262929292929,5472.580873014623,286383.1175012115,2.8621597965866476e6,11442.174094047401
80,NL0 19 biomass,NL0 19,1,49.0,19.979914529914527,5472.580873014623,222758.1975716218,268156.4627777165,8428.0
80,NL0 19 waste,NL0 19,1,36.0,34.1135,5472.580873014623,80359.4656725024,197012.91142852642,5364.0
80,NL0 2 CCGT,NL0 2,1,272.5,43.27286666666667,5472.580873014623,256350.74524324617,1.4912782878964846e6,26705.0
80,NL0 21 CCGT,NL0 21,1,85.0,43.27286666666667,5472.580873014623,79962.61778229696,465169.3742062429,8083.887203499099
80,NL0 22 CCGT,NL0 22,1,100.0,43.27286666666667,5472.580873014623,94073.66797917288,547258.0873014623,9756.556741077477
80,NL0 22 biomass,NL0 22,1,500.0,19.979914529914527,5472.580873014623,2.2730428323634886e6,2.736290436507311e6,88253.71740471417
80,NL0 23 CCGT,NL0 23,1,964.0,43.8530553226903,5472.580873014623,870323.5031578825,5.275567961586096e6,47693.60984839019
80,NL0 24 CCGT,NL0 24,1,684.0,67.50263035262032,5472.580873014623,184434.58658511768,3.743245317142002e6,10714.131758202937
80,NL0 25 waste,NL0 25,1,54.0,34.1135,5472.580873014623,120539.19850875347,295519.36714278965,7924.9557498415825
80,NL0 27 CCGT,NL0 27,1,984.0,43.27286666666667,5472.580873014623,925684.8929150613,5.385019579046389e6,91533.50048728987
80,NL0 27 biomass,NL0 27,1,22.0,19.979914529914527,5472.580873014623,100013.88462399352,120396.7792063217,3784.0
80,NL0 27 waste,NL0 27,1,71.2,34.1135,5472.580873014623,158933.1654411713,389647.75815864117,10655.371387642957
80,NL0 28 CCGT,NL0 28,1,144.0,43.27286666666667,5472.580873014623,135466.08189000905,788051.6457141057,14957.098131370773
80,NL0 3 CCGT,NL0 3,1,1907.0,51.41762846054192,5472.580873014623,1.1124058873594762e6,1.0436211724838886e7,58777.98064051034
80,NL0 3 biomass,NL0 3,1,22.0,19.979914529914527,5472.580873014623,100013.88462399352,120396.7792063217,3784.0
80,NL0 3 waste,NL0 3,1,108.0,34.1135,5472.580873014623,241078.39701750694,591038.7342855793,15873.309896955681
80,NL0 30 biomass,NL0 30,1,60.0,19.979914529914527,5472.580873014623,272765.1398836184,328354.85238087736,10320.0
80,NL0 31 CCGT,NL0 31,1,3341.0,85.4787109164719,5472.580873014623,7.644427245546351e-10,1.8283892696741853e7,23559.45397882914
80,NL0 5 CCGT,NL0 5,1,49.6,43.27286666666667,5472.580873014623,46660.53931766978,271440.0113015253,4811.2
80,NL0 6 CCGT,NL0 6,1,1608.4,43.27286666666667,5472.580873014623,1.5130808757770187e6,8.80209907615672e6,172866.48310617247
80,NL0 7 CCGT,NL0 7,1,1398.0,43.6729395310492,5472.580873014623,1.2759987478403633e6,7.650668060474442e6,85506.53181069877
80,NL0 7 nuclear,NL0 7,1,515.0,27.322803680981593,5472.580873014623,1.7021457600712709e6,2.8183791496025305e6,84102.42124441595
80,NL0 7 waste,NL0 7,1,39.0,34.1135,5472.580873014623,87056.08781187765,213430.65404757028,5760.794723455847
80,NL0 8 CCGT,NL0 8,1,447.0,58.928107624263944,5472.580873014623,189520.23005298054,2.4462436502375365e6,8652.104303317292
80,NL0 8 biomass,NL0 8,1,36.0,19.979914529914527,5472.580873014623,163659.0839301714,197012.91142852642,6192.0
80,NL0 8 waste,NL0 8,1,157.0,34.1135,5472.580873014623,350456.55862730206,859195.1970632958,23449.76275994356
80,NL0 9 biomass,NL0 9,1,20.0,19.979914529914527,5472.580873014623,90921.71329453951,109451.61746029246,3440.0
80,NL0 0 0 solar,NL0 0,1,144.0,0.01,59329.06935292875,143777.1718136401,0.0,3495.7738491645578
80,NL0 1 0 solar,NL0 1,1,291.5,0.01,5472.580873014623,279083.8868144867,0.0,6948.705449759602
80,NL0 10 0 solar,NL0 10,1,120.1,0.01,5472.580873014623,123510.80794349074,0.0,3035.911304769089
80,NL0 11 0 solar,NL0 11,1,436.4,0.01,59329.06935292875,411901.3058784065,0.0,10306.481755249355
80,NL0 12 0 solar,NL0 12,1,203.1,0.01,59329.06935292875,191990.80544541523,0.0,4820.92251154439
80,NL0 13 0 solar,NL0 13,1,473.2,0.01,59329.06935292875,452951.73890675174,0.0,11187.121113824795
80,NL0 14 0 solar,NL0 14,1,85.3,0.01,59329.06935292875,84067.00358636606,0.0,2087.7663698282927
80,NL0 15 0 solar,NL0 15,1,369.4,0.01,59329.06935292875,346685.28503442707,0.0,8736.034836219216
80,NL0 16 0 solar,NL0 16,1,68.8,0.01,59329.06935292875,69599.92687591027,0.0,1691.4298225830848
80,NL0 17 0 solar,NL0 17,1,63.1,0.01,59329.06935292875,65394.03954021666,0.0,1589.8866005603036
80,NL0 18 0 solar,NL0 18,1,13.399999999999999,0.01,59329.06935292875,13705.30422290253,0.0,335.710111700008
80,NL0 19 0 solar,NL0 19,1,75.60000000000001,0.01,59329.06935292875,70863.94290967542,0.0,1815.0254919597055
80,NL0 2 0 solar,NL0 2,1,1109.1,0.01,5472.580873014623,1.0323424735205562e6,0.0,26402.661517956996
80,NL0 20 0 solar,NL0 20,1,331.2,0.01,59329.06935292875,320483.9317679877,0.0,7909.5604725700005
80,NL0 21 0 solar,NL0 21,1,40.5,0.01,5472.580873014623,41600.66565576047,0.0,1013.9430253950717
80,NL0 22 0 solar,NL0 22,1,263.3,0.01,59329.06935292875,260617.55609716478,0.0,6361.56546158242
80,NL0 23 0 solar,NL0 23,1,57.1,0.01,59329.06935292875,57564.46412102373,0.0,1403.2936270342718
80,NL0 24 0 solar,NL0 24,1,99.8,0.01,5472.580873014623,98258.96051930617,0.0,2393.4015185461817
80,NL0 25 0 solar,NL0 25,1,663.4,0.01,5472.580873014623,623417.0481376502,0.0,15835.542397299549
80,NL0 26 0 solar,NL0 26,1,156.2,0.01,59329.06935292875,154151.3282016009,0.0,3821.2856187503758
80,NL0 27 0 solar,NL0 27,1,103.1,0.01,59329.06935292875,107361.95522086935,0.0,2649.1257341788905
80,NL0 28 0 solar,NL0 28,1,105.3,0.01,59329.06935292875,100355.16709245981,0.0,2489.1644574964166
80,NL0 3 0 solar,NL0 3,1,84.5,0.01,59329.06935292875,85165.20527245209,0.0,2070.9188767275286
80,NL0 30 0 solar,NL0 30,1,3.6,0.01,59329.06935292875,3668.2574639459576,0.0,89.82355962877534
80,NL0 31 0 solar,NL0 31,1,44.8,0.01,59329.06935292875,42321.02586653224,0.0,1072.8423780802711
80,NL0 4 0 solar,NL0 4,1,142.8,0.01,5472.580873014623,136790.37822099504,0.0,3403.277910451907
80,NL0 5 0 solar,NL0 5,1,351.7,0.01,59329.06935292875,342365.7706028363,0.0,8409.128930464909
80,NL0 6 0 solar,NL0 6,1,260.3,0.01,59329.06935292875,262068.44217328122,0.0,6427.157527688587
80,NL0 7 0 solar,NL0 7,1,553.2,0.01,59329.06935292875,550871.4655114004,0.0,13445.138753780626
80,NL0 8 0 solar,NL0 8,1,79.5,0.01,59329.06935292875,79242.76000531408,0.0,1927.2751274433406
80,NL0 9 0 solar,NL0 9,1,299.5,0.01,5472.580873014623,289172.5962436978,0.0,7188.544634543878
80,NL0 20 0 offwind-ac,NL0 20,1,578.0,0.015,59329.06935292875,2.089704257082107e6,0.0,60162.61497085985
80,NL0 27 0 offwind-ac,NL0 27,1,4583.0,0.015,59329.06935292875,1.836492725802475e7,0.0,507924.961405052
80,NL0 31 0 offwind-ac,NL0 31,1,600.0,0.015,59329.06935292875,2.3448754266029424e6,0.0,65002.40995494072
80,NL0 32 0 offwind-ac,NL0 32,1,608.0,0.015,59329.06935292875,2.5122772306798655e6,0.0,70162.48686909239
80,NL0 7 0 offwind-ac,NL0 7,1,752.0,0.015,59329.06935292875,3.1154508015855406e6,0.0,85460.08856763809
80,NL0 0 0 onwind,NL0 0,1,59.0,0.015,5472.580873014623,141581.73699949784,0.0,4423.345107547118
80,NL0 1 0 onwind,NL0 1,1,75.0,0.015,59329.06935292875,144987.223672517,0.0,4667.56319817744
80,NL0 10 0 onwind,NL0 10,1,428.0,0.015,59329.06935292875,1.4291400869199412e6,0.0,42471.69295422898
80,NL0 11 0 onwind,NL0 11,1,21.0,0.015,59329.06935292875,40420.12081248227,0.0,1314.20493202581
80,NL0 12 0 onwind,NL0 12,1,54.0,0.015,59329.06935292875,157750.11158850274,0.0,4771.86859099142
80,NL0 13 0 onwind,NL0 13,1,23.0,0.015,59329.06935292875,48363.225696769005,0.0,1533.821584030776
80,NL0 14 0 onwind,NL0 14,1,61.0,0.015,59329.06935292875,204206.80020253593,0.0,6037.66177756561
80,NL0 15 0 onwind,NL0 15,1,52.0,0.015,5472.580873014623,110981.05180824433,0.0,3607.5251690491696
80,NL0 17 0 onwind,NL0 17,1,27.0,0.015,59329.06935292875,77212.90743965164,0.0,2336.7999221099003
80,NL0 19 0 onwind,NL0 19,1,532.0,0.015,59329.06935292875,1.3460316067230038e6,0.0,42486.97601131978
80,NL0 2 0 onwind,NL0 2,1,472.8,0.015,59329.06935292875,1.0549214371896542e6,0.0,33882.00351157511
80,NL0 20 0 onwind,NL0 20,1,822.2,0.015,59329.06935292875,2.2296443636200447e6,0.0,66372.24349088747
80,NL0 21 0 onwind,NL0 21,1,36.0,0.015,59329.06935292875,104484.76563321071,0.0,3213.115111693349
80,NL0 22 0 onwind,NL0 22,1,122.7,0.015,59329.06935292875,259097.5009444907,0.0,8315.637013623795
80,NL0 23 0 onwind,NL0 23,1,127.0,0.015,59329.06935292875,371375.7050556639,0.0,11093.175682684092
80,NL0 24 0 onwind,NL0 24,1,33.0,0.015,59329.06935292875,87218.32571815484,0.0,2695.335457473082
80,NL0 27 0 onwind,NL0 27,1,21.6,0.015,59329.06935292875,74449.90450443185,0.0,2202.5078773654227
80,NL0 3 0 onwind,NL0 3,1,284.6,0.015,5472.580873014623,734639.6276889532,0.0,22441.682651351606
80,NL0 30 0 onwind,NL0 30,1,31.0,0.015,59329.06935292875,89651.52416415488,0.0,2691.4901615173953
80,NL0 31 0 onwind,NL0 31,1,216.0,0.015,5472.580873014623,634984.0143862665,0.0,19153.54699704878
80,NL0 4 0 onwind,NL0 4,1,287.0,0.015,5472.580873014623,733311.6964016735,0.0,22809.434382000916
80,NL0 5 0 onwind,NL0 5,1,21.0,0.015,59329.06935292875,39673.869513893376,0.0,1241.5051087603822
80,NL0 6 0 onwind,NL0 6,1,35.0,0.015,59329.06935292875,65026.749012613116,0.0,2102.659965170825
80,NL0 7 0 onwind,NL0 7,1,374.3,0.015,5472.580873014623,974864.6796991499,0.0,30096.254487806586
80,NL0 8 0 onwind,NL0 8,1,101.1,0.015,59329.06935292875,229603.3320273519,0.0,7224.734174577976
80,NL0 9 0 onwind,NL0 9,1,35.0,0.015,59329.06935292875,64634.206735854954,0.0,2059.163373810739
